dataset	subject	session	task	run	task_grouped	fd_mean	fd_num	fd_perc	tsnr	snr	gsr_x	gsr_y	dvars_std	dvars_vstd	aor	aqi	gcor	size_t	fd_prop_gt02	fd_prop_gt05
friends	01	001	s01e02a		s01e	0.10530049529007235	23	4.872881355932203	34.320716857910156	2.580248985221417	0.000687255640514195	0.058629900217056274	1.0656666565817405	0.9959684065180469	0.0012592584745762714	0.007694427605932203	0.0084212	472		
friends	01	001	s01e02b		s01e	0.0899993426534154	3	0.635593220338983	38.29663848876953	2.583796481018851	0.0008614807156845927	0.058834437280893326	1.082381138428874	1.0058759471549885	0.0005303813559322034	0.004984000572033898	0.00937467	472		
friends	01	001	s01e06a		s01e	0.09577371044964629	7	1.4522821576763485	35.73839569091797	2.5850390550889455	-0.0004615756042767316	0.062203019857406616	1.0621631924324324	0.9992882038669441	0.0005284439834024896	0.006299059626556016	0.0145349	482		
friends	01	001	s01e06b		s01e	0.09559766373744982	14	2.904564315352697	35.594078063964844	2.591544054990573	0.000881163461599499	0.05862249433994293	1.0669339417255714	0.9962490108108107	0.0003688174273858922	0.006420891742738589	0.00715464	482		
friends	01	002	s01e03a		s01e	0.11054170168664179	40	7.952286282306163	32.05221939086914	2.6501274981998346	-0.00025230462779290974	0.05876734107732773	1.0634966089243034	0.9957678749402389	0.00152493041749503	0.009488813876739563	0.0191509	503		
friends	01	002	s01e03b		s01e	0.11079757470378651	38	7.5546719681908545	34.759857177734375	2.653261953284478	0.0006011969526298344	0.05861514061689377	1.1057428351992036	1.0165430483466136	0.0016181113320079526	0.0071058744135188865	0.0144776	503		
friends	01	002	s01e04a		s01e	0.09548634867320778	15	3.2051282051282053	35.9656982421875	2.6485591119396155	0.003357079578563571	0.05587587505578995	1.0798555133404715	0.9951980235546042	0.0004182264957264957	0.006201260427350427	0.0125781	468		
friends	01	002	s01e04b		s01e	0.14673734758630996	68	14.52991452991453	31.417369842529297	2.665796992863949	0.0030320093501359224	0.057307250797748566	1.09091307993576	1.0114604090149895	0.0026471581196581195	0.009688867799145297	0.0212296	468		
friends	01	003	s01e01a		s01e	0.11747656303102841	62	10.472972972972974	33.59097671508789	2.6578191074191664	0.003350640181452036	0.060651980340480804	1.0773299788663278	1.013462391725889	0.0011565878378378377	0.007394292483108108	0.0120437	592		
friends	01	003	s01e01b		s01e	0.1408124823790734	98	16.554054054054053	30.17681312561035	2.667480201115961	0.0037379723507910967	0.06017197296023369	1.0745684401861249	1.0144456005245353	0.0018184797297297298	0.010096619222972973	0.00972914	592		
friends	01	003	s01e05a		s01e	0.13345119530247115	88	18.0327868852459	32.270103454589844	2.6706087352138472	0.001229871646501124	0.06252094358205795	1.0629938541273103	1.0029668733059538	0.0010957581967213114	0.008431905286885245	0.0121924	488		
friends	01	003	s01e05b		s01e	0.10901203487591812	37	7.613168724279835	34.9635009765625	2.651838345008742	0.0028387485072016716	0.05784231796860695	1.0731917132371143	1.0099435996494837	0.0008748559670781894	0.006492797037037036	0.0101626	486		
friends	01	004	s01e07a		s01e	0.10692792786811425	39	7.910750507099391	36.04590606689453	2.6041706459714202	-0.00018823785649146885	0.06713228672742844	1.064870175772357	0.9907462805081305	0.0003404056795131846	0.006362998194726166	0.00840076	493		
friends	01	004	s01e07b		s01e	0.1661484770401644	94	19.066937119675455	27.05670166015625	2.600434557817778	0.004597925581037998	0.060526322573423386	1.0319476801016259	0.9730499568089432	0.001787849898580122	0.01415087730223124	0.0103673	493		
friends	01	004	s01e08a		s01e	0.09653144840780603	29	6.092436974789916	36.346153259277344	2.615111974836145	0.0050591276958584785	0.059179164469242096	1.096367254715789	1.014561232105263	0.0012496428571428574	0.0057949763025210085	0.0124675	476		
friends	01	004	s01e08b		s01e	0.10820690939886497	43	9.033613445378151	36.23469543457031	2.646637559604641	0.004333215765655041	0.061263978481292725	1.109787677557895	1.026618827031579	0.0019695798319327735	0.005957978802521008	0.0125686	476		
friends	01	004	s01e09a		s01e	0.11925717897964147	57	12.205567451820128	33.7762451171875	2.6555986120003174	0.0039685433730483055	0.06276077032089233	1.0908922901287543	1.0221443207296137	0.002418543897216274	0.00761363130620985	0.0134928	467		
friends	01	004	s01e09b		s01e	0.10079763198666786	34	7.264957264957265	34.70420837402344	2.6433846964627206	0.0038472707383334637	0.06046474352478981	1.08086536025696	1.0055994753104924	0.001261068376068376	0.00680259923076923	0.0193186	468		
friends	01	005	s01e10a		s01e	0.141175819705742	83	16.767676767676768	28.893978118896484	2.5746638391698844	-0.002785759512335062	0.05992063134908676	1.055806652206476	0.990318161093118	0.0021505858585858587	0.012268008545454545	0.018232	495		
friends	01	005	s01e10b		s01e	0.10916116511659056	28	5.645161290322581	33.28809356689453	2.582590564361586	-0.0015511669917032123	0.05931135267019272	1.0618603928888883	0.9797300051111111	0.0006157258064516129	0.0076625337500000005	0.0108301	496		
friends	01	005	s01e11a		s01e	0.20207810396033551	130	27.253668763102727	28.36825180053711	2.592750329782655	0.000638346653431654	0.059283893555402756	1.0861017797899164	1.01698033012605	0.003187316561844864	0.011576676457023061	0.0255254	477		
friends	01	005	s01e11b		s01e	0.17637133114708187	113	23.68972746331237	30.18699836730957	2.596260522558933	0.0021454431116580963	0.05881708115339279	1.0894340864705891	1.009227425189076	0.0025041719077568136	0.010037273815513628	0.0194488	477		
friends	01	006	s01e12a		s01e	0.10345504207403006	33	6.991525423728813	34.6490478515625	2.6271868469875033	-0.0023508286103606224	0.06317249685525894	1.0303826742462843	0.9651895780891719	0.0001729025423728814	0.007890038728813558	0.0137261	472		
friends	01	006	s01e12b		s01e	0.09842999126129015	26	5.520169851380042	35.511741638183594	2.6437573588740975	-0.0011884761042892933	0.06355898827314377	1.060137577234043	0.9951113731914892	0.0008562208067940554	0.0070520691719745225	0.00883052	471		
friends	01	006	s01e13a		s01e	0.11634130128104522	63	13.461538461538462	34.455665588378906	2.636747634988253	0.0024533686228096485	0.058586638420820236	1.0653883129978585	0.9928022535117775	0.000817008547008547	0.0070407005769230775	0.0177651	468		
friends	01	006	s01e13b		s01e	0.11233511303868655	57	12.205567451820128	34.8903694152832	2.6548333421797925	-0.00015892968804109842	0.06377074867486954	1.0905235184763948	1.0166568197424892	0.001410471092077088	0.006759286509635974	0.0171758	467		
friends	01	006	s01e14a		s01e	0.15279455003241402	119	24.236252545824847	33.005126953125	2.6545514427129246	0.002848836127668619	0.05860796943306923	1.087866502714285	1.0140236399591842	0.0018463340122199592	0.008071873197556008	0.0194447	491		
friends	01	006	s01e14b		s01e	0.11597446118075028	67	13.64562118126273	34.644412994384766	2.644055433458259	0.00315677747130394	0.05899927392601967	1.072141048183674	1.0011817247142853	0.0006401018329938899	0.007114600122199593	0.0167077	491		
friends	01	007	s01e15a		s01e	0.1373326102483758	96	20.12578616352201	32.98701477050781	2.588625456126585	0.000857560895383358	0.060365788638591766	1.0475766989285715	0.9833639712815129	0.0005460377358490566	0.007745976561844863	0.0292637	477		
friends	01	007	s01e15b		s01e	0.1710479715474856	129	27.044025157232703	31.13698387145996	2.62367727510778	-0.0016198863741010427	0.06757916510105133	1.0925186531932773	1.0386787785714284	0.003510964360587002	0.009586741614255765	0.0245174	477		
friends	01	007	s01e16a		s01e	0.120214074786048	78	16.149068322981368	34.77079391479492	2.6304764252131614	0.0001728321803966537	0.06631852686405182	1.0658631376763492	1.0058369813900419	0.001177743271221532	0.0068570710973084896	0.0163255	483		
friends	01	007	s01e16b		s01e	0.11946983573517263	76	15.734989648033126	33.656185150146484	2.6304933908979944	-0.0009347791783511639	0.06734853237867355	1.0572026795850633	1.000084393962656	0.000734368530020704	0.007434225320910972	0.0151715	483		
friends	01	007	s01e17a		s01e	0.10943697442685286	62	12.836438923395445	33.98484420776367	2.6332595232392526	0.0005095567903481424	0.06622453033924103	1.0583749042116193	1.0040555154149375	0.001151801242236025	0.007425820103519669	0.0182895	483		
friends	01	007	s01e17b		s01e	0.11380402093755687	60	12.422360248447205	30.256420135498047	2.6254301400316473	0.0033396442886441946	0.057269226759672165	1.0315794388381745	0.987224878174274	0.0010783643892339546	0.010765783498964804	0.0103923	483		
friends	01	008	s01e18a		s01e	0.11633429146271596	46	9.274193548387096	36.72625732421875	2.6413733775387582	-0.0010796714341267943	0.06386245787143707	1.0317818330101005	0.9934316142424243	0.0002638508064516129	0.005568134818548388	0.0119575	496		
friends	01	008	s01e18b		s01e	0.1137449631579445	43	8.651911468812877	35.462806701660156	2.627469454658526	0.00026526188594289124	0.06313405930995941	1.0302589457459679	0.9943834373387099	0.0003941649899396379	0.006250082877263582	0.0115161	497		
friends	01	008	s01e19a		s01e	0.08376179914877666	11	2.391304347826087	38.560115814208984	2.627765313742935	0.00030742434319108725	0.06180982664227486	1.0387919454030505	0.9988267216775604	0.0003478478260869566	0.004904591043478262	0.0118016	460		
friends	01	008	s01e19b		s01e	0.09490520189129364	10	2.1739130434782608	34.77056121826172	2.646758405142847	-0.00041260768193751574	0.06359691172838211	1.0222595450326786	0.9894395080827881	0.0004972173913043478	0.007194952304347827	0.00890536	460		
friends	01	009	s01e20a		s01e	0.10968998517429539	51	11.08695652173913	35.996337890625	2.583068255480848	-0.003305193269625306	0.06695737689733505	1.0839356720479307	1.012161472069717	0.0014477391304347825	0.006308967434782608	0.0118664	460		
friends	01	009	s01e20b		s01e	0.10530700292921154	43	9.347826086956522	35.109474182128906	2.5850775427355632	-0.0026498816441744566	0.06653642654418945	1.0895602003703708	1.0108156836383442	0.0009950434782608696	0.006742330456521739	0.013186	460		
friends	01	009	s01e21a		s01e	0.12508990286244068	46	9.643605870020965	33.8634147644043	2.5936932169052667	-0.0021411573980003595	0.06584849953651428	1.0914582627100846	1.0101580178571425	0.0017840041928721174	0.007820750461215933	0.00952676	477		
friends	01	009	s01e21b		s01e	0.0953403019698952	19	3.9832285115303985	38.342201232910156	2.594899812091299	-0.0005279738688841462	0.0628100037574768	1.0929918233613456	1.0034678410294118	0.00037215932914046125	0.005101349685534591	0.00976839	477		
friends	01	009	s01e22a		s01e	0.10646881009547532	23	4.862579281183932	34.99590301513672	2.5946941981763714	-0.0009841107530519366	0.06574349105358124	1.0824318126483048	0.9956867941313559	0.0005197463002114165	0.00674337177589852	0.00678229	473		
friends	01	009	s01e22b		s01e	0.09893114189686604	11	2.320675105485232	36.85986328125	2.597947261668718	0.0009809003677219152	0.06057996302843094	1.0897162543340373	1.004615361818182	0.0004653797468354431	0.005609761772151899	0.0095956	474		
friends	01	010	s01e23a		s01e	0.12952732197109215	62	13.41991341991342	32.94293975830078	2.5834264318458073	0.003529918845742941	0.06194038316607475	1.0710689788503256	1.0302546361605205	0.0025044805194805197	0.008492961796536797	0.00969549	462		
friends	01	010	s01e23b		s01e	0.11243278304710196	24	5.206073752711497	36.88758087158203	2.575267718943481	0.0032886045519262552	0.06121492013335228	1.0686169676956523	1.0017833598913044	0.0005439696312364425	0.0058135984164859	0.00761164	461		
friends	01	010	s01e24a		s01e	0.1181017710505565	33	6.407766990291262	36.52830123901367	2.5757740359673664	0.004419983830302954	0.060796480625867844	1.040923724474709	0.983924985350194	0.0003461359223300971	0.0063261946990291265	0.00401241	515		
friends	01	010	s01e24b		s01e	0.12614646418216116	42	8.155339805825243	34.73699951171875	2.5941351959576213	0.003806615248322487	0.060514532029628754	1.0528103109338518	1.0020992926459138	0.0005374563106796117	0.007284478893203883	0.00629281	515		
friends	01	010	s02e01a		s02e	0.13368001050741588	65	13.626834381551364	34.01586151123047	2.5949454001639554	0.004544208291918039	0.06262745708227158	1.0747749353571432	1.0284011165546216	0.0018952410901467507	0.007469832536687631	0.00480181	477		
friends	01	010	s02e01b		s02e	0.14468731355795145	77	16.142557651991613	31.66118621826172	2.608152739665877	0.007776447106152773	0.05689682066440582	1.0406228544117653	0.9971822590126053	0.0009915303983228513	0.009274636729559747	0.00709127	477		
friends	01	011	s02e02a		s02e	0.12063497332630803	43	9.57683741648107	36.42647933959961	2.6044700290919076	0.003899879287928343	0.06408117711544037	1.0681281237053561	1.071737772477679	0.0007721603563474388	0.006366077327394209	0.0154127	449		
friends	01	011	s02e02b		s02e	0.11500520558233618	23	5.122494432071269	36.048622131347656	2.615678583581278	0.004132158122956753	0.06328823417425156	1.0533577708482147	0.9913496257589293	0.000534966592427617	0.0066660307572383075	0.00943872	449		
friends	01	011	s02e03a		s02e	0.10413058775231841	19	4.094827586206897	37.365440368652344	2.621486329154377	0.003925895318388939	0.0647897869348526	1.0752646559395242	1.0116761459179262	0.0011273491379310344	0.00596902963362069	0.00681181	464		
friends	01	011	s02e03b		s02e	0.11469969881589884	33	7.1274298056155505	35.94983673095703	2.6260673760264575	0.00399728212505579	0.0646042600274086	1.056825422965368	0.9986435774675336	0.0006119006479481642	0.006470743563714903	0.010355	463		
friends	01	011	s02e04a		s02e	0.12070666328648344	37	8.14977973568282	33.57073211669922	2.5890703689094474	0.004025362432003021	0.06338021159172058	1.0514391728918324	1.001032355629139	0.001180374449339207	0.008180194889867841	0.00505045	454		
friends	01	011	s02e04b		s02e	0.12702110872576033	50	11.037527593818984	32.60497283935547	2.6043146817797145	0.004152537789195776	0.06539758294820786	1.0610174296017707	1.00497297261062	0.001357262693156733	0.008805450838852097	0.00594933	453		
friends	01	011	s02e05a		s02e	0.13597788375484446	62	13.626373626373626	29.742822647094727	2.6166881555251065	0.007496104575693607	0.0628887489438057	1.0308023789427307	0.9859841171365645	0.0016491648351648353	0.011127555384615384	0.00601113	455		
friends	01	011	s02e05b		s02e	0.1097559482228434	26	5.726872246696035	33.9012565612793	2.609964542311331	0.005215062759816647	0.06435080617666245	1.0504922793598244	0.9929487941942596	0.0005681057268722468	0.008027796211453744	0.00732786	454		
friends	01	012	s02e06a		s02e	0.14762835360938487	92	18.43687374749499	32.17765426635742	2.6044325754656787	0.0037708638701587915	0.06646562367677689	1.0585721427911645	1.0053364025702818	0.0012800200400801603	0.009701832605210422	0.00917687	499		
friends	01	012	s02e06b		s02e	0.12037584441447512	54	10.8	35.73161315917969	2.589233507016657	0.004105814266949892	0.06624232977628708	1.0868240064929853	1.0081212902605217	0.00095626	0.006841158	0.00952501	500		
friends	01	012	s02e07a		s02e	0.15306919523078263	80	16.129032258064516	32.18939971923828	2.592756917907914	0.006559376604855061	0.06402968615293503	1.0936519157373732	1.0147840588282822	0.002628729838709678	0.009461051431451612	0.0149776	496		
friends	01	012	s02e07b		s02e	0.1304500908858096	64	12.903225806451612	31.7705020904541	2.61689014883633	0.00655879732221365	0.0650983452796936	1.0287998620606063	0.9782695753333333	0.0009144556451612903	0.010114470120967741	0.00972118	496		
friends	01	013	s02e08a		s02e	0.16518349913926914	136	29.759299781181618	27.928327560424805	2.556884446010991	0.008801140822470188	0.0597209706902504	1.0084950261403511	0.9696467025438598	0.001472210065645514	0.013200632319474838	0.00523213	457		
friends	01	013	s02e08b		s02e	0.16071606122742285	107	23.362445414847162	31.010726928710938	2.560770101729938	0.010007374919950962	0.06006775423884392	1.0853797448358853	1.0418086907658646	0.004153144104803493	0.009705781899563318	0.0120998	458		
friends	01	013	s02e09a		s02e	0.12444421841262743	54	11.946902654867257	32.519264221191406	2.57522856836888	0.009535460732877254	0.059969790279865265	1.0391829314634147	1.1778410859423498	0.0010161725663716816	0.008235909690265487	0.00716202	452		
friends	01	013	s02e09b		s02e	0.12127725517555893	46	10.176991150442477	33.4600830078125	2.564118178635556	0.009735818952322006	0.059809982776641846	1.0718599038802656	1.0272056479379155	0.002196305309734513	0.007850522831858407	0.00877167	452		
friends	01	013	s02e10a		s02e	0.10484224090728622	16	3.3402922755741127	35.88727569580078	2.5682556672643146	0.010633626952767372	0.060841191560029984	1.05544039669456	1.000986135878661	0.0006073068893528184	0.006617747995824635	0.00865087	479		
friends	01	013	s02e10b		s02e	0.10589737857405748	22	4.592901878914405	34.86565399169922	2.5534742922444456	0.0101812444627285	0.06107618287205696	1.0355999734728036	0.9862398894979079	0.000385929018789144	0.007099259415448852	0.00817695	479		
friends	01	014	s02e11a		s02e	0.13481962125563507	63	12.90983606557377	30.08992576599121	2.584626284728863	0.007036228198558092	0.06434354186058044	1.0163778618069828	0.983140053819302	0.001517172131147541	0.01102164387295082	0.0131309	488		
friends	01	014	s02e11b		s02e	0.12239696605618869	59	12.09016393442623	33.48218536376953	2.5926103086628776	0.006737314164638519	0.06266778707504272	1.0576841775154013	1.0008685179876797	0.0009081557377049181	0.007993057663934426	0.0127647	488		
friends	01	014	s02e12a		s02e	0.1303990331814338	50	10.245901639344263	30.604394912719727	2.602841821777355	0.007644612807780504	0.05946769192814827	1.0728310985420948	1.027347822669405	0.0031975409836065573	0.010493667172131148	0.0106142	488		
friends	01	014	s02e12b		s02e	0.14765645895214127	70	14.344262295081966	28.768184661865234	2.5758578275827664	0.009328433312475681	0.0570056214928627	1.0621934537166327	1.0139351335934286	0.0028570696721311475	0.011853681106557377	0.0140335	488		
friends	01	014	s02e13a		s02e	0.11012786381700755	35	7.172131147540983	33.7957878112793	2.6043631072749607	0.007882202975451946	0.05910103768110275	1.0903282250718678	1.04508072047228	0.0028528893442622953	0.007763813176229507	0.00798972	488		
friends	01	014	s02e13b		s02e	0.12331048147080989	56	11.498973305954825	31.03119659423828	2.596890612018992	0.006847051903605461	0.06385249644517899	1.0376790683127584	0.9885102174897105	0.0009072689938398357	0.010342025256673512	0.00680148	487		
friends	01	015	s02e14a		s02e	0.13370535949537726	59	12.447257383966244	33.86081314086914	2.571320121527459	0.002442600904032588	0.06318864971399307	1.058314006892178	1.0024472469344614	0.0010187974683544304	0.007848043248945148	0.00777712	474		
friends	01	015	s02e14b		s02e	0.13965366015542224	72	15.189873417721518	32.01267623901367	2.573175920168232	0.003234634641557932	0.0636833980679512	1.0432928391543341	0.9961178804016914	0.001285675105485232	0.009551538037974684	0.00812244	474		
friends	01	015	s02e15a		s02e	0.1495723390471233	100	21.459227467811157	30.033340454101562	2.5854489734261237	0.005989644210785627	0.063454769551754	1.0502063337634415	1.0007862028172048	0.0015427682403433478	0.010662784549356224	0.0090507	466		
friends	01	015	s02e15b		s02e	0.15479709368540157	109	23.390557939914164	32.793949127197266	2.5844981719935185	0.0063585941679775715	0.05955293029546738	1.103323538666667	1.0469403735053768	0.0025219098712446347	0.008036651072961374	0.00740549	466		
friends	01	016	s02e16a		s02e	0.11767195340795174	33	6.903765690376569	28.642362594604492	2.565699691137231	0.009103735908865929	0.057072050869464874	1.050249102683439	0.9836752289517824	0.0013937238493723846	0.01281026658995816	0.0108312	478		
friends	01	016	s02e16b		s02e	0.12441458601783305	37	7.7405857740585775	29.190561294555664	2.5851836548290184	0.011828477494418621	0.05672192946076393	1.0846402392033543	1.7891926081970653	0.002387426778242678	0.011565893054393307	0.00988673	478		
friends	01	016	s02e17a		s02e	0.11096210866185122	37	7.566462167689162	31.074676513671875	2.5742144675678302	0.009965789504349232	0.05836672708392143	1.0747546574385245	0.9948129926229501	0.001198875255623722	0.010146436605316972	0.0112015	489		
friends	01	016	s02e17b		s02e	0.10449802743066375	24	4.9079754601226995	32.66151428222656	2.576710026521186	0.009763295762240887	0.05537405237555504	1.0749621612295077	0.991059841270492	0.0008738036809815952	0.009223137280163598	0.00686844	489		
friends	01	017	s02e18a		s02e	0.09371287121646592	17	3.6956521739130435	35.73457717895508	2.6159408126913526	0.0030763917602598667	0.0607575848698616	1.0881937433986932	0.9887511588235302	0.00036958695652173913	0.0072399672608695655	0.0146128	460		
friends	01	017	s02e18b		s02e	0.1055493148356263	32	6.956521739130435	35.66496276855469	2.6129513431757676	0.004280564375221729	0.062317635864019394	1.087666685076253	0.9914765318300653	0.0006150869565217391	0.00720937452173913	0.0213609	460		
friends	01	017	s02e19a		s02e	0.1168258377469747	48	10.0418410041841	34.08890914916992	2.6194717527534026	0.0029119811952114105	0.06417322158813477	1.1008118916142555	1.0054177093291412	0.0011687238493723851	0.008105445062761507	0.0153167	478		
friends	01	017	s02e19b		s02e	0.09604413030734926	17	3.5564853556485354	33.68827438354492	2.5752527914987824	0.007318152580410242	0.052133429795503616	1.0984450271278834	0.994827390691824	0.0008076987447698744	0.00832345328451883	0.0104943	478		
friends	01	017	s02e20a		s02e	0.12989738822284194	48	10.690423162583519	28.452932357788086	2.6180090478066065	0.0050673773512244225	0.06241920217871666	1.0379438499107148	0.9603244030580365	0.0008310690423162583	0.01404433456570156	0.00841688	449		
friends	01	017	s02e20b		s02e	0.12662318076864895	53	11.804008908685969	29.653343200683594	2.6028669682089793	0.0049995421431958675	0.061181530356407166	1.0554206892633926	1.0436119445312504	0.000767728285077951	0.012640644231625834	0.00932198	449		
friends	01	017	s02e21a		s02e	0.1233750532924129	55	11.702127659574469	29.581518173217773	2.622322650585502	0.005196008365601301	0.06037198379635811	1.0624917211300648	0.9780863893176974	0.0008094893617021277	0.013156806340425532	0.00682445	470		
friends	01	017	s02e21b		s02e	0.13506875855390568	54	11.48936170212766	29.37590789794922	2.5869679783314203	0.0076707894913852215	0.05699848011136055	1.0977459457995737	1.0128862114285717	0.0024613191489361707	0.012171515936170213	0.0173485	470		
friends	01	017	s02e22a		s02e	0.1125348328558842	50	11.037527593818984	31.053775787353516	2.594939048896507	0.004234159365296364	0.06469563394784927	1.0632528542699116	0.9774788463938049	0.0004988300220750552	0.010968240662251653	0.0103276	453		
friends	01	017	s02e22b		s02e	0.17858915675633596	107	23.620309050772626	27.782697677612305	2.592534599482775	0.0075257206335663795	0.06047017499804497	1.0977218299557514	1.0122066556415936	0.0030794260485651212	0.013975010132450331	0.0173931	453		
friends	01	018	s02e23a		s02e	0.12130213451588549	19	4.166666666666667	33.252044677734375	2.5611848675680196	0.00582545530050993	0.05981879308819771	1.0320369637802194	0.987158434197803	0.0009726535087719298	0.008115530921052631	0.00742179	456		
friends	01	018	s02e23b		s02e	0.12418778144468196	26	5.701754385964913	34.2239990234375	2.5530240064126484	0.00420562457293272	0.06167696416378021	1.0566221341758244	1.0148449812087907	0.0021529605263157893	0.007301948179824562	0.00505135	456		
friends	01	018	s02e24a		s02e	0.1290570298733052	48	10.23454157782516	29.95549201965332	2.603006384267915	0.006970870308578014	0.061601851135492325	1.0198480334401703	0.9730854021794864	0.0006821748400852878	0.011461837441364607	0.00633875	469		
friends	01	018	s02e24b		s02e	0.143695689879239	67	14.285714285714286	27.181516647338867	2.5753022320721377	0.00947018712759018	0.057597242295742035	1.0056201730341892	0.9606432168376061	0.0008015991471215352	0.013983527739872069	0.00597236	469		
friends	01	019	s03e01a		s03e	0.10262507995576751	22	4.480651731160896	30.933916091918945	2.5799461093817975	0.0034840507432818413	0.06004555895924568	1.0225150572653061	0.9656304301836734	0.0005397556008146639	0.011069274256619143	0.00552393	491		
friends	01	019	s03e01b		s03e	0.13317871076881518	76	15.478615071283096	32.097415924072266	2.5875281794503	0.004383785184472799	0.060282472521066666	1.0691168082857143	1.0008294679591843	0.001195234215885947	0.009337793238289207	0.00843751	491		
friends	01	019	s03e02a		s03e	0.10806831991661839	22	4.631578947368421	35.40392303466797	2.5979923549729333	0.006120707839727402	0.06112704053521156	1.0827573370675105	1.013289089852321	0.0011733684210526315	0.006848404168421053	0.0108319	475		
friends	01	019	s03e02b		s03e	0.13431560317114283	56	11.789473684210526	27.082199096679688	2.61085557653375	0.004152822773903608	0.0617673434317112	1.0076475715822788	0.9555543699578066	0.0006979157894736841	0.015156200884210524	0.00493154	475		
friends	01	019	s03e03a		s03e	0.11100912910853875	36	7.929515418502203	32.66929626464844	2.5923190124072724	0.004424388520419598	0.060189247131347656	1.0788363017218552	1.0349449954966894	0.0024766299559471367	0.008952435044052864	0.0118084	454		
friends	01	019	s03e03b		s03e	0.11949104198848515	30	6.607929515418502	33.38705062866211	2.602163537454735	0.004610561765730381	0.06063806638121605	1.0839259570419433	1.018634097924944	0.0017894933920704849	0.008377678502202644	0.00791623	454		
friends	01	020	s03e04a		s03e	0.12968591681982106	56	11.839323467230445	31.360774993896484	2.5564712819066227	0.007397204637527466	0.057707738131284714	1.0245919248940678	0.9793097055084748	0.0006585200845665962	0.00997526023255814	0.0094873	473		
friends	01	020	s03e04b		s03e	0.1304827374355309	68	14.376321353065538	31.946998596191406	2.5908194270076303	0.005346149671822786	0.06286182254552841	1.0484884138559318	0.9951133534957631	0.0012803171247357296	0.009845634799154334	0.00939304	473		
friends	01	020	s03e05a		s03e	0.12445575330009123	39	8.057851239669422	33.56397247314453	2.597913077736945	0.012115922756493092	0.057731207460165024	1.0622973235403725	0.9934812078467905	0.0009101446280991735	0.008342333842975207	0.00773235	484		
friends	01	020	s03e05b		s03e	0.1373391571881639	45	9.316770186335404	29.22895622253418	2.600617643148878	0.011277480982244015	0.06045610085129738	1.0540233895020747	0.9910719691908718	0.0015156935817805385	0.012349964927536232	0.00931736	483		
friends	01	020	s03e06a		s03e	0.13470723677353957	56	11.914893617021276	33.42292404174805	2.634698044615552	0.011910593137145042	0.059882428497076035	1.0946351837313435	1.0139246211300643	0.001733212765957447	0.00869202370212766	0.00765706	470		
friends	01	020	s03e06b		s03e	0.14382172322478762	73	15.53191489361702	28.387454986572266	2.615191422639723	0.012219659984111786	0.058422982692718506	1.0571282736247334	1.0039461905330482	0.0012738936170212766	0.012426658340425532	0.0123602	470		
friends	01	021	s03e07a		s03e	0.1344783484331748	69	14.775160599571734	30.021411895751953	2.614714879815273	0.0023957761004567146	0.06805100291967392	1.0212625496351924	0.9701694849785396	0.0006204710920770879	0.012761625353319057	0.0101197	467		
friends	01	021	s03e07b		s03e	0.12677050079589153	54	11.563169164882227	31.480180740356445	2.6226480133839996	0.0032513621263206005	0.06791955977678299	1.0467407727897	0.9830738385836916	0.0007786723768736616	0.010815617451820126	0.00933615	467		
friends	01	021	s03e08a		s03e	0.1138417021423717	41	8.91304347826087	34.76462173461914	2.630563553493783	0.003522563725709915	0.06785164028406143	1.0828833867102394	1.0007852860130722	0.0008312173913043477	0.007730192065217392	0.0114262	460		
friends	01	021	s03e08b		s03e	0.1349570130529868	63	13.695652173913043	32.14356231689453	2.6585445348350722	0.0062567805871367455	0.06543272733688354	1.0826310239433554	0.9902382524400871	0.0007678695652173912	0.010231193152173912	0.0161373	460		
friends	01	021	s03e09a		s03e	0.14725388994152927	88	17.849898580121703	28.952913284301758	2.593727234342735	0.0026980203110724688	0.06655517965555191	1.0730002989837404	0.9968768603861778	0.0018547464503042592	0.01289139612576065	0.0113519	493		
friends	01	021	s03e09b		s03e	0.1408299005896736	81	16.430020283975658	30.554039001464844	2.583912009018387	0.007765269372612238	0.0595184862613678	1.115581783414633	1.0233205683333337	0.002508722109533469	0.010328488803245434	0.0141279	493		
friends	01	022	s03e10a		s03e	0.12783195983089163	67	14.855875831485587	30.964441299438477	2.5610788856285898	0.005631419364362955	0.06165419891476631	1.0374852312666667	0.992056744977778	0.0015185144124168516	0.00992725638580931	0.00977722	451		
friends	01	022	s03e10b		s03e	0.11581602000799772	39	8.647450110864744	30.36739730834961	2.5533277784301642	0.006239911075681448	0.06171660125255585	1.0526853526444437	0.9871443280444451	0.001058270509977827	0.010731585232815966	0.00830535	451		
friends	01	022	s03e11a		s03e	0.12405511886168177	55	12.035010940919037	28.83530044555664	2.5462228401604006	0.008115268312394619	0.05964721739292145	1.0331522116666663	0.9683977663157901	0.0016019037199124727	0.01313020870897155	0.00934228	457		
friends	01	022	s03e11b		s03e	0.14699053860404	70	15.350877192982455	27.941925048828125	2.601418767544494	0.002286717062816024	0.06602273881435394	1.0200396597802195	0.9646753229230765	0.001035657894736842	0.015164757916666669	0.0124853	456		
friends	01	022	s03e12a		s03e	0.12763670336623936	58	12.5	31.284259796142578	2.5981500860998636	0.0050470950081944466	0.06398200988769531	1.0645873626133913	0.9928253789848812	0.0012864439655172414	0.010679265237068965	0.00820679	464		
friends	01	022	s03e12b		s03e	0.15751362636988642	87	18.75	28.313533782958984	2.6025460120619774	0.009226594120264053	0.0576707199215889	1.051950298358531	0.9801668223974084	0.0020229525862068966	0.014108479137931033	0.0112961	464		
friends	01	023	s03e13a		s03e	0.14209018765456638	82	17.33615221987315	29.385845184326172	2.5751068834220305	0.0063536581583321095	0.061992861330509186	1.0159577608262718	0.9701858835805084	0.0006333403805496828	0.01207212515856237	0.0092573	473		
friends	01	023	s03e13b		s03e	0.13466882626757778	75	15.856236786469344	30.08411979675293	2.606852711615483	0.00711408955976367	0.06635062396526337	1.0292590009957636	0.9882122520762701	0.0012356236786469346	0.011282141860465117	0.00802537	473		
friends	01	023	s03e14a		s03e	0.14234811040047232	84	18.34061135371179	30.8797550201416	2.596179033773775	0.012362223118543625	0.05693662166595459	1.0359956774835886	0.9890416868708961	0.0010093231441048037	0.010387259366812228	0.0121603	458		
friends	01	023	s03e14b		s03e	0.11824098588304675	34	7.423580786026201	33.316864013671875	2.635416605439045	0.008024989627301693	0.06652184575796127	1.0548939689934345	0.9986310844857762	0.0007329039301310045	0.008572210873362445	0.00868556	458		
friends	01	024	s03e15a		s03e	0.11626843355862529	32	6.986899563318778	28.209800720214844	2.542356942678624	0.008049068041145802	0.05664626881480217	1.0365107054485776	0.9767100636542677	0.002260240174672489	0.01391652174672489	0.00770296	458		
friends	01	024	s03e15b		s03e	0.12246230735014585	48	10.480349344978166	31.40666389465332	2.530660075266481	0.007403308525681496	0.05712829530239105	1.08265682606127	1.0094534969584252	0.001421637554585153	0.009914768908296942	0.00865564	458		
friends	01	024	s03e16a		s03e	0.11028616162344598	24	5.128205128205129	28.302541732788086	2.5346127892599335	0.007638091221451759	0.05756783112883568	1.0356797834689493	0.9632920830620977	0.0015281196581196583	0.01331080581196581	0.0069208	468		
friends	01	024	s03e16b		s03e	0.12765031767790247	53	11.324786324786325	29.685081481933594	2.5553260191703044	0.00800085999071598	0.05723611265420914	1.0748665723768736	0.9909730185867237	0.0011143376068376068	0.011641282991452992	0.00824099	468		
friends	01	024	s03e17a		s03e	0.11288814859893805	36	7.947019867549669	32.98136901855469	2.5464903022486447	0.00682696932926774	0.05878645181655884	1.0745139173008855	0.9928093142035395	0.00048158940397350985	0.008533018719646799	0.0103023	453		
friends	01	024	s03e17b		s03e	0.13465741498737122	48	10.596026490066226	29.930776596069336	2.5479483381272248	0.008180512115359306	0.056657008826732635	1.0755208186283183	0.997625927920354	0.0023463134657836643	0.011212997439293599	0.0122406	453		
friends	01	025	s03e18a		s03e	0.12358433763916123	74	15.778251599147122	33.64399719238281	2.580405629939438	0.0012040258152410388	0.06711268424987793	1.0618798883547007	1.0273052194230772	0.0024658848614072496	0.00807877157782516	0.0103954	469		
friends	01	025	s03e18b		s03e	0.1393649395792996	72	15.417558886509635	30.699729919433594	2.5979075184649343	0.002438529161736369	0.0688486099243164	1.0686123288841203	1.0268703631759666	0.0029051820128479663	0.010500326167023554	0.0107794	467		
friends	01	025	s03e19a		s03e	0.1228472908298913	57	12.179487179487179	32.37345886230469	2.587853402258808	0.007360628806054592	0.06470399349927902	1.0776427171092078	1.0238337480513928	0.0021471581196581195	0.00860545688034188	0.0150852	468		
friends	01	025	s03e19b		s03e	0.13502335584242667	70	14.957264957264957	29.88920783996582	2.5966330511918607	0.008219731040298939	0.0644913762807846	1.0270213376445394	0.9795715325910067	0.0009012820512820512	0.01128534891025641	0.00927179	468		
friends	01	025	s03e20a		s03e	0.14534874884137206	75	16.163793103448278	29.149473190307617	2.593436346279475	0.00866565853357315	0.06294529885053635	1.0530740748164145	1.00029996237581	0.001717456896551724	0.01142689745689655	0.00941695	464		
friends	01	025	s03e20b		s03e	0.11911833473053045	35	7.559395248380129	32.708274841308594	2.5973986047284314	0.01016493234783411	0.060612086206674576	1.0428010807792212	0.9871089380735929	0.0009563930885529158	0.008787660475161987	0.00941478	463		
friends	01	026	s03e21a		s03e	0.14102512493714067	66	14.347826086956522	30.556324005126953	2.551541854266024	0.009895500726997852	0.058102257549762726	1.1029309705664498	1.032526477102398	0.003946891304347827	0.0107324015	0.00528163	460		
friends	01	026	s03e21b		s03e	0.14730818499585596	70	15.217391304347826	27.968286514282227	2.5663989528064914	0.010865144431591034	0.058387886732816696	1.0506026891503262	0.9947816696514163	0.00239845652173913	0.013295886347826087	0.00910347	460		
friends	01	026	s03e22a		s03e	0.1453311156805422	82	17.748917748917748	30.43927574157715	2.6051621509418665	0.010838943533599377	0.05938249081373215	1.0645280028633395	1.0301239972017355	0.0013640476190476191	0.011289614956709958	0.0062312	462		
friends	01	026	s03e22b		s03e	0.14267102989228742	77	16.666666666666668	31.248619079589844	2.5729422721846356	0.012163078412413597	0.058347705751657486	1.0811928246420837	1.3053497480694138	0.0017649999999999996	0.009464622878787878	0.00552432	462		
friends	01	027	s03e23a		s03e	0.13589547871355862	69	14.680851063829786	24.77498435974121	2.5037457726995282	0.007280116900801659	0.06077039986848831	1.0015625015991472	0.9479151321108735	0.0007415106382978723	0.018196206595744682	0.00657555	470		
friends	01	027	s03e23b		s03e	0.11597475777397531	33	7.0212765957446805	27.66541290283203	2.5146522672588336	0.007344566285610199	0.06461510062217712	1.053346673113006	0.9983031400213218	0.002251829787234043	0.012737649680851063	0.00394909	470		
friends	01	027	s03e24a		s03e	0.12199458335634093	28	6.167400881057269	29.09854507446289	2.5393249875362094	0.009123229421675205	0.061819471418857574	1.0552653344591612	0.9896672952980143	0.001453502202643172	0.011249763303964757	0.00899246	454		
friends	01	027	s03e24b		s03e	0.1223530089941261	41	9.030837004405287	27.825185775756836	2.539645705727208	0.006379521917551756	0.06615711748600006	1.0353637460927159	0.972248694724063	0.0012559030837004405	0.013360664757709253	0.0059681	454		
friends	01	027	s03e25a		s03e	0.12081510659494069	37	7.724425887265136	27.94774627685547	2.5291498825305148	0.007334076799452305	0.06708638370037079	1.036173848556485	0.9753905082008376	0.001333256784968685	0.013090330855949897	0.00722472	479		
friends	01	027	s03e25b		s03e	0.14240644433241648	77	16.10878661087866	27.484647750854492	2.549202431999081	0.008011609315872192	0.0670735239982605	1.0522320002515724	0.9901978180293487	0.0014943514644351465	0.013540044560669455	0.00566626	478		
friends	01	027	s04e01a		s04e	0.11269611488047193	34	7.28051391862955	30.600378036499023	2.5135229906925356	0.005638287868350744	0.06482981145381927	1.0466552571888412	0.9797279179184556	0.0008441755888650963	0.010955092483940042	0.004848	467		
friends	01	027	s04e01b		s04e	0.13106740066623965	65	13.9186295503212	26.00754165649414	2.542148306913007	0.011519314721226692	0.059945132583379745	1.021331155150215	0.956237717060085	0.0009517773019271948	0.014830150321199142	0.00618658	467		
friends	01	027	s04e02a		s04e	0.15112252197735862	97	20.292887029288703	24.055156707763672	2.5648056563094888	0.014601494185626507	0.059433937072753906	1.0184255453459132	0.9680806113207547	0.001278493723849372	0.017306431171548117	0.00774331	478		
friends	01	027	s04e02b		s04e	0.1386589092831239	74	15.481171548117155	28.22970199584961	2.592555295688785	0.008420971222221851	0.06609931588172913	1.0367287125786175	0.9728735235429765	0.0009543723849372384	0.012940175188284518	0.00568993	478		
friends	01	028	s04e03a		s04e	0.1324731591728676	48	10.786516853932584	23.80648422241211	2.499333558385268	0.010708820074796677	0.058501023799180984	1.016387270788288	0.9675593147747753	0.0019753033707865164	0.01893159364044944	0.00331125	445		
friends	01	028	s04e03b		s04e	0.1028536541176101	7	1.5765765765765767	31.200777053833008	2.5404389771462217	0.0027918668929487467	0.07018432021141052	1.0377602583747179	0.9703932768623026	0.0005061486486486486	0.010025653581081083	0.00469353	444		
friends	01	028	s04e04a		s04e	0.10317171057952963	9	1.9867549668874172	29.168132781982422	2.5340127654741895	0.0018416414968669415	0.07124126702547073	1.0605925365929203	0.9977691240929211	0.0017100883002207504	0.01128686165562914	0.00467827	453		
friends	01	028	s04e04b		s04e	0.11438221832739555	13	2.8761061946902653	27.632625579833984	2.5624358201765243	0.008750577457249165	0.06476671248674393	1.0521639649223944	0.9884810435476727	0.002156637168141593	0.012494079314159294	0.00646312	452		
friends	01	028	s04e05a		s04e	0.13999013510224706	69	14.680851063829786	25.846128463745117	2.578368744470542	0.009293586947023869	0.06343735009431839	1.0592036121535178	0.998897299872068	0.0017779574468085105	0.014270518297872343	0.0105911	470		
friends	01	028	s04e05b		s04e	0.12691965133278765	35	7.43099787685775	26.464378356933594	2.5705532812193566	0.012546294368803501	0.05973539128899574	1.0486892188297878	0.9981728257659569	0.0021132696390658173	0.013103915626326963	0.0119141	471		
friends	01	028	s04e06a		s04e	0.12132495086293235	51	10.96774193548387	27.82082748413086	2.583443721835258	0.007405072450637817	0.06870061904191971	1.0289078172198276	0.9729019451508631	0.0009890967741935485	0.01352932129032258	0.007161	465		
friends	01	028	s04e06b		s04e	0.14369642291368875	73	15.698924731182796	27.124755859375	2.6293125092569065	0.014283128082752228	0.059716518968343735	1.0252477143965513	0.9671739467887932	0.0006278709677419356	0.01401362335483871	0.00816304	465		
friends	01	028	s04e07a		s04e	0.13194340934746138	58	11.693548387096774	27.300397872924805	2.6131248839237684	0.013643434271216393	0.06254830956459045	1.0252030885252523	0.968104322888889	0.000832741935483871	0.013298875766129032	0.00494499	496		
friends	01	028	s04e07b		s04e	0.11963943769486679	48	9.6579476861167	31.372032165527344	2.609878228240112	0.011816166341304779	0.06260478496551514	1.0400599249395166	0.9774776125000008	0.0007041649899396378	0.009800562474849095	0.00705842	497		
friends	01	029	s04e08a		s04e	0.11336822236825726	7	1.3944223107569722	31.122196197509766	2.5436941047008568	0.004770987201482058	0.06166284158825874	1.0377636925548894	0.9670079851896213	0.0004622111553784861	0.010602132211155378	0.00332696	502		
friends	01	029	s04e08b		s04e	0.12329280595410141	33	6.560636182902584	26.28931999206543	2.5037914109248147	0.006371773313730955	0.062488239258527756	1.0177185458565738	0.9524779581274895	0.0010186878727634194	0.01608310536779324	0.00363398	503		
friends	01	029	s04e09a		s04e	0.11411005269083042	16	3.6281179138321997	29.624826431274414	2.5121608198760077	0.007396076340228319	0.05774179846048355	1.0438142498636362	0.9711704351818186	0.000628843537414966	0.01197293201814059	0.0067328	441		
friends	01	029	s04e09b		s04e	0.10400180911074007	17	3.8636363636363638	32.84944152832031	2.51569744734686	0.005609681364148855	0.06414660811424255	1.0633639475854217	0.9821300790888384	0.0006327727272727273	0.008657363772727272	0.0067495	440		
friends	01	029	s04e10a		s04e	0.11459888132988182	22	4.8997772828507795	28.327037811279297	2.5009556467994347	0.007583703845739365	0.06145010516047478	1.0654917096205356	0.9991251123437499	0.0015206904231625836	0.01217758538975501	0.00732897	449		
friends	01	029	s04e10b		s04e	0.12095569251448193	39	8.68596881959911	29.96237564086914	2.4910086148716943	0.00789034366607666	0.060679830610752106	1.036252085625	0.9739934048660709	0.0008748552338530066	0.011566714832962139	0.00695144	449		
friends	01	029	s04e11a		s04e	0.1338761488534534	70	14.492753623188406	26.163818359375	2.544092830544409	0.008405057713389397	0.05847639963030815	1.030547135082987	0.9632908246473016	0.0011013457556935818	0.01618399020703934	0.00427711	483		
friends	01	029	s04e11b		s04e	0.12015995172592983	40	8.298755186721992	27.78606414794922	2.5579121437543724	0.009982232935726643	0.05600792169570923	1.0402561602702702	0.9694399372557176	0.0007237551867219917	0.013302498070539417	0.00461017	482		
friends	01	030	s04e12a		s04e	0.12904808569648993	51	10.944206008583691	29.2403507232666	2.548488719793995	0.005035907030105591	0.06160008907318115	1.0328214512688176	0.9799702670107524	0.001070922746781116	0.011872678862660946	0.00396491	466		
friends	01	030	s04e12b		s04e	0.12842944738699172	38	8.15450643776824	30.229629516601562	2.548368075829	0.005926840007305145	0.06511610746383667	1.040974401333333	0.9884987923870976	0.0011329828326180258	0.010524055064377683	0.00626277	466		
friends	01	030	s04e13a		s04e	0.09743144291735832	15	3.3482142857142856	35.79225158691406	2.535591984173285	0.006532740779221058	0.06507904082536697	1.0790392205369124	0.997370946935123	0.0005050223214285714	0.006407098013392857	0.00649458	448		
friends	01	030	s04e13b		s04e	0.13987717132774358	62	13.839285714285714	26.02730941772461	2.5848040796103935	0.011119444854557514	0.06197437644004822	1.0557602475838923	1.0101808697762864	0.003145870535714286	0.0154299925	0.0077473	448		
friends	01	030	s04e14a		s04e	0.12563654663490534	37	8.314606741573034	31.35721778869629	2.597776385092589	0.009945059195160866	0.06326454132795334	1.0810158008333333	1.0049808424774773	0.0013675280898876405	0.00887884006741573	0.00798371	445		
friends	01	030	s04e14b		s04e	0.15232483687930715	64	14.317673378076062	31.189769744873047	2.6274733784970135	0.0087778614833951	0.06457357108592987	1.0568249969058292	0.9839218487219736	0.001581387024608501	0.010040115682326623	0.00983388	447		
friends	01	031	s04e15a		s04e	0.14501398609769908	71	15.99099099099099	29.086841583251953	2.503124815034511	0.005422822665423155	0.06696818768978119	1.000808738306998	0.9613450940632059	0.0014868468468468468	0.01383650972972973	0.0161606	444		
friends	01	031	s04e15b		s04e	0.16242193670395558	91	20.54176072234763	26.499704360961914	2.5660185435492986	0.0066453199833631516	0.06742584705352783	1.0276418127828058	0.9751976662217198	0.0014776749435665912	0.016076155237020315	0.00814052	443		
friends	01	031	s04e16a		s04e	0.16146927695245597	86	17.659137577002053	26.526500701904297	2.561178670703179	0.010357214137911797	0.06222132220864296	1.050807206502058	0.9903146725514407	0.0017836550308008216	0.015045698788501026	0.00760942	487		
friends	01	031	s04e16b		s04e	0.16294974189684794	108	22.17659137577002	25.29201316833496	2.5723209477169537	0.013463915325701237	0.06304588913917542	1.0211304312757212	0.9726886887242803	0.0017130595482546204	0.01671047022587269	0.00613316	487		
friends	01	031	s04e17a		s04e	0.1291958197673806	44	9.224318658280922	30.743854522705078	2.596434557189421	0.010611227713525295	0.062122780829668045	1.1074470839285715	1.0400081421218492	0.003193102725366876	0.010133084591194967	0.00510631	477		
friends	01	031	s04e17b		s04e	0.14060841482938213	71	14.853556485355648	27.742605209350586	2.579746679866621	0.00971272774040699	0.0649283304810524	1.0533259116771483	1.0104761907756812	0.0016255230125523012	0.013135659142259414	0.00526105	478		
friends	01	032	s04e18a		s04e	0.14488237171298288	108	24.0	25.79102325439453	2.543788486742379	0.010712768882513046	0.06116009131073952	1.0713804110467708	1.0063928195545655	0.003162333333333333	0.0153512852	0.00655344	450		
friends	01	032	s04e18b		s04e	0.14929240587167728	112	24.88888888888889	28.166460037231445	2.561684580144451	0.005764184985309839	0.0714363157749176	1.1018092631403122	1.032115528997773	0.0037141111111111107	0.01268333	0.00969811	450		
friends	01	032	s04e19a		s04e	0.143787820496439	101	23.112128146453088	27.8832950592041	2.5509915418451485	0.009920650161802769	0.06493601202964783	1.077879771674312	1.0230460820871563	0.0033760183066361554	0.012638334759725403	0.00677746	437		
friends	01	032	s04e19b		s04e	0.13732996695532018	92	21.05263157894737	31.391170501708984	2.5581506319058676	0.006011264398694038	0.06635339558124542	1.0533407472706426	0.9778877030733943	0.0006489702517162471	0.009876407780320366	0.0106051	437		
friends	01	033	s04e20a		s04e	0.11066870921648693	24	5.369127516778524	28.035737991333008	2.5788396737837136	0.002356024691835046	0.07460125535726547	1.012680490448429	0.9401455202017941	0.0002917673378076063	0.014765197494407158	0.00954463	447		
friends	01	033	s04e20b		s04e	0.12929958356535595	58	12.975391498881432	29.582637786865234	2.52746543685931	0.008317019790410995	0.061133548617362976	1.0761102743946183	1.0049994270179377	0.0016178523489932886	0.011210744205816556	0.0128504	447		
friends	01	034	s04e21a		s04e	0.1219874420360912	39	8.724832214765101	26.44438362121582	2.4899337637200003	0.009233638644218445	0.05906382575631142	1.022091858116593	0.953269210358744	0.0007928187919463088	0.01570113355704698	0.00489432	447		
friends	01	034	s04e21b		s04e	0.122070018036799	35	7.8125	24.8241024017334	2.494841063254212	0.011283129453659058	0.05614506080746651	1.0065975347651008	0.9490347857270692	0.0005036383928571428	0.019369041517857146	0.00391409	448		
friends	01	034	s04e22a		s04e	0.11412992297904413	30	6.5359477124183005	27.172752380371094	2.5450810148483254	0.00394149124622345	0.07761339843273163	1.0431495082969424	0.9802926250218345	0.0019262745098039217	0.014656283507625273	0.00549421	459		
friends	01	034	s04e22b		s04e	0.10316584367879875	15	3.2751091703056767	31.93892478942871	2.5587461699811676	0.0017773882718756795	0.07731807976961136	1.0565670348577685	0.9769321357330416	0.0005514192139737991	0.00994908213973799	0.0074317	458		
friends	01	035	s04e23a		s04e	0.128607944159772	48	9.504950495049505	25.747806549072266	2.4885483573566605	0.010297603905200958	0.0558924525976181	1.0512872991269828	1.000863095	0.002679722772277228	0.01539684693069307	0.00400771	505		
friends	01	035	s04e23b		s04e	0.1529321378712957	75	14.880952380952381	25.910205841064453	2.4676043924988846	0.010216517373919487	0.05700898543000221	1.0698946193638177	1.0198394150298222	0.003844186507936508	0.014543946944444447	0.00553396	504		
friends	01	035	s04e23c		s04e	0.14945106484350826	79	15.674603174603174	25.137680053710938	2.540262240191358	0.004397435113787651	0.07341340184211731	0.9914069244333997	0.9514164932405568	0.0008098412698412698	0.017535673015873016	0.00434229	504		
friends	01	035	s04e23d		s04e	0.12695801139318902	42	8.333333333333334	26.949161529541016	2.469641604918809	0.009736353531479836	0.05669552832841873	1.027128364930418	0.975793927952286	0.0013832341269841269	0.014598661130952382	0.00439454	504		
friends	01	036	s05e01a		s05e	0.12210826871364551	42	9.567198177676538	27.683746337890625	2.4881868674191	0.010732541792094707	0.06291978806257248	1.0716312876027405	6.367114055867574	0.003623644646924829	0.014217681662870157	0.005326	439		
friends	01	036	s05e01b		s05e	0.10017822851812738	16	3.3755274261603376	31.199186325073242	2.480044673595397	0.010566605255007744	0.058911606669425964	1.0857655229175462	1.0294106557082459	0.002342426160337553	0.00939757746835443	0.00487148	474		
friends	01	036	s05e02a		s05e	0.11108767562338474	33	6.666666666666667	26.961851119995117	2.496327051483783	0.010555868968367577	0.06155490130186081	1.052296197125506	0.9913765480971664	0.0021002828282828284	0.014174417434343436	0.002965	495		
friends	01	036	s05e02b		s05e	0.11314303553454005	25	4.716981132075472	27.31311798095703	2.505294974846229	0.012316346168518066	0.061852678656578064	1.0486405337429117	0.9983663026086955	0.0018169056603773587	0.012979063471698114	0.00500657	530		
friends	01	037	s05e03a		s05e	0.12862883431884084	49	11.060948081264108	34.71849822998047	2.5373935545351376	0.005730233155190945	0.05973825231194496	1.073535774117647	0.9986329080542982	0.0008037697516930023	0.00706127769751693	0.0117247	443		
friends	01	037	s05e03b		s05e	0.11606709283810528	33	6.962025316455696	32.92274475097656	2.564108214290539	0.0013907979009673	0.07159069180488586	1.0328468423255817	0.9761504198731501	0.00047364978902953586	0.008790633691983123	0.0101523	474		
friends	01	037	s05e04a		s05e	0.12438254068819192	47	9.631147540983607	33.73641586303711	2.5117982276070183	0.004897975828498602	0.06273338198661804	1.0607945429158108	1.0473563025256665	0.00089577868852459	0.007332084631147541	0.0052305	488		
friends	01	037	s05e04b		s05e	0.13260804989570876	66	12.595419847328245	32.34623718261719	2.5240504908861228	0.0058855051174759865	0.058416612446308136	1.0419724371892924	0.981555999426386	0.0004495038167938932	0.008991695229007633	0.00714106	524		
friends	01	041	s05e05a		s05e	0.10843802077649858	31	6.391752577319588	33.568145751953125	2.5913103224572374	-0.0023425014223903418	0.0752808004617691	1.0343077534917362	0.9675071332851248	0.0002505360824742268	0.009014445298969071	0.00770762	485		
friends	01	041	s05e05b		s05e	0.09750389868075515	30	5.758157389635317	39.072715759277344	2.6032872823065705	-0.0032711392268538475	0.07598153501749039	1.0832197747499999	1.0004608141153846	0.00046372360844529754	0.004944805182341651	0.00939097	521		
friends	01	041	s05e06a		s05e	0.1008235476066492	20	4.366812227074236	32.558021545410156	2.550212295345196	0.002046380192041397	0.06557916849851608	1.0309432730853387	0.9657341097155372	0.00029056768558951966	0.009480299956331878	0.00513914	458		
friends	01	041	s05e06b		s05e	0.10673888195066472	27	5.476673427991886	33.72150421142578	2.5566462230478617	0.0025838676374405622	0.06383848935365677	1.0873404237398383	1.0055221708536581	0.0012801622718052739	0.0077513970588235295	0.00809565	493		
friends	01	042	s05e07a		s05e	0.13056954939806661	52	11.353711790393014	32.54475402832031	2.512935163034226	0.002042260253801942	0.06652311235666275	1.1029608255361045	1.061017601050328	0.004390436681222708	0.008705340567685588	0.00555356	458		
friends	01	042	s05e07b		s05e	0.12835347013762155	54	10.975609756097562	34.30591583251953	2.4914241716471746	0.001585985068231821	0.06914986670017242	1.0730285077393076	1.0039307245824856	0.0008446341463414634	0.0073218979065040645	0.00567021	492		
friends	01	043	s05e08a		s05e	0.12207939708449947	43	9.662921348314606	32.633453369140625	2.5223946788722813	0.00019053361029364169	0.06725840270519257	1.043828953806307	0.9761789191216209	0.0006591685393258427	0.00854334764044944	0.00338966	445		
friends	01	043	s05e08b		s05e	0.13571402886303316	52	10.855949895615867	29.618450164794922	2.505647482448666	0.0006637621554546058	0.06583771109580994	1.0616429505020928	0.9920698244560662	0.0020706054279749477	0.01213879559498956	0.00496435	479		
friends	01	044	s05e09a		s05e	0.1234950571703629	47	10.307017543859649	30.536083221435547	2.515333276717886	0.0009043286554515362	0.0664466917514801	1.1235599445054956	1.0627656076703291	0.005884429824561404	0.010280664649122808	0.0127548	456		
friends	01	044	s05e09b		s05e	0.11305878241949634	34	6.938775510204081	34.093936920166016	2.4942005309019435	-0.0001833923888625577	0.0684453547000885	1.100496412617586	1.0225415378527607	0.001602469387755102	0.007216074510204082	0.0100385	490		
friends	01	044	s05e10a		s05e	0.10495553465365304	24	5.333333333333333	31.975351333618164	2.520541084330471	0.0008149732020683587	0.06801536679267883	1.0539309304454345	0.989895540979956	0.0006864444444444444	0.008766244599999999	0.0098999	450		
friends	01	044	s05e10b		s05e	0.11171915691045226	37	7.6604554865424435	32.78627014160156	2.527453437219467	0.0007267926703207195	0.06825519353151321	1.0393431679668046	0.9764897271369289	0.0004404968944099379	0.00826708536231884	0.00696721	483		
friends	01	045	s05e11a		s05e	0.13921978827212714	77	16.176470588235293	31.688125610351562	2.518048198098392	0.001008771825581789	0.0633007138967514	1.050705771726315	0.9871629099999988	0.0014044117647058825	0.010195838718487397	0.0134579	476		
friends	01	045	s05e11b		s05e	0.15479813367413423	89	17.45098039215686	28.09673309326172	2.525416504826419	0.0012915252009406686	0.06565160304307938	1.0238679475834966	0.9619702235166991	0.0008824117647058824	0.013741450705882353	0.00834229	510		
friends	01	045	s05e12a		s05e	0.12518811133551458	53	11.936936936936936	30.192344665527344	2.5386688045254626	0.0006936757708899677	0.06472419202327728	1.0255759568397285	0.9613311989616253	0.0030315990990990994	0.01276583545045045	0.00614264	444		
friends	01	045	s05e12b		s05e	0.10983037364293305	32	6.680584551148225	35.965492248535156	2.5464849605468687	0.00020548008615151048	0.06630288064479828	1.0912764645397492	1.0079909104184093	0.0007991440501043842	0.006261033841336116	0.00735753	479		
friends	01	046	s05e13a		s05e	0.11074109801951341	31	6.753812636165577	32.316383361816406	2.490590179696794	-0.0013860503677278757	0.06529524177312851	1.0525485895851525	1.0281970333842796	0.0009242483660130719	0.009210222418300653	0.00733884	459		
friends	01	046	s05e13b		s05e	0.110577918126951	34	6.896551724137931	33.975399017333984	2.4978283326854083	-0.0017042842227965593	0.06516004353761673	1.0690249867886175	0.9890513748170723	0.0005931237322515212	0.0077287150101419885	0.00863295	493		
friends	01	046	s05e14a		s05e	0.12788304462852187	60	12.345679012345679	30.309925079345703	2.507428017844014	-0.003291480476036668	0.0699295923113823	1.0589846437319592	0.9968182212989689	0.0020601028806584362	0.010507648683127572	0.00959757	486		
friends	01	046	s05e14b		s05e	0.1509798056550239	87	16.73076923076923	30.578994750976562	2.4724403842350244	-0.004771375097334385	0.06988948583602905	1.057417772235067	0.990252717610789	0.0013333461538461537	0.010266749134615387	0.0124895	520		
friends	01	047	s05e15a		s05e	0.11826425730292482	40	9.029345372460497	36.20566177368164	2.532038502293153	-0.0010740382131189108	0.06351923942565918	1.0927360784841627	1.014745765316742	0.0013401128668171559	0.005877514853273137	0.0163445	443		
friends	01	047	s05e15b		s05e	0.14539661110492566	74	15.546218487394958	30.95511245727539	2.580461325959165	-0.004037938080728054	0.07135119289159775	1.0549812012421058	0.9896085851789483	0.0013648529411764705	0.011320109411764706	0.0105573	476		
friends	01	047	s05e16a		s05e	0.12412965637137569	48	9.896907216494846	31.27361297607422	2.602163431001319	-0.004156817682087421	0.0742465928196907	1.0261269564462812	0.9661491844421493	0.00048090721649484536	0.010861681381443299	0.0080903	485		
friends	01	047	s05e16b		s05e	0.17586200788636905	121	23.404255319148938	26.504322052001953	2.5812075590551746	-0.0009602966601960361	0.0701635405421257	1.0535558147868218	0.9960234137984508	0.0019488588007736945	0.014392172823984525	0.0252075	517		
friends	01	048	s05e17a		s05e	0.12174700117009361	42	9.29203539823009	33.91874313354492	2.5087709214694542	-0.005494396667927504	0.0757361426949501	1.0490327075166292	0.9804226161640796	0.0004491371681415929	0.00801166267699115	0.00836175	452		
friends	01	048	s05e17b		s05e	0.20371504961244777	94	19.38144329896907	26.52629852294922	2.5299782587636725	-0.004728297237306833	0.07318926602602005	1.0805979342148762	1.0123276749586785	0.003790742268041237	0.015271038639175259	0.026271	485		
friends	01	048	s05e18a		s05e	0.1156281628406204	34	6.786427145708583	32.1346321105957	2.47175149232122	-0.00011026891297660768	0.06656992435455322	1.07984170788	0.9988337824000003	0.0017214570858283434	0.009272584491017965	0.00625272	501		
friends	01	048	s05e18b		s05e	0.13261480730743377	59	11.04868913857678	31.27969741821289	2.466806455786824	-0.0004347151261754334	0.06724464893341064	1.0756150977673544	0.9933960330393999	0.0008950374531835206	0.009945484925093633	0.0129685	534		
friends	01	049	s05e19a		s05e	0.1393890606127146	65	14.606741573033707	32.89311981201172	2.5575800131630344	-0.001347231911495328	0.0694417729973793	1.064515546576576	0.9927852403378381	0.0011041573033707863	0.009312152337078652	0.00778416	445		
friends	01	049	s05e19b		s05e	0.15133254292844694	92	19.206680584551147	27.036846160888672	2.524355567579334	0.0013130336301401258	0.06659302115440369	1.0142146697280339	0.960662265083683	0.0019443423799582469	0.015567026158663882	0.0109942	479		
friends	01	049	s05e20a		s05e	0.14459894121484582	64	14.09691629955947	31.28464126586914	2.5446697145088395	-5.244707062956877e-05	0.06550861895084381	1.0611294784326708	0.9888331712362033	0.001422555066079295	0.009863216806167401	0.0126853	454		
friends	01	049	s05e20b		s05e	0.12616941760444708	55	11.224489795918368	34.5436897277832	2.566431554374269	-0.0002512205101083964	0.06562355160713196	1.06746891198364	0.9889411969120645	0.0005474081632653061	0.007354150693877551	0.00978889	490		
friends	01	050	s05e21a		s05e	0.13403979945519223	49	11.036036036036036	33.05841064453125	2.541916901373984	-0.0025870122481137514	0.06814538687467575	1.0416905550790074	0.9834321328442437	0.0006876126126126126	0.00786551650900901	0.0056718	444		
friends	01	050	s05e21b		s05e	0.12746367805225434	48	10.062893081761006	32.62353515625	2.5526862171895224	-0.0035426535177975893	0.0718173235654831	1.0529049125630245	0.9869389453151266	0.0007712997903563941	0.008581846163522014	0.00667727	477		
friends	01	050	s05e22a		s05e	0.12158119088962044	29	6.473214285714286	35.21344757080078	2.5335577891206107	-0.004200422205030918	0.07367411255836487	1.0657913501789715	0.9949754626398206	0.0007001116071428574	0.006962770647321427	0.00773163	448		
friends	01	050	s05e22b		s05e	0.1221757204739252	28	5.809128630705394	36.4144401550293	2.5496646474058253	-0.0030743663664907217	0.07063666731119156	1.0858673744906444	1.007284172224533	0.0007183817427385892	0.005873538506224067	0.0075793	482		
friends	01	051	s05e23a		s05e	0.11286270865975336	25	5.518763796909492	38.00922775268555	2.6061955800642123	-0.00015480209549423307	0.06635157018899918	1.0611553608849555	1.0046149826991158	0.0005298233995584989	0.005324349779249448	0.0102277	453		
friends	01	051	s05e23b		s05e	0.10941337475046323	17	3.719912472647702	37.51042938232422	2.6017986308567767	-0.0019025806104764342	0.06983336806297302	1.0656354833771926	1.0078493465131582	0.0007119256017505469	0.00569127704595186	0.00814864	457		
friends	01	052	s05e23c		s05e	0.12174085617205056	22	4.814004376367615	33.271053314208984	2.4863337201867868	0.0009311838075518608	0.06387945264577866	1.0787361258991222	1.0108902501315786	0.0019754266958424507	0.0076678287964989066	0.00234818	457		
friends	01	052	s05e23d		s05e	0.1055913298511165	22	4.508196721311475	36.223514556884766	2.515823801807291	-0.0017549657495692372	0.06553218513727188	1.071941710082136	0.9884184211704314	0.0004255532786885246	0.006020450635245902	0.00970323	488		
friends	01	052	s06e01a		s06e	0.10529250545406539	19	4.094827586206897	37.34883117675781	2.5021718869305327	0.000257534091360867	0.06591121107339859	1.099417122915766	1.0109679687688986	0.0009014439655172413	0.005229466077586207	0.00500567	464		
friends	01	052	s06e01b		s06e	0.10657352741706633	18	3.6217303822937628	36.690208435058594	2.514527355654038	-0.0021686095278710127	0.06830809265375137	1.08211694266129	0.9959619544354835	0.00036837022132796775	0.005761584366197184	0.00535729	497		
friends	01	053	s06e02a		s06e	0.11751827784795536	31	6.843267108167771	35.85624694824219	2.5019975969337565	-0.0022080345079302788	0.06564605236053467	1.0799411894469024	1.0082011931637174	0.0008011037527593819	0.00576110348785872	0.0120859	453		
friends	01	053	s06e02b		s06e	0.1333548846576088	56	11.54639175257732	29.951507568359375	2.4811949876777417	-0.002022050553932786	0.0628720372915268	1.0265459332438012	0.967556273719008	0.0005415463917525773	0.01070656086597938	0.00574403	485		
friends	01	053	s06e03a		s06e	0.12690720838104622	46	10.502283105022832	27.9516658782959	2.453215954916186	-0.003942212089896202	0.06400052458047867	1.0229897707093822	0.9672782775057209	0.0013640639269406393	0.013180528493150686	0.00716474	438		
friends	01	053	s06e03b		s06e	0.12152373720111388	36	7.6109936575052854	32.329837799072266	2.5113784029414297	-0.006890745367854834	0.06182844936847687	1.0624364755296607	1.003656233855933	0.001606786469344609	0.00906790909090909	0.00613773	473		
friends	01	053	s06e04a		s06e	0.12553531792411018	42	9.610983981693364	30.24056053161621	2.4812188614529647	-0.003887204686179757	0.06442166119813919	1.02018309293578	0.9687123099999996	0.0006540961098398169	0.010041042151029748	0.00451489	437		
friends	01	054	s06e04b		s06e	0.12573128499604147	41	8.668076109936575	34.72584915161133	2.5650591005106165	0.0009027519263327122	0.06695348769426346	1.085745289088983	1.0009325771186446	0.0007892811839323468	0.007362624503171247	0.00510739	473		
friends	01	054	s06e05a		s06e	0.1144574990820106	23	5.099778270509978	37.52198028564453	2.5762576301821216	0.0014855366898700595	0.0670207068324089	1.086344624555555	1.002504858333333	0.0004926164079822616	0.005051998337028824	0.00492619	451		
friends	01	054	s06e05b		s06e	0.13043025580647116	45	9.25925925925926	31.151199340820312	2.560737503060577	0.004063905216753483	0.06269468367099762	1.0591020758762888	0.987638081608247	0.0006674485596707819	0.009423713024691357	0.00831895	486		
friends	01	055	s06e06a		s06e	0.10036624574047133	10	2.262443438914027	34.6273193359375	2.4474664610449417	-0.00149660580791533	0.06894449144601822	1.0752401634013609	0.992829782154195	0.0005485067873303169	0.007110162828054298	0.00844909	442		
friends	01	055	s06e06b		s06e	0.12355856860081839	39	8.176100628930818	30.768993377685547	2.426161260534506	-0.001708526280708611	0.06573529541492462	1.101873973865547	1.0274557526890755	0.0038917819706498955	0.009864408469601677	0.0053569	477		
friends	01	055	s06e07a		s06e	0.09593971668995639	12	2.696629213483146	36.66334533691406	2.447494146273835	-0.0030186614021658897	0.06281714886426926	1.089446050337838	1.0029499089189198	0.0005164719101123595	0.005553400426966292	0.0086237	445		
friends	01	055	s06e07b		s06e	0.16588145113976707	76	15.866388308977035	26.107421875	2.414418842916416	-0.00320600438863039	0.06586741656064987	1.042200301861925	0.9871135568200834	0.0024418789144050102	0.016284794321503128	0.00705855	479		
friends	01	056	s06e08a		s06e	0.10653983337884027	14	3.2110091743119265	34.45116424560547	2.4925456995770587	-0.0038977954536676407	0.0677858293056488	1.0698464951264373	0.9898799999080462	0.0011122477064220183	0.007579108990825688	0.00765678	436		
friends	01	056	s06e08b		s06e	0.1070707486383627	16	3.389830508474576	34.8424072265625	2.5078793886948394	-0.0024290401488542557	0.06654129177331924	1.0760658529511673	1.0000136928237806	0.0010852118644067796	0.00689964847457627	0.00560788	472		
friends	01	056	s06e09a		s06e	0.13211843346948304	50	9.920634920634921	30.734477996826172	2.5159529491462105	0.00020694450358860195	0.06897588819265366	1.054318693459244	0.9933396362226642	0.0017558333333333334	0.009938613968253969	0.00428665	504		
friends	01	056	s06e09b		s06e	0.20286211730225295	140	26.070763500931097	25.33591651916504	2.505580153669632	0.0005678244051523507	0.06603054702281952	1.0508814313992514	0.986623744701493	0.002240800744878957	0.016265794152700186	0.00816453	537		
friends	01	056	s06e10a		s06e	0.13464090216954736	51	10.96774193548387	28.670394897460938	2.5053907214991713	-0.0012024057796224952	0.06473451107740402	1.0084970572844818	0.9552129195905172	0.0007858279569892473	0.013011709462365592	0.00634123	465		
friends	01	057	s06e10b		s06e	0.11103299758560692	20	4.0	32.602577209472656	2.462492843904043	-0.00041975415660999715	0.06603259593248367	1.1059246918837675	1.0236429172545078	0.0017878199999999999	0.008429046360000001	0.00807427	500		
friends	01	057	s06e11a		s06e	0.12288805237744437	39	8.68596881959911	30.629718780517578	2.4700020265650835	-0.0003760366525966674	0.06637746095657349	1.0509728843303565	0.9690340734151784	0.0005079064587973273	0.010722391247216035	0.00438312	449		
friends	01	057	s06e11b		s06e	0.13044991655979082	44	9.109730848861284	34.1094970703125	2.4723067025166645	-0.0014494131319224834	0.06900614500045776	1.1021292138796688	1.003634515975103	0.0008641200828157351	0.007323216231884059	0.00866154	483		
friends	01	057	s06e12a		s06e	0.11347387431691226	30	6.912442396313364	34.37978744506836	2.5139417265900525	-0.002917188685387373	0.06744053959846497	1.077448837898384	0.9895430478060049	0.0005311059907834101	0.00737666262672811	0.00490512	434		
friends	01	057	s06e12b		s06e	0.14341637172500243	60	12.76595744680851	32.489356994628906	2.489737568741789	-0.0024342944379895926	0.06578218936920166	1.1096371439658836	1.0131382218550111	0.0015371914893617022	0.008786983468085105	0.00915822	470		
friends	01	058	s06e13a		s06e	0.10005016311149326	13	2.771855010660981	33.35335922241211	2.51971437903729	-0.0005963596049696207	0.06064968928694725	1.052334558311967	0.9918131669444458	0.0014649466950959489	0.007717441471215352	0.00880434	469		
friends	01	058	s06e13b		s06e	0.12546521853999842	35	6.958250497017892	27.813932418823242	2.531976505408477	0.00019897976017091423	0.0601067878305912	0.9879030969123492	0.9476587101792827	0.0008505566600397615	0.014285954731610338	0.00374547	503		
friends	01	058	s06e14a		s06e	0.1322708910170016	59	12.79826464208243	33.66883850097656	2.5392544017832703	-0.0010212712222710252	0.06438806653022766	1.079489533978261	1.0078011680000005	0.0010367678958785249	0.0073854713449023855	0.00673975	461		
friends	01	058	s06e14b		s06e	0.1773462066296689	101	20.445344129554655	28.83685302734375	2.549247224524367	-0.0014128437032923102	0.06786637753248215	1.097017828945234	1.0300239069776875	0.0036808299595141696	0.011316858400809716	0.0159579	494		
friends	01	059	s06e15a		s06e	0.11646409172826937	24	5.274725274725275	29.9561824798584	2.515872993661269	0.0011703773634508252	0.06614270061254501	1.0358751183480175	0.9710732649559475	0.0023965054945054944	0.0113762949010989	0.00407807	455		
friends	01	060	s06e15b		s06e	0.11677588916697941	32	6.971677559912854	31.93973159790039	2.551767870035451	-0.0050163259729743	0.06572478264570236	1.063820501200873	0.9765455848034943	0.0007399782135076253	0.009732153355119826	0.00618431	459		
friends	01	060	s06e15c		s06e	0.14603224881022497	68	14.782608695652174	29.427936553955078	2.5190920962895142	-0.0013357358984649181	0.06503593176603317	1.1112942545533775	1.0126989294553381	0.002199434782608696	0.01161100589130435	0.00976485	460		
friends	01	061	s06e15d		s06e	0.10626570196425228	33	6.748466257668712	31.26558494567871	2.479310998885661	-0.002675119787454605	0.06684756278991699	1.0387736500409837	0.9819337513934425	0.0009390593047034764	0.009382398425357874	0.00462615	489		
friends	01	061	s06e17a		s06e	0.10643254776351793	21	4.918032786885246	36.06354522705078	2.4859089803947056	-0.0007034052978269756	0.06446074694395065	1.0652399066197176	0.9951109654929577	0.0004643793911007025	0.005856869906323185	0.00536473	427		
friends	01	061	s06e17b		s06e	0.1238346227506389	51	11.062906724511931	30.793190002441406	2.5507481623154447	-0.004448419902473688	0.07161606848239899	1.0933180697826093	1.0292122500000005	0.003933058568329717	0.009946741887201734	0.0104883	461		
friends	01	062	s06e18a		s06e	0.11366705881364972	22	5.0691244239631335	32.30989456176758	2.5034707940514753	-0.0029779570177197456	0.06454047560691833	1.087932690369515	1.0068598326789842	0.0013957603686635945	0.008827518110599078	0.00665818	434		
friends	01	062	s06e18b		s06e	0.13782772262001108	56	11.940298507462687	28.506732940673828	2.498033587884322	-0.002253452315926552	0.06499243527650833	1.0677647277564104	0.9921556311965821	0.001598550106609808	0.012840465692963753	0.00644141	469		
friends	01	062	s06e19a		s06e	0.16268047287385787	81	18.79350348027842	27.684490203857422	2.4936053280881616	-0.002478984883055091	0.06459362059831619	1.0449259605581391	0.9792021388604647	0.001753735498839907	0.013614663665893272	0.0125744	431		
friends	01	062	s06e19b		s06e	0.15822614929746873	68	14.5610278372591	27.685773849487305	2.502662692113738	-0.0012329232413321733	0.06627015769481659	1.062198248862661	0.9922784572103017	0.002518608137044968	0.012926401049250536	0.0090485	467		
friends	01	063	s06e20a		s06e	0.08484902260932803	4	0.9280742459396751	35.77543640136719	2.5910581466299725	-0.0052941483445465565	0.0707167536020279	1.0607307598139537	0.9884853653023258	0.00046440835266821346	0.006868747517401392	0.00761915	431		
friends	01	063	s06e20b		s06e	0.10429557051040814	26	5.603448275862069	33.72285461425781	2.5841554133999716	-0.006648690439760685	0.07602640986442566	1.0574623269330459	0.9851936532397413	0.0006080172413793103	0.008578002995689655	0.00709284	464		
friends	01	063	s06e21a		s06e	0.13577925037913385	63	13.695652173913043	32.76768493652344	2.534583989707691	-0.0013004988431930542	0.06814906001091003	1.0878683072549011	1.0011914598692804	0.0014088913043478258	0.009022188478260869	0.00955139	460		
friends	01	064	s06e21b		s06e	0.18309743879012352	109	22.10953346855984	25.370485305786133	2.4789160636689767	0.003520282683894038	0.06651322543621063	1.0306352828455276	0.9775190854471547	0.001719107505070994	0.01623335677484787	0.00925987	493		
friends	01	064	s06e22a		s06e	0.14024517444748164	53	11.725663716814159	30.76004409790039	2.5281983115124667	-0.0012137183221057057	0.07560430467128754	1.0856816879822613	1.0216553934368064	0.00268929203539823	0.009615767522123893	0.00557952	452		
friends	01	064	s06e22b		s06e	0.14963801377500247	77	15.843621399176955	30.649682998657227	2.533114453659762	-0.0006574294529855251	0.0746910497546196	1.0654953719587632	1.0025525854639166	0.0018512345679012345	0.010017949588477366	0.00946467	486		
friends	01	065	s06e23a		s06e	0.1152307407547117	34	6.995884773662551	29.3006591796875	2.509243215743577	-0.001100111985579133	0.06724391132593155	1.0298408007216495	0.9744077329896913	0.0015216255144032923	0.012413850452674898	0.00857837	486		
friends	01	065	s06e23b		s06e	0.14526671991658177	58	11.175337186897881	27.88588523864746	2.4831138921592943	-0.0005119767738506198	0.06478223949670792	1.0626038121428578	1.0035934303088794	0.0026849903660886316	0.013403621791907515	0.0109225	519		
friends	01	065	s06e24a		s06e	0.1368859641917034	49	10.722100656455142	27.888675689697266	2.4972998476672172	-0.0005682329647243023	0.06487532705068588	1.0627749168640344	1.0328100380263157	0.002711159737417943	0.013134808249452956	0.0111099	457		
friends	01	066	s06e24b		s06e	0.11289854502324123	20	4.3383947939262475	32.855751037597656	2.451277159976807	0.003398163476958871	0.06883478164672852	1.0814187729999998	1.021928963369565	0.0021080260303687633	0.008094202190889372	0.00629715	461		
friends	01	066	s06e24c		s06e	0.1301095037045931	39	8.459869848156183	28.4908447265625	2.4483217388959955	0.004321312997490168	0.06779636442661285	1.0528918806521737	1.007853873913043	0.003190694143167028	0.012122767505422993	0.00553129	461		
friends	01	066	s06e24d		s06e	0.11717333787949752	30	6.134969325153374	28.91472625732422	2.433130308011227	0.004745258949697018	0.06798780709505081	1.0159020526639344	0.9703473605122952	0.0008098364008179958	0.011839140040899797	0.00411248	489		
friends	01	067	s07e01a		s07e	0.11809275684616581	43	9.347826086956522	29.349451065063477	2.532331348968814	0.00010962005035253242	0.06349091231822968	1.0253025965141618	0.9700282548583873	0.0006864347826086957	0.013002117565217393	0.00780857	460		
friends	01	067	s07e01b		s07e	0.13336830941180097	63	12.804878048780488	32.835411071777344	2.5414699365541322	-0.0027753934264183044	0.06768789887428284	1.0810350684317709	1.0095578303055	0.0015221544715447153	0.008347860203252032	0.0184296	492		
friends	01	068	s07e02a		s07e	0.10547991764636803	27	5.4989816700611	29.35139274597168	2.5467151432162307	-0.0023122699931263924	0.06972922384738922	1.0301177663265306	0.9765441867346939	0.0008010590631364563	0.010865623604887981	0.00802703	491		
friends	01	069	s07e02b		s07e	0.1197635910106488	34	6.4638783269961975	29.072811126708984	2.4751181125774475	0.0008030618191696703	0.06817185133695602	1.0282473464571427	0.9843166597714279	0.001978555133079848	0.012275694790874524	0.00504667	526		
friends	01	070	s07e03a		s07e	0.13780845695185717	51	12.23021582733813	26.651063919067383	2.510315689217959	0.0022779942955821753	0.0711270347237587	1.0240188418990384	0.9828208754807692	0.001987745803357314	0.015381167218225418	0.00870228	417		
friends	01	071	s07e03b		s07e	0.13708920105180955	57	12.610619469026549	28.68701934814453	2.484484158832797	-0.004225765820592642	0.07646086812019348	1.0574220396452327	1.017149487982262	0.00264891592920354	0.012827153119469024	0.00666428	452		
friends	01	071	s07e04a		s07e	0.12363865643698342	34	7.6062639821029085	33.387657165527344	2.4933807725969452	-0.003911340143531561	0.07918082177639008	1.0690012666591926	1.0074769471076226	0.001107874720357942	0.008158015145413871	0.00735367	447		
friends	01	072	s07e04b		s07e	0.10662084730570896	26	5.394190871369295	31.9987735748291	2.5202841698394165	-0.006507974583655596	0.08166088163852692	1.0495388927027027	0.9954937404989614	0.0009287551867219917	0.009686386473029045	0.00805569	482		
friends	01	073	s07e05a		s07e	0.1169568168788855	39	8.590308370044053	29.340534210205078	2.4865548899011647	-0.004468380473554134	0.07200794667005539	1.0189904946578363	0.9688779192494482	0.000501079295154185	0.012425549537444933	0.00660226	454		
friends	01	074	s07e05b		s07e	0.12511532005526885	42	8.60655737704918	30.837614059448242	2.429617167356142	-0.0016055403975769877	0.06754607707262039	1.0495419473921979	0.9897792445174538	0.0014432377049180326	0.010049714856557377	0.00839593	488		
friends	01	075	s07e06a		s07e	0.10825171551059026	41	8.577405857740585	31.293102264404297	2.4566113325350862	0.0012157177552580833	0.06887447088956833	1.0729714821802934	1.020937652557651	0.0021014016736401672	0.009179115334728033	0.00747354	478		
friends	01	075	s07e06b		s07e	0.13758868950367556	74	14.42495126705653	29.868831634521484	2.457963822247114	0.0015565400244668126	0.06920863687992096	1.0816266806640629	1.0189244292578121	0.0022809551656920077	0.011147111851851854	0.0122623	513		
friends	01	076	s07e07a		s07e	0.1240828245701054	43	9.090909090909092	29.980640411376953	2.441100360146923	0.001413617399521172	0.06865694373846054	1.0851449240466102	1.0189642509957624	0.0026164693446088794	0.011772425475687104	0.0118676	473		
friends	01	076	s07e07b		s07e	0.17259412342460026	86	16.99604743083004	25.53504180908203	2.4453214409458925	0.00269615207798779	0.06859054416418076	1.076301497960395	1.0112459039801986	0.0032715612648221344	0.017762008102766794	0.010937	506		
friends	01	077	s07e08a		s07e	0.11151678843208522	45	9.49367088607595	30.61678695678711	2.523870503779467	-0.0006515960558317602	0.06963552534580231	1.058523458921776	1.0048315294291759	0.0015836075949367087	0.010144045548523207	0.00871777	474		
friends	01	078	s07e08b		s07e	0.12379802747429902	60	11.787819253438114	29.3658447265625	2.50236383572654	0.0009304651757702231	0.06622012704610825	1.0454810894881885	0.978142140531497	0.0007686051080550098	0.012716103713163063	0.0114965	509		
friends	01	079	s07e09a		s07e	0.10401016603337201	36	8.0	30.12752914428711	2.494507544809491	-0.002739203628152609	0.07355504482984543	1.0600892569265028	1.0017596553006685	0.001997466666666667	0.011350007844444445	0.0109409	450		
friends	01	079	s07e09b		s07e	0.121259855073941	45	9.316770186335404	29.327381134033203	2.516976107708057	-0.0027076248079538345	0.07443314045667648	1.057906839917013	0.9902027800622412	0.0011308488612836436	0.011852963457556936	0.0127433	483		
friends	01	080	s07e10a		s07e	0.12025381670890248	40	8.733624454148472	32.093284606933594	2.514575021344409	-0.0011683483608067036	0.0692090168595314	1.0183833527571122	0.9691792584682721	0.0004714192139737991	0.00975425213973799	0.0076958	458		
friends	01	080	s07e10b		s07e	0.1891943638780359	116	23.577235772357724	25.059425354003906	2.53524138540378	-0.0026055604685097933	0.07459037005901337	1.0191763761710804	0.9750148948472509	0.0016661991869918696	0.017835367093495934	0.0239714	492		
friends	01	080	s07e11a		s07e	0.11024655418353117	17	3.663793103448276	35.9761962890625	2.533457534939764	-0.004105937201529741	0.07352650910615921	1.0963355144060483	1.027078206090713	0.0019192025862068967	0.006043054051724138	0.00876754	464		
friends	01	080	s07e11b		s07e	0.14867847218290647	62	12.474849094567404	27.378765106201172	2.5293408410443985	-0.002058551413938403	0.07125154137611389	1.0272319281048392	0.9773090322580639	0.0015980885311871228	0.014080167424547284	0.0166804	497		
friends	01	080	s07e12a		s07e	0.1022717197797674	16	3.5476718403547673	34.393211364746094	2.563056767655705	-0.0011671032989397645	0.0704290047287941	1.0526119099777775	0.9883273455111115	0.00043968957871396905	0.007012407272727272	0.00753859	451		
friends	01	081	s07e12b		s07e	0.13864586923830313	43	8.884297520661157	25.941110610961914	2.4096084959885724	0.00031528083491139114	0.06984733790159225	1.0187927830641825	0.9776148737060034	0.002198409090909091	0.01616374291322314	0.00948508	484		
friends	01	081	s07e13a		s07e	0.11290699054979147	32	5.936920222634508	31.59894371032715	2.4620393024295026	-0.00605087261646986	0.08119786530733109	1.0822421806319702	1.0295320426765804	0.003578979591836735	0.010440383413729128	0.00802717	539		
friends	01	082	s07e13b		s07e	0.11414077980783674	39	6.794425087108014	29.996917724609375	2.4478275719848535	0.0001748873619362712	0.06626639515161514	1.0282032258813247	0.9704686080628276	0.0006593379790940766	0.011367498432055749	0.00599861	574		
friends	01	082	s07e14a		s07e	0.10602056222358396	13	2.795698924731183	34.09663391113281	2.432832598213463	-0.0013540753861889243	0.06837084889411926	1.0496020747629318	0.9798565300431039	0.00023421505376344088	0.007478645698924732	0.00975865	465		
friends	01	083	s07e14b		s07e	0.10870518437117209	24	4.809619238476954	33.42600631713867	2.458552272478153	-0.0033693662844598293	0.07107201218605042	1.0732709935943776	1.011745542730923	0.0012160721442885775	0.007157761122244488	0.0152166	499		
friends	01	083	s07e15a		s07e	0.16149547718547555	105	18.551236749116608	24.863649368286133	2.436422933399446	8.683140913490206e-05	0.0654752105474472	1.0246658220000002	0.9816399036637181	0.002457190812720848	0.017515509399293288	0.0181702	566		
friends	01	084	s07e15b		s07e	0.1266926378916163	73	12.166666666666666	30.57320213317871	2.4965201088166165	-0.0006919513107277453	0.0702909305691719	1.0319591523873122	0.992938144223706	0.0012602833333333334	0.0106077147	0.0131738	600		
friends	01	084	s07e16a		s07e	0.11402192348812099	22	5.527638190954774	35.601139068603516	2.4903171613165274	0.0010566861601546407	0.06600587069988251	1.0918895098992436	1.0466971098236775	0.0018109547738693467	0.005932832336683417	0.0130761	398		
friends	01	085	s07e16b		s07e	0.1108513670413517	23	5.7356608478802995	34.1955451965332	2.5208516344285865	-0.0026795126032084227	0.07505442947149277	1.036119882975	0.9814996551750004	0.0005827431421446384	0.00788289463840399	0.00964517	401		
friends	01	085	s07e16c		s07e	0.11353869972955936	28	6.496519721577727	35.65376281738281	2.5123528307713636	-0.0003351345076225698	0.07260855287313461	1.0713437060232553	1.0029327557209304	0.0005835730858468678	0.006565317911832947	0.00870223	431		
friends	01	086	s07e17a		s07e	0.12884215024631016	55	12.702078521939955	30.37353515625	2.4390475888122283	-4.0157850889954716e-05	0.07001573592424393	1.012051589236111	0.9806036189583328	0.0008389376443418014	0.01049174023094688	0.00961517	433		
friends	01	087	s07e17b		s07e	0.12666443330835622	52	11.13490364025696	29.601146697998047	2.397537657803787	0.0002590074436739087	0.06522749364376068	1.0317770589270392	1.0035550796781116	0.0022894646680942186	0.012216225524625266	0.00992207	467		
friends	01	087	s07e18a		s07e	0.10463681826260013	32	6.722689075630252	36.14640808105469	2.3892424210045693	-9.490462980465963e-05	0.06723593175411224	1.053304663978947	1.0040400702315793	0.0005737605042016807	0.005789870567226891	0.0130325	476		
friends	01	088	s07e18b		s07e	0.13679885643793532	68	13.307240704500979	27.65062713623047	2.5022811516281185	-0.0030950289219617844	0.0739227682352066	1.0910278420392165	1.0474047621764704	0.004222935420743639	0.012489775499021527	0.0131008	511		
friends	01	088	s07e19a		s07e	0.09680037731547352	8	1.839080459770115	35.66584014892578	2.5086340104442133	-0.004528483841568232	0.0766715481877327	1.0570181968433177	0.9972704485944699	0.00035664367816091953	0.005968879080459771	0.0110156	435		
friends	01	088	s07e19b		s07e	0.14036216473551535	67	14.225053078556263	26.921768188476562	2.5138299863411064	-0.0046329740434885025	0.07822886109352112	1.05576781761702	1.0065007708936178	0.002507643312101911	0.014043892377919321	0.0165009	471		
friends	01	089	s07e20a		s07e	0.12976024125029836	58	12.775330396475772	28.262863159179688	2.498827593380153	-0.0006551130209118128	0.06916685402393341	1.0163978434657828	0.9727990899337751	0.001147114537444934	0.012387629008810574	0.0103462	454		
friends	01	089	s07e20b		s07e	0.1881979346414212	120	24.59016393442623	24.219587326049805	2.4885053282756395	-0.0012209356063976884	0.06915237009525299	1.0112206904517456	0.9672270084804939	0.0012680532786885248	0.018357556762295085	0.0112087	488		
friends	01	090	s07e21a		s07e	0.10655790245944127	10	2.336448598130841	37.66557312011719	2.4775902648941748	-0.0009214074234478176	0.06662335246801376	1.0627146215690877	1.0141681582903985	0.0009311682242990654	0.004930398785046728	0.010757	428		
friends	01	090	s07e21b		s07e	0.1381710953098375	69	14.870689655172415	30.319360733032227	2.4774448755950353	0.0005221583414822817	0.06586073338985443	1.0653138826565876	1.0070392967386608	0.001959956896551724	0.010516299612068965	0.007852	464		
friends	01	090	s07e22a		s07e	0.12481433840589438	42	8.936170212765957	29.608272552490234	2.487412655820999	0.0006186214741319418	0.0660330280661583	1.014782964946695	0.9690874163326226	0.0009962978723404255	0.011833138787234044	0.00979955	470		
friends	01	090	s07e22b		s07e	0.18559603357382135	109	21.584158415841586	25.76909828186035	2.4626698981091604	0.0020358047913759947	0.06419637054204941	1.0185572670833336	0.9792041388888891	0.002240158415841584	0.015467014514851486	0.0160092	505		
friends	01	091	s07e23a		s07e	0.16747536921415	138	28.75	27.228382110595703	2.5184725397728163	-0.003975623287260532	0.06607634574174881	1.0559121556576199	1.03489695862213	0.005228874999999999	0.012738009020833333	0.0146626	480		
friends	01	091	s07e23b		s07e	0.16340176095573974	97	20.041322314049587	26.57198715209961	2.5735972247764227	-0.0037604346871376038	0.06312773376703262	1.0021571285921325	0.9881357728778463	0.002634896694214876	0.016520761280991735	0.0108552	484		
friends	01	091	s07e23c		s07e	0.16284545955975116	94	19.502074688796682	30.11437225341797	2.5517818183782364	-0.0035703228786587715	0.06233399733901024	1.0301715783160086	1.0079154781912683	0.0021752282157676346	0.010158976804979254	0.0110907	482		
friends	01	091	s07e23d		s07e	0.12841686220105616	71	13.78640776699029	29.978172302246094	2.5710930881480496	-0.0032174396328628063	0.06292811781167984	0.9979083349805442	0.9777564266147862	0.001130776699029126	0.01145590704854369	0.0204798	515		
friends	02	001	s01e02a		s01e	0.15388803952415145	118	25.0	34.1990852355957	2.1045770567479356	-0.03339122235774994	0.09305637329816818	1.0927060782165596	1.0175666517834392	0.0014215042372881356	0.005834198156779661	0.0129257	472		
friends	02	001	s01e02b		s01e	0.17797845136336823	164	34.74576271186441	32.94255065917969	2.106729406015328	-0.03366658836603165	0.09381182491779327	1.110982797346073	1.0369643953927812	0.0022857627118644066	0.006659115741525424	0.0107094	472		
friends	02	001	s01e03a		s01e	0.1644422091966897	137	27.23658051689861	30.625629425048828	2.103644874529323	-0.029223304241895676	0.08271424472332001	1.033937202111553	0.9805131158167337	0.0005943936381709741	0.010022286878727634	0.0106313	503		
friends	02	001	s01e03b		s01e	0.17226927226187808	158	31.47410358565737	31.164426803588867	2.122323076953427	-0.03172525390982628	0.09260167181491852	1.0930569019361267	1.0219612659281445	0.0012643426294820718	0.008887976215139443	0.0107845	502		
friends	02	001	s01e06a		s01e	0.16567015346332148	159	33.056133056133056	31.043170928955078	2.1229427389126676	-0.031861208379268646	0.08583848178386688	1.0204522217916672	0.9695363433958326	0.00035415800415800416	0.01004074081081081	0.00772871	481		
friends	02	001	s01e06b		s01e	0.1643523726510842	147	30.68893528183716	34.75956726074219	2.1135908611857896	-0.03275680914521217	0.09190498292446136	1.0724474355648532	0.9964678904602503	0.0003368475991649269	0.00576463363256785	0.00572714	479		
friends	02	002	s01e04a		s01e	0.14042380225178025	84	17.94871794871795	31.340312957763672	2.1642934322034133	-0.027897892519831657	0.0877082571387291	1.034894867922912	0.9868848290578164	0.0008603632478632478	0.008926132243589744	0.0102617	468		
friends	02	002	s01e04b		s01e	0.14803392987867312	85	18.162393162393162	32.1834831237793	2.1736578996531044	-0.030214134603738785	0.0881664901971817	1.0655902489721631	1.006688319357602	0.0008164743589743591	0.007460255833333334	0.0103332	468		
friends	02	002	s01e05a		s01e	0.14454349080352163	92	18.930041152263374	32.302268981933594	2.1903115708787335	-0.033162761479616165	0.09405579417943954	1.0541021508247428	1.0038385731340214	0.0005395267489711936	0.007821812263374486	0.0110753	486		
friends	02	002	s01e05b		s01e	0.15851883938120315	143	29.363449691991786	31.553640365600586	2.1659581248063455	-0.030094539746642113	0.09105284512042999	1.0616600757818928	1.0204210240329221	0.0016433059548254623	0.008519373531827515	0.011342	487		
friends	02	003	s01e01a		s01e	0.15295778754275915	140	23.688663282571913	29.774024963378906	2.06842688463848	-0.0301053524017334	0.08373744785785675	1.0538203053050852	1.0033306480000004	0.0010587648054145517	0.011422138392554992	0.0134439	591		
friends	02	003	s01e01b		s01e	0.13868498476542143	113	19.120135363790187	35.41332244873047	2.079798777609607	-0.0351710207760334	0.09940655529499054	1.0611465485423723	1.0053490423559324	0.00045434856175972926	0.006044512910321489	0.00954178	591		
friends	02	003	s01e07a		s01e	0.1462798409357334	105	21.341463414634145	34.856998443603516	2.077564708287141	-0.03705411031842232	0.10563680529594421	1.0704221201425663	1.0126361545824847	0.0009971951219512195	0.006627182337398373	0.011453	492		
friends	02	003	s01e07b		s01e	0.15398010890047079	115	23.32657200811359	32.62640380859375	2.082353955875777	-0.032389625906944275	0.09080059081315994	1.0705065554674795	1.013314383922765	0.0010541987829614603	0.007873554320486816	0.0113107	493		
friends	02	003	s01e08a		s01e	0.1505829914985166	104	21.84873949579832	32.03228759765625	2.057163831009256	-0.03228163346648216	0.0927216187119484	1.0638399357894734	1.2603749742947363	0.002197016806722689	0.008206478109243697	0.0123072	476		
friends	02	003	s01e08b		s01e	0.12573293391130125	56	11.789473684210526	34.36572265625	2.039133722594789	-0.0360078327357769	0.09830351173877716	1.0585003886075963	1.0110957548945145	0.0007524	0.0061839408	0.00862949	475		
friends	02	004	s01e09a		s01e	0.15937325330962723	127	27.194860813704498	28.560688018798828	2.0563783363041592	-0.029332373291254044	0.0776166021823883	0.99755903360515	0.967936220879829	0.0009883297644539615	0.01295714278372591	0.00856145	467		
friends	02	004	s01e09b		s01e	0.1439362707442418	90	19.23076923076923	34.50432586669922	2.065169120346872	-0.032445963472127914	0.08695864677429199	1.0690442120985002	1.0159735489293364	0.001261153846153846	0.005833670512820513	0.0093417	468		
friends	02	004	s01e10a		s01e	0.14816068770599994	120	24.193548387096776	33.38541793823242	2.0774394605463806	-0.03467845171689987	0.09701835364103317	1.0500622219191917	0.9971564987474753	0.0003497177419354839	0.007299979879032258	0.0111717	496		
friends	02	004	s01e10b		s01e	0.14847731550772525	105	21.21212121212121	31.735462188720703	2.062542221411977	-0.0323815643787384	0.08322875946760178	1.0516018904251014	1.0050788904858305	0.0012647474747474745	0.008409780828282828	0.00806558	495		
friends	02	004	s01e11a		s01e	0.15691987296158943	117	24.57983193277311	32.90375518798828	2.0809516153517094	-0.031512945890426636	0.08657313883304596	1.069226985263158	1.0081801259578944	0.0007178781512605043	0.007004216008403361	0.0110991	476		
friends	02	004	s01e11b		s01e	0.1522479337493544	111	23.319327731092436	34.11512756347656	2.0865527501533516	-0.03362663835287094	0.0914984792470932	1.0711056651578943	1.8568536500210546	0.0006724579831932774	0.006370194600840337	0.0122255	476		
friends	02	005	s01e12a		s01e	0.13226010183889864	60	12.738853503184714	31.350305557250977	2.000539221080373	-0.026077991351485252	0.08487846702337265	1.054564027489361	1.0078608101489372	0.002367983014861996	0.009250558895966031	0.0122105	471		
friends	02	005	s01e12b		s01e	0.15486885168362868	126	26.865671641791046	33.055171966552734	1.9993548236833927	-0.026612697169184685	0.08574441820383072	1.0703248976282056	1.005150192692307	0.0008172281449893389	0.00697865053304904	0.0113574	469		
friends	02	005	s01e13a		s01e	0.13410490829594818	72	15.417558886509635	34.28554153442383	1.9961766822837403	-0.030096719041466713	0.09099046885967255	1.072652119570815	1.0174402131759661	0.0011821841541755887	0.005820475096359743	0.00900975	467		
friends	02	005	s01e13b		s01e	0.13684470769036436	76	16.23931623931624	33.25556564331055	2.009667119037008	-0.026036489754915237	0.08462376147508621	1.0553389832334046	0.9976488241113491	0.0005814316239316239	0.007058432478632479	0.00958514	468		
friends	02	006	s01e14a		s01e	0.16352769716170154	153	31.288343558282207	28.826549530029297	2.092347710965376	-0.02782771922647953	0.08595271408557892	0.9973472994057371	0.9569815327663939	0.0004803271983640081	0.013827019079754603	0.0119449	489		
friends	02	006	s01e14b		s01e	0.15945801584860012	124	25.357873210633947	31.34740447998047	2.1088682049184593	-0.027688534930348396	0.08134791254997253	1.0419244755737702	0.9879672024999996	0.001248834355828221	0.0095901808997955	0.00825538	489		
friends	02	006	s01e15a		s01e	0.13861741790950663	70	14.705882352941176	35.030921936035156	2.1170594014064146	-0.029046304523944855	0.08667817711830139	1.0743909766736839	1.7484739432210508	0.0006494747899159663	0.00558166674369748	0.00674033	476		
friends	02	006	s01e15b		s01e	0.159514758912055	127	26.680672268907564	34.502532958984375	2.107167617870026	-0.031160525977611542	0.08984661847352982	1.0799089951789471	0.9998821960421043	0.00041915966386554625	0.005996184789915967	0.00754674	476		
friends	02	006	s01e16a		s01e	0.1430015768115283	89	18.503118503118504	31.047048568725586	2.120304357885381	-0.02943970076739788	0.08583156019449234	1.029861664500001	1.667953842583334	0.0005470062370062371	0.009977283804573803	0.00759925	481		
friends	02	006	s01e16b		s01e	0.1736227178761257	155	32.224532224532226	32.65180587768555	2.123411115246588	-0.02910466492176056	0.086910679936409	1.0715694283541677	0.99907614525	0.00040091476091476093	0.0075560341164241165	0.00989098	481		
friends	02	007	s01e17a		s01e	0.14602733325724235	84	17.463617463617464	35.74457550048828	2.108577753214712	-0.03144434094429016	0.0946035385131836	1.0787299698333335	1.0128227368124996	0.0010957172557172557	0.005567433700623701	0.00738147	481		
friends	02	007	s01e17b		s01e	0.1590163839515425	103	21.548117154811717	36.79848861694336	2.1106719953911983	-0.032682180404663086	0.0980314239859581	1.0753848147589091	0.9970974227882596	0.0002478242677824268	0.0052816079707112985	0.00740741	478		
friends	02	007	s01e18a		s01e	0.14034699524957045	62	12.5	37.21314239501953	2.114405554702363	-0.033242758363485336	0.0986168161034584	1.06846559450505	0.9961729739393936	0.00022169354838709677	0.004898101633064515	0.00707459	496		
friends	02	007	s01e18b		s01e	0.14199676342797143	74	14.94949494949495	36.6971435546875	2.1153900745149437	-0.0328567735850811	0.09997030347585678	1.0815790448178149	1.0041044604251015	0.0004200606060606061	0.005210277353535354	0.00886163	495		
friends	02	008	s01e19a		s01e	0.16583609615293463	131	28.540305010893245	32.79286193847656	2.0439472311829774	-0.027894673869013786	0.08918653428554535	1.0607351677074242	0.9976416117903935	0.00123359477124183	0.008240654836601306	0.01253	459		
friends	02	008	s01e19b		s01e	0.16171217380664502	129	28.16593886462882	36.76905059814453	2.0570769489106113	-0.029102297499775887	0.09183775633573532	1.0832825186433261	1.0032018956673954	0.00030910480349344977	0.005269718406113537	0.00601592	458		
friends	02	008	s01e20a		s01e	0.17011933521443193	147	32.02614379084967	36.17485046386719	2.053427953390131	-0.02953885681927204	0.0926940068602562	1.0832055725327505	1.000904348318777	0.00038335511982570805	0.005419140893246187	0.00727945	459		
friends	02	008	s01e20b		s01e	0.18208088409846196	173	37.690631808278866	35.32596969604492	2.051347955980168	-0.029186058789491653	0.09416206926107407	1.0907495766375546	1.0034410198908303	0.0004840958605664488	0.005658776906318082	0.00616564	459		
friends	02	008	s01e21a		s01e	0.17081486909260676	161	33.8235294117647	34.484066009521484	2.046689240801616	-0.031076548621058464	0.09527184814214706	1.0752251929052627	1.0588826918526313	0.0003709033613445378	0.006479193130252101	0.00476021	476		
friends	02	008	s01e21b		s01e	0.17573419399393597	168	35.294117647058826	33.01719665527344	2.055168013596706	-0.029490800574421883	0.09515976160764694	1.089432499621052	1.0209997771578951	0.0018285294117647058	0.007291893004201681	0.00639044	476		
friends	02	009	s01e22a		s01e	0.13654370373451583	85	17.970401691331922	34.716156005859375	2.0181163726060767	-0.0306481271982193	0.0858081802725792	1.072978785656779	1.0283024161440686	0.0013975475687103595	0.006322840021141648	0.0142307	473		
friends	02	009	s01e22b		s01e	0.12474245477049999	41	8.668076109936575	36.61009979248047	2.029342689144591	-0.03180079162120819	0.08787219226360321	1.0520068010381358	1.0006695136016945	0.0003971458773784355	0.005603078350951375	0.0124156	473		
friends	02	009	s01e23a		s01e	0.12964983986871476	41	8.893709327548807	35.83768844604492	2.0191601620048667	-0.032505132257938385	0.09035290032625198	1.053472849565218	1.0003355596956516	0.0003294793926247288	0.0059568340130151855	0.010128	461		
friends	02	009	s01e23b		s01e	0.13272662479207734	62	13.449023861171366	36.63043975830078	2.0288921548003587	-0.031541354954242706	0.08596944063901901	1.0702809648695655	1.0103977521086958	0.0006859219088937094	0.005578322819956616	0.0132024	461		
friends	02	009	s01e24a		s01e	0.12887502298727924	59	11.45631067961165	36.43920135498047	2.0325083556497576	-0.03633294254541397	0.10543331503868103	1.063642435233463	1.0088417295136183	0.0006293009708737864	0.005494822893203883	0.0117071	515		
friends	02	009	s01e24b		s01e	0.13600265239775053	84	16.310679611650485	35.448829650878906	2.043709525180299	-0.031945452094078064	0.09063786268234253	1.0706792104474716	1.0090758443385217	0.0005542330097087379	0.0061876884077669905	0.0130943	515		
friends	02	010	s02e01a		s02e	0.13231918970098552	74	15.51362683438155	32.65768051147461	2.06768477117781	-0.03283701837062836	0.08893302828073502	1.0445954634873944	0.9964274807773106	0.0011681341719077566	0.008224015618448637	0.0105774	477		
friends	02	010	s02e01b		s02e	0.14392989055184197	89	18.69747899159664	34.226470947265625	2.065502537559149	-0.03245651721954346	0.09007736295461655	1.0775629753684206	1.0239231377894744	0.0013323319327731094	0.006292782962184874	0.0115858	476		
friends	02	010	s02e02a		s02e	0.13835933903027556	61	13.646532438478747	35.51036834716797	2.0700215689984542	-0.03278700262308121	0.09068255126476288	1.0758563448878915	1.0050411601121083	0.0004659955257270693	0.0060205151230425065	0.00980733	447		
friends	02	010	s02e02b		s02e	0.14197741895413402	78	17.37193763919822	33.64407730102539	2.076281633436402	-0.03118414618074894	0.08776567131280899	1.063614930959822	1.0090076431250004	0.0003955679287305123	0.006522562249443207	0.00880725	449		
friends	02	010	s02e03a		s02e	0.13588910552614114	61	13.174946004319654	35.7586669921875	2.072379987830911	-0.0341460146009922	0.09478513151407242	1.0741200035930738	1.0035257623160165	0.00043421166306695463	0.005508033455723542	0.00775482	463		
friends	02	010	s02e03b		s02e	0.15446257423208634	118	25.43103448275862	33.173194885253906	2.0687233134013816	-0.03409617021679878	0.09600050747394562	1.0822568150539948	1.00497462838013	0.000669375	0.007189769353448276	0.0162557	464		
friends	02	011	s02e04a		s02e	0.1544792948839706	119	26.26931567328918	31.95024871826172	2.0509934441612403	-0.031822480261325836	0.08900684863328934	1.0741862278539824	1.04087560931416	0.002169205298013245	0.008645919801324503	0.0115262	453		
friends	02	011	s02e04b		s02e	0.15539071346960515	115	25.386313465783665	36.03458023071289	2.0519382451026793	-0.032413698732852936	0.09471896290779114	1.0870256978097335	1.008243792035398	0.0006725386313465783	0.005548212052980133	0.00979064	453		
friends	02	011	s02e05a		s02e	0.12524662281808757	44	9.713024282560706	37.48569869995117	2.057171018511019	-0.030284395441412926	0.0857510194182396	1.0852192227433635	1.0086483987389379	0.0006146136865342164	0.004987856754966887	0.00611179	453		
friends	02	011	s02e05b		s02e	0.14447487730194994	75	16.62971175166297	35.76582336425781	2.066558679082224	-0.032088760286569595	0.09568791091442108	1.0851113185111116	1.0093379333777774	0.0006114412416851441	0.005771334833702882	0.00862371	451		
friends	02	011	s02e06a		s02e	0.15106319648428945	120	24.04809619238477	34.56113052368164	2.068229137144596	-0.03229615092277527	0.09637593477964401	1.0912604749196793	1.0142409553413658	0.0011119038076152308	0.006824057615230462	0.0106661	499		
friends	02	011	s02e06b		s02e	0.14333328231540826	102	20.4	33.73395538330078	2.0473232209733108	-0.03139634057879448	0.09358301013708115	1.0893517856312636	1.028670496172345	0.00101702	0.0068145118600000006	0.0111009	500		
friends	02	012	s02e07a		s02e	0.14604750719410908	103	20.766129032258064	29.421680450439453	2.14358228732308	-0.02707473188638687	0.08553937822580338	1.055212758020202	1.0162104331717179	0.003848608870967742	0.011974562681451613	0.0113642	496		
friends	02	012	s02e07b		s02e	0.13793652527082276	90	18.181818181818183	35.60480499267578	2.1657935469551868	-0.02569989114999771	0.08567773550748825	1.0829517141902822	1.0104185743522265	0.0006430909090909091	0.005450926323232322	0.00918128	495		
friends	02	012	s02e08a		s02e	0.13691242554165722	67	14.692982456140351	34.28783416748047	2.1577966235593737	-0.02718653902411461	0.08541619777679443	1.0763423454945062	1.0108464167692304	0.0009063815789473683	0.006502901425438596	0.00644925	456		
friends	02	012	s02e08b		s02e	0.1512944626568325	98	21.397379912663755	33.84837341308594	2.169605967788077	-0.026273639872670174	0.08676806837320328	1.0960281487308532	1.0170430372210066	0.000836593886462882	0.006525806375545852	0.0124229	458		
friends	02	012	s02e09a		s02e	0.1569062499239251	112	24.778761061946902	31.83836555480957	2.1651858890329234	-0.02648162841796875	0.08570334315299988	1.0714988015521065	1.0003024470288246	0.000716858407079646	0.008082940420353983	0.010452	452		
friends	02	012	s02e09b		s02e	0.16737691444037703	140	31.042128603104214	27.84599494934082	2.1588518031665	-0.02518024481832981	0.08450404554605484	1.0380841683333335	0.983616894933334	0.0011204434589800443	0.013704116807095344	0.0104235	451		
friends	02	013	s02e10a		s02e	0.14308509411294118	74	15.51362683438155	28.377384185791016	2.0447903471215607	-0.02789071947336197	0.0799449235200882	1.01297887527311	0.9779611300420165	0.0014076519916142555	0.013271763165618447	0.0104925	477		
friends	02	013	s02e10b		s02e	0.13152936631000964	51	10.669456066945607	29.297941207885742	2.073838693602168	-0.03002137318253517	0.08767682313919067	1.0273294329559755	0.9881377116142562	0.0023127405857740584	0.01333888092050209	0.00589586	478		
friends	02	013	s02e11a		s02e	0.14375141753440718	86	17.695473251028808	35.254295349121094	2.080142823247112	-0.031797781586647034	0.09129524976015091	1.080666671484536	1.0105216449896899	0.0006106378600823046	0.005978581028806584	0.0116975	486		
friends	02	013	s02e11b		s02e	0.1513124826484235	108	22.22222222222222	32.91835021972656	2.0763622346348303	-0.031964462250471115	0.09118781238794327	1.0859606877319588	1.0479941970721645	0.0010988888888888888	0.007392955905349794	0.0114005	486		
friends	02	013	s02e12a		s02e	0.1303023765521482	58	11.934156378600823	32.4771728515625	2.079372276098708	-0.03165890648961067	0.09332700073719025	1.0443918322061851	0.9982399949072167	0.0007920781893004115	0.007999446008230453	0.00712585	486		
friends	02	013	s02e12b		s02e	0.14141461358801866	85	17.48971193415638	32.3026008605957	2.078300973989713	-0.029315432533621788	0.08291591703891754	1.0716650594020625	1.0166535716494849	0.001014485596707819	0.008819484176954733	0.0107898	486		
friends	02	013	s02e13a		s02e	0.13855980684005695	79	16.188524590163933	31.15083885192871	2.082436978678775	-0.03215407207608223	0.09686983376741409	1.0286699411704308	0.984493252443533	0.0006773770491803278	0.009807848975409835	0.0103346	488		
friends	02	013	s02e13b		s02e	0.1598396586231673	131	26.84426229508197	31.734596252441406	2.0808065066850325	-0.03153064846992493	0.09909439086914062	1.0855608929979468	1.0160538581724847	0.0012955327868852458	0.008587509426229508	0.0171381	488		
friends	02	014	s02e14a		s02e	0.1602839603760233	119	25.10548523206751	26.553682327270508	2.1082232924702073	-0.02370660938322544	0.0717870444059372	0.9850020178012674	0.9502029741437636	0.0008154219409282701	0.017951426814345993	0.00715531	474		
friends	02	014	s02e14b		s02e	0.14691217547755014	105	22.198731501057082	34.399757385253906	2.1031990510669796	-0.027195999398827553	0.07609207928180695	1.0937062171610177	1.049885604237288	0.003361775898520085	0.006581068900634249	0.00406555	473		
friends	02	014	s02e15a		s02e	0.13106482705993697	59	12.688172043010752	35.75721740722656	2.1239737709415225	-0.027307143434882164	0.07783397287130356	1.0684796392672413	1.0115394533189666	0.0008358064516129032	0.005692882494623655	0.00720243	465		
friends	02	014	s02e15b		s02e	0.13860313318677758	84	18.06451612903226	34.82246398925781	2.112129998740076	-0.02697627618908882	0.08116314560174942	1.071925252650862	1.0103665798060342	0.0007124086021505375	0.006168608860215054	0.00629404	465		
friends	02	015	s02e16a		s02e	0.16604095257200402	150	31.446540880503143	31.12517738342285	2.042724267128046	-0.02602848783135414	0.08379105478525162	1.049023315462185	0.996608685420168	0.0019451572327044025	0.009965092620545074	0.00531033	477		
friends	02	015	s02e16b		s02e	0.14349088542561403	81	16.9811320754717	36.95069885253906	2.037787333839115	-0.02801143378019333	0.08717310428619385	1.0825208258613443	1.0084726205882346	0.0006495387840670858	0.005288273626834383	0.00593338	477		
friends	02	015	s02e17a		s02e	0.14232516936701117	82	16.80327868852459	33.87497329711914	2.044480050641344	-0.027974121272563934	0.0866602286696434	1.0418373082956878	0.9843096376180694	0.000389016393442623	0.007637531270491803	0.00492703	488		
friends	02	015	s02e17b		s02e	0.14035180148318718	66	13.552361396303901	34.70645523071289	2.0491973147218796	-0.0311846025288105	0.09301834553480148	1.0763130136831283	1.0191880332716048	0.0016672484599589326	0.007173306386036961	0.005887	487		
friends	02	015	s02e18a		s02e	0.1321732321587252	61	13.26086956521739	35.82410430908203	2.0484758879447256	-0.02970847859978676	0.08908300846815109	1.0694837062527234	1.0050018413725497	0.0005632608695652174	0.005969574543478261	0.00561332	460		
friends	02	015	s02e18b		s02e	0.1385167195093083	93	20.26143790849673	33.93789291381836	2.0526920510555295	-0.030357016250491142	0.09185998886823654	1.0763963027292576	1.0125412084497827	0.0009397167755991285	0.007597049586056645	0.00928776	459		
friends	02	016	s02e19a		s02e	0.14813244214988694	94	19.747899159663866	31.783082962036133	2.0046028305554255	-0.031128522008657455	0.08136094361543655	1.0832967971368417	1.0501249334105267	0.004649348739495798	0.009024755588235293	0.0139194	476		
friends	02	016	s02e19b		s02e	0.1246208351916162	39	8.193277310924369	35.910255432128906	2.0146687533419922	-0.03051890805363655	0.0832231342792511	1.0554076282105265	0.9990371110736838	0.00043735294117647064	0.005849234348739496	0.00948347	476		
friends	02	016	s02e20a		s02e	0.13393466634858572	59	13.140311804008908	33.48794174194336	2.014769244613067	-0.03016444481909275	0.08207175880670547	1.0307762454910707	0.9877665725446433	0.00045579064587973286	0.007640015367483296	0.0116149	449		
friends	02	016	s02e20b		s02e	0.11838218247715288	32	7.142857142857143	37.62706756591797	2.032333497979462	-0.032597970217466354	0.0917091816663742	1.056266072930649	1.0015827315883665	0.00037002232142857144	0.005220357700892858	0.0110022	448		
friends	02	017	s02e21a		s02e	0.15876381571080153	131	27.931769722814497	28.521669387817383	2.031202489753284	-0.030424952507019043	0.08574296534061432	1.0282771987606831	0.9870002215384593	0.0018703198294243073	0.012307153603411513	0.00692904	469		
friends	02	017	s02e21b		s02e	0.13543255659171438	81	17.307692307692307	34.06958770751953	2.0415556913182056	-0.03239922970533371	0.09393490105867386	1.0621795132976433	1.003427211627409	0.0007476068376068376	0.0063784927350427345	0.00844727	468		
friends	02	017	s02e22a		s02e	0.1543105039577909	120	26.490066225165563	34.330631256103516	2.045107260100579	-0.0321320965886116	0.08944189548492432	1.084883062013274	1.0186728039380537	0.0013089845474613688	0.005813477483443708	0.0124684	453		
friends	02	017	s02e22b		s02e	0.13718781529985594	71	15.848214285714286	31.935726165771484	2.0416406448480844	-0.03223227709531784	0.09058640897274017	1.0295939880313192	0.9854373005369118	0.0003841741071428571	0.007786373325892858	0.00794158	448		
friends	02	017	s02e23a		s02e	0.13592916141763417	81	17.802197802197803	34.43147277832031	2.0502061068359936	-0.032087504863739014	0.09065912663936615	1.0524537289427303	1.0125927818061682	0.0006037142857142857	0.006228880263736264	0.00748098	455		
friends	02	017	s02e23b		s02e	0.14027086618838763	90	19.736842105263158	32.634674072265625	2.0415784476166223	-0.030711613595485687	0.08649970591068268	1.0806273667252755	1.986491971428571	0.0038401535087719298	0.007428364473684212	0.00658858	456		
friends	02	017	s02e24a		s02e	0.13930086706440475	75	16.059957173447536	32.10575866699219	2.0541442803565815	-0.030697613954544067	0.09214070439338684	1.063823143841202	1.0144828903218883	0.0014067023554603852	0.007950461777301928	0.00733987	467		
friends	02	017	s02e24b		s02e	0.148982992556239	108	23.02771855010661	32.385013580322266	2.053156419649009	-0.03064681589603424	0.08870596438646317	1.0689584444444444	1.0091188396794872	0.0008651599147121535	0.007516208507462686	0.0114348	469		
friends	02	018	s03e01a		s03e	0.14939877006643104	106	21.632653061224488	28.252119064331055	2.0707268963786194	-0.029241958633065224	0.08681251108646393	0.9959639033946842	0.9715514351329245	0.0009591428571428572	0.013883920571428572	0.00680074	490		
friends	02	018	s03e01b		s03e	0.14438385801834203	90	18.367346938775512	34.83143615722656	2.0683179254928805	-0.03207973763346672	0.09269702434539795	1.0835303189366066	1.0500975322085886	0.001530530612244898	0.005698501959183673	0.0101259	490		
friends	02	018	s03e02a		s03e	0.14605525129202268	71	14.978902953586498	31.60576057434082	2.0610259645577376	-0.029834596440196037	0.08761929720640182	1.0289083088372093	1.0017784529809732	0.0004444303797468354	0.008047468396624471	0.0134368	474		
friends	02	018	s03e02b		s03e	0.13441165150193632	71	14.947368421052632	34.858543395996094	2.0677115960145964	-0.03269502893090248	0.09526018798351288	1.0697526355696199	1.0162881010970453	0.0012385684210526316	0.005661261389473683	0.0111518	475		
friends	02	018	s03e03a		s03e	0.13886080103753218	78	17.218543046357617	28.751628875732422	2.0637442517264826	-0.026018835604190826	0.07936728000640869	1.012751974225664	0.9797200815265481	0.0016501545253863137	0.01292616370860927	0.00641137	453		
friends	02	018	s03e03b		s03e	0.135398137181146	56	12.389380530973451	36.12798309326172	2.0773420208483753	-0.030077459290623665	0.09403958916664124	1.0672896069401332	1.0000456580044343	0.0003415929203539823	0.004990871327433628	0.0114032	452		
friends	02	018	s03e04a		s03e	0.14549770413677598	73	15.53191489361702	30.623788833618164	2.0664877063965097	-0.030946234241127968	0.09606520086526871	1.0224881191044775	0.9781977101279317	0.0004030212765957446	0.009574113617021277	0.00905613	470		
friends	02	018	s03e04b		s03e	0.12250901376332825	41	8.686440677966102	32.90198516845703	2.0806848546550856	-0.028567936271429062	0.0953582301735878	1.03779937326964	0.9850446479193199	0.0004008686440677967	0.006783493050847458	0.0120672	472		
friends	02	019	s03e05a		s03e	0.1582954461202161	117	24.324324324324323	29.759061813354492	2.109978717061146	-0.025717204436659813	0.079369455575943	1.0542072475833328	1.0412643733333333	0.003116091476091476	0.009746815550935551	0.00445791	481		
friends	02	019	s03e05b		s03e	0.14414628795191062	103	21.369294605809127	30.166637420654297	2.091855479415762	-0.030058903619647026	0.08573629707098007	1.0586241650727652	1.022154517588357	0.0021941908713692944	0.008511123921161826	0.00725174	482		
friends	02	019	s03e06a		s03e	0.17488953060323814	165	35.1063829787234	30.387876510620117	2.0911013379315118	-0.027764834463596344	0.08595747500658035	1.1086932375479743	1.0820535669509597	0.006187170212765957	0.009282545957446809	0.0050351	470		
friends	02	019	s03e06b		s03e	0.1433117130041687	101	21.535181236673775	32.21287536621094	2.1062608519912054	-0.029070084914565086	0.08569641411304474	1.047435898782052	1.0033872277350429	0.0008023454157782516	0.007842063859275054	0.00736902	469		
friends	02	019	s03e07a		s03e	0.14306708617235653	92	19.742489270386265	34.96880340576172	2.113597653868954	-0.029423266649246216	0.09058382362127304	1.051761001634409	1.0010274362150533	0.0003007081545064377	0.005582693497854077	0.00639767	466		
friends	02	019	s03e07b		s03e	0.13807189153613753	87	18.669527896995707	33.0213623046875	2.1176125572600273	-0.02830594778060913	0.08738069236278534	1.0346153551612902	0.9909466292258072	0.0003082188841201717	0.006807625214592274	0.00621523	466		
friends	02	020	s03e08a		s03e	0.16217970989278066	144	31.304347826086957	28.663490295410156	2.1444648958154118	-0.02974510006606579	0.09036938101053238	1.000626603246188	0.9685170731154684	0.0008470217391304348	0.013108316478260868	0.00470669	460		
friends	02	020	s03e08b		s03e	0.1512932481665372	122	26.637554585152838	34.06443405151367	2.150851494194034	-0.030514754354953766	0.09041363000869751	1.0556440962144424	2.066458854814005	0.000730349344978166	0.006568759781659389	0.00891765	458		
friends	02	020	s03e09a		s03e	0.16244066982308392	157	31.845841784989858	32.33006286621094	2.1539156198090916	-0.028065886348485947	0.08539455384016037	1.0292397254065022	0.9909691904065049	0.0009962474645030426	0.00850692168356998	0.00646214	493		
friends	02	020	s03e09b		s03e	0.14358153953827626	108	21.906693711967545	33.547447204589844	2.1646242792448573	-0.029920758679509163	0.08706004172563553	1.0499492290447159	0.9993772578658532	0.0005413184584178498	0.006633232677484787	0.00934753	493		
friends	02	020	s03e10a		s03e	0.15576737224717052	116	25.77777777777778	34.85003662109375	2.153227806378523	-0.03022332489490509	0.0927041620016098	1.0824171658797326	1.02141540378619	0.0011421777777777776	0.005878366533333333	0.010227	450		
friends	02	020	s03e10b		s03e	0.15803141802471932	125	27.77777777777778	32.6298713684082	2.1548239615218905	-0.030489053577184677	0.09526167809963226	1.0416232205345208	0.9908238733630294	0.0004996666666666667	0.007716666555555555	0.00784635	450		
friends	02	021	s03e11a		s03e	0.15294343190456525	125	27.35229759299781	31.66632080078125	2.125253190001083	-0.024124784395098686	0.08204250037670135	1.0532493363157893	1.008874816929825	0.001347527352297593	0.008195121050328227	0.00888264	457		
friends	02	021	s03e11b		s03e	0.18686453707058542	169	37.06140350877193	28.727556228637695	2.122624101846893	-0.02089870162308216	0.07773728668689728	1.0750695268131873	1.012061167384615	0.0011646491228070176	0.011199857763157895	0.0124262	456		
friends	02	022	s03e12a		s03e	0.2079884575815302	200	43.10344827586207	30.160743713378906	2.0224986409625143	-0.0347805991768837	0.09727048873901367	1.0662259968250547	1.0042955706479482	0.001767887931034483	0.010383216120689655	0.0124537	464		
friends	02	022	s03e12b		s03e	0.18150393854990546	160	34.557235421166304	32.97343063354492	2.044054667307968	-0.028902176767587662	0.08795241266489029	1.0818646369264076	1.024090799502164	0.0018797408207343411	0.007860735226781858	0.00792359	463		
friends	02	022	s03e13a		s03e	0.16480026270288106	149	31.50105708245243	32.371551513671875	2.041849918895427	-0.03155411034822464	0.08754283934831619	1.0639082212711866	1.0163102674152542	0.0018701057082452432	0.008538948329809726	0.00669055	473		
friends	02	022	s03e13b		s03e	0.1747700908583374	161	34.110169491525426	33.165748596191406	2.040660408199698	-0.03155563771724701	0.08835713565349579	1.074030534225052	1.019755886369427	0.0018324152542372881	0.007459347838983051	0.00504341	472		
friends	02	022	s03e14a		s03e	0.17079788242926966	145	31.79824561403509	33.4804573059082	2.0607597369653017	-0.03046536259353161	0.0857333168387413	1.0607964334285716	1.0006467492307687	0.0010851973684210525	0.007526245701754386	0.00581616	456		
friends	02	022	s03e14b		s03e	0.15898040201518396	127	27.789934354485776	32.86064910888672	2.050114838384634	-0.030793584883213043	0.08887699246406555	1.0619992884429832	1.0029551072807015	0.0008594967177242888	0.007698883369803063	0.00542412	457		
friends	02	023	s03e15a		s03e	0.1658984895851001	145	31.728665207877462	31.18906021118164	2.116099432951742	-0.029929552227258682	0.08566529303789139	1.030959935986843	0.9903970073684208	0.001266695842450766	0.00898617886214442	0.00427996	457		
friends	02	023	s03e15b		s03e	0.15998406048855393	127	27.729257641921397	32.53873825073242	2.1281785624588587	-0.030360331758856773	0.08731473237276077	1.0349758891903706	0.9890659541137852	0.0006903930131004366	0.007429912554585153	0.00693157	458		
friends	02	023	s03e16a		s03e	0.16675256942404065	151	32.33404710920771	32.78398895263672	2.137505458673131	-0.02963332273066044	0.08862847089767456	1.0415612459227463	0.9943779278326177	0.0007842826552462526	0.007398500214132762	0.00451971	467		
friends	02	023	s03e16b		s03e	0.15508378546649437	107	22.91220556745182	34.11712646484375	2.130449412692354	-0.029164083302021027	0.08785828948020935	1.0468987415665223	0.9970868033690987	0.0005025481798715204	0.005935047323340471	0.00393806	467		
friends	02	023	s03e17a		s03e	0.15782663385413334	114	25.221238938053098	35.029815673828125	2.1446653980249475	-0.027626076713204384	0.08673503249883652	1.05802190518847	1.0272070037694012	0.000705353982300885	0.005339794380530974	0.00400637	452		
friends	02	023	s03e17b		s03e	0.1533825618589552	95	21.01769911504425	33.85880661010742	2.1430384353921	-0.02664617821574211	0.08505111932754517	1.040140017184035	0.991309499822617	0.00037068584070796455	0.0061763004203539825	0.00454563	452		
friends	02	024	s03e18a		s03e	0.2324602078809398	228	48.61407249466951	26.455711364746094	2.1767802432557715	-0.02592923492193222	0.08277535438537598	1.0238169476068377	0.9700584814529919	0.0005622814498933902	0.013950203987206825	0.0262894	469		
friends	02	024	s03e18b		s03e	0.20144769415582625	192	41.02564102564103	31.823654174804688	2.183883903541016	-0.024453656747937202	0.08323878049850464	1.0711629993361886	1.0003473584154177	0.0007215384615384616	0.007674282863247862	0.0136779	468		
friends	02	024	s03e19a		s03e	0.17375225100684283	143	30.555555555555557	31.405303955078125	2.180248051107719	-0.025231311097741127	0.08595401793718338	1.0489527334689517	0.9989786029122057	0.0010419017094017093	0.007876725128205128	0.00629008	468		
friends	02	024	s03e19b		s03e	0.18039371303044496	160	34.33476394849785	30.75760269165039	2.182056653234773	-0.025186069309711456	0.08710237592458725	1.0740426390967746	1.0476092604086022	0.0036215665236051502	0.008426844871244635	0.00951314	466		
friends	02	024	s03e20a		s03e	0.16808853288753245	140	30.303030303030305	33.45691680908203	2.198914912953508	-0.025782613083720207	0.08935105800628662	1.065574469696312	1.061414614772234	0.0007608658008658009	0.006478907792207792	0.00797718	462		
friends	02	024	s03e20b		s03e	0.15553410435186993	124	26.781857451403887	33.542022705078125	2.1947564724086424	-0.025673096999526024	0.08979570120573044	1.056194435497835	1.0064997541774898	0.000646414686825054	0.00647087516198704	0.00856869	463		
friends	02	025	s03e21a		s03e	0.18696729611181825	175	38.12636165577342	29.249759674072266	2.056896620312192	-0.027697643265128136	0.08255696296691895	1.0392787359388647	0.9911782213537117	0.0011873856209150327	0.011225359978213507	0.00749449	459		
friends	02	025	s03e21b		s03e	0.1659725693297514	135	29.475982532751093	33.02392578125	2.070791098232018	-0.027399979531764984	0.08005993813276291	1.0621942995842448	1.0107741611159742	0.0009333624454148471	0.006814015807860263	0.00590203	458		
friends	02	025	s03e22a		s03e	0.16142171209455428	130	28.26086956521739	34.41004180908203	2.0698104977958627	-0.027774760499596596	0.08578283339738846	1.0672032956862747	1.0096637983224392	0.0009419565217391305	0.006112631130434783	0.00579195	460		
friends	02	025	s03e22b		s03e	0.16040672999381786	115	25.0	33.15172576904297	2.0918283209096735	-0.028327062726020813	0.08348531275987625	1.065058177167756	1.0119345957080614	0.0011813043478260872	0.006727420739130434	0.00487914	460		
friends	02	025	s03e23a		s03e	0.14812822757822766	103	21.961620469083154	33.97890853881836	2.0918497882542155	-0.02760407328605652	0.08442911505699158	1.058599349914531	1.005613156559829	0.0005957782515991472	0.006442186481876332	0.00421315	469		
friends	02	025	s03e23b		s03e	0.17936282102907183	168	35.82089552238806	30.33304214477539	2.0807997726762726	-0.02722674049437046	0.08623629063367844	1.063606831388889	1.0036661367735036	0.0007308528784648187	0.0090477018336887	0.00975356	469		
friends	02	026	s03e24a		s03e	0.1736562677761301	164	36.203090507726266	28.84380531311035	2.0318428079045705	-0.027503101155161858	0.08187555521726608	0.9853035963938058	0.9500103822566367	0.0004024282560706402	0.014200373200883002	0.00618756	453		
friends	02	026	s03e24b		s03e	0.15269167489507282	127	28.03532008830022	34.869449615478516	2.0426882754347737	-0.03126758709549904	0.0873061865568161	1.0629442548451322	0.9998118122566365	0.0006517439293598235	0.006135019183222958	0.00603234	453		
friends	02	026	s03e25a		s03e	0.1549439199360477	109	22.803347280334727	31.5389461517334	2.037939972292711	-0.03024483472108841	0.08935420215129852	1.0265384903563937	0.9818122597903558	0.0005209414225941424	0.009498419560669456	0.00672185	478		
friends	02	026	s03e25b		s03e	0.15849120137693537	138	28.87029288702929	32.60002517700195	2.042481454628047	-0.02920973114669323	0.08835511654615402	1.0318373712997904	0.9818652584696019	0.00025571129707112973	0.007751726715481171	0.00450802	478		
friends	02	026	s04e01a		s04e	0.15664635935290575	125	26.70940170940171	34.561607360839844	2.0549733893552746	-0.02773161046206951	0.08404172956943512	1.0730233609207716	1.0163489747537473	0.00130482905982906	0.006163519294871794	0.00662651	468		
friends	02	026	s04e01b		s04e	0.16322916115968103	151	32.33404710920771	33.582069396972656	2.056052724449233	-0.026665737852454185	0.08400554209947586	1.0555345431115886	1.0138686752575106	0.0006355460385438973	0.006947563725910064	0.00407491	467		
friends	02	027	s04e02a		s04e	0.17778441146567364	183	38.36477987421384	30.157100677490234	2.058241890466705	-0.02983655035495758	0.08564379811286926	1.0142519494537814	0.964197798382353	0.0004439203354297694	0.011539160482180294	0.009455	477		
friends	02	027	s04e02b		s04e	0.16520209873419087	151	31.656184486373167	37.20237731933594	2.0536528422532183	-0.03184321150183678	0.09048730880022049	1.0699062911344532	0.9994463889495796	0.0003157651991614256	0.004676541446540881	0.00899744	477		
friends	02	027	s04e03a		s04e	0.15908234103645694	121	27.191011235955056	33.97917175292969	2.0537321866440945	-0.03217671439051628	0.09011611342430115	1.0779704002027026	1.0166628000000004	0.0013226516853932584	0.006765401348314607	0.00602588	445		
friends	02	027	s04e03b		s04e	0.1610801381375714	121	27.191011235955056	33.5910758972168	2.0624982601281476	-0.030112210661172867	0.08896147459745407	1.0697638844594592	1.0089803544144136	0.0011334157303370788	0.0070405477303370784	0.00857995	445		
friends	02	027	s04e04a		s04e	0.16010269976318842	123	27.1523178807947	33.88312911987305	2.058324035248697	-0.030815117061138153	0.09210137277841568	1.073914298716813	1.0093561973230096	0.001398366445916115	0.006547613598233996	0.00695119	453		
friends	02	027	s04e04b		s04e	0.14623606129779188	98	21.68141592920354	34.035282135009766	2.0591707019305363	-0.03048059716820717	0.0912025198340416	1.0590323868292688	1.006282860332595	0.0008884070796460176	0.006358447079646018	0.00624491	452		
friends	02	028	s04e05a		s04e	0.17340454308440262	169	35.95744680851064	28.520835876464844	2.0848405571342044	-0.025272516533732414	0.07761643081903458	1.0073678394243069	0.9697414986140719	0.0010994680851063828	0.013187866361702128	0.00266977	470		
friends	02	028	s04e05b		s04e	0.16021523548429306	127	27.078891257995735	34.94456100463867	2.0804376658593506	-0.02809678204357624	0.08478495478630066	1.0681432007264955	1.0037088419017095	0.0005191684434968016	0.005586289104477613	0.00746052	469		
friends	02	028	s04e06a		s04e	0.15866401507296357	128	27.645788336933045	34.14373016357422	2.077967930002509	-0.027159642428159714	0.08615318685770035	1.0684646669480518	1.0073517003679662	0.0008320950323974081	0.006263773758099353	0.00814511	463		
friends	02	028	s04e06b		s04e	0.15901879843928451	138	29.805615550755938	33.05868911743164	2.0697086464323844	-0.02597813867032528	0.08313248306512833	1.0758202630952378	1.019051651731601	0.0014461123110151187	0.006871679762419007	0.00498985	463		
friends	02	029	s04e07a		s04e	0.16170701813496358	147	29.637096774193548	27.541641235351562	2.0501230241608646	-0.027056140825152397	0.0806812047958374	0.9998833647878792	0.9738912230505052	0.0010622177419354838	0.013859621451612904	0.00813008	496		
friends	02	029	s04e07b		s04e	0.17100373551780854	154	31.17408906882591	31.473827362060547	2.068515060855538	-0.030032841488718987	0.09401078522205353	1.0467125355172415	0.9934973952738331	0.0005477125506072874	0.00811773370445344	0.0233057	494		
friends	02	029	s04e08a		s04e	0.16755233552299972	154	30.677290836653388	28.49351692199707	2.0641034064356605	-0.027388829737901688	0.08953923732042313	1.0594172204391217	1.0334812974251497	0.003380876494023904	0.011733264661354582	0.00674123	502		
friends	02	029	s04e08b		s04e	0.16841326485142913	160	31.936127744510976	30.053407669067383	2.0617826809289648	-0.027797391638159752	0.08485620468854904	1.0153990380799993	1.03684291708	0.0010661676646706588	0.009523745289421159	0.00601267	501		
friends	02	029	s04e09a		s04e	0.17588840766385946	149	33.86363636363637	28.08352279663086	2.0624983441429383	-0.026465166360139847	0.08120068907737732	1.0148018818451026	0.9826258387927113	0.0012428863636363638	0.01199938875	0.00969743	440		
friends	02	029	s04e09b		s04e	0.17489479032464486	154	34.92063492063492	28.490005493164062	2.0553646152841645	-0.027186935767531395	0.08621720969676971	1.0394682306363625	1.0036947108409089	0.0016493650793650793	0.011870590340136055	0.00742407	441		
friends	02	030	s04e10a		s04e	0.18858011258555799	198	44.19642857142857	28.910255432128906	2.0924419198029227	-0.02727416530251503	0.0830865353345871	1.0330010943624164	0.9993792115436234	0.00238640625	0.011538740714285714	0.00558003	448		
friends	02	030	s04e10b		s04e	0.1744439690044081	149	33.18485523385301	32.155609130859375	2.0748014733142686	-0.02991160936653614	0.08735868334770203	1.0690145698437503	1.0245784400446423	0.0016154120267260579	0.0071631612026726065	0.00639039	449		
friends	02	030	s04e11a		s04e	0.16740084936035482	166	34.51143451143451	30.289812088012695	2.088984501413299	-0.029250314459204674	0.0893160030245781	1.034454551375	0.9984189017083341	0.0010484823284823285	0.009821860623700624	0.00617235	481		
friends	02	030	s04e11b		s04e	0.15232341539921126	117	24.273858921161825	30.317792892456055	2.096328107085772	-0.030744733288884163	0.09370065480470657	1.0010955959667374	0.9720789964033263	0.0005204564315352697	0.010065440041493776	0.00552997	482		
friends	02	030	s04e12a		s04e	0.18439980204243417	192	41.29032258064516	27.85987091064453	2.0796565575509693	-0.026494694873690605	0.0843084305524826	1.0583515013146545	1.0278739928017246	0.0034587956989247303	0.013319514752688172	0.00854542	465		
friends	02	030	s04e12b		s04e	0.17346621021553676	149	31.974248927038627	28.422502517700195	2.093232249821512	-0.029642997309565544	0.09383523464202881	1.06815260111828	1.0249631384516131	0.0022284763948497857	0.011083862339055795	0.00915726	466		
friends	02	031	s04e13a		s04e	0.19472984779002778	201	45.372460496613996	29.899816513061523	2.044856424830003	-0.026096666231751442	0.08489342033863068	1.0504193434615388	0.9970069449547515	0.0018062076749435667	0.009556454288939052	0.00473741	443		
friends	02	031	s04e13b		s04e	0.18197880140615702	178	39.91031390134529	32.736934661865234	2.0395460103537992	-0.02876034565269947	0.08905788511037827	1.0721002328539329	1.0082254360449443	0.0009100224215246637	0.006771525807174887	0.00753138	446		
friends	02	031	s04e14a		s04e	0.16639043828891092	127	28.411633109619686	33.07719039916992	2.042144499582183	-0.028738662600517273	0.08958620578050613	1.0608651808744396	0.9976158204260077	0.0004591275167785235	0.006490192483221476	0.00517567	447		
friends	02	031	s04e14b		s04e	0.1702931631955976	151	33.856502242152466	32.90357208251953	2.043915719102293	-0.028613973408937454	0.09309351444244385	1.0622792020898868	1.0095360126067416	0.0010092376681614349	0.006866833049327354	0.00702872	446		
friends	02	031	s04e15a		s04e	0.17055354767900718	143	32.27990970654628	31.872468948364258	2.0389033525808418	-0.025525327771902084	0.08543651551008224	1.06201465321267	1.3180283080769235	0.0014866139954853271	0.007527280474040632	0.00795439	443		
friends	02	031	s04e15b		s04e	0.18551993242388784	154	34.762979683972915	29.134628295898438	2.045691428657502	-0.025934841483831406	0.08673157542943954	1.115637427217195	1.0509748777149317	0.003516523702031603	0.010722789074492098	0.00720437	443		
friends	02	032	s04e16a		s04e	0.18580085047394684	192	39.50617283950617	28.63395881652832	2.1258353287079172	-0.024857714772224426	0.07433580607175827	1.0342914036701027	0.9885720660618552	0.0013794032921810699	0.011787638456790124	0.00329472	486		
friends	02	032	s04e16b		s04e	0.18573488189355197	193	39.711934156378604	30.881031036376953	2.134357972231149	-0.02561727911233902	0.07908264547586441	1.0799680208453613	1.0329185222061854	0.0026058230452674896	0.008224278971193415	0.00707095	486		
friends	02	032	s04e17a		s04e	0.2347072035505494	236	49.37238493723849	24.36783218383789	2.133553504339216	-0.02556782029569149	0.08058556169271469	1.0067855186373167	0.9713817334800832	0.0012528661087866106	0.020226480334728035	0.00728143	478		
friends	02	032	s04e17b		s04e	0.22331363490451883	237	49.685534591194966	26.24228858947754	2.139293015670609	-0.022062629461288452	0.07708314061164856	1.0532783352731092	1.0107851386344537	0.002625262054507337	0.014733390440251574	0.00747298	477		
friends	02	032	s04e18a		s04e	0.2036056111951554	198	44.097995545657014	27.479080200195312	2.1451913295290503	-0.022114280611276627	0.0750495195388794	1.0431582899330363	1.0024951095758932	0.002875946547884187	0.013415625389755012	0.00614558	449		
friends	02	032	s04e18b		s04e	0.1959747786821437	200	44.54342984409799	27.816802978515625	2.14260641612972	-0.019872678443789482	0.07646475732326508	1.059385187299107	1.0149367103571427	0.0017974164810690423	0.011179844142538975	0.00692547	449		
friends	02	033	s04e19a		s04e	0.20699845533516822	228	52.17391304347826	28.04703140258789	2.116986630210587	-0.024010518565773964	0.07688437402248383	1.0888403863990825	1.069886388922019	0.0037306636155606397	0.012096348604118993	0.00829608	437		
friends	02	033	s04e19b		s04e	0.20596934102750616	221	50.68807339449541	29.92384147644043	2.1100142481728783	-0.024176348000764847	0.07811460644006729	1.08528068016092	1.0622436402758613	0.0038144495412844037	0.009617053119266056	0.00870842	436		
friends	02	033	s04e20a		s04e	0.1823277110258739	180	40.449438202247194	31.414688110351562	2.0965152169716075	-0.0272070299834013	0.08576678484678268	1.058771250495495	0.9991758253153159	0.0005790561797752809	0.007814886943820225	0.0114559	445		
friends	02	033	s04e20b		s04e	0.18805426276492343	184	41.16331096196868	31.633182525634766	2.1198483497096303	-0.02658330276608467	0.0851188451051712	1.065704808161436	1.0115274658520184	0.001266331096196868	0.007796108098434004	0.0113777	447		
friends	02	033	s04e21a		s04e	0.19332671257489203	207	46.205357142857146	31.52811622619629	2.110468116082666	-0.0263618603348732	0.07918353378772736	1.0627844993736018	1.003786511454139	0.0012403794642857143	0.008121986584821429	0.0119811	448		
friends	02	033	s04e21b		s04e	0.17895833142785775	167	37.360178970917225	30.133502960205078	2.120364460341767	-0.02624712698161602	0.08374621719121933	1.1437716389686106	1.1063295671076232	0.007217516778523491	0.009170561230425056	0.0104395	447		
friends	02	033	s04e22a		s04e	0.17457608201398367	164	35.80786026200873	29.579612731933594	2.128098850947309	-0.02549843303859234	0.08102148026227951	1.0587232693216624	1.0089867416849012	0.0011617030567685589	0.01030070844978166	0.00882777	458		
friends	02	033	s04e22b		s04e	0.18949549476749394	193	42.0479302832244	29.766279220581055	2.120355506587699	-0.02546011656522751	0.08336517959833145	1.088716520305677	1.0905102587991264	0.0013577777777777778	0.009200335272331155	0.0131165	459		
friends	02	033	s04e23a		s04e	0.18571717917121425	200	39.603960396039604	29.690885543823242	2.107640770689462	-0.02233012206852436	0.08369091153144836	1.0894500788690484	1.0474818626388902	0.003641346534653465	0.009639720118811881	0.00981826	505		
friends	02	033	s04e23b		s04e	0.18511092820710454	192	38.24701195219124	29.42336654663086	2.1122235488719165	-0.021040763705968857	0.07666220515966415	1.090347002694611	5.169345364690621	0.003498605577689243	0.009846620179282868	0.00997519	502		
friends	02	033	s04e23c		s04e	0.17353668890133686	177	35.11904761904762	30.20467758178711	2.1123126030472426	-0.022968292236328125	0.08074869215488434	1.0505758571570576	1.0047639736779328	0.0013515079365079366	0.008842214246031745	0.00761485	504		
friends	02	033	s04e23d		s04e	0.15760345483747146	141	27.976190476190474	30.584131240844727	2.117123816205595	-0.02282407134771347	0.08116348087787628	1.0597072747514917	1.004995352564612	0.0010238492063492062	0.008823092222222223	0.0109721	504		
friends	02	034	s05e01a		s05e	0.17946431317267855	175	39.863325740318906	27.48121452331543	2.1119597200483438	-0.025339914485812187	0.08052840083837509	1.0367987996803658	0.9840570215068484	0.002595375854214123	0.014758709430523919	0.00875745	439		
friends	02	034	s05e01b		s05e	0.1954297999435197	219	46.300211416490484	30.192054748535156	2.113408221703958	-0.02514510601758957	0.08346512913703918	1.0700960897245757	1.0091140859110161	0.00149338266384778	0.009221056934460889	0.00884695	473		
friends	02	034	s05e02a		s05e	0.19359696038449348	223	45.05050505050505	31.43937873840332	2.113932199303506	-0.030042346566915512	0.09716012328863144	1.0958466883603244	1.0346991587044532	0.0024439191919191925	0.007557376101010101	0.0149037	495		
friends	02	034	s05e02b		s05e	0.19263166489876668	238	44.8210922787194	30.757001876831055	2.1240751426470457	-0.025273581966757774	0.0871264785528183	1.0823360273207545	1.0113911890943401	0.0012045574387947269	0.008715716836158191	0.00839585	531		
friends	02	034	s05e03a		s05e	0.18099505708191385	180	40.54054054054054	32.08146667480469	2.1242977923180986	-0.024834459647536278	0.08710939437150955	1.0763278299548527	1.0039316244920982	0.0009026801801801801	0.007502064707207208	0.00992467	444		
friends	02	034	s05e03b		s05e	0.19591532250639052	187	39.53488372093023	30.2784481048584	2.130887546414397	-0.02267969213426113	0.08281239867210388	1.0789947244067795	1.0092280324364407	0.0008903594080338267	0.009048721014799154	0.0103777	473		
friends	02	035	s05e04a		s05e	0.2107635034005011	257	52.772073921971256	30.700620651245117	2.1287783597530474	-0.028033435344696045	0.08313078433275223	1.063680985864198	1.00980210845679	0.0013398973305954825	0.008708753963039016	0.00754479	487		
friends	02	035	s05e04b		s05e	0.1901715836508301	222	42.36641221374046	31.44119644165039	2.12428106167822	-0.028094787150621414	0.08191198110580444	1.059124167284894	1.0009293614722747	0.0007958778625954199	0.008438084160305344	0.00701309	524		
friends	02	035	s05e05a		s05e	0.218303983422741	232	47.73662551440329	29.743892669677734	2.125868013187646	-0.026915108785033226	0.0817442312836647	1.0525403944123708	0.9995407463711348	0.0009017489711934157	0.009738761337448559	0.00999765	486		
friends	02	035	s05e05b		s05e	0.1987221223624015	215	41.34615384615385	30.370887756347656	2.1370568858529633	-0.0256856307387352	0.08242033421993256	1.0637130801926786	1.012009487784201	0.001170326923076923	0.009383186846153847	0.00808716	520		
friends	02	035	s05e06a		s05e	0.2204812157550453	224	48.90829694323144	29.506624221801758	2.122840475090833	-0.024819962680339813	0.08600816875696182	1.052803285536105	1.0043865832385128	0.0011211572052401747	0.010475018078602622	0.00861543	458		
friends	02	035	s05e06b		s05e	0.28865751749176644	293	59.43204868154158	25.82331085205078	2.1319575234234245	-0.022564489394426346	0.08756905794143677	1.0315647282520326	0.9870138238211388	0.0016422515212981745	0.01630244261663286	0.00950633	493		
friends	02	036	s05e07a		s05e	0.17606655423795303	174	37.99126637554585	29.599308013916016	2.0389428569854022	-0.03028992749750614	0.08183187246322632	1.0137238835667397	0.9709330050984692	0.0010692576419213974	0.01204963207423581	0.0115576	458		
friends	02	036	s05e07b		s05e	0.17310089451781066	185	37.60162601626016	31.189620971679688	2.0278945687445122	-0.02923116274178028	0.08232302218675613	1.09751426832994	1.0559569817515282	0.00484420731707317	0.009180721117886178	0.00635614	492		
friends	02	036	s05e08a		s05e	0.1788269835870047	182	41.08352144469526	31.65797233581543	2.030292263811991	-0.03044438734650612	0.08415189385414124	1.0481117808144798	0.9915271933031673	0.0004520767494356659	0.008746272483069977	0.00717678	443		
friends	02	036	s05e08b		s05e	0.16111928365700795	136	28.333333333333332	33.25266647338867	2.0370634164920967	-0.030792273581027985	0.0869012400507927	1.0580672086847598	0.992433481273486	0.00050425	0.007197737729166667	0.00807681	480		
friends	02	036	s05e09a		s05e	0.16866788749976014	146	32.08791208791209	32.381446838378906	2.0326132580967333	-0.029929233714938164	0.08537089079618454	1.062896480330397	1.0060264720484573	0.0011111648351648353	0.008134654461538462	0.00719624	455		
friends	02	036	s05e09b		s05e	0.17100805611738434	176	35.991820040899796	31.45059585571289	2.02238024969789	-0.028594637289643288	0.08467985689640045	1.1131752971721314	1.0747160197540977	0.004789284253578731	0.008817152638036809	0.0078333	489		
friends	02	037	s05e10a		s05e	0.16060243088439627	121	26.88888888888889	27.855154037475586	2.0626999563446593	-0.02941957116127014	0.07799774408340454	1.0095519268151452	0.966034079420936	0.0010589777777777777	0.01419620268888889	0.0105979	450		
friends	02	037	s05e10b		s05e	0.15097784099821582	128	26.501035196687372	31.94091796875	2.0706907693716503	-0.034772686660289764	0.09208274632692337	1.0398140183609956	0.9879239806846472	0.0004863561076604555	0.008709707432712216	0.0123348	483		
friends	02	037	s05e11a		s05e	0.16029687179261476	126	26.582278481012658	30.984006881713867	2.0602876157988943	-0.030837323516607285	0.08199721574783325	1.0437641803382658	0.9938381885623683	0.0014371518987341772	0.00979635364978903	0.0133802	474		
friends	02	037	s05e11b		s05e	0.1716388828025865	167	32.745098039215684	33.32434844970703	2.077717398185702	-0.03336099535226822	0.09477086365222931	1.082279453320236	1.012461504754421	0.0009723529411764704	0.007250999294117647	0.0101377	510		
friends	02	038	s05e12a		s05e	0.16981257404525857	145	32.65765765765766	29.225055694580078	2.005057828145557	-0.03139442577958107	0.092025987803936	1.0252438554176064	0.9779130239729119	0.0010372297297297297	0.012299241261261263	0.0118329	444		
friends	02	038	s05e12b		s05e	0.17750007425484515	187	39.285714285714285	32.69796371459961	2.0037389971638015	-0.03136511519551277	0.09458575397729874	1.0759903173473684	1.6090384759578944	0.0016688655462184874	0.007416387016806722	0.0103426	476		
friends	02	038	s05e13a		s05e	0.15119117124981293	115	25.219298245614034	32.28994369506836	2.0073618124929267	-0.03298407047986984	0.09857811033725739	1.0369894623076918	0.9790630359120874	0.0003445833333333333	0.007643671995614035	0.00845161	456		
friends	02	038	s05e13b		s05e	0.1732423149993819	146	29.554655870445345	31.065773010253906	2.00204183133198	-0.030260836705565453	0.09595859795808792	1.1106698685395526	1.0480961211561868	0.0034014574898785415	0.008820182429149797	0.00922764	494		
friends	02	039	s05e14a		s05e	0.12128097938306318	41	8.45360824742268	32.61174774169922	2.0732900432419883	-0.02693147212266922	0.07853708416223526	1.0407673456198345	1.0061051686570246	0.0016438969072164948	0.008300681917525773	0.0116845	485		
friends	02	039	s05e14b		s05e	0.13345094318896453	89	17.148362235067438	31.430383682250977	2.0765314691013086	-0.027812104672193527	0.08105787634849548	1.0585149443629338	1.015245808822394	0.0016576300578034682	0.00855825	0.0158424	519		
friends	02	040	s05e15a		s05e	0.1383624535528919	76	17.155756207674944	34.55089569091797	2.0676719169664475	-0.03142823651432991	0.08434248715639114	1.0392943052714927	1.002539509773756	0.0003709255079006773	0.006228720632054176	0.0194167	443		
friends	02	040	s05e15b		s05e	0.13621348845109807	94	19.747899159663866	34.05843734741211	2.0638951989286025	-0.030814966186881065	0.08597607165575027	1.0304646141052627	0.98618620431579	0.0002509453781512605	0.006966990357142857	0.0104462	476		
friends	02	040	s05e16a		s05e	0.14434589076117446	97	20.041322314049587	36.32607650756836	2.0608491476694932	-0.030656032264232635	0.0868927612900734	1.0522206031055892	0.9954440159213251	0.0003313429752066116	0.00517201438016529	0.0124956	484		
friends	02	040	s05e16b		s05e	0.1493216712061045	108	20.84942084942085	34.713409423828125	2.0556684662092373	-0.02858640067279339	0.08215564489364624	1.0607903399226308	1.0081174887620885	0.0007423938223938225	0.005956923667953668	0.0121698	518		
friends	02	040	s05e17a		s05e	0.14447390697984164	102	22.56637168141593	31.147912979125977	2.0577350433171238	-0.027503395453095436	0.07935968041419983	1.0422851907982256	0.9907447341463412	0.0007145796460176992	0.009075686194690267	0.00783034	452		
friends	02	040	s05e17b		s05e	0.15568193051716117	122	25.15463917525773	32.03105163574219	2.0409063998156505	-0.0284415353089571	0.08615627884864807	1.0739234758471077	1.0090738508884287	0.0008451546391752577	0.007959539195876289	0.0139401	485		
friends	02	041	s05e18a		s05e	0.1625836772030485	170	34.0	29.023550033569336	2.054990534163027	-0.0284615159034729	0.08619602024555206	0.9974176718036073	0.952393463246492	0.00042778	0.01286977344	0.00392579	500		
friends	02	041	s05e18b		s05e	0.14334869535934902	115	21.53558052434457	34.37960433959961	2.0456086543854752	-0.029095862060785294	0.08561534434556961	1.0734174129268297	1.0046836461538464	0.000467059925093633	0.006572504007490637	0.00916572	534		
friends	02	041	s05e19a		s05e	0.14772805112655876	106	23.766816143497756	33.944759368896484	2.0462860292977547	-0.032392360270023346	0.0971972644329071	1.07140893588764	1.0037791602921349	0.0007836547085201794	0.007132770538116591	0.00594653	446		
friends	02	041	s05e19b		s05e	0.1566546843548982	128	26.834381551362682	33.2537956237793	2.0388582872193997	-0.029262365773320198	0.08511964231729507	1.078697867794118	1.0124974419747914	0.001350503144654088	0.0073056446750524116	0.00608854	477		
friends	02	041	s05e20a		s05e	0.1508568958536648	112	24.724061810154524	32.343482971191406	2.0494504085816265	-0.028532054275274277	0.08895925432443619	1.072679177477876	1.0056234063938052	0.000902317880794702	0.008006720441501105	0.00804796	453		
friends	02	041	s05e20b		s05e	0.17333972951392676	162	33.12883435582822	29.906085968017578	2.0502558019487402	-0.026928408071398735	0.08375579863786697	1.0605511972336066	0.9990959077459014	0.0006973006134969325	0.010668438261758692	0.00887469	489		
friends	02	042	s05e21a		s05e	0.17177571018672552	138	31.151241534988714	30.424007415771484	2.0276023035259323	-0.030455641448497772	0.08154400438070297	1.0512575439592755	0.9919114838009055	0.0015884424379232509	0.010324720835214447	0.00391857	443		
friends	02	042	s05e21b		s05e	0.1704895879161188	158	33.123689727463315	33.845947265625	2.023038265795404	-0.02948797307908535	0.08341395109891891	1.078603437878152	1.0067397349369747	0.000980398322851153	0.006839397714884696	0.00795395	477		
friends	02	042	s05e22a		s05e	0.1587790367310734	143	31.919642857142858	35.815513610839844	2.0405530663241906	-0.03264758363366127	0.09095711261034012	1.0793670580760621	0.9955997259284107	0.0002887723214285714	0.005388591808035714	0.00809819	448		
friends	02	042	s05e22b		s05e	0.16958340375927378	177	36.570247933884296	33.046905517578125	2.0328488849547477	-0.030722906813025475	0.08504138886928558	1.0411170785093162	0.97319015310559	0.00026613636363636363	0.007863827500000002	0.00773634	484		
friends	02	043	s05e23a		s05e	0.16393981724759213	152	33.480176211453745	33.65494155883789	2.0863757093107145	-0.030401507392525673	0.08873921632766724	1.0587167109050775	0.9945881575938185	0.0005404845814977974	0.007035567070484581	0.0163199	454		
friends	02	043	s05e23b		s05e	0.16557985840825626	152	33.18777292576419	33.42643356323242	2.089822663523657	-0.030955832451581955	0.08791176229715347	1.064581654507658	1.0053369286214437	0.00099382096069869	0.0074638480349344975	0.0117276	458		
friends	02	043	s05e23c		s05e	0.1454811961114786	109	23.799126637554586	34.86784744262695	2.0974828114488084	-0.029547380283474922	0.09080581367015839	1.0535018815754924	0.9969911570678338	0.0004553711790393013	0.006324697227074237	0.0141592	458		
friends	02	043	s05e23d		s05e	0.15316977610911758	127	26.024590163934427	33.98487091064453	2.094715717696007	-0.030433354899287224	0.09480942785739899	1.0516149510266952	0.9925436372689931	0.00042940573770491804	0.0065245339549180326	0.015888	488		
friends	02	046	s06e01a		s06e	0.13536840360460284	68	14.718614718614718	29.24483871459961	2.027709683958336	-0.026174884289503098	0.09510616958141327	0.9894020064642077	0.9593831647071582	0.0003998701298701298	0.01320547357142857	0.00856714	462		
friends	02	046	s06e01b		s06e	0.13317937757029202	70	14.056224899598394	31.9387149810791	2.0391431112517084	-0.026275761425495148	0.09346234798431396	1.0115645748893356	0.9697906117706243	0.00021297188755020082	0.009333670642570282	0.00959765	498		
friends	02	046	s06e02a		s06e	0.1323601228359417	72	15.929203539823009	34.24300765991211	2.0397986612474894	-0.02494318038225174	0.09481851011514664	1.0541908692017752	0.9972750015077598	0.0006741150442477876	0.006513902699115044	0.0101146	452		
friends	02	046	s06e02b		s06e	0.12725671907075475	50	10.26694045174538	36.26397705078125	2.0413920058031128	-0.0209200419485569	0.08277873694896698	1.0748130198765429	1.0106806317901225	0.0008392197125256673	0.005097677412731005	0.00921514	487		
friends	02	047	s06e03a		s06e	0.15831704748457281	120	27.397260273972602	27.083433151245117	2.024014426516087	-0.024412451311945915	0.08155632019042969	0.9814018272540054	0.954838670709382	0.0004013470319634703	0.016380784657534248	0.00937288	438		
friends	02	047	s06e03b		s06e	0.15146059974130935	129	27.33050847457627	33.418338775634766	2.042389381997043	-0.027741407975554466	0.09484443068504333	1.0318639092356692	0.9869947008492568	0.00042798728813559325	0.00701181	0.0100761	472		
friends	02	047	s06e04a		s06e	0.15207621326837253	106	24.145785876993166	34.4296989440918	2.0523658543320087	-0.026429781690239906	0.09616852551698685	1.0589128155251148	1.0223689734018262	0.0006755125284738041	0.006045044601366742	0.0114837	439		
friends	02	047	s06e04b		s06e	0.15052397932098333	123	25.949367088607595	32.89786148071289	2.0426240104345585	-0.021686766296625137	0.08309212327003479	1.0656272033615222	1.0177552188160675	0.0008641350210970465	0.0071395973206751055	0.0157714	474		
friends	02	048	s06e05a		s06e	0.14814199139378056	89	19.733924611973393	33.07460403442383	2.0229977179572836	-0.03406788036227226	0.10205595940351486	1.0506740110666672	0.9936581088222223	0.000574589800443459	0.0072961468070953436	0.00937119	451		
friends	02	048	s06e05b		s06e	0.1687752718373022	146	30.103092783505154	31.227344512939453	2.0273584705674774	-0.03310533985495567	0.10204262286424637	1.0495244510537185	0.9965961397107439	0.0010081855670103093	0.009413507237113402	0.00767417	485		
friends	02	048	s06e06a		s06e	0.1561616605330221	128	28.89390519187359	33.28400421142578	2.0386224831861375	-0.032527171075344086	0.10040085762739182	1.056045214049774	0.997876325791855	0.0007461851015801355	0.006882525327313769	0.00871698	443		
friends	02	048	s06e06b		s06e	0.1623402013235474	134	28.210526315789473	31.39982795715332	2.049498039798657	-0.03165872022509575	0.09853411465883255	1.0715242846835435	1.0129136262025318	0.0011697684210526316	0.008454279768421055	0.00834312	475		
friends	02	049	s06e07a		s06e	0.13328629705643474	65	14.63963963963964	35.13042068481445	2.124811283352698	-0.021576741710305214	0.07812768220901489	1.0615169988487596	0.99876511268623	0.0004738963963963964	0.005660098040540541	0.0121582	444		
friends	02	049	s06e07b		s06e	0.13010187359955955	52	10.878661087866108	35.76359176635742	2.120716615754822	-0.01734657771885395	0.07950768619775772	1.0895766231027257	1.0050994395387844	0.00043845188284518825	0.005481922071129707	0.00736745	478		
friends	02	049	s06e08a		s06e	0.15418248112441513	100	22.88329519450801	32.70970916748047	2.1138305421618035	-0.01584106683731079	0.07922051101922989	1.0887025031192654	1.006307642958716	0.0006002059496567506	0.006899618054919909	0.017122	437		
friends	02	049	s06e08b		s06e	0.15752296277177835	137	29.02542372881356	32.04205322265625	2.1106682364932197	-0.017025653272867203	0.07913707196712494	1.0897929846072192	1.026244495498938	0.002154427966101695	0.0077531306567796615	0.00757107	472		
friends	02	050	s06e09a		s06e	0.1394225869482253	91	18.055555555555557	33.74277877807617	2.1321265036171835	-0.023107554763555527	0.08647821098566055	1.053644901669981	1.0061177543538766	0.000927718253968254	0.006627557301587302	0.00963398	504		
friends	02	050	s06e09b		s06e	0.1553939441806531	143	26.629422718808193	31.803266525268555	2.1184367402794724	-0.01700279302895069	0.07285619527101517	1.050795223302238	1.0038120771082082	0.0005775046554934825	0.0077467898882681565	0.0123308	537		
friends	02	050	s06e10a		s06e	0.15455469265901953	117	25.161290322580644	31.447561264038086	2.116458764330189	-0.014165718108415604	0.07189195603132248	1.081149485711207	1.0102426140086207	0.0011606021505376342	0.008091066795698926	0.0137269	465		
friends	02	050	s06e10b		s06e	0.1473224425244756	122	24.4	30.216890335083008	2.1355170642590724	-0.014616505242884159	0.06902709603309631	1.0291123476953912	0.9848080927054103	0.0006154400000000001	0.009983614679999999	0.0154714	500		
friends	02	051	s06e11a		s06e	0.14209337174283676	93	20.71269487750557	29.160335540771484	1.9791909773831335	-0.0274627897888422	0.08239589631557465	1.0049733856249996	0.9674553216071431	0.0005745211581291759	0.012261107750556794	0.00749642	449		
friends	02	051	s06e11b		s06e	0.15543955845985893	126	26.08695652173913	35.231475830078125	1.981801961911715	-0.02594277448952198	0.08495000749826431	1.0722592550207468	1.0074270720331955	0.0007604140786749483	0.005594905734989647	0.00553689	483		
friends	02	051	s06e12a		s06e	0.14341091749608642	88	20.229885057471265	36.18321990966797	1.9790739242216733	-0.02489916794002056	0.0865611806511879	1.0708258996543778	1.006215618801844	0.0006255172413793102	0.004979177701149425	0.0242789	435		
friends	02	051	s06e12b		s06e	0.1408207168946328	89	18.976545842217483	35.345916748046875	1.9759344233828529	-0.017927244305610657	0.07528628408908844	1.0861139502350432	1.0101282371581197	0.0007915565031982942	0.005477414882729211	0.00892302	469		
friends	02	052	s06e13a		s06e	0.14420567904308546	105	22.483940042826553	30.056760787963867	2.0846427350260335	-0.0213492251932621	0.07583330571651459	1.0071447425107296	0.9732241800000003	0.0007159100642398287	0.01066699608137045	0.0137232	467		
friends	02	052	s06e13b		s06e	0.15479478864922663	124	24.652087475149106	32.63520050048828	2.089951258655985	-0.01783362776041031	0.0739629939198494	1.0549292325697215	1.0011262477490042	0.0007048707753479126	0.007178649125248509	0.0146698	503		
friends	02	053	s06e14a		s06e	0.16893847344908355	167	36.30434782608695	28.853147506713867	1.993157112486066	-0.03139663115143776	0.0895807072520256	1.0126173235076252	0.9620044397385613	0.0004952391304347826	0.012228111065217392	0.00897572	460		
friends	02	053	s06e14b		s06e	0.15486052303342926	123	24.848484848484848	34.05436706542969	1.9966059696051175	-0.02964627556502819	0.09102261066436768	1.0876236836032385	1.0087888605668014	0.0009443232323232322	0.006901871010101011	0.00780644	495		
friends	02	054	s06e15a		s06e	0.18197100197809232	199	43.64035087719298	30.843557357788086	1.9857319506516073	-0.029105640947818756	0.08951620012521744	1.0531134730989016	1.0083527878021983	0.002101184210526316	0.00955407826754386	0.0112201	456		
friends	02	054	s06e15b		s06e	0.1554703035423833	116	25.272331154684096	34.178890228271484	1.989168526796892	-0.027128513902425766	0.08225667476654053	1.054034992030567	0.9967548394759828	0.0004945751633986928	0.005946914270152505	0.0143761	459		
friends	02	054	s06e15c		s06e	0.15135517922177086	117	25.49019607843137	34.16756820678711	1.9995378646029855	-0.028769226744771004	0.09183166176080704	1.0556452715283844	0.9983842775545851	0.0004349891067538126	0.006405587320261439	0.0105886	459		
friends	02	054	s06e15d		s06e	0.15293330321754578	121	24.693877551020407	32.159568786621094	1.9783362594159715	-0.021963760256767273	0.08744732290506363	1.0846823379754598	1.0229414350306747	0.0016222448979591835	0.008024586734693877	0.00928382	490		
friends	02	055	s06e17a		s06e	0.15588057199149788	111	25.995316159250585	28.696102142333984	1.991616524613437	-0.022333066910505295	0.0764925628900528	1.0016600162206581	0.9724867986619721	0.002029461358313817	0.013225151405152223	0.00384393	427		
friends	02	055	s06e17b		s06e	0.1322500677284669	64	13.882863340563992	35.80335998535156	1.9917633936894157	-0.02606402151286602	0.0859920084476471	1.047127883630435	1.0000292377826088	0.0004754446854663774	0.005539774121475054	0.00588201	461		
friends	02	055	s06e18a		s06e	0.15246516079776112	105	24.64788732394366	35.1812858581543	1.9978209511199265	-0.02389533817768097	0.08650406450033188	1.0546311959058818	0.9971077238117643	0.00027312206572769953	0.005529613591549296	0.00886568	426		
friends	02	055	s06e18b		s06e	0.15622639137392613	134	28.51063829787234	33.729984283447266	1.995407274516285	-0.023385321721434593	0.089654840528965	1.0919886661407254	1.022023964093817	0.0012007872340425532	0.006841014872340426	0.0136149	470		
friends	02	056	s06e19a		s06e	0.13059992189305192	54	12.471131639722863	30.21010971069336	1.988972627949782	-0.027205966413021088	0.09610503166913986	1.0069612085185178	0.9700187956944443	0.0011063048498845267	0.011312466928406465	0.00369801	433		
friends	02	056	s06e19b		s06e	0.1353617288993444	66	14.163090128755364	36.584373474121094	1.9924101837921127	-0.02630176581442356	0.09598296880722046	1.0735979618064522	1.0189351358064513	0.0007672317596566524	0.005147258175965665	0.0052889	466		
friends	02	056	s06e20a		s06e	0.1359479644040393	52	12.064965197215777	36.02010726928711	2.0009540961806644	-0.022943537682294846	0.08330699801445007	1.0718802957441864	1.0033212687906976	0.0004738051044083527	0.0053729276334106724	0.00752405	431		
friends	02	056	s06e20b		s06e	0.13009341686237316	64	13.793103448275861	35.863521575927734	2.0213970477052254	-0.024853359907865524	0.09572099894285202	1.062936315205183	0.9978548282073434	0.00033635775862068967	0.005728385150862068	0.00657669	464		
friends	02	057	s06e21a		s06e	0.13397834429714103	61	13.26086956521739	32.46311569213867	2.0545275459984813	-0.025677094236016273	0.08442120999097824	1.050563610980392	0.9923849985185195	0.0007265217391304347	0.007620739282608695	0.0164745	460		
friends	02	057	s06e21b		s06e	0.14371446911219124	89	18.016194331983804	34.538787841796875	2.0510020607090724	-0.024097571149468422	0.08634727448225021	1.0664774348275854	1.009858489756593	0.0008516194331983806	0.006147874331983805	0.0138733	494		
friends	02	057	s06e22a		s06e	0.14604375828210828	84	18.58407079646018	34.32909393310547	2.059971792762015	-0.023290399461984634	0.08394929021596909	1.0629542122616402	1.0056880501995566	0.0007795132743362832	0.006134383075221238	0.0123939	452		
friends	02	057	s06e22b		s06e	0.13204776143817293	67	13.786008230452675	32.145782470703125	2.0520209492597674	-0.025278251618146896	0.0831182673573494	1.0386069271134015	0.9923843240824741	0.00048255144032921814	0.0075727909053497945	0.0127295	486		
friends	02	058	s06e23a		s06e	0.14144586835799555	90	18.556701030927837	29.149913787841797	1.968055417427686	-0.023199263960123062	0.07674375176429749	1.0208910586157034	0.9810925430991733	0.0014301237113402059	0.011477874927835053	0.00606223	485		
friends	02	058	s06e23b		s06e	0.14079427220526888	81	15.576923076923077	32.35209655761719	1.9677184285923226	-0.021164782345294952	0.0779249519109726	1.0520357159344886	0.9831182453564544	0.00047482692307692314	0.007734870096153846	0.0103832	520		
friends	02	058	s06e24a		s06e	0.14341144437688427	86	18.859649122807017	32.43508529663086	1.9747747966646805	-0.020694907754659653	0.07382172346115112	1.0776490099780218	1.0177242771648336	0.001346206140350877	0.007081158881578947	0.00789108	456		
friends	02	058	s06e24b		s06e	0.15792963859889722	121	26.36165577342048	26.934429168701172	1.9592002522111227	-0.0175088569521904	0.07551172375679016	1.029840821462883	0.9973416635371184	0.0025669934640522875	0.014928560239651417	0.012178	459		
friends	02	058	s06e24c		s06e	0.14473507722864218	85	18.43817787418655	31.13367462158203	1.9722458642917846	-0.023281171917915344	0.08970572799444199	1.0424604810652172	0.989580194173914	0.0005043817787418655	0.008071917418655098	0.0216067	461		
friends	02	058	s06e24d		s06e	0.16462953197043412	144	29.447852760736197	28.894039154052734	1.99406890000938	-0.017664674669504166	0.0763496533036232	1.069623997233607	1.0088281575204925	0.000821676891615542	0.01029571298568507	0.0114643	489		
friends	02	059	s07e01a		s07e	0.17763683988614543	171	37.17391304347826	31.337310791015625	2.0957239190981762	-0.02051251009106636	0.08927667886018753	1.0805037437254907	1.0308903636819187	0.0030797391304347825	0.008774259565217392	0.00862907	460		
friends	02	059	s07e01b		s07e	0.1957270062429387	231	46.85598377281947	33.36716079711914	2.10121755179008	-0.017408689484000206	0.08170055598020554	1.0956184830081301	1.032702913800812	0.00225894523326572	0.006465966835699798	0.00557005	493		
friends	02	059	s07e02a		s07e	0.21878460417504392	253	51.527494908350306	30.207590103149414	2.108998137720718	-0.017719533294439316	0.09032323211431503	1.0440930835510207	1.0193851030408165	0.0009258859470468433	0.010099645947046843	0.00467307	491		
friends	02	059	s07e02b		s07e	0.17741634578434567	194	36.88212927756654	34.53648376464844	2.115056117279547	-0.018168257549405098	0.09247801452875137	1.079410788342857	1.0091042276190476	0.0006332699619771862	0.005624696007604562	0.00568213	526		
friends	02	059	s07e03a		s07e	0.17879734637090616	149	35.73141486810552	33.366180419921875	2.114451703832064	-0.013334864750504494	0.07772272080183029	1.0674654744471157	1.003131361081731	0.0006332613908872902	0.0059955037170263785	0.00650785	417		
friends	02	060	s07e03b		s07e	0.16895050994659144	139	33.41346153846154	28.053028106689453	2.0090880410201133	-0.019188886508345604	0.08453351259231567	0.9982789356626517	0.9736292646024104	0.001473173076923077	0.013827400432692307	0.0107	416		
friends	02	060	s07e04a		s07e	0.15703709184244416	129	28.923766816143498	33.76857376098633	2.0194303172984007	-0.019946232438087463	0.09097763895988464	1.04583550930337	1.0009644804494384	0.0005742825112107623	0.006914623273542601	0.00802772	446		
friends	02	060	s07e04b		s07e	0.15775910156190692	128	26.611226611226613	32.46549987792969	2.01375332370683	-0.02145291678607464	0.09103500097990036	1.0311671918124998	0.9885878136666667	0.0006482120582120581	0.008089313305613306	0.00594506	481		
friends	02	060	s07e05a		s07e	0.14826068027701014	103	22.687224669603523	35.36090087890625	2.015277130918764	-0.0220562145113945	0.09358755499124527	1.06123736379691	1.0101381471302433	0.0006256387665198238	0.005376222070484581	0.0111722	454		
friends	02	060	s07e05b		s07e	0.15069821279106682	108	22.131147540983605	34.065494537353516	2.01678284065096	-0.021992580965161324	0.09371611475944519	1.0390788270841897	0.9898847266735111	0.0004533811475409836	0.006102483196721312	0.0141359	488		
friends	02	061	s07e06a		s07e	0.17290638282888754	167	35.0104821802935	31.838743209838867	2.1493037588118264	-0.017616786062717438	0.09081706404685974	1.0644242949159657	1.0044321158823524	0.0005913626834381551	0.0073173527463312365	0.00960179	477		
friends	02	061	s07e06b		s07e	0.18991697725084833	202	39.53033268101761	30.117094039916992	2.1284726075086255	-0.014515096321702003	0.07944405823945999	1.044080964196079	0.9945852099999992	0.001077279843444227	0.008632692818003915	0.0110483	511		
friends	02	062	s07e07a		s07e	0.1431900606776772	90	19.027484143763214	33.018959045410156	2.09791433421212	-0.018886860460042953	0.08599934726953506	1.072982608199153	1.0076983132627122	0.0007912262156448203	0.006070262536997886	0.0103855	473		
friends	02	062	s07e07b		s07e	0.16227642066082443	148	29.24901185770751	30.82616424560547	2.0933628791368024	-0.01675763539969921	0.08101332187652588	1.063300539722771	1.0046401479009897	0.0008065612648221343	0.008094757114624505	0.00642685	506		
friends	02	062	s07e08a		s07e	0.15513142684608724	107	22.621564482029598	32.88996124267578	2.1051685099602153	-0.016123300418257713	0.08390063792467117	1.0630425168432207	1.0969620233898298	0.00048355179704016914	0.006661489894291755	0.00443093	473		
friends	02	064	s07e08b		s07e	0.15696383000015643	139	27.308447937131632	33.00707244873047	2.136513168280198	-0.01543488074094057	0.08770030736923218	1.0465891380118117	0.9955656490354329	0.0003855992141453831	0.006548027111984283	0.0122968	509		
friends	02	065	s07e09a		s07e	0.17103164420281156	138	30.803571428571427	32.182167053222656	2.0775240477403423	-0.021352306008338928	0.09011024981737137	1.0548228538702467	1.0008001617449664	0.0009670535714285713	0.007533357299107142	0.00532124	448		
friends	02	065	s07e09b		s07e	0.15894190648184786	115	23.760330578512395	32.02344512939453	2.0726357889620886	-0.023107847198843956	0.09000163525342941	1.0556250292753626	0.994628500310559	0.000707520661157025	0.007227560165289257	0.00431959	484		
friends	02	066	s07e10a		s07e	0.1935496876877035	198	43.13725490196079	32.16634750366211	2.102124361748875	-0.016230711713433266	0.086868055164814	1.0806564524017463	1.0105429988209595	0.0010050544662309367	0.009843642745098037	0.00705862	459		
friends	02	066	s07e10b		s07e	0.1957210012973116	211	42.79918864097363	30.1050968170166	2.1170736364132243	-0.014219439588487148	0.08493626117706299	1.0639051397560977	1.0029202030487807	0.0015182555780933061	0.01158692290060852	0.00562764	493		
friends	02	067	s07e11a		s07e	0.15991572482956307	132	28.509719222462202	33.39324188232422	2.0653797694945135	-0.027326319366693497	0.07743354886770248	1.0598002764285719	1.001953882510823	0.0006874082073434127	0.008063932634989201	0.00455834	463		
friends	02	067	s07e11b		s07e	0.18391476760729492	204	40.963855421686745	31.94873046875	2.0572463341299474	-0.027248289436101913	0.07586683332920074	1.0784535877263584	1.0160017502816903	0.0013266265060240963	0.00902049518072289	0.00471381	498		
friends	02	068	s07e12a		s07e	0.15837128914074866	119	26.38580931263858	31.263282775878906	2.0652892714198527	-0.023995134979486465	0.07845218479633331	1.0632264805333338	0.9926607902888884	0.0009274722838137471	0.010517383658536586	0.00605352	451		
friends	02	068	s07e12b		s07e	0.1740550492481507	174	35.876288659793815	30.814430236816406	2.0654811146315417	-0.023161187767982483	0.07450734078884125	1.0723280048140502	0.9940204911363643	0.0005430515463917526	0.010995063670103094	0.00572685	485		
friends	02	069	s07e13a		s07e	0.1509792051087908	130	24.1635687732342	31.64438819885254	1.9727295333665673	-0.028557518497109413	0.08043031394481659	1.073957802085662	1.010152570670391	0.001204349442379182	0.009507781394052044	0.00615341	538		
friends	02	069	s07e13b		s07e	0.1595227114864735	147	25.654450261780106	30.802013397216797	1.9804987669945682	-0.02640497125685215	0.07977136224508286	1.0606343510139864	0.9967889148951038	0.0008880802792321118	0.010455215759162305	0.00722564	573		
friends	02	070	s07e14a		s07e	0.1563826861183222	117	25.107296137339056	34.337799072265625	2.031738046193869	-0.02273215539753437	0.07513595372438431	1.0983173717849462	1.032194345784946	0.0012710944206008584	0.006140462703862661	0.00488893	466		
friends	02	070	s07e14b		s07e	0.1732450314224733	168	33.66733466933868	32.434715270996094	2.040368291858723	-0.023413944989442825	0.07758373767137527	1.1006351383534134	1.0211336106626498	0.0013367935871743486	0.007281152745490982	0.00353623	499		
friends	02	071	s07e15a		s07e	0.15502728323584566	126	22.300884955752213	30.96472930908203	2.102220372453029	-0.025913408026099205	0.07722941040992737	1.0843695453723412	1.0195454324290787	0.0013616814159292036	0.009274223362831858	0.00713838	565		
friends	02	071	s07e15b		s07e	0.16468334271690194	156	26.043405676126877	28.13690757751465	2.0988552772417908	-0.024679578840732574	0.07593431323766708	1.0429949881772558	0.9845083608193981	0.0006595993322203673	0.011582069115191987	0.00548308	599		
friends	02	072	s07e16a		s07e	0.15861797296413618	103	25.944584382871536	31.641489028930664	2.076686071425202	-0.027574719861149788	0.08393406867980957	1.0692220533333332	1.002597699444445	0.0009087909319899244	0.008419575314861462	0.00521725	397		
friends	02	072	s07e16b		s07e	0.15849139269644782	113	28.109452736318406	30.743194580078125	2.084707425285094	-0.02646961621940136	0.07761581987142563	1.0614283653366592	1.0099779678304248	0.0011668905472636817	0.008857229626865672	0.00793676	402		
friends	02	072	s07e16c		s07e	0.16001265667325082	100	23.14814814814815	32.43840026855469	2.0902926706209617	-0.02505202777683735	0.07652431726455688	1.0818740366357305	1.0097307311368924	0.0011314583333333333	0.007868258032407408	0.0059042	432		
friends	02	073	s07e17a		s07e	0.14918787117336205	84	19.48955916473318	31.749210357666016	2.0322984007340663	-0.02762758731842041	0.0828215703368187	1.0589893831395338	0.9970863050930238	0.0004900464037122968	0.00786627222737819	0.00593226	431		
friends	02	073	s07e17b		s07e	0.17952939964232664	167	35.836909871244636	29.38593101501465	2.033284749213455	-0.027132738381624222	0.08716540783643723	1.0579727588387107	0.9969181500000002	0.0006727682403433477	0.010017014763948498	0.00597626	466		
friends	02	073	s07e18a		s07e	0.16555507019547708	132	27.73109243697479	30.22456169128418	2.045645724965219	-0.02672836370766163	0.08771184086799622	1.071849652757894	1.0100754835157904	0.001319264705882353	0.01014137268907563	0.00554423	476		
friends	02	074	s07e18b		s07e	0.17020174339933392	171	33.46379647749511	29.37515640258789	2.1038823871845604	-0.026083283126354218	0.08307719975709915	1.016531936941176	0.9795531884901962	0.0006659686888454011	0.01184595518590998	0.00915532	511		
friends	02	074	s07e19a		s07e	0.16554741715151758	121	27.68878718535469	32.545841217041016	2.121717281303591	-0.02324555069208145	0.07852403819561005	1.060399066949542	1.0061842250000002	0.0008763157894736842	0.008399958512585813	0.00479209	437		
friends	02	076	s07e19b		s07e	0.15552215954766818	138	29.29936305732484	32.318817138671875	2.002103570064123	-0.030859585851430893	0.09059584885835648	1.0629589317872332	1.0197310626382972	0.0014727600849256902	0.007436568577494691	0.0108083	471		
friends	02	076	s07e20a		s07e	0.1673739416925076	140	30.837004405286343	32.2313346862793	2.0203507996235555	-0.02959344908595085	0.09117837250232697	1.061516113443709	1.006762814348786	0.0008291409691629956	0.007647083942731277	0.00816411	454		
friends	02	077	s07e20b		s07e	0.14886778365746664	122	25.102880658436213	31.828353881835938	1.9470159485317862	-0.03415701165795326	0.0908907875418663	1.0551148704536086	0.9957034438350518	0.0007232098765432099	0.008884583148148148	0.00409587	486		
friends	02	077	s07e21a		s07e	0.17361572475842027	147	34.345794392523366	31.053173065185547	1.954579081874055	-0.03166748210787773	0.09201817959547043	1.0795832504683844	1.0210531633489461	0.0019354205607476636	0.009297550887850467	0.00861391	428		
friends	02	077	s07e21b		s07e	0.1632836718889857	138	29.805615550755938	32.294212341308594	1.9605533440203204	-0.03025241196155548	0.09218576550483704	1.0630971715584419	1.0055665160389615	0.0009778185745140389	0.007904534190064795	0.00662295	463		
friends	02	078	s07e22a		s07e	0.1647867567869192	151	32.12765957446808	32.40562438964844	1.9367381500292076	-0.029199019074440002	0.08980663120746613	1.064055871236674	1.00959297445629	0.0008120425531914894	0.007240848829787234	0.00930399	470		
friends	02	078	s07e22b		s07e	0.16513914676001315	156	30.89108910891089	30.317598342895508	1.9227985149142548	-0.03024495393037796	0.09064806252717972	1.0580005212896821	1.0142841182142857	0.001379247524752475	0.009844175762376237	0.0112327	505		
friends	02	078	s07e23a		s07e	0.1632755420272123	152	31.666666666666668	29.6821346282959	1.9375693132631422	-0.026596734300255775	0.08289426565170288	1.0274035564926927	0.9857070300417539	0.0005018333333333333	0.010610637333333334	0.00937001	480		
friends	02	079	s07e23b		s07e	0.15872729433960434	139	28.71900826446281	31.48676300048828	2.078653047648784	-0.02788536064326763	0.08352901041507721	1.0447658270600415	0.9994508076811595	0.0007547727272727272	0.008444116404958677	0.00981336	484		
friends	02	079	s07e23c		s07e	0.17657942551615866	169	34.917355371900825	30.549869537353516	2.083208924443307	-0.026199186220765114	0.08386499434709549	1.0533401806832308	1.109045464968943	0.0019090909090909091	0.009624743388429752	0.0100181	484		
friends	02	079	s07e23d		s07e	0.1614660165522089	161	31.262135922330096	33.475982666015625	2.0998091492048494	-0.025993213057518005	0.08481606841087341	1.058792973521402	1.0132835317315179	0.0009753592233009709	0.007165236194174757	0.0101655	515		
friends	03	001	s01e02a		s01e	0.07548386825437063	16	3.397027600849257	31.64154624938965	2.591020648780803	-0.01734144799411297	0.04302399605512619	1.0545626508723407	1.0192032155744684	0.002080212314225053	0.00785633728237792	0.00570934	471		
friends	03	001	s01e02b		s01e	0.06838716660608661	1	0.21231422505307856	36.467063903808594	2.6009064351869595	-0.015046149492263794	0.04259913042187691	1.0520173520212774	0.9952118059148943	0.0002451592356687898	0.005244861104033971	0.00754492	471		
friends	03	001	s01e06a		s01e	0.06934256090472575	4	0.8316008316008316	36.55340576171875	2.57156902830893	-0.014015242457389832	0.040643222630023956	1.0518733058541667	0.9983582969166674	0.00037461538461538464	0.004842731351351351	0.00880038	481		
friends	03	001	s01e06b		s01e	0.06912971501826919	3	0.6224066390041494	36.82244110107422	2.5785109995206117	-0.01631501503288746	0.04232402890920639	1.0537996714345115	1.0018893737214143	0.00034325726141078833	0.004769771058091286	0.00582099	482		
friends	03	002	s01e03a		s01e	0.07315430415836964	0	0.0	37.18461608886719	2.537239056376706	-0.014541637152433395	0.040325213223695755	1.0751427308982033	1.001811855029939	0.00021946215139442236	0.004816776533864541	0.00797255	502		
friends	03	002	s01e03b		s01e	0.08874114580581452	2	0.3976143141153082	33.923988342285156	2.544835843932384	-0.016074856743216515	0.041573408991098404	1.0519013224103593	0.9834026328286852	0.00021880715705765405	0.006353225566600397	0.00496466	503		
friends	03	002	s01e04a		s01e	0.08776206292580976	6	1.2820512820512822	33.89524459838867	2.555744534758221	-0.016483061015605927	0.0423734113574028	1.0433903177516057	0.98909651267666	0.00036816239316239316	0.006094471837606838	0.00476856	468		
friends	03	002	s01e04b		s01e	0.09419935935342624	11	2.355460385438972	31.081647872924805	2.5685206750597374	-0.013780814595520496	0.04231053218245506	1.0311011764163085	0.9861714769742497	0.0004684368308351178	0.007933320149892936	0.00560759	467		
friends	03	003	s01e01a		s01e	0.07148451712109646	8	1.353637901861252	33.68241882324219	2.544347394626644	-0.01615525782108307	0.044218115508556366	1.093942546305085	1.027073842118645	0.0019823181049069376	0.006552054754653131	0.00742771	591		
friends	03	003	s01e01b		s01e	0.0763678099855296	8	1.353637901861252	33.37269592285156	2.5613563755340905	-0.014752768911421299	0.042373817414045334	1.0469388546440683	0.9802197757796598	0.0002855499153976312	0.007009920795262267	0.00761329	591		
friends	03	003	s01e05a		s01e	0.07137105448645116	2	0.4098360655737705	36.92192459106445	2.526830273617878	-0.01627316325902939	0.043432701379060745	1.0730509139835718	1.0009484440041068	0.00047993852459016396	0.004834945020491804	0.0090829	488		
friends	03	003	s01e05b		s01e	0.06560654536291856	0	0.0	37.87639617919922	2.5338182668362257	-0.016444019973278046	0.04463797062635422	1.070468502731006	0.9965620948665306	0.00023198770491803279	0.00467027987704918	0.00539975	488		
friends	03	004	s01e07a		s01e	0.08758851695351029	3	0.6085192697768763	34.17350387573242	2.515325531439851	-0.01334330253303051	0.04180523380637169	1.0363053986585358	0.9919808272764227	0.00040135902636916835	0.0060214431440162265	0.00754095	493		
friends	03	004	s01e07b		s01e	0.09455881358942067	20	4.056795131845842	31.705101013183594	2.5064099417194874	-0.015089839696884155	0.04291965067386627	1.0304862221341458	0.9890479165040649	0.00038034482758620694	0.007481140486815415	0.00937106	493		
friends	03	004	s01e08a		s01e	0.08664156554386684	12	2.526315789473684	31.55585289001465	2.490614137824607	-0.015052170492708683	0.04582755267620087	1.0249646306751066	0.9907504542194091	0.0011289473684210527	0.007892280378947368	0.00555871	475		
friends	03	004	s01e08b		s01e	0.08826067316843685	17	3.5789473684210527	31.869409561157227	2.51493750748523	-0.015691012144088745	0.04565025120973587	1.0575702014345991	1.01773861592827	0.001341957894736842	0.007269081894736843	0.0073989	475		
friends	03	005	s01e09a		s01e	0.06347217854936223	0	0.0	36.69807815551758	2.550560188866558	-0.013996336609125137	0.040113769471645355	1.0488173377682402	0.9975684572532183	0.000238372591006424	0.004725648822269808	0.00410621	467		
friends	03	005	s01e09b		s01e	0.08244442950606991	13	2.7777777777777777	31.51035499572754	2.559216937042323	-0.014887443743646145	0.04049945995211601	1.0386259767237693	0.9941554050535324	0.0010041239316239316	0.007900764316239315	0.0051369	468		
friends	03	005	s01e10a		s01e	0.0693794490383511	8	1.6129032258064515	36.796504974365234	2.5795192929646498	-0.014753093011677265	0.039787765592336655	1.0544931067070709	1.001640276606061	0.00036588709677419355	0.004872477963709677	0.00644718	496		
friends	03	005	s01e10b		s01e	0.08347935737903003	18	3.629032258064516	33.33917236328125	2.582869336284463	-0.01610923372209072	0.04023035243153572	1.0308105250101018	0.9876955806868685	0.000802217741935484	0.006775475322580645	0.0118395	496		
friends	03	006	s01e11a		s01e	0.06753565188412168	1	0.20964360587002095	37.183040618896484	2.573531938111466	-0.01484687626361847	0.040936607867479324	1.0283341793697474	0.9975396132142867	0.00021666666666666666	0.004474763647798741	0.00916304	477		
friends	03	006	s01e11b		s01e	0.07393031005081899	8	1.680672268907563	33.373714447021484	2.586565616688887	-0.014262820594012737	0.04097544029355049	1.0428686085894734	1.0178865958947356	0.0020425	0.006426359999999999	0.00581458	476		
friends	03	006	s01e12a		s01e	0.08168794192505366	13	2.760084925690021	32.54002380371094	2.6003040095378513	-0.016695614904165268	0.042574115097522736	1.0049704011914893	0.9862692907234041	0.0012007218683651806	0.007437009426751592	0.0082425	471		
friends	03	006	s01e12b		s01e	0.09796539387187005	31	6.581740976645436	30.676612854003906	2.6056903604367503	-0.014841660857200623	0.04149417579174042	1.034176901255319	1.0118281635319146	0.0018358386411889594	0.008671649447983017	0.0182369	471		
friends	03	007	s01e13a		s01e	0.07527980556697551	2	0.42735042735042733	37.20916748046875	2.53317039901373	-0.01404743455350399	0.04298950359225273	1.0419285482012852	0.9985804290149889	0.0003021581196581197	0.004663989123931625	0.0123272	468		
friends	03	007	s01e13b		s01e	0.0638889115693488	2	0.42735042735042733	35.234798431396484	2.5363593263725805	-0.014272719621658325	0.04305580258369446	1.0390611852890792	1.002813963468952	0.0009094230769230768	0.005873984038461538	0.00834197	468		
friends	03	007	s01e14a		s01e	0.06791333366589773	5	1.0183299389002036	34.69863510131836	2.5876092908839823	-0.013290132395923138	0.04201088100671768	1.0459853281632654	0.9928308875918369	0.0002110590631364562	0.0056913291038696535	0.00961687	491		
friends	03	007	s01e14b		s01e	0.09443419921955064	21	4.285714285714286	32.56891632080078	2.58812264208209	-0.015629835426807404	0.043884940445423126	1.0365273478118613	0.9998644915950918	0.0005718571428571427	0.007137623653061224	0.00959514	490		
friends	03	008	s01e15a		s01e	0.07118708128990824	0	0.0	35.199012756347656	2.5965495042107136	-0.016093499958515167	0.0437065064907074	1.063866915252101	0.9944432593907562	0.00039425576519916145	0.00540966427672956	0.00804772	477		
friends	03	008	s01e15b		s01e	0.08514259474891017	6	1.2605042016806722	33.99118423461914	2.6267017173542877	-0.013896807096898556	0.04239226132631302	1.0430468087999984	0.9881400639578956	0.000563361344537815	0.006270687647058824	0.00932469	476		
friends	03	008	s01e16a		s01e	0.10236559593624628	38	7.867494824016563	31.266111373901367	2.6353562454935906	-0.01649320498108864	0.04306979849934578	1.0414192400207465	0.9898111147925314	0.0010259627329192546	0.007877993291925466	0.018508	483		
friends	03	008	s01e16b		s01e	0.12808709381944788	68	14.078674948240165	29.048274993896484	2.6370070227467584	-0.015819091349840164	0.04247475415468216	1.0325283713070539	0.9949218275311205	0.0013788819875776399	0.009588396376811593	0.0182076	483		
friends	03	009	s01e17a		s01e	0.07447012442853336	2	0.4149377593360996	36.49180221557617	2.5118001026559633	-0.016158519312739372	0.04085606709122658	1.0428656533056133	1.0118023211434508	0.0006528008298755186	0.004882368423236515	0.0103222	482		
friends	03	009	s01e17b		s01e	0.08943331605770417	16	3.3264033264033266	33.812862396240234	2.5386985115328766	-0.01672513410449028	0.04088345542550087	1.0444147286041672	1.0226518431458318	0.0021178794178794177	0.006199491039501039	0.0100448	481		
friends	03	009	s01e18a		s01e	0.1352967893031819	69	13.883299798792757	27.12628936767578	2.5468932815738037	-0.016134368255734444	0.041137851774692535	1.0404656539717738	1.0279234128427415	0.004502655935613682	0.009412985573440644	0.118961	497		
friends	03	009	s01e18b		s01e	0.09736430713440025	10	2.0120724346076457	30.444244384765625	2.525538937101426	-0.014706016518175602	0.041656989604234695	0.9871312314112896	0.9614664798387091	0.000433138832997988	0.00882936309859155	0.0108267	497		
friends	03	010	s01e19a		s01e	0.09763286368648619	17	3.7117903930131004	31.338665008544922	2.5509215789677344	-0.01425456814467907	0.04223409295082092	1.0295890822757103	1.0010616487964996	0.0018154366812227073	0.008288838056768558	0.00531477	458		
friends	03	010	s01e19b		s01e	0.108091668037334	24	5.228758169934641	29.574750900268555	2.5542842502450687	-0.014772351831197739	0.04281363636255264	1.023090131921397	0.9857938452183417	0.0011858605664488019	0.010258462135076253	0.00496617	459		
friends	03	010	s01e20a		s01e	0.07430303327856813	0	0.0	36.15472412109375	2.5630390239641048	-0.01578386314213276	0.043289102613925934	1.0817351656892786	0.9993573324507656	0.0002824672489082969	0.005500834454148472	0.00971496	458		
friends	03	010	s01e20b		s01e	0.07809042786853036	4	0.8695652173913043	35.630859375	2.5743338336778385	-0.01514342799782753	0.043820880353450775	1.0628684322657953	0.9994518271895428	0.0005698260869565218	0.005924452695652174	0.00779435	460		
friends	03	011	s01e21a		s01e	0.06691361700475461	1	0.20964360587002095	37.367183685302734	2.561613920933995	-0.015018678270280361	0.04112541303038597	1.0529716940546212	0.99409130065126	0.0003301886792452831	0.004883937463312369	0.00893847	477		
friends	03	011	s01e21b		s01e	0.07310089474992305	8	1.6771488469601676	34.19764709472656	2.57685807632573	-0.01455292571336031	0.04220563545823097	1.0602189670588236	1.0222121689285713	0.002085283018867925	0.006450697295597484	0.00721461	477		
friends	03	011	s01e22a		s01e	0.09254184335395751	28	5.919661733615222	34.918006896972656	2.5750073911320928	-0.01710476167500019	0.04102759808301926	1.0410985103601698	1.007543728220339	0.0013357505285412261	0.0058348836786469346	0.00943238	473		
friends	03	011	s01e22b		s01e	0.08881840474868963	2	0.42283298097251587	35.89468765258789	2.6499765352772466	-0.013741917908191681	0.04088230058550835	1.0391762595974574	0.9868386051271186	0.00020073995771670191	0.00529597799154334	0.022996	473		
friends	03	012	s01e23a		s01e	0.06688635919099875	1	0.21645021645021645	37.14057922363281	2.6286466399127937	-0.01313587836921215	0.03916488587856293	1.0801349284598698	1.0034277760737524	0.0002926190476190476	0.005019700476190475	0.0108636	462		
friends	03	012	s01e23b		s01e	0.06715390290087372	1	0.21645021645021645	37.75897979736328	2.638005065581151	-0.013096624054014683	0.0391879640519619	1.071931046334057	1.004394786008677	0.00038251082251082255	0.004895361753246753	0.0104967	462		
friends	03	012	s01e24a		s01e	0.07142188031595126	4	0.7766990291262136	37.27524948120117	2.6457824321505505	-0.01349701453000307	0.03914044424891472	1.069628384085603	1.3148301468093393	0.00041124271844660194	0.004954843825242718	0.0115054	515		
friends	03	012	s01e24b		s01e	0.07635115855608013	3	0.5825242718446602	34.38934326171875	2.6396481131251726	-0.014980976469814777	0.039475541561841965	1.049121413988327	0.9901579344747086	0.0003504660194174757	0.006526076834951456	0.00861724	515		
friends	03	013	s02e05a		s02e	0.08740829806888675	7	1.5418502202643172	37.245384216308594	2.519078847930833	-0.017911478877067566	0.04399222135543823	1.0808680655629137	1.025630327505519	0.0015007488986784146	0.004735926806167401	0.00813578	454		
friends	03	013	s02e05b		s02e	0.07762581070446066	13	2.857142857142857	37.239105224609375	2.5415279556380317	-0.017234347760677338	0.042767781764268875	1.073137094559472	1.0110095561674006	0.0008072747252747252	0.004926502461538462	0.00537241	455		
friends	03	013	s02e06a		s02e	0.07671010583004778	14	2.8	33.38798904418945	2.5338719106188554	-0.017656302079558372	0.04477971792221069	1.0320117020040074	0.984465145611223	0.0008907199999999998	0.006775921420000001	0.0109954	500		
friends	03	013	s02e06b		s02e	0.0763968521229091	4	0.8	31.78692054748535	2.5321016073580562	-0.015121703036129475	0.04198208823800087	1.0455840400200405	0.9905484428657313	0.00111352	0.00817477326	0.0113105	500		
friends	03	014	s02e01a		s02e	0.07276017782730336	0	0.0	35.287376403808594	2.570835626406506	-0.015117463655769825	0.039105094969272614	1.0459795021848746	1.0024467279621845	0.0010465618448637316	0.00595036142557652	0.00826287	477		
friends	03	014	s02e01b		s02e	0.07559158020922768	4	0.8385744234800838	38.03679656982422	2.6024824779715496	-0.013498096726834774	0.03885243833065033	1.0409518515546226	1.0013082007563023	0.00039014675052410897	0.004621341614255765	0.00561314	477		
friends	03	014	s02e02a		s02e	0.060506640632158167	1	0.2222222222222222	37.72123718261719	2.553000917752572	-0.015340998768806458	0.041185323148965836	1.0656690302004448	1.0109638769933185	0.0009648888888888889	0.005173010777777778	0.0110418	450		
friends	03	014	s02e02b		s02e	0.07434970902165865	3	0.6666666666666666	36.65745544433594	2.5590802198647884	-0.015009420923888683	0.04041425138711929	1.0515281997772832	1.0004780586636968	0.0004512666666666667	0.005337449822222223	0.00499114	450		
friends	03	015	s02e03a		s02e	0.06660951363036793	0	0.0	38.16783142089844	2.5416067334782384	-0.016315551474690437	0.041280969977378845	1.065455621558441	0.9993251141774887	0.00038684665226781863	0.004651740583153348	0.00906748	463		
friends	03	015	s02e03b		s02e	0.06810814889401355	3	0.646551724137931	38.105804443359375	2.5568626500920137	-0.014626074582338333	0.0411076582968235	1.0546599702375812	0.999006864924406	0.0004204741379310345	0.004735489612068966	0.00974063	464		
friends	03	015	s02e04a		s02e	0.06682996398969318	3	0.6607929515418502	36.09556579589844	2.549406036987883	-0.014934432692825794	0.04192864149808884	1.0192824604856514	0.9790979384547459	0.0002616299559471366	0.005735289625550661	0.00725285	454		
friends	03	015	s02e04b		s02e	0.06396716042269908	0	0.0	38.98521041870117	2.545170256585524	-0.01721302606165409	0.04154565557837486	1.0539865321633564	1.0031458362913912	0.00040160792951541847	0.004270169074889868	0.00428101	454		
friends	03	016	s02e08a		s02e	0.07635739022477067	2	0.4366812227074236	34.672611236572266	2.4905446555641926	-0.014575042761862278	0.039594996720552444	1.048190410525165	1.0035831637636758	0.0008898034934497816	0.0061260061353711785	0.0213718	458		
friends	03	016	s02e08b		s02e	0.07610897639275337	2	0.437636761487965	36.101627349853516	2.5137100749937527	-0.013756577856838703	0.04072336480021477	1.0415911142543859	1.0030406612499996	0.0005395842450765865	0.005252443150984683	0.00698609	457		
friends	03	016	s02e09a		s02e	0.06718243074628905	0	0.0	35.8492317199707	2.511467603906768	-0.013871717266738415	0.04111143574118614	1.0385685866518843	0.9894698186474506	0.0004131637168141593	0.005729969579646017	0.00383462	452		
friends	03	016	s02e09b		s02e	0.07894386892496372	5	1.1061946902654867	34.154632568359375	2.502302182850591	-0.014958545565605164	0.04083779454231262	1.0393600931042126	0.9909022036807094	0.0005441150442477876	0.006508028296460177	0.00396915	452		
friends	03	017	s02e10a		s02e	0.07323973678889847	0	0.0	37.70591354370117	2.5095011230534294	-0.017410989850759506	0.04457400366663933	1.0745990999581587	0.9874939341841009	0.00020198329853862213	0.004909529081419625	0.00819222	479		
friends	03	017	s02e10b		s02e	0.06431639744393328	0	0.0	37.44961929321289	2.519579511022371	-0.017173433676362038	0.04652044177055359	1.073292586226415	0.9934829528721175	0.00028562761506276146	0.00554684140167364	0.00652638	478		
friends	03	017	s02e11a		s02e	0.0789550065395512	11	2.2587268993839835	34.16765213012695	2.5089152994628625	-0.01877768337726593	0.04783881828188896	1.052114702366255	0.9788154321193415	0.0011146611909650923	0.0071033013757700195	0.00737782	487		
friends	03	017	s02e11b		s02e	0.0838959648475312	15	3.0864197530864197	34.179988861083984	2.5152729472163418	-0.01914403773844242	0.04776361957192421	1.0847602514845354	1.0141382930103089	0.0011531893004115227	0.006764513415637861	0.00881868	486		
friends	03	018	s02e12a		s02e	0.06557044289324018	2	0.4106776180698152	38.72038650512695	2.5159493345647195	-0.015080810524523258	0.04251600056886673	1.0508926241769556	1.0004290908230458	0.0002582135523613963	0.004289278275154004	0.00533144	487		
friends	03	018	s02e12b		s02e	0.06793005466260256	5	1.0245901639344261	36.89512634277344	2.5249967548391146	-0.01479011308401823	0.04270192235708237	1.0480282821149893	0.9993649664065705	0.0004366803278688524	0.004985952418032787	0.00671594	488		
friends	03	019	s02e13a		s02e	0.08609863833262356	3	0.6160164271047228	35.927059173583984	2.568808393339654	-0.013614487834274769	0.03924049437046051	1.0666727579629631	0.994279108251028	0.00041872689938398354	0.005729158952772073	0.00670022	487		
friends	03	019	s02e13b		s02e	0.07367795134789838	3	0.6160164271047228	37.922996520996094	2.572388710137437	-0.013123412616550922	0.039445698261260986	1.071787944259259	1.0014963528600822	0.0003628747433264887	0.004684071170431211	0.00501817	487		
friends	03	020	s02e14a		s02e	0.08451806160397185	5	1.0548523206751055	34.29296112060547	2.537512770864953	-0.016330409795045853	0.040738191455602646	1.0528769861522194	1.0041267323678649	0.0011899156118143459	0.006451388924050633	0.00595421	474		
friends	03	020	s02e14b		s02e	0.08164204777996814	10	2.109704641350211	33.847721099853516	2.5460622949679834	-0.014385707676410675	0.0397983081638813	1.029574966976744	0.9830495151797044	0.0002725105485232068	0.006703888312236287	0.00594954	474		
friends	03	020	s02e15a		s02e	0.08468251842144887	7	1.502145922746781	35.233367919921875	2.557983216812503	-0.016095837578177452	0.04025161266326904	1.0438817188602152	0.9928195400860219	0.0004406008583690987	0.005713156781115879	0.00442766	466		
friends	03	020	s02e15b		s02e	0.07725817042860492	5	1.075268817204301	33.010250091552734	2.5519087054538225	-0.016710922122001648	0.040749453008174896	1.0903340160560342	1.0534433529094835	0.004405698924731183	0.007230198129032258	0.0041032	465		
friends	03	021	s02e16a		s02e	0.07833611591936551	1	0.20964360587002095	34.11682891845703	2.5344588936895125	-0.014351467601954937	0.039994265884160995	1.034167254012605	0.986146825357143	0.0003178197064989518	0.006614922599580712	0.0108956	477		
friends	03	021	s02e16b		s02e	0.07401193910452698	0	0.0	36.050567626953125	2.5336299340687543	-0.01680198684334755	0.04210995137691498	1.0407853265336127	0.995159792100841	0.00030702306079664573	0.005407198993710692	0.00524011	477		
friends	03	021	s02e17a		s02e	0.0723511263360923	1	0.20449897750511248	37.14549255371094	2.5475559589406545	-0.01490747556090355	0.04146610572934151	1.051743583422131	1.0001587158196723	0.0003213701431492843	0.005170621431492843	0.005949	489		
friends	03	021	s02e17b		s02e	0.08464257286944078	16	3.2719836400817996	31.903898239135742	2.553897481842734	-0.014711147174239159	0.04214150831103325	1.0073575427459018	0.9826318409016387	0.00046815950920245397	0.008109712494887525	0.014546	489		
friends	03	022	s02e18a		s02e	0.07080995040905773	0	0.0	37.137786865234375	2.5869538388511253	-0.013529995456337929	0.03901392221450806	1.0482735687991263	0.9914355303711779	0.0002749237472766885	0.004958488322440088	0.00518072	459		
friends	03	022	s02e18b		s02e	0.06787806792881336	0	0.0	39.08592224121094	2.574052139714941	-0.014210422523319721	0.03951067477464676	1.0531907267467246	0.9978045710917033	0.0002011111111111111	0.004069444814814815	0.00302153	459		
friends	03	023	s02e19a		s02e	0.0625569971598954	0	0.0	38.68183898925781	2.5562792956882427	-0.013231843709945679	0.03978419303894043	1.0718166563522007	1.0031882868134174	0.00041135983263598325	0.004457380962343096	0.00906009	478		
friends	03	023	s02e19b		s02e	0.06271237022547606	0	0.0	39.529991149902344	2.5634360598536534	-0.015200323425233364	0.04011952131986618	1.0835038966596635	1.000357929264706	0.0002961215932914046	0.004277301194968554	0.00439414	477		
friends	03	023	s02e20a		s02e	0.0659485144540081	2	0.44642857142857145	38.106014251708984	2.56047063571042	-0.01429980993270874	0.04057872295379639	1.0644508655480995	0.9949454774272934	0.0003242633928571428	0.004787685625	0.0048665	448		
friends	03	023	s02e20b		s02e	0.07973977162663341	4	0.8928571428571429	32.84888458251953	2.546000862535594	-0.016713567078113556	0.041603248566389084	1.037162031163311	0.9856191142505589	0.0011051562499999998	0.00740803484375	0.00997235	448		
friends	03	024	s02e21a		s02e	0.06567539196785234	0	0.0	38.294708251953125	2.5398059180853942	-0.014342538081109524	0.04041793942451477	1.0824375979317702	0.9982814959701484	0.0002464468085106383	0.0044449786595744676	0.0126089	470		
friends	03	024	s02e21b		s02e	0.07684385504677409	2	0.425531914893617	34.799163818359375	2.5514024411344165	-0.01631856895983219	0.04093600809574127	1.077853602132197	0.9962940039232402	0.0006902978723404257	0.006283043787234043	0.0036333	470		
friends	03	024	s02e22a		s02e	0.06815831138957809	0	0.0	39.85884475708008	2.5580547339687767	-0.016258882358670235	0.040585074573755264	1.0800320868292677	0.994379083991131	0.00021163716814159291	0.004040337522123893	0.00379001	452		
friends	03	024	s02e22b		s02e	0.09056709206100139	12	2.6548672566371683	34.70563507080078	2.566110260143229	-0.013905891217291355	0.0396973080933094	1.0687328684478927	0.9943589972283811	0.0009135398230088494	0.006097189314159293	0.0093365	452		
friends	03	025	s02e23a		s02e	0.06750783834038185	0	0.0	36.76301574707031	2.5245218585493685	-0.014459893107414246	0.040405042469501495	1.079805846813188	0.9926068815604389	0.0003492105263157895	0.00550984826754386	0.0141649	456		
friends	03	025	s02e23b		s02e	0.09125206160336334	17	3.7362637362637363	32.54829788208008	2.532647742949763	-0.013904431834816933	0.040574170649051666	1.022037030330397	0.9724061371585915	0.00028147252747252747	0.00787185821978022	0.0147027	455		
friends	03	025	s02e24a		s02e	0.0755131047529819	8	1.7057569296375266	34.10083770751953	2.564302708356204	-0.013520365580916405	0.03925004601478577	1.0276838540384619	0.9719887853846166	0.00027710021321961624	0.007255564307036247	0.0199299	469		
friends	03	025	s02e24b		s02e	0.07766217477905277	8	1.7094017094017093	34.32361602783203	2.5699655402406028	-0.0130937984213233	0.03838825225830078	1.0321226404282655	0.9825572394218431	0.0004076068376068376	0.006959956431623932	0.01466	468		
friends	03	026	s02e07a		s02e	0.06496929989833594	1	0.20161290322580644	36.470054626464844	2.6221091616977596	-0.01577494852244854	0.039914824068546295	0.9915359205050511	0.9802362482626265	0.0002130040322580645	0.005789160080645162	0.0154955	496		
friends	03	026	s02e07b		s02e	0.07250791431591609	10	2.0161290322580645	34.142356872558594	2.6309238487223623	-0.015736011788249016	0.039744649082422256	0.9838366386060604	0.9761862622626258	0.000313508064516129	0.007547706733870968	0.0105593	496		
friends	03	027	s03e01a		s03e	0.06844355997554509	2	0.4073319755600815	30.977794647216797	2.5476063670045113	-0.015930581837892532	0.03808923065662384	0.9820603167346935	0.9483012741428568	0.00021431771894093684	0.009710604501018329	0.00659611	491		
friends	03	027	s03e01b		s03e	0.060158041839280973	3	0.6109979633401222	36.6945915222168	2.559843783564188	-0.01570465788245201	0.03922700509428978	1.0624673975306131	1.0192592136938774	0.0012911405295315682	0.005268797311608961	0.0123763	491		
friends	03	028	s03e02a		s03e	0.07067468743420524	5	1.0526315789473684	37.80128479003906	2.6035534621154457	-0.016606347635388374	0.04109325632452965	1.0562700790084378	1.0119524372151905	0.0008737473684210527	0.004784622168421053	0.0148254	475		
friends	03	028	s03e02b		s03e	0.05861279023105728	0	0.0	37.49010467529297	2.619180169575228	-0.014924613758921623	0.04032627120614052	1.0450961374683545	1.0086986988607594	0.0008401684210526316	0.005073730821052631	0.00787627	475		
friends	03	028	s03e03a		s03e	0.06296793402572085	2	0.4444444444444444	37.35380554199219	2.6246083546028176	-0.016234394162893295	0.041684988886117935	1.0495949102895328	1.0187433288195986	0.0012444888888888891	0.004965757755555556	0.00415997	450		
friends	03	028	s03e03b		s03e	0.0660083741151155	7	1.5418502202643172	37.85063934326172	2.633982210955087	-0.015259943902492523	0.041095755994319916	1.059994382847683	1.0201180179690956	0.0013374449339207048	0.004944893876651982	0.016981	454		
friends	03	029	s03e04a		s03e	0.07100369102741927	2	0.423728813559322	37.345237731933594	2.538843567914656	-0.015865083783864975	0.03967328742146492	1.04769114312102	0.9921157090658178	0.0002822669491525424	0.004946777033898305	0.0147983	472		
friends	03	029	s03e04b		s03e	0.07748918107730159	1	0.211864406779661	37.323143005371094	2.550276709004484	-0.017099808901548386	0.041011739522218704	1.063282762696391	1.0121014008280251	0.0011495550847457627	0.004903991228813558	0.0040066	472		
friends	03	029	s03e05a		s03e	0.07590912076478742	3	0.6198347107438017	37.948673248291016	2.555865298089546	-0.016099244356155396	0.040253911167383194	1.058574567763975	1.007183653850931	0.0008453305785123967	0.004702378966942149	0.00635402	484		
friends	03	029	s03e05b		s03e	0.08857841393268609	1	0.2066115702479339	33.456214904785156	2.538884910786891	-0.013919545337557793	0.03976818919181824	1.0284390450724628	0.9825394993167713	0.000288698347107438	0.0070395956198347105	0.0101007	484		
friends	03	030	s03e06a		s03e	0.06720313584559355	0	0.0	37.39863204956055	2.559221794625033	-0.013491468504071236	0.03613114729523659	1.0547603514957256	1.001464224615385	0.000371044776119403	0.004768950191897655	0.00860473	469		
friends	03	030	s03e06b		s03e	0.0680538266975635	0	0.0	37.440818786621094	2.5709289386100607	-0.01335112378001213	0.03627311810851097	1.057722682921109	1.0048669194456292	0.0004799787234042553	0.005125334085106383	0.00428657	470		
friends	03	030	s03e07a		s03e	0.06868231292562081	4	0.8583690987124464	33.46118927001953	2.570966845463695	-0.013587323017418385	0.03675160929560661	1.0221787052473126	0.9828903624301083	0.0005201287553648069	0.006958087854077253	0.00463571	466		
friends	03	030	s03e07b		s03e	0.07334154812408637	1	0.2145922746781116	34.31790542602539	2.5104433802306287	-0.016449540853500366	0.039112720638513565	1.0496090308172052	1.0077069766021505	0.0010205150214592275	0.006188260064377683	0.00783591	466		
friends	03	031	s03e08a		s03e	0.07600801006760072	0	0.0	36.591556549072266	2.5468764228009912	-0.0153595469892025	0.03817332908511162	1.031290280982532	1.00304316430131	0.0006718518518518519	0.005371033877995642	0.00929575	459		
friends	03	031	s03e08b		s03e	0.06664596423375008	2	0.4357298474945534	38.14079284667969	2.552859905949697	-0.01518241036683321	0.03877480700612068	1.0545453962445415	1.0087501995633192	0.000543355119825708	0.004598862156862745	0.00547711	459		
friends	03	031	s03e09a		s03e	0.07097317606911552	0	0.0	33.655479431152344	2.543659639107955	-0.0131320646032691	0.03931199759244919	1.0469302940733185	0.9935784549287171	0.0008246341463414633	0.007191858821138211	0.00472865	492		
friends	03	031	s03e09b		s03e	0.07518414471579277	4	0.8130081300813008	32.314239501953125	2.5463273786853544	-0.01366363000124693	0.03880828619003296	1.0273414626476585	0.9810493400203669	0.0005201829268292683	0.007966355345528454	0.00595943	492		
friends	03	032	s03e10a		s03e	0.07947795535406549	8	1.7777777777777777	32.46652603149414	2.4931409218289753	-0.013353938236832619	0.03849884495139122	1.0239599019821828	0.9944445002895321	0.0007302666666666667	0.007612543644444444	0.0117432	450		
friends	03	032	s03e10b		s03e	0.06836138308176061	0	0.0	36.771331787109375	2.510602082030363	-0.011997496709227562	0.03775562718510628	1.0374648407111104	1.0008840853111112	0.0004434368070953437	0.0050001814855875825	0.0080031	451		
friends	03	032	s03e11a		s03e	0.07177996968858381	3	0.6578947368421053	36.45022964477539	2.515540510984991	-0.013273711316287518	0.037993740290403366	1.0353510263736254	0.9986371953406598	0.0003324561403508772	0.0053335250219298256	0.00432288	456		
friends	03	032	s03e11b		s03e	0.08153004737933442	8	1.7543859649122806	31.729698181152344	2.515659657846552	-0.013921789824962616	0.0382668599486351	1.0036077539120885	0.9744952734505488	0.0003715789473684211	0.008619852478070174	0.00621938	456		
friends	03	033	s03e12a		s03e	0.06789152045091519	0	0.0	37.579551696777344	2.4776523288241923	-0.012148160487413406	0.037896983325481415	1.06910577525974	1.0001021830735926	0.0005092656587473003	0.004842043887688985	0.0123486	463		
friends	03	033	s03e12b		s03e	0.07804328326686863	4	0.8639308855291576	33.337074279785156	2.490717316644038	-0.013362360186874866	0.03859829902648926	1.0350060937445884	0.9681784149999997	0.00021019438444924403	0.007287528660907127	0.00419366	463		
friends	03	033	s03e13a		s03e	0.07454570541566745	2	0.4219409282700422	35.761566162109375	2.5028505971121597	-0.012248597107827663	0.03864789754152298	1.082689658202959	1.00199524063425	0.0010537552742616034	0.005819799556962025	0.00403013	474		
friends	03	033	s03e13b		s03e	0.07823981121372998	9	1.9067796610169492	34.173336029052734	2.4969003609457507	-0.014166067354381084	0.03885068744421005	1.0573209343099785	0.9859869550955411	0.0006301906779661016	0.006865301716101694	0.00697011	472		
friends	03	034	s03e14a		s03e	0.06666379165826569	3	0.6550218340611353	34.66691589355469	2.5077419406524384	-0.013400007039308548	0.03966107591986656	1.0466521855579878	0.990127720940919	0.0003455676855895197	0.0062805482532751105	0.0105296	458		
friends	03	034	s03e14b		s03e	0.06522590271595646	3	0.6564551422319475	34.405975341796875	2.5132901241843477	-0.013835692778229713	0.039792802184820175	1.0387159344956143	0.9829137978070164	0.000444507658643326	0.006727559059080963	0.00488185	457		
friends	03	034	s03e15a		s03e	0.07754783615008555	16	3.493449781659389	32.679931640625	2.507962531582846	-0.012941776774823666	0.03974822536110878	1.0439875347264769	0.9882454857111592	0.00042772925764192137	0.0074956309170305675	0.00741519	458		
friends	03	034	s03e15b		s03e	0.06806069636656366	5	1.091703056768559	34.30210494995117	2.515353561184956	-0.012689122930169106	0.03933785483241081	1.0539306350765862	0.9969152003501097	0.0006462227074235807	0.006660351222707424	0.00780168	458		
friends	03	035	s03e16a		s03e	0.06343733129705967	5	1.0706638115631693	36.70930099487305	2.506891701289662	-0.012813522480428219	0.0376516692340374	1.0596341169313306	0.9954201282188843	0.00034918629550321204	0.005508021670235546	0.0123365	467		
friends	03	035	s03e16b		s03e	0.06940419742865786	12	2.5641025641025643	35.7337646484375	2.5110849349101225	-0.012121498584747314	0.03831980749964714	1.0544745603426122	1.0005613061670233	0.00044485042735042734	0.005931679615384616	0.00794158	468		
friends	03	035	s03e17a		s03e	0.08479212575886029	17	3.7444933920704844	33.488494873046875	2.5082292394404084	-0.01172327809035778	0.03800627216696739	1.130164070860927	1.2248657934878586	0.00604988986784141	0.006900066189427311	0.00897896	454		
friends	03	035	s03e17b		s03e	0.05780387946693228	1	0.22075055187637968	35.793331146240234	2.510408064177149	-0.012955993413925171	0.039776694029569626	1.0403264088716808	0.9830103570796467	0.00026615894039735104	0.006173355739514348	0.00798268	453		
friends	03	035	s03e18a		s03e	0.07278279368336264	14	2.985074626865672	35.01829147338867	2.514712897181398	-0.01210134569555521	0.039797067642211914	1.0576342469017095	1.0003432161324775	0.0009740724946695095	0.006097237611940299	0.00547122	469		
friends	03	035	s03e18b		s03e	0.057977826888719976	10	2.1321961620469083	37.42784881591797	2.522158740079325	-0.012196493335068226	0.03922143951058388	1.0691620378205127	0.9979040124999998	0.0003952238805970149	0.005007066908315564	0.00875186	469		
friends	03	036	s03e19a		s03e	0.07836585168276433	4	0.8547008547008547	33.54166793823242	2.532117845868651	-0.01274158712476492	0.03802594169974327	1.043749106788008	1.061457119828694	0.0009495726495726496	0.006957702628205127	0.00825361	468		
friends	03	036	s03e19b		s03e	0.10025135251630106	13	2.78372591006424	30.164308547973633	2.531257107357802	-0.013285464607179165	0.03874171897768974	0.9864947456008583	0.9611382439055797	0.0008170877944325482	0.010113712912205567	0.00466214	467		
friends	03	036	s03e20a		s03e	0.08636966343127625	7	1.511879049676026	33.540809631347656	2.5651141760717606	-0.011775034479796886	0.039699360728263855	1.033404558008658	0.9909393390043285	0.0007029805615550756	0.006976140777537797	0.00268174	463		
friends	03	036	s03e20b		s03e	0.09639197274417051	20	4.319654427645788	31.318063735961914	2.564735371660095	-0.013405987992882729	0.040778469294309616	1.0263648351948056	0.9941128563203462	0.0009201511879049676	0.008268418552915767	0.00796233	463		
friends	03	037	s03e21a		s03e	0.06997093533286763	3	0.6521739130434783	37.79629135131836	2.4945960354296526	-0.012312662787735462	0.039594054222106934	1.0941072682352937	1.004486487581699	0.0006373260869565218	0.004911681782608695	0.0143775	460		
friends	03	037	s03e21b		s03e	0.06969376777525103	6	1.3043478260869565	36.34688949584961	2.5004771507972827	-0.012622176669538021	0.039294954389333725	1.0894165771895428	0.9931631798039214	0.0005191739130434783	0.005690907652173913	0.00983207	460		
friends	03	037	s03e22a		s03e	0.06532255652674497	3	0.6493506493506493	35.26051712036133	2.5114921119686615	-0.010657800361514091	0.03943150117993355	1.0851913012147503	0.998502033318872	0.00031235930735930734	0.006285339415584416	0.00782533	462		
friends	03	037	s03e22b		s03e	0.07396364287793555	12	2.5974025974025974	34.57513427734375	2.5069943049262107	-0.01332185696810484	0.04038787633180618	1.0768699782212574	0.9985962106073749	0.000870974025974026	0.006390815584415585	0.00711475	462		
friends	03	038	s03e23a		s03e	0.08206593115806346	8	1.7094017094017093	36.04976272583008	2.549624130753727	-0.012335642240941525	0.0383794866502285	1.0469880150107063	1.0048528291220562	0.000898076923076923	0.005642522756410257	0.0108606	468		
friends	03	038	s03e23b		s03e	0.0815953960014425	10	2.127659574468085	36.14893341064453	2.558060474381244	-0.012630797922611237	0.03729415312409401	1.0849163486780387	1.0322022772494661	0.0021313829787234046	0.00572704944680851	0.00475264	470		
friends	03	038	s03e24a		s03e	0.09409709452713574	11	2.4229074889867843	35.44711685180664	2.5537541933384156	-0.012763557024300098	0.03680193051695824	1.051184566048566	1.0047072272847681	0.0007970925110132159	0.005919307422907489	0.00676645	454		
friends	03	038	s03e24b		s03e	0.12091143269992935	39	8.590308370044053	29.384695053100586	2.5691381902120836	-0.012750593945384026	0.03729744255542755	1.0673251668432673	1.0433631678145698	0.004813700440528633	0.009704041343612335	0.0105775	454		
friends	03	039	s03e25a		s03e	0.07825268633790465	9	1.8828451882845187	35.04023742675781	2.5805345373098323	-0.01189730130136013	0.0372948944568634	1.0126346295807116	0.9928977287002096	0.0006312970711297069	0.006124475062761506	0.0101127	478		
friends	03	039	s03e25b		s03e	0.07935976993440864	10	2.0876826722338206	35.01349639892578	2.593497432527922	-0.012064587324857712	0.03703790530562401	1.0313080603138078	1.012714822322176	0.00166419624217119	0.0060741200000000006	0.00592355	479		
friends	03	039	s04e01a		s04e	0.09121303146080575	28	5.982905982905983	27.856281280517578	2.5983520276753023	-0.010472291149199009	0.037444137036800385	0.9885445823768728	0.9839076757815842	0.001918226495726496	0.011198660149572649	0.0153089	468		
friends	03	039	s04e01b		s04e	0.07618931552490447	8	1.7094017094017093	30.438589096069336	2.6196631518096343	-0.01257274392992258	0.037109117954969406	0.9561325111134894	0.9479272313062098	0.0003753418803418803	0.010373862435897436	0.0035146	468		
friends	03	040	s04e02a		s04e	0.08650353994106143	4	0.8385744234800838	34.99752426147461	2.4995178127379276	-0.013047860004007816	0.0370919294655323	1.0364165346218481	0.9980027001680665	0.0008416142557651992	0.0061609757442348005	0.00874078	477		
friends	03	040	s04e02b		s04e	0.06932513349349473	2	0.4192872117400419	35.74846267700195	2.503505525617564	-0.01153036579489708	0.03767475485801697	1.0406014630252098	0.9927555936554625	0.000389874213836478	0.005979673626834382	0.00559995	477		
friends	03	040	s04e03a		s04e	0.08520708065104773	14	3.146067415730337	34.64390182495117	2.507002959388129	-0.011447886005043983	0.037874698638916016	1.0427848772297308	0.9986425800450457	0.0009147191011235953	0.006163091033707865	0.00681794	445		
friends	03	040	s04e03b		s04e	0.0877837834640569	8	1.797752808988764	33.529056549072266	2.507328765974765	-0.0136494692414999	0.03786920756101608	1.0307861735135138	0.997466165247749	0.0008943146067415732	0.006833881528089888	0.00552751	445		
friends	03	041	s04e04a		s04e	0.06206248983323426	0	0.0	37.664222717285156	2.5566276856304513	-0.011233952827751637	0.03558693826198578	1.0671186897999996	0.997730573822222	0.0003530820399113082	0.0047258000665188465	0.0108322	451		
friends	03	041	s04e04b		s04e	0.07267008395409182	3	0.6622516556291391	37.048919677734375	2.5723901465169496	-0.010962401516735554	0.035861849784851074	1.06469926840708	1.0003059042920357	0.00038580573951434876	0.00494146587196468	0.0238756	453		
friends	03	041	s04e05a		s04e	0.07032653246800664	0	0.0	38.034889221191406	2.596599325518724	-0.009030106477439404	0.0361824706196785	1.0612734027718564	1.0005790870788913	0.00028653191489361705	0.004694356765957448	0.00584431	470		
friends	03	041	s04e05b		s04e	0.08901686805150874	11	2.3404255319148937	33.5894660949707	2.599812921381159	-0.008277186192572117	0.03617578744888306	1.0465276018336893	0.9927773832622614	0.0005118510638297873	0.00694635314893617	0.0105732	470		
friends	03	042	s04e06a		s04e	0.084408022422057	9	1.9396551724137931	35.627197265625	2.517953711556325	-0.011463211849331856	0.03605140373110771	1.0543129530885536	1.000961013002159	0.0006542456896551724	0.005522602047413793	0.0240462	464		
friends	03	042	s04e06b		s04e	0.08446499792375545	10	2.150537634408602	32.507511138916016	2.5144051690222975	-0.01189205888658762	0.036714568734169006	1.0151385749784487	0.9823985504094827	0.0005356774193548388	0.008003865720430109	0.00802301	465		
friends	03	042	s04e07a		s04e	0.0931376612212091	13	2.6156941649899395	33.935943603515625	2.520115603765047	-0.012099864892661572	0.03726021945476532	1.027535280201613	0.9882595082862903	0.00045056338028169016	0.0068350064185110655	0.00666279	497		
friends	03	042	s04e07b		s04e	0.08027867544410179	8	1.6096579476861168	35.57572937011719	2.5226767260063205	-0.012357348576188087	0.03711984306573868	1.0305861586491933	0.9943778387298384	0.0003632394366197183	0.005696160402414486	0.00761652	497		
friends	03	043	s04e08a		s04e	0.0881299384465559	6	1.1928429423459244	36.22837829589844	2.5541942695338076	-0.0115835415199399	0.03748124837875366	1.066763954482072	0.9988476413346613	0.00047795228628230615	0.005578985248508947	0.00907029	503		
friends	03	043	s04e08b		s04e	0.08677328276582974	7	1.3944223107569722	35.10452651977539	2.56812317876782	-0.010582483373582363	0.036935605108737946	1.0497664795409174	0.9901048306786426	0.0005793027888446216	0.006343927231075697	0.00512069	502		
friends	03	043	s04e09a		s04e	0.08562871163166631	10	2.2675736961451247	35.47175979614258	2.5795648376050972	-0.01064776349812746	0.037342943251132965	1.0619607254090908	1.0059382229772726	0.0008380272108843537	0.005980082176870748	0.0102332	441		
friends	03	043	s04e09b		s04e	0.08358129227089357	7	1.5909090909090908	35.54184341430664	2.5823438348246155	-0.010613706894218922	0.03690490499138832	1.0593020388154906	1.0016791192027334	0.0005288181818181818	0.005985824431818182	0.00824462	440		
friends	03	044	s04e10a		s04e	0.08553076575166967	1	0.22321428571428573	37.60586166381836	2.5575375088375742	-0.012744233012199402	0.03852860629558563	1.055610219284117	1.0063231712975393	0.0005876785714285715	0.004696416495535714	0.0124993	448		
friends	03	044	s04e10b		s04e	0.10610512297417121	14	3.11804008908686	33.819393157958984	2.564768828694484	-0.01342156995087862	0.03861680626869202	1.0531914956696438	1.5368693871874992	0.0018454565701559022	0.0065479869487750555	0.0111447	449		
friends	03	044	s04e11a		s04e	0.08556332951604294	6	1.2422360248447204	37.33568572998047	2.5773417641781924	-0.012758657336235046	0.03856898471713066	1.0496923258921163	1.008928885954357	0.0007970807453416147	0.0045749849689441	0.0256896	483		
friends	03	044	s04e11b		s04e	0.10004966566868673	16	3.319502074688797	32.78498077392578	2.621168817950583	-0.012115932069718838	0.038783952593803406	1.0252216909563414	0.9918517814137222	0.00046271784232365144	0.00751529958506224	0.00794397	482		
friends	03	045	s04e12a		s04e	0.0766326612607228	1	0.2145922746781116	36.20194625854492	2.5517692017020037	-0.011769363656640053	0.03767021372914314	1.0274705041290317	0.9916144243010758	0.0003765236051502146	0.005756127253218884	0.00919628	466		
friends	03	045	s04e12b		s04e	0.08321039376625528	9	1.9313304721030042	33.65286636352539	2.562325601787748	-0.010122155770659447	0.038517843931913376	1.0217795680645152	0.9958454829462366	0.000640236051502146	0.006710888798283262	0.0145124	466		
friends	03	045	s04e13a		s04e	0.09595159010992543	15	3.3482142857142856	35.95800018310547	2.566454632659358	-0.011688150465488434	0.03816385194659233	1.0516849959507824	1.0216333711856813	0.001527455357142857	0.005299760647321428	0.0110225	448		
friends	03	045	s04e13b		s04e	0.10730150567712553	22	4.910714285714286	29.278879165649414	2.595962254453484	-0.01296956930309534	0.03932530805468559	0.9867425448545867	0.9875838507606265	0.0008620982142857142	0.01012954859375	0.0128418	448		
friends	03	046	s04e14a		s04e	0.08395029359536672	9	2.0134228187919465	31.984966278076172	2.5643407296799143	-0.010491814464330673	0.0372430644929409	1.0279066445739926	0.970602021076233	0.0004882326621923937	0.008589654765100672	0.0058165	447		
friends	03	046	s04e14b		s04e	0.07625464837767228	6	1.345291479820628	36.791446685791016	2.569607549604758	-0.009426743723452091	0.03748994320631027	1.0674430154157293	0.9993814341797751	0.0005178026905829597	0.005329900246636771	0.00512698	446		
friends	03	046	s04e15a		s04e	0.08835779462605668	12	2.7027027027027026	35.40745544433594	2.5823227622168807	-0.009235204197466373	0.03746173903346062	1.0360706649887133	0.9813450621896164	0.00043324324324324324	0.006249160045045046	0.00595689	444		
friends	03	046	s04e15b		s04e	0.08760214414732531	10	2.2522522522522523	35.9396858215332	2.5801791590983303	-0.00962250679731369	0.03787511959671974	1.0592534316478561	0.9946692914446952	0.0005157882882882883	0.006010113918918919	0.00570586	444		
friends	03	047	s04e16a		s04e	0.09851663723695234	18	3.7037037037037037	30.498565673828125	2.4950724676168927	-0.011414801701903343	0.038529857993125916	1.0746953307628868	1.0347183000206193	0.0027693004115226334	0.00848800742798354	0.0241681	486		
friends	03	047	s04e16b		s04e	0.07684921799969838	4	0.8213552361396304	35.97662353515625	2.503778521385864	-0.011481051333248615	0.038621850311756134	1.0504643231481468	0.9978258558230454	0.0004060780287474333	0.0057056416221765915	0.0103734	487		
friends	03	047	s04e17a		s04e	0.10061102298520784	16	3.3472803347280333	32.34369659423828	2.5176854170124776	-0.010236813686788082	0.03767041489481926	1.0309394435220125	0.987370707526206	0.0006322384937238494	0.007850273640167365	0.00479325	478		
friends	03	047	s04e17b		s04e	0.09601961260082309	15	3.1380753138075312	30.91033363342285	2.5137571564543153	-0.011919018812477589	0.03782922774553299	1.0468716661215929	1.0025590624737943	0.0013073430962343095	0.008882338577405858	0.00435833	478		
friends	03	048	s04e18a		s04e	0.06840718760696482	2	0.4444444444444444	36.541194915771484	2.531562567808057	-0.011568635702133179	0.03739866614341736	1.0536447720044553	0.998180281893095	0.0006010222222222223	0.005281461977777778	0.00947624	450		
friends	03	048	s04e18b		s04e	0.0820337646194593	0	0.0	34.45735549926758	2.546085406684605	-0.009591394104063511	0.03704667091369629	1.020925524129465	0.9771073655803567	0.0004351893095768374	0.006439941826280623	0.0064997	449		
friends	03	048	s04e19a		s04e	0.0679140875160186	2	0.4576659038901602	38.39171600341797	2.547984387525933	-0.011360147967934608	0.03708482161164284	1.0504980022706427	0.9945253033944953	0.0002641647597254005	0.004540285675057209	0.00459418	437		
friends	03	048	s04e19b		s04e	0.07434784166621396	7	1.6018306636155606	35.9119873046875	2.5600011000273812	-0.011286478489637375	0.036472782492637634	1.0418060760091743	0.993687822018349	0.0004257437070938215	0.005722074370709383	0.00669665	437		
friends	03	049	s04e20a		s04e	0.090594559296252	8	1.7937219730941705	31.45054054260254	2.5334567946955016	-0.011950114741921425	0.0377214141190052	1.0403142485168542	1.0217462715056187	0.0025298206278026904	0.007714963744394618	0.0140587	446		
friends	03	049	s04e20b		s04e	0.08008957284253675	7	1.5659955257270695	31.58928108215332	2.5577555561697674	-0.011023793369531631	0.03747884929180145	1.0309082366143492	1.0020900811434985	0.0018611409395973156	0.008544324519015661	0.00908862	447		
friends	03	049	s04e21a		s04e	0.13615243558883533	44	9.821428571428571	29.035175323486328	2.561000399437389	-0.010486704297363758	0.0383920855820179	1.0227000228187915	1.0026316987919466	0.002924129464285714	0.009754821339285716	0.0118593	448		
friends	03	049	s04e21b		s04e	0.09063991782330556	11	2.455357142857143	34.13324737548828	2.5753646159930805	-0.010384942404925823	0.03711792826652527	1.008590410626399	0.9756560756599557	0.00023857142857142857	0.00699656765625	0.00751504	448		
friends	03	050	s04e22a		s04e	0.06721914399095187	1	0.2183406113537118	36.869529724121094	2.4862733267278188	-0.012924931943416595	0.03885837644338608	1.0889464474179429	0.9932762946389487	0.00027510917030567684	0.00511643943231441	0.00835766	458		
friends	03	050	s04e22b		s04e	0.06933228829000893	0	0.0	37.40805435180664	2.494498799877812	-0.012597098015248775	0.03903054818511009	1.1005405178993437	1.012352765929979	0.0005799563318777294	0.004951645371179039	0.00458189	458		
friends	03	052	s04e23a		s04e	0.09058414188492292	7	1.386138613861386	36.32047653198242	2.5420156534348806	-0.012014692649245262	0.03872045502066612	1.0858081543452391	1.0071574364285714	0.001036178217821782	0.0053171844752475245	0.00840243	505		
friends	03	052	s04e23b		s04e	0.08782527896722368	8	1.5904572564612327	35.91705322265625	2.5593936173845906	-0.011399378068745136	0.038473669439554214	1.0687166115338647	0.9929253666334664	0.00041942345924453285	0.005602150298210735	0.00557778	503		
friends	03	052	s04e23c		s04e	0.11463686645774057	27	5.357142857142857	30.319908142089844	2.5726525108712397	-0.0109612587839365	0.038218867033720016	1.076178413499005	1.0130040276938377	0.00230765873015873	0.009188807380952381	0.00443772	504		
friends	03	052	s04e23d		s04e	0.09369493450925198	16	3.1746031746031744	30.494850158691406	2.5775136011579614	-0.012478308752179146	0.03833365440368652	1.0213625767992043	0.9744903873757461	0.0007070238095238095	0.009559643253968254	0.00356629	504		
friends	03	053	s05e01a		s05e	0.07985487475678617	1	0.228310502283105	33.22821807861328	2.552882260490657	-0.01175681408494711	0.03651024401187897	1.037653701624714	0.9875199147368421	0.0003948173515981735	0.007251861712328766	0.0112303	438		
friends	03	053	s05e01b		s05e	0.08313340013548187	3	0.6342494714587738	36.793697357177734	2.5576598931707366	-0.011348471976816654	0.0366237573325634	1.0450158029025423	0.9966317936016954	0.00041894291754756874	0.005030246152219873	0.00397774	473		
friends	03	053	s05e02a		s05e	0.1064013775298754	14	2.834008097165992	30.800689697265625	2.562635838410165	-0.012438098900020123	0.03704249858856201	1.0501272166937121	1.01172014653144	0.0023693319838056686	0.00931515101214575	0.00417235	494		
friends	03	053	s05e02b		s05e	0.11625313998130529	33	6.226415094339623	30.220640182495117	2.5855796347259625	-0.009952823631465435	0.03632160276174545	1.0416825592249535	1.00739519194707	0.0017539811320754718	0.008904339924528302	0.0161586	530		
friends	03	054	s05e03a		s05e	0.0813396303612236	8	1.8018018018018018	35.49236297607422	2.5446955160592135	-0.013164900243282318	0.03747984766960144	1.0308564923250567	0.9784780136117381	0.00025914414414414416	0.006146265833333333	0.0107294	444		
friends	03	054	s05e03b		s05e	0.08378183138274474	12	2.5316455696202533	36.19609069824219	2.547926974727189	-0.013139831833541393	0.03775214031338692	1.0715689360253693	1.0062293882875266	0.0008439240506329115	0.005756914324894514	0.00957302	474		
friends	03	054	s05e04a		s05e	0.09224146349186547	10	2.0491803278688523	35.8922119140625	2.547160879428484	-0.011377878487110138	0.036659497767686844	1.0600062455852155	1.003242331170431	0.001014549180327869	0.0055057647745901635	0.00426843	488		
friends	03	054	s05e04b		s05e	0.09522852541182977	17	3.2504780114722753	33.480003356933594	2.553239622670396	-0.011788619682192802	0.036964960396289825	1.0597241688888892	1.0066470131609193	0.0013576481835564055	0.006859700191204589	0.0141892	523		
friends	03	055	s05e05a		s05e	0.07899619479113132	1	0.20618556701030927	35.32233810424805	2.5158665592046745	-0.012910328805446625	0.037670545279979706	1.0936552862396698	1.0100833433677674	0.001026845360824742	0.006262836494845361	0.00967783	485		
friends	03	055	s05e05b		s05e	0.09867072908943857	16	3.0828516377649327	32.368896484375	2.5161234131404537	-0.013637958094477654	0.03876151144504547	1.0616980001737442	0.9824727816795364	0.0005379383429672447	0.007861688959537571	0.00836732	519		
friends	03	055	s05e06a		s05e	0.08514252189203433	3	0.6535947712418301	30.893470764160156	2.525293029923811	-0.013151556253433228	0.03925364464521408	1.0112831432969434	0.9515423613537122	0.00032156862745098044	0.00936039311546841	0.00233562	459		
friends	03	055	s05e06b		s05e	0.10350707179435725	25	5.070993914807302	28.32623291015625	2.5341924977412518	-0.012920582666993141	0.03904588147997856	1.0296384826219498	0.9813172491056904	0.0014355375253549693	0.011100254787018256	0.00578737	493		
friends	03	056	s05e07a		s05e	0.07774045952536038	2	0.4366812227074236	36.56060028076172	2.5581525708368122	-0.01148749329149723	0.03804329037666321	1.069946670459518	1.0020622908533925	0.0005629039301310043	0.005326853318777292	0.00722825	458		
friends	03	056	s05e07b		s05e	0.07744419156485337	5	1.016260162601626	38.072330474853516	2.5627834167488652	-0.013136406429111958	0.038019973784685135	1.0649098094297351	0.9981946452138499	0.00029552845528455277	0.004755464390243902	0.00511857	492		
friends	03	056	s05e08a		s05e	0.08641641694774169	9	2.0224719101123596	31.470321655273438	2.578362525427976	-0.011738830246031284	0.038620758801698685	0.9984648976351365	0.9600304706306302	0.0003500898876404495	0.009116904764044944	0.00229251	445		
friends	03	056	s05e08b		s05e	0.0884396029263341	9	1.8789144050104385	33.35768127441406	2.5828343249110843	-0.010993316769599915	0.038111984729766846	1.0501033065271965	1.000729073200836	0.0008037160751565761	0.007584091231732777	0.00906282	479		
friends	03	057	s05e09a		s05e	0.07980408589415176	7	1.5350877192982457	34.91172790527344	2.56786781070195	-0.011816086247563362	0.035019755363464355	1.018384812923077	0.9803788403516479	0.00033372807017543863	0.0061884308991228066	0.00532016	456		
friends	03	057	s05e09b		s05e	0.07582213105070847	10	2.0408163265306123	36.591957092285156	2.5691970169153495	-0.01150358933955431	0.035482004284858704	1.04909583198364	1.0033309934151333	0.000496734693877551	0.00530772257142857	0.00655172	490		
friends	03	057	s05e10a		s05e	0.07850141263637848	5	1.1111111111111112	34.47578811645508	2.5650059869412827	-0.01134430430829525	0.03622490540146828	1.0200178853897552	0.9834332749220486	0.0004959111111111111	0.006741554377777778	0.00312376	450		
friends	03	057	s05e10b		s05e	0.08064179335637765	6	1.2396694214876034	31.549667358398438	2.5620903993102235	-0.011032954789698124	0.03683575242757797	1.0163617378260872	0.9844894577639749	0.0008121487603305785	0.008334162479338842	0.00614341	484		
friends	03	058	s05e11a		s05e	0.0775288131433829	3	0.6302521008403361	36.15611267089844	2.6022711061687596	-0.013122101314365864	0.03769382834434509	1.0289596966315782	0.9911006624210528	0.0005889495798319329	0.0057812775	0.0133494	476		
friends	03	058	s05e11b		s05e	0.07741143753199528	6	1.1741682974559686	38.585792541503906	2.5982265253841437	-0.012621172703802586	0.038571424782276154	1.0446239336274512	1.0016034655098038	0.0003383953033268102	0.004735906340508807	0.00629276	511		
friends	03	059	s05e12a		s05e	0.09605046580581648	3	0.6741573033707865	36.46859359741211	2.544749576429369	-0.013090085238218307	0.03789159655570984	1.0574174913963976	1.0125392090315308	0.001043865168539326	0.005269384696629213	0.00986236	445		
friends	03	059	s05e12b		s05e	0.08688594296183273	3	0.625	34.82106018066406	2.546341602236429	-0.01245801616460085	0.038027647882699966	1.0368947365135706	0.9837765818580378	0.0002782291666666667	0.006130330729166666	0.00627094	480		
friends	03	060	s05e13a		s05e	0.07433970726889788	6	1.3043478260869565	37.017906188964844	2.5237540111586667	-0.013011280447244644	0.03862859681248665	1.0468720257734203	0.9900209864488019	0.00027928260869565215	0.004904217565217392	0.0150319	460		
friends	03	060	s05e13b		s05e	0.08311203151962539	6	1.2170385395537526	31.6257266998291	2.533755215539008	-0.011852812021970749	0.03906406834721565	1.0079724175406497	0.9708525472154466	0.00032596348884381343	0.008536279553752536	0.00390449	493		
friends	03	060	s05e14a		s05e	0.07454668283190731	5	1.0309278350515463	35.175411224365234	2.5383687925480176	-0.01142819132655859	0.039077028632164	1.0517116540495866	1.0048202910743802	0.0006303092783505154	0.005860639649484536	0.00446482	485		
friends	03	060	s05e14b		s05e	0.0861316979899317	8	1.5384615384615385	31.245899200439453	2.549742173902892	-0.011549750342965126	0.039040353149175644	0.9960619647206163	0.9636485404624271	0.0003367307692307692	0.009106948403846155	0.00509401	520		
friends	03	061	s05e15a		s05e	0.07118470065401952	9	2.0361990950226243	34.32783508300781	2.5199290848436204	-0.013829625211656094	0.041177570819854736	1.0550373689115649	0.9898313899999991	0.0005896153846153846	0.006598311968325792	0.00549463	442		
friends	03	061	s05e15b		s05e	0.10471549504476138	23	4.821802935010482	28.467866897583008	2.5256502763962656	-0.013141990639269352	0.042413678020238876	1.0131105623529413	0.9695633477100842	0.0019282599580712787	0.0109431321802935	0.00738676	477		
friends	03	061	s05e16a		s05e	0.09601462013344386	3	0.6211180124223602	30.056428909301758	2.520556913085818	-0.01212281547486782	0.04109060391783714	1.0545520494605818	0.9948642917219913	0.0017391304347826088	0.009561857929606626	0.00315522	483		
friends	03	061	s05e16b		s05e	0.09187091783561481	5	0.9633911368015414	30.46904945373535	2.507686482749496	-0.013696307316422462	0.04255208745598793	1.0997762110810796	1.0537682343050199	0.0036221387283237	0.009045454142581889	0.00531936	519		
friends	03	062	s05e17a		s05e	0.0639936040139735	0	0.0	34.59515380859375	2.4703439691476685	-0.013491504825651646	0.03867422789335251	1.0248252383999994	0.977452714066667	0.00035443458980044344	0.006854846829268293	0.00759563	451		
friends	03	062	s05e17b		s05e	0.07135103100965677	6	1.2345679012345678	36.84015655517578	2.4798354617946856	-0.012302360497415066	0.03912370279431343	1.0543698189896904	0.9976569922061853	0.0003851234567901235	0.005126495884773662	0.00568103	486		
friends	03	062	s05e18a		s05e	0.06518132675709286	1	0.2	37.97669219970703	2.488640004802056	-0.011525199748575687	0.0393977127969265	1.0479713910020039	0.9889913334468929	0.00019636	0.004667136499999999	0.004861	500		
friends	03	062	s05e18b		s05e	0.08516907326184925	17	3.183520599250936	35.423316955566406	2.49017551516066	-0.011604342609643936	0.039231713861227036	1.0578287690056292	1.0009497778236398	0.0004632584269662921	0.00584474106741573	0.0127436	534		
friends	03	063	s05e19a		s05e	0.08046145865067447	1	0.2242152466367713	34.823020935058594	2.4720255744023203	-0.012440292164683342	0.037142544984817505	1.0462280321797746	1.0062877907191023	0.0010662556053811659	0.006043605650224215	0.00881617	446		
friends	03	063	s05e19b		s05e	0.07343596112127879	1	0.20833333333333334	32.893882751464844	2.4907870146025313	-0.01232005562633276	0.037459343671798706	1.0100611209394568	0.973521735594988	0.000381375	0.0075144905208333335	0.00478337	480		
friends	03	065	s05e20b		s05e	0.07149595619442786	2	0.40816326530612246	37.33796691894531	2.5615008673773887	-0.012248795479536057	0.037215448915958405	1.036574259141105	1.0063988692638044	0.0004313673469387755	0.004712674428571428	0.0109179	490		
friends	03	066	s05e21a		s05e	0.0811999389305447	0	0.0	36.580291748046875	2.5154110840620807	-0.010693877935409546	0.03877721354365349	1.012892994217687	0.99083053845805	0.00023384615384615387	0.005457029819004524	0.00674721	442		
friends	03	066	s05e21b		s05e	0.07513292957624985	2	0.4192872117400419	37.20333480834961	2.522077768223902	-0.009383771568536758	0.03886820375919342	1.0238600572689076	0.9967367666806722	0.000310566037735849	0.004837008092243187	0.00755327	477		
friends	03	066	s05e22a		s05e	0.09100768188897791	6	1.3333333333333333	38.3482666015625	2.528230390682908	-0.009694949723780155	0.038771312683820724	1.048671166681515	1.0187976133184857	0.0010299333333333332	0.004472227955555555	0.00672937	450		
friends	03	066	s05e22b		s05e	0.10515724411510999	24	4.968944099378882	31.401065826416016	2.5507565306245286	-0.008744433522224426	0.03973368927836418	1.008354629854772	1.0031037726348546	0.0021637060041407867	0.008738746024844722	0.00863322	483		
friends	03	067	s05e23a		s05e	0.06789748039671818	0	0.0	36.21733856201172	2.522324993846743	-0.011104092001914978	0.03644697740674019	1.0439143910619477	0.9974601025884955	0.0009323399558498896	0.0056573619867549664	0.00971826	453		
friends	03	067	s05e23b		s05e	0.07767286006939107	3	0.6550218340611353	34.62769317626953	2.5055516712832175	-0.011362728662788868	0.03647911921143532	1.060147154201313	1.0071811778774622	0.0011329694323144103	0.006507924934497817	0.00732961	458		
friends	03	067	s05e23c		s05e	0.07000121644612761	0	0.0	38.392005920410156	2.511401545931372	-0.011609022505581379	0.03771738335490227	1.0699947201312903	1.011218910087528	0.0006061353711790394	0.004522906899563318	0.0037891	458		
friends	03	067	s05e23d		s05e	0.07892451944021284	4	0.819672131147541	32.97649002075195	2.5107270408138063	-0.011286545544862747	0.03725484758615494	1.0198031554825457	0.9760896942505133	0.00039200819672131155	0.007907226495901639	0.00630793	488		
friends	03	070	s06e01a		s06e	0.0755915915405591	3	0.646551724137931	34.14710998535156	2.466830974378206	-0.01643572561442852	0.04508242756128311	1.0382310580561553	0.9853004338444926	0.0007538793103448276	0.006580429525862069	0.0108669	464		
friends	03	070	s06e01b		s06e	0.06812838254328289	1	0.20080321285140562	38.126888275146484	2.4761948484374012	-0.01844189316034317	0.04643703252077103	1.0647290940040244	0.9989112074245468	0.00019961847389558232	0.004498363875502009	0.00533901	498		
friends	03	070	s06e02a		s06e	0.0766747866701562	3	0.6622516556291391	38.00941467285156	2.4874511251730853	-0.018785089254379272	0.04643585532903671	1.0666752256415921	0.9986033865265483	0.0002726269315673289	0.0045705441942604855	0.00733211	453		
friends	03	070	s06e02b		s06e	0.07947310499684264	8	1.6427104722792607	35.355491638183594	2.4874520296093117	-0.0185487549751997	0.04713181033730507	1.0544537120576127	0.9946565008641972	0.0003493634496919918	0.00610300636550308	0.00468155	487		
friends	03	071	s06e03a		s06e	0.07941812295297118	3	0.683371298405467	36.0880126953125	2.4965653991123147	-0.014961465261876583	0.041166819632053375	1.0254897659589042	1.0029107598173521	0.0005968337129840547	0.00510926583143508	0.00787782	439		
friends	03	071	s06e03b		s06e	0.07414320420077786	3	0.635593220338983	36.29901123046875	2.4900706900435225	-0.01488086674362421	0.041872479021549225	1.040178781719745	1.0095453814012736	0.0008803601694915255	0.0053071498728813555	0.00722143	472		
friends	03	071	s06e04a		s06e	0.07049931607453999	0	0.0	37.02275085449219	2.4887082744584825	-0.014548007398843765	0.042259689420461655	1.039242715525115	0.9983007790639272	0.00030225512528473807	0.004911919886104784	0.00637772	439		
friends	03	071	s06e04b		s06e	0.09036791476326939	20	4.2283298097251585	32.141536712646484	2.4943056906707164	-0.016835449263453484	0.043160077184438705	1.000641851334746	0.9727784592796616	0.0005102536997885834	0.008096800253699788	0.00753151	473		
friends	03	072	s06e05a		s06e	0.07796336899659183	4	0.8849557522123894	36.735496520996094	2.5349744564079875	-0.012688886374235153	0.03780321031808853	1.0129679327051002	0.9935423413968948	0.0003088716814159292	0.005041256969026548	0.0163339	452		
friends	03	072	s06e05b		s06e	0.07562563396388326	2	0.411522633744856	36.1145133972168	2.534351060213276	-0.01365214679390192	0.03885606303811073	1.0146507865154637	0.9961881195670095	0.000282880658436214	0.0054411252263374486	0.00745356	486		
friends	03	072	s06e06a		s06e	0.09017589256040523	19	4.288939051918736	35.90594482421875	2.5524236448033726	-0.014124812558293343	0.03867378830909729	1.0357230738687773	1.0138437990497728	0.001003408577878104	0.005251804153498872	0.0147341	443		
friends	03	072	s06e06b		s06e	0.14862007528291782	65	13.598326359832637	24.95648193359375	2.5615500922096603	-0.011922142468392849	0.038609396666288376	0.9563796139412998	0.9537597102725373	0.0007171966527196653	0.014641733451882846	0.0105055	478		
friends	03	074	s06e07a		s06e	0.06614544818671346	4	0.9009009009009009	36.82155227661133	2.5055801074756783	-0.016471438109874725	0.043185025453567505	1.0259117731602712	1.0007632154176074	0.0006002027027027028	0.004866957905405406	0.0124454	444		
friends	03	074	s06e07b		s06e	0.07030347034437345	7	1.4613778705636744	35.41423416137695	2.5102110189894784	-0.018235810101032257	0.04369054734706879	1.0238948276150617	1.0014920019037656	0.0007808977035490605	0.005553936889352818	0.00856025	479		
friends	03	074	s06e08a		s06e	0.07042952867839998	3	0.6864988558352403	37.242042541503906	2.5244820531015733	-0.01914784125983715	0.043305497616529465	1.0377567750688075	1.0047139426146787	0.0004449656750572083	0.004766510434782609	0.010129	437		
friends	03	074	s06e08b		s06e	0.06435022597567626	8	1.694915254237288	36.546382904052734	2.5194024872806233	-0.019144225865602493	0.04348338767886162	1.0414976838004253	1.008011063460722	0.0008999576271186441	0.0050249491101694915	0.0150624	472		
friends	03	075	s06e09a		s06e	0.06905059466545799	1	0.1984126984126984	37.94770431518555	2.5058697295492727	-0.01700730249285698	0.043196626007556915	1.0104642171968197	0.9977342213320087	0.00036549603174603184	0.004519956507936508	0.00939728	504		
friends	03	075	s06e09b		s06e	0.08005181300508027	14	2.611940298507463	32.57987976074219	2.5155138868560996	-0.01751876063644886	0.04357467591762543	0.9897979009345794	0.9810698440186923	0.0006475932835820895	0.007492811399253731	0.0205681	536		
friends	03	075	s06e10a		s06e	0.09304939430005696	18	3.8626609442060085	30.083351135253906	2.521511719300134	-0.01754816249012947	0.04272162914276123	1.0322239697419353	1.0355354224946236	0.004058905579399141	0.008733493133047209	0.0217363	466		
friends	03	075	s06e10b		s06e	0.09364813324771368	22	4.4	26.08897590637207	2.5518057910593255	-0.015311296097934246	0.0414448119699955	0.9425986578957917	0.9463093922645287	0.00045871999999999997	0.01359935862	0.00631261	500		
friends	03	076	s06e11a		s06e	0.06975626004457995	0	0.0	36.77421188354492	2.482346120502633	-0.015472403727471828	0.041619859635829926	1.01279517482143	0.989423975	0.00025140311804008913	0.0051695591091314025	0.00443874	449		
friends	03	076	s06e11b		s06e	0.07144310999795647	6	1.2396694214876034	35.99064254760742	2.4833618045952917	-0.013738811947405338	0.04142242297530174	1.0379453974948247	0.9981936820496901	0.0006449586776859504	0.0057874950619834714	0.00847035	484		
friends	03	076	s06e12a		s06e	0.06352036687089485	1	0.23148148148148148	34.671730041503906	2.4883848648824167	-0.01590113528072834	0.04296636953949928	1.043231997517402	0.9830347843851508	0.00039046296296296295	0.006371165787037037	0.00415997	432		
friends	03	076	s06e12b		s06e	0.08022338339171028	9	1.9148936170212767	29.588109970092773	2.490560492477909	-0.015749644488096237	0.04167290776968002	1.0567515664392324	1.0075252912366743	0.0026098085106382976	0.010155650914893616	0.00697053	470		
friends	03	077	s06e13a		s06e	0.07042218867520844	1	0.21321961620469082	37.295677185058594	2.435510939757875	-0.014858734793961048	0.04287270829081535	1.0352474188675223	1.002047351581196	0.0003689552238805971	0.0045656167803837956	0.00894761	469		
friends	03	077	s06e13b		s06e	0.08002277585171788	1	0.1988071570576541	35.40046691894531	2.4448491048180787	-0.014661378227174282	0.04313908889889717	1.0410803404382474	0.9967704316334653	0.00035940357852882706	0.005733644314115309	0.0198185	503		
friends	03	077	s06e14a		s06e	0.08264421486227883	2	0.43383947939262474	34.850093841552734	2.457402150598401	-0.01458583865314722	0.04314926639199257	1.0309583453260858	0.9902100183695657	0.0003625162689804773	0.005830137331887203	0.00674283	461		
friends	03	077	s06e14b		s06e	0.0824366868450166	5	1.0101010101010102	34.481224060058594	2.462702197752326	-0.015203817747533321	0.04330192133784294	1.0292150344331978	0.990746241538462	0.00032896969696969694	0.005901146808080808	0.00579604	495		
friends	03	078	s06e15a		s06e	0.08174499950730388	7	1.5384615384615385	34.09992980957031	2.4280256237072826	-0.014825246296823025	0.040883734822273254	1.0199909773127753	0.9770329115418508	0.00041320879120879117	0.006140680131868132	0.0171773	455		
friends	03	078	s06e15b		s06e	0.07418669159699155	4	0.8733624454148472	37.500816345214844	2.432567051700788	-0.0146878557279706	0.04181207716464996	1.0668039750547038	1.0063700905251651	0.00037661572052401747	0.0043797606113537115	0.00800366	458		
friends	03	078	s06e15c		s06e	0.08438487168847152	1	0.2178649237472767	35.791194915771484	2.435833948010836	-0.014926574192941189	0.04275037348270416	1.0738033229039305	1.0269435829912659	0.0019364705882352943	0.00518383623093682	0.00367672	459		
friends	03	078	s06e15d		s06e	0.0872922572438297	7	1.4314928425357873	32.34539794921875	2.4454624913786316	-0.014969250187277794	0.04330338165163994	1.041701105614754	0.9994499501639346	0.0015880163599182007	0.007293043087934561	0.00652851	489		
friends	03	078	s06e17a		s06e	0.07585598275684709	4	0.9345794392523364	35.3402099609375	2.451847694127206	-0.014701904729008675	0.0418960377573967	1.0450790673770485	0.9937071115222492	0.0004098364485981309	0.005322661495327103	0.00816761	428		
friends	03	079	s06e17b		s06e	0.0724294725999093	6	1.3015184381778742	35.32839584350586	2.4868417019596336	-0.01480147521942854	0.04184574633836746	1.025620974173913	0.9910753623043487	0.00029759219088937094	0.00554869075921909	0.00839924	461		
friends	03	079	s06e18a		s06e	0.06927132319896974	3	0.6912442396313364	34.952919006347656	2.4978649996251194	-0.014661271125078201	0.0418967567384243	1.0227152727482667	0.9888386043648958	0.00025423963133640553	0.005799608917050692	0.00637157	434		
friends	03	079	s06e18b		s06e	0.08442653917183612	8	1.7057569296375266	30.027746200561523	2.5156701314570142	-0.015002598986029625	0.04117394611239433	1.0342888590598285	1.0060859748504265	0.0024655223880597015	0.009394542942430703	0.0066521	469		
friends	03	079	s06e19a		s06e	0.10377030689504915	20	4.608294930875576	28.84461784362793	2.5274733525555098	-0.01482373010367155	0.04116616025567055	1.046417963371825	1.019072918845266	0.0033148847926267283	0.009843176589861752	0.00875855	434		
friends	03	080	s06e19b		s06e	0.07763263831709073	1	0.21413276231263384	35.18189239501953	2.4378904349148063	-0.0153091074898839	0.04189758747816086	1.0476478850214588	0.9823389445064381	0.00017674518201284798	0.005773305845824411	0.00968589	467		
friends	03	080	s06e20a		s06e	0.07734357152538357	4	0.9280742459396751	34.180152893066406	2.4409002975835006	-0.015377411618828773	0.04268934577703476	1.050463332488372	0.9864633369302327	0.0004774245939675174	0.006407117331786543	0.00573275	431		
friends	03	080	s06e20b		s06e	0.09786696044201	13	2.8017241379310347	28.096267700195312	2.4440800428297345	-0.015055455267429352	0.0430559366941452	1.017219905658747	0.996938813326134	0.003498426724137931	0.01020426885775862	0.00967196	464		
friends	03	080	s06e21a		s06e	0.08742919334949883	14	3.0501089324618738	33.05727005004883	2.4459099870511145	-0.018548935651779175	0.042772285640239716	1.0516342805240175	0.9897040199999998	0.00045736383442265794	0.00665930779956427	0.00706713	459		
friends	03	080	s06e21b		s06e	0.1027636912219384	26	5.273833671399594	29.87608528137207	2.4561493596667368	-0.018317794427275658	0.04207935929298401	1.0598633500406507	1.0052329651219503	0.0011997768762677483	0.008879792738336714	0.00874245	493		
friends	03	081	s06e22a		s06e	0.07565148587299228	11	2.433628318584071	34.1343994140625	2.4672900591473677	-0.014023310504853725	0.040329523384571075	1.0279775288691797	1.002879399556541	0.0008407079646017699	0.005846061615044247	0.0106667	452		
friends	03	081	s06e22b		s06e	0.08356083523216427	5	1.0309278350515463	30.379802703857422	2.4769205300911366	-0.013762182556092739	0.04034353792667389	1.0051255535743802	0.9869687993181823	0.0009417113402061857	0.008837776556701031	0.006099	485		
friends	03	081	s06e23a		s06e	0.08999321420253445	7	1.440329218106996	27.607830047607422	2.473781217069082	-0.013917922042310238	0.039753302931785583	1.0079777955051543	0.981878351072164	0.0014208436213991769	0.010876891008230452	0.00989718	486		
friends	03	082	s06e23b		s06e	0.07002298529196939	6	1.1560693641618498	32.401466369628906	2.4791228422037137	-0.013792277313768864	0.039087433367967606	1.0775327591312733	1.0112290400965243	0.003158863198458574	0.007780554450867052	0.00495243	519		
friends	03	082	s06e24a		s06e	0.08584988487280563	16	3.50109409190372	28.377696990966797	2.4909857669916615	-0.015050534158945084	0.040232159197330475	1.0346849999342103	0.9844670142324562	0.0013670021881838073	0.010449397658643327	0.00396682	457		
friends	03	083	s06e24b		s06e	0.08822787818154887	20	4.3383947939262475	30.723308563232422	2.490438147771047	-0.013909566216170788	0.041478026658296585	1.053789886304348	1.0405692233043473	0.004567700650759219	0.00818258863340564	0.00507423	461		
friends	03	083	s06e24c		s06e	0.1352976054280184	57	12.364425162689805	25.531471252441406	2.4959360848775143	-0.014653987251222134	0.03981688246130943	0.9627719703478262	0.9608206705869564	0.0011827765726681128	0.014031927201735357	0.00847863	461		
friends	03	083	s06e24d		s06e	0.11699819765050722	56	11.451942740286299	29.158275604248047	2.5039820277419813	-0.016040895134210587	0.03955735266208649	1.035736441741802	1.012107407540983	0.0022402658486707565	0.00960330781186094	0.0204495	489		
friends	03	084	s07e01a		s07e	0.08254428316726604	5	1.0893246187363834	36.645042419433594	2.4482562572859896	-0.010847880505025387	0.04166969284415245	1.041801440283844	0.9979338023580779	0.00043836601307189544	0.0050478091503267965	0.00688321	459		
friends	03	084	s07e01b		s07e	0.08509357943916325	6	1.214574898785425	34.642578125	2.457355320953891	-0.010700855404138565	0.04143799468874931	1.0495904359229211	0.9959574940770793	0.0003602226720647773	0.005962487327935222	0.00841008	494		
friends	03	084	s07e02a		s07e	0.08337900389320872	2	0.4073319755600815	34.44414520263672	2.4599598654111046	-0.010848349891602993	0.04177647829055786	1.05043353889796	0.9855341657142856	0.00030107942973523426	0.006354215519348268	0.00324667	491		
friends	03	084	s07e02b		s07e	0.08636107754980529	12	2.2813688212927756	32.63255310058594	2.4623995116251223	-0.011565371416509151	0.04214028641581535	1.0463636529714289	0.9859366364380956	0.0005657604562737643	0.008265689562737643	0.00714687	526		
friends	03	084	s07e03a		s07e	0.08137547046768506	7	1.6826923076923077	33.904415130615234	2.4632858956074952	-0.011984244920313358	0.0427505187690258	1.0666107418554218	1.005720303373495	0.0013136298076923078	0.0066959502163461545	0.00801985	416		
friends	03	085	s07e03b		s07e	0.08301478584606459	13	2.8761061946902653	33.56930923461914	2.437065891104351	-0.014893945306539536	0.041836515069007874	1.0850454765853657	1.033290175898004	0.002120486725663717	0.00643581488938053	0.0055559	452		
friends	03	085	s07e04a		s07e	0.0720506221031216	4	0.8968609865470852	36.1450309753418	2.445430269376699	-0.014707691967487335	0.042940638959407806	1.0729532884269666	1.0037432232134829	0.0005355829596412555	0.005227937780269059	0.0037502	446		
friends	03	085	s07e04b		s07e	0.07562424941263676	6	1.2448132780082988	34.707603454589844	2.442377583824864	-0.013552273623645306	0.04271915555000305	1.0724921517255714	1.0049090706860702	0.0007506016597510374	0.005527459253112033	0.00557261	482		
friends	03	085	s07e05a		s07e	0.07139172718861586	2	0.44150110375275936	33.21895980834961	2.435945879485139	-0.01704489253461361	0.04297398403286934	1.045364127389381	0.9869870458185847	0.00048264900662251653	0.006166667858719647	0.030486	453		
friends	03	086	s07e05b		s07e	0.07494030241064434	4	0.819672131147541	33.875640869140625	2.466657515156155	-0.01492289174348116	0.04211607947945595	1.037311110882957	0.9900021402874758	0.0004784426229508196	0.006145161106557377	0.00731533	488		
friends	03	086	s07e06a		s07e	0.0669526513815502	0	0.0	36.96403503417969	2.4644368652423823	-0.015173385851085186	0.04339984431862831	1.0576400865546223	0.9968512068907565	0.0003358490566037736	0.004876665534591195	0.00600467	477		
friends	03	086	s07e06b		s07e	0.0880611925689867	21	4.093567251461988	32.268009185791016	2.4701499154979225	-0.015807118266820908	0.04284583777189255	1.0510380287304695	0.9982131770898448	0.0006907602339181286	0.007486971130604287	0.00935857	513		
friends	03	086	s07e07a		s07e	0.09641833694616415	22	4.651162790697675	25.45532989501953	2.478824147929624	-0.018141398206353188	0.0431959293782711	1.000515072245763	0.9659912959533896	0.001207463002114165	0.01279879021141649	0.0234682	473		
friends	03	086	s07e07b		s07e	0.08225144283310948	9	1.7751479289940828	24.746898651123047	2.474013889185732	-0.018029164522886276	0.04452292248606682	1.0245216889920956	0.9854858107707503	0.0016631360946745563	0.013847605088757398	0.0130315	507		
friends	03	087	s07e08a		s07e	0.07315074450199675	5	1.0570824524312896	36.03667449951172	2.5054918016794474	-0.00798064935952425	0.04204404726624489	1.032521550127119	0.9874729834957637	0.0005224101479915435	0.005213515940803382	0.00747448	473		
friends	03	087	s07e08b		s07e	0.09217602481321507	21	4.133858267716535	30.971921920776367	2.516077698303683	-0.007328388746827841	0.0429186150431633	0.9720905395266277	0.9522498647928997	0.0010346062992125983	0.009189294783464566	0.00360838	508		
friends	03	087	s07e09a		s07e	0.0932345069248244	27	6.0	28.56062889099121	2.5065167211632433	-0.010731170885264874	0.04286876320838928	0.9942065016926513	0.9738003827616929	0.0012270444444444446	0.009279487266666664	0.0748183	450		
friends	03	087	s07e09b		s07e	0.15874315361327557	96	19.834710743801654	25.168014526367188	2.5110435728895197	-0.009599654003977776	0.04242035746574402	1.0140306536438928	1.002640237743272	0.003294710743801653	0.013189055041322314	0.0281023	484		
friends	03	088	s07e10a		s07e	0.08843261990969527	23	5.010893246187364	31.822620391845703	2.468558525363438	-0.0167048592120409	0.04274784401059151	1.052462097292576	1.0043220457423592	0.002070152505446623	0.0071942519607843146	0.0280242	459		
friends	03	089	s07e10b		s07e	0.15433268546495502	72	14.60446247464503	25.968021392822266	2.478148411836488	-0.01275070384144783	0.040688782930374146	0.994596810121951	0.9888297728048772	0.002535578093306288	0.011999223853955377	0.0220441	493		
friends	03	089	s07e11a		s07e	0.12987363905609184	51	10.991379310344827	27.85108757019043	2.491502479182935	-0.015532923862338066	0.04054030030965805	1.003217317818575	0.9830071759395256	0.0014441379310344829	0.010464031853448276	0.0115188	464		
friends	03	090	s07e11b		s07e	0.10592925694737307	31	6.224899598393574	30.17581558227539	2.509993538288897	-0.009635163471102715	0.04242625832557678	1.011023818370222	0.9810999471830997	0.0009217670682730924	0.008635606365461849	0.0290119	498		
friends	03	091	s07e12a		s07e	0.10085549030609219	27	5.9734513274336285	31.561145782470703	2.485450522412942	-0.009009971283376217	0.04239964485168457	1.0578855547006645	0.9969565171396897	0.001126725663716814	0.007025707632743364	0.0338089	452		
friends	03	093	s07e12b		s07e	0.07302483529772351	10	2.0618556701030926	32.12908172607422	2.4220757489056215	-0.015106157399713993	0.04340246692299843	1.0725504185330574	1.009475938367768	0.000593298969072165	0.005738871917525773	0.0991583	485		
friends	03	094	s07e13a		s07e	0.08046034778531656	17	3.1539888682745825	30.88037872314453	2.4591343972808355	-0.014325049705803394	0.041194476187229156	1.0439440809293683	1.0037819445539025	0.001193116883116883	0.0068833610946196664	0.0733937	539		
friends	03	095	s07e13b		s07e	0.11694817246204366	45	7.839721254355401	26.856098175048828	2.4590039138046977	-0.015300105325877666	0.041053228080272675	1.0216338525305406	0.9781859944153579	0.0019298257839721255	0.010990964721254355	0.0287561	574		
friends	03	095	s07e14a		s07e	0.09781913189322641	27	5.793991416309013	28.517223358154297	2.444153949122533	-0.016356470063328743	0.039889391511678696	1.0361118035913974	0.9832913636344085	0.0023065021459227467	0.010232701566523604	0.0175419	466		
friends	03	096	s07e14b		s07e	0.10818403847343569	23	4.6	30.799842834472656	2.445950972187651	-0.011998229660093784	0.04457426071166992	1.0576763776553104	0.9907145820841688	0.0013318	0.008613076560000002	0.00806526	500		
friends	03	097	s07e15a		s07e	0.1334442468712184	66	11.66077738515901	28.317237854003906	2.4538410629893703	-0.01532941497862339	0.04208465665578842	1.0460712571504422	1.0073871911150432	0.002397791519434629	0.008361876943462897	0.07813	566		
friends	03	098	s07e15b		s07e	0.1140791843921579	61	10.18363939899833	26.301883697509766	2.4790321014983427	-0.011588792316615582	0.043147165328264236	1.0275429415050175	0.9781179681939791	0.002351752921535893	0.012884669432387313	0.0264596	599		
friends	03	098	s07e16a		s07e	0.09974870820926879	17	4.271356783919598	32.57771682739258	2.4886941557499247	-0.013134677894413471	0.04465189948678017	1.064972789798489	0.9950984613853907	0.0007807788944723617	0.0064874394221105525	0.0336139	398		
friends	03	099	s07e16b		s07e	0.10847360678657639	22	5.472636815920398	31.5299072265625	2.4774126680709427	-0.011088822036981583	0.048543572425842285	1.053195309476309	0.9953135607231929	0.0007243781094527364	0.007661784577114427	0.0182148	402		
friends	03	099	s07e16c		s07e	0.1189552756870138	37	8.564814814814815	32.6826171875	2.4881948597547274	-0.011080303229391575	0.049265388399362564	1.0453095985846865	0.9914234933178651	0.000825	0.006888315393518519	0.024462	432		
friends	03	099	s07e17a		s07e	0.11991308311142769	43	9.953703703703704	30.039094924926758	2.486499694046642	-0.011284034699201584	0.04531564563512802	1.0375616070301616	0.9895054301624123	0.001461226851851852	0.008460131666666667	0.017715	432		
friends	03	099	s07e17b		s07e	0.11743398864540805	33	7.0663811563169165	30.598827362060547	2.5041601017927704	-0.008669239468872547	0.04618323966860771	1.0618148319742489	1.0152634814806867	0.0019021627408993575	0.007892673340471092	0.0239552	467		
friends	03	100	s07e18a		s07e	0.08748546923247166	18	3.7735849056603774	30.51346206665039	2.4816236622293646	-0.014706479385495186	0.04272589832544327	1.0865367630252099	1.029670560483193	0.003079601677148847	0.008129717442348009	0.0231728	477		
friends	03	100	s07e18b		s07e	0.10098681433798495	29	5.675146771037182	24.589981079101562	2.465927705895698	-0.014528434723615646	0.04208876192569733	0.9940163196470585	0.9527216432156866	0.0005985909980430528	0.014388674774951076	0.0128171	511		
friends	03	101	s07e19a		s07e	0.08987068572482422	18	4.118993135011442	30.00634002685547	2.457407199831469	-0.017251452431082726	0.04369399696588516	1.020125059747707	0.9767961846788985	0.0010853318077803204	0.008686111899313502	0.0198217	437		
friends	03	101	s07e19b		s07e	0.08972653482488636	9	1.9148936170212767	26.072053909301758	2.4635893535780653	-0.016153113916516304	0.042120590806007385	1.0194301592110888	0.9748192748400842	0.0015247659574468082	0.012025559425531913	0.0203625	470		
friends	03	102	s07e20a		s07e	0.08151978085930077	13	2.8634361233480177	33.7823486328125	2.434818344410235	-0.015098422765731812	0.04433632269501686	1.0435894572626936	1.0006042174613687	0.00046370044052863435	0.005918538546255506	0.00926154	454		
friends	03	102	s07e20b		s07e	0.07912129232733897	8	1.6427104722792607	34.64513397216797	2.44880368442756	-0.017028141766786575	0.04586866497993469	1.0466155691358021	1.0002457624485608	0.0004981519507186858	0.005548967186858317	0.00762684	487		
friends	03	102	s07e21a		s07e	0.09837850331986044	18	4.205607476635514	24.856229782104492	2.454566770518384	-0.017169419676065445	0.04517791420221329	0.9897779553629971	0.9592289741451995	0.0006870560747663552	0.011786214322429907	0.129996	428		
friends	03	102	s07e21b		s07e	0.10632295390831802	33	7.112068965517241	25.82564353942871	2.4483716812332803	-0.018922388553619385	0.04542624577879906	1.0064770119438438	0.969618163585314	0.0007454094827586207	0.010415644396551724	0.110993	464		
friends	03	102	s07e22a		s07e	0.08832999061933774	20	4.264392324093817	27.782108306884766	2.4690790101885525	-0.015888359397649765	0.04433931037783623	1.0088693419871795	0.9658714577777763	0.000807995735607676	0.008826328805970148	0.10671	469		
friends	03	103	s07e22b		s07e	0.10739167249647587	40	7.920792079207921	28.452247619628906	2.4594324763391757	-0.008118363097310066	0.043721504509449005	1.0372938967063492	0.9941216255158739	0.0013439603960396038	0.009442740158415843	0.0281917	505		
friends	03	103	s07e23a		s07e	0.09559012562455417	22	4.583333333333333	28.413928985595703	2.4763849957085013	-0.010442446917295456	0.043442923575639725	1.0365252094154493	0.9942361686221293	0.0013923541666666665	0.009366431375	0.0541627	480		
friends	03	104	s07e23b		s07e	0.08424339167414072	7	1.4462809917355373	34.237483978271484	2.4555487500119657	-0.01692970283329487	0.04308606684207916	1.0034822710973088	0.9893394553002073	0.000743801652892562	0.005653557871900826	0.0343194	484		
friends	03	104	s07e23c		s07e	0.0848201595864084	9	1.8633540372670807	34.980186462402344	2.477218103093401	-0.015574077144265175	0.042970504611730576	1.013894367531121	0.9975789319294598	0.0007429192546583851	0.005347977556935817	0.0255619	483		
friends	03	104	s07e23d		s07e	0.10143165985712989	13	2.5242718446601944	30.490686416625977	2.47126040332686	-0.016967814415693283	0.044239360839128494	1.0168568242606995	0.9945255420428011	0.0022190485436893205	0.008360695436893205	0.0189184	515		
friends	04	001	s01e06a		s01e	0.08068003664532214	7	1.4799154334038056	30.834075927734375	2.407781377605246	-0.02295844629406929	0.06722884625196457	1.0124761176483055	0.9849972631355933	0.0007554968287526427	0.008004220782241014	0.0072075	473		
friends	04	001	s01e06b		s01e	0.08567305172738791	1	0.2079002079002079	34.222381591796875	2.4214780981171775	-0.023830264806747437	0.06651265174150467	1.0260313697499988	0.9940871615208337	0.0004597505197505197	0.005382575654885655	0.00565195	481		
friends	04	003	s01e02a		s01e	0.08621074732300156	3	0.6382978723404256	29.32760238647461	2.5234122009555415	-0.02057616412639618	0.06587915867567062	0.9896159538805966	0.9789072179957354	0.0004394893617021277	0.009215708063829788	0.00832753	470		
friends	04	003	s01e02b		s01e	0.13455159472770611	63	13.375796178343949	25.50802230834961	2.535091529393309	-0.020241348072886467	0.0657477006316185	0.9676425530638294	0.9592605084680847	0.00034675159235668797	0.014225341401273886	0.0181383	471		
friends	04	003	s01e03a		s01e	0.09623643619574274	4	0.7952286282306164	29.53158950805664	2.522109102999041	-0.023799791932106018	0.06750217080116272	1.0145515039043824	1.01141449689243	0.002205248508946322	0.008722161272365804	0.00839666	503		
friends	04	003	s01e03b		s01e	0.08844749565722505	2	0.398406374501992	34.103633880615234	2.5013985633369376	-0.024829138070344925	0.06561453640460968	1.0417891653093805	1.0183373400997995	0.0008731474103585657	0.005361333665338646	0.00601427	502		
friends	04	004	s01e01a		s01e	0.10221092688959628	15	2.5380710659898478	31.819597244262695	2.3744233436205295	-0.026391712948679924	0.06998667120933533	1.025743784271189	0.9888481310338981	0.0002656852791878172	0.006862980778341793	0.0111564	591		
friends	04	004	s01e01b		s01e	0.11402227097097269	21	3.5472972972972974	31.43280029296875	2.364458746072941	-0.026176905259490013	0.06952252984046936	1.0364014133840946	1.0005755895769881	0.0004888682432432432	0.006871987939189189	0.00773829	592		
friends	04	004	s01e04a		s01e	0.08782146495069658	17	3.640256959314775	28.96506118774414	2.368861302625914	-0.023592442274093628	0.06902968883514404	0.9906985760515015	0.9629658477038631	0.00028496788008565313	0.009720515096359744	0.00564782	467		
friends	04	004	s01e04b		s01e	0.08462927235184106	0	0.0	32.98410415649414	2.364107974910313	-0.024334339424967766	0.06747802346944809	1.0401233199141628	1.0063824910515018	0.0009242826552462528	0.005957792655246251	0.00434221	467		
friends	04	004	s01e05a		s01e	0.09870417917676357	8	1.639344262295082	30.55213737487793	2.3696466113361234	-0.02390717901289463	0.06793221086263657	1.0195581854620124	0.9837494144147848	0.000609077868852459	0.007684489323770491	0.00630886	488		
friends	04	004	s01e05b		s01e	0.11573792298776306	17	3.4836065573770494	29.11066246032715	2.3705934485292937	-0.024840259924530983	0.06870603561401367	1.0225332461396306	0.9969901259137571	0.0011975409836065575	0.008894009610655737	0.00858152	488		
friends	04	005	s01e07a		s01e	0.06415324852418307	0	0.0	37.710975646972656	2.3556053812436257	-0.024154992774128914	0.06561491638422012	1.0361222985306127	0.9973564427551024	0.0002105498981670061	0.004196361466395112	0.0191622	491		
friends	04	005	s01e07b		s01e	0.08967892288971675	2	0.4065040650406504	30.17930793762207	2.3381426350485093	-0.023980477824807167	0.06896530091762543	1.0171820115478611	0.9690400404073312	0.0005760365853658537	0.009213411158536586	0.00762661	492		
friends	04	005	s01e08a		s01e	0.10305059698658842	24	5.052631578947368	31.800457000732422	2.340128904283065	-0.025192199274897575	0.06677190959453583	1.1046584452109691	1.0596096291350212	0.003984273684210526	0.0073014452	0.0123788	475		
friends	04	005	s01e08b		s01e	0.12651049909995454	63	13.291139240506329	27.506305694580078	2.3533550785180353	-0.025862734764814377	0.06975406408309937	0.9906913064904866	0.9605770771247361	0.0003275738396624472	0.011898255717299577	0.00951473	474		
friends	04	006	s01e09a		s01e	0.08911586849534085	11	2.355460385438972	30.489730834960938	2.3253666668282484	-0.02435469441115856	0.06636546552181244	1.0005739737982842	0.972763438240343	0.0007582226980728052	0.009199262805139184	0.0110582	467		
friends	04	006	s01e09b		s01e	0.08778059450640435	4	0.8565310492505354	31.443023681640625	2.326788630943358	-0.025125671178102493	0.06734555214643478	1.0276028736480693	0.9956292882832612	0.001613918629550321	0.007746956680942184	0.0118871	467		
friends	04	006	s01e10a		s01e	0.08349850045007232	11	2.2494887525562373	32.086456298828125	2.325681227160267	-0.026096360757946968	0.0666881576180458	1.0233124410655738	0.9814449937499998	0.0003810020449897751	0.007408554417177914	0.00596596	489		
friends	04	006	s01e10b		s01e	0.07761625119130498	2	0.4032258064516129	35.51025390625	2.3198089481393	-0.026688793674111366	0.06725414097309113	1.0449060257777782	0.99885702369697	0.0005166733870967742	0.00508694381048387	0.00338375	496		
friends	04	007	s01e11a		s01e	0.07493012387138218	4	0.8403361344537815	31.090530395507812	2.3460540819527904	-0.023844946175813675	0.06768728047609329	1.0111834152210533	0.9964328874526319	0.0013000630252100842	0.00801571781512605	0.00865308	476		
friends	04	007	s01e11b		s01e	0.06399385033438067	2	0.4192872117400419	33.96173858642578	2.3415262067481453	-0.02437657117843628	0.06604184210300446	0.9976178643487394	0.9847421540126043	0.00027524109014675054	0.005942480083857443	0.0094499	477		
friends	04	007	s01e12a		s01e	0.09225639499149346	3	0.635593220338983	30.201549530029297	2.351830507130441	-0.023138895630836487	0.06765783578157425	1.0143270529723982	0.9829898099787678	0.001009322033898305	0.008524782288135595	0.0120184	472		
friends	04	007	s01e12b		s01e	0.10365763558991975	20	4.246284501061571	29.94803810119629	2.360321797309717	-0.024212772026658058	0.06782717257738113	0.9945858626808501	0.9686690665957441	0.000353375796178344	0.008812984076433121	0.0130855	471		
friends	04	008	s01e14a		s01e	0.09700129992623638	9	1.836734693877551	32.730594635009766	2.3573706341596603	-0.024172628298401833	0.06890266388654709	1.0186913605521473	0.985027993599182	0.00036165306122448986	0.007356651204081632	0.0133485	490		
friends	04	008	s01e14b		s01e	0.10248596674761537	5	1.0204081632653061	34.648353576660156	2.371383597662923	-0.02333204261958599	0.06734846532344818	1.0448260161554195	1.027746161042945	0.001322326530612245	0.005460566591836735	0.00681342	490		
friends	04	008	s01e15a		s01e	0.10789093234629389	28	5.894736842105263	31.49588394165039	2.3769794597760736	-0.024244440719485283	0.06763868778944016	1.048181190147678	1.0115317127004226	0.0021174315789473687	0.008505737936842105	0.00664533	475		
friends	04	008	s01e15b		s01e	0.10396652782710546	13	2.7253668763102725	30.251678466796875	2.3720951944277218	-0.024816760793328285	0.06773056089878082	0.9934817743487391	0.9662228415126047	0.0005064570230607966	0.009006812222222223	0.00908053	477		
friends	04	009	s01e16a		s01e	0.06822800553202844	5	1.0351966873706004	33.813446044921875	2.498308197863375	-0.0233418308198452	0.06754898279905319	1.0337649035684653	0.9928418558921168	0.00047867494824016565	0.0061613075776397516	0.00634759	483		
friends	04	009	s01e16b		s01e	0.07301037364777502	4	0.8298755186721992	33.673946380615234	2.4770543149108732	-0.022908203303813934	0.06768221408128738	1.057121992224532	1.0162348572349265	0.0009890041493775933	0.00634459734439834	0.00220789	482		
friends	04	009	s01e17a		s01e	0.06907679060246523	0	0.0	34.19183349609375	2.4931553663497743	-0.024975376203656197	0.06749176979064941	1.0408268516216217	0.9998419160291059	0.00038574688796680503	0.0059416045850622405	0.00293581	482		
friends	04	009	s01e17b		s01e	0.07572095303269903	6	1.2422360248447204	36.451942443847656	2.480436352177812	-0.025420555844902992	0.06740328669548035	1.0588989145850618	1.0243209697510383	0.0006920703933747412	0.004626540393374741	0.00475864	483		
friends	04	009	s01e18a		s01e	0.07367461589132468	5	1.0080645161290323	35.56793975830078	2.4801073561002975	-0.02541961707174778	0.06681285798549652	1.0399389630505036	0.9927061981616172	0.0003351814516129032	0.005166766633064516	0.0071054	496		
friends	04	009	s01e18b		s01e	0.07546289492113176	6	1.2121212121212122	33.1117057800293	2.4777832196510343	-0.02490556426346302	0.06699279695749283	1.0487772793927135	1.0052554480566807	0.0007836565656565656	0.006791158101010101	0.00743058	495		
friends	04	010	s01e19a		s01e	0.08490271854652043	4	0.8714596949891068	35.494972229003906	2.3410983625150776	-0.023263605311512947	0.06545481830835342	1.0362038802838431	0.9977693165938868	0.0005797385620915031	0.005378227559912854	0.0097163	459		
friends	04	010	s01e19b		s01e	0.0853344880966143	1	0.2178649237472767	35.69026565551758	2.3406439822888805	-0.023856207728385925	0.06376024335622787	1.0247321436899568	0.9903268174017469	0.00023564270152505448	0.005099256775599129	0.00716387	459		
friends	04	010	s01e20a		s01e	0.09808811859347565	8	1.7429193899782136	35.01696014404297	2.3565760178267285	-0.023443061858415604	0.06354238837957382	1.0409399784934497	1.0036237808296942	0.0006952723311546841	0.005397875468409587	0.00445803	459		
friends	04	010	s01e20b		s01e	0.09849576376374704	11	2.4070021881838075	34.7216911315918	2.365207936571195	-0.024587204679846764	0.06358456611633301	1.030203465328948	0.9933295072587731	0.00046194748358862145	0.005554723435448577	0.00595059	457		
friends	04	010	s01e21a		s01e	0.10958067830962456	16	3.3542976939203353	32.019569396972656	2.355954100261258	-0.024235762655735016	0.06492362916469574	1.0450214386134453	1.015640539159663	0.0017046331236897274	0.0072707378406708595	0.00533989	477		
friends	04	010	s01e21b		s01e	0.10210258676969508	15	3.1512605042016806	36.05305099487305	2.3646787947647896	-0.024778470396995544	0.06399942189455032	1.0579619106315794	1.0144282004421044	0.0007884663865546219	0.004883896575630252	0.00697664	476		
friends	04	011	s01e22a		s01e	0.0746863902994357	1	0.2109704641350211	34.62672805786133	2.3280382417708063	-0.023469310253858566	0.0650244951248169	1.0626912872938694	1.007204194080338	0.001334008438818565	0.005904003776371309	0.00796873	474		
friends	04	011	s01e22b		s01e	0.07057280076477891	1	0.21141649048625794	37.68903732299805	2.33940775481493	-0.024386780336499214	0.06373374164104462	1.0619645979872878	1.001432073241525	0.00036900634249471457	0.00433047287526427	0.00667613	473		
friends	04	011	s01e23a		s01e	0.07107645329537216	2	0.43383947939262474	35.08320236206055	2.3484035030667774	-0.024296676740050316	0.06401411443948746	1.0497275187391304	0.9993060238260864	0.0006810845986984816	0.005470031605206073	0.005621	461		
friends	04	011	s01e23b		s01e	0.08360829909316156	6	1.3043478260869565	31.949031829833984	2.3421302490479237	-0.023629266768693924	0.0653141662478447	1.0550264193246182	1.0087383995206973	0.001829195652173913	0.007390637369565217	0.00746113	460		
friends	04	011	s01e24a		s01e	0.11204501133067146	39	7.572815533980583	31.13888168334961	2.360901468172429	-0.023411715403199196	0.06499770283699036	1.0454781974319058	0.998361066712063	0.0008194563106796117	0.007545266077669904	0.0231636	515		
friends	04	011	s01e24b		s01e	0.09436761356985052	19	3.747534516765286	30.575042724609375	2.3744160143273847	-0.024668021127581596	0.06619875133037567	1.009715566996047	0.9664557096245056	0.00029599605522682445	0.008814627179487179	0.0109554	507		
friends	04	012	s02e01a		s02e	0.08920574611444125	19	3.9832285115303985	33.40827178955078	2.345621815725311	-0.02254570461809635	0.06386034935712814	1.0665020953571427	1.0148482828781513	0.0011016352201257862	0.0063070535639413	0.0188831	477		
friends	04	012	s02e01b		s02e	0.0967253137245143	24	5.042016806722689	33.851463317871094	2.3398503184729353	-0.023852087557315826	0.06419150531291962	1.052344892273685	0.9970542427157899	0.00044088235294117647	0.0062497231512605046	0.0174102	476		
friends	04	013	s02e02a		s02e	0.08704095412193238	8	1.7857142857142858	33.67899703979492	2.3402951796249	-0.021926261484622955	0.0657649040222168	1.0057732121476521	0.9832004045190151	0.0005306026785714286	0.006248018415178572	0.0198191	448		
friends	04	013	s02e02b		s02e	0.09565538417962847	8	1.78173719376392	35.41059494018555	2.353699541755694	-0.02214765176177025	0.0645689144730568	1.0094276448883914	0.9813390854241072	0.00020073496659242762	0.005276347839643653	0.003837	449		
friends	04	013	s02e03a		s02e	0.09530096864716486	8	1.7316017316017316	35.787437438964844	2.346791027818356	-0.022180328145623207	0.06374397873878479	1.0357995807592195	0.9994722183947939	0.0003568614718614719	0.005020756926406926	0.012753	462		
friends	04	013	s02e03b		s02e	0.12141522901328945	24	5.194805194805195	31.838027954101562	2.3425773678317685	-0.022322623059153557	0.06368151307106018	1.0436618528633412	1.016369199804772	0.0019497619047619049	0.007436363744588744	0.00472817	462		
friends	04	014	s02e04a		s02e	0.08453357633063054	0	0.0	36.95486068725586	2.3091692946224622	-0.023588696494698524	0.06448636204004288	1.0297244888026607	1.0019481233924608	0.000275929203539823	0.004530763650442478	0.00771286	452		
friends	04	014	s02e04b		s02e	0.07988790812833418	0	0.0	39.129817962646484	2.308203056238748	-0.023657001554965973	0.06507224589586258	1.036655179205298	1.0031842792052985	0.0002476872246696035	0.0037040118502202645	0.00662871	454		
friends	04	014	s02e05a		s02e	0.0833801034529155	0	0.0	37.42353820800781	2.3085827010085556	-0.02415892668068409	0.06566145271062851	1.044850813509934	1.0126295694922733	0.000831101321585903	0.0042246542731277535	0.00428277	454		
friends	04	014	s02e05b		s02e	0.09138474266121456	0	0.0	30.546363830566406	2.3710034593314067	-0.023108158260583878	0.06556754559278488	1.003899328058036	0.9723206696651792	0.00044260579064587976	0.008622670779510021	0.00673734	449		
friends	04	014	s02e06a		s02e	0.09599703306276658	2	0.40080160320641284	33.18787384033203	2.3890307397069033	-0.023201165720820427	0.06474576145410538	1.0265403029919682	0.9977195082730924	0.00102563126252505	0.006427795170340682	0.00226335	499		
friends	04	014	s02e06b		s02e	0.09014796643441206	5	1.0	34.27969741821289	2.386530099934653	-0.024142328649759293	0.06492742896080017	1.0387869265130254	1.0039927909819644	0.00070664	0.005551614140000001	0.0055002	500		
friends	04	014	s02e07a		s02e	0.09239075631259029	13	2.6262626262626263	32.76808166503906	2.361529497076636	-0.023087775334715843	0.06565005332231522	1.0225244113967613	0.9890169808502027	0.0003714949494949495	0.00635020098989899	0.0107489	495		
friends	04	014	s02e07b		s02e	0.09295058072408122	13	2.620967741935484	29.111623764038086	2.385425753170662	-0.02481990121304989	0.06536313891410828	0.9864463322626265	0.965108091454545	0.0004065524193548387	0.009401155181451614	0.00738329	496		
friends	04	015	s02e08a		s02e	0.09077654431105038	5	1.0940919037199124	35.75543212890625	2.342900383334301	-0.02590326964855194	0.07288405299186707	1.0590148578289464	0.992672855087719	0.0002763894967177243	0.005372303610503282	0.00945465	457		
friends	04	015	s02e08b		s02e	0.08725089921035926	1	0.2188183807439825	36.82830810546875	2.3420573975331638	-0.026208825409412384	0.07369731366634369	1.0553406490570176	0.9928332916447368	0.00019026258205689277	0.004686854157549234	0.00316082	457		
friends	04	015	s02e09a		s02e	0.10034540784780346	6	1.3274336283185841	34.88762664794922	2.3442210099321557	-0.027535200119018555	0.07550062239170074	1.0745115040798219	1.0116179658314859	0.0009533849557522123	0.005647844336283186	0.00597025	452		
friends	04	015	s02e09b		s02e	0.09764395003191662	6	1.3303769401330376	34.630821228027344	2.342021865090318	-0.02800160087645054	0.07566958665847778	1.067172689133333	1.0077509611333333	0.0008354323725055432	0.005585294412416853	0.00356902	451		
friends	04	015	s02e10a		s02e	0.1143767964568233	30	6.263048016701461	29.336660385131836	2.34361717377623	-0.028960850089788437	0.07573359459638596	1.001089920774059	0.9608186988912132	0.000308768267223382	0.00956606121085595	0.00879023	479		
friends	04	015	s02e10b		s02e	0.12365350686746877	46	9.603340292275574	27.72870445251465	2.353962139856848	-0.027220508083701134	0.07589566707611084	1.0497775885355647	1.000493956004184	0.0013882254697286012	0.010143950417536534	0.0403554	479		
friends	04	016	s02e11a		s02e	0.07257118692217464	3	0.6172839506172839	35.38302993774414	2.3129665034896516	-0.02372700348496437	0.06841324269771576	1.0335809053814433	0.9877308941443302	0.00027154320987654324	0.005547536419753086	0.00716281	486		
friends	04	016	s02e11b		s02e	0.09069026411820866	5	1.0245901639344261	34.128143310546875	2.316916035446988	-0.023511212319135666	0.0676056444644928	1.0442320069199178	0.9944300710472296	0.0006184631147540983	0.005822142807377049	0.00659521	488		
friends	04	016	s02e12a		s02e	0.09281643685710293	19	3.9014373716632442	32.630218505859375	2.3261471981376487	-0.025218728929758072	0.06941354274749756	1.0360794987654323	0.9927303884156387	0.000654476386036961	0.007001645071868583	0.00677061	487		
friends	04	016	s02e12b		s02e	0.07340169818888508	4	0.823045267489712	34.21582794189453	2.319957867914744	-0.024077653884887695	0.0674508735537529	1.037815756350516	0.9914664403505158	0.00028685185185185183	0.005705268888888888	0.0082979	486		
friends	04	017	s02e13a		s02e	0.07558235020933939	2	0.4098360655737705	30.266624450683594	2.368567709973035	-0.022873129695653915	0.06259366124868393	0.9686274309856263	0.9465491500205335	0.00024795081967213115	0.009052715061475411	0.0127698	488		
friends	04	017	s02e13b		s02e	0.07555424380388134	5	1.02880658436214	31.282346725463867	2.3701843604753465	-0.02128547430038452	0.060493554919958115	1.0094053024536083	0.9833898592577318	0.0006602057613168724	0.007774512860082304	0.00574587	486		
friends	04	017	s02e14a		s02e	0.08117407470049826	6	1.2684989429175475	34.435333251953125	2.3713498461638856	-0.02225995436310768	0.06018410250544548	1.0310298296186438	1.0877187440677971	0.0011462367864693444	0.005738212177589853	0.00275024	473		
friends	04	017	s02e14b		s02e	0.09218699413847078	7	1.4861995753715498	33.99134826660156	2.3774447624358284	-0.023847319185733795	0.061016567051410675	1.0304752408723408	0.9949666641702122	0.00048010615711252655	0.006085402632696392	0.00466876	471		
friends	04	017	s02e15a		s02e	0.06907216309220203	3	0.646551724137931	31.861692428588867	2.390827304485917	-0.024055836722254753	0.0609450489282608	1.0144491140604743	0.9825059929157669	0.0006587499999999999	0.0072638805172413785	0.00525783	464		
friends	04	017	s02e15b		s02e	0.07980822262534777	8	1.7204301075268817	33.13501739501953	2.3965125741277062	-0.022427568212151527	0.05976519733667374	1.0186954564008621	0.9863015679525864	0.0004015698924731183	0.006320288451612904	0.00683723	465		
friends	04	018	s02e16a		s02e	0.08054147526481463	1	0.20920502092050208	30.561384201049805	2.353971527139522	-0.021463824436068535	0.062586210668087	0.9839515665828086	0.9643157354716985	0.0004505439330543934	0.008743474163179915	0.0114867	478		
friends	04	018	s02e16b		s02e	0.07976688628133924	1	0.20920502092050208	36.163780212402344	2.3693774932001603	-0.02214788645505905	0.06278634071350098	1.052072292368973	1.0166140861006296	0.0009302510460251045	0.004845631673640167	0.00607136	478		
friends	04	018	s02e17a		s02e	0.08804423680973214	14	2.8629856850715747	35.13861846923828	2.3873106741797967	-0.02216791734099388	0.06223226338624954	1.0432240086065576	1.0078473578483615	0.000717402862985685	0.005536528916155419	0.0119295	489		
friends	04	018	s02e17b		s02e	0.09910094216843397	15	3.0737704918032787	31.68794822692871	2.3882299491247334	-0.022652173414826393	0.06256408989429474	1.0106785217659142	0.9832869563244357	0.0004640983606557377	0.0075424775409836066	0.010646	488		
friends	04	018	s02e18a		s02e	0.11203132867607304	29	6.304347826086956	29.037235260009766	2.3948107325683847	-0.0223064087331295	0.06343459337949753	1.01461527795207	0.9911706164052283	0.0012017173913043478	0.00884366641304348	0.0313366	460		
friends	04	018	s02e18b		s02e	0.08010146152897704	6	1.3100436681222707	34.587669372558594	2.38989462850295	-0.02222996950149536	0.06166825070977211	1.0458832726477034	1.0149216130415764	0.0012234279475982534	0.005589345807860263	0.00354735	458		
friends	04	019	s02e19a		s02e	0.09086682513349927	6	1.2578616352201257	30.855113983154297	2.3915332400295837	-0.022874316200613976	0.0640898048877716	0.9956329553991597	0.9639750664495808	0.0002966247379454927	0.008576874737945493	0.00438667	477		
friends	04	019	s02e19b		s02e	0.10440608088783765	16	3.3542976939203353	33.369651794433594	2.3934438783322785	-0.02315925993025303	0.06325238198041916	1.0565443147268918	1.006092369642856	0.0010846750524109016	0.006450574968553459	0.0055073	477		
friends	04	019	s02e20a		s02e	0.10228780911557814	9	2.0044543429844097	34.06321716308594	2.3964070758963634	-0.024026893079280853	0.06354743242263794	1.0416209002678571	0.995743620669643	0.0004997772828507794	0.005684709599109132	0.0193525	449		
friends	04	019	s02e20b		s02e	0.10024788651623932	7	1.5625	29.026994705200195	2.373880645910416	-0.020013071596622467	0.06394656747579575	1.0067124095302005	0.9778774890827739	0.0007492633928571429	0.009961920781249998	0.0102176	448		
friends	04	019	s02e21a		s02e	0.13260100547849357	43	9.168443496801705	30.745380401611328	2.35881683815309	-0.022599855437874794	0.06494954228401184	1.0609865024786327	1.0291644673504272	0.002896737739872068	0.0079874218336887	0.0110761	469		
friends	04	019	s02e21b		s02e	0.11683029048829434	31	6.666666666666667	32.677642822265625	2.3699147341926454	-0.02346019633114338	0.06575516611337662	1.0525426563146545	1.0114895010991376	0.0008621935483870969	0.006830748860215055	0.0124144	465		
friends	04	020	s02e22a		s02e	0.06987601342859324	0	0.0	35.000526428222656	2.3805203691529404	-0.02344154193997383	0.06542183458805084	1.022958425657016	0.9826596606681511	0.00019582222222222224	0.005945740488888889	0.0100455	450		
friends	04	020	s02e22b		s02e	0.07485939073229017	0	0.0	35.84101486206055	2.383652711588846	-0.02349228225648403	0.06564948707818985	1.0435473884070798	1.0112604404203536	0.0007227593818984547	0.005051395474613687	0.00499535	453		
friends	04	020	s02e23a		s02e	0.07485489379820225	4	0.8771929824561403	37.315921783447266	2.3842451825029127	-0.024497289210557938	0.06636971235275269	1.039557601692307	0.9955734801098894	0.00023324561403508773	0.004533270899122807	0.00508843	456		
friends	04	020	s02e23b		s02e	0.07729556162829745	6	1.3186813186813187	36.968711853027344	2.3864687733919836	-0.02546968311071396	0.06622705608606339	1.037718786519825	1.002435883876653	0.0003576483516483517	0.004699688307692308	0.0050933	455		
friends	04	021	s02e24a		s02e	0.05857052317076866	3	0.6423982869379015	33.08789825439453	2.4865507897865933	-0.020910076797008514	0.06594017893075943	1.0035911434549352	0.9987023931330459	0.0012504710920770877	0.006869625974304069	0.00637181	467		
friends	04	021	s02e24b		s02e	0.05319593089989961	0	0.0	34.02494430541992	2.489234439096285	-0.02232499234378338	0.06629025936126709	0.9759465869807276	0.9753077079443253	0.00021557692307692307	0.006323626623931624	0.00290617	468		
friends	04	022	s01e13a		s01e	0.06237795683848798	0	0.0	31.598888397216797	2.3358743338408434	-0.021317441016435623	0.06716959178447723	1.0201708203433488	1.0028933543776812	0.000559764453961456	0.008125420535331905	0.00477844	467		
friends	04	022	s01e13b		s01e	0.06320100823383129	0	0.0	36.91352462768555	2.3415815989249773	-0.02209099568426609	0.06612399965524673	1.0578557750967739	1.0014115722150536	0.00028427038626609445	0.004506751201716739	0.00383879	466		
friends	04	023	s03e01a		s03e	0.0780324134369657	7	1.4285714285714286	32.743412017822266	2.365809254081325	-0.02139444649219513	0.06171620637178421	0.9964661418404912	0.9789968131492834	0.00043318367346938775	0.00750792406122449	0.00760108	490		
friends	04	023	s03e01b		s03e	0.0810215145131237	11	2.2540983606557377	33.69805145263672	2.385928234529997	-0.018840966746211052	0.06081872805953026	1.0055740099178645	0.979576322381931	0.00032379098360655733	0.00654110006147541	0.0106617	488		
friends	04	023	s03e02a		s03e	0.09636834857768657	14	2.959830866807611	34.20317077636719	2.3945530258280985	-0.02223406732082367	0.06243744120001793	1.047758010084745	1.0116293337076279	0.0008989217758985202	0.006159058541226215	0.0113211	473		
friends	04	023	s03e02b		s03e	0.08651058454730137	7	1.4799154334038056	34.238712310791016	2.3760482643137313	-0.023467594757676125	0.06307721883058548	1.0327640835593221	0.9991000542796602	0.0006010782241014799	0.005915156828752643	0.00521313	473		
friends	04	024	s03e03a		s03e	0.07349431662164345	0	0.0	29.567811965942383	2.40776069723639	-0.022136542946100235	0.06501134485006332	0.9591889567256641	0.9522102313053106	0.00019991169977924946	0.01010318156732892	0.00435143	453		
friends	04	024	s03e03b		s03e	0.08412836111406388	10	2.202643171806167	32.65528869628906	2.4070524022336888	-0.02181553840637207	0.06320179253816605	1.0082886607505515	0.9826110166004417	0.000295704845814978	0.007234506828193834	0.00637962	454		
friends	04	024	s03e04a		s03e	0.10564850839422131	35	7.415254237288136	29.835826873779297	2.4232537984130764	-0.023942342028021812	0.06402437388896942	1.0248193630997877	0.9918314746072183	0.0011611864406779662	0.009654798135593222	0.0123711	472		
friends	04	024	s03e04b		s03e	0.09951209861547972	27	5.74468085106383	30.090797424316406	2.3640623625956674	-0.02212829887866974	0.06564116477966309	1.0189568249466951	0.9896969294669512	0.0011666808510638299	0.00849959670212766	0.0144134	470		
friends	04	024	s03e05a		s03e	0.12994359282433107	60	12.422360248447205	27.999378204345703	2.362631537631559	-0.023051345720887184	0.06590673327445984	1.038384934273859	1.0052270922199174	0.001959565217391304	0.010397798322981365	0.0100862	483		
friends	04	024	s03e05b		s03e	0.08643643340461227	11	2.272727272727273	34.056846618652344	2.3670157105052905	-0.02408360131084919	0.0663992241024971	1.0430963144927532	0.9979062124016557	0.0005115495867768596	0.005858278636363636	0.00901331	484		
friends	04	025	s03e06a		s03e	0.07375363513585473	6	1.279317697228145	30.41042137145996	2.3135878601471016	-0.022890735417604446	0.06501170247793198	0.9869304537820515	0.9579574213675209	0.0002678678038379531	0.008970215223880596	0.0038147	469		
friends	04	025	s03e06b		s03e	0.09038066518749888	11	2.345415778251599	30.730249404907227	2.318102607988112	-0.02518378384411335	0.06452788412570953	1.0006570370726504	0.9659153268376068	0.0003242857142857143	0.008175783646055437	0.0123618	469		
friends	04	025	s03e07a		s03e	0.07268158320601831	3	0.6423982869379015	37.10773468017578	2.3306681816964403	-0.02475794218480587	0.06470351666212082	1.0570744824034333	1.0078542022961368	0.0005794004282655247	0.004381679957173448	0.00729833	467		
friends	04	025	s03e07b		s03e	0.07692978655381738	9	1.9313304721030042	32.468780517578125	2.3373871410744385	-0.02470591850578785	0.06491439789533615	1.0190528302365596	0.9831519978279563	0.0006184549356223176	0.00716582347639485	0.00538212	466		
friends	04	026	s03e08a		s03e	0.062344852496409316	4	0.8714596949891068	35.13695526123047	2.3399302160923656	-0.02194669283926487	0.06576654314994812	0.9949682039737996	0.9833108970742365	0.0002657298474945534	0.005864636296296296	0.0163056	459		
friends	04	026	s03e08b		s03e	0.06746345743494611	4	0.8733624454148472	36.54737854003906	2.35247583687221	-0.023104017600417137	0.066602922976017	1.0332776987089711	1.0032065752516417	0.0005163100436681223	0.0051356764410480345	0.00707152	458		
friends	04	026	s03e09a		s03e	0.09648465369128106	32	6.490872210953347	31.76470375061035	2.3559899254658143	-0.024473758414387703	0.0684036910533905	1.0316942379065044	0.9955741547154475	0.0009599797160243409	0.008423045010141988	0.0101278	493		
friends	04	026	s03e09b		s03e	0.1968726255491876	168	34.07707910750507	25.456581115722656	2.3463237730866373	-0.023309120908379555	0.0715356320142746	0.9967799977642289	0.9659226207317068	0.0008787018255578094	0.014588712089249492	0.0163893	493		
friends	04	027	s03e10a		s03e	0.05774879342032352	2	0.44642857142857145	32.54981231689453	2.3290558610745724	-0.02258520945906639	0.06529510766267776	0.9873488596868009	0.9690434797762867	0.0005091741071428571	0.007511010714285714	0.00677616	448		
friends	04	027	s03e10b		s03e	0.06461104393771008	0	0.0	36.70642852783203	2.334289288912185	-0.02282477170228958	0.06377004086971283	1.0293955305333329	0.9991501879777783	0.0005093348115299335	0.00479021529933481	0.00352112	451		
friends	04	027	s03e11a		s03e	0.06870232903726628	5	1.0940919037199124	35.28863525390625	2.3434660850540485	-0.023000173270702362	0.06339229643344879	1.0216399426535092	1.012858081052632	0.0009409846827133478	0.0054581564989059075	0.00326834	457		
friends	04	027	s03e11b		s03e	0.07075840194122224	5	1.1037527593818985	33.78279495239258	2.358669930775632	-0.023388534784317017	0.06323134154081345	1.0092573909955749	0.9879250566371683	0.0007241280353200881	0.0063949982781456955	0.0047344	453		
friends	04	028	s03e12a		s03e	0.059907394941635106	0	0.0	33.417236328125	2.3643105181052455	-0.02180241234600544	0.06299123167991638	0.9938292961171368	0.9785692502386115	0.00037690476190476195	0.00668840012987013	0.00892921	462		
friends	04	028	s03e12b		s03e	0.05530682584651094	1	0.21645021645021645	36.18109130859375	2.3725659619909054	-0.02349613979458809	0.06244969740509987	1.019881381127983	1.0027469131670284	0.0005464935064935065	0.005047377402597402	0.00602181	462		
friends	04	028	s03e13a		s03e	0.06594368683783038	6	1.2684989429175475	36.01365280151367	2.3754394806807193	-0.022148404270410538	0.061851952224969864	1.0260447943220337	1.0090352570762706	0.0009269767441860465	0.005108718689217759	0.00647831	473		
friends	04	028	s03e13b		s03e	0.06116168943930797	4	0.8492569002123143	36.478431701660156	2.3836640936307294	-0.021878797560930252	0.060569021850824356	1.014881624021276	1.001558894702128	0.00038322717622080675	0.0047501321231422505	0.00552334	471		
friends	04	028	s03e14a		s03e	0.0688374179305068	9	1.965065502183406	37.29771423339844	2.3813846468039053	-0.02357584424316883	0.06211693212389946	1.0270692937199124	1.0096696322100664	0.0005441484716157205	0.004362864956331878	0.0149681	458		
friends	04	028	s03e14b		s03e	0.12833425251526812	59	12.882096069868995	29.341440200805664	2.398596259119548	-0.02364792861044407	0.06300554424524307	1.0114090376367608	0.9958111613566742	0.0014598253275109171	0.00989095174672489	0.0165019	458		
friends	04	029	s03e15a		s03e	0.05625338159388837	2	0.437636761487965	32.82093811035156	2.304082623863875	-0.02162148617208004	0.06420794129371643	0.9962124897149117	0.9866563289692992	0.000669781181619256	0.0070390107877461704	0.00778629	457		
friends	04	029	s03e15b		s03e	0.05638974069155966	0	0.0	38.79210662841797	2.310386448532766	-0.022809544578194618	0.06329517811536789	1.0166054904395607	0.9945458294725271	0.0001894517543859649	0.0039065023903508776	0.00556167	456		
friends	04	029	s03e16a		s03e	0.06358985709602318	0	0.0	31.721181869506836	2.3266042320449274	-0.02245372347533703	0.062464550137519836	0.9853515175160608	0.9748797963383301	0.000799636752136752	0.007719337158119659	0.0115147	468		
friends	04	029	s03e16b		s03e	0.06630330673012393	1	0.21413276231263384	28.79697036743164	2.364502583109996	-0.01967768929898739	0.059998393058776855	0.9639097191630897	0.9481653359656648	0.0002338758029978587	0.01086739381156317	0.00267469	467		
friends	04	030	s03e17a		s03e	0.06036307759362374	1	0.22123893805309736	31.2397518157959	2.332929076700492	-0.022578150033950806	0.0647163912653923	0.979301760643016	0.9721950241685149	0.0005002654867256637	0.00814447743362832	0.0100911	452		
friends	04	030	s03e17b		s03e	0.05835404165858393	1	0.22075055187637968	34.216243743896484	2.338039891566173	-0.02282826229929924	0.06326456367969513	1.010408431836283	1.000796620951328	0.001347726269315673	0.006006677350993378	0.00179988	453		
friends	04	030	s03e18a		s03e	0.08632857256405616	16	3.4261241970021414	35.1588020324707	2.3384992871554298	-0.02387997880578041	0.06382135301828384	1.0393945722746782	1.0119685866094423	0.000788372591006424	0.00523357312633833	0.0193512	467		
friends	04	030	s03e18b		s03e	0.20283932677041197	148	31.556503198294244	24.596637725830078	2.3478668095978783	-0.024146627634763718	0.06745678931474686	0.9950133929700862	0.9663576416025642	0.0011159701492537313	0.015958715351812366	0.0345974	469		
friends	04	030	s03e19a		s03e	0.07841013622145865	4	0.8565310492505354	32.790897369384766	2.3487606385639888	-0.023810619488358498	0.06562898308038712	1.03730266860515	1.0230364400429182	0.0022302141327623123	0.006307655331905781	0.00940059	467		
friends	04	030	s03e19b		s03e	0.0828146488257473	7	1.502145922746781	33.41117477416992	2.3536259985176824	-0.024330897256731987	0.06422487646341324	1.022744726	0.995236367376345	0.0005430257510729614	0.006323749484978542	0.00802653	466		
friends	04	031	s03e20a		s03e	0.062124616452980806	7	1.511879049676026	35.23377990722656	2.285736041289017	-0.023903798311948776	0.06669699400663376	1.0130147418398272	0.9892883159956716	0.0003647948164146868	0.005504178401727861	0.0089785	463		
friends	04	031	s03e20b		s03e	0.06343135495234065	3	0.6479481641468683	36.93159484863281	2.292133924406873	-0.02367480657994747	0.06507392227649689	1.0361376844588748	1.0037479816233765	0.0003806479481641469	0.0045670717494600424	0.00411688	463		
friends	04	031	s03e21a		s03e	0.07585262612952447	8	1.7429193899782136	36.16624450683594	2.3000657923722936	-0.024107348173856735	0.06525933742523193	1.044935646877729	1.009327817248908	0.0008165359477124185	0.00474134816993464	0.0107138	459		
friends	04	031	s03e21b		s03e	0.0672759834370295	4	0.8714596949891068	35.934303283691406	2.313939539926241	-0.024477383121848106	0.06590569019317627	1.020278624454148	0.9890604542358074	0.00031481481481481486	0.005110938779956427	0.00387083	459		
friends	04	032	s03e22a		s03e	0.10922970335238316	22	4.782608695652174	32.13498306274414	2.3291897023979353	-0.02470984496176243	0.06964469701051712	1.016830441655774	0.9817606944008715	0.0007314565217391305	0.00724183595652174	0.0101261	460		
friends	04	032	s03e22b		s03e	0.10222878609120103	17	3.67170626349892	32.83977508544922	2.344251481208137	-0.02476990409195423	0.06817957758903503	1.0364770095454539	0.9973232977922073	0.0009034773218142549	0.006849799956803456	0.00484874	463		
friends	04	032	s03e23a		s03e	0.11889857919807234	30	6.3965884861407245	34.42854309082031	2.351526109430253	-0.026400132104754448	0.06918706744909286	1.0518372836965824	1.0053793102564101	0.0006636034115138593	0.0059334362473347545	0.0132947	469		
friends	04	032	s03e23b		s03e	0.10640333632385478	12	2.5641025641025643	32.28926467895508	2.35090372602488	-0.026791835203766823	0.06811408698558807	1.0247841770235548	0.984950422376874	0.0007512179487179487	0.007322908012820512	0.00544766	468		
friends	04	032	s03e24a		s03e	0.12459159607158878	47	10.352422907488986	34.163387298583984	2.3550236164372125	-0.026761069893836975	0.06840737164020538	1.0515053730242827	1.0031732664238406	0.0004422466960352423	0.005894321563876652	0.011705	454		
friends	04	032	s03e24b		s03e	0.1225389009389793	33	7.2687224669603525	28.71466827392578	2.360977428057262	-0.024543967097997665	0.07045716047286987	0.9944140026490069	0.9654303235540844	0.0004719823788546256	0.010708162334801761	0.00823092	454		
friends	04	032	s03e25a		s03e	0.1629743037975575	105	21.920668058455114	28.515954971313477	2.3758398854415157	-0.02551424875855446	0.06880130618810654	1.0526568834100427	1.0195261662552297	0.0021922755741127344	0.00907880630480167	0.0289246	479		
friends	04	032	s03e25b		s03e	0.15297227744838765	82	17.19077568134172	29.28072166442871	2.3745984008400467	-0.025704586878418922	0.07020530849695206	1.053434303823529	1.0157069992857137	0.0020885534591194967	0.009778434737945494	0.0104067	477		
friends	04	032	s04e01a		s04e	0.13233920959303722	44	9.46236559139785	28.953697204589844	2.390288239698495	-0.02502737008035183	0.071322500705719	1.0427567409051721	1.0158927445258603	0.002532365591397849	0.009111270215053762	0.0168893	465		
friends	04	032	s04e01b		s04e	0.1397075214776609	60	12.903225806451612	29.783721923828125	2.3780985051986843	-0.026724206283688545	0.07013455778360367	1.0532117594181032	1.0175962437499997	0.0019948817204301075	0.009239205032258065	0.0145106	465		
friends	04	033	s04e02a		s04e	0.08722895032619467	16	3.361344537815126	33.018009185791016	2.3093424208281936	-0.021868852898478508	0.0657569169998169	1.0227978698315783	0.9924559386105262	0.0009947268907563025	0.006747807710084034	0.00975677	476		
friends	04	033	s04e02b		s04e	0.09274620182979526	14	2.9350104821802936	36.04758071899414	2.32054462682308	-0.02125674858689308	0.06397435814142227	1.0549775063655458	1.0080967351680676	0.0007908805031446542	0.004985555660377358	0.00931291	477		
friends	04	033	s04e03a		s04e	0.09880248895743353	18	4.044943820224719	31.884998321533203	2.324009326178056	-0.023575251922011375	0.06576605886220932	1.061293613265766	1.0248636445720722	0.002195370786516854	0.007490808876404495	0.00624816	445		
friends	04	033	s04e03b		s04e	0.12508062337612458	39	8.783783783783784	30.903709411621094	2.307295045233761	-0.024915095418691635	0.06736356019973755	1.0531220255079004	1.0121158249887134	0.002329301801801802	0.008491879639639639	0.0178685	444		
friends	04	033	s04e04a		s04e	0.13657587039029306	56	12.362030905077262	27.80172348022461	2.3091455826811464	-0.022797297686338425	0.0661674216389656	0.993013562190266	0.9632597136061952	0.0004988300220750552	0.010737906225165563	0.0339662	453		
friends	04	033	s04e04b		s04e	0.1974513494879848	144	31.788079470198674	27.48598861694336	2.3077732070251766	-0.025199754163622856	0.06905651092529297	1.0819926376106201	1.0165712825442481	0.0021467108167770423	0.01154422459161148	0.0355477	453		
friends	04	034	s04e05a		s04e	0.09826935527451695	7	1.4893617021276595	29.48621940612793	2.3054722948160746	-0.022432425990700722	0.06600857526063919	0.9743911237526647	0.9618750374840079	0.00042517021276595746	0.009725484489361705	0.00479896	470		
friends	04	034	s04e05b		s04e	0.09275119014863302	7	1.492537313432836	30.854812622070312	2.309929262954416	-0.023056086152791977	0.06520485132932663	0.9837685465170934	0.9672170476709399	0.00040428571428571434	0.00840262289978678	0.00402297	469		
friends	04	034	s04e06a		s04e	0.09350501997144543	3	0.646551724137931	32.08015060424805	2.3728072749217595	-0.024730287492275238	0.07081542164087296	0.9923636237365017	0.966696480734341	0.0002872413793103448	0.007724861293103448	0.00407048	464		
friends	04	034	s04e06b		s04e	0.11357165833441692	31	6.695464362850972	29.81086540222168	2.374192777885711	-0.02465173974633217	0.07081592828035355	0.9908678442207788	0.9694713912987019	0.0006760907127429806	0.009274308725701945	0.00351771	463		
friends	04	034	s04e07a		s04e	0.10148101791049666	9	1.8108651911468814	28.56584930419922	2.363912122950431	-0.024948718026280403	0.06941551715135574	0.9914537595967743	0.9681029590725801	0.0005952313883299798	0.010304958008048289	0.00540499	497		
friends	04	034	s04e07b		s04e	0.09361568163291167	15	3.0303030303030303	34.679168701171875	2.3664052305561767	-0.026692762970924377	0.06866307556629181	1.045822122024291	1.0087949707287456	0.0009775757575757576	0.005223281636363637	0.0177401	495		
friends	04	035	s04e08a		s04e	0.08036974391129817	10	2.004008016032064	33.00055694580078	2.2637004978443693	-0.0238324124366045	0.06616931408643723	1.0089020335341354	0.9961246164658633	0.0009824248496993987	0.006645284308617235	0.00679645	499		
friends	04	035	s04e08b		s04e	0.09127423093631203	19	3.7848605577689245	33.39196014404297	2.2722860994247776	-0.021716073155403137	0.06398676335811615	1.0162272870259481	1.41192454998004	0.0013673904382470116	0.006401986135458167	0.0101827	502		
friends	04	035	s04e09a		s04e	0.09998670355124625	21	4.7727272727272725	35.2132568359375	2.273086519684571	-0.022638406604528427	0.06280887126922607	1.0129269895216404	0.9898892735307513	0.0006047727272727272	0.005484180477272727	0.00701209	440		
friends	04	035	s04e09b		s04e	0.14929501384366692	83	18.820861678004537	29.372379302978516	2.2719607683510206	-0.025850115343928337	0.06648429483175278	1.0497397789772727	1.0189655484090907	0.003015102040816327	0.009877584126984128	0.0164039	441		
friends	04	036	s04e10a		s04e	0.0999573223188507	13	2.9082774049217	28.995389938354492	2.2998785095691483	-0.022518200799822807	0.06793113797903061	0.9603807081838563	0.9595055791479814	0.000613042505592841	0.010031706331096197	0.00696209	447		
friends	04	036	s04e10b		s04e	0.09215913588837049	4	0.8928571428571429	33.39692687988281	2.308942423489823	-0.023578835651278496	0.06676490604877472	1.0365439335570468	1.0208159645190154	0.0020246875	0.006321514866071428	0.00473971	448		
friends	04	036	s04e11a		s04e	0.08454342071478782	13	2.6970954356846475	35.88519287109375	2.3326272505212824	-0.02184673771262169	0.06515172123908997	1.0365795422453226	1.0070480610187105	0.0007517427385892116	0.0050866140663900425	0.00715935	482		
friends	04	036	s04e11b		s04e	0.07849814992022736	5	1.037344398340249	35.60832214355469	2.328569868118213	-0.022072521969676018	0.06460204720497131	1.0297910525571734	1.0031804271101874	0.0005669709543568465	0.00512447070539419	0.00589551	482		
friends	04	036	s04e12a		s04e	0.08827981454958846	12	2.5806451612903225	31.956241607666016	2.3171322988158547	-0.024324988946318626	0.06669735908508301	1.021445954612069	0.997511040926723	0.001382709677419355	0.007212447806451614	0.0130955	465		
friends	04	036	s04e12b		s04e	0.08548837752852699	10	2.1551724137931036	33.96244812011719	2.3388878164619356	-0.02435043454170227	0.06713369488716125	1.0263500087257016	1.001604848639308	0.0013828232758620693	0.00579328797413793	0.00822653	464		
friends	04	037	s04e13a		s04e	0.08168834181337584	2	0.45045045045045046	29.248376846313477	2.2963551235673636	-0.020808404311537743	0.0646359920501709	0.9966687948306995	0.9471475071557572	0.00030826576576576574	0.010519583783783783	0.00808367	444		
friends	04	037	s04e13b		s04e	0.08638935323441077	2	0.449438202247191	35.20851135253906	2.2824091916652023	-0.022344131022691727	0.06359080225229263	1.0614818386486502	0.996716648243244	0.0006886292134831459	0.005642071033707865	0.00603052	445		
friends	04	037	s04e14a		s04e	0.09248969858506367	7	1.5695067264573992	34.600040435791016	2.2789262755033	-0.022524394094944	0.06580629199743271	1.072998690089888	1.013490308426966	0.0015415695067264575	0.005938920941704035	0.00432304	446		
friends	04	037	s04e14b		s04e	0.11333333617039133	34	7.640449438202247	34.30195999145508	2.294641282806825	-0.02275805175304413	0.06488626450300217	1.0792690913063059	1.0177621937837844	0.0021068764044943826	0.006140121213483147	0.0149157	445		
friends	04	038	s04e15a		s04e	0.08493947886321543	9	2.0361990950226243	32.735172271728516	2.3050193521910445	-0.02507718652486801	0.06856480240821838	1.0278409779591835	0.9895012542176859	0.0008413348416289593	0.007333292669683258	0.0185102	442		
friends	04	038	s04e15b		s04e	0.08868168987229354	6	1.3574660633484164	31.096996307373047	2.30313448260713	-0.02458411082625389	0.06879479438066483	1.0025898005895688	0.9752280244897965	0.0007842307692307693	0.008524446832579184	0.00363305	442		
friends	04	038	s04e16a		s04e	0.08058739118143618	5	1.0395010395010396	36.71113204956055	2.3065998153698866	-0.025085795670747757	0.06723491847515106	1.0441901976874997	1.0014967106250006	0.0004411434511434512	0.004891498066528066	0.00536669	481		
friends	04	038	s04e16b		s04e	0.08542032507959198	6	1.2345679012345678	35.27401351928711	2.304897409376859	-0.024046724662184715	0.06723121553659439	1.0478328326804123	1.0103743887010315	0.0009605349794238683	0.005388908312757202	0.00397658	486		
friends	04	038	s04e17a		s04e	0.09004559133260412	17	3.5639412997903563	37.43106460571289	2.3194790887538757	-0.0266934335231781	0.06755001097917557	1.0568836218277307	1.0103491527310926	0.000721488469601677	0.004475413375262054	0.00849198	477		
friends	04	038	s04e17b		s04e	0.12245510882231662	52	10.92436974789916	32.57975769042969	2.332030498333472	-0.026409128680825233	0.06774812936782837	1.055157704147368	1.0109890009894738	0.0012127941176470587	0.006931245525210084	0.0170202	476		
friends	04	039	s04e18a		s04e	0.10016346029663742	21	4.666666666666667	33.0226936340332	2.2880540198013204	-0.0233880914747715	0.06825671344995499	1.0536538502449884	1.000645947282851	0.0007984888888888888	0.006802935622222223	0.0202824	450		
friends	04	039	s04e18b		s04e	0.11274431232879836	24	5.369127516778524	29.69889259338379	2.290687658037277	-0.02334236353635788	0.06823578476905823	1.0181754996188344	0.9747774798430494	0.0009954809843400446	0.00926749510067114	0.0224446	447		
friends	04	039	s04e19a		s04e	0.1373289795168687	59	13.501144164759726	30.93604278564453	2.280818289160749	-0.024975299835205078	0.06941457092761993	1.1005947838302759	1.0519629795871563	0.0038842562929061776	0.008184635926773456	0.0107199	437		
friends	04	039	s04e19b		s04e	0.15325117593354776	85	19.495412844036696	27.782377243041992	2.2912469079213333	-0.02590913511812687	0.07021606713533401	1.0414870199770123	1.0497400942528745	0.0011597018348623853	0.011364385321100918	0.0316966	436		
friends	04	040	s04e20a		s04e	0.07701434476598099	3	0.6741573033707865	33.10047912597656	2.301770238328614	-0.021954547613859177	0.0654686689376831	1.0054337758558558	0.9941567038063068	0.001540134831460674	0.0070330220224719105	0.00550893	445		
friends	04	040	s04e20b		s04e	0.0985950644386701	7	1.5695067264573992	33.47075271606445	2.325379271327445	-0.02182617411017418	0.06587005406618118	1.0267772766516858	1.0154897730561794	0.0017633632286995517	0.006121622892376681	0.0036991	446		
friends	04	040	s04e21a		s04e	0.0830287270730117	3	0.672645739910314	33.847923278808594	2.316526146381502	-0.022373471409082413	0.06477098912000656	0.9877502699550563	0.973994296741573	0.00021917040358744396	0.006413417623318386	0.0030619	446		
friends	04	040	s04e21b		s04e	0.09120175419598572	7	1.5659955257270695	34.92397689819336	2.3198448585540246	-0.022798819467425346	0.06542927026748657	1.0210593567264574	0.9966739464798205	0.0006207382550335571	0.005433289239373602	0.00711458	447		
friends	04	042	s04e23a		s04e	0.08214379514275988	7	1.3916500994035785	35.092262268066406	2.326543063967566	-0.023350441828370094	0.06686931103467941	1.0126815742430273	1.0039371596414337	0.0005279920477137178	0.005534702862823062	0.0156947	503		
friends	04	042	s04e23b		s04e	0.1273630998391871	70	13.88888888888889	28.98961639404297	2.3290373883430404	-0.02365127205848694	0.06754134595394135	1.0062739185685896	0.9878687690656056	0.0023245238095238097	0.010684167321428571	0.0071881	504		
friends	04	042	s04e23c		s04e	0.0894252436332576	5	0.9940357852882704	31.793079376220703	2.330128332656238	-0.02349536493420601	0.06814465671777725	1.010336334900399	1.0079226854581675	0.0021695825049701787	0.007672642524850895	0.00639244	503		
friends	04	042	s04e23d		s04e	0.09245985023749617	7	1.402805611222445	32.40031433105469	2.329573566657859	-0.023776765912771225	0.06710842251777649	1.014729671726907	1.002461861706828	0.0012617034068136271	0.006831117835671343	0.00215615	499		
friends	04	043	s05e01a		s05e	0.08396809033818227	5	1.1415525114155252	29.472618103027344	2.2782798217730935	-0.022663762792944908	0.06518716365098953	0.970374673363844	0.9633815630892446	0.0005192694063926941	0.009471416210045663	0.00940941	438		
friends	04	043	s05e01b		s05e	0.09659808630164635	0	0.0	31.736129760742188	2.2934144151254436	-0.023021021857857704	0.06447329372167587	1.0196105214587752	1.0174718536575047	0.002385295358649789	0.0071940113924050635	0.00514919	474		
friends	04	043	s05e02a		s05e	0.10298451979201242	12	2.4340770791075053	29.799957275390625	2.290933533175739	-0.0236001368612051	0.06620043516159058	0.9771278370528458	0.9703855099593499	0.00047713995943204874	0.00889709265720081	0.00866443	493		
friends	04	043	s05e02b		s05e	0.1832235557125157	151	28.544423440453688	25.33376693725586	2.277807779964005	-0.02556869387626648	0.07309390604496002	0.9863261368560606	0.9647448155113637	0.0007165784499054821	0.015127565652173913	0.0121778	529		
friends	05	001	s01e06a		s01e	0.14111157366817906	63	13.070539419087137	25.278200149536133	2.0050691040752384	-0.027933958917856216	0.0694291889667511	1.041778597338878	1.0184129735550933	0.0026805186721991702	0.01260281593360996	0.0189219	482		
friends	05	001	s01e06b		s01e	0.14438059112661397	78	16.216216216216218	27.809091567993164	2.025704132634129	-0.02781425602734089	0.06835523992776871	0.9977263097708333	0.9613061078541667	0.0003397505197505198	0.010829105904365904	0.0117797	481		
friends	05	002	s01e01a		s01e	0.17695072875158854	191	32.263513513513516	25.097694396972656	2.060469814701355	-0.0254839900881052	0.0707690417766571	1.0500564759390858	1.0135386499492385	0.0015445270270270268	0.01286995258445946	0.0372776	592		
friends	05	002	s01e01b		s01e	0.16817320973531716	179	30.236486486486488	25.15995979309082	2.051325231530699	-0.026718510314822197	0.07158482819795609	1.0313163628934001	1.0291971848730972	0.0009859290540540542	0.01298660625	0.0498307	592		
friends	05	002	s01e04a		s01e	0.1367467848307095	67	14.316239316239317	25.96867561340332	2.021394651599321	-0.02672506496310234	0.07049308717250824	1.0248620716488224	0.9792476260599575	0.0015435470085470085	0.011908532606837607	0.0255268	468		
friends	05	002	s01e04b		s01e	0.13598113902551964	62	13.247863247863247	28.018661499023438	2.052729998685082	-0.025668468326330185	0.07008658349514008	1.0387806754389723	0.9954771680513919	0.0014239102564102565	0.009754627329059828	0.0384508	468		
friends	05	002	s01e05a		s01e	0.17225843960036727	146	30.041152263374485	23.927766799926758	2.0393923490809613	-0.02658330462872982	0.07219154387712479	1.0105389136494847	0.9732132756288675	0.0007918930041152263	0.015682993847736623	0.0272804	486		
friends	05	002	s01e05b		s01e	0.17369404969679872	138	28.278688524590162	26.938159942626953	2.054424813602388	-0.02698957547545433	0.06996046006679535	1.0519909270636547	0.9959564979260778	0.0008667622950819673	0.011616343668032787	0.0241355	488		
friends	05	002	s01e07a		s01e	0.15788233184886707	112	22.810590631364562	27.587196350097656	2.042616654354436	-0.027000879868865013	0.07201489806175232	1.0281159659183674	1.5524917931836735	0.00047883910386965387	0.011043943299389002	0.0200808	491		
friends	05	002	s01e07b		s01e	0.15274486635913714	94	19.10569105691057	28.8485164642334	2.03066241656595	-0.023754296824336052	0.06776648014783859	1.074280678126273	1.0829457845824855	0.0021566260162601625	0.009432838434959349	0.00769892	492		
friends	05	003	s01e08a		s01e	0.16807420310871699	128	26.89075630252101	25.807144165039062	2.001761145974742	-0.027957798913121223	0.0738426074385643	1.0025688114105271	0.9563506297263163	0.0005194747899159663	0.013393827247899158	0.0511197	476		
friends	05	003	s01e08b		s01e	0.1824206978500303	156	32.8421052631579	28.768707275390625	2.0024217160738553	-0.02909950353205204	0.07351989299058914	1.0677835736919816	1.0058569468776375	0.0009889894736842104	0.010028877221052631	0.0237899	475		
friends	05	003	s01e09a		s01e	0.15437803006629683	127	27.253218884120173	28.297916412353516	2.029576570666077	-0.028941640630364418	0.07420371472835541	1.0398390161720423	0.9884983520430112	0.0004932403433476395	0.010985768540772534	0.0234241	466		
friends	05	003	s01e09b		s01e	0.14604620678824634	107	22.91220556745182	25.789289474487305	2.0415977960812017	-0.02604168839752674	0.07240060716867447	1.0123704552145922	1.0116051289914156	0.0012401498929336188	0.012422565096359743	0.0305299	467		
friends	05	003	s01e10a		s01e	0.15322286221538114	104	21.05263157894737	29.005369186401367	2.029135212583906	-0.029558803886175156	0.0747705027461052	1.0533599764908725	1.0069393470791077	0.0011846558704453442	0.00913201967611336	0.031462	494		
friends	05	003	s01e10b		s01e	0.15412359258841346	108	21.774193548387096	28.797725677490234	2.0415670230875	-0.026828691363334656	0.07179571688175201	1.0325608529898982	0.9923300294747481	0.0008498185483870968	0.00975051683467742	0.0158876	496		
friends	05	003	s01e11a		s01e	0.1905576783604168	165	34.73684210526316	24.974224090576172	2.0348523543987165	-0.028297699987888336	0.07397469878196716	1.017431490021098	1.0305530354219414	0.0010418315789473684	0.013765754715789474	0.0511401	475		
friends	05	003	s01e11b		s01e	0.17699325036001054	150	31.51260504201681	28.27884292602539	2.03997980604536	-0.028029298409819603	0.07325361669063568	1.1224178135157914	1.1039112801263145	0.0037253781512605042	0.00986819132352941	0.0222576	476		
friends	05	003	s01e12a		s01e	0.15072569842270808	92	19.616204690831555	25.69069480895996	2.054007695393765	-0.025656910613179207	0.07168658822774887	1.0012091748076928	0.9686278856623932	0.0009295735607675906	0.013823458187633263	0.0219278	469		
friends	05	003	s01e12b		s01e	0.13605253617080543	70	14.8619957537155	30.505687713623047	2.063472027420393	-0.026116441935300827	0.06923645734786987	1.0594541444893621	1.0043031997872343	0.0009458811040339702	0.00855604662420382	0.0179184	471		
friends	05	004	s01e13a		s01e	0.14835593071253647	95	20.299145299145298	24.02623748779297	1.955186192166274	-0.029708102345466614	0.07630673795938492	1.0304933240685228	0.9767403634047109	0.0020405128205128204	0.01362548158119658	0.0746407	468		
friends	05	004	s01e13b		s01e	0.16714562532696253	111	23.71794871794872	25.309066772460938	1.9700373375506073	-0.029137099161744118	0.07544045150279999	1.0288874547965738	0.9739914030406854	0.0012072863247863245	0.012617156217948717	0.0618694	468		
friends	05	004	s01e14a		s01e	0.16615962967021355	136	27.755102040816325	27.725095748901367	1.991047630374362	-0.02841310016810894	0.07441246509552002	1.0601251123108393	1.1527762612474428	0.0011148163265306123	0.009734944816326531	0.0374835	490		
friends	05	004	s01e14b		s01e	0.14983430315668733	128	26.069246435845216	29.532499313354492	2.00219630616511	-0.027136584743857384	0.07314508408308029	1.041545525530613	0.9916136647346955	0.0005186965376782078	0.008058862423625255	0.046904	491		
friends	05	004	s01e15a		s01e	0.1586752653879662	117	24.57983193277311	28.846826553344727	1.9940488776699081	-0.028936315327882767	0.07546968013048172	1.0781301748421048	0.9974418298947358	0.0006886764705882354	0.008488028382352943	0.0856591	476		
friends	05	004	s01e15b		s01e	0.14500582631754425	74	15.51362683438155	25.770971298217773	1.9961316467860422	-0.027284925803542137	0.07519076019525528	1.0685197219117655	1.1161014194747898	0.003422767295597484	0.011181737127882601	0.0826537	477		
friends	05	004	s01e16a		s01e	0.14963885259160967	86	17.805383022774325	30.292333602905273	2.007524224976943	-0.026816844940185547	0.07488428056240082	1.0792812317842313	1.0233612392946054	0.0018439958592132504	0.007299728447204969	0.0518475	483		
friends	05	004	s01e16b		s01e	0.1337312194984134	64	13.250517598343686	30.791259765625	2.007384173908917	-0.02762571908533573	0.07470151782035828	1.0569607633817433	1.002453217074689	0.0007954658385093166	0.006960065879917184	0.045443	483		
friends	05	004	s01e17a		s01e	0.15325564406402442	93	19.29460580912863	26.726320266723633	2.007560004830286	-0.026884421706199646	0.07492298632860184	1.0474403083575876	0.9985110355509352	0.0008926348547717843	0.010780239585062239	0.0709702	482		
friends	05	004	s01e17b		s01e	0.12313699641034263	49	10.144927536231885	28.76446533203125	2.007725576136467	-0.026467228308320045	0.07400825619697571	1.04086679906639	0.9918600760580915	0.0009327329192546584	0.009186780248447206	0.048758	483		
friends	05	005	s01e18a		s01e	0.14318346801520493	89	17.943548387096776	28.790626525878906	2.0715503909594393	-0.026792306452989578	0.07432989776134491	1.0551581112929287	0.9938566716363635	0.0014444556451612904	0.009489368165322582	0.0178374	496		
friends	05	005	s01e18b		s01e	0.16893488305440696	111	22.334004024144868	24.808534622192383	2.052739190753918	-0.027162326499819756	0.0769711583852768	1.0305439823790319	0.9821553130846771	0.0014066800804828973	0.014277383038229376	0.0453195	497		
friends	05	005	s01e19a		s01e	0.15678910285079306	96	20.869565217391305	27.713844299316406	2.0757094666036475	-0.027089636772871017	0.07407896220684052	1.042008414270153	0.9965359459041395	0.0013136521739130433	0.010895929500000002	0.0170721	460		
friends	05	005	s01e19b		s01e	0.14620640579774746	89	19.389978213507625	24.722930908203125	2.046756706524196	-0.027908246964216232	0.07292664796113968	1.04233946106987	1.005021983209607	0.0026440087145969495	0.014278969041394337	0.0415736	459		
friends	05	005	s01e20a		s01e	0.20643931088387477	171	37.17391304347826	27.48960304260254	2.059702653385287	-0.02998347580432892	0.07541633397340775	1.0961270333551185	1.0168574824183014	0.0021021521739130436	0.011277205652173914	0.0209074	460		
friends	05	005	s01e20b		s01e	0.1595290350545142	113	24.67248908296943	25.78870391845703	2.0451448779383474	-0.028817150741815567	0.07831475883722305	1.0132126072210073	0.9780579777899348	0.000990480349344978	0.01297090211790393	0.0148015	458		
friends	05	005	s01e21a		s01e	0.20344620499370153	182	38.23529411764706	26.326183319091797	2.041905094469067	-0.030074555426836014	0.07400278002023697	1.046946251157894	0.9818300189684195	0.0009160924369747899	0.012443802352941177	0.0251893	476		
friends	05	005	s01e21b		s01e	0.20567227057766826	181	37.9454926624738	25.577238082885742	2.040790805888263	-0.028631478548049927	0.08070825785398483	1.076182436911765	1.0178996460294116	0.002818259958071279	0.013105977400419286	0.023884	477		
friends	05	006	s01e22a		s01e	0.16072543395954642	90	19.027484143763214	28.892261505126953	2.041914733174333	-0.027496829628944397	0.07439626753330231	1.051790729639829	1.0274562862288128	0.0013494080338266382	0.009272452389006343	0.0228353	473		
friends	05	006	s01e22b		s01e	0.14430104145956943	88	18.565400843881857	30.239566802978516	2.0301495062587076	-0.028311291709542274	0.07174967229366302	1.0686065700422835	1.0093576498097248	0.0008741139240506328	0.008705417215189873	0.0194653	474		
friends	05	006	s01e23a		s01e	0.18634428424669905	152	32.900432900432904	25.404592514038086	2.016930281110712	-0.029582921415567398	0.07415864616632462	1.0548297395227755	1.0220803314316702	0.0015094805194805195	0.01301499054112554	0.0321101	462		
friends	05	006	s01e23b		s01e	0.16638150053747736	112	24.242424242424242	25.930191040039062	2.0454021706358656	-0.026682956144213676	0.0729614868760109	1.0575000548806932	1.0515161497830807	0.0029956277056277063	0.01311558409090909	0.0202802	462		
friends	05	006	s01e24a		s01e	0.1589620264927044	107	20.776699029126213	26.6348934173584	2.0035448352653407	-0.031223446130752563	0.07454892247915268	1.0193962758171191	0.9734606922568094	0.0007212427184466019	0.01226583963106796	0.0188092	515		
friends	05	006	s01e24b		s01e	0.14654477364755508	107	20.776699029126213	26.95296287536621	2.005246897655426	-0.030686143785715103	0.07715597748756409	1.0205997381712062	0.9842021092412448	0.0007703106796116504	0.011898358252427185	0.0114943	515		
friends	05	006	s02e01a		s02e	0.12710764598875707	65	13.655462184873949	26.176427841186523	2.0153357516546335	-0.029604874551296234	0.07415236532688141	0.9971978282526318	0.9601721704631583	0.0006105882352941176	0.01273605481092437	0.0308125	476		
friends	05	006	s02e01b		s02e	0.13556021347755698	83	17.40041928721174	29.04961585998535	2.0363966624356014	-0.029678143560886383	0.07503579556941986	1.0266792378151262	0.9848084704201687	0.0005115303983228511	0.010145642054507338	0.0147178	477		
friends	05	007	s02e02a		s02e	0.13078647691559234	54	12.0	26.124879837036133	2.032112295474458	-0.02728075161576271	0.0732964277267456	1.02565773104677	0.9704203159910919	0.0008695555555555555	0.013418409555555556	0.0515858	450		
friends	05	007	s02e02b		s02e	0.1517944335722537	88	19.555555555555557	28.81032943725586	2.059393212024114	-0.025812644511461258	0.07154350727796555	1.0772572488418708	1.0092660337639192	0.0012187777777777778	0.009626429977777778	0.0154653	450		
friends	05	007	s02e03a		s02e	0.1900572436590448	154	33.40563991323211	25.75770378112793	2.0619936395750007	-0.024765118956565857	0.07561153173446655	1.0451821163478254	0.9823492408913049	0.0009885900216919739	0.012812593947939262	0.0277483	461		
friends	05	007	s02e03b		s02e	0.17798447978003135	155	33.4051724137931	27.236831665039062	2.0712892627974657	-0.024178558960556984	0.0747499093413353	1.047158582742981	0.9908056126133908	0.0013750862068965517	0.010683221724137932	0.0282073	464		
friends	05	007	s02e04a		s02e	0.20771833005863322	183	40.397350993377486	23.553241729736328	2.01081820947038	-0.02754766121506691	0.07680913805961609	1.0320846699336288	0.9639458254424775	0.0009449006622516556	0.017464598675496688	0.0531977	453		
friends	05	007	s02e04b		s02e	0.18451161560118773	145	31.938325991189426	23.739643096923828	2.01177333886013	-0.02861335501074791	0.07812999188899994	1.0567218831346576	0.9953715674613682	0.0014913876651982381	0.01649106129955947	0.0508186	454		
friends	05	007	s02e05a		s02e	0.1553143685041574	95	20.87912087912088	28.00395965576172	2.01703086251278	-0.02754337713122368	0.0762874186038971	1.0311453381057265	0.9928920827753308	0.0015916263736263734	0.010369183956043958	0.0177253	455		
friends	05	007	s02e05b		s02e	0.13044516844322798	51	11.208791208791208	30.013277053833008	2.0337546742457953	-0.027886606752872467	0.07604698836803436	1.0482210159911896	0.998031096762115	0.001169142857142857	0.008954001032967035	0.01993	455		
friends	05	007	s02e06a		s02e	0.13978633688019046	81	16.2	25.519987106323242	2.0243246513625803	-0.026747804135084152	0.0751233622431755	1.0170910302204408	0.980007509438877	0.0013771799999999998	0.0143939934	0.0233643	500		
friends	05	007	s02e06b		s02e	0.1392341998727083	74	14.8	28.197540283203125	2.031298377309713	-0.027854587882757187	0.07724236696958542	1.02823272486974	0.9885610493186382	0.0016447	0.01161017988	0.0120796	500		
friends	05	008	s02e07a		s02e	0.15091205789744735	112	22.626262626262626	28.936494827270508	2.0983505002708975	-0.025584828108549118	0.06961993128061295	1.058900872732794	0.9953645163967609	0.001075878787878788	0.00905232894949495	0.0202785	495		
friends	05	008	s02e07b		s02e	0.13158675353833696	63	12.701612903225806	32.1494255065918	2.1199828199651343	-0.023716719821095467	0.06633569300174713	1.0555088280000005	0.9863847606060602	0.0005153629032258064	0.007381822318548387	0.0137191	496		
friends	05	008	s02e08a		s02e	0.14923859502763845	88	19.29824561403509	26.936779022216797	2.1111772243709064	-0.024808403104543686	0.06820572912693024	1.008887931714286	0.9602788920879118	0.0005348464912280702	0.012271610570175439	0.01416	456		
friends	05	008	s02e08b		s02e	0.13369226211172835	73	15.93886462882096	32.161033630371094	2.0965718839584406	-0.026985464617609978	0.06980160623788834	1.0756482246389485	1.0069213351203488	0.0008485152838427949	0.007285370152838427	0.0143735	458		
friends	05	008	s02e09a		s02e	0.15499446283065876	116	25.663716814159294	30.774898529052734	2.0994504465782446	-0.025467524304986	0.07157430797815323	1.0814288126829263	1.0113946912195124	0.0012752654867256635	0.007913417721238937	0.0137759	452		
friends	05	008	s02e09b		s02e	0.15447372621040287	108	23.893805309734514	25.706682205200195	2.0750611069014453	-0.028942463919520378	0.07190064340829849	0.9940214292239473	0.9567226672727275	0.0006008849557522123	0.01374261935840708	0.0248656	452		
friends	05	008	s02e10a		s02e	0.18312501031261272	161	33.61169102296451	27.59908676147461	2.095039473107921	-0.025579217821359634	0.07157167047262192	1.0429307906276153	0.9984064984518832	0.0010245302713987475	0.011045286951983299	0.0224745	479		
friends	05	008	s02e10b		s02e	0.14441362252846504	93	19.456066945606693	26.24382781982422	2.102010454271628	-0.025368794798851013	0.07142522186040878	1.002490497840672	0.9651495710482181	0.0007465062761506277	0.013068729497907949	0.0303662	478		
friends	05	008	s02e11a		s02e	0.1840197253901682	179	36.90721649484536	27.66825294494629	2.064315646669633	-0.021846767514944077	0.07234536856412888	1.0626505951652896	1.0116823624793396	0.0018402061855670104	0.010646128247422679	0.0165675	485		
friends	05	008	s02e11b		s02e	0.13390664496510354	84	17.248459958932237	27.22702407836914	1.978556728111282	-0.028702734038233757	0.07568816095590591	1.0503061445061728	1.0179156004115224	0.0022582340862422993	0.01107838071868583	0.0194774	487		
friends	05	008	s02e12a		s02e	0.16000438773278383	105	21.560574948665298	24.66318130493164	2.0096518553408664	-0.026593495160341263	0.07439690828323364	1.0159660283539094	0.9852863993209882	0.0018240862422997947	0.015166968788501026	0.0284578	487		
friends	05	008	s02e12b		s02e	0.1297747525794271	55	11.270491803278688	30.063037872314453	2.0135694568543574	-0.027887653559446335	0.0743911936879158	1.0374329989733064	1.0280459372689936	0.0010811065573770491	0.008840222069672131	0.0198759	488		
friends	05	009	s02e13a		s02e	0.12332992941469376	57	11.704312114989733	28.481544494628906	2.014026214326748	-0.030063802376389503	0.07548374682664871	1.021394858168724	0.9723608689917702	0.0010713347022587268	0.010415705112936345	0.0268548	487		
friends	05	009	s02e13b		s02e	0.14147799985466725	68	13.963039014373717	30.137001037597656	2.0126385039999124	-0.02895309403538704	0.0734478086233139	1.0791886138477382	1.0263150314609053	0.0025616837782340865	0.00840454271047228	0.0173249	487		
friends	05	009	s02e14a		s02e	0.1420420584869497	88	18.565400843881857	28.693374633789062	2.018907009637076	-0.029169568791985512	0.07476519048213959	1.0620956467653286	1.0441341022621566	0.0010664767932489453	0.009903394831223626	0.0123009	474		
friends	05	009	s02e14b		s02e	0.1461240225137171	82	17.29957805907173	26.9097900390625	2.0142939163017366	-0.029141703620553017	0.07478462904691696	1.0099400397674416	0.9746703316279062	0.0007844303797468356	0.01225731476793249	0.0225282	474		
friends	05	009	s02e15a		s02e	0.13339551695838817	67	14.439655172413794	32.60047149658203	2.0291152876442236	-0.02905006892979145	0.07302216440439224	1.0688284589848809	1.0020072729589633	0.0009004741379310345	0.006822827068965518	0.0176915	464		
friends	05	009	s02e15b		s02e	0.12098783118389245	51	11.08695652173913	30.63042640686035	2.0262533685430264	-0.028612101450562477	0.073972687125206	1.0515406807843128	0.9965519958169936	0.0009460217391304347	0.007716050782608696	0.0348709	460		
friends	05	009	s02e16a		s02e	0.15703848743394497	114	23.84937238493724	29.777124404907227	2.0345944608268547	-0.027348697185516357	0.07533082365989685	1.0694755582599584	1.015098425220126	0.0017631380753138075	0.008569512301255229	0.030783	478		
friends	05	009	s02e16b		s02e	0.14226124463082346	79	16.561844863731658	28.314239501953125	2.024936322520684	-0.028365306556224823	0.07511258870363235	1.0260155712815122	0.9814519978361339	0.001199412997903564	0.010864498867924528	0.02452	477		
friends	05	009	s02e17a		s02e	0.13783725963648769	84	17.21311475409836	32.430908203125	2.018810875314225	-0.02874208614230156	0.07770399749279022	1.0905055886858315	1.041555380513347	0.002350799180327869	0.00670126131147541	0.0184145	488		
friends	05	009	s02e17b		s02e	0.14187575695299606	83	16.973415132924334	28.27163314819336	2.0181527223322626	-0.026295727118849754	0.07205870747566223	1.0478659087704931	1.0262971836680328	0.0021495501022494885	0.00997765308793456	0.0242836	489		
friends	05	009	s02e18a		s02e	0.16098317987626268	80	17.429193899782135	29.431163787841797	2.0122689990303875	-0.02864087000489235	0.07838347554206848	1.032211317052402	0.9933048948471623	0.0017749019607843138	0.009395892679738563	0.0193732	459		
friends	05	009	s02e18b		s02e	0.12165764358017048	47	10.239651416122005	28.064847946166992	2.001030176469434	-0.030092483386397362	0.07791885733604431	1.0211005285371175	0.9813081325545854	0.00119359477124183	0.011588236666666666	0.0234127	459		
friends	05	010	s02e19a		s02e	0.1549233537653806	109	22.803347280334727	27.673301696777344	2.032304826463186	-0.025645414367318153	0.0689699575304985	1.0375018771069187	0.9776220672117403	0.0009634518828451883	0.010236214937238492	0.0305437	478		
friends	05	010	s02e19b		s02e	0.13207503666445625	75	15.723270440251572	30.85030174255371	2.052918730128359	-0.02339884825050831	0.06735248118638992	1.0450757009033613	0.9834591073109239	0.0005033123689727464	0.007616547945492663	0.0348342	477		
friends	05	010	s02e20a		s02e	0.1480520515062357	94	21.02908277404922	30.188003540039062	2.0395826853747567	-0.025356756523251534	0.06949472427368164	1.05201421338565	1.0119905938116591	0.0006493512304250558	0.00808280975391499	0.0156373	447		
friends	05	010	s02e20b		s02e	0.12278662739453275	53	11.804008908685969	31.422348022460938	2.033838171424044	-0.025956295430660248	0.06932453066110611	1.0527083582589287	0.9987490461160707	0.0008405122494432072	0.007283572739420935	0.0176198	449		
friends	05	011	s02e21a		s02e	0.12333440156508027	58	12.340425531914894	30.409744262695312	2.1064020850995138	-0.02271972969174385	0.06744499504566193	1.0962237733475475	1.0428742949253733	0.0029281489361702123	0.007905173319148936	0.0174862	470		
friends	05	011	s02e21b		s02e	0.1556733971303169	91	19.361702127659573	26.592044830322266	2.118051770704188	-0.02283390797674656	0.06562568992376328	1.0521139286567167	1.006314982707888	0.00241431914893617	0.010934610787234044	0.0310087	470		
friends	05	011	s02e22a		s02e	0.1557447353731131	94	20.79646017699115	27.152523040771484	2.0224294522211097	-0.029954491183161736	0.06929037719964981	1.079436626230598	1.0278289582039921	0.0033735176991150444	0.010937023008849557	0.00830789	452		
friends	05	011	s02e22b		s02e	0.14644804819060694	80	17.699115044247787	26.554737091064453	2.0336099290581675	-0.02831186167895794	0.06861380487680435	1.0257704885587584	0.9741370114855883	0.0008447123893805309	0.010434180774336284	0.0570493	452		
friends	05	011	s02e23a		s02e	0.14403550045551405	84	18.42105263157895	29.491294860839844	2.0423788992087846	-0.02804878167808056	0.06766515225172043	1.0350277700219774	0.9811558723956042	0.0005122149122807017	0.008813705065789474	0.0230405	456		
friends	05	011	s02e23b		s02e	0.1669409819236649	109	24.008810572687224	24.609821319580078	2.0537773209350982	-0.0267900750041008	0.0727381706237793	1.0414868527814567	1.0049986945916112	0.0023865418502202643	0.012448368259911895	0.0618184	454		
friends	05	011	s02e24a		s02e	0.1658731197239398	109	23.29059829059829	25.47163963317871	2.0412532614487913	-0.029407881200313568	0.07303347438573837	1.0033132923768737	0.960899652869379	0.0005867307692307692	0.012229240683760684	0.0551447	468		
friends	05	011	s02e24b		s02e	0.14218095407488934	78	16.738197424892704	25.77984619140625	2.028100073604751	-0.03021281398832798	0.07129788398742676	1.0236043002365594	0.9882229586451613	0.0014230257510729613	0.012104552103004292	0.0386762	466		
friends	05	012	s01e02a		s01e	0.18303044018987386	136	28.8135593220339	29.305015563964844	2.058103523443804	-0.025015251711010933	0.07174746692180634	1.049172411104035	0.9930164002123151	0.0012795974576271184	0.009006781949152543	0.0401173	472		
friends	05	012	s01e02b		s01e	0.1533486235465769	101	21.39830508474576	28.49138641357422	2.060184467402902	-0.02483721636235714	0.0712999477982521	1.0167968329936297	0.976903006029724	0.0004748940677966102	0.010114818983050847	0.0185912	472		
friends	05	012	s01e03a		s01e	0.14332723175556067	81	16.13545816733068	29.326305389404297	2.0584294862954073	-0.024351052939891815	0.07080245763063431	1.0497590698003987	1.005398355908185	0.0009360756972111552	0.008683781115537848	0.0374567	502		
friends	05	012	s01e03b		s01e	0.12904114669507133	52	10.337972166998012	29.412330627441406	2.066942776730256	-0.024068966507911682	0.07061854004859924	1.0458460076494018	1.0091453690039849	0.0010460636182902585	0.008503164592445328	0.0408059	503		
friends	05	013	s03e01a		s03e	0.1844938140334448	148	30.20408163265306	25.75989532470703	2.076790383849203	-0.021452579647302628	0.06941839307546616	1.0292562987934557	0.978726350286299	0.0011944693877551022	0.012491900979591835	0.024878	490		
friends	05	013	s03e01b		s03e	0.19639768932341128	215	43.788187372708755	26.29477310180664	2.0473716105309405	-0.024217763915657997	0.07190809398889542	1.0338244755714283	0.985626320489796	0.001050040733197556	0.012216341629327903	0.0281692	491		
friends	05	013	s03e02a		s03e	0.16848465266787804	123	25.894736842105264	25.59166145324707	2.0655197928013243	-0.023658324033021927	0.0698428601026535	1.0107726426582277	0.9686999305063292	0.0007913052631578948	0.013952606905263157	0.0300602	475		
friends	05	013	s03e02b		s03e	0.15983407133385397	115	24.261603375527425	27.961856842041016	2.052765903920046	-0.023024916648864746	0.07020044326782227	1.0545157063847785	1.0101833996405927	0.0018514135021097048	0.010679175274261602	0.0169333	474		
friends	05	013	s03e03a		s03e	0.2000587051421227	183	40.308370044052865	25.05218505859375	2.063451705604377	-0.024353601038455963	0.07077021896839142	0.9986469410154526	0.956684206269316	0.0005501321585903084	0.015230873127753303	0.0160426	454		
friends	05	013	s03e03b		s03e	0.14145029558456668	90	19.823788546255507	28.044445037841797	2.0762835913468036	-0.024214359000325203	0.06978797167539597	1.041153653818985	0.9973608265783668	0.0010198678414096915	0.009878214207048458	0.0326673	454		
friends	05	013	s03e04a		s03e	0.16039739126792496	131	27.69556025369979	28.204538345336914	2.0721567094039868	-0.023907756432890892	0.0701775997877121	1.0692258609745762	1.0201376147245769	0.0018284989429175477	0.00984276063424947	0.0361321	473		
friends	05	013	s03e04b		s03e	0.16434426525252707	128	27.061310782241016	28.17428970336914	2.0689151115548414	-0.02457726188004017	0.07081738859415054	1.024719682711865	1.0712594263559325	0.0009521775898520085	0.01033175646934461	0.0320028	473		
friends	05	013	s03e05a		s03e	0.16716026695259345	128	26.446280991735538	26.80487823486328	2.076294294194317	-0.024256795644760132	0.0711652860045433	1.013741234409938	0.9840630163561079	0.0011100619834710744	0.012046887871900827	0.0248706	484		
friends	05	013	s03e05b		s03e	0.13906728569713553	78	16.115702479338843	26.873794555664062	2.074423311258889	-0.023584667593240738	0.07040607184171677	0.994858711552795	0.9626271414078676	0.0006930991735537191	0.01204229138429752	0.0437987	484		
friends	05	014	s03e06a		s03e	0.21462112198441227	183	38.93617021276596	24.432659149169922	2.045629244240532	-0.019098127260804176	0.07094290852546692	1.055381525863539	1.06375054185501	0.0017486808510638297	0.013020422361702127	0.0621647	470		
friends	05	014	s03e06b		s03e	0.20176856562459425	203	43.191489361702125	27.382396697998047	2.0535975160514814	-0.021196452900767326	0.06602370738983154	1.0520170998294243	0.9829667963539447	0.0006867659574468086	0.01120566925531915	0.0153009	470		
friends	05	014	s03e07a		s03e	0.2135883011603727	197	42.184154175588866	23.294782638549805	1.98694130015367	-0.026821186766028404	0.0744379535317421	1.0212146893562228	0.9607761681330477	0.000750642398286938	0.015141082291220555	0.0836163	467		
friends	05	014	s03e07b		s03e	0.20225163602605506	178	38.27956989247312	26.657730102539062	2.0068929639721307	-0.026131806895136833	0.0728674903512001	1.0707912782327587	1.0431748107543095	0.001848989247311828	0.01123014769892473	0.0368474	465		
friends	05	014	s03e08a		s03e	0.21880575955657572	219	48.13186813186813	25.771953582763672	2.00353021352033	-0.02700851671397686	0.07318857312202454	1.0760937168942735	0.9828281029074895	0.0008121538461538462	0.012809838131868133	0.0340177	455		
friends	05	014	s03e08b		s03e	0.19064545380390036	152	33.04347826086956	27.41385841369629	2.0049924466674374	-0.026204459369182587	0.06985937803983688	1.0680323700653596	1.3448859981917207	0.001882478260869565	0.011064293891304347	0.0267162	460		
friends	05	014	s03e09a		s03e	0.20904384079977428	207	42.244897959183675	27.423221588134766	1.9974252553586678	-0.027413779869675636	0.07383627444505692	1.0666637397750507	1.0229597831697337	0.0009307551020408162	0.01102764844897959	0.0214421	490		
friends	05	014	s03e09b		s03e	0.16841339819585377	139	28.30957230142566	26.91344451904297	2.0239767765920633	-0.026295920833945274	0.07214754074811935	1.0283104834285715	0.9728521959591823	0.0004299796334012221	0.011697727250509165	0.028615	491		
friends	05	014	s03e10a		s03e	0.17436274770981097	145	32.150776053215075	27.08896255493164	1.994948275245918	-0.026751797646284103	0.07331018149852753	1.0884531714444443	1.0263263735777766	0.0025615742793791575	0.010937811441241684	0.0303978	451		
friends	05	014	s03e10b		s03e	0.16345843416377415	114	25.389755011135858	28.280183792114258	1.9978203337718792	-0.028722725808620453	0.07501578330993652	1.04665706546875	0.9953183635044643	0.0012449665924276169	0.009934620979955455	0.0227374	449		
friends	05	014	s03e11a		s03e	0.17164636592096963	136	29.82456140350877	27.743125915527344	1.9957222621460904	-0.02795366942882538	0.07359179109334946	1.0607792736923078	1.0030764154065939	0.0013092543859649125	0.010438741776315789	0.0257247	456		
friends	05	014	s03e11b		s03e	0.1650668369600376	107	23.464912280701753	27.059141159057617	1.991576967611707	-0.02726011350750923	0.07486656308174133	1.0788605411208796	1.0360372472087922	0.003132807017543859	0.01103525379385965	0.023967	456		
friends	05	015	s03e12a		s03e	0.12074966018576279	62	13.362068965517242	27.91766929626465	2.021949754867377	-0.023152021691203117	0.06752346456050873	1.0356464844492443	0.9640832018790496	0.0006800862068965516	0.011324864504310344	0.0282356	464		
friends	05	015	s03e12b		s03e	0.13807925732434542	73	15.732758620689655	27.008256912231445	2.016017687645406	-0.0232057124376297	0.06866727769374847	1.0769306918790489	1.0057100421166314	0.0015949353448275862	0.00992098786637931	0.064465	464		
friends	05	015	s03e13a		s03e	0.1616973209112097	119	25.10548523206751	28.616514205932617	2.0273826026973722	-0.022533634677529335	0.06780806183815002	1.1010794740380556	1.0209211692600417	0.001406518987341772	0.009246907869198311	0.0529261	474		
friends	05	015	s03e13b		s03e	0.13308423123153298	70	14.799154334038056	27.22489356994629	2.0082707372724693	-0.0244456734508276	0.06823409348726273	1.0484759774788135	0.9813661686228806	0.0012798942917547568	0.01087383820295983	0.0447784	473		
friends	05	016	s03e14a		s03e	0.18376006663037173	130	28.446389496717725	26.620548248291016	2.0160291619243673	-0.026133092120289803	0.07329264283180237	1.0421515855701757	0.9824348919078952	0.0010348796498905908	0.011269631750547045	0.0322666	457		
friends	05	016	s03e14b		s03e	0.1790244961808132	161	35.1528384279476	26.527170181274414	2.0394040211063102	-0.02369801700115204	0.07404127717018127	1.0772740181619263	1.0177447508315087	0.002046812227074236	0.010538494475982532	0.0546832	458		
friends	05	016	s03e15a		s03e	0.17647092171755774	159	34.79212253829321	26.284923553466797	2.045574510725364	-0.023570017889142036	0.07476237416267395	1.058117882324562	0.9962075871271922	0.0011859956236323851	0.011319150590809629	0.0468301	457		
friends	05	016	s03e15b		s03e	0.1815919611475249	128	27.94759825327511	26.898487091064453	2.0527516942937147	-0.02492365427315235	0.07160238921642303	1.0431852317067842	0.9871235887089723	0.0010243668122270743	0.011462507139737992	0.0351191	458		
friends	05	017	s03e16a		s03e	0.16334525943208747	112	23.98286937901499	26.65627670288086	2.048984249920226	-0.028872819617390633	0.07248308509588242	1.0573580545922752	0.9884894523390558	0.0015520128479657386	0.010728961820128481	0.0478483	467		
friends	05	017	s03e16b		s03e	0.16837099195502644	102	21.794871794871796	28.938858032226562	2.0499964694219925	-0.031192786991596222	0.07301659137010574	1.0782353889721628	1.0016934660599568	0.0017677564102564103	0.01001433081196581	0.0154662	468		
friends	05	017	s03e17a		s03e	0.16894022553624805	102	22.46696035242291	29.808822631835938	2.0576829066588003	-0.030387036502361298	0.0733083039522171	1.1089556434216339	1.0220840288962478	0.0019621585903083698	0.00883587662995595	0.0295395	454		
friends	05	017	s03e17b		s03e	0.1809694234978281	109	24.061810154525386	25.783348083496094	2.0672976493221142	-0.028303731232881546	0.07226602733135223	1.0308865326106191	0.9745291290044243	0.0014552980132450334	0.012929502075055188	0.0191791	453		
friends	05	017	s03e18a		s03e	0.22762491140820865	183	39.1025641025641	26.551109313964844	2.0602526198059077	-0.02880237065255642	0.07601895183324814	1.0851031182869388	1.027334426531049	0.0018532264957264958	0.01200104004273504	0.0192757	468		
friends	05	017	s03e18b		s03e	0.22463016429618443	192	41.02564102564103	24.48333740234375	2.062889476400504	-0.03145531937479973	0.07504776120185852	1.0283383749250539	0.9625587080942183	0.0008849786324786325	0.014804073376068375	0.0248884	468		
friends	05	017	s03e19a		s03e	0.27810107346654483	264	56.41025641025641	23.666399002075195	2.0559034996654617	-0.028639450669288635	0.07638919353485107	1.067723529229121	0.9879395553533196	0.0011045726495726496	0.01571138897435897	0.0313762	468		
friends	05	017	s03e19b		s03e	0.22243055507699996	200	42.73504273504273	26.774372100830078	2.0429990747015747	-0.03286043554544449	0.07630759477615356	1.0622679401713064	0.9977561623554604	0.001300790598290598	0.011720568568376067	0.0185379	468		
friends	05	017	s03e20a		s03e	0.23100602979346815	205	44.18103448275862	25.303321838378906	2.059911519522679	-0.02763814851641655	0.07777830958366394	1.059339889589633	0.9943169556371496	0.0012726293103448277	0.01265377426724138	0.0259235	464		
friends	05	017	s03e20b		s03e	0.18753184356471753	152	32.758620689655174	26.996986389160156	2.0439481488049687	-0.03147627040743828	0.08010534197092056	1.095351165896329	1.0260779499784025	0.0026010775862068966	0.011609459030172412	0.0253802	464		
friends	05	017	s03e21a		s03e	0.20064733564677956	180	39.130434782608695	27.866100311279297	2.054373559884195	-0.03338024392724037	0.0765741765499115	1.0879679091721142	1.0073917377124182	0.0012612391304347825	0.011040853304347826	0.0425262	460		
friends	05	017	s03e21b		s03e	0.16366940637778163	118	25.652173913043477	28.08835220336914	2.046836472926984	-0.03152872622013092	0.07612332701683044	1.0394524252723312	0.9953272817211325	0.0010836086956521741	0.010248213173913043	0.0229093	460		
friends	05	018	s03e22a		s03e	0.16379833491544682	93	20.12987012987013	27.741483688354492	2.010125037587633	-0.024960143491625786	0.06995583325624466	1.0589480808459866	1.0016394713232104	0.0017522077922077922	0.010442425346320347	0.0172794	462		
friends	05	018	s03e22b		s03e	0.14697316025282325	79	17.062634989200863	29.791135787963867	2.0361811959865395	-0.02176918089389801	0.06811317056417465	1.0486793097186158	0.9924582927056271	0.001067062634989201	0.008626073110151187	0.0106248	463		
friends	05	018	s03e23a		s03e	0.17603353937391567	142	30.277185501066096	28.322551727294922	2.0430272771205327	-0.021898845210671425	0.06904961168766022	1.059043104679488	0.9886938806196583	0.0008491044776119405	0.009723918891257996	0.0310649	469		
friends	05	018	s03e23b		s03e	0.1730608016725585	140	29.978586723768736	27.524858474731445	2.020981533505383	-0.023844504728913307	0.06932781636714935	1.043089165064378	1.053699411287555	0.0010397858672376874	0.010657991027837259	0.0262113	467		
friends	05	019	s03e24a		s03e	0.17227579551466773	115	25.330396475770925	26.906574249267578	1.9374577533174924	-0.021376319229602814	0.07090500742197037	1.074565312626931	0.988921087108168	0.002251101321585903	0.011400864537444932	0.0371547	454		
friends	05	019	s03e24b		s03e	0.1517435174592309	85	18.722466960352424	29.89131736755371	1.9264519963713542	-0.024639848619699478	0.07134122401475906	1.0916353500883003	1.004599840662252	0.0022610792951541854	0.008405105198237886	0.0317919	454		
friends	05	019	s03e25a		s03e	0.16157682620101052	113	23.59081419624217	26.565441131591797	1.9418797373091305	-0.025775669142603874	0.07143618911504745	1.0914338414016738	1.0179051171129705	0.002728768267223382	0.011905366158663883	0.0430489	479		
friends	05	019	s03e25b		s03e	0.1420168080574805	79	16.527196652719667	29.24543571472168	1.9346897418481532	-0.026244426146149635	0.07206158339977264	1.0601806802725364	0.9858909792872124	0.0008796861924686194	0.00988659930962343	0.021726	478		
friends	05	020	s04e02a		s04e	0.20088030788542305	176	36.82008368200837	24.594482421875	1.9684715879507353	-0.021396074444055557	0.07336021214723587	1.0611667180922433	0.9967051172327049	0.0016550209205020924	0.01412733020920502	0.0559626	478		
friends	05	020	s04e02b		s04e	0.1630637257464406	118	24.686192468619247	29.046483993530273	1.9568230743011406	-0.023279577493667603	0.07202114909887314	1.1162515296855349	1.050734626415094	0.0036598117154811715	0.008845932112970712	0.0343525	478		
friends	05	021	s04e03a		s04e	0.17195047946891365	117	26.35135135135135	26.19027328491211	2.005974521481659	-0.022684240713715553	0.07165524363517761	1.0505945333860038	1.0037682416252829	0.0014509009009009012	0.012273809819819818	0.0272693	444		
friends	05	021	s04e03b		s04e	0.1680073733531628	101	22.74774774774775	25.624189376831055	2.0073137623759942	-0.023574402555823326	0.07287132740020752	1.0198285518510164	0.9740019422347626	0.0008383108108108107	0.012334623783783784	0.0269425	444		
friends	05	022	s04e04a		s04e	0.22670492109736912	181	39.95584988962472	24.360424041748047	1.953370284268138	-0.025495687499642372	0.07341327518224716	1.0307265353982304	0.9750152035398226	0.0014571302428256071	0.013405152428256073	0.0423699	453		
friends	05	022	s04e04b		s04e	0.19773758598310665	145	32.00883002207505	26.88738250732422	1.9437578340263786	-0.026711050420999527	0.07422436773777008	1.069358957743363	1.0182986088274335	0.002480573951434879	0.010442933885209714	0.0183892	453		
friends	05	022	s04e05a		s04e	0.2151826353027423	174	36.94267515923567	24.944961547851562	1.9349400589210486	-0.027243314310908318	0.07479621469974518	1.048696217531915	1.0045908681914897	0.0023425690021231424	0.012521776985138004	0.0307623	471		
friends	05	022	s04e05b		s04e	0.20752801295133572	181	38.51063829787234	26.949155807495117	1.950832108722357	-0.026752030476927757	0.07216309756040573	1.0692476039019192	1.0161084240298504	0.002302489361702128	0.010695613170212765	0.0271824	470		
friends	05	022	s04e06a		s04e	0.1876111163362454	144	30.967741935483872	26.765316009521484	1.9527176246928364	-0.028600230813026428	0.07320971041917801	1.0457096893534485	1.0009233170474146	0.0018481720430107529	0.010403523161290323	0.0321639	465		
friends	05	022	s04e06b		s04e	0.21269738277127018	175	37.634408602150536	25.100814819335938	1.9758158353663922	-0.025478191673755646	0.07265237718820572	1.0358656874784478	0.9970483695258625	0.0020508817204301076	0.012900716215053764	0.0332968	465		
friends	05	022	s04e07a		s04e	0.19204964300351102	137	27.56539235412475	26.444124221801758	1.9658344145372946	-0.027210144326090813	0.07261081039905548	1.0030058107862907	0.9745856917741927	0.0012892354124748489	0.012182429336016098	0.0148894	497		
friends	05	022	s04e07b		s04e	0.17245698162305387	139	28.08080808080808	26.719398498535156	1.9823171442837795	-0.02522950805723667	0.07055629789829254	1.0040663320040488	0.9757978403846158	0.000708181818181818	0.011537101878787879	0.0263446	495		
friends	05	022	s04e08a		s04e	0.15485171934974473	106	21.073558648111334	28.63720703125	1.9644131934698794	-0.02766573801636696	0.07270593196153641	1.055690988087649	1.017537369322709	0.001707216699801193	0.008824827495029821	0.0417129	503		
friends	05	022	s04e08b		s04e	0.15472034174044128	103	20.47713717693837	26.190593719482422	1.9557832206878505	-0.027703488245606422	0.07255715876817703	0.9933865950398404	0.9677853276494028	0.0008324652087475148	0.012265241550695824	0.0270271	503		
friends	05	023	s04e09a		s04e	0.16822837408690122	105	23.80952380952381	24.486000061035156	1.9725026986910814	-0.028072133660316467	0.07246602326631546	0.9979864737954549	0.9647110161363637	0.0012345124716553288	0.012948756893424035	0.0398383	441		
friends	05	023	s04e09b		s04e	0.13558845057168326	71	16.173120728929383	25.43745994567871	1.9421683641069354	-0.030620364472270012	0.07330809533596039	0.9848771327397265	0.9624846691324205	0.0006995216400911161	0.01201377938496583	0.0267478	439		
friends	05	023	s04e10a		s04e	0.1635247544848379	103	22.991071428571427	25.54427719116211	1.9516398439068048	-0.03035636618733406	0.07405148446559906	1.0008571516107392	0.9716031650782995	0.0010556473214285715	0.011885187388392856	0.0277212	448		
friends	05	023	s04e10b		s04e	0.12025291754859814	43	9.598214285714286	25.39971160888672	1.9583732726873369	-0.029112737625837326	0.0741502046585083	0.9712153598657722	0.9570551015212532	0.0006010267857142857	0.0117044396875	0.03477	448		
friends	05	024	s04e11a		s04e	0.1618924520198075	112	23.18840579710145	28.610584259033203	1.9712938389820032	-0.02336924709379673	0.07133664190769196	1.1231265410165978	1.034405607593361	0.0028238509316770187	0.008942155610766046	0.0296646	483		
friends	05	024	s04e11b		s04e	0.20437266687474262	153	31.677018633540374	26.983753204345703	1.9849004065919653	-0.021622125059366226	0.07073614746332169	1.0904574318879663	1.012105295311203	0.002356356107660456	0.009886522194616977	0.0474136	483		
friends	05	024	s04e12a		s04e	0.2318123306051544	190	40.86021505376344	24.6629638671875	2.000353877872024	-0.021743932738900185	0.07012719660997391	1.0420015615517242	0.97539333762931	0.001932752688172043	0.013142623419354838	0.0338081	465		
friends	05	024	s04e12b		s04e	0.1431277657875718	89	19.098712446351932	28.036380767822266	2.0121892859539394	-0.02184978872537613	0.06812117248773575	1.0297353267956992	0.9706682078494625	0.0007516738197424892	0.01057445654506438	0.0165237	466		
friends	05	024	s04e13a		s04e	0.1468149419037158	86	19.23937360178971	28.063148498535156	2.001379060382257	-0.02211786061525345	0.06920158118009567	1.0700358614125567	1.0086910904932727	0.001670290827740492	0.009999183914988814	0.0124793	447		
friends	05	025	s04e14a		s04e	0.25389168277903573	142	31.767337807606264	24.101009368896484	2.0020303509118467	-0.022272510454058647	0.07178208976984024	1.0625217895067254	1.0104381868834078	0.0037653914988814317	0.01399174908277405	0.0350827	447		
friends	05	025	s04e14b		s04e	0.23904515904245124	165	36.91275167785235	25.314586639404297	2.025809267773632	-0.021047743037343025	0.07258827984333038	1.0650276996860988	0.9981920618834086	0.002472662192393736	0.0122697074049217	0.035655	447		
friends	05	025	s04e15a		s04e	0.20857463576770946	140	31.602708803611737	26.56842041015625	2.0187278111082607	-0.021168319508433342	0.07068189978599548	1.0678799784162898	0.9955301051131219	0.0019397968397291197	0.011010884762979683	0.02472	443		
friends	05	025	s04e15b		s04e	0.1663030704283167	119	26.86230248306998	25.549392700195312	2.004600649776171	-0.02343546412885189	0.07083307951688766	1.016814742895927	0.9637747152036202	0.0009578329571106096	0.01309854460496614	0.0200605	443		
friends	05	025	s04e16a		s04e	0.20999769059162393	198	40.6570841889117	25.819419860839844	2.011950215808209	-0.020526845008134842	0.07381242513656616	1.0848852284362143	1.025275866090535	0.002330554414784394	0.012854912997946612	0.0323177	487		
friends	05	025	s04e16b		s04e	0.16874727680369347	119	24.48559670781893	26.19906997680664	2.0094003840002936	-0.02309749461710453	0.07191739976406097	1.0605784393814432	1.0251224160206194	0.002947448559670782	0.01206392598765432	0.0531852	486		
friends	05	025	s04e17a		s04e	0.18464377648838198	155	32.42677824267783	21.17011833190918	1.7100670688451822	-0.006808661390095949	0.03324310854077339	1.0494239936477991	1.0130642466666664	0.001531192468619247	0.012217385753138075	0.0736704	478		
friends	05	025	s04e17b		s04e	0.16290742687844245	121	25.313807531380753	28.648101806640625	2.0267597512841564	-0.022262372076511383	0.0698976218700409	1.1245605704402504	1.0652984049266245	0.004487133891213389	0.008174297238493724	0.0975833	478		
friends	05	025	s04e18a		s04e	0.1957744716704757	178	39.55555555555556	26.102149963378906	2.031700274468635	-0.02316623367369175	0.0718795657157898	1.0488958498440974	0.9956078132516706	0.0019260222222222225	0.011641673999999998	0.0585557	450		
friends	05	025	s04e18b		s04e	0.121907052130105	59	13.11111111111111	28.664756774902344	2.2709007599166906	-0.05953478440642357	0.14885352551937103	1.0591365602227172	0.9896873758351886	0.0005608888888888889	0.010428500644444444	0.012977	450		
friends	05	026	s04e19a		s04e	0.164691769376597	105	24.02745995423341	27.608226776123047	1.9753164059399413	-0.024111028760671616	0.06757157295942307	1.0556353037385313	0.9995772567431191	0.002161899313501144	0.009999055926773456	0.0181363	437		
friends	05	026	s04e19b		s04e	0.14673786286463236	90	20.594965675057207	28.2971134185791	1.9887454492489922	-0.024416789412498474	0.06909890472888947	1.0673814376376156	1.0204686824770646	0.0023807780320366134	0.009016571670480549	0.0134221	437		
friends	05	026	s04e20a		s04e	0.22129248864019638	149	33.333333333333336	25.331832885742188	2.0034024681087557	-0.023359449580311775	0.07141508907079697	1.0524557320179375	0.9929880729820638	0.0024082326621923935	0.01234062975391499	0.0232161	447		
friends	05	026	s04e20b		s04e	0.1936063301993835	132	29.59641255605381	27.42412757873535	2.0190369950150995	-0.021938059478998184	0.06639812886714935	1.085101901707865	1.0226514053932578	0.00245457399103139	0.009863404730941702	0.0331807	446		
friends	05	026	s04e21a		s04e	0.16873375578248456	107	23.883928571428573	26.089466094970703	2.018549008335749	-0.021616371348500252	0.06865312159061432	1.029641821275168	1.0108020087472034	0.0014477678571428573	0.011621056651785715	0.0214262	448		
friends	05	026	s04e21b		s04e	0.16297051770188858	105	23.48993288590604	28.155536651611328	2.026686324916616	-0.02265230007469654	0.06879612803459167	1.0503066899103133	0.9970099612556055	0.0012397539149888142	0.009535651901565995	0.0140273	447		
friends	05	026	s04e22a		s04e	0.1868346224780907	137	29.847494553376908	25.932573318481445	2.0139028230315916	-0.023610081523656845	0.07000111788511276	1.0538535946943237	1.4581289501746717	0.0020451633986928106	0.011377183180827886	0.0284407	459		
friends	05	026	s04e22b		s04e	0.177433261135008	121	26.419213973799128	25.738300323486328	2.004187142806618	-0.02550303004682064	0.0706062838435173	1.0170571271553601	0.9725407501531722	0.0013200436681222707	0.012239766703056768	0.0240496	458		
friends	05	026	s04e23a		s04e	0.1764535047380991	136	27.037773359840955	24.24903106689453	2.02532622495632	-0.021776169538497925	0.0682477056980133	0.9984402467729091	0.9556076694422307	0.0005229622266401591	0.013509289005964214	0.0425126	503		
friends	05	026	s04e23b		s04e	0.16794210256386363	127	25.1984126984127	25.760934829711914	2.035837728442375	-0.022141605615615845	0.06720900535583496	1.0012246737574555	0.9624369969383701	0.0006222619047619046	0.012780563174603174	0.00850587	504		
friends	05	026	s04e23c		s04e	0.16644206823412275	122	24.206349206349206	28.219619750976562	2.0314132417185333	-0.02327439934015274	0.07054642587900162	1.04631624083499	0.9968608720874759	0.0011181547619047618	0.009430637103174603	0.0175102	504		
friends	05	026	s04e23d		s04e	0.1570157691502295	103	20.436507936507937	26.750179290771484	2.0334546158967095	-0.023579519242048264	0.0693112462759018	1.0437015035188861	1.0066200966003966	0.001825813492063492	0.010913397837301587	0.0232357	504		
friends	05	027	s05e01a		s05e	0.1551387789787141	84	19.17808219178082	25.529081344604492	1.9742472710896304	-0.025990402325987816	0.07019585371017456	1.0205362933638455	0.9661840021510296	0.0011339269406392695	0.01234358091324201	0.0228745	438		
friends	05	027	s05e01b		s05e	0.12637553289824582	61	12.869198312236287	31.23026466369629	1.9680971867634727	-0.026610035449266434	0.07031843811273575	1.0868064633192382	1.021521731754756	0.0016378902953586496	0.007346483270042193	0.0107308	474		
friends	05	027	s05e02a		s05e	0.15833414049462105	111	22.424242424242426	27.55222511291504	1.9782911128851992	-0.026017170399427414	0.07086586952209473	1.075126281093118	1.0126981275708498	0.0017692525252525253	0.010575784868686868	0.0186261	495		
friends	05	027	s05e02b		s05e	0.13169442664172826	90	16.949152542372882	28.355915069580078	1.9819922805807288	-0.02695532515645027	0.07208043336868286	1.0752795561509436	1.0126584615283016	0.0014220527306967985	0.00964733406779661	0.0159055	531		
friends	05	027	s05e03a		s05e	0.1774627975268774	131	29.504504504504503	29.120798110961914	1.9936221647722159	-0.025705808773636818	0.07051743566989899	1.065135461805869	1.0299747790067715	0.001610472972972973	0.008737388648648647	0.0116798	444		
friends	05	027	s05e03b		s05e	0.15243661732245398	84	17.72151898734177	29.297454833984375	2.0025575182558684	-0.02534486912190914	0.07071758806705475	1.0473467007822415	0.991673440887949	0.0011647679324894515	0.00981402782700422	0.0177812	474		
friends	05	027	s05e04a		s05e	0.15932005666512863	105	21.516393442622952	26.50611686706543	1.9952266610469103	-0.026327161118388176	0.0730721727013588	1.031771244147844	0.9840142286652984	0.0012738934426229508	0.01181531770491803	0.0167509	488		
friends	05	027	s05e04b		s05e	0.14565714929691498	112	21.414913957934992	30.175989151000977	2.0186697408916556	-0.02404470182955265	0.0698794424533844	1.0511402554597704	0.9909513062068958	0.0005469024856596559	0.008220378585086043	0.0212361	523		
friends	05	027	s05e05a		s05e	0.14394409632805646	85	17.48971193415638	30.10394859313965	2.0198190636192104	-0.025469286367297173	0.07287204265594482	1.0697259810103101	1.0103388212577324	0.0013890946502057612	0.008556425699588477	0.0134737	486		
friends	05	027	s05e05b		s05e	0.15533613142452082	109	20.96153846153846	29.203319549560547	2.022122773697851	-0.024312514811754227	0.07156365364789963	1.0849112441425817	1.019290967475915	0.002011326923076923	0.009546779519230768	0.0232964	520		
friends	05	027	s05e06a		s05e	0.12723060576592543	59	12.882096069868995	26.500185012817383	1.9927909568419853	-0.02627599611878395	0.0757858082652092	1.0130734458205677	0.9754901238512041	0.0006923144104803493	0.013099664912663754	0.0146785	458		
friends	05	027	s05e06b		s05e	0.13126459032494814	65	13.184584178498985	29.642675399780273	2.0082457727805645	-0.02470490336418152	0.07273150980472565	1.052192680406504	1.004334153882114	0.0015887829614604462	0.009019913590263691	0.0142841	493		
friends	05	030	s05e07a		s05e	0.1876552791877576	161	35.07625272331155	24.19094467163086	1.9808613487719022	-0.024779845029115677	0.07517564296722412	1.0004472115283831	0.9646229291703059	0.0010143790849673202	0.015004434705882353	0.0277017	459		
friends	05	030	s05e07b		s05e	0.1607437499424717	125	25.35496957403651	27.71034812927246	2.0003990632339717	-0.02268894389271736	0.072580985724926	1.0279609546341468	1.006788633841463	0.000867079107505071	0.010111434219066935	0.0312945	493		
friends	05	030	s05e08a		s05e	0.21390330317691764	188	42.152466367713004	24.80154800415039	2.0136497438186343	-0.02263086661696434	0.07025640457868576	1.0308971540674157	0.9808999018426969	0.0006579596412556053	0.014315292443946189	0.0435521	446		
friends	05	030	s05e08b		s05e	0.18964606967973893	179	37.291666666666664	27.685955047607422	2.012625312229929	-0.02434859797358513	0.07330039143562317	1.0475543956993736	1.00083205434238	0.0009557083333333333	0.010364064187499999	0.0288826	480		
friends	05	031	s05e09a		s05e	0.14178609943686019	79	17.32456140350877	26.340816497802734	1.9247529336930083	-0.02585827000439167	0.0761081874370575	1.0113288076483518	0.9948145128571423	0.0013178508771929825	0.010066509583333333	0.101843	456		
friends	05	031	s05e09b		s05e	0.16360919952472894	118	24.081632653061224	26.49008560180664	1.9369057768140026	-0.025241831317543983	0.07437718659639359	1.003081848220858	0.9821899881595096	0.0006330204081632653	0.010769415265306123	0.0620542	490		
friends	05	031	s05e10a		s05e	0.1866017374876714	149	33.111111111111114	23.79874038696289	1.9486780836883861	-0.023211641237139702	0.07167157530784607	1.0119754287973266	1.4929092273051223	0.0010470666666666667	0.012985421022222223	0.100568	450		
friends	05	031	s05e10b		s05e	0.1891784256584295	178	36.77685950413223	23.926753997802734	1.9439044261511793	-0.02330302819609642	0.07202345877885818	1.010599558136646	0.9808992148861281	0.0008771487603305785	0.013828303760330578	0.074878	484		
friends	05	031	s05e11a		s05e	0.18599673436967823	159	33.403361344537814	24.284788131713867	1.9553132275806555	-0.02311907894909382	0.07320665568113327	1.0166924786526323	0.9838976402526313	0.0008263655462184873	0.012754383970588236	0.0802725	476		
friends	05	031	s05e11b		s05e	0.18708580830643334	185	36.20352250489237	26.253570556640625	1.9614049147683994	-0.022918283939361572	0.07410226762294769	1.0382860449411768	0.9929767869607843	0.0008018199608610568	0.010989100900195696	0.066003	511		
friends	05	032	s05e12a		s05e	0.15169789909599193	89	20.045045045045047	29.708593368530273	1.9589718303741084	-0.022738855332136154	0.07271163910627365	1.0212553663656887	0.9890356427088036	0.0009093693693693693	0.008670055765765766	0.021112	444		
friends	05	032	s05e12b		s05e	0.16089494569338147	101	21.041666666666668	27.571922302246094	1.9723315085481525	-0.020788641646504402	0.07330600172281265	1.0147240225469722	0.9970657628601252	0.0021196041666666663	0.010278306333333332	0.0172012	480		
friends	05	032	s05e13a		s05e	0.14276687348767073	79	17.17391304347826	29.612625122070312	1.968972676138643	-0.022502688691020012	0.07199070602655411	1.008233956557734	0.9782861662309369	0.0005910217391304348	0.008165965695652175	0.0433537	460		
friends	05	032	s05e13b		s05e	0.1592529925752211	104	21.095334685598377	26.64067840576172	1.970785622692709	-0.021783579140901566	0.07355617731809616	0.9592155939837395	0.949323351890244	0.0007831237322515213	0.011659621724137932	0.0251606	493		
friends	05	032	s05e14a		s05e	0.16000907404540424	114	23.60248447204969	31.449199676513672	1.9832364538003247	-0.022463137283921242	0.07363782078027725	1.0508098997510373	1.0113864116182576	0.0011037888198757765	0.0072999330434782616	0.0319076	483		
friends	05	032	s05e14b		s05e	0.16365697218669667	135	26.01156069364162	26.972068786621094	1.9875743171484728	-0.020680036395788193	0.07155897468328476	0.9914078485714289	0.9671038152895752	0.0006196339113680155	0.011429043256262043	0.0396285	519		
friends	05	033	s05e15a		s05e	0.1673370085263009	96	21.71945701357466	30.575881958007812	1.9970771536084635	-0.0217906404286623	0.07018177211284637	1.071203129319728	1.0082384873015882	0.001753371040723982	0.007902009027149322	0.0231433	442		
friends	05	033	s05e15b		s05e	0.14038700163043666	65	13.771186440677965	30.74683380126953	2.007894179734242	-0.02273881994187832	0.07053114473819733	1.064502870382166	1.0039575761571133	0.0013734322033898305	0.007932238029661016	0.0111836	472		
friends	05	033	s05e16a		s05e	0.16092865726327488	103	21.237113402061855	28.427207946777344	2.010047158891839	-0.020313583314418793	0.07071880996227264	1.113783118801654	1.0483938431404958	0.0033294845360824746	0.008377911835051547	0.0817985	485		
friends	05	033	s05e16b		s05e	0.16902026945576817	129	24.95164410058027	27.127281188964844	1.9982456535399509	-0.022773729637265205	0.071677565574646	1.0317492814922482	0.9865126532945744	0.0013872340425531914	0.010371138529980657	0.0561467	517		
friends	05	034	s05e17a		s05e	0.1843525084421777	141	31.403118040089087	27.678367614746094	1.987362565837385	-0.02453552931547165	0.07736720144748688	1.029421900513393	0.9822150012946421	0.0009912026726057906	0.010058756213808464	0.0230879	449		
friends	05	034	s05e17b		s05e	0.16995567138594075	129	26.5979381443299	28.69629669189453	2.003723773972688	-0.024488555267453194	0.07905572652816772	1.0356506108057852	0.9858949720454551	0.000864618556701031	0.008838796185567011	0.0345302	485		
friends	05	034	s05e18a		s05e	0.17438501139426726	127	25.4	28.83371353149414	1.9912338799657665	-0.02563207596540451	0.07972544431686401	1.0483089544889783	0.988739005070141	0.0017156599999999997	0.009480787240000002	0.0125424	500		
friends	05	034	s05e18b		s05e	0.17875457292244237	187	35.0187265917603	27.67922019958496	2.010944555920886	-0.024642392992973328	0.07849402725696564	1.0512795492495302	0.9955588729831141	0.0010517041198501872	0.010969388089887639	0.0176246	534		
friends	05	034	s05e19a		s05e	0.17864811452906934	151	33.856502242152466	31.196714401245117	2.0166540465785308	-0.022766530513763428	0.0787317156791687	1.069325534292135	1.014364024988764	0.001070403587443946	0.007328833968609866	0.0107934	446		
friends	05	034	s05e19b		s05e	0.16322675374308124	113	23.541666666666668	28.77156639099121	2.009505621300159	-0.022125378251075745	0.07829512655735016	1.0513523200835075	1.008586001482255	0.0018374583333333333	0.010280657020833334	0.0101854	480		
friends	05	035	s05e20a		s05e	0.13466338038060416	64	14.035087719298245	29.14398956298828	1.9458722295723838	-0.02362660877406597	0.07481931895017624	1.048926227494506	0.9968096282417591	0.0011583552631578948	0.008904728355263158	0.0201776	456		
friends	05	035	s05e20b		s05e	0.14605710915421907	82	16.73469387755102	29.898996353149414	1.9569552705768	-0.022740883752703667	0.07417747378349304	1.062619574560327	1.008491713292433	0.0017842857142857144	0.008795007959183674	0.0179805	490		
friends	05	035	s05e21a		s05e	0.23875512417967845	149	33.55855855855856	25.664674758911133	1.971214150024917	-0.02166658081114292	0.07395307719707489	1.0449298440857797	0.9906933151241544	0.0028611036036036036	0.0129784234009009	0.0290221	444		
friends	05	035	s05e21b		s05e	0.13203987220979782	82	17.15481171548117	30.49361228942871	1.9548285000935592	-0.022657806053757668	0.07722564786672592	1.05759979672956	1.0050621829979032	0.0010921338912133892	0.008504876401673639	0.0208414	478		
friends	05	035	s05e22a		s05e	0.1383673465077362	81	18.0	29.27654457092285	1.962865455713061	-0.022502092644572258	0.07505098730325699	1.0522105758351885	0.999026742115813	0.0008201111111111112	0.008934375333333333	0.0157816	450		
friends	05	035	s05e22b		s05e	0.12483764116972694	66	13.636363636363637	29.489959716796875	1.9660696831858429	-0.022855624556541443	0.07646947354078293	1.022610664078675	0.9750249238923395	0.0005521487603305786	0.009310955020661156	0.0162178	484		
friends	05	036	s05e23a		s05e	0.15465092093391586	80	17.660044150110377	28.682783126831055	1.9725046214759119	-0.024382509291172028	0.07301325350999832	1.0421980246238933	0.9883334815486731	0.001989646799116998	0.00981839719646799	0.0115645	453		
friends	05	036	s05e23b		s05e	0.1487232976321373	85	18.599562363238512	27.65596580505371	1.9842985551014003	-0.02339049056172371	0.07178130745887756	1.0286994415789477	0.9760721383552636	0.0005845076586433259	0.010489207352297593	0.0119246	457		
friends	05	036	s05e23c		s05e	0.16239982762090613	100	21.88183807439825	28.160139083862305	1.9828356469123414	-0.02443770132958889	0.07351594418287277	1.0490938409649113	0.9881317937280703	0.0012114660831509848	0.009690128840262583	0.0149024	457		
friends	05	036	s05e23d		s05e	0.17965271445690104	112	22.950819672131146	23.701948165893555	1.9723804322455138	-0.024630393832921982	0.07397793233394623	0.9891756748665304	0.9511145586036966	0.0019505122950819668	0.01487488043032787	0.0223622	488		
friends	05	037	s06e01a		s06e	0.1309650662725583	69	14.870689655172415	29.482112884521484	1.9735768255251487	-0.025740468874573708	0.07406996935606003	1.047851826976242	0.9969592198704097	0.0009180172413793104	0.008445228728448276	0.017157	464		
friends	05	037	s06e01b		s06e	0.15214094270251927	76	15.261044176706827	28.758995056152344	1.9712196367274608	-0.025398820638656616	0.07516786456108093	1.0453074721931592	0.9953284968410457	0.0017445381526104418	0.009268911666666666	0.0101108	498		
friends	05	038	s06e02a		s06e	0.15483347356699745	89	19.690265486725664	28.175888061523438	1.9378673095261627	-0.02561466582119465	0.0725807473063469	1.059224475476718	1.0146854975609767	0.002967389380530973	0.009302454380530973	0.0141112	452		
friends	05	038	s06e02b		s06e	0.14038308287480125	90	18.51851851851852	30.655311584472656	1.9594415613393386	-0.02400507591664791	0.07223331928253174	1.0609398007216497	1.007362793773196	0.001255514403292181	0.007357719897119342	0.00986959	486		
friends	05	038	s06e03a		s06e	0.1173058109678487	46	10.478359908883826	31.6597843170166	1.9543234492384207	-0.025203805416822433	0.07361709326505661	1.0586398062100457	1.0118782466210041	0.0012384510250569476	0.006714762460136674	0.0072805	439		
friends	05	038	s06e03b		s06e	0.14314644273423396	76	16.067653276955603	31.010778427124023	1.9607305966317328	-0.026058634743094444	0.07405795902013779	1.0596336906144066	1.0066907235805085	0.0011735729386892178	0.007240507695560254	0.00838203	473		
friends	05	039	s06e04a		s06e	0.1799328411712913	99	22.75862068965517	28.187700271606445	1.9728030655080335	-0.025784548372030258	0.07591947168111801	1.0705937974193547	0.9962409723502303	0.0021188505747126436	0.010632397264367816	0.0147092	435		
friends	05	039	s06e04b		s06e	0.14464978868921538	81	17.088607594936708	30.14746856689453	1.963212707762092	-0.026562580838799477	0.07651758193969727	1.0932445661099355	1.0116863933192386	0.0017804641350210968	0.009218282616033755	0.0147638	474		
friends	05	039	s06e05a		s06e	0.1510988643811548	73	16.150442477876105	29.192161560058594	1.9872281452643654	-0.026539988815784454	0.07461795955896378	1.1063077035033249	1.0174331778935686	0.003085907079646018	0.00944866081858407	0.0235972	452		
friends	05	039	s06e05b		s06e	0.1544552550957089	92	18.930041152263374	28.20628547668457	1.9809639827919292	-0.02521873638033867	0.0767243355512619	1.0661462490721643	0.9948933993195868	0.00125119341563786	0.010523301399176956	0.0184264	486		
friends	05	039	s06e06a		s06e	0.15008024110634965	80	18.058690744920995	28.639122009277344	1.975878906497422	-0.025701330974698067	0.07584195584058762	1.0591156859954751	0.9880394336425347	0.0014034762979683972	0.009582147787810384	0.0253339	443		
friends	05	039	s06e06b		s06e	0.13492822923617023	63	13.20754716981132	29.434005737304688	1.9887079358054542	-0.02482699602842331	0.07189100235700607	1.0448171900630248	0.9826924693487393	0.0009563102725366875	0.009603485618448638	0.014027	477		
friends	05	040	s06e07a		s06e	0.16346102655248698	105	23.59550561797753	29.05612564086914	1.9990548501997203	-0.02473333291709423	0.07681762427091599	1.0374318611711713	1.001809079572072	0.001576921348314607	0.009416615887640449	0.0139574	445		
friends	05	040	s06e07b		s06e	0.14265171446090497	83	17.32776617954071	30.007057189941406	2.005489048892905	-0.02378060668706894	0.07716036587953568	1.0613280804393304	1.0168808029497902	0.0016897286012526095	0.008404698768267225	0.0087117	479		
friends	05	040	s06e08a		s06e	0.14870398501061782	89	20.366132723112127	31.17002296447754	2.0060877570819593	-0.024413689970970154	0.07852096110582352	1.0549017169495416	1.0110042646330273	0.0012589702517162473	0.007451857208237987	0.0109141	437		
friends	05	040	s06e08b		s06e	0.13669553427432335	59	12.526539278131635	30.558208465576172	2.0133193778143057	-0.02481060102581978	0.07824141532182693	1.0311126017872339	1.0001096311914888	0.0011152866242038215	0.00809786558386412	0.0121089	471		
friends	05	040	s06e09a		s06e	0.15164729041189717	97	19.246031746031747	30.50249481201172	2.022320119388553	-0.02397255040705204	0.07714024186134338	1.0554308163618287	1.011661544234592	0.001323531746031746	0.008401175714285714	0.0117395	504		
friends	05	040	s06e09b		s06e	0.15542457754136668	115	21.455223880597014	29.324356079101562	2.0097529849545084	-0.023024393245577812	0.07536463439464569	1.0600409505607484	1.0185135464112152	0.0017651119402985077	0.009339850951492536	0.00848915	536		
friends	05	041	s06e10a		s06e	0.14492290322726065	67	14.377682403433477	31.065486907958984	2.00851274082076	-0.017480336129665375	0.07396458089351654	1.0921082748602151	1.0273902747741936	0.0017556008583690986	0.008320468090128756	0.00859212	466		
friends	05	041	s06e10b		s06e	0.13812514562206438	66	13.226452905811623	31.444419860839844	2.0176322503891515	-0.019630195572972298	0.07444266229867935	1.0664665811646572	1.0079655502610445	0.0011088577154308619	0.00758981124248497	0.0120749	499		
friends	05	041	s06e11a		s06e	0.1360895624789112	64	14.25389755011136	30.462303161621094	2.0256132235312347	-0.01686464436352253	0.07280497252941132	1.0904839368303556	1.044239991495536	0.0036554120267260574	0.007798219354120267	0.0104998	449		
friends	05	041	s06e11b		s06e	0.11934680408020842	36	7.468879668049793	33.56113815307617	2.014148546667073	-0.017570719122886658	0.0730414018034935	1.0593256419126826	1.0046363813305625	0.0007162863070539418	0.006102934626556017	0.00637246	482		
friends	05	042	s06e12a		s06e	0.12410264280840794	48	11.059907834101383	26.726402282714844	1.9526417604931627	-0.023948993533849716	0.07650964707136154	1.0066854790531168	0.9678911612471134	0.0009213594470046083	0.011186910368663594	0.0769029	434		
friends	05	042	s06e12b		s06e	0.1317601775409955	54	11.513859275053305	27.821247100830078	1.948239398280961	-0.025394322350621223	0.07519474625587463	1.0057639361965807	0.9694248625213672	0.0007886780383795309	0.01118822906183369	0.0127385	469		
friends	05	042	s06e13a		s06e	0.14643630548706407	98	20.851063829787233	24.966371536254883	1.966342080150298	-0.024972302839159966	0.07812570780515671	0.9922549213432832	0.9522280779104478	0.0006928723404255319	0.010976426808510638	0.111409	470		
friends	05	042	s06e13b		s06e	0.12066917419390216	49	9.722222222222221	31.41116714477539	1.9670541893257747	-0.0258441474288702	0.07744884490966797	1.0507678190457257	0.997211038946322	0.0007775	0.007923591130952382	0.0114991	504		
friends	05	042	s06e14a		s06e	0.1118385136484862	40	8.676789587852495	27.90593719482422	1.9655220707011956	-0.02490498125553131	0.07622821629047394	1.100663792543478	1.0658871862608692	0.0036964425162689806	0.00717959147505423	0.143559	461		
friends	05	042	s06e14b		s06e	0.13525187685078222	53	10.728744939271255	29.042842864990234	1.9712925457371606	-0.02291746251285076	0.07565166056156158	1.0105425145233267	0.9823396038742391	0.001347914979757085	0.009837002995951418	0.00995706	494		
friends	05	043	s06e15a		s06e	0.14169342283510877	67	14.692982456140351	27.4100284576416	1.9927843186075775	-0.01701211743056774	0.07232845574617386	0.9983741656923081	0.9684394127252746	0.0012554166666666668	0.010954058881578948	0.0184151	456		
friends	05	043	s06e15b		s06e	0.18487264297180242	127	27.608695652173914	26.10247230529785	2.0184500834716608	-0.015798557549715042	0.07283476740121841	1.0297572876252723	0.971734048823529	0.0010823260869565218	0.011968620260869567	0.0226992	460		
friends	05	043	s06e15c		s06e	0.2104846358436053	182	39.56521739130435	28.095359802246094	2.0197268705945772	-0.01728709414601326	0.07605310529470444	1.1085912701307188	1.013141577342048	0.001850282608695652	0.009980217217391304	0.0210065	460		
friends	05	043	s06e15d		s06e	0.17607990995594333	144	29.447852760736197	29.478103637695312	2.007853668461567	-0.018935950472950935	0.07660850137472153	1.0800074197950826	1.0173597218032788	0.001445480572597137	0.008507580879345604	0.0230656	489		
friends	05	043	s06e17a		s06e	0.14612120826324143	93	21.779859484777518	30.609420776367188	2.012403393474726	-0.01789461076259613	0.07393855601549149	1.0557768634741787	1.00362012173709	0.0008966744730679157	0.008070331030444966	0.0129129	427		
friends	05	043	s06e17b		s06e	0.14742775804868638	74	16.052060737527114	30.216209411621094	2.002230497292574	-0.017813824117183685	0.07521793991327286	1.0379474004782614	0.9929047410217389	0.000844880694143167	0.009058911605206074	0.00919742	461		
friends	05	044	s06e18a		s06e	0.1484798336984979	82	18.89400921658986	30.5698184967041	1.9864936117689964	-0.022881291806697845	0.07647964358329773	1.091615651709007	1.0430142032101621	0.003168479262672812	0.007683343594470047	0.014421	434		
friends	05	044	s06e18b		s06e	0.14489971246257277	70	14.925373134328359	31.44649887084961	1.984729379728032	-0.02325289137661457	0.07819708436727524	1.0638797092948724	1.014620824850427	0.0018525159914712153	0.007235609232409381	0.0141721	469		
friends	05	044	s06e19a		s06e	0.1741855288263862	98	22.632794457274827	28.03635597229004	1.9849815420200423	-0.025234844535589218	0.0757199376821518	1.0424155817361116	1.002637779907407	0.0022946651270207854	0.01007558688221709	0.0133403	433		
friends	05	044	s06e19b		s06e	0.14037276159443765	72	15.417558886509635	30.678525924682617	1.997940228983128	-0.024003716185688972	0.07799618691205978	1.052900285944206	1.0037678518454936	0.0010137044967880086	0.007952302955032119	0.00900299	467		
friends	05	044	s06e20a		s06e	0.16118728152383255	107	24.82598607888631	30.07878875732422	1.9959830017323372	-0.023662526160478592	0.07395804673433304	1.0437800015581395	1.0039511423255814	0.0015478886310904875	0.008085463201856147	0.0137001	431		
friends	05	044	s06e20b		s06e	0.13493936142652158	59	12.770562770562771	33.196102142333984	1.9979888729421307	-0.025116384029388428	0.07625534385442734	1.0520730029067251	1.0062110206507597	0.0005795670995670996	0.006640634329004328	0.00708472	462		
friends	05	045	s06e21a		s06e	0.15620179441827692	87	18.995633187772924	28.236244201660156	1.9464024895716132	-0.019218921661376953	0.07497765868902206	1.0436807268271333	0.9911961631072208	0.0012451965065502185	0.010175540393013102	0.0111738	458		
friends	05	045	s06e21b		s06e	0.14995584846064378	79	16.056910569105693	29.533863067626953	1.9545859037440367	-0.019398299977183342	0.07789868116378784	1.05147190598778	0.9950388149694499	0.001802439024390244	0.00914715048780488	0.013812	492		
friends	05	045	s06e22a		s06e	0.13463364576151618	68	15.077605321507761	30.124032974243164	1.9567611047543176	-0.01759202778339386	0.07444614917039871	1.0359941507111108	0.9846259183111103	0.0008036585365853659	0.009325782838137472	0.00897279	451		
friends	05	045	s06e22b		s06e	0.14622212695218173	70	14.40329218106996	27.922576904296875	1.960915683863679	-0.0167438592761755	0.07160911709070206	1.0357997434845372	0.9919212400824733	0.0013573456790123457	0.01020652827160494	0.0136521	486		
friends	05	045	s06e23a		s06e	0.12712846024729546	61	12.551440329218106	32.438697814941406	1.9565255891035174	-0.016471337527036667	0.07438959926366806	1.0674525138762878	1.0189467338969072	0.0013720781893004116	0.0062414557613168714	0.0182183	486		
friends	05	045	s06e23b		s06e	0.12535831282003176	54	10.384615384615385	30.86992073059082	1.961207163882179	-0.018603788688778877	0.07279852032661438	1.0504435984007707	1.0061816384200388	0.0014846923076923077	0.007700617250000001	0.0133503	520		
friends	05	046	s06e24a		s06e	0.14373393201161483	68	14.912280701754385	29.554317474365234	1.967382382031053	-0.020528974011540413	0.07369714230298996	1.0477587792087906	1.0043926373626373	0.0015221052631578947	0.008210624890350876	0.0188581	456		
friends	05	046	s06e24b		s06e	0.13686624841388922	65	14.099783080260304	30.265504837036133	1.9753622730602203	-0.01976453699171543	0.0733952596783638	1.041148496369565	0.9971818996739141	0.001239284164859002	0.008263525791757051	0.0125459	461		
friends	05	046	s06e24c		s06e	0.1334201157977824	66	14.347826086956522	30.715621948242188	1.987208725803372	-0.01847134716808796	0.07337312400341034	1.0296127809368194	0.9859844773638342	0.0006164565217391304	0.007917207608695652	0.0101489	460		
friends	05	046	s06e24d		s06e	0.1256642538396893	42	8.588957055214724	30.154666900634766	1.9992676341393905	-0.018131520599126816	0.0726393386721611	1.0302562386885246	0.9858096152663935	0.0005631083844580777	0.008503387811860942	0.00977116	489		
friends	05	047	s07e01a		s07e	0.16381391878170604	100	21.78649237472767	27.541763305664062	1.972568046618857	-0.017253754660487175	0.0716761127114296	1.0534217388864622	1.0057403154148477	0.00229958605664488	0.010221225250544662	0.0197209	459		
friends	05	047	s07e01b		s07e	0.18031397071888902	113	22.920892494929006	27.002470016479492	1.9756191540816386	-0.01774931326508522	0.07438886910676956	1.0348584035162607	0.9932688838821131	0.0023749087221095334	0.010885842596348885	0.0196135	493		
friends	05	047	s07e02a		s07e	0.17640664406112425	133	27.087576374745417	26.72533416748047	1.9812746333186968	-0.016850853338837624	0.07284476608037949	1.0149089232653057	0.9719580537755103	0.0007493890020366598	0.011697137739307535	0.0163612	491		
friends	05	047	s07e02b		s07e	0.17213963695749776	121	23.00380228136882	26.416250228881836	1.9918251567292926	-0.01572849042713642	0.07252722978591919	1.0057590787619055	0.9631444521904764	0.00043671102661596963	0.012032593840304183	0.015162	526		
friends	05	047	s07e03a		s07e	0.16420060296859396	88	21.153846153846153	27.861087799072266	1.9957228615620717	-0.016855433583259583	0.07328001409769058	1.027497759831325	0.980585545036144	0.0026159375	0.010497302355769232	0.013604	416		
friends	05	048	s07e01a		s07e	0.11948834039888862	45	9.782608695652174	27.413236618041992	1.9146235430865164	-0.027434594929218292	0.07707285135984421	1.0295396379520703	0.9853165611982573	0.0018398260869565218	0.011084828347826087	0.0156027	460		
friends	05	048	s07e01b		s07e	0.15359379233015022	87	17.647058823529413	28.62021255493164	1.9145042240181196	-0.026141129434108734	0.07750725746154785	1.0351532447560987	0.9849008585365858	0.0011866328600405678	0.010470429898580122	0.0102757	493		
friends	05	049	s07e03b		s07e	0.13565594797845068	65	14.412416851441241	30.926055908203125	1.8790211776804988	-0.02586541697382927	0.07699175179004669	1.0312384425999996	0.9924804496444445	0.0008524168514412417	0.007506498736141907	0.00711931	451		
friends	05	049	s07e04a		s07e	0.11989111409315237	38	8.52017937219731	33.0102653503418	1.8964603072688153	-0.0248096976429224	0.07715762406587601	1.0525440395056183	1.014483248561797	0.0012144618834080718	0.0056858040582959644	0.0111172	446		
friends	05	050	s07e06b		s07e	0.15710639482580702	91	17.73879142300195	29.172988891601562	1.8990312693146816	-0.024762719869613647	0.07611146569252014	1.0472719234960934	1.0086923699609378	0.0020005847953216372	0.00929584126705653	0.00812087	513		
friends	05	050	s07e07a		s07e	0.15692048483185952	99	20.97457627118644	30.002599716186523	1.905271052487053	-0.026157738640904427	0.07538218051195145	1.060487599808917	1.0326955849893842	0.0015827118644067795	0.008288146694915254	0.00949455	472		
friends	05	050	s07e07b		s07e	0.14002145925555592	79	15.581854043392505	30.063522338867188	1.9150580683609344	-0.025619305670261383	0.07336496561765671	1.0302345659486172	0.9894798058893274	0.0008551873767258383	0.008045025325443789	0.00864235	507		
friends	05	050	s07e08a		s07e	0.12715588195736194	66	13.924050632911392	27.877601623535156	1.91852231711081	-0.0251561738550663	0.07576608657836914	1.019563647124736	0.9840450329175469	0.0010187763713080168	0.01051717246835443	0.00908907	474		
friends	05	050	s07e08b		s07e	0.14305182840810654	86	16.929133858267715	30.94049835205078	1.9215906969535461	-0.024999361485242844	0.0756007581949234	1.0600369609664693	1.0078773800591712	0.0012616141732283465	0.007512100472440945	0.0100248	508		
friends	05	050	s07e09a		s07e	0.13144209324500947	60	13.3630289532294	28.877460479736328	1.9189254836557885	-0.025979435071349144	0.07590048760175705	1.0084283420535711	0.9757861050223215	0.000747238307349666	0.009460794365256125	0.00915955	449		
friends	05	051	s07e09b		s07e	0.14698868950235883	61	12.603305785123966	28.903711318969727	1.8890649338719399	-0.02380715124309063	0.0776495411992073	1.0336990481780535	0.9936856334161487	0.003705867768595041	0.010973663347107438	0.0127538	484		
friends	05	051	s07e10a		s07e	0.15279486010875104	97	21.179039301310045	28.633169174194336	1.882357167406855	-0.027020053938031197	0.07917137444019318	1.0891343578774624	1.0400193802625823	0.006059301310043668	0.008033250611353711	0.080988	458		
friends	05	051	s07e10b		s07e	0.15831376083396548	122	24.84725050916497	28.497535705566406	1.8876717877740776	-0.029898544773459435	0.08572255074977875	1.0554096968367348	1.0029917854285713	0.0016044806517311605	0.010292215315682281	0.0110758	491		
friends	05	051	s07e11a		s07e	0.16085155175549284	108	23.275862068965516	27.910680770874023	1.9042569062489418	-0.027042310684919357	0.08190789818763733	1.023836322980562	0.9788292568250535	0.0023342887931034483	0.011043176142241378	0.0427519	464		
friends	05	051	s07e11b		s07e	0.13202431444200816	59	11.87122736418511	29.87832260131836	1.898887661019634	-0.028103049844503403	0.08482245355844498	1.0403420561895163	0.9981148151612901	0.002786881287726358	0.00860552273641851	0.0414785	497		
friends	05	052	s07e12a		s07e	0.1650087370918861	58	12.831858407079647	28.08772087097168	1.9264348977581993	-0.027046486735343933	0.07894957810640335	1.0012713527937913	0.9694036254545442	0.0018428982300884955	0.011116119601769912	0.014038	452		
friends	05	052	s07e12b		s07e	0.13876149729306048	70	14.43298969072165	29.20095443725586	1.933927563248544	-0.02794523723423481	0.07737948000431061	1.0744045851859505	1.0321327858057863	0.0031328865979381444	0.009499067195876289	0.00939889	485		
friends	05	053	s07e13a		s07e	0.16102383749639318	103	19.109461966604822	28.158035278320312	1.9149860775096952	-0.024366091936826706	0.07591400295495987	1.0478293920631974	0.9960811505018589	0.0028618738404452694	0.009237835157699444	0.0331713	539		
friends	05	053	s07e13b		s07e	0.14532810413084082	85	14.834205933682373	27.054330825805664	1.909431668699975	-0.024053553119301796	0.07636996358633041	1.059518930926574	1.0081834398251734	0.001776893542757417	0.010221727521815008	0.0238217	573		
friends	05	053	s07e14a		s07e	0.17209593713870439	115	24.678111587982833	26.485254287719727	1.910321033300157	-0.024129701778292656	0.07637117803096771	1.043130607999999	0.9961282674193553	0.0021678540772532193	0.011411388175965665	0.0162999	466		
friends	05	053	s07e14b		s07e	0.14223438871645044	73	14.629258517034069	28.101627349853516	1.917916970753661	-0.023438654839992523	0.07629314064979553	1.0164618195180721	0.9719385136144576	0.0007848096192384769	0.00991522268537074	0.0199182	499		
friends	05	054	s07e15a		s07e	0.14129549001789807	81	14.31095406360424	27.343812942504883	1.9076308603673722	-0.021549750119447708	0.07357493788003922	1.010080702761062	0.9759144016637172	0.0012963780918727916	0.011044354151943462	0.0131247	566		
friends	05	054	s07e15b		s07e	0.12496977822213251	71	11.853088480801336	30.502988815307617	1.909103819491911	-0.023442186415195465	0.07475490868091583	1.061990218929765	1.0131304024247503	0.0015594824707846411	0.00766168100166945	0.0222422	599		
friends	05	054	s07e16a		s07e	0.13573958215890983	53	13.350125944584383	29.621475219726562	1.9092372987552264	-0.023388246074318886	0.07667773962020874	1.027792117171717	0.992027496439394	0.0014489168765743075	0.008893391183879093	0.0160332	397		
friends	05	055	s07e16b		s07e	0.16621546011120844	84	21.0	27.20161247253418	1.8388684976703447	-0.027701515704393387	0.08203975856304169	1.046137622130326	0.9955281986466168	0.0016146500000000002	0.011713534175000002	0.00822094	400		
friends	05	055	s07e16c		s07e	0.13342767280495146	53	12.296983758700696	31.567096710205078	1.8333260999813021	-0.029116811230778694	0.08072294294834137	1.0634030499767446	1.0069342541162793	0.0012602320185614848	0.007084551995359629	0.0112012	431		
friends	05	055	s07e17a		s07e	0.16872653673124244	90	20.88167053364269	29.09539222717285	1.8461412954801604	-0.02809136174619198	0.08016669750213623	1.0555396380697677	1.0037258290232551	0.0020946635730858467	0.00921612716937355	0.0119526	431		
friends	05	056	s07e17b		s07e	0.13665708488151962	71	15.203426124197001	26.577604293823242	1.8798064060186859	-0.025678886100649834	0.07730116695165634	0.9906337387124464	0.9746255369742499	0.001290321199143469	0.012617341413276232	0.0176164	467		
friends	05	056	s07e18a		s07e	0.13467621016283404	65	13.655462184873949	31.539501190185547	1.896212771683143	-0.02786868065595627	0.07696332037448883	1.0361607179999999	0.9956637213052634	0.0012414495798319328	0.007275632878151261	0.0069724	476		
friends	05	056	s07e18b		s07e	0.14904126030461726	81	15.882352941176471	27.532480239868164	1.9132327823700888	-0.023767108097672462	0.07381422817707062	0.9949075588801571	0.9693904495677792	0.0008646862745098039	0.010610028843137255	0.0178815	510		
friends	05	056	s07e19a		s07e	0.15752198260406905	96	22.01834862385321	28.788232803344727	1.9223965839862647	-0.024714121595025063	0.0735645443201065	1.0343402074252865	0.9926070818850573	0.0010350229357798165	0.00915281504587156	0.0148056	436		
friends	05	056	s07e19b		s07e	0.14200121138051683	61	13.00639658848614	28.74212646484375	1.945926570225386	-0.024912657216191292	0.07446707785129547	1.058619063824786	1.0295278957692309	0.0027065031982942424	0.009354417846481878	0.00423067	469		
friends	05	057	s07e20a		s07e	0.16117958018646128	101	22.24669603524229	24.214054107666016	1.893952358794441	-0.026660975068807602	0.07716280966997147	0.9641809785651223	0.9463994288079464	0.0011628634361233482	0.014968843832599119	0.00865666	454		
friends	05	057	s07e20b		s07e	0.12258113495431237	66	13.580246913580247	30.645618438720703	1.9044957477556677	-0.02815588377416134	0.07666036486625671	1.0372136603092779	0.999685247237113	0.0008402469135802468	0.007157106069958847	0.0315081	486		
friends	05	057	s07e21a		s07e	0.16266102305371832	113	26.34032634032634	27.56017303466797	1.921663101498835	-0.02537211962044239	0.0745849534869194	0.9986314113551398	0.9760086185981303	0.0010159207459207458	0.009925781375291374	0.0141702	429		
friends	05	057	s07e21b		s07e	0.14483190809648736	78	16.846652267818573	28.07275390625	1.918301117392934	-0.024664508178830147	0.07392216473817825	1.0109997195454545	0.9939053416883128	0.0014304967602591792	0.010363180561555075	0.00507412	463		
friends	05	057	s07e22a		s07e	0.14113935164624627	77	16.382978723404257	28.010421752929688	1.9226521276517494	-0.026834413409233093	0.07450506091117859	1.009477632153518	0.9880250575479744	0.0011685531914893618	0.009171114468085108	0.00901513	470		
friends	05	057	s07e22b		s07e	0.1316072920796992	66	13.095238095238095	28.78321647644043	1.9232791439599208	-0.02691306173801422	0.07535871118307114	1.006435793479125	0.9860709167395624	0.0008970833333333334	0.009016416369047618	0.00908122	504		
friends	05	057	s07e23a		s07e	0.14856691734078803	88	18.333333333333332	29.002277374267578	1.928790989198808	-0.024727441370487213	0.07205197960138321	1.0291529041127352	1.0006059213778702	0.0016826249999999999	0.008272465895833333	0.0100244	480		
friends	05	057	s07e23b		s07e	0.17231988046023078	121	25.103734439834025	25.463764190673828	1.934149552253971	-0.02351624332368374	0.07455308735370636	0.9981000326611216	0.9720705812681908	0.0008082780082987552	0.012572634024896267	0.0119828	482		
friends	05	057	s07e23c		s07e	0.14572103851847143	93	19.29460580912863	27.573638916015625	1.9221402534045888	-0.026890980079770088	0.07473617792129517	1.0286229932224538	0.9950878336174633	0.0014028215767634853	0.009797363609958507	0.0148547	482		
friends	05	057	s07e23d		s07e	0.13103454779047874	76	14.757281553398059	29.662797927856445	1.915463460385876	-0.0276266410946846	0.0765119269490242	1.0253556465758746	0.993874252723735	0.0010078058252427184	0.008328703650485436	0.0128774	515		
friends	06	001	s01e02a		s01e	0.16387311076632288	112	23.779193205944797	29.089765548706055	2.2971636846941212	-0.010649948380887508	0.04938049986958504	1.0848666826170204	1.0270781212765967	0.002947749469214437	0.0094281133970276	0.00859142	471		
friends	06	001	s01e02b		s01e	0.17922816266551161	131	27.81316348195329	29.74332618713379	2.314503659136141	-0.011536677367985249	0.04956918954849243	1.0880871547446815	1.0173043312553187	0.0013815074309978768	0.008535393397027602	0.00880705	471		
friends	06	001	s01e03a		s01e	0.18943369331394333	242	48.20717131474104	30.93516731262207	2.2254405766886745	-0.010553381405770779	0.047617360949516296	1.0801580259081824	1.0259906716566862	0.0015183665338645421	0.0073377785657370515	0.00629971	502		
friends	06	001	s01e03b		s01e	0.18609478592649123	200	39.920159680638726	28.80553436279297	2.264298059364582	-0.008521596901118755	0.046071749180555344	1.0664747878400003	1.00804586844	0.0009588622754491019	0.009271063273453093	0.00584199	501		
friends	06	001	s01e04a		s01e	0.16566813440328124	136	29.37365010799136	31.41300392150879	2.2992132476017884	-0.013215720653533936	0.0506078340113163	1.0870097714069262	1.0417515675108227	0.0017720518358531317	0.007736272656587472	0.00508962	463		
friends	06	001	s01e04b		s01e	0.16730554528154173	133	28.602150537634408	25.527511596679688	2.321225493466033	-0.009224562905728817	0.04770917445421219	1.0151313786206893	0.9678528311853437	0.0008327311827956987	0.01312591206451613	0.00220412	465		
friends	06	001	s01e05a		s01e	0.14070731480363072	71	14.609053497942387	33.691688537597656	2.309474105218058	-0.011877869255840778	0.04791589081287384	1.072685015608248	1.0003008350721643	0.0004967901234567901	0.006125299444444445	0.00293686	486		
friends	06	001	s01e05b		s01e	0.1615947801012238	96	19.71252566735113	29.302589416503906	2.306302821708288	-0.012670745141804218	0.0499909371137619	1.0757252066255156	1.010542205864198	0.0013835523613963039	0.009158009671457905	0.00533983	487		
friends	06	001	s01e06a		s01e	0.19540158096672547	249	51.6597510373444	25.485719680786133	2.38616640279206	-0.004940709564834833	0.04310045763850212	1.004608098336798	0.9513067585031189	0.0003866390041493776	0.013763217946058092	0.00397289	482		
friends	06	001	s01e06b		s01e	0.18546897869325618	225	46.97286012526096	30.131853103637695	2.3598055672903975	-0.01043400727212429	0.040662869811058044	1.0595420021338913	0.9946177235774056	0.0006573277661795408	0.00841611478079332	0.00673129	479		
friends	06	002	s01e01a		s01e	0.15176983407838893	146	24.703891708967852	35.57662582397461	2.2411020146797282	-0.01203041523694992	0.04900487884879112	1.083343850491525	1.0110923316610174	0.0005294585448392555	0.005040395313028765	0.0219428	591		
friends	06	002	s01e01b		s01e	0.17056954902274327	214	36.209813874788495	30.447532653808594	2.220215862096741	-0.008815428242087364	0.051482200622558594	1.0380231000169502	0.9811738607457626	0.0007012859560067683	0.007961369847715736	0.00311264	591		
friends	06	002	s01e07a		s01e	0.16831715335968772	160	32.85420944558521	28.398910522460938	2.2206924945990996	-0.01183396577835083	0.05109089985489845	1.0147622055967083	0.966148834012346	0.0003995277207392197	0.009944319958932238	0.0033588	487		
friends	06	002	s01e07b		s01e	0.17622009266431524	131	26.680244399185337	26.470603942871094	2.2141222890755587	-0.01059070322662592	0.053024787455797195	1.0181699480612247	0.9715084853265312	0.0007136456211812628	0.011594701588594705	0.00416293	491		
friends	06	002	s01e08a		s01e	0.1364908684755413	52	10.970464135021096	29.784297943115234	2.2300651453641156	-0.013156179338693619	0.053130220621824265	1.0542981442071886	1.0046056554545453	0.00107084388185654	0.008531184071729956	0.00526234	474		
friends	06	002	s01e08b		s01e	0.14270233137808613	70	14.767932489451477	29.62411117553711	2.267811846713714	-0.011337237432599068	0.05204403027892113	1.0728404940803382	1.0172551788372088	0.0016664978902953586	0.008565125021097044	0.00507186	474		
friends	06	002	s01e09a		s01e	0.1529714839407697	113	24.248927038626608	31.20941162109375	2.295704559301737	-0.012471433728933334	0.05321087688207626	1.0582966640430105	0.9966163566666663	0.0005369098712446352	0.007499530493562232	0.00306554	466		
friends	06	002	s01e09b		s01e	0.18960314261040323	155	33.190578158458244	28.527362823486328	2.2908919528327543	-0.010059762746095657	0.05366196855902672	1.0755333779828324	1.012479388133048	0.0014034047109207708	0.009384086466809423	0.0077406	467		
friends	06	003	s01e10a		s01e	0.14615528683960496	125	25.252525252525253	29.999313354492188	2.331915868824602	-0.01431170292198658	0.05123923346400261	1.0367173855263159	0.9656430992105259	0.0002441616161616162	0.00882787292929293	0.00635137	495		
friends	06	003	s01e10b		s01e	0.13413177982476282	60	12.145748987854251	35.08220672607422	2.320397761544388	-0.015638427808880806	0.05067160725593567	1.0950420900811377	1.0076758765111564	0.000467004048582996	0.005295588178137652	0.0096184	494		
friends	06	003	s01e11a		s01e	0.1536124996772416	118	24.842105263157894	28.274721145629883	2.3519914580944965	-0.010257309302687645	0.049828123301267624	1.0480708475316454	0.9968828363713086	0.0018878315789473685	0.010316619831578947	0.00543069	475		
friends	06	003	s01e11b		s01e	0.14166511793845174	85	17.894736842105264	33.07264709472656	2.3665769234017007	-0.01123420987278223	0.0501292422413826	1.0770883771308017	1.002202604198313	0.0006237894736842106	0.006434584736842106	0.00549959	475		
friends	06	003	s01e12a		s01e	0.16111880974495804	92	19.574468085106382	29.21588897705078	2.3151354299036786	-0.009674509055912495	0.049577102065086365	1.062266731982942	0.9931034070149255	0.001134063829787234	0.009450248765957448	0.005643	470		
friends	06	003	s01e12b		s01e	0.14582425993541015	83	17.62208067940552	32.10963439941406	2.3321290170348066	-0.00820125825703144	0.04918498173356056	1.0838714312553197	1.0128297102340427	0.00116723991507431	0.006889825605095542	0.00478263	471		
friends	06	003	s01e13a		s01e	0.16792129839541758	136	29.1220556745182	30.405750274658203	2.3728760851933077	-0.009302944876253605	0.05104464665055275	1.0716089551716739	1.002443996738197	0.0014620128479657386	0.008525111027837259	0.00534257	467		
friends	06	003	s01e13b		s01e	0.1767638175228617	127	27.253218884120173	26.689050674438477	2.3707990629514053	-0.00700957328081131	0.05039414390921593	1.050137149075269	0.9851958220430098	0.0008476824034334765	0.012056070536480688	0.00694764	466		
friends	06	003	s01e14a		s01e	0.15636209436171028	81	16.56441717791411	26.91109275817871	2.347131491585358	-0.013422477059066296	0.05201290175318718	1.023403498442623	0.9673249456352457	0.0011316564417177917	0.011568447566462166	0.00338881	489		
friends	06	003	s01e14b		s01e	0.14811975563340063	62	12.653061224489797	26.98861312866211	2.3711154563960295	-0.0076202331110835075	0.04883285239338875	1.0390131904703472	0.9808866810838452	0.001235591836734694	0.011978602081632652	0.00551567	490		
friends	06	004	s01e15a		s01e	0.1575868986135042	86	18.105263157894736	25.8381404876709	2.173823706383398	-0.013451764360070229	0.05146690085530281	1.0099976133755277	0.9566025490084383	0.0005977684210526315	0.012457723536842106	0.00595951	475		
friends	06	004	s01e15b		s01e	0.16366719611771924	106	22.26890756302521	29.484832763671875	2.176185736138982	-0.009081444703042507	0.05025401711463928	1.0928415160631575	1.030435469621053	0.0032968697478991597	0.008571374306722689	0.00376325	476		
friends	06	004	s01e16a		s01e	0.20993456888901474	242	50.20746887966805	26.418025970458984	2.3662596051381413	-0.008219010196626186	0.05058370530605316	1.028081024386694	0.971099185239085	0.0005039834024896265	0.01149781591286307	0.00511081	482		
friends	06	004	s01e16b		s01e	0.189567474433027	189	39.130434782608695	27.768190383911133	2.3624173901430106	-0.00990973599255085	0.05017268657684326	1.0651582138796694	1.01703330593361	0.0022171014492753625	0.010331584741200828	0.00378061	483		
friends	06	004	s01e17a		s01e	0.2763551241641712	221	45.75569358178054	23.951339721679688	2.42641360560232	-0.0056704566814005375	0.05383821949362755	1.0288857872614103	0.990624262365145	0.004088985507246377	0.01519315635610766	0.0164753	483		
friends	06	004	s01e17b		s01e	0.21334737233297363	194	40.165631469979296	26.650615692138672	2.4392892044640844	-0.00991557165980339	0.05144239589571953	1.0473697911203317	0.9927366571369296	0.0013838302277432712	0.011858739192546585	0.00736464	483		
friends	06	004	s01e18a		s01e	0.2088267275226953	213	42.857142857142854	27.06087875366211	2.4276007121860053	-0.010021689347922802	0.051792312413454056	1.0341864946975812	0.9744488090120973	0.0007451106639839033	0.01146079597585513	0.00924918	497		
friends	06	004	s01e18b		s01e	0.23917876971386848	217	43.66197183098591	26.017412185668945	2.435978695217335	-0.008002202026546001	0.05144548416137695	1.0393980567540317	0.9804397868346781	0.0007573038229376257	0.012282281851106639	0.00992409	497		
friends	06	005	s01e19a		s01e	0.20154928833247596	234	50.98039215686274	28.023168563842773	2.3057905895252877	-0.006169002968817949	0.048559073358774185	1.0338867407205254	0.9747714802620084	0.0010873638344226578	0.01020283614379085	0.00393113	459		
friends	06	005	s01e19b		s01e	0.1911862188622843	206	45.076586433260395	28.344806671142578	2.308669855030834	-0.006546471267938614	0.04882585257291794	1.0085667281359658	0.9675205001973685	0.0006385776805251642	0.009669621925601751	0.00291358	457		
friends	06	005	s01e20a		s01e	0.22442490165676224	252	54.90196078431372	28.68074607849121	2.357970616381064	-0.00756915844976902	0.04840869456529617	1.069174615152839	1.0021234715283849	0.001177668845315904	0.009365322875816994	0.00527136	459		
friends	06	005	s01e20b		s01e	0.22869195592493452	237	51.63398692810458	27.53972625732422	2.3573150284056936	-0.007454627193510532	0.04857379198074341	1.0326962170305674	0.9824088190393021	0.0006708932461873638	0.010264965206971677	0.00396951	459		
friends	06	005	s01e21a		s01e	0.23841351770800975	213	44.65408805031446	23.73001480102539	2.314725047550314	-0.009763040579855442	0.04853149875998497	1.0249488218487395	0.9808222027731089	0.001729601677148847	0.015112986457023064	0.0048131	477		
friends	06	005	s01e21b		s01e	0.22326928125419393	177	37.106918238993714	23.847261428833008	2.319720103100617	-0.011110644787549973	0.04831456393003464	0.994236632605042	0.9632735740966377	0.0017042348008385743	0.014851542075471697	0.00525651	477		
friends	06	005	s01e22a		s01e	0.24994376726515943	248	52.32067510548523	23.249103546142578	2.341215376613417	-0.00523037277162075	0.04845520481467247	1.0188177690274847	0.9736489684989422	0.0013686497890295355	0.015662357784810125	0.00503098	474		
friends	06	005	s01e22b		s01e	0.2158631269408704	201	42.494714587737846	27.524436950683594	2.377200194439624	-0.007059585768729448	0.04745678976178169	1.036273324067797	0.9816740437711868	0.0009993446088794925	0.011107341162790697	0.00673322	473		
friends	06	005	s01e23a		s01e	0.24711608355224207	198	43.04347826086956	26.68906021118164	2.3586237659221405	-0.004396340344101191	0.04867030680179596	1.0683538078431372	1.0234368054901968	0.004165086956521739	0.010950845173913043	0.00656087	460		
friends	06	005	s01e23b		s01e	0.20359537735493674	179	38.74458874458875	26.680522918701172	2.3829886906072466	-0.00521906279027462	0.048290982842445374	1.0310845637310182	0.9852224840997826	0.001119112554112554	0.011419844523809525	0.00611914	462		
friends	06	005	s01e24a		s01e	0.20730043794881986	168	32.62135922330097	25.320749282836914	2.392245144919615	-0.0070672230795025826	0.048079751431941986	1.032868928190661	0.9932153992217897	0.0017048155339805828	0.013231201378640776	0.00860989	515		
friends	06	006	s01e24b		s01e	0.14424957342160655	90	17.54385964912281	28.54262351989746	2.253214701142589	-0.009443228133022785	0.0446702279150486	0.9894672208593756	0.9582680994140634	0.0003456140350877193	0.010240548265107213	0.00528987	513		
friends	06	006	s02e01a		s02e	0.22002503967061282	195	40.96638655462185	25.390167236328125	2.2963846368573178	-0.004696492571383715	0.043147020041942596	1.0072164337263156	0.9656979351789471	0.0006891806722689076	0.012698149012605043	0.00736628	476		
friends	06	006	s02e01b		s02e	0.1874948584245082	183	38.36477987421384	26.249801635742188	2.3205491607450712	-0.005435057915747166	0.0430990494787693	0.9959735325000008	0.9629525514285711	0.0007541928721174003	0.01210540176100629	0.00460262	477		
friends	06	006	s02e02a		s02e	0.1916166660798289	160	35.634743875278396	27.753774642944336	2.317510020368805	-0.006016078870743513	0.042641863226890564	1.0434115870535716	0.9935908270758923	0.0013080178173719378	0.010254872516703786	0.00487437	449		
friends	06	006	s02e02b		s02e	0.19623438717128486	186	41.70403587443946	26.642261505126953	2.3302122221011534	-0.006876209285110235	0.04318320378661156	1.0311869316179771	0.9834910625617975	0.000892578475336323	0.01151870571748879	0.00705111	446		
friends	06	006	s02e03a		s02e	0.23819208785122636	189	40.73275862068966	25.819412231445312	2.3200368485560725	-0.007316949777305126	0.046010009944438934	1.0212120265442766	0.9799994461555077	0.0019438793103448272	0.01207512672413793	0.00833511	464		
friends	06	006	s02e03b		s02e	0.21928249814428458	185	40.04329004329004	24.67748260498047	2.311521314172997	-0.005836558993905783	0.04703915864229202	1.0274110001301535	0.9890645565726681	0.0016426190476190477	0.014461005259740261	0.00542265	462		
friends	06	006	s02e04a		s02e	0.2232298411577245	185	40.83885209713024	25.028865814208984	2.3575276264894542	-0.0027309777215123177	0.046089258044958115	1.0104193105309736	0.977895488207964	0.0015501545253863136	0.013721896622516556	0.00527523	453		
friends	06	006	s02e04b		s02e	0.20560170263125038	149	32.819383259911895	26.659847259521484	2.3310900019336764	-0.006997152231633663	0.04755566641688347	1.036161009205297	0.9939380122737316	0.0018173348017621147	0.01156209707048458	0.00642566	454		
friends	06	007	s02e05a		s02e	0.1441883682686082	75	16.5929203539823	30.005905151367188	2.1819301120504075	-0.015153899788856506	0.05254624783992767	1.0617816011086467	1.0039692326164087	0.0021931637168141594	0.008408293694690266	0.00422318	452		
friends	06	007	s02e05b		s02e	0.13765966644155317	58	12.775330396475772	31.15530776977539	2.202591513273228	-0.009757520630955696	0.049203407019376755	1.0335262412362027	0.9807865083885202	0.000513259911894273	0.007763970925110131	0.00309227	454		
friends	06	007	s02e06a		s02e	0.1424082350478934	75	15.030060120240481	28.286548614501953	2.2377398365430223	-0.007888237945735455	0.049232494086027145	1.0248846288353415	1.6017119036947793	0.0007640681362725451	0.009612215591182366	0.00264404	499		
friends	06	007	s02e06b		s02e	0.16695597653262095	96	19.238476953907817	27.16353988647461	2.2309442693761934	-0.008278326131403446	0.04998038709163666	1.0751226464658654	1.0410245213052214	0.0033617234468937877	0.01053397899799599	0.00721256	499		
friends	06	007	s02e07a		s02e	0.19759023115642285	167	33.73737373737374	26.110122680664062	2.231989559294889	-0.008131899870932102	0.04986663907766342	1.0298688099595148	0.9789238425910929	0.0009295353535353534	0.011984378666666667	0.0074075	495		
friends	06	007	s02e07b		s02e	0.1590315706572348	78	15.757575757575758	29.383047103881836	2.22315819541617	-0.010507616214454174	0.04913335666060448	1.0520453252834017	1.0001699939676112	0.0023824242424242423	0.009189702767676769	0.00409857	495		
friends	06	007	s02e08a		s02e	0.19774339375918057	120	26.2582056892779	25.682701110839844	2.237880417017673	-0.007682588417083025	0.0497160330414772	1.0061031979605273	0.9714080964035096	0.001637636761487965	0.012121404989059082	0.00491585	457		
friends	06	007	s02e08b		s02e	0.16791034544953568	90	19.693654266958426	27.8831787109375	2.2218001727741785	-0.008603555150330067	0.05175446346402168	1.0463014065789482	1.0025184865350878	0.0018036761487964987	0.01012586748358862	0.00346032	457		
friends	06	007	s02e09a		s02e	0.15885862333363726	87	19.24778761061947	30.805097579956055	2.192022977722597	-0.014854367822408676	0.05366382375359535	1.0707304027937925	1.0122225878935704	0.002067920353982301	0.007323173296460177	0.00364317	452		
friends	06	007	s02e09b		s02e	0.16152763703289438	84	18.625277161862527	28.171180725097656	2.24411024188382	-0.01016851793974638	0.051731858402490616	1.0382199508888896	0.9890978323333326	0.0012016186252771619	0.010074809733924613	0.00628174	451		
friends	06	007	s02e10a		s02e	0.13242187246268766	56	11.715481171548117	31.125347137451172	2.253206928092292	-0.009080586023628712	0.049630288034677505	1.0683120395387844	1.0033985304192872	0.0012404393305439332	0.00805022920502092	0.00832393	478		
friends	06	007	s02e10b		s02e	0.16795927650294276	107	22.384937238493723	28.678361892700195	2.305314787656069	-0.008929852396249771	0.049628399312496185	1.0566570608595378	1.0023641210062888	0.0014259623430962342	0.010083639728033472	0.00904534	478		
friends	06	008	s02e11a		s02e	0.12416799413560896	46	9.426229508196721	32.165931701660156	2.2851586752763353	-0.008720312267541885	0.04457046091556549	1.0325503658932236	0.9858555061396302	0.00046362704918032787	0.00752372594262295	0.00383206	488		
friends	06	008	s02e11b		s02e	0.136784555095607	69	14.197530864197532	31.223609924316406	2.2880661361038173	-0.008919239044189453	0.04464231804013252	1.0638765762886595	1.016223409175257	0.002088888888888889	0.008018894053497943	0.00329521	486		
friends	06	008	s02e12a		s02e	0.1507258909073183	79	16.2217659137577	31.080902099609375	2.279764085376732	-0.009572625160217285	0.04542006179690361	1.0382210664197533	0.9837093504526752	0.0008245379876796715	0.008050701663244354	0.00425269	487		
friends	06	008	s02e12b		s02e	0.14123254054650736	64	13.168724279835391	28.991491317749023	2.2857220576905495	-0.012835735455155373	0.046059027314186096	1.003221153195878	0.9639803665773199	0.0009928189300411523	0.011129446399176955	0.00702306	486		
friends	06	009	s02e13a		s02e	0.18813379691807086	167	34.29158110882957	26.400989532470703	2.243489049153385	-0.008937300182878971	0.051313310861587524	0.9972167696707819	0.9539202888477373	0.0007871868583162219	0.01290622455852156	0.00305467	487		
friends	06	009	s02e13b		s02e	0.1849245370846127	157	32.238193018480494	31.918140411376953	2.231347611104313	-0.012797145172953606	0.051762670278549194	1.0766656811111115	1.0070355108230442	0.0009035318275154003	0.0074007389322381925	0.00603158	487		
friends	06	009	s02e14a		s02e	0.1831558208025195	168	35.59322033898305	27.590286254882812	2.260552011715995	-0.009923839010298252	0.051473695784807205	0.9912697492569005	0.9507959745859875	0.0007808050847457627	0.011305117436440677	0.00274401	472		
friends	06	009	s02e14b		s02e	0.18093989861707882	166	35.16949152542373	26.884014129638672	2.263718245250734	-0.009617617353796959	0.05189451575279236	1.0224073072611477	0.9682726950743108	0.0007948305084745761	0.011950343474576271	0.0030172	472		
friends	06	009	s02e15a		s02e	0.23312439179101596	229	49.141630901287556	25.31481170654297	2.2672333878153834	-0.007727016229182482	0.05150306224822998	1.0390503865161291	0.9779765702150535	0.0009734763948497853	0.013113524763948498	0.00494959	466		
friends	06	009	s02e15b		s02e	0.21509381284560306	200	43.01075268817204	26.22464370727539	2.257779281331377	-0.007285189349204302	0.05129294469952583	1.0421401396551724	0.9824941136853445	0.0010083870967741936	0.011733326387096775	0.00844411	465		
friends	06	010	s02e16a		s02e	0.16392408145325932	138	28.87029288702929	26.10675621032715	2.2294288478137343	-0.00877491943538189	0.04935518279671669	1.0411307310901474	1.7692877506708602	0.0031475523012552305	0.012566212615062761	0.00557059	478		
friends	06	010	s02e16b		s02e	0.14430144458409153	76	15.899581589958158	32.99351501464844	2.218967680297175	-0.011600563302636147	0.04960491880774498	1.0622550017610068	0.9989743485744249	0.0006738493723849372	0.006582200313807532	0.0074853	478		
friends	06	010	s02e17a		s02e	0.16595963179171375	121	24.795081967213115	30.90796661376953	2.208611593483245	-0.013293536379933357	0.052372921258211136	1.0690213475770027	1.0021771933880912	0.0010269877049180328	0.008008985840163935	0.00679954	488		
friends	06	010	s02e17b		s02e	0.17146209193141923	136	27.868852459016395	28.068260192871094	2.278609485414661	-0.008863821625709534	0.05184249207377434	1.0442467351334717	0.9978005033059546	0.001518176229508197	0.010004407971311477	0.00476277	488		
friends	06	010	s02e18a		s02e	0.17807203467741267	148	32.24400871459695	27.567440032958984	2.28938579038718	-0.009395136497914791	0.051197171211242676	1.0768608434279474	1.0308620115502176	0.0029667755991285407	0.010876728976034858	0.00443606	459		
friends	06	010	s02e18b		s02e	0.21040338609571238	165	35.869565217391305	26.22672462463379	2.3091900833576435	-0.006728955078870058	0.05168181285262108	1.0108822960566455	0.9656527857298485	0.0010868695652173912	0.012175180891304347	0.00561306	460		
friends	06	010	s02e19a		s02e	0.19993692837192775	151	31.656184486373167	25.570985794067383	2.269087670663442	-0.009182458743453026	0.05107161030173302	1.0223322224789932	0.9717363055252096	0.0015116981132075472	0.013321484758909851	0.00723194	477		
friends	06	010	s02e19b		s02e	0.21805799441488302	161	33.68200836820084	24.764739990234375	2.2885445686739376	-0.009915663860738277	0.051392290741205215	1.031826075786164	0.9757680922641512	0.0007730962343096234	0.014263987782426778	0.010093	478		
friends	06	011	s02e20a		s02e	0.18398627372863777	166	37.05357142857143	27.689838409423828	2.2733664865795022	-0.006884152535349131	0.04871520400047302	1.0435281841163309	0.9863307633780757	0.0019210937499999998	0.010732409508928573	0.00492189	448		
friends	06	011	s02e20b		s02e	0.22192978797842478	216	48.214285714285715	26.28046417236328	2.2675316912428585	-0.007283797953277826	0.04968428611755371	1.0199394430201347	0.9723520105145411	0.0009566517857142857	0.011735808482142856	0.00504211	448		
friends	06	011	s02e21a		s02e	0.17767159678608135	154	32.83582089552239	27.952648162841797	2.274665546487887	-0.00945508386939764	0.049109410494565964	1.0177058794230769	0.9649969807051274	0.0004530490405117271	0.010172172686567163	0.00414666	469		
friends	06	011	s02e21b		s02e	0.19118746911079704	167	35.53191489361702	28.69125747680664	2.2832598934102446	-0.010583214461803436	0.049878284335136414	1.0542884312579952	0.9875132744349678	0.0009276808510638297	0.009951682680851065	0.00534834	470		
friends	06	012	s02e22a		s02e	0.17473495828501925	130	28.761061946902654	25.678983688354492	2.279469317752248	-0.008221215568482876	0.05050204321742058	0.9904799113747227	0.953057602749446	0.0008571017699115045	0.013242403561946902	0.00703397	452		
friends	06	012	s02e22b		s02e	0.17862209337914403	142	31.41592920353982	27.298839569091797	2.2772398787422685	-0.010310215875506401	0.050907231867313385	1.0249128299999999	0.9797873752328171	0.001257212389380531	0.010946649690265486	0.00432079	452		
friends	06	012	s02e23a		s02e	0.20965212617377524	175	38.37719298245614	27.628684997558594	2.338724599690986	-0.010807743296027184	0.05202118307352066	1.051286770461539	0.9889363436483525	0.001115657894736842	0.011391500548245616	0.00630167	456		
friends	06	012	s02e23b		s02e	0.19404786764977477	165	36.18421052631579	27.004531860351562	2.4061860702798086	-0.004370373208075762	0.05352494493126869	1.02378046156044	0.9790268926373634	0.0009358771929824562	0.011640266951754387	0.00406269	456		
friends	06	012	s02e24a		s02e	0.2071187608363998	167	35.76017130620985	27.031536102294922	2.3969572213607497	-0.006871238816529512	0.051708150655031204	1.027030594527897	0.9751416649570814	0.0008154175588865097	0.011775266937901499	0.00401351	467		
friends	06	012	s02e24b		s02e	0.1967039962112606	156	33.333333333333336	28.637596130371094	2.4321514199516634	-0.005492360331118107	0.0530533604323864	1.0385907207280514	1.0048107259743042	0.0009260897435897437	0.01042489717948718	0.00461633	468		
friends	06	013	s03e01a		s03e	0.18911254486498388	179	36.53061224489796	29.675825119018555	2.378249167224747	-0.007862712256610394	0.0477631501853466	1.0584732689366048	0.9967971368098167	0.0008062857142857142	0.00925975512244898	0.0111102	490		
friends	06	013	s03e01b		s03e	0.1846404418233067	181	36.86354378818737	25.557453155517578	2.3777960497806276	-0.005060316529124975	0.04687280207872391	1.002380693734693	0.9621064816530617	0.0004144602851323829	0.013000605784114052	0.00510935	491		
friends	06	013	s03e02a		s03e	0.1872102968105309	164	34.59915611814346	26.501773834228516	2.384285826957228	-0.006924179848283529	0.046557191759347916	1.0127134985412256	0.971664059915434	0.0004260548523206751	0.011812969029535865	0.0117953	474		
friends	06	013	s03e02b		s03e	0.20492936592201827	188	39.74630021141649	29.059579849243164	2.4172354560067273	-0.006263600662350655	0.04867921769618988	1.0476800468008471	0.9970160172033898	0.0007768076109936576	0.00964753665961945	0.00795622	473		
friends	06	013	s03e03a		s03e	0.19047784566435463	162	35.68281938325991	26.902692794799805	2.3797939782719677	-0.013503734953701496	0.04969986155629158	1.032956889779249	0.9904021435320081	0.0006046475770925111	0.011769780198237885	0.00765748	454		
friends	06	013	s03e03b		s03e	0.18698874351606223	166	36.64459161147903	25.468456268310547	2.4152875559846643	-0.00594556936994195	0.0473332554101944	1.0010705623008853	0.9595959628539825	0.0005108830022075056	0.013114893730684326	0.00736369	453		
friends	06	013	s03e04a		s03e	0.16739161183186405	139	29.449152542372882	27.09951400756836	2.4068831427306256	-0.007312162779271603	0.0465075857937336	1.0004274517834388	0.9648597402123139	0.0004960381355932203	0.011813875423728812	0.00935168	472		
friends	06	013	s03e04b		s03e	0.2056113340942219	203	42.91754756871036	27.42471694946289	2.403166673424841	-0.004719520453363657	0.047183696180582047	1.076965933135593	1.0438178232203388	0.0029842917547568716	0.010375031247357294	0.0085844	473		
friends	06	014	s03e05a		s03e	0.152237376234295	110	22.77432712215321	31.41879653930664	2.3721691937726748	-0.008967187255620956	0.04830176383256912	1.066507462157677	1.012866869854773	0.0017312422360248444	0.008008511449275363	0.00740775	483		
friends	06	014	s03e05b		s03e	0.171019087020751	149	30.91286307053942	29.34306526184082	2.3737096843516703	-0.009122391231358051	0.04925530403852463	1.0596499375675683	1.0168189971725567	0.001794585062240664	0.00957443358921162	0.00452733	482		
friends	06	014	s03e06a		s03e	0.1787216124290787	154	32.83582089552239	28.00125503540039	2.3837251825495684	-0.007592817768454552	0.05171818286180496	1.0265590220940173	0.9892467655555555	0.0009421961620469083	0.010597726034115138	0.00584902	469		
friends	06	014	s03e06b		s03e	0.16356839976756601	135	28.784648187633262	29.37482452392578	2.388313413970381	-0.008759847842156887	0.050335682928562164	1.046678714508546	0.9955207747863248	0.000934733475479744	0.009590709061833689	0.00643989	469		
friends	06	014	s03e07a		s03e	0.15849720037357584	121	25.965665236051503	27.532638549804688	2.3432654704090385	-0.014998371712863445	0.050204042345285416	1.027017357462366	0.9888823674193545	0.0012674463519313304	0.011134891072961372	0.00419163	466		
friends	06	014	s03e07b		s03e	0.15710759977500477	116	24.892703862660944	29.537399291992188	2.4276466117703213	-0.007230114191770554	0.0513155497610569	1.0440941912258062	0.9999730160430108	0.0012692060085836908	0.009418117660944206	0.00352919	466		
friends	06	015	s03e08a		s03e	0.14539997006643332	91	19.825708061002178	33.350013732910156	2.310331479308154	-0.010132713243365288	0.04542643949389458	1.0712642360262001	1.006120960764193	0.0012310239651416122	0.006513933660130719	0.00903044	459		
friends	06	015	s03e08b		s03e	0.16079565240415417	132	28.820960698689955	30.855995178222656	2.2909033775498484	-0.011250507086515427	0.047111283987760544	1.0602226870021878	1.0135277159518603	0.0019358951965065504	0.00785943519650655	0.00436679	458		
friends	06	015	s03e09a		s03e	0.16780095378747822	147	29.938900203665987	32.425567626953125	2.2939599721858994	-0.014273721724748611	0.047738365828990936	1.0748205198163268	1.00970586432653	0.0010973523421588596	0.0069302962932790224	0.00562842	491		
friends	06	015	s03e09b		s03e	0.16700541775685274	143	29.065040650406505	31.124046325683594	2.319892920482109	-0.011445541866123676	0.04667225852608681	1.0611265897963336	1.0121675525254583	0.0009726422764227641	0.007897636077235773	0.0081397	492		
friends	06	015	s03e10a		s03e	0.15682446928110103	104	23.16258351893096	29.313291549682617	2.3415253045057995	-0.011327813379466534	0.04602990671992302	1.0172316011830351	0.9683264597991077	0.0004942316258351893	0.009851403541202673	0.00683466	449		
friends	06	015	s03e10b		s03e	0.1699376147388414	130	28.88888888888889	27.46707534790039	2.299901837069138	-0.010101975873112679	0.047495853155851364	1.0446752323830732	0.99080961610245	0.0010973333333333334	0.01096153	0.00925655	450		
friends	06	016	s03e11a		s03e	0.12229787434172124	37	8.096280087527353	34.7249870300293	2.2259106829226103	-0.013924740254878998	0.05577193573117256	1.0609027901315797	0.9972517843859651	0.000542691466083151	0.005822647833698031	0.00910302	457		
friends	06	016	s03e11b		s03e	0.13711339550038018	80	17.54385964912281	33.54791259765625	2.2474774306556125	-0.015088103711605072	0.05662935599684715	1.0613528169230775	0.9978797436043957	0.0007893859649122808	0.006646636513157895	0.00972703	456		
friends	06	016	s03e12a		s03e	0.1570850964669676	109	23.49137931034483	27.80915069580078	2.263734437365695	-0.01533976849168539	0.05730412155389786	0.9889855523326131	0.9501089518790492	0.00048181034482758624	0.011644039698275863	0.00702127	464		
friends	06	016	s03e12b		s03e	0.15025521463773372	93	20.086393088552917	28.642852783203125	2.25591011421652	-0.009899822063744068	0.05352674797177315	1.0414146590043305	0.9921854659956718	0.0015355507559395248	0.010573455572354212	0.00723447	463		
friends	06	016	s03e13a		s03e	0.18631286880145242	151	31.856540084388186	27.391881942749023	2.2692044983293203	-0.014588641934096813	0.05809300020337105	1.031654841479916	0.9771283390697684	0.0006956118143459916	0.011543343164556963	0.0119946	474		
friends	06	016	s03e13b		s03e	0.165827322931966	129	27.272727272727273	28.2287540435791	2.2490905466451294	-0.01243548933416605	0.05691375210881233	1.0428535413559328	0.9851168047245765	0.0007962367864693445	0.010392548139534883	0.0150448	473		
friends	06	018	s03e14a		s03e	0.14963540924646465	104	22.80701754385965	34.577659606933594	2.3286365088059706	-0.009213887155056	0.049362316727638245	1.051755375956044	0.9846746459780225	0.0004894298245614035	0.006385351885964913	0.00952902	456		
friends	06	018	s03e14b		s03e	0.17221230339600457	145	31.728665207877462	30.952098846435547	2.3473242756960246	-0.008154335431754589	0.04893168434500694	1.065935730416667	0.9982431006359643	0.0009223851203501094	0.008314380984682714	0.0084806	457		
friends	06	018	s03e15a		s03e	0.20071616483370236	185	40.481400437636765	27.791961669921875	2.3866002719825836	-0.007246157620102167	0.05006050691008568	1.0670760292763157	1.0228693533552617	0.003250437636761488	0.01083373216630197	0.0198757	457		
friends	06	018	s03e15b		s03e	0.19841731173748975	205	44.85776805251641	26.397615432739258	2.3743570722040386	-0.0077743553556501865	0.05168354511260986	1.00517401872807	0.9652423935526324	0.0010882275711159735	0.013106914857768054	0.00612336	457		
friends	06	019	s03e16a		s03e	0.16312604546259382	129	27.623126338329765	32.94803237915039	2.197568035046099	-0.014424909837543964	0.05145680904388428	1.0876019482618011	0.9992929458369094	0.000561220556745182	0.006937457922912205	0.00929903	467		
friends	06	019	s03e16b		s03e	0.16101056194093077	104	22.26980728051392	33.643856048583984	2.153724079435155	-0.017535937950015068	0.055660590529441833	1.1008929846351927	1.0113915765665247	0.0013239614561027838	0.006299741156316916	0.0100717	467		
friends	06	019	s03e17a		s03e	0.1553423877630849	108	23.841059602649008	31.993757247924805	2.1585484727096023	-0.01322901714593172	0.05374995246529579	1.0901650374778764	1.0026410633628327	0.0008306843267108168	0.007421669514348786	0.00456012	453		
friends	06	019	s03e17b		s03e	0.17237780221378507	147	32.52212389380531	28.897689819335938	2.219556724730546	-0.009326048195362091	0.05390989035367966	1.0276427253658544	0.9707109399778271	0.0006298008849557521	0.009897475331858406	0.00306138	452		
friends	06	019	s03e18a		s03e	0.18381767532888216	179	38.32976445396146	26.42181968688965	2.24292901664231	-0.009081189520657063	0.05467129126191139	1.027180729914163	0.9687547023390558	0.000740728051391863	0.012615965717344755	0.00607477	467		
friends	06	019	s03e18b		s03e	0.18092057088912153	187	39.957264957264954	31.8807430267334	2.2612562627774784	-0.009478061459958553	0.05604275315999985	1.1014435828907922	1.0313820477516058	0.0016726709401709402	0.007328396730769231	0.00623448	468		
friends	06	020	s03e19a		s03e	0.16132723131465662	143	30.620985010706637	32.39154052734375	2.3367293739251633	-0.00934288278222084	0.04648621007800102	1.0622042432403425	0.9797648718240334	0.00031334047109207714	0.007172825503211992	0.00555756	467		
friends	06	020	s03e19b		s03e	0.15202694224444005	109	23.340471092077088	32.21205139160156	2.313762864103386	-0.01647207885980606	0.049253199249506	1.0827181533905583	1.0028234468669537	0.0011035117773019272	0.0074655322055674515	0.00569243	467		
friends	06	020	s03e20a		s03e	0.16476616276477227	137	29.525862068965516	32.33839416503906	2.340375020242461	-0.015549580566585064	0.0501285195350647	1.0793371977537787	1.0013015604967603	0.0008093103448275861	0.007490014676724137	0.0091229	464		
friends	06	020	s03e20b		s03e	0.2187825847361829	195	42.025862068965516	29.15111541748047	2.3653018300640696	-0.01027604378759861	0.049270544201135635	1.1013569433477328	1.0068587741900645	0.0011516810344827588	0.009947076077586207	0.0148104	464		
friends	06	020	s03e21a		s03e	0.2104151767557993	192	41.73913043478261	29.503557205200195	2.3955156022326887	-0.011019147001206875	0.050382375717163086	1.0625572061873636	0.9897571478649244	0.0006795434782608696	0.009321979891304349	0.0137028	460		
friends	06	020	s03e21b		s03e	0.2116211713444836	194	42.17391304347826	26.725618362426758	2.4173589233308572	-0.0076880608685314655	0.05065058171749115	1.0295206858605666	0.9672081425708066	0.0006122173913043478	0.011825514173913044	0.011377	460		
friends	06	020	s03e22a		s03e	0.22283079958620203	202	43.628509719222464	29.352663040161133	2.367906495523073	-0.015366562642157078	0.0516105480492115	1.0947109073160177	1.0101653152164503	0.0011686393088552916	0.009320236047516198	0.0113175	463		
friends	06	020	s03e22b		s03e	0.2309815903249907	224	48.38012958963283	25.393291473388672	2.3567818050724845	-0.010996402241289616	0.04941772669553757	1.0462826314502167	0.983086479372294	0.0006566522678185745	0.013358793606911445	0.0121263	463		
friends	06	020	s03e23a		s03e	0.1670423880109521	141	30.0	28.64596939086914	2.2473677573085538	-0.010284312069416046	0.05050337314605713	1.0583295918336888	0.9830029035181231	0.0010441702127659577	0.010177579702127659	0.0114633	470		
friends	06	020	s03e23b		s03e	0.16011162256817446	125	26.595744680851062	31.234359741210938	2.2411376228455424	-0.01045745238661766	0.050360169261693954	1.0742715236034117	0.9956332317484006	0.0008042765957446808	0.007984117914893616	0.00842408	470		
friends	06	020	s03e24a		s03e	0.1490734937209556	105	23.12775330396476	29.34903907775879	2.2624262897015703	-0.009729873389005661	0.04805368557572365	1.0370644539072849	0.9710022813686526	0.00048700440528634363	0.009961514625550661	0.00605777	454		
friends	06	020	s03e24b		s03e	0.16599868512973837	125	27.53303964757709	28.800880432128906	2.2358300804317524	-0.009968984872102737	0.050943031907081604	1.0584595158719652	0.9870663252980135	0.0006284581497797357	0.010219211299559473	0.0107155	454		
friends	06	021	s03e25a		s03e	0.15784157371566004	121	25.313807531380753	27.872404098510742	2.265442723345215	-0.011427515186369419	0.05239666998386383	1.0224614010482191	0.9787303851153043	0.0014744979079497906	0.011598614435146443	0.00747059	478		
friends	06	021	s03e25b		s03e	0.15405093437011427	115	24.008350730688935	30.703508377075195	2.24971691687229	-0.015018830075860023	0.053320616483688354	1.0099485368200836	0.9672282185146448	0.0006044258872651357	0.008663290814196244	0.00760029	479		
friends	06	021	s04e01a		s04e	0.15934119692889928	112	23.98286937901499	28.859533309936523	2.2898628833083383	-0.012623878195881844	0.05280083045363426	1.0117846237553645	0.9688320659227472	0.0006339400428265526	0.010004743040685224	0.00839287	467		
friends	06	021	s04e01b		s04e	0.16062261772706068	123	26.28205128205128	29.13784408569336	2.2850230865779477	-0.009531937539577484	0.05274702236056328	1.0310141157173451	0.9790554544539621	0.0006058333333333333	0.009593503247863247	0.00728572	468		
friends	06	021	s04e02a		s04e	0.16422906278673316	120	25.210084033613445	30.9973201751709	2.310918160933482	-0.010909865610301495	0.05401958152651787	1.053927578189474	0.9999223118526318	0.0010197689075630253	0.0083409475	0.00729055	476		
friends	06	021	s04e02b		s04e	0.15430968379897367	122	25.630252100840337	29.389699935913086	2.320007599266901	-0.01024376880377531	0.05408622696995735	1.02425202848421	0.9736647304842106	0.0005193697478991598	0.010037797584033614	0.00960154	476		
friends	06	021	s04e03a		s04e	0.16431606556158038	117	26.35135135135135	29.667633056640625	2.198772260624973	-0.01102957408875227	0.054946888238191605	1.0307137594808138	0.9767576511060946	0.0006786711711711713	0.009464569301801801	0.00663157	444		
friends	06	021	s04e03b		s04e	0.1644258310393162	108	24.269662921348313	28.020328521728516	2.194712372397433	-0.009814979508519173	0.053625740110874176	1.0442111966666672	0.9916080588963959	0.0009068764044943819	0.010360213258426969	0.0100186	445		
friends	06	021	s04e04a		s04e	0.14890989698177187	103	22.73730684326711	28.71903419494629	2.1889500075835673	-0.016863737255334854	0.05706629157066345	1.044686139933628	0.9953688399557519	0.0012434437086092716	0.009836015805739515	0.00795852	453		
friends	06	021	s04e04b		s04e	0.19360203720050667	160	35.32008830022075	25.60527801513672	2.2168598799980677	-0.011362163349986076	0.05791346728801727	1.0300601603539827	0.9774561076769905	0.0009275275938189847	0.013739519116997792	0.0130389	453		
friends	06	022	s04e05a		s04e	0.17087510858770477	170	36.324786324786324	29.96767234802246	2.2455248733070348	-0.00867097731679678	0.04862968251109123	1.0145879282655257	0.9636592545396145	0.000327008547008547	0.008993704807692307	0.00641133	468		
friends	06	022	s04e05b		s04e	0.17997528102474902	154	32.765957446808514	31.24030303955078	2.246925085944663	-0.010360040701925755	0.04903097450733185	1.0602447787206821	0.9984584942004273	0.0007529361702127659	0.007969905893617022	0.00875942	470		
friends	06	023	s04e06a		s04e	0.1511954971051327	102	21.93548387096774	32.30421447753906	2.252822530114681	-0.014213822782039642	0.05679446831345558	1.043655074827587	0.98147829010776	0.0006801935483870966	0.007532886473118281	0.00864225	465		
friends	06	023	s04e06b		s04e	0.15369001222923756	106	22.844827586206897	29.829681396484375	2.233947926313895	-0.020458733662962914	0.06067026033997536	1.0602174516198717	1.0866963768466535	0.0015654094827586209	0.00892614390086207	0.00654861	464		
friends	06	023	s04e07a		s04e	0.16606114235579472	158	31.91919191919192	32.10072708129883	2.2611999328609116	-0.014037232846021652	0.05973106995224953	1.0694113664979752	1.0076444932186233	0.0013614343434343434	0.007327055838383839	0.0040517	495		
friends	06	023	s04e07b		s04e	0.15061294747261025	102	20.56451612903226	33.01365661621094	2.2554948055247523	-0.013506320305168629	0.05975714698433876	1.0671008759393954	1.01145594860606	0.000660866935483871	0.006754507802419355	0.00659311	496		
friends	06	023	s04e08a		s04e	0.1510637395989202	103	20.55888223552894	30.54215431213379	2.2829097790242376	-0.01412087120115757	0.05991645157337189	1.0323735800399998	0.98453617464	0.0005126147704590818	0.008818564910179641	0.00517062	501		
friends	06	023	s04e08b		s04e	0.17340527380051773	138	27.49003984063745	27.51351547241211	2.284842430622793	-0.011912533082067966	0.05965488404035568	1.0321322838722562	0.9870318890818357	0.0010377290836653386	0.011130998207171314	0.00546842	502		
friends	06	023	s04e09a		s04e	0.14775238583370923	86	19.501133786848072	30.612668991088867	2.2470408571763474	-0.015895141288638115	0.06014823913574219	1.0664837187954546	1.0085585431136352	0.0015843083900226756	0.008991556621315193	0.00715986	441		
friends	06	023	s04e09b		s04e	0.17908078067308902	115	26.136363636363637	26.74980926513672	2.264764736133627	-0.014172796159982681	0.061339158564805984	1.0698765448291567	1.007210534965831	0.002126931818181818	0.012602817045454545	0.0110048	440		
friends	06	023	s04e10a		s04e	0.17289966447480185	136	30.289532293986635	28.64583969116211	2.256710468469688	-0.015683121979236603	0.05624856799840927	1.0595711826785708	0.9991382586830359	0.001407683741648107	0.010010028106904233	0.00610165	449		
friends	06	023	s04e10b		s04e	0.19958329096522856	165	36.830357142857146	27.999650955200195	2.256469895752394	-0.01701095700263977	0.054087378084659576	1.0563661373154356	0.9908270700447429	0.0009692633928571429	0.010837668236607144	0.00908482	448		
friends	06	023	s04e11a		s04e	0.16181287241212905	140	29.04564315352697	29.91478729248047	2.283610307451146	-0.011069178581237793	0.05205456539988518	1.0539421150311847	0.991678317983367	0.0006915560165975104	0.009378938195020748	0.0074572	482		
friends	06	023	s04e11b		s04e	0.1770181573419731	150	31.055900621118013	28.6132869720459	2.2630624997542905	-0.010666335001587868	0.052791837602853775	1.0559896220331957	0.9956756970331949	0.0009590062111801243	0.010254462587991717	0.00827146	483		
friends	06	024	s04e12a		s04e	0.16255721899204817	150	32.18884120171674	33.079872131347656	2.272752906489141	-0.009471784345805645	0.04521370306611061	1.0583802339354835	1.0052039686666665	0.0007478111587982831	0.006461900472103006	0.00465224	466		
friends	06	024	s04e12b		s04e	0.1613802213134049	132	28.326180257510728	30.51042366027832	2.27573568949813	-0.009754112921655178	0.044660404324531555	1.0436469372258064	0.9852094455268812	0.0007184334763948499	0.008569126480686695	0.00714668	466		
friends	06	024	s04e13a		s04e	0.17038011306024742	144	32.214765100671144	30.83957290649414	2.2888921364436983	-0.011567394249141216	0.04626990854740143	1.0752262387443947	1.018652714080717	0.001995324384787472	0.008214213758389263	0.00612257	447		
friends	06	024	s04e13b		s04e	0.15432842953203874	109	24.384787472035793	30.7114200592041	2.308482053946062	-0.012172802351415157	0.04616628214716911	1.045884821210763	0.9876802150672647	0.0008613646532438479	0.008286699239373602	0.00724474	447		
friends	06	024	s04e14a		s04e	0.1787636751535943	147	32.88590604026846	28.76262664794922	2.3297347793424534	-0.009507161565124989	0.04442264512181282	1.0267191155829598	0.9714565043721971	0.0007177181208053693	0.010144524451901565	0.00698337	447		
friends	06	024	s04e14b		s04e	0.18320292840656646	145	32.511210762331835	29.26259994506836	2.331622279748274	-0.011229341849684715	0.047776494175195694	1.095904375393258	1.029092315910113	0.0023771300448430493	0.009865779215246638	0.00815251	446		
friends	06	024	s04e15a		s04e	0.18053188282621263	185	41.760722347629795	31.48523712158203	2.323193890031278	-0.009070578962564468	0.04816620424389839	1.069803829841629	0.9938412235294118	0.0007760270880361173	0.007879856433408577	0.00548057	443		
friends	06	024	s04e15b		s04e	0.17610996240730176	160	36.199095022624434	28.295818328857422	2.313015121139134	-0.009848278015851974	0.04935026913881302	1.020833048594104	0.9678373012471655	0.0005456561085972852	0.010867378122171945	0.00471677	442		
friends	06	024	s04e16a		s04e	0.18790054387428268	182	37.37166324435318	28.754432678222656	2.3248469698340495	-0.008871409110724926	0.048834748566150665	1.0320368354115232	0.9755446705761305	0.0006337166324435319	0.01024768975359343	0.0044071	487		
friends	06	024	s04e16b		s04e	0.21808364066777816	212	43.53182751540041	26.98345947265625	2.3462605651741035	-0.00905732810497284	0.049257244914770126	1.0431667193415641	0.9789698008230465	0.0006126488706365503	0.01204116427104723	0.00799254	487		
friends	06	025	s04e17a		s04e	0.14074856548017567	96	20.12578616352201	35.47186279296875	2.1790281924655477	-0.016789762303233147	0.055685412138700485	1.0748320340966386	0.9958426474159651	0.00040488469601677145	0.0053467680083857435	0.0105448	477		
friends	06	025	s04e17b		s04e	0.14212598345855887	78	16.317991631799163	34.48284149169922	2.2219060561284043	-0.010124082677066326	0.053178880363702774	1.0842882424109013	1.008035312683439	0.0008048953974895398	0.00568618920502092	0.00574256	478		
friends	06	025	s04e18a		s04e	0.15875665871550504	109	24.22222222222222	29.21123695373535	2.277411063741496	-0.008683389984071255	0.053789298981428146	1.0550892032962138	0.9931225989977724	0.0010977777777777778	0.009370001488888889	0.00526705	450		
friends	06	025	s04e18b		s04e	0.17792080503380406	129	28.73051224944321	28.157100677490234	2.287174350140306	-0.009914697147905827	0.05490252375602722	1.029339344375	0.9710144376116066	0.0007831848552338531	0.01069803240534521	0.00663922	449		
friends	06	025	s04e19a		s04e	0.1625522409362477	120	27.586206896551722	30.69293975830078	2.28152240526227	-0.00864841416478157	0.052937328815460205	1.0617630738479265	1.0029953649999996	0.0011408045977011497	0.00807043983908046	0.00687612	435		
friends	06	025	s04e19b		s04e	0.17077511488786526	130	29.748283752860413	28.961702346801758	2.3010885916134125	-0.00783208105713129	0.05307212844491005	1.0516839228899084	0.9887093349541279	0.0007462700228832952	0.009380551006864989	0.00827176	437		
friends	06	026	s04e20a		s04e	0.17306394971127642	156	35.214446952595935	31.084304809570312	2.2617656567001	-0.00943905208259821	0.05205598473548889	1.0625911123755651	0.9888781954751131	0.0007995936794582394	0.008197025237020315	0.00867244	443		
friends	06	026	s04e20b		s04e	0.186723210292035	175	39.237668161434975	29.468360900878906	2.2686169871758706	-0.009460021741688251	0.051477156579494476	1.0324651758876402	0.9724502678876401	0.0005290134529147983	0.009167479461883407	0.00572276	446		
friends	06	026	s04e21a		s04e	0.18606387496656523	173	38.702460850111855	31.705942153930664	2.2712237776853934	-0.007427313830703497	0.05136892572045326	1.0662246019282504	1.0008945786547092	0.0017006935123042508	0.007224657539149889	0.0065933	447		
friends	06	026	s04e21b		s04e	0.16238209140636128	126	28.187919463087248	32.36103057861328	2.2887207121419424	-0.00959051214158535	0.05135243758559227	1.0726384648654712	1.0030861663452924	0.0010081431767337808	0.007091797024608501	0.00596842	447		
friends	06	026	s04e22a		s04e	0.19419144266597974	184	40.17467248908297	28.228708267211914	2.3105903880899388	-0.007222029846161604	0.05224145948886871	1.059899144682714	0.9930022114879642	0.00111353711790393	0.01030112772925764	0.00912037	458		
friends	06	026	s04e22b		s04e	0.21809677438994862	187	40.8296943231441	27.916770935058594	2.3144647704389336	-0.0077896504662930965	0.05297830328345299	1.046079080371991	0.9906373813347916	0.001309606986899563	0.011008733777292576	0.00784348	458		
friends	06	027	s04e23a		s04e	0.19427211688719656	235	46.62698412698413	29.603965759277344	2.177896708802983	-0.007437361869961023	0.046351365745067596	1.0722409093836989	0.9972164824850894	0.0017449007936507937	0.009073659384920637	0.0100413	504		
friends	06	027	s04e23b		s04e	0.16709518043325725	150	29.8804780876494	33.207420349121094	2.185929011134838	-0.011699804104864597	0.047518134117126465	1.0841031034530944	0.9941779297005989	0.00048494023904382467	0.00675627719123506	0.00716825	502		
friends	06	027	s04e23c		s04e	0.1946815986477585	213	42.26190476190476	28.403217315673828	2.1910808942839535	-0.014051467180252075	0.050382524728775024	1.0721525486282308	0.9948138167992047	0.0013820634920634922	0.00969846523809524	0.00737652	504		
friends	06	027	s04e23d		s04e	0.23131578047804568	236	46.91848906560636	26.416959762573242	2.211190196107925	-0.01505375001579523	0.04999197646975517	1.0515461657370506	0.9822607164741042	0.00180610337972167	0.011853615467196819	0.0121466	503		
friends	06	028	s05e01a		s05e	0.19480077682876912	202	46.224256292906176	28.20629119873047	2.258218396086685	-0.007591064553707838	0.04577716067433357	1.0394365143348632	0.9949409756422023	0.001662700228832952	0.010594933821510298	0.00675579	437		
friends	06	028	s05e01b		s05e	0.2006511227739844	236	49.89429175475687	27.891803741455078	2.2854262518427184	-0.008823267184197903	0.04557327926158905	1.0516450820762715	1.0004635067372878	0.0013378224101479915	0.010537552706131078	0.00724028	473		
friends	06	028	s05e02a		s05e	0.22121235641404274	259	52.323232323232325	26.19316291809082	2.317664757685105	-0.00879000686109066	0.04603971913456917	1.0275787650000003	0.9781117868016191	0.0006933737373737373	0.012539160040404038	0.00471402	495		
friends	06	028	s05e02b		s05e	0.23171300403865108	283	53.29566854990584	29.14984893798828	2.3368457204455426	-0.00951986014842987	0.04504337161779404	1.0891397174716992	1.010312177283019	0.0016546139359698683	0.009752088719397364	0.00986167	531		
friends	06	028	s05e03a		s05e	0.19744143408439602	176	39.729119638826184	27.741924285888672	2.344657735078018	-0.0079182805493474	0.04567134007811546	1.0392918873981913	0.9780528238914024	0.0009040180586907448	0.011670517133182843	0.00598863	443		
friends	06	028	s05e03b		s05e	0.21003215387332336	226	47.780126849894295	27.526546478271484	2.3602168222977764	-0.0064319041557610035	0.04628247395157814	1.0112810546398305	0.958543096355932	0.0005315433403805496	0.012358339915433402	0.00505069	473		
friends	06	029	s05e04a		s05e	0.132129134914589	62	12.783505154639176	37.05583953857422	2.3003295743164047	-0.007178592029958963	0.04234325885772705	1.0979982026239676	1.0085907825826455	0.0005616082474226803	0.00475425781443299	0.014948	485		
friends	06	029	s05e04b		s05e	0.13845630046078353	75	14.340344168260039	31.788631439208984	2.3028866766090754	-0.007112746126949787	0.04294108599424362	1.0659662723563212	0.9934666424904208	0.0007668260038240918	0.007781490573613767	0.00568168	523		
friends	06	029	s05e05a		s05e	0.15385120663613241	108	22.22222222222222	29.707120895385742	2.309062791964107	-0.007889394648373127	0.04302382841706276	1.044951332989691	0.975295794164949	0.0005753909465020576	0.010011587366255143	0.00615025	486		
friends	06	029	s05e05b		s05e	0.1523007761595229	99	19.001919385796544	30.828754425048828	2.3247683152151364	-0.007431407459080219	0.04411190003156662	1.0824793655000007	1.002647157730769	0.0014798080614203456	0.008476587946257197	0.011447	521		
friends	06	030	s05e06a		s05e	0.15245285468302897	124	27.19298245614035	34.35050964355469	2.27361517457374	-0.007604018785059452	0.04095706343650818	1.0745539291208785	0.9916810946593412	0.0005562061403508771	0.006401527017543859	0.00361612	456		
friends	06	030	s05e06b		s05e	0.1556745118339599	151	30.75356415478615	32.02370834350586	2.2725561381712405	-0.00817981455475092	0.041498877108097076	1.0423297465306118	0.9738475923877548	0.0003919755600814664	0.007847428981670061	0.00357103	491		
friends	06	030	s05e07a		s05e	0.1331208144107908	54	11.790393013100436	36.402103424072266	2.2601934310638065	-0.015160326845943928	0.04264087975025177	1.0851143635667397	0.9997322098468278	0.000369235807860262	0.005126103340611354	0.00462364	458		
friends	06	030	s05e07b		s05e	0.13877111065126238	85	17.311608961303463	34.73307418823242	2.3119013967435533	-0.0088082579895854	0.0422714538872242	1.092149816734694	2.8846619852040813	0.0015517922606924648	0.006547864684317719	0.00511114	491		
friends	06	030	s05e08a		s05e	0.16980250560702373	170	38.37471783295711	32.19775390625	2.288793896193791	-0.013315827585756779	0.045090753585100174	1.0299625255203622	0.962645306244344	0.00020494356659142216	0.007925635936794583	0.00271256	443		
friends	06	030	s05e08b		s05e	0.16056762697021484	129	26.98744769874477	33.63770294189453	2.291061880259958	-0.014643772505223751	0.04421795904636383	1.0910892056184487	1.0127349881760999	0.0010468200836820083	0.00660196230125523	0.00491458	478		
friends	06	031	s05e09a		s05e	0.17016747865311643	182	40.08810572687225	34.694580078125	2.2300609779697225	-0.012260504066944122	0.04355381801724434	1.0786367891390731	0.996268427152318	0.0003591409691629956	0.005561250969162995	0.00580138	454		
friends	06	031	s05e09b		s05e	0.16376450335765622	176	36.0655737704918	33.722469329833984	2.2566163900322227	-0.00845357682555914	0.04089553654193878	1.0487536582340866	0.9761195609856269	0.0002826229508196721	0.0065459074590163945	0.00323954	488		
friends	06	031	s05e10a		s05e	0.1589717664534437	156	34.74387527839644	32.39478302001953	2.2562271052642418	-0.006682153325527906	0.04275107756257057	1.060101391138393	0.9928822893303563	0.0008490645879732741	0.0069857882850779505	0.00283784	449		
friends	06	031	s05e10b		s05e	0.15727191305353053	141	29.25311203319502	31.314510345458984	2.2584133997242373	-0.0066223773173987865	0.04098816215991974	1.0652405227650734	0.9912849199999996	0.0006810165975103734	0.008428160497925313	0.00451217	482		
friends	06	032	s05e11a		s05e	0.17565090201064232	188	39.578947368421055	30.09502410888672	2.173418955207299	-0.007280937395989895	0.041793204843997955	1.0345454143459918	0.9745588294092825	0.0008280842105263158	0.008810205621052631	0.00711948	475		
friends	06	032	s05e11b		s05e	0.18073601080752175	192	37.721021611001966	30.278881072998047	2.1668116142025173	-0.008391682989895344	0.04371760040521622	1.0437756515354342	0.9763998295866139	0.0012217681728880158	0.008476600176817287	0.0103107	509		
friends	06	033	s05e12a		s05e	0.17876471668761965	186	41.98645598194131	28.667491912841797	2.2919127697162853	-0.006685340777039528	0.041832778602838516	1.0272157660633479	0.9625845592533943	0.0005348758465011286	0.01039698216704289	0.00601547	443		
friends	06	033	s05e12b		s05e	0.16736625874419847	155	32.35908141962422	31.247188568115234	2.3123603747325157	-0.007399023976176977	0.038465533405542374	1.0543772891841012	0.980959329330544	0.00042634655532359085	0.00803862037578288	0.0096369	479		
friends	06	033	s05e13a		s05e	0.1597731755222257	116	25.217391304347824	32.45977783203125	2.3048172513906424	-0.007143055554479361	0.03893489018082619	1.087322869084967	1.0075248155773426	0.0010520652173913044	0.006935029282608696	0.00704915	460		
friends	06	033	s05e13b		s05e	0.16309695580257763	136	27.586206896551722	31.569236755371094	2.3171718560274117	-0.009655216708779335	0.040201444178819656	1.062385703272358	0.9898969235365852	0.0006636308316430021	0.0079916169168357	0.00974004	493		
friends	06	033	s05e14a		s05e	0.16284202516109922	125	25.77319587628866	31.178258895874023	2.3371922915100494	-0.007858764380216599	0.0395851731300354	1.0826147161570245	1.0082841010950414	0.001475443298969072	0.008102039670103093	0.00759702	485		
friends	06	033	s05e14b		s05e	0.1906471109543093	166	31.923076923076923	27.427448272705078	2.34210688832739	-0.006969282869249582	0.03985479846596718	1.0801774379190754	1.003602647822736	0.0015999423076923076	0.01200206625	0.00966564	520		
friends	06	034	s05e15a		s05e	0.17805660520362787	151	34.16289592760181	29.525634765625	2.2810439325379925	-0.010594557970762253	0.04492427781224251	1.0663915005442184	1.0251186367120178	0.0014340271493212668	0.008934242081447963	0.00576171	442		
friends	06	034	s05e15b		s05e	0.16406271157713873	125	26.26050420168067	30.779518127441406	2.2847884761718937	-0.011087079532444477	0.04430530220270157	1.0396251105894738	0.976083139726315	0.0004755882352941176	0.008624328655462185	0.00680764	476		
friends	06	035	s05e16a		s05e	0.12989128740888292	48	9.937888198757763	35.91901397705078	2.2372972082806726	-0.008978049270808697	0.044164203107357025	1.060677172925311	0.9918242192323646	0.00041770186335403733	0.005115726004140787	0.0126644	483		
friends	06	035	s05e16b		s05e	0.1363512069927567	76	14.700193423597678	33.07895278930664	2.2519624970819443	-0.00850355438888073	0.0439508892595768	1.0365566321124033	0.9770637639147287	0.00036009671179883945	0.0069628581624758224	0.00457135	517		
friends	06	035	s05e17a		s05e	0.12887241857228124	43	9.555555555555555	35.78118896484375	2.262904326569459	-0.00861798133701086	0.04196349158883095	1.0724863609354123	1.0030816520712702	0.0005610888888888889	0.005407505599999999	0.00461969	450		
friends	06	035	s05e17b		s05e	0.14066863100953914	81	16.701030927835053	29.147750854492188	2.2598664267036157	-0.010484336875379086	0.04442555457353592	1.0308493933264458	0.9746655038636369	0.0008458350515463916	0.010534328618556701	0.00709198	485		
friends	06	036	s05e18a		s05e	0.16581385468546658	162	32.4	29.03710174560547	2.211362418851587	-0.006000631023198366	0.046726860105991364	1.0347243315631254	0.9808668338476942	0.0010631599999999998	0.009445633919999998	0.00430587	500		
friends	06	036	s05e18b		s05e	0.15970436844448907	154	28.83895131086142	29.674686431884766	2.192743598446821	-0.012960336171090603	0.04639745131134987	1.033512677223265	0.9786115934521573	0.0007277528089887641	0.0092409447752809	0.00395767	534		
friends	06	037	s05e19a		s05e	0.15895662041074096	134	30.1123595505618	33.479209899902344	2.24279926191126	-0.00973553117364645	0.04344000667333603	1.0481048090765774	0.9866815644594596	0.00041921348314606746	0.0064734291910112365	0.0114009	445		
friends	06	037	s05e19b		s05e	0.16899665604649455	160	33.542976939203356	29.35399627685547	2.2497179113986916	-0.010025027208030224	0.04399045556783676	1.0164709015126054	0.9722900528361343	0.000608616352201258	0.009507785136268343	0.00239701	477		
friends	06	037	s05e20a		s05e	0.16012728386693292	144	31.64835164835165	29.559650421142578	2.256938445254721	-0.008829195983707905	0.04247051104903221	1.027686518436124	0.974594292180617	0.0008424395604395603	0.009301365296703296	0.0029611	455		
friends	06	037	s05e20b		s05e	0.16801465013905859	148	30.390143737166323	26.33783531188965	2.232800424746361	-0.011319429613649845	0.045991912484169006	1.0221018878600825	0.9678398454938272	0.0007137577002053389	0.012418160143737167	0.00407524	487		
friends	06	038	s05e21a		s05e	0.1462285719911739	93	21.184510250569478	29.250919342041016	2.175089033218274	-0.011492964811623096	0.04321189969778061	1.0119172110045662	0.9547680609132424	0.0007380637813211846	0.009980982300683372	0.00249361	439		
friends	06	038	s05e21b		s05e	0.12646618594979833	31	6.526315789473684	34.780738830566406	2.2015430068197777	-0.009168573655188084	0.0394144207239151	1.0757960612025312	1.0051973556118141	0.0005873473684210527	0.005865336378947369	0.00405747	475		
friends	06	038	s05e22a		s05e	0.11467264908859262	21	4.6875	35.79144287109375	2.219520142054074	-0.01022817101329565	0.040524862706661224	1.0749552021476512	1.0050710506935132	0.0007102678571428572	0.005486006383928571	0.00420909	448		
friends	06	038	s05e22b		s05e	0.12840750665330197	49	10.144927536231885	33.16645812988281	2.186667642239084	-0.015889255329966545	0.04374944046139717	1.0525223370746883	0.9828148265975101	0.0003572256728778468	0.006930553457556936	0.00352541	483		
friends	06	039	s05e23a		s05e	0.12212718945428215	18	3.991130820399113	33.88558578491211	2.1549854363774155	-0.009469941258430481	0.04662242904305458	1.0615813841333346	0.981179313133333	0.0003740133037694013	0.006294775787139689	0.00453551	451		
friends	06	039	s05e23b		s05e	0.11414848220911472	13	2.8446389496717726	35.16098403930664	2.154053620647795	-0.011698626913130283	0.04651232808828354	1.0932677181140356	1.0152617992763155	0.0014941575492341352	0.005971072013129103	0.00505589	457		
friends	06	039	s05e23c		s05e	0.13450954935055384	41	8.971553610503282	29.89346694946289	2.1673158503342553	-0.010989694856107235	0.04759994521737099	1.0319473037719298	0.9675397650438596	0.0008782932166301969	0.01020564452954048	0.00676003	457		
friends	06	039	s05e23d		s05e	0.14117150058352135	78	16.049382716049383	28.14731788635254	2.1560486118854305	-0.008666842244565487	0.047988928854465485	1.038258963134021	0.9881094668041233	0.0013037654320987655	0.010120874156378601	0.0039056	486		
friends	06	040	s02e04a		s02e	0.15193173247431413	93	20.52980132450331	34.852508544921875	2.3144836961601256	-0.009716883301734924	0.04267670959234238	1.0972171071902652	1.063048418738937	0.0005611037527593819	0.006129632052980133	0.0117625	453		
friends	06	041	s02e04b		s02e	0.16196107877010962	143	31.567328918322296	34.35474395751953	2.224803495493955	-0.010389977134764194	0.041151173412799835	1.111263258429204	1.0180357665929205	0.0009688741721854304	0.005801646114790287	0.00362632	453		
friends	06	042	s06e01a		s06e	0.15409420245787803	128	27.645788336933045	34.56532669067383	2.230031496866028	-0.007385034114122391	0.04305357113480568	1.0720768789177482	0.9860077044588754	0.00039369330453563713	0.005985339784017279	0.00694134	463		
friends	06	042	s06e01b		s06e	0.15226312234158232	137	27.56539235412475	35.633914947509766	2.2406687696048437	-0.009264103136956692	0.043109867721796036	1.088803981935484	1.0006152179838703	0.0005002414486921529	0.0054315293561368215	0.00617654	497		
friends	06	042	s06e02a		s06e	0.15179800330865384	111	24.557522123893804	35.926605224609375	2.2472579360631015	-0.008624927140772343	0.042810533195734024	1.0743993520620856	0.9903056499334811	0.00044181415929203535	0.005424473384955752	0.00425555	452		
friends	06	042	s06e02b		s06e	0.1612496583354368	139	28.60082304526749	32.037662506103516	2.238596607973844	-0.007581105921417475	0.04323964938521385	1.1162481760206187	1.0324408402680414	0.0021650617283950615	0.007353657983539095	0.00587106	486		
friends	06	043	s06e03a		s06e	0.16875905931348117	128	29.357798165137616	33.07972717285156	2.101256608575509	-0.009730322286486626	0.045004237443208694	1.0895440563678154	0.9820092108965512	0.00032144495412844037	0.006328118096330276	0.0248485	436		
friends	06	043	s06e03b		s06e	0.16167242365161633	135	28.662420382165607	33.60727310180664	2.1199761418954535	-0.009477626532316208	0.04400448501110077	1.1066793306808518	0.9976746528297873	0.0004651380042462845	0.005930411656050956	0.00751024	471		
friends	06	043	s06e04a		s06e	0.16196980307382433	114	26.08695652173913	34.2724723815918	2.154937125118767	-0.010083082132041454	0.044489786028862	1.092301721582569	0.9846511799082569	0.0003737299771167049	0.006334333981693363	0.00453249	437		
friends	06	043	s06e04b		s06e	0.17036629178045276	153	32.346723044397464	29.29001235961914	2.1225037546347334	-0.010755050927400589	0.04594798386096954	1.0885857212076275	0.9952185078389837	0.0008645454545454544	0.00889808689217759	0.0108596	473		
friends	06	044	s06e05a		s06e	0.14968481452290403	100	22.172949002217294	33.00384521484375	2.238963746570729	-0.013369003310799599	0.040069580078125	1.0619888103111106	0.9811115669999995	0.00036720620842572066	0.007232962971175166	0.00555622	451		
friends	06	044	s06e05b		s06e	0.13484398517449436	57	11.75257731958763	36.391395568847656	2.259415911112322	-0.008868626318871975	0.0393269844353199	1.1074460824586785	1.0091753503925618	0.0007829896907216495	0.005615243195876289	0.00512131	485		
friends	06	044	s06e06a		s06e	0.14730621310690528	99	22.448979591836736	35.58123016357422	2.257957681346565	-0.008167345076799393	0.03922120854258537	1.0861820758863632	0.9936152445227278	0.00038068027210884354	0.0056746382539682545	0.0033298	441		
friends	06	044	s06e06b		s06e	0.13448720792646401	67	14.16490486257928	35.640907287597656	2.2634099971523325	-0.006260446738451719	0.0377068854868412	1.1102813448516933	1.0096356491525431	0.0006252431289640592	0.005592576723044396	0.00562817	473		
friends	06	045	s06e07a		s06e	0.17483593613887213	173	39.14027149321267	34.77136993408203	2.1860565449654	-0.007961946539580822	0.042053911834955215	1.0849450662358286	0.9962555818594113	0.0005619230769230768	0.005787725837104072	0.00649751	442		
friends	06	045	s06e07b		s06e	0.17481558265477173	194	40.670859538784065	34.55028533935547	2.1727793242480224	-0.008401826024055481	0.04315803200006485	1.0861239336974788	1.0006517821638656	0.0006137735849056603	0.005897415870020965	0.00480021	477		
friends	06	045	s06e08a		s06e	0.19036104036825852	193	44.26605504587156	32.664424896240234	2.224738500046632	-0.007553557399660349	0.04395433887839317	1.081956194229885	0.9967889700459766	0.0007249311926605503	0.007399403096330275	0.00888631	436		
friends	06	045	s06e08b		s06e	0.21965795606902994	241	51.276595744680854	28.24657440185547	2.2196391474290946	-0.004529993049800396	0.04464083909988403	1.0660243794669504	0.9946340060980811	0.0009692765957446807	0.01013706485106383	0.00539878	470		
friends	06	046	s06e09a		s06e	0.1638541084567498	157	31.21272365805169	32.29521179199219	2.1212759984154284	-0.008709934540092945	0.045683346688747406	1.093603191513944	0.9813618003386452	0.0003715904572564612	0.007264236819085487	0.011624	503		
friends	06	046	s06e09b		s06e	0.16028887342319356	131	24.62406015037594	30.301977157592773	2.127464461952393	-0.00909082219004631	0.04525463283061981	1.0729882058003775	0.9682218254237296	0.00043699248120300754	0.009199106334586465	0.0101411	532		
friends	06	046	s06e10a		s06e	0.1687214134517953	135	29.094827586206897	30.976318359375	2.138472943309057	-0.009882630780339241	0.04588830843567848	1.1200284375593959	1.0016289997840166	0.0014018103448275863	0.007992692844827586	0.0103672	464		
friends	06	046	s06e10b		s06e	0.17241717673512347	144	28.91566265060241	33.103004455566406	2.143458670572871	-0.010243134573101997	0.0465351939201355	1.1410277096177062	1.021747232857143	0.0014418273092369478	0.00678462921686747	0.00774743	498		
friends	06	047	s06e11a		s06e	0.17190399838964404	151	33.55555555555556	34.727630615234375	2.2382559664545196	-0.009212199598550797	0.04302147403359413	1.1220969577505564	1.012212466547884	0.000846	0.0058891117555555554	0.013675	450		
friends	06	047	s06e11b		s06e	0.16776477825519454	164	34.024896265560166	34.06655502319336	2.266327503786174	-0.010216943919658661	0.04478149861097336	1.0924547168607066	0.9942837856340963	0.0004273029045643154	0.006206858921161826	0.0119924	482		
friends	06	047	s06e12a		s06e	0.1713910063985949	124	28.571428571428573	31.593799591064453	2.2996418627230506	-0.008755614049732685	0.04463888332247734	1.1344011890069285	1.0372337793533497	0.00244573732718894	0.008184144700460829	0.0102369	434		
friends	06	047	s06e12b		s06e	0.19812771440445462	187	39.787234042553195	26.110824584960938	2.307085324051054	-0.0068766046315431595	0.046045586466789246	1.052776038294242	0.9740788681449897	0.0005833191489361703	0.013291546468085107	0.0130317	470		
friends	06	048	s06e13a		s06e	0.12280475667042573	28	5.982905982905983	36.40796661376953	2.1640796984538055	-0.010599886067211628	0.04154300317168236	1.0984723149892919	0.9997028703426125	0.0006379700854700855	0.005580204145299146	0.0157117	468		
friends	06	048	s06e13b		s06e	0.1278239887979195	39	7.768924302788845	35.2715950012207	2.1750230030745077	-0.008112424984574318	0.039916131645441055	1.0812296901197604	0.9974584272854295	0.00043507968127490037	0.005594745956175299	0.00583095	502		
friends	06	048	s06e14a		s06e	0.1233076531216995	49	10.652173913043478	35.8165168762207	2.174001106850391	-0.008334644138813019	0.040710531175136566	1.1110995202832257	1.0135897486492373	0.001078326086956522	0.005538621217391304	0.00937947	460		
friends	06	048	s06e14b		s06e	0.13513130538433174	72	14.574898785425102	30.691396713256836	2.1754975978387474	-0.006865065079182386	0.04229697957634926	1.1026168267139957	1.019563249371197	0.0019773076923076923	0.008921663805668016	0.0109303	494		
friends	06	049	s06e15a		s06e	0.13598689041596532	65	14.285714285714286	35.50324630737305	2.257706343072938	-0.010929436422884464	0.045276738703250885	1.0636930129735687	0.994863147114537	0.00024182417582417582	0.005221992417582417	0.0102891	455		
friends	06	049	s06e15b		s06e	0.13238260029337787	52	11.353711790393014	36.46752166748047	2.2560280571755476	-0.010630857199430466	0.04613463208079338	1.0675396021006565	1.00020550450766	0.0003218995633187773	0.005006476026200874	0.00438432	458		
friends	06	049	s06e15c		s06e	0.14392831857768004	100	21.83406113537118	34.184024810791016	2.2634417445818396	-0.009251175448298454	0.04660968855023384	1.0737614095623624	1.0042097019474832	0.0005106550218340612	0.005845892707423582	0.00617843	458		
friends	06	049	s06e15d		s06e	0.15214369103374323	119	24.435318275154003	31.84702491760254	2.270579916148211	-0.010148300789296627	0.04512892663478851	1.0627437867901228	0.9969110635390945	0.0006558110882956879	0.007240774004106777	0.00435129	487		
friends	06	049	s06e17a		s06e	0.15103493973157997	90	21.12676056338028	30.469097137451172	2.273834486596997	-0.009507975541055202	0.04493078216910362	1.0394048983764705	0.9831363122588238	0.000725492957746479	0.008421262042253522	0.00621805	426		
friends	06	049	s06e17b		s06e	0.1632707884589133	125	27.114967462039047	30.457191467285156	2.259396076698302	-0.008475041948258877	0.047993943095207214	1.0684130360217392	1.0064989872826091	0.0009603253796095444	0.008339364620390456	0.00767487	461		
friends	06	050	s06e18a		s06e	0.1413492113067993	74	17.090069284064665	36.649818420410156	2.272384046906434	-0.009294231422245502	0.04106143116950989	1.0743676260879638	0.9999141551851857	0.00042147806004618935	0.004922676397228638	0.00581348	433		
friends	06	050	s06e18b		s06e	0.1402083445673609	82	17.521367521367523	33.86396789550781	2.2556637308044225	-0.009416315704584122	0.04295938089489937	1.0478271982012852	0.9840430508351179	0.0003264743589743589	0.006562416517094017	0.0030691	468		
friends	06	051	s06e19a		s06e	0.17006440147765428	125	28.868360277136258	34.65594482421875	2.2802954561988265	-0.007540286984294653	0.04405176639556885	1.086496724120371	1.0070755267824072	0.0008511085450346419	0.005886870392609699	0.0214465	433		
friends	06	051	s06e19b		s06e	0.15582869855863896	116	24.892703862660944	35.68629455566406	2.289388170551238	-0.008581198751926422	0.04597550258040428	1.0811622042795694	1.0040242590107524	0.0005350429184549357	0.005314429012875536	0.00819846	466		
friends	06	051	s06e20a		s06e	0.1458193402446014	79	18.372093023255815	34.162376403808594	2.287963866430952	-0.009913190267980099	0.044918760657310486	1.0746529305361305	0.9932326046620045	0.0004136046511627907	0.006192168604651163	0.00741188	430		
friends	06	051	s06e20b		s06e	0.15691347074378323	118	25.541125541125542	36.12037658691406	2.2846553095824316	-0.009993800893425941	0.04679577052593231	1.1051708593709315	1.015519441366594	0.0010409307359307359	0.005306896991341992	0.0138771	462		
friends	06	051	s06e21a		s06e	0.17085822796578534	153	33.26086956521739	32.82762145996094	2.2765860289978783	-0.011539692059159279	0.046403661370277405	1.0925041677342047	1.037939010588235	0.0012504347826086957	0.006899538630434783	0.00804527	460		
friends	06	052	s06e21b		s06e	0.1746042658588173	165	33.46855983772819	28.381729125976562	2.2813348961905824	-0.008976693265140057	0.04407832771539688	1.0591110108739847	0.993700301829268	0.000717079107505071	0.009517045740365111	0.0131781	493		
friends	06	052	s06e22a		s06e	0.17464790950494802	145	32.150776053215075	29.210886001586914	2.3049184630746966	-0.010887212119996548	0.04483681172132492	1.077071603622222	0.9946777879777781	0.0005962305986696231	0.009108108337028825	0.024047	451		
friends	06	052	s06e22b		s06e	0.1931360777443931	185	38.144329896907216	26.673091888427734	2.3099693375065957	-0.01157594844698906	0.046235766261816025	1.0537808351859503	0.9744565107024787	0.0005275463917525774	0.012150745360824743	0.00766705	485		
friends	06	053	s06e23a		s06e	0.15960080523211007	142	29.278350515463917	34.502681732177734	2.35534880787655	-0.008654201403260231	0.04657620191574097	1.0701434821280995	0.9993634174173552	0.0005226185567010308	0.006191239608247423	0.0060864	485		
friends	06	053	s06e23b		s06e	0.1598983036338749	149	28.764478764478763	33.42969512939453	2.3616867842591427	-0.008087235502898693	0.04714329540729523	1.0827262862669245	1.0149106058607353	0.0008067567567567568	0.006475688088803089	0.0118807	518		
friends	06	054	s06e24a		s06e	0.18151264614773222	165	36.10503282275711	32.703086853027344	2.247231264745728	-0.01072810497134924	0.04642077535390854	1.1314454102631573	1.0317917408771933	0.0022633916849015318	0.006934057964989059	0.00824041	457		
friends	06	054	s06e24b		s06e	0.164859711091181	136	29.62962962962963	32.49647521972656	2.2380921129930402	-0.009967595338821411	0.046042151749134064	1.0972262380131006	0.9970067842576424	0.0004960784313725491	0.007324445838779957	0.00741701	459		
friends	06	054	s06e24c		s06e	0.17800229415013424	155	33.69565217391305	32.00554656982422	2.2400743052910355	-0.010666419751942158	0.04598220810294151	1.0815371200435737	0.9878048920261436	0.0004590434782608696	0.007447314782608695	0.00634701	460		
friends	06	055	s06e24d		s06e	0.1935109109849204	224	45.807770961145195	31.893646240234375	2.332886915865381	-0.006390242837369442	0.04271577671170235	1.0949285287295072	0.9905132630737704	0.00037556237218813905	0.0074454854601226994	0.00705657	489		
friends	06	056	s07e01a		s07e	0.19825339090653152	222	48.36601307189542	33.5281982421875	2.3130002887776477	-0.007295203395187855	0.04573942720890045	1.090909169694323	1.0037067740174683	0.0007135511982570807	0.006246191960784313	0.00531792	459		
friends	06	056	s07e01b		s07e	0.18883709714140443	209	45.733041575492344	30.94599723815918	2.2975168809802464	-0.015033009462058544	0.04760275408625603	1.0901661603947366	1.0075005305043852	0.0012597592997811817	0.007924199584245077	0.00206349	457		
friends	06	056	s07e02a		s07e	0.20842252595698713	253	51.738241308793455	29.781314849853516	2.324421231028345	-0.007616635411977768	0.04684576764702797	1.0932601138934432	1.0142640529098363	0.0013905725971370146	0.008982407586912065	0.00354439	489		
friends	06	056	s07e02b		s07e	0.1936754169589155	235	47.57085020242915	28.622268676757812	2.2982572515807207	-0.013061192817986012	0.049938082695007324	1.0709572663286018	1.0015565650912772	0.000998178137651822	0.009693928825910933	0.00326024	494		
friends	06	057	s07e03a		s07e	0.16201024636041114	127	30.528846153846153	32.242061614990234	2.268721072380444	-0.009141302667558193	0.04723677039146423	1.0593701110361433	0.9904774831084339	0.0006837500000000001	0.007659173774038462	0.00607031	416		
friends	06	057	s07e03b		s07e	0.18668842101116032	165	39.285714285714285	32.410316467285156	2.292164608102016	-0.00958008598536253	0.047630760818719864	1.0677633544152736	1.001113412625299	0.0013910238095238097	0.0072154837380952385	0.00584674	420		
friends	06	057	s07e04a		s07e	0.17403758981881196	138	30.94170403587444	31.791160583496094	2.291550680818237	-0.010151609778404236	0.047068946063518524	1.0671432516404489	0.9951670129887636	0.001010269058295964	0.007630511121076234	0.00570937	446		
friends	06	057	s07e04b		s07e	0.20532745754455498	199	44.12416851441242	30.935930252075195	2.329356696995914	-0.009940466843545437	0.04940473288297653	1.0972972597333337	1.0215583871555551	0.0020004434589800447	0.00819518709534368	0.00943704	451		
friends	06	058	s07e05a		s07e	0.15228569549251042	115	25.386313465783665	34.219234466552734	2.3299240125371234	-0.007407266180962324	0.04544874280691147	1.0735078109513279	0.9988631819469019	0.0005217880794701987	0.005979660816777042	0.00800692	453		
friends	06	058	s07e05b		s07e	0.16015020355492152	143	29.30327868852459	31.463186264038086	2.3292624884203326	-0.00845180731266737	0.04370955005288124	1.0547853524640654	0.991487348316222	0.00073125	0.007614658176229508	0.00733444	488		
friends	06	058	s07e06a		s07e	0.15848127908881107	113	23.73949579831933	30.956876754760742	2.339829942238738	-0.008090849965810776	0.04446687176823616	1.0902918430315784	1.0193537381473683	0.0021373949579831936	0.008381407731092437	0.0125561	476		
friends	06	058	s07e06b		s07e	0.17153765573345134	140	27.397260273972602	29.34191131591797	2.3187592953836975	-0.009560556150972843	0.04533834755420685	1.0879348419803918	1.012633198333333	0.0014743052837573386	0.00932453808219178	0.0134576	511		
friends	06	059	s07e01a		s07e	0.21624624048287097	2	33.333333333333336	42.417694091796875	2.190917862819467	-0.007193720433861017	0.045269258320331573	1.6465421199999999	5.068799113999999	0.04361333333333334	0.0044013766666666666	0.00269666	6		
friends	06	059	s07e07a		s07e	0.15824638198931404	134	28.389830508474578	34.2674560546875	2.23217867094879	-0.008227500133216381	0.04522082209587097	1.0854436277919317	0.996626956242038	0.0006434957627118645	0.006157983050847458	0.00897298	472		
friends	06	059	s07e07b		s07e	0.1681969793130793	158	31.225296442687746	30.226409912109375	2.24573931136389	-0.007738360669463873	0.04568430408835411	1.112387192851485	1.0239911295247528	0.0016876877470355732	0.008806582450592886	0.0100861	506		
friends	06	059	s07e08a		s07e	0.1879990244882078	172	36.440677966101696	30.0965518951416	2.2592422483214945	-0.00498994579538703	0.044190119951963425	1.1051379920382158	1.0186488943949046	0.0017602754237288133	0.008541993792372882	0.00887388	472		
friends	06	059	s07e08b		s07e	0.18797078661743893	176	34.645669291338585	30.29938507080078	2.263282759410096	-0.005408293567597866	0.04476581886410713	1.1033525625641014	1.0101638796449697	0.0012595866141732282	0.008911450866141733	0.0124361	508		
friends	06	060	s07e09a		s07e	0.18361962256565714	179	39.955357142857146	29.74030113220215	2.2359639038692016	-0.010076549835503101	0.04478783532977104	1.0612622169574943	0.9677332245637588	0.0004452455357142857	0.009557106339285715	0.00546855	448		
friends	06	060	s07e09b		s07e	0.18677723928655235	198	40.993788819875775	30.093257904052734	2.2123024742729003	-0.008703475818037987	0.04562168940901756	1.1319799216390045	1.0313940204979253	0.0023147412008281574	0.00846013453416149	0.00612184	483		
friends	06	060	s07e10a		s07e	0.18809893053834895	177	38.7308533916849	28.08407974243164	2.211895402290697	-0.01176790427416563	0.04615248367190361	1.0488399194298246	0.980262883859649	0.0005730634573304158	0.010398580547045953	0.00509361	457		
friends	06	060	s07e10b		s07e	0.29008734432095734	295	59.959349593495936	22.83279800415039	2.2597281908743714	-0.0078093609772622585	0.04594691842794418	1.2261005560692455	0.9884378029735235	0.0020998373983739838	0.02035236319105691	0.0120217	492		
friends	06	060	s07e11a		s07e	0.1801898643509772	173	37.365010799136066	27.676828384399414	2.240278440592923	-0.010980472899973392	0.04626575484871864	1.0303445831385285	0.9844443343939391	0.0007701727861771058	0.010210417840172785	0.00548175	463		
friends	06	060	s07e11b		s07e	0.1817696337118743	154	30.985915492957748	28.000350952148438	2.2267940150176124	-0.009216058067977428	0.04537663981318474	1.0486298263508065	0.9860046212096776	0.0005070020120724345	0.009764190301810865	0.00585671	497		
friends	06	060	s07e12a		s07e	0.17374513853112666	159	35.2549889135255	31.209535598754883	2.2501225574083703	-0.010522011667490005	0.044382691383361816	1.0890558513111117	1.0074551321999987	0.0007934811529933481	0.007435449844789356	0.00857468	451		
friends	06	061	s07e12b		s07e	0.15677098417173904	118	24.380165289256198	29.22071075439453	2.281803990452779	-0.0071381391026079655	0.04236981272697449	1.0620434742028984	0.9876592230641817	0.0009278719008264463	0.009428126095041322	0.00595976	484		
friends	06	061	s07e13a		s07e	0.1443154962498401	114	21.22905027932961	32.811378479003906	2.2652778087090946	-0.010042107664048672	0.04408509284257889	1.1130539108955233	1.02803788630597	0.0017535195530726255	0.006695915847299814	0.00994247	537		
friends	06	061	s07e13b		s07e	0.17787634621749793	177	30.89005235602094	28.800107955932617	2.2477421130976865	-0.008563367649912834	0.04425651207566261	1.0772811162762248	1.0039964400349648	0.0008709249563699826	0.009184379389179756	0.00953935	573		
friends	06	062	s07e14a		s07e	0.15494899175400134	103	22.198275862068964	28.887073516845703	2.3379086713292585	-0.00762201426550746	0.04654426872730255	1.0342750565442766	0.9775382712958972	0.0013378017241379313	0.010658933965517241	0.00867787	464		
friends	06	063	s07e14b		s07e	0.17416222677978535	157	31.526104417670684	29.262004852294922	2.326232974452717	-0.005375812761485577	0.045026909559965134	1.0792393785513084	1.0162891188531196	0.0017600200803212852	0.009067560160642571	0.00677921	498		
friends	06	063	s07e15a		s07e	0.1541035695517091	146	25.84070796460177	32.91029357910156	2.3216264058984417	-0.006860367953777313	0.04397912323474884	1.0885677104078004	1.0131222958865242	0.0008131150442477876	0.006768091115044248	0.00706948	565		
friends	06	063	s07e15b		s07e	0.1787461828105982	193	32.220367278797994	26.902576446533203	2.2940653563553712	-0.009009411558508873	0.046638935804367065	1.0366784623076923	0.9972374793645492	0.0008395158597662771	0.011260428731218698	0.00679682	599		
friends	06	063	s07e16a		s07e	0.16934583119464366	126	31.738035264483628	30.20187759399414	2.3109306161500878	-0.007310874294489622	0.0448385551571846	1.0706617168686867	1.0046637843686863	0.0010551385390428212	0.008697836246851387	0.00646841	397		
friends	06	063	s07e16b		s07e	0.1560248797999027	102	25.37313432835821	30.87726593017578	2.320440732226889	-0.007495806086808443	0.043751031160354614	1.0773602826433921	1.0103062863840397	0.0011469154228855721	0.008096797562189055	0.00915809	402		
friends	06	063	s07e16c		s07e	0.17669139311636647	130	30.162412993039442	28.247188568115234	2.2913371120043076	-0.011399438604712486	0.0458289310336113	1.0483086391395349	0.9871836721395347	0.001127795823665893	0.010100650162412994	0.00713457	431		
friends	06	064	s07e17a		s07e	0.20075906832669987	169	39.120370370370374	25.133636474609375	2.301551206624546	-0.007841606624424458	0.04855458065867424	1.038187781136891	0.9763422061948949	0.0008067129629629631	0.013349868912037037	0.00910466	432		
friends	06	065	s07e17b		s07e	0.15251201616354454	114	24.411134903640257	31.441068649291992	2.3610714156490515	-0.006692560855299234	0.044872552156448364	1.0706596480042916	1.0067901949356233	0.0009461670235546039	0.0077469063597430405	0.00493033	467		
friends	06	065	s07e18a		s07e	0.13811349692261657	97	20.3781512605042	32.3422737121582	2.3375637973328707	-0.008634326979517937	0.04700862243771553	1.0587076217263158	0.9964345832210525	0.0008495588235294118	0.0070345322689075625	0.00974046	476		
friends	06	065	s07e18b		s07e	0.14951645560766225	113	22.113502935420744	31.341947555541992	2.3523737011132875	-0.009101476520299911	0.04677899554371834	1.0922577934509818	1.0221046606274522	0.0016559295499021525	0.00792357095890411	0.0101504	511		
friends	06	065	s07e19a		s07e	0.15302600978991993	117	26.773455377574372	28.048242568969727	2.3636030689739056	-0.004832286853343248	0.04648195952177048	1.0232259424082573	0.9727377517889915	0.0005321967963386728	0.010297678649885582	0.00834081	437		
friends	06	065	s07e19b		s07e	0.1401183665814355	101	21.48936170212766	31.046977996826172	2.4150418058104917	-0.0035477580968290567	0.04664253816008568	1.0556989171641789	0.9940407615351818	0.0005836808510638297	0.008205075021276596	0.00951544	470		
friends	06	066	s07e20a		s07e	0.19590115394126223	169	37.389380530973455	28.847915649414062	2.3307819959015488	-0.005427701864391565	0.04551373049616814	1.0287757890909093	0.9894014141241694	0.0009068584070796461	0.009903535774336284	0.00565777	452		
friends	06	066	s07e20b		s07e	0.1824084003388768	160	32.85420944558521	27.316665649414062	2.3433023665561183	-0.0060448781587183475	0.04558497294783592	1.0420427035596707	1.00289318020576	0.0014319712525667353	0.01124121821355236	0.00678374	487		
friends	06	067	s07e21a		s07e	0.16822337104387927	126	29.37062937062937	26.18260955810547	2.3143133437599226	-0.007503228727728128	0.05216880142688751	1.0203158718457945	0.9630148472429907	0.0006447552447552448	0.013052916247086247	0.00534002	429		
friends	06	067	s07e21b		s07e	0.1777044616551749	152	32.758620689655174	27.51812171936035	2.3075367123172317	-0.00706512900069356	0.051941271871328354	1.0503613938876895	0.9880241381857456	0.0009917025862068967	0.011063595646551724	0.0067231	464		
friends	06	068	s07e22a		s07e	0.20078484518796738	190	40.42553191489362	30.251510620117188	2.3870809427394013	-0.008844845928251743	0.04455528035759926	1.066761551257995	0.9933825075053305	0.0006271063829787234	0.008620915276595746	0.00934607	470		
friends	06	068	s07e22b		s07e	0.2156787274777419	227	44.95049504950495	28.232711791992188	2.373935751126867	-0.00882421713322401	0.04467659071087837	1.0558326917658734	0.9888020285515872	0.0007149108910891089	0.010069943861386139	0.00733617	505		
friends	06	069	s07e23a		s07e	0.18276126758722563	162	33.89121338912134	27.133790969848633	2.374138001632795	-0.004164692480117083	0.047014810144901276	1.0346539299371065	0.9770798956603776	0.0005121757322175732	0.01146725830543933	0.00644748	478		
friends	06	070	s07e23b		s07e	0.2184856047155759	248	51.34575569358178	28.067264556884766	2.3737774506610623	-0.0062910690903663635	0.0457940548658371	1.0467048826141085	0.9812772352282157	0.0007137888198757765	0.010528331697722566	0.00487309	483		
friends	06	070	s07e23c		s07e	0.19718087577481527	200	41.49377593360996	28.51427459716797	2.369506836860232	-0.00695396214723587	0.0450783334672451	1.0535275579625771	0.9882837601039499	0.0006596058091286308	0.010413126244813277	0.00462497	482		
friends	06	070	s07e23d		s07e	0.20000645352696964	205	39.88326848249027	29.790618896484375	2.3336596656779354	-0.012120122089982033	0.04688490927219391	1.074066050487329	1.0061811986939582	0.0009001361867704281	0.008454289766536964	0.00596089	514		
