dataset	subject	session	task	run	task_grouped	fd_mean	fd_num	fd_perc	tsnr	snr	gsr_x	gsr_y	dvars_std	dvars_vstd	aor	aqi	gcor	size_t	fd_prop_gt02	fd_prop_gt05
hcptrt	01	001	gambling	1	gambling	0.0851823970656416	4	3.10077519379845	35.83069644658826	2.1156472700381332	-0.008893527090549469	0.07362242788076401	1.0571807407812501	1.0105187952343753	0.0008195348837209303	0.005223433643410853	0.0173352	129	0.031007751937984496	0.0
hcptrt	01	001	motor	1	motor	0.09831634877085282	2	1.3888888888888888	35.89187636389397	2.0946302643881087	-0.010133522562682629	0.07011769711971283	1.0427067144055955	1.0040084669230769	0.000886527777777778	0.005048171458333333	0.00598107	144	0.013888888888888888	0.0
hcptrt	01	001	restingstate	1	restingstate	0.13327373979583967	63	10.5	21.156453772913665	2.1232455313389944	-0.01793515682220459	0.06460695713758469	0.9907077129716197	0.9868447610016692	0.0043725	0.02747161558333333	0.00384997	600	0.105	0.01
hcptrt	01	001	social	1	social	0.08433263074113574	4	2.8776978417266186	35.06868584017502	2.1181060523209574	-0.009192191064357758	0.07361447811126709	1.0464489987681156	1.0093547168840584	0.0009628057553956835	0.0053643988489208635	0.00918508	139	0.02877697841726619	0.0
hcptrt	01	001	wm	1	wm	0.09856005243830741	19	9.405940594059405	33.66275090491399	2.087419819043601	-0.021715106442570686	0.07568743079900742	1.0516915804477613	1.0073942766169155	0.0006113366336633663	0.006291759207920793	0.00881066	202	0.09405940594059406	0.0
hcptrt	01	002	emotion	1	emotion	0.09143639035117967	1	1.098901098901099	35.549148574937135	2.1000292859220475	-0.01286973524838686	0.07695160061120987	1.042474780777778	1.015212020111111	0.0013423076923076923	0.005477552967032967	0.00308291	91	0.01098901098901099	0.0
hcptrt	01	002	emotion	2	emotion	0.07465733480112702	0	0.0	37.11351325549185	2.094234372283837	-0.01394718885421753	0.08183082938194275	1.0519555838461536	1.0074766352747253	0.001358804347826087	0.005078512608695653	0.00873209	92	0.0	0.0
hcptrt	01	002	gambling	1	gambling	0.10026755254419398	1	0.7751937984496124	33.49016279471107	2.1001663523493743	-0.013011191040277481	0.0759223997592926	1.045959858046875	1.0095978124999998	0.0013371317829457363	0.007158280310077519	0.00426127	129	0.007751937984496124	0.0
hcptrt	01	002	gambling	2	gambling	0.09627198210956511	3	2.3255813953488373	32.64166841679253	2.1114573109751316	-0.013032476417720318	0.08353900164365768	1.0477114686718754	1.002550914609375	0.0009369767441860465	0.008038437906976744	0.00486573	129	0.023255813953488372	0.0
hcptrt	01	002	language	1	language	0.09788890827060895	4	2.5157232704402515	35.2863672953099	2.093006379402532	-0.012405453249812126	0.07610361278057098	1.0454992821518982	1.0075786295569624	0.0010579874213836478	0.005570824150943396	0.00419268	159	0.025157232704402517	0.0
hcptrt	01	002	language	2	language	0.08720080087785496	0	0.0	35.40350272785872	2.0947210862128367	-0.0146733233705163	0.07601327449083328	1.0680749343312104	1.0209159188535037	0.0011199367088607596	0.005513110759493671	0.00449813	158	0.0	0.0
hcptrt	01	002	motor	1	motor	0.11287048003813685	3	2.097902097902098	32.980090918717906	2.096397665039427	-0.012957700528204441	0.0765368789434433	1.0586917761971826	1.0054480151408451	0.001472867132867133	0.007468670209790211	0.0031029	143	0.02097902097902098	0.0
hcptrt	01	002	motor	2	motor	0.09645887800588725	2	1.3986013986013985	35.08710668794811	2.1022668972942946	-0.013196995481848717	0.08194141834974289	1.0485223028169017	1.0063778635211267	0.0007505594405594407	0.006234727412587413	0.00486696	143	0.013986013986013986	0.0
hcptrt	01	002	relational	1	relational	0.1104081529385747	1	0.8403361344537815	36.52630679134745	2.0958271388594576	-0.013212287798523903	0.07611068338155746	1.07969444059322	1.0142608527966102	0.0009889075630252102	0.004969752016806722	0.00680883	119	0.008403361344537815	0.0
hcptrt	01	002	relational	2	relational	0.08205359282370461	0	0.0	36.30727302317973	2.1002693978511786	-0.013943958096206188	0.08167299628257751	1.0575037436440675	1.0116991327966103	0.0009211764705882354	0.005329240924369749	0.00782204	119	0.0	0.0
hcptrt	01	002	social	1	social	0.09346060664874213	3	2.1739130434782608	35.948104216950014	2.092294776732487	-0.013369482010602951	0.07677467167377472	1.058777392408759	1.0239396628467152	0.00107231884057971	0.005248240579710145	0.00463239	138	0.021739130434782608	0.0
hcptrt	01	002	social	2	social	0.09505877135414924	2	1.4388489208633093	35.23062745970674	2.099857219797333	-0.013567387126386166	0.08099354803562164	1.0658839273188405	1.0151110689130434	0.001442158273381295	0.005676712230215827	0.00559208	139	0.014388489208633094	0.0
hcptrt	01	002	wm	1	wm	0.09578868895279417	2	0.9950248756218906	35.42033188347705	2.1147884308680815	-0.014933646656572819	0.08498409390449524	1.0418967927500005	1.0048981159500001	0.000530049751243781	0.005550315572139304	0.00449641	201	0.009950248756218905	0.0
hcptrt	01	002	wm	2	wm	0.0950724814572145	7	3.482587064676617	33.90958305238746	2.1098509628689395	-0.013447371311485767	0.0826651081442833	1.0565012957000002	1.0111266346999999	0.0014234328358208954	0.006491882189054726	0.00423128	201	0.03482587064676617	0.004975124378109453
hcptrt	01	003	emotion	1	emotion	0.09386005948753606	2	2.197802197802198	37.909154026419856	2.13201077183631	-0.010181144811213017	0.07560913264751434	1.0721678071111111	1.0172957502222226	0.0013004395604395605	0.0047720836263736265	0.00517207	91	0.02197802197802198	0.0
hcptrt	01	003	gambling	1	gambling	0.09232542434933179	0	0.0	37.16519138915464	2.1310458017543725	-0.010063381865620613	0.0757325068116188	1.0515180235433068	1.0009734937795276	0.00083890625	0.00506861328125	0.00566972	128	0.0	0.0
hcptrt	01	003	language	1	language	0.10158909947548346	8	5.063291139240507	36.03043642826378	2.139554874245018	-0.009944397956132889	0.07532705366611481	1.0804809719108281	1.0181174090445861	0.0007575316455696202	0.005358899620253164	0.00436485	158	0.05063291139240506	0.0
hcptrt	01	003	motor	1	motor	0.10071928476459421	0	0.0	36.96857632370666	2.1266690816384877	-0.00956446211785078	0.07566157728433609	1.05599316013986	1.0017577593006988	0.0008373611111111111	0.0049338161805555555	0.00591364	144	0.0	0.0
hcptrt	01	003	relational	1	relational	0.09367090905623571	0	0.0	35.42737665842287	2.1293285302108704	-0.00955086387693882	0.07520820200443268	1.071954036016949	1.018582548050848	0.0011171428571428571	0.005608537394957984	0.00320795	119	0.0	0.0
hcptrt	01	003	restingstate	1	restingstate	0.14098761562966042	115	19.198664440734557	23.861108119483106	2.1623014892313126	-0.008834971114993095	0.0725071057677269	1.0268875950501666	1.0054657463545145	0.003571535893155259	0.021085140000000002	0.00965173	599	0.19198664440734559	0.00333889816360601
hcptrt	01	003	social	1	social	0.09776828810236618	9	6.521739130434782	34.807418161653914	2.1378601295324717	-0.009454736486077309	0.07528749108314514	1.0811187051094893	1.0215835369343065	0.0011902173913043478	0.005823994347826087	0.00697942	138	0.06521739130434782	0.0
hcptrt	01	003	wm	1	wm	0.09031296820246006	0	0.0	33.32316852081567	2.0726893356411957	-0.03081841953098774	0.08326074481010437	1.0445498304999994	0.9941717978500003	0.0005007462686567164	0.007097240746268656	0.00439226	201	0.0	0.0
hcptrt	01	004	emotion	1	emotion	0.11812868815968214	13	14.130434782608695	33.74408181896433	2.091066254670822	-0.008252047933638096	0.0754946693778038	1.03310919989011	0.9947712518681315	0.001168804347826087	0.005864313913043478	0.00974442	92	0.14130434782608695	0.0
hcptrt	01	004	gambling	1	gambling	0.10123006020155552	14	10.852713178294573	35.79425123264082	2.084433819222075	-0.008659484796226025	0.0744655653834343	1.0474285675781252	1.0122398152343752	0.0009099224806201552	0.005136689612403101	0.00555988	129	0.10852713178294573	0.0
hcptrt	01	004	language	1	language	0.10631275614231966	13	8.227848101265822	33.762151814997196	2.087174371470189	-0.008081727661192417	0.07491233199834824	1.0586357470700634	1.020008852866242	0.0010366455696202532	0.005996993670886077	0.00551586	158	0.08227848101265822	0.0
hcptrt	01	004	motor	1	motor	0.12089946864913013	19	11.949685534591195	33.13021543563809	2.081280607569695	-0.00923319160938263	0.07545339316129684	1.049134643924051	1.0094964063924046	0.0011474842767295597	0.006391869119496856	0.00506303	159	0.11949685534591195	0.0
hcptrt	01	004	relational	1	relational	0.09568769101681857	3	2.542372881355932	36.48312033619732	2.08274315623102	-0.008416600525379181	0.07449868321418762	1.051666043846154	1.0223698452991452	0.0009027966101694916	0.004568944915254238	0.00382465	118	0.025423728813559324	0.0
hcptrt	01	004	restingstate	1	restingstate	0.1161007006695808	46	7.679465776293823	27.897964217117988	2.093576670904507	-0.00904416386038065	0.07382241636514664	1.0541446400668888	1.0208670086287621	0.0015598330550918196	0.012405471786310518	0.0136202	599	0.07679465776293823	0.00333889816360601
hcptrt	01	004	social	1	social	0.09194977232281991	2	1.4492753623188406	35.732366043375805	2.084264700384608	-0.008260813541710377	0.07474888861179352	1.0525295647445263	1.0205935959124088	0.0008334782608695652	0.004973969275362319	0.00541373	138	0.014492753623188406	0.0
hcptrt	01	004	wm	1	wm	0.10700944445472925	18	8.910891089108912	34.88944465731038	2.0887069727919636	-0.00811774842441082	0.07540293782949448	1.0513049574129363	1.009652699303483	0.0005228217821782178	0.005178310544554456	0.00658291	202	0.0891089108910891	0.0
hcptrt	01	005	emotion	1	emotion	0.09742349074273918	0	0.0	36.39693777309731	2.121042900706536	-0.007613742724061012	0.07599377632141113	1.0611710276666668	1.0169493745555558	0.001259120879120879	0.005036952417582418	0.00564762	91	0.0	0.0
hcptrt	01	005	emotion	2	emotion	0.12795066517083203	16	17.391304347826086	33.92975841416046	2.122926753247678	-0.0069556874223053455	0.07744359225034714	1.0636443795604393	1.003874678131868	0.0015619565217391304	0.006063995434782608	0.0101526	92	0.17391304347826086	0.0
hcptrt	01	005	gambling	1	gambling	0.1093002097842884	4	3.125	31.21849482797552	2.133968413274459	-0.006941478233784437	0.07643495500087738	1.021948948661418	0.9852516731496059	0.0009014843749999999	0.0087905128125	0.00531364	128	0.03125	0.0
hcptrt	01	005	gambling	2	gambling	0.11986309115973547	19	14.728682170542635	34.35736539866775	2.119856219981407	-0.006798760965466499	0.07756207883358002	1.0675324529687504	1.005769134921875	0.0008037209302325581	0.0058900958139534885	0.00890332	129	0.14728682170542637	0.0
hcptrt	01	005	language	1	language	0.11915996758625236	8	5.063291139240507	35.68089126329869	2.1217023277686553	-0.0066968766041100025	0.07516011595726013	1.0709308239490447	1.0133520985987265	0.0006757594936708861	0.005341955	0.00491777	158	0.05063291139240506	0.0
hcptrt	01	005	language	2	language	0.12054656262671554	25	15.723270440251572	33.14950043801218	2.1179423784581033	-0.007165012415498495	0.07801183313131332	1.06285222892405	0.9978800453164551	0.0006347169811320753	0.006622467735849057	0.0110405	159	0.15723270440251572	0.0
hcptrt	01	005	motor	1	motor	0.11003826328064138	6	4.166666666666667	34.60325146885589	2.1226107731451433	-0.007227546535432339	0.07607557624578476	1.0534430801398607	1.00285686020979	0.0011279861111111113	0.006051689513888889	0.00539345	144	0.041666666666666664	0.0
hcptrt	01	005	motor	2	motor	0.11679115033050869	7	4.861111111111111	34.33820381644182	2.121441456121764	-0.007149207405745983	0.07636421173810959	1.0510666855944055	0.9998849228671333	0.0008943750000000001	0.00639477875	0.0070785	144	0.04861111111111111	0.0
hcptrt	01	005	relational	1	relational	0.11355087875367943	8	6.722689075630252	34.75018858909607	2.1182036596288643	-0.0072446297854185104	0.07389645278453827	1.0761314722881357	1.019948454661017	0.001352857142857143	0.005888515378151262	0.00688071	119	0.06722689075630252	0.0
hcptrt	01	005	relational	2	relational	0.11453449694986875	13	11.016949152542374	34.318292643874884	2.1175571341175323	-0.007086889818310738	0.07759540528059006	1.087256906495727	1.0226067488034185	0.0009322881355932202	0.005770460593220339	0.00850702	118	0.11016949152542373	0.0
hcptrt	01	005	social	1	social	0.12212645972015002	9	6.521739130434782	30.817664273665287	2.1248654896610826	-0.006693098694086075	0.07467043399810791	1.0186909991970807	0.9923831135036498	0.0008605072463768117	0.009128743260869565	0.00346654	138	0.06521739130434782	0.0
hcptrt	01	005	social	2	social	0.11716847723454071	6	4.316546762589928	34.33683493011631	2.1264936754386317	-0.006368124857544899	0.07601625472307205	1.101588863478261	1.0536515138405798	0.004429856115107914	0.0057483245323741005	0.00475675	139	0.04316546762589928	0.014388489208633094
hcptrt	01	005	wm	1	wm	0.12342280461323854	12	5.970149253731344	34.34747737599537	2.110569820152444	-0.00613377196714282	0.07511258870363235	1.0490341707500002	0.9964054579	0.0004579601990049751	0.006059533184079602	0.00797671	201	0.05970149253731343	0.0
hcptrt	01	005	wm	2	wm	0.10893142627161954	16	7.920792079207921	34.566567364381626	2.124170791034079	-0.006785372272133827	0.07708287984132767	1.0715277914427856	1.0094281308457713	0.000564009900990099	0.005689150544554455	0.00752427	202	0.07920792079207921	0.0
hcptrt	01	006	emotion	1	emotion	0.12147958698147432	9	9.782608695652174	29.388961452059448	2.1239908558205514	-0.0074260421097278595	0.07575523853302002	1.1958360434065933	1.1531012869230768	0.013382934782608694	0.00949469804347826	0.0144814	92	0.09782608695652174	0.05434782608695652
hcptrt	01	006	emotion	2	emotion	0.07932368727360103	0	0.0	36.84410491748713	2.149051058447037	-0.006549082230776548	0.07331200689077377	1.0747090224444447	1.0151333276666668	0.0011139560439560438	0.004767775604395605	0.00511763	91	0.0	0.0
hcptrt	01	006	gambling	1	gambling	0.08737772476261335	8	6.2015503875969	36.095812923042104	2.1087197284147154	-0.007632879074662924	0.07533247023820877	1.0706431963281244	1.014863772734375	0.0009434883720930232	0.004940019302325582	0.0122207	129	0.06201550387596899	0.0
hcptrt	01	006	gambling	2	gambling	0.07427837222236318	3	2.34375	34.36264995485544	2.1692632124963516	-0.0073682088404893875	0.07374501973390579	1.0592781038582684	1.001929867874016	0.00119390625	0.006107371015625	0.0103275	128	0.0234375	0.0
hcptrt	01	006	language	1	language	0.11030093866946897	13	8.227848101265822	31.201774443034083	2.1216734956312493	-0.007632085122168064	0.0760226845741272	1.1012000707006369	1.0548399836305729	0.0041002531645569626	0.008145788417721518	0.00560733	158	0.08227848101265822	0.0189873417721519
hcptrt	01	006	language	2	language	0.08189586828196052	1	0.6329113924050633	34.852060146513395	2.16718582393051	-0.007646890822798014	0.07250659167766571	1.0684014353503184	1.0076505992993625	0.0006118354430379747	0.0057518320886075945	0.00575993	158	0.006329113924050633	0.0
hcptrt	01	006	motor	1	motor	0.0870146737921332	2	1.3986013986013985	35.6861325467471	2.1193582134459965	-0.007519095670431852	0.07543635368347168	1.068024420352113	1.0131483526760565	0.0009235664335664337	0.0053456316783216775	0.00920768	143	0.013986013986013986	0.0
hcptrt	01	006	motor	2	motor	0.08370803347020266	1	0.6944444444444444	32.74595372378826	2.158004252350629	-0.006795196328312159	0.07422487437725067	1.042810449230769	0.9875602813986019	0.0007866666666666667	0.007360200000000001	0.00599801	144	0.006944444444444444	0.0
hcptrt	01	006	relational	1	relational	0.08137819113860247	1	0.847457627118644	36.96630416344851	2.118296165555775	-0.007622321601957083	0.07538891583681107	1.077344128290598	1.0212659736752137	0.0009791525423728815	0.0046284789830508466	0.00693705	118	0.00847457627118644	0.0
hcptrt	01	006	relational	2	relational	0.08117361166482356	4	3.4188034188034186	35.788291012635455	2.174463156489159	-0.00706995977088809	0.0737820714712143	1.0759775406896548	1.0169154757758623	0.0013042735042735041	0.0051380046153846155	0.00876532	117	0.03418803418803419	0.0
hcptrt	01	006	social	1	social	0.09166499380613953	7	5.0359712230215825	34.998836710932665	2.1205080145132316	-0.006785678677260876	0.07543870061635971	1.0689342493478267	1.0133616658695654	0.0009639568345323741	0.005669929352517985	0.00862755	139	0.050359712230215826	0.0
hcptrt	01	006	social	2	social	0.07282216455245792	0	0.0	36.05190705880523	2.138737499420071	-0.007068978622555733	0.07339788228273392	1.073144232898551	1.0050736930434778	0.0006624460431654676	0.00494188107913669	0.0106895	139	0.0	0.0
hcptrt	01	006	wm	1	wm	0.09009580735340628	8	3.9603960396039604	34.842509291600436	2.1092308300639697	-0.007963858544826508	0.0744355097413063	1.070014050049751	1.0104114918905485	0.0008158910891089109	0.00561049900990099	0.0131319	202	0.039603960396039604	0.0
hcptrt	01	006	wm	2	wm	0.07351821777287583	0	0.0	35.02401848509908	2.1664959351870947	-0.007487317081540823	0.07287586480379105	1.0661660780597013	1.0057375702487559	0.00046331683168316837	0.005584978118811881	0.00642832	202	0.0	0.0
hcptrt	01	007	emotion	1	emotion	0.08949963004076997	3	3.260869565217391	34.273971384740435	2.092807002415276	-0.016713876277208328	0.06601958721876144	1.0456098073626376	0.9981148254945055	0.0012668478260869566	0.006040874456521739	0.00726458	92	0.03260869565217391	0.0
hcptrt	01	007	gambling	1	gambling	0.09005704731993455	4	3.125	35.98569829529151	2.0941315268073035	-0.016543453559279442	0.06564854830503464	1.052545401889764	1.0024785205511813	0.0007901562500000001	0.004950146484375	0.00558708	128	0.03125	0.0
hcptrt	01	007	language	1	language	0.11534457493788115	16	10.126582278481013	31.622074430342764	2.087863072822458	-0.018180839717388153	0.06748627126216888	1.0636769034394917	1.0064704904458592	0.0006005696202531646	0.00752274506329114	0.0063676	158	0.10126582278481013	0.0
hcptrt	01	007	motor	1	motor	0.11445595784406568	15	10.416666666666666	32.73433553543873	2.0912373248633322	-0.017700711265206337	0.06628640741109848	1.051141613916084	0.9953438007692313	0.0008163194444444444	0.007026235277777777	0.0064546	144	0.10416666666666667	0.0
hcptrt	01	007	relational	1	relational	0.09247499903715171	1	0.847457627118644	36.02867478271946	2.0902871242194716	-0.016300778836011887	0.06601928919553757	1.0741105403418805	1.0247520631623925	0.0009017796610169491	0.005233693898305085	0.00698615	118	0.00847457627118644	0.0
hcptrt	01	007	restingstate	1	restingstate	0.13369548031480952	86	14.333333333333334	20.84219366731122	2.1712817573857195	-0.017256004735827446	0.06408235430717468	0.9912631993989983	0.9784975162437385	0.013772900000000001	0.03431328795	0.00694991	600	0.14333333333333334	0.0016666666666666668
hcptrt	01	007	social	1	social	0.09525624727293475	6	4.316546762589928	33.34114389907336	2.095854851207944	-0.017151720821857452	0.06714105606079102	1.059059056376812	1.005498799347826	0.0007674100719424461	0.00627514726618705	0.00959247	139	0.04316546762589928	0.0
hcptrt	01	007	wm	1	wm	0.09270006493062018	6	2.9702970297029703	34.62658207817003	2.090221512739785	-0.017119763419032097	0.06619056314229965	1.0682746937313432	1.0106215974129351	0.0005353960396039604	0.005806277722772277	0.00660713	202	0.0297029702970297	0.0
hcptrt	01	008	emotion	1	emotion	0.08047239993045387	4	4.3478260869565215	36.43648364092223	2.1172945395947007	-0.01784990355372429	0.06684229522943497	1.0531536783516482	1.004373747252747	0.0012559782608695654	0.005122165760869565	0.0098648	92	0.043478260869565216	0.0
hcptrt	01	008	emotion	2	emotion	0.07042371978993477	0	0.0	37.80327083612792	2.1141317948439706	-0.014489489607512951	0.06382032483816147	1.062066786813187	1.00507283032967	0.0012128260869565216	0.004696411413043478	0.00485849	92	0.0	0.0
hcptrt	01	008	gambling	1	gambling	0.08489056006656008	6	4.651162790697675	33.55411249212921	2.1359085429767113	-0.018153131008148193	0.06752336025238037	1.0432663422656252	1.0022291271093753	0.0015689922480620155	0.006969834573643412	0.00508538	129	0.046511627906976744	0.015503875968992248
hcptrt	01	008	gambling	2	gambling	0.07166409059080063	0	0.0	34.12726511899382	2.1279829764110803	-0.014024848118424416	0.06465049833059311	1.0375849341732286	0.9907796397637798	0.0007100000000000001	0.006540135546875001	0.00457011	128	0.0	0.0
hcptrt	01	008	language	1	language	0.09439130068654009	9	5.69620253164557	34.567171425092965	2.130860388312616	-0.017311464995145798	0.06816794723272324	1.0754886814649685	1.0182488235031846	0.0010167088607594937	0.005940577151898734	0.00854707	158	0.056962025316455694	0.0
hcptrt	01	008	language	2	language	0.07335443006306872	0	0.0	36.68073566863313	2.10575730941748	-0.014544875361025333	0.0667707771062851	1.0716264427564106	1.0055692955128195	0.0005594267515923566	0.004684626178343949	0.0082961	157	0.0	0.0
hcptrt	01	008	motor	1	motor	0.08347718011809645	3	2.0833333333333335	33.57260430930182	2.1321185011074277	-0.018233738839626312	0.0661146342754364	1.0432515159440556	0.9963815908391604	0.0008379166666666668	0.0072319515972222225	0.00613225	144	0.020833333333333332	0.0
hcptrt	01	008	motor	2	motor	0.09055547973668449	2	1.3888888888888888	34.60450086754281	2.1073929971294056	-0.014757751487195492	0.06543689966201782	1.055152388041958	0.9985691068531474	0.0008249305555555556	0.005924054791666667	0.00945259	144	0.013888888888888888	0.0
hcptrt	01	008	relational	1	relational	0.07911357231870102	2	1.680672268907563	35.55997484258842	2.13104000913342	-0.017529010772705078	0.06706969439983368	1.0550533101694919	1.0099587194067796	0.0008596638655462185	0.005948134705882353	0.00947929	119	0.01680672268907563	0.0
hcptrt	01	008	relational	2	relational	0.07450984740019531	0	0.0	37.50410978740547	2.115639513536647	-0.014116375707089901	0.06358645856380463	1.0715918791525423	1.0133633001694915	0.0008907563025210085	0.004711927731092438	0.00836902	119	0.0	0.0
hcptrt	01	008	social	1	social	0.08261104913815481	7	5.0359712230215825	34.626602859352715	2.127742445916114	-0.017453262582421303	0.068916916847229	1.0566944981159414	1.0054324189855066	0.0008102158273381295	0.005939888489208634	0.00659153	139	0.050359712230215826	0.0
hcptrt	01	008	social	2	social	0.07085051220334507	0	0.0	36.04235985188279	2.1213550057778643	-0.014025636948645115	0.06466886401176453	1.0668164020289856	1.006930275652174	0.0006733093525179856	0.005085972589928057	0.00794997	139	0.0	0.0
hcptrt	01	008	wm	1	wm	0.09310961309666693	7	3.4653465346534653	33.89957841485739	2.122721490063755	-0.017999811097979546	0.06717794388532639	1.0719995844278607	1.0169940073631842	0.0014998019801980198	0.006434387871287128	0.0138562	202	0.034653465346534656	0.0049504950495049506
hcptrt	01	008	wm	2	wm	0.07892888576012257	0	0.0	35.34658608958125	2.1140594693650687	-0.013928515836596489	0.0628771185874939	1.0583427986069656	1.0016284494029852	0.00045435643564356435	0.005635982821782178	0.00447143	202	0.0	0.0
hcptrt	01	009	emotion	1	emotion	0.07845149541884228	1	1.098901098901099	37.145203792257234	2.1786530285816545	-0.007245395798236132	0.07320568710565567	1.0513007535555559	1.019598590222222	0.0011516483516483516	0.0046954076923076925	0.00585075	91	0.01098901098901099	0.0
hcptrt	01	009	gambling	1	gambling	0.08667548132976127	2	1.550387596899225	34.90893612289801	2.1640616459405804	-0.00862189568579197	0.07138325273990631	1.0342835567968751	1.0018039971093748	0.0008656589147286822	0.0060227350387596894	0.00714427	129	0.015503875968992248	0.0
hcptrt	01	009	language	1	language	0.0818989639476009	0	0.0	36.33735962980427	2.1742036675666077	-0.007727754767984152	0.07268578559160233	1.0483803969620258	1.0068083332278481	0.0006136477987421383	0.0049060269182389935	0.00470786	159	0.0	0.0
hcptrt	01	009	motor	1	motor	0.09770958241941143	5	3.4722222222222223	34.65577635430964	2.170551323462274	-0.007449273020029068	0.0731581300497055	1.043262241398602	0.9994437920279717	0.0007441666666666667	0.005985522083333333	0.00401582	144	0.034722222222222224	0.0
hcptrt	01	009	relational	1	relational	0.08345984118151241	1	0.847457627118644	36.873334184638225	2.178920815964627	-0.007097683381289244	0.07358165830373764	1.0643129669230775	1.0258176285470086	0.0009108474576271187	0.004811450423728814	0.00469104	118	0.00847457627118644	0.0
hcptrt	01	009	restingstate	1	restingstate	0.10430959155896252	18	3.005008347245409	30.94172133540269	2.167852243890386	-0.009434483014047146	0.06985535472631454	1.0520987475585288	1.0127129585117065	0.0011276794657762933	0.00947330919866444	0.00929055	599	0.03005008347245409	0.0
hcptrt	01	009	social	1	social	0.08300687968759084	1	0.7194244604316546	36.69260137807578	2.1803737171528885	-0.007206425536423922	0.07351666688919067	1.0523652662318839	1.0115955849275367	0.0007534532374100719	0.004837891510791367	0.00776837	139	0.007194244604316547	0.0
hcptrt	01	009	wm	1	wm	0.08513305701815231	0	0.0	35.470122501137666	2.1751520760005714	-0.007956762798130512	0.07235321402549744	1.0456827661000003	1.0047719518500002	0.0005523880597014925	0.005376737064676617	0.00360211	201	0.0	0.0
hcptrt	01	010	emotion	1	emotion	0.10177613729977311	4	4.3478260869565215	31.111524735577404	2.1065098060437255	-0.015431798063218594	0.06632878631353378	1.0080115085714287	0.9723125048351655	0.0012657608695652172	0.00964067141304348	0.0037047	92	0.043478260869565216	0.0
hcptrt	01	010	emotion	2	emotion	0.09681109241359788	1	1.098901098901099	35.41708460776135	2.083150481404684	-0.01633010432124138	0.06797248125076294	1.0559337465555552	1.0125226548888893	0.0012276923076923077	0.005945833626373626	0.00259246	91	0.01098901098901099	0.0
hcptrt	01	010	gambling	1	gambling	0.1107790051662587	5	3.875968992248062	30.862339828861877	2.11183403213477	-0.015436104498803616	0.06645793467760086	1.0586336460156254	1.0026768847656249	0.0015411627906976744	0.010055579922480622	0.0044246	129	0.03875968992248062	0.0
hcptrt	01	010	gambling	2	gambling	0.1218206791641559	15	11.627906976744185	29.748324574436992	2.102454110939026	-0.0162820965051651	0.06894742697477341	1.0672578990624997	1.0101311546875003	0.0022533333333333333	0.009953195968992247	0.00791342	129	0.11627906976744186	0.0
hcptrt	01	010	language	1	language	0.10334913663130468	3	1.8987341772151898	36.56102640694007	2.10021217528803	-0.016614025458693504	0.06507761031389236	1.0725839624840767	1.014484612292993	0.0006218987341772153	0.005166598607594937	0.00310683	158	0.0189873417721519	0.0
hcptrt	01	010	language	2	language	0.11008240788852863	9	5.732484076433121	35.01485364488326	2.1015571727918925	-0.01626451127231121	0.068976990878582	1.071609344166667	1.00727164474359	0.0007403821656050956	0.005839134394904458	0.0041325	157	0.05732484076433121	0.0
hcptrt	01	010	motor	1	motor	0.12010067512972118	10	6.993006993006993	34.158274236600846	2.095557968480653	-0.01742917113006115	0.06681865453720093	1.066743256056338	1.0091125922535211	0.0008324475524475525	0.006470123846153846	0.00669086	143	0.06993006993006994	0.0
hcptrt	01	010	motor	2	motor	0.11077165435932003	9	6.25	33.58489084756002	2.098672293196862	-0.016583353281021118	0.06898479163646698	1.1068430076223772	1.0408979066433561	0.004483541666666668	0.006495107708333333	0.00540071	144	0.0625	0.0
hcptrt	01	010	relational	1	relational	0.0897811824336801	2	1.680672268907563	35.16522751771845	2.0986911043971337	-0.016665911301970482	0.0660855770111084	1.080685054661017	1.0867334641525421	0.0015506722689075632	0.006016261344537814	0.00603898	119	0.01680672268907563	0.0
hcptrt	01	010	relational	2	relational	0.0917841814984989	2	1.680672268907563	36.20178576046601	2.0962007974595753	-0.015819955617189407	0.0679975301027298	1.0723439947457623	1.0126055255084745	0.0009645378151260503	0.005492412773109243	0.00620678	119	0.01680672268907563	0.0
hcptrt	01	010	social	1	social	0.1336679780572479	20	14.388489208633093	22.178957155440003	2.141692650192196	-0.015326756983995438	0.0651472806930542	0.9240338061594203	0.91887393615942	0.002303237410071942	0.0282096864028777	0.0024033	139	0.14388489208633093	0.007194244604316547
hcptrt	01	010	social	2	social	0.10159730942192567	0	0.0	29.437300257966854	2.099990164949154	-0.016370713710784912	0.06893724948167801	0.9939907884444446	0.9647914291851849	0.0008890441176470588	0.011369220073529411	0.00331677	136	0.0	0.0
hcptrt	01	010	wm	1	wm	0.10486755558341432	6	2.9702970297029703	32.85373916616663	2.108379002703384	-0.01498477067798376	0.06567806005477905	1.0742359351741295	1.0129428431840792	0.0010771782178217821	0.007684572326732674	0.003747	202	0.0297029702970297	0.0
hcptrt	01	010	wm	2	wm	0.09779010802405712	6	2.9702970297029703	29.039035146241076	2.0999554148645903	-0.016512732952833176	0.06917990744113922	1.0445860935820896	0.9947667924378109	0.002367970297029703	0.0116486500990099	0.00303999	202	0.0297029702970297	0.0
hcptrt	02	001	emotion	1	emotion	0.14692909114206018	9	9.89010989010989	32.24077444570139	1.8577344623503929	-0.06126761436462402	0.14350225031375885	1.1804181947777777	1.113057342444444	0.009308681318681318	0.007305247692307692	0.00634412	91	0.0989010989010989	0.04395604395604396
hcptrt	02	001	gambling	1	gambling	0.13863994262156773	20	15.873015873015873	33.60199499409646	1.8580036763585825	-0.061442069709300995	0.14426200091838837	1.1174862731200006	1.04314616928	0.0033869047619047615	0.00664480746031746	0.00283729	126	0.15873015873015872	0.015873015873015872
hcptrt	02	001	language	1	language	0.12554161910493347	23	14.556962025316455	30.431609228253365	1.8772151993894783	-0.061741966754198074	0.14810699224472046	0.9988730742675164	0.9739135410191083	0.0006369620253164558	0.011325309430379746	0.00190345	158	0.14556962025316456	0.0
hcptrt	02	001	motor	1	motor	0.19055331819198565	46	31.944444444444443	24.74486193386838	1.8616921979860603	-0.0649862289428711	0.15020889043807983	1.1022199711188811	1.03616849965035	0.007534652777777779	0.018615769513888887	0.00359624	144	0.3194444444444444	0.020833333333333332
hcptrt	02	001	relational	1	relational	0.1808814506408252	35	29.914529914529915	24.9801380680874	1.8669961164239341	-0.06318188458681107	0.14663827419281006	0.9910889942241382	0.9626054950000004	0.0022652136752136756	0.019913156495726496	0.00369504	117	0.29914529914529914	0.03418803418803419
hcptrt	02	001	restingstate	1	restingstate	0.14556654620663306	148	24.666666666666668	26.630126992589794	1.8606444103901376	-0.06130785495042801	0.14138998091220856	1.0818149814691143	1.0018485196661095	0.0015670166666666666	0.015004721433333337	0.0121996	600	0.24666666666666667	0.01
hcptrt	02	001	social	1	social	0.1583316205358687	31	22.62773722627737	33.93331889016554	1.8592647776762836	-0.061109866946935654	0.1444462537765503	1.1065220233823527	1.0184850033823531	0.0025648175182481753	0.006040705328467153	0.00235994	137	0.22627737226277372	0.0072992700729927005
hcptrt	02	001	wm	1	wm	0.12671407680356886	27	13.366336633663366	29.261388773098588	1.865276198686273	-0.06196315586566925	0.14410990476608276	1.0502565366666665	1.0032186856218899	0.0022663861386138613	0.011672239455445547	0.00761922	202	0.13366336633663367	0.019801980198019802
hcptrt	02	002	emotion	1	emotion	0.14214485723412473	15	16.853932584269664	35.001813371665776	1.858966233159658	-0.060914356261491776	0.13867104053497314	1.0966467025	1.0171006584090911	0.0023879775280898877	0.005531989438202247	0.00487376	89	0.16853932584269662	0.0
hcptrt	02	002	emotion	2	emotion	0.1506252724378369	18	19.78021978021978	31.299717635964043	1.8832090394135805	-0.06185675784945488	0.13961513340473175	1.1397549991111118	1.0550227553333331	0.005406813186813187	0.00786384934065934	0.0090033	91	0.1978021978021978	0.03296703296703297
hcptrt	02	002	gambling	1	gambling	0.16509866245015498	43	33.333333333333336	30.850231849006377	1.874023546282246	-0.06031832844018936	0.1354130655527115	1.1157697737499994	1.0207884071093747	0.002642868217054263	0.00852148534883721	0.00663406	129	0.3333333333333333	0.007751937984496124
hcptrt	02	002	gambling	2	gambling	0.1825767332799509	41	32.03125	26.771967566222884	1.8883325469638752	-0.06182187423110008	0.13860471546649933	1.1054337456692913	1.023438596377953	0.004173515625000001	0.014139835390625	0.00779008	128	0.3203125	0.03125
hcptrt	02	002	language	1	language	0.11708636916184206	13	8.176100628930818	33.57302141515538	1.8730662037520205	-0.06044424697756767	0.13701778650283813	1.0788367057594934	1.015205956455696	0.0016398742138364778	0.006104862830188679	0.00835038	159	0.08176100628930817	0.006289308176100629
hcptrt	02	002	language	2	language	0.18330477410769472	58	36.477987421383645	24.740829896181822	1.8960616315656906	-0.06163186952471733	0.14092302322387695	1.0589016449367086	0.990383833417722	0.0016030817610062894	0.017092959874213838	0.0118808	159	0.36477987421383645	0.025157232704402517
hcptrt	02	002	motor	1	motor	0.17323718810574873	43	30.06993006993007	26.04819639294874	1.8656407414086098	-0.06239631772041321	0.13571445643901825	1.1025195845070428	1.0234445702112673	0.0039192307692307695	0.014772060489510491	0.00532255	143	0.3006993006993007	0.03496503496503497
hcptrt	02	002	motor	2	motor	0.22211452125474013	59	40.97222222222222	23.656901816138998	1.8786387090963694	-0.06215478479862213	0.13931336998939514	1.1060032710489516	1.0129705505594404	0.005502222222222223	0.019806957083333337	0.00602613	144	0.4097222222222222	0.06944444444444445
hcptrt	02	002	relational	1	relational	0.15139560375014938	20	16.949152542372882	29.717003280413337	1.8756343509372546	-0.06071711704134941	0.13938209414482117	1.1387081885470087	1.0665125820512822	0.006856610169491526	0.010195189322033896	0.0044708	118	0.1694915254237288	0.00847457627118644
hcptrt	02	002	relational	2	relational	0.1935789915190714	45	37.81512605042017	26.349126531276852	1.9008950273629803	-0.06059541925787926	0.14022375643253326	1.1302481537288138	1.0505856467796606	0.0037784033613445377	0.014389747815126051	0.0097047	119	0.37815126050420167	0.058823529411764705
hcptrt	02	002	social	1	social	0.15339152453596355	35	25.179856115107913	32.13849355187267	1.8661943784126511	-0.060377802699804306	0.13427455723285675	1.0892418185507242	1.005025961884058	0.0011241726618705036	0.006915689712230216	0.00538798	139	0.2517985611510791	0.0
hcptrt	02	002	social	2	social	0.18946494091383975	49	35.507246376811594	25.41890364070423	1.8940056131686225	-0.06168852373957634	0.14010946452617645	1.1029006682481755	1.0152730708759132	0.0016842028985507248	0.01631178398550725	0.0156446	138	0.35507246376811596	0.028985507246376812
hcptrt	02	002	wm	1	wm	0.12611715449709263	21	10.447761194029852	29.662840016302653	1.8760359620599765	-0.06081674247980118	0.13706889748573303	1.1069461322999998	1.0426302896999995	0.005107611940298508	0.010325279751243782	0.00733091	201	0.1044776119402985	0.01990049751243781
hcptrt	02	002	wm	2	wm	0.17127496833281738	56	27.722772277227723	27.94433266192209	1.86806793068226	-0.06199376657605171	0.1382453292608261	1.126270238457712	1.035148721542288	0.003675792079207921	0.011135468663366338	0.00770805	202	0.27722772277227725	0.0297029702970297
hcptrt	02	003	emotion	1	emotion	0.16393593736891726	14	15.555555555555555	30.569204122759402	1.8630360986947694	-0.061699289828538895	0.14376915991306305	1.1437301080898876	1.0620306373033706	0.005635777777777778	0.008959527555555557	0.00541744	90	0.15555555555555556	0.044444444444444446
hcptrt	02	003	gambling	1	gambling	0.1263784244291066	15	11.71875	34.05753134214319	1.850963965029531	-0.060238469392061234	0.1355772316455841	1.1076583967716536	1.0212096571653544	0.00263765625	0.005891750390625	0.00490778	128	0.1171875	0.0078125
hcptrt	02	003	language	1	language	0.12095046478938648	14	8.9171974522293	32.71121678617783	1.8608860638221105	-0.06200738623738289	0.1452336609363556	1.0779663468589753	0.9989504033974359	0.0007086624203821656	0.007062629554140128	0.00351708	157	0.08917197452229299	0.0
hcptrt	02	003	motor	1	motor	0.22702273143204915	74	51.74825174825175	26.034882164094597	1.8546795631818802	-0.061771638691425323	0.1372361034154892	1.1463844045774652	1.0231879210563377	0.0032112587412587413	0.01485911251748252	0.00525505	143	0.5174825174825175	0.04195804195804196
hcptrt	02	003	relational	1	relational	0.16181382263181326	20	17.094017094017094	31.374156340956688	1.8623318992624174	-0.0610930398106575	0.13963854312896729	1.177465058103448	1.3769279552586207	0.006322136752136752	0.007828770683760684	0.0029578	117	0.17094017094017094	0.017094017094017096
hcptrt	02	003	restingstate	1	restingstate	0.188943475331463	240	40.0	26.979754082858562	1.8598495444173238	-0.06152840331196785	0.13132834434509277	1.1533580335559261	1.0427408126544235	0.0038459166666666668	0.014082970366666666	0.00883783	600	0.4	0.028333333333333332
hcptrt	02	003	social	1	social	0.14773896688356492	26	18.840579710144926	34.476783570833504	1.8469259017336899	-0.061140306293964386	0.13796831667423248	1.1086498737226285	1.014290538467153	0.000875144927536232	0.005575655217391304	0.00447353	138	0.18840579710144928	0.0
hcptrt	02	003	wm	1	wm	0.14967548583720863	34	17.0	30.25386665412225	1.8590571232208528	-0.0615660734474659	0.14353583753108978	1.1348910428643209	1.0430018811055277	0.00412385	0.00863941995	0.00466528	200	0.17	0.025
hcptrt	02	004	emotion	1	emotion	0.12298002605389405	8	8.791208791208792	32.7092529614456	1.833352971252473	-0.06453563272953033	0.1363724023103714	1.1373355256666666	1.063497457666667	0.0057817582417582425	0.007013211208791208	0.0124717	91	0.08791208791208792	0.02197802197802198
hcptrt	02	004	emotion	2	emotion	0.12958519479954095	12	13.333333333333334	31.399188802111894	1.839054233812731	-0.0666685625910759	0.14384303987026215	1.085821891123595	1.0273919871910113	0.003218222222222222	0.008459972555555556	0.00790911	90	0.13333333333333333	0.011111111111111112
hcptrt	02	004	gambling	1	gambling	0.13231528853066676	15	11.627906976744185	32.86702720448375	1.8273862074026306	-0.06544560194015503	0.13841859996318817	1.1337007032812498	1.039134554453125	0.003257751937984496	0.007018936356589147	0.0125263	129	0.11627906976744186	0.007751937984496124
hcptrt	02	004	gambling	2	gambling	0.16147363247440502	34	26.356589147286822	28.988488571718335	1.8375940571870168	-0.067314013838768	0.14558449387550354	1.1319916024218748	1.0303797306249995	0.0030555813953488374	0.010624349069767442	0.0109494	129	0.26356589147286824	0.023255813953488372
hcptrt	02	004	language	1	language	0.12768352460138785	14	8.80503144654088	32.634243831038475	1.836078435400159	-0.06311134994029999	0.13195136189460754	1.0772701647468357	0.9962077654430381	0.0006938364779874214	0.007422734716981131	0.00601558	159	0.0880503144654088	0.0
hcptrt	02	004	language	2	language	0.13503427700007076	18	11.39240506329114	32.65019038738683	1.834641070884065	-0.06451654434204102	0.1412130445241928	1.1151267037579613	1.0324467773248402	0.0026610759493670886	0.00714698417721519	0.00496949	158	0.11392405063291139	0.012658227848101266
hcptrt	02	004	motor	1	motor	0.18930617984959303	61	42.361111111111114	29.529861812479794	1.8302082862923204	-0.06643452495336533	0.14007608592510223	1.1213183404895102	1.0177763483216788	0.0018602083333333333	0.010098845208333334	0.00574512	144	0.4236111111111111	0.006944444444444444
hcptrt	02	004	motor	2	motor	0.18321434918842258	57	39.86013986013986	29.054236125666648	1.8338055582757706	-0.06693030148744583	0.14279241859912872	1.1260010326056333	1.411339072535211	0.0018435664335664339	0.010814546783216783	0.00798143	143	0.3986013986013986	0.006993006993006993
hcptrt	02	004	relational	1	relational	0.1222254461875434	7	6.0344827586206895	35.172792485682294	1.8281192710663252	-0.06256260722875595	0.13200441002845764	1.0724180865217394	0.99876928	0.000854741379310345	0.005671101465517241	0.00719432	116	0.0603448275862069	0.0
hcptrt	02	004	relational	2	relational	0.1630884180775402	25	21.008403361344538	31.110649344627745	1.8339070893946856	-0.0665094330906868	0.14248749613761902	1.1603688441525424	1.0526018973728812	0.004703109243697479	0.007993915378151261	0.00842821	119	0.21008403361344538	0.01680672268907563
hcptrt	02	004	social	1	social	0.15001381777409564	20	14.492753623188406	32.43556213355623	1.8284819654939326	-0.06364250183105469	0.13306203484535217	1.067774713430657	0.9932209133576638	0.0005780434782608695	0.00759114536231884	0.00411872	138	0.14492753623188406	0.0
hcptrt	02	004	social	2	social	0.18570797392166938	54	38.84892086330935	29.08670364995487	1.839914990590554	-0.06660392880439758	0.14341598749160767	1.1568808328260871	1.0353577346376812	0.0038738129496402873	0.010236795395683455	0.0128971	139	0.38848920863309355	0.02158273381294964
hcptrt	02	004	wm	1	wm	0.15284317809418	37	18.68686868686869	29.359584600199014	1.835727606058251	-0.06442074477672577	0.13549426198005676	1.079645721167513	1.00394367786802	0.002171111111111111	0.010840115303030303	0.00989025	198	0.18686868686868688	0.020202020202020204
hcptrt	02	004	wm	2	wm	0.15939472935990984	37	18.592964824120603	30.71194957010448	1.8403472411474586	-0.06587046384811401	0.14219222962856293	1.1649840498989903	1.0700744345454543	0.005033216080402011	0.008135778341708541	0.00791518	199	0.18592964824120603	0.02512562814070352
hcptrt	02	005	emotion	1	emotion	0.14582174097406586	15	16.483516483516482	29.50302618648857	1.8132561778209577	-0.06029915437102318	0.13922178745269775	1.0831458053333334	1.0153343816666667	0.003802747252747253	0.010421054175824175	0.00435918	91	0.16483516483516483	0.02197802197802198
hcptrt	02	005	gambling	1	gambling	0.160797930235444	24	18.75	30.47306818625657	1.813379130928836	-0.05919178947806358	0.14328297972679138	1.1578996474803147	1.0595872677952753	0.006127499999999999	0.00898372703125	0.0038796	128	0.1875	0.015625
hcptrt	02	005	language	1	language	0.12943449815024627	22	14.012738853503185	32.26936318771914	1.8156339423541448	-0.058386124670505524	0.14263705909252167	1.1362458637820514	1.0459279328205129	0.004099872611464968	0.006767279554140128	0.00405554	157	0.14012738853503184	0.012738853503184714
hcptrt	02	005	motor	1	motor	0.2058748189249217	59	41.25874125874126	27.902705628424883	1.8005889638912733	-0.060268014669418335	0.13647006452083588	1.1485529797183092	1.0307600664788732	0.0030299300699300705	0.011787464825174825	0.00296522	143	0.4125874125874126	0.03496503496503497
hcptrt	02	005	relational	1	relational	0.18297823367339305	35	29.41176470588235	29.11843840603251	1.8121681128715514	-0.060107503086328506	0.14201104640960693	1.1068408555932205	1.0152054003389828	0.0032735294117647064	0.011290661092436977	0.00649188	119	0.29411764705882354	0.03361344537815126
hcptrt	02	005	restingstate	1	restingstate	0.1587264907282689	178	29.666666666666668	26.6165018894244	1.7962809582934949	-0.06094258651137352	0.13607488572597504	1.1461350585141905	1.0534030425709526	0.0051074	0.0141617927	0.00731264	600	0.2966666666666667	0.016666666666666666
hcptrt	02	005	social	1	social	0.1774998346684796	46	33.57664233576642	32.144040275365114	1.8172463873623521	-0.05833195149898529	0.14245744049549103	1.147697408970588	1.0291391224264699	0.002463649635036497	0.007014540583941606	0.00309334	137	0.3357664233576642	0.0072992700729927005
hcptrt	02	005	wm	1	wm	0.1448816641762983	34	16.831683168316832	31.601701574982144	1.8219075588986666	-0.058468662202358246	0.14351196587085724	1.1500366888557212	1.0481898014925377	0.003709554455445545	0.007373546188118811	0.00575514	202	0.16831683168316833	0.01485148514851485
hcptrt	02	006	emotion	1	emotion	0.11552440767600773	0	0.0	37.331048608291894	1.7836762383505729	-0.05886416137218475	0.13014377653598785	1.0998787186516852	1.026422006516854	0.0010864444444444446	0.004487868	0.00520005	90	0.0	0.0
hcptrt	02	006	emotion	2	emotion	0.13338614754444517	12	13.186813186813186	32.13913564977702	1.8152952112121514	-0.06089746206998825	0.1393996775150299	1.1587345117777779	1.0580897481111107	0.005151648351648352	0.007446556153846155	0.0106558	91	0.13186813186813187	0.02197802197802198
hcptrt	02	006	gambling	1	gambling	0.12173959926362365	8	6.25	33.85365867521614	1.7851263659851722	-0.06108570843935013	0.13469097018241882	1.0780029433070866	1.0038833986614177	0.0019057031249999998	0.0062761886718749995	0.00415012	128	0.0625	0.0078125
hcptrt	02	006	gambling	2	gambling	0.1690583551088285	32	25.19685039370079	30.809728057589382	1.8159685455452796	-0.061860136687755585	0.1393832266330719	1.1839992391269842	1.057132853333333	0.005892440944881889	0.008731547086614173	0.00840267	127	0.25196850393700787	0.023622047244094488
hcptrt	02	006	language	1	language	0.09753958830706032	10	6.329113924050633	31.20140534127131	1.781447599244539	-0.06220323219895363	0.1374112069606781	1.0643007935031852	1.0723416931210186	0.002018860759493671	0.008647339556962026	0.00229792	158	0.06329113924050633	0.006329113924050633
hcptrt	02	006	language	2	language	0.1385895532939143	34	21.518987341772153	30.629206305369735	1.8085004212219822	-0.06037495657801628	0.1424987018108368	1.1326294598089166	1.0457508199363061	0.0030670886075949365	0.008711439367088607	0.00813585	158	0.21518987341772153	0.006329113924050633
hcptrt	02	006	motor	1	motor	0.16135276484769903	26	18.181818181818183	28.709339341614395	1.793662640034771	-0.061795469373464584	0.13736079633235931	1.1003414719718303	1.0159766643661976	0.0018280419580419583	0.01096879818181818	0.00355153	143	0.18181818181818182	0.013986013986013986
hcptrt	02	006	motor	2	motor	0.18672805109172075	49	34.50704225352113	28.404301163507625	1.8066968217972375	-0.06145242229104042	0.1405952423810959	1.1258788855319146	1.0232008187234043	0.0024443661971830987	0.011506448380281689	0.00621971	142	0.34507042253521125	0.04225352112676056
hcptrt	02	006	relational	1	relational	0.1358261634199855	7	5.932203389830509	34.233611800242215	1.7811615999601644	-0.06167542189359665	0.13735169172286987	1.0996220769230771	1.018590609316239	0.0016881355932203388	0.0059095696610169494	0.00495514	118	0.059322033898305086	0.0
hcptrt	02	006	relational	2	relational	0.13094755358578541	9	7.627118644067797	33.69791279034689	1.8074361104921197	-0.0599367581307888	0.13800470530986786	1.1385188875213668	1.0511259350427349	0.0037092372881355933	0.006116004152542372	0.00417182	118	0.07627118644067797	0.01694915254237288
hcptrt	02	006	social	1	social	0.15333859713844308	27	19.424460431654676	32.93129976151977	1.783010032219389	-0.06024353951215744	0.12941889464855194	1.0999166028985512	1.0017808197101448	0.0008943165467625899	0.006761369208633093	0.00715857	139	0.19424460431654678	0.0
hcptrt	02	006	social	2	social	0.20983688319588575	55	39.85507246376812	25.897437187377363	1.8265970297473495	-0.059554073959589005	0.14190518856048584	1.145427443430657	1.0311135224087589	0.0030476811594202895	0.015624066014492753	0.0087222	138	0.39855072463768115	0.050724637681159424
hcptrt	02	006	wm	1	wm	0.11110187262642418	9	4.5	32.824501510709524	1.7983359427677665	-0.059919144958257675	0.1364864856004715	1.1058458545728644	1.0294382154773873	0.0031227	0.0067450073	0.00325245	200	0.045	0.01
hcptrt	02	006	wm	2	wm	0.1331972743688359	30	14.851485148514852	31.384074306115508	1.816106357690308	-0.060607705265283585	0.14159943163394928	1.1234718310447762	1.0366096772139302	0.0030156930693069307	0.007832297772277227	0.0128301	202	0.1485148514851485	0.009900990099009901
hcptrt	02	007	emotion	1	emotion	0.14965974237684176	25	27.17391304347826	32.069918107939884	1.8142448533772288	-0.05882268399000168	0.14265766739845276	1.1197542526373625	1.0220965443956043	0.003662826086956522	0.007515314891304347	0.0120212	92	0.2717391304347826	0.010869565217391304
hcptrt	02	007	gambling	1	gambling	0.16238559768511884	32	24.8062015503876	31.373681977391243	1.8094472800000492	-0.05845777317881584	0.13881200551986694	1.1660105629687503	1.04690969296875	0.0030935658914728686	0.008093317286821706	0.0106881	129	0.24806201550387597	0.007751937984496124
hcptrt	02	007	language	1	language	0.17090063577726644	47	29.746835443037973	29.257289827801287	1.8071495821940895	-0.05756014958024025	0.14224959909915924	1.1097921724203816	1.017776459490446	0.0022560759493670886	0.010529562974683545	0.00683736	158	0.2974683544303797	0.0189873417721519
hcptrt	02	007	motor	1	motor	0.20132575786890164	67	46.85314685314685	27.39219929545652	1.8122075939408049	-0.06087997555732727	0.14319908618927002	1.1118313773239437	1.002408130140845	0.0015567132867132865	0.014698875594405596	0.00491298	143	0.46853146853146854	0.013986013986013986
hcptrt	02	007	relational	1	relational	0.17580287554492394	36	30.252100840336134	29.937211606651545	1.8163558606214905	-0.0588344931602478	0.1430223435163498	1.1409329277118647	1.0310426257627119	0.0035794117647058817	0.009576114369747897	0.00795001	119	0.3025210084033613	0.03361344537815126
hcptrt	02	007	restingstate	1	restingstate	0.12954060286155167	119	19.833333333333332	30.014994992816355	1.7923924865397862	-0.0598013699054718	0.13709107041358948	1.153991915959934	1.0444343372287146	0.0024028166666666666	0.01080180455	0.00905042	600	0.19833333333333333	0.0
hcptrt	02	007	social	1	social	0.17435635936106092	40	28.776978417266186	28.70764337060973	1.8233199567971319	-0.05915798619389534	0.14193673431873322	1.1189348759420286	1.0166985747826083	0.002198920863309353	0.011268273453237412	0.00940632	139	0.28776978417266186	0.014388489208633094
hcptrt	02	007	wm	1	wm	0.15906150800230928	45	22.277227722772277	26.228582579642534	1.8244790270021565	-0.062005769461393356	0.1436447650194168	0.9987610051741294	0.9464250638805971	0.000961089108910891	0.02019644915841584	0.00367803	202	0.22277227722772278	0.009900990099009901
hcptrt	02	008	emotion	1	emotion	0.17354871331515995	19	20.652173913043477	32.64880992891267	1.8190494249102038	-0.05956760048866272	0.1321224421262741	1.125343628351649	1.029402101428572	0.004530434782608696	0.007061228369565218	0.00650623	92	0.20652173913043478	0.03260869565217391
hcptrt	02	008	emotion	2	emotion	0.1542220000032247	15	16.304347826086957	32.32315333443694	1.8494665596681172	-0.06048092618584633	0.14466865360736847	1.1156862375824177	1.0364040721978023	0.005200000000000001	0.00766480152173913	0.00666565	92	0.16304347826086957	0.03260869565217391
hcptrt	02	008	gambling	1	gambling	0.13169355481150527	21	16.666666666666668	32.73671100754291	1.825116148414303	-0.06060522049665451	0.13684967160224915	1.1462896991199998	1.0598951153599998	0.004303492063492061	0.006885320317460317	0.00408374	126	0.16666666666666666	0.015873015873015872
hcptrt	02	008	gambling	2	gambling	0.1276649758882101	9	7.086614173228346	36.272747931070626	1.8344404375581211	-0.060540128499269485	0.14037850499153137	1.070686459444444	1.0066456148412701	0.0007670078740157481	0.004942966929133858	0.00347909	127	0.07086614173228346	0.0
hcptrt	02	008	language	1	language	0.12566515745371565	20	12.658227848101266	33.014259569346905	1.8182785914938084	-0.05923422425985336	0.13125300407409668	1.1118425361146491	1.0328628201910826	0.002802974683544304	0.006728359620253164	0.0060203	158	0.12658227848101267	0.006329113924050633
hcptrt	02	008	language	2	language	0.14672716822901077	35	22.29299363057325	31.02079033991322	1.846714426607054	-0.0606880746781826	0.14348195493221283	1.1082706864102565	1.0327156448076924	0.003037452229299363	0.00853424101910828	0.00455669	157	0.2229299363057325	0.012738853503184714
hcptrt	02	008	motor	1	motor	0.17468757602057944	36	25.174825174825173	27.936124109197408	1.8107404180075404	-0.05890586972236633	0.1316782385110855	1.0786593053521132	0.9941063196478881	0.0016188811188811187	0.012837827552447553	0.00410007	143	0.2517482517482518	0.02097902097902098
hcptrt	02	008	motor	2	motor	0.18344118762034956	50	35.2112676056338	29.784083384787664	1.8320869859354472	-0.06149785965681076	0.13987766206264496	1.1365499787943263	1.0344013270921988	0.003334647887323944	0.010246090915492959	0.00659783	142	0.352112676056338	0.014084507042253521
hcptrt	02	008	relational	1	relational	0.12556956370187636	10	8.474576271186441	34.489458120660856	1.81949677821727	-0.06033700704574585	0.13548114895820618	1.1477759784615387	1.0715055335897437	0.0046030508474576275	0.005720479830508474	0.0026134	118	0.0847457627118644	0.01694915254237288
hcptrt	02	008	relational	2	relational	0.155636958894843	27	22.88135593220339	30.57475674629677	1.8331729345834027	-0.061434291303157806	0.1394108533859253	1.1088281363247863	1.0614649903418805	0.0033226271186440675	0.008836702796610172	0.00612198	118	0.2288135593220339	0.01694915254237288
hcptrt	02	008	social	1	social	0.1314478354026628	14	10.218978102189782	35.622221761150286	1.8062423470982407	-0.05784257501363754	0.13116875290870667	1.0885314453676473	1.005493720955882	0.000662043795620438	0.005061551240875912	0.00556197	137	0.10218978102189781	0.0
hcptrt	02	008	social	2	social	0.14269008033130984	20	14.492753623188406	32.281370609416626	1.8457518374806332	-0.060775287449359894	0.1428084820508957	1.1254924447445256	1.0392552764963503	0.0036931884057971017	0.0076631347101449275	0.00722157	138	0.14492753623188406	0.014492753623188406
hcptrt	02	008	wm	1	wm	0.12536072333313486	20	9.950248756218905	33.18724686419591	1.8205545456281107	-0.059330809861421585	0.13337461650371552	1.115206891	1.0374052400999993	0.0033358706467661696	0.006771341144278607	0.00431973	201	0.09950248756218906	0.014925373134328358
hcptrt	02	008	wm	2	wm	0.12502521029944333	18	8.910891089108912	30.26477061677724	1.8468047195801596	-0.061227720230817795	0.14399126172065735	1.0522623907462683	1.0130832448756224	0.0029302970297029702	0.009349862029702971	0.00415947	202	0.0891089108910891	0.019801980198019802
hcptrt	02	009	emotion	1	emotion	0.15409019751760136	12	13.636363636363637	32.82726376620121	1.8070249888816936	-0.060232095420360565	0.1420210599899292	1.12965925091954	1.03747836	0.004936931818181819	0.006457967954545454	0.00386064	88	0.13636363636363635	0.011363636363636364
hcptrt	02	009	gambling	1	gambling	0.1493149499107939	28	22.22222222222222	31.906605522613972	1.802404316475714	-0.06063976138830185	0.1414453685283661	1.1137294099200001	1.0283924693599997	0.0024220634920634923	0.006765278015873016	0.00611076	126	0.2222222222222222	0.023809523809523808
hcptrt	02	009	language	1	language	0.15759860059852304	35	22.435897435897434	29.55571924475953	1.7952019171329372	-0.061115119606256485	0.1411740779876709	1.1346661940645166	1.0451323507741939	0.004246217948717948	0.008945856794871795	0.00326103	156	0.22435897435897437	0.02564102564102564
hcptrt	02	009	motor	1	motor	0.2003137380504007	62	43.35664335664335	25.140931910136715	1.805458439888238	-0.06282954663038254	0.14472511410713196	1.0916593011267608	1.000636767183099	0.001985384615384615	0.016964165734265735	0.00621808	143	0.43356643356643354	0.027972027972027972
hcptrt	02	009	relational	1	relational	0.15639023983230996	24	20.512820512820515	31.102566104382277	1.8049513034628537	-0.060407958924770355	0.14418938755989075	1.1294009125	1.0295050402586208	0.0023215384615384613	0.007496676666666666	0.00590613	117	0.20512820512820512	0.017094017094017096
hcptrt	02	009	restingstate	1	restingstate	0.18993075265864118	229	38.230383973288816	24.457666674046777	1.800773011258856	-0.060767579823732376	0.1362675577402115	1.0661225595484953	0.9882526582775923	0.002324173622704507	0.01899262060100167	0.00610973	599	0.3823038397328882	0.03005008347245409
hcptrt	02	009	social	1	social	0.1516923878779597	31	22.463768115942027	29.85556271346286	1.7936942595929666	-0.06035270169377327	0.13792333006858826	1.1164339070802924	1.0230381544525546	0.0019239130434782609	0.008829303333333333	0.00444511	138	0.2246376811594203	0.021739130434782608
hcptrt	02	009	wm	1	wm	0.1531739814963592	36	17.821782178217823	30.86202787933871	1.798603061770322	-0.06043260917067528	0.14330653846263885	1.1489087858706464	1.0482403366169153	0.0036440099009900986	0.007533765544554456	0.0110887	202	0.1782178217821782	0.0297029702970297
hcptrt	02	010	emotion	1	emotion	0.1452419501857424	11	11.956521739130435	33.95853016292676	1.8242469742502452	-0.06289425492286682	0.13432562351226807	1.1373738954945054	1.035083273956044	0.0043258695652173915	0.006121852282608695	0.0126455	92	0.11956521739130435	0.010869565217391304
hcptrt	02	010	emotion	2	emotion	0.12574456121303393	11	11.956521739130435	32.507167233736254	1.8357692780282246	-0.06278316676616669	0.13453218340873718	1.1247551382417582	1.0488712027472527	0.005476086956521739	0.006874415326086955	0.0127155	92	0.11956521739130435	0.010869565217391304
hcptrt	02	010	gambling	1	gambling	0.16032415447025633	30	23.25581395348837	31.074915591161698	1.8228421396005188	-0.06207258626818657	0.1300319880247116	1.144812996640625	1.0363472171875003	0.003337751937984496	0.008009238914728682	0.0128703	129	0.23255813953488372	0.023255813953488372
hcptrt	02	010	gambling	2	gambling	0.1651568022019006	33	25.984251968503937	30.20302071934566	1.8330231427932906	-0.06329330056905746	0.13417403399944305	1.1292793368253966	1.0258939245238097	0.003101023622047244	0.00900606653543307	0.00856445	127	0.25984251968503935	0.023622047244094488
hcptrt	02	010	language	1	language	0.14092689503205258	25	15.723270440251572	31.576204679673538	1.8231476716513908	-0.0616486556828022	0.12454131990671158	1.0708773134810126	0.989842993544304	0.0007123270440251572	0.007851918113207547	0.0175605	159	0.15723270440251572	0.0
hcptrt	02	010	language	2	language	0.19311219423075363	57	36.075949367088604	27.890828876639716	1.8345822960949068	-0.064984530210495	0.13493621349334717	1.1106968937579622	1.0162237458598722	0.0022132278481012658	0.012647648037974683	0.00736706	158	0.36075949367088606	0.03164556962025317
hcptrt	02	010	motor	1	motor	0.22198166043816037	68	47.22222222222222	26.3446724973619	1.8305718939998574	-0.06282830238342285	0.13249754905700684	1.1099442672727273	0.999652106713287	0.0022129861111111113	0.01409014236111111	0.00708615	144	0.4722222222222222	0.05555555555555555
hcptrt	02	010	motor	2	motor	0.20745766927922593	59	40.97222222222222	25.63686711230548	1.8386067096970102	-0.0646245926618576	0.13805188238620758	1.0985218486013981	1.0073421460839154	0.0022984722222222217	0.015827785416666667	0.0070419	144	0.4097222222222222	0.041666666666666664
hcptrt	02	010	relational	1	relational	0.1350161901572912	18	15.126050420168067	34.90606632898562	1.822604176850615	-0.06275826692581177	0.12811005115509033	1.1048260911864412	1.0153614456779665	0.0013831932773109247	0.005627302773109245	0.0112627	119	0.15126050420168066	0.0
hcptrt	02	010	relational	2	relational	0.1598602002765875	28	23.728813559322035	32.687904444755986	1.8381448053042426	-0.06431582570075989	0.13665539026260376	1.1555068627350433	1.0456911683760688	0.0028719491525423728	0.006820835677966101	0.010664	118	0.23728813559322035	0.00847457627118644
hcptrt	02	010	social	1	social	0.1716717282807741	45	32.37410071942446	29.938391003757715	1.8247921340983322	-0.06264588981866837	0.1308813989162445	1.1427289410869563	1.033764678405797	0.0033997122302158274	0.00933553618705036	0.00842272	139	0.3237410071942446	0.007194244604316547
hcptrt	02	010	social	2	social	0.18870912763240616	54	39.130434782608695	29.510562929790467	1.8396040492980368	-0.06338107585906982	0.13565026223659515	1.143875117518248	1.0331321593430662	0.002416304347826087	0.009806780000000001	0.00937419	138	0.391304347826087	0.028985507246376812
hcptrt	02	010	wm	1	wm	0.1431773811444637	29	14.356435643564357	32.784814048558474	1.8265939839190628	-0.06272020936012268	0.13357789814472198	1.1401476407960192	1.0371768507960193	0.0028635643564356435	0.0069204659900990095	0.0122839	202	0.14356435643564355	0.024752475247524754
hcptrt	02	010	wm	2	wm	0.1578926369339986	45	22.388059701492537	28.76924495608546	1.8396852246197832	-0.06451109796762466	0.13851188123226166	1.1436615453	1.0482806	0.0037318905472636817	0.010174777313432835	0.0106541	201	0.22388059701492538	0.024875621890547265
hcptrt	03	001	emotion	1	emotion	0.07770940398177958	0	0.0	38.92503877636045	2.1774548022448443	-0.017611127346754074	0.050773587077856064	1.0635747608988768	1.0317902891011232	0.001111777777777778	0.004035623888888889	0.00353438	90	0.0	0.0
hcptrt	03	001	emotion	2	emotion	0.07275302265450297	0	0.0	38.78991981386207	2.1841907059973313	-0.01784018613398075	0.050364647060632706	1.045540299111111	1.019024125	0.0011585714285714285	0.004124635494505495	0.00396517	91	0.0	0.0
hcptrt	03	001	gambling	1	gambling	0.07758439337422043	0	0.0	37.49623467354104	2.1759338151603673	-0.017176443710923195	0.05007920041680336	1.038787386062992	0.998402542519685	0.000771875	0.004517430937500001	0.00377482	128	0.0	0.0
hcptrt	03	001	gambling	2	gambling	0.07112544041771769	0	0.0	38.30866920389235	2.18466248095694	-0.017935823649168015	0.052004437893629074	1.0610058314285713	1.0148128789682536	0.0008827559055118111	0.004216887244094488	0.00361082	127	0.0	0.0
hcptrt	03	001	language	1	language	0.08630537347257143	1	0.6289308176100629	36.72627080581151	2.1809562210503204	-0.01769077591598034	0.05119754746556282	1.0356351385443037	1.0042961104430377	0.000640754716981132	0.0051370855345911955	0.00587249	159	0.006289308176100629	0.0
hcptrt	03	001	language	2	language	0.07297516416229284	0	0.0	35.76946696965024	2.1902109208733203	-0.017946304753422737	0.05109773203730583	1.0402811313924047	1.0035979433544309	0.0006306918238993711	0.00575254893081761	0.0062507	159	0.0	0.0
hcptrt	03	001	motor	1	motor	0.10483988694573883	9	6.25	33.518798654549755	2.181247745650954	-0.01837552897632122	0.05225386470556259	1.106537292517483	1.0641784732867126	0.005706875	0.006315677430555555	0.0117831	144	0.0625	0.027777777777777776
hcptrt	03	001	motor	2	motor	0.08511754246023394	0	0.0	36.56224003597163	2.178034314725481	-0.0183733981102705	0.05133480951189995	1.028313175944056	0.9978297424475527	0.0007124305555555556	0.005167445277777778	0.00480762	144	0.0	0.0
hcptrt	03	001	relational	1	relational	0.08923660870560793	0	0.0	37.404092996846884	2.1703796049995723	-0.016560768708586693	0.048961762338876724	1.0638368915384617	1.023748508547008	0.0008974576271186441	0.004613760677966101	0.00716107	118	0.0	0.0
hcptrt	03	001	relational	2	relational	0.07445641950420659	1	0.847457627118644	36.68625478260219	2.1825478087734855	-0.017715713009238243	0.051973484456539154	1.0704238360683762	1.0290808612820517	0.0015042372881355931	0.005138061101694916	0.00217885	118	0.00847457627118644	0.0
hcptrt	03	001	social	1	social	0.07965755545517134	0	0.0	37.71117772825528	2.1706177363873285	-0.01694074459373951	0.04912799224257469	1.0575343547826095	1.0108486135507244	0.0008036690647482015	0.004536111870503598	0.00493009	139	0.0	0.0
hcptrt	03	001	social	2	social	0.07448431978349593	0	0.0	38.01734880823642	2.1837759932645286	-0.017983119934797287	0.04952355846762657	1.0635362801459853	1.0192604689051092	0.0006894202898550725	0.004366856666666667	0.0065553	138	0.0	0.0
hcptrt	03	001	wm	1	wm	0.07706819938574463	0	0.0	37.96502652391791	2.230046760782065	-0.015877744182944298	0.05687495321035385	1.0580135989552235	1.009419369154229	0.0005340099009900989	0.004943258811881188	0.00490057	202	0.0	0.0
hcptrt	03	001	wm	2	wm	0.07370134007342581	2	1.0	38.57431474328041	2.226924271496708	-0.016518065705895424	0.05579819902777672	1.0549087887437183	1.003958438592965	0.00064135	0.0045431995	0.00285181	200	0.01	0.0
hcptrt	03	002	emotion	1	emotion	0.06189277613051576	0	0.0	38.887894930318	2.1853134955395705	-0.01700661890208721	0.04996335506439209	1.062328541868132	1.0073078439560443	0.0013154347826086956	0.003967666739130435	0.00427289	92	0.0	0.0
hcptrt	03	002	gambling	1	gambling	0.06343741172103268	0	0.0	38.57929293299094	2.187789984047034	-0.017230259254574776	0.050066132098436356	1.062345804173228	1.0035689750393695	0.000760703125	0.003955851874999999	0.00600222	128	0.0	0.0
hcptrt	03	002	language	1	language	0.06955049287685074	0	0.0	35.16070269374177	2.193936259636851	-0.01721782051026821	0.05014855042099953	1.0528558295569617	0.9997905789240509	0.0006952830188679245	0.005568662264150944	0.0112196	159	0.0	0.0
hcptrt	03	002	motor	1	motor	0.07212168756074581	2	1.4184397163120568	38.06688714493066	2.18601278516284	-0.016832679510116577	0.04939218983054161	1.0680286722142858	1.0105237855714284	0.0006680141843971632	0.004279395177304965	0.00520544	141	0.014184397163120567	0.0
hcptrt	03	002	relational	1	relational	0.06874262982465892	0	0.0	38.21819812292233	2.1858622536425134	-0.016648659482598305	0.04932936280965805	1.0711096376068376	1.0229372189743589	0.0008827118644067796	0.004068629745762712	0.00562558	118	0.0	0.0
hcptrt	03	002	restingstate	1	restingstate	0.08702787076174265	1	0.16666666666666666	32.11473862698767	2.1892083677848913	-0.0165263582020998	0.04933954402804375	1.0390392677295501	0.9769486507846398	0.00022651666666666668	0.008592270483333334	0.00785552	600	0.0016666666666666668	0.0
hcptrt	03	002	social	1	social	0.06513985666002428	0	0.0	37.872883279575035	2.1962915066838553	-0.017252527177333832	0.04951148480176926	1.0798881004379561	1.0201390127737229	0.0007589130434782609	0.004221159275362319	0.00517496	138	0.0	0.0
hcptrt	03	002	wm	1	wm	0.057346845075996807	0	0.0	37.72311723139137	2.198280982837057	-0.017193879932165146	0.050426285713911057	1.0587449170351766	1.003788521557789	0.0005768999999999999	0.00414918955	0.00371717	200	0.0	0.0
hcptrt	03	003	emotion	1	emotion	0.06842965196675813	0	0.0	38.63002288993448	2.171479415083638	-0.017341187223792076	0.05096876248717308	1.0382191685555555	1.0182348628888889	0.0010759340659340661	0.0039553434065934066	0.00448535	91	0.0	0.0
hcptrt	03	003	emotion	2	emotion	0.06325728162672707	0	0.0	38.62635617586784	2.1743937710432766	-0.017512785270810127	0.051757700741291046	1.0213790143956047	1.0615722562637364	0.001251304347826087	0.0038669643478260875	0.00525451	92	0.0	0.0
hcptrt	03	003	gambling	1	gambling	0.06489958929564874	0	0.0	38.52986725745723	2.175021908521579	-0.017403166741132736	0.05108311399817467	1.03687160625	1.0145269464843745	0.0008022480620155038	0.004003069922480619	0.00438799	129	0.0	0.0
hcptrt	03	003	gambling	2	gambling	0.06842761460497014	0	0.0	37.58269347483292	2.178347598243504	-0.017773769795894623	0.052206311374902725	1.0279963688976375	1.0039477185039372	0.000868046875	0.0043713432812500005	0.00614907	128	0.0	0.0
hcptrt	03	003	language	1	language	0.07041690280559967	4	2.5316455696202533	36.32547908928245	2.1594795402648943	-0.017617758363485336	0.0505450963973999	1.0517458896815284	1.0242500654777074	0.001426139240506329	0.005056152658227848	0.00748815	158	0.02531645569620253	0.0
hcptrt	03	003	language	2	language	0.0753162140878279	1	0.6289308176100629	35.960847231326625	2.1821629566273613	-0.017674211412668228	0.05238620191812515	1.0403560747468352	1.0161502644936706	0.0014432704402515724	0.005166259119496855	0.00775477	159	0.006289308176100629	0.006289308176100629
hcptrt	03	003	motor	1	motor	0.0945020761582362	9	6.293706293706293	35.300178791047074	2.1700133171434555	-0.017634712159633636	0.05044005066156387	1.0507421040845064	1.0164964116901412	0.0014606993006993007	0.005379976993006993	0.00490964	143	0.06293706293706294	0.0
hcptrt	03	003	motor	2	motor	0.08788707828604786	5	3.4722222222222223	34.30690884741489	2.1776632239254425	-0.017622897401452065	0.05106974393129349	1.033252362517482	1.0034770938461544	0.0013656249999999999	0.006035588888888889	0.00421885	144	0.034722222222222224	0.0
hcptrt	03	003	relational	1	relational	0.07459935145286646	1	0.8403361344537815	35.89171079872176	2.16866793952875	-0.017574656754732132	0.0503053292632103	1.0344696131355933	1.0123486153389831	0.0011968907563025212	0.0050279522689075625	0.00433964	119	0.008403361344537815	0.0
hcptrt	03	003	relational	2	relational	0.07481427520893627	1	0.8403361344537815	35.241181042045355	2.178063919166016	-0.017862608656287193	0.05231628566980362	1.0462726176271182	1.0207835548305082	0.0018249579831932773	0.005575603781512606	0.00487599	119	0.008403361344537815	0.0
hcptrt	03	003	social	1	social	0.07773482813075402	0	0.0	37.909810753539205	2.1638494892749423	-0.01745796762406826	0.050321754068136215	1.0385788088405805	1.0094810694927534	0.0007387769784172662	0.004098846402877698	0.00472202	139	0.0	0.0
hcptrt	03	003	social	2	social	0.06361556031003987	1	0.7194244604316546	37.143684681504965	2.1782751350437852	-0.01779714785516262	0.05178544670343399	1.0393189921014496	1.009615918478261	0.0006674820143884893	0.004404122302158274	0.00715098	139	0.007194244604316547	0.0
hcptrt	03	004	emotion	1	emotion	0.06937747066753187	2	2.197802197802198	38.233336744015105	2.188945782695842	-0.01616591028869152	0.04828367382287979	1.0746281667777777	1.0303271874444444	0.002013076923076923	0.0041881209890109895	0.00365793	91	0.02197802197802198	0.0
hcptrt	03	004	gambling	1	gambling	0.06792761243208767	0	0.0	38.751157080288976	2.1728461721357415	-0.01664513722062111	0.04940158128738403	1.0608695657480316	1.003874312519685	0.000831484375	0.00398012671875	0.00361117	128	0.0	0.0
hcptrt	03	004	language	1	language	0.06933495320674517	2	1.2578616352201257	36.627331796335056	2.1877760225431704	-0.017030756920576096	0.04996594041585922	1.0579398631012653	1.011879634873418	0.0008871069182389938	0.004860301383647799	0.00465098	159	0.012578616352201259	0.0
hcptrt	03	004	motor	1	motor	0.07544473713637016	1	0.704225352112676	37.503632738487795	2.1897970256033954	-0.016726834699511528	0.04945753142237663	1.0704340817021276	1.0194444752482275	0.0007233802816901409	0.004546859225352112	0.00470791	142	0.007042253521126761	0.0
hcptrt	03	004	relational	1	relational	0.06894396763641131	0	0.0	37.42248740862124	2.1925330681513087	-0.016647199168801308	0.0492117814719677	1.0684729329059826	1.0266609560683757	0.0010966949152542373	0.004378589237288135	0.00637272	118	0.0	0.0
hcptrt	03	004	restingstate	1	restingstate	0.07430284632538642	2	0.33444816053511706	35.81200328283012	2.1844399156120575	-0.01651090756058693	0.0496489480137825	1.0771720851423778	1.006579034405361	0.00035687290969899663	0.005415891371237458	0.00637913	598	0.0033444816053511705	0.0
hcptrt	03	004	social	1	social	0.06711810042644435	0	0.0	37.88075178966392	2.197148835749515	-0.016975805163383484	0.05002705007791519	1.0575505589130438	1.0101061771014488	0.0007022302158273382	0.00429591762589928	0.00543222	139	0.0	0.0
hcptrt	03	004	wm	1	wm	0.05760322367613958	0	0.0	37.67504537617788	2.195799712800156	-0.01708376780152321	0.05092350393533707	1.05888982015	1.00404019215	0.0005122388059701493	0.004271188208955224	0.00297989	201	0.0	0.0
hcptrt	03	005	emotion	1	emotion	0.07204772137882733	0	0.0	38.989186962135136	2.1974194813750256	-0.015456019900739193	0.04680897668004036	1.0537391007954546	1.0201255885227272	0.001187191011235955	0.003961609775280899	0.00373646	89	0.0	0.0
hcptrt	03	005	gambling	1	gambling	0.05932735191408978	0	0.0	38.27258845791221	2.1909036339725763	-0.015406323596835136	0.046441830694675446	1.044512597716536	1.0026484348818898	0.0007903125	0.00419626140625	0.00398817	128	0.0	0.0
hcptrt	03	005	language	1	language	0.08509400277317015	7	4.430379746835443	34.108356708311476	2.205936300683663	-0.016102388501167297	0.04697846621274948	1.0825143619108277	1.039268824968153	0.0020753164556962032	0.006668012151898733	0.00420042	158	0.04430379746835443	0.0
hcptrt	03	005	motor	1	motor	0.06642543005201185	0	0.0	38.37754975631833	2.1771148690700453	-0.015865324065089226	0.04685011878609657	1.0446357326760556	1.0125829595774647	0.00077	0.004217666083916084	0.00298813	143	0.0	0.0
hcptrt	03	005	relational	1	relational	0.06568454910256391	0	0.0	37.67193988256622	2.184680354647974	-0.015503189526498318	0.04630345478653908	1.0470655647457627	1.0125787274576274	0.0009521848739495797	0.004512403361344537	0.00492881	119	0.0	0.0
hcptrt	03	005	restingstate	1	restingstate	0.06881991712820484	1	0.1669449081803005	35.08088268246502	2.1715080215705513	-0.015871332958340645	0.04654177278280258	1.0267949847993316	0.9990121253010035	0.00040704507512520866	0.005851038297161937	0.00830154	599	0.001669449081803005	0.0
hcptrt	03	005	social	1	social	0.05773554411191998	0	0.0	38.42976569663733	2.195002140642556	-0.015395783819258213	0.04645445942878723	1.0620054398540144	1.0193615946715329	0.0007347826086956522	0.004137908623188406	0.00485243	138	0.0	0.0
hcptrt	03	005	wm	1	wm	0.05222528302038254	0	0.0	37.21441864850931	2.196668031477711	-0.01538903545588255	0.04649515077471733	1.054918413084578	1.0142351718905478	0.0005968811881188119	0.004465451534653465	0.00600213	202	0.0	0.0
hcptrt	03	006	emotion	1	emotion	0.059651797360927857	0	0.0	39.16422876063734	2.1827464385015993	-0.016393493860960007	0.05141356587409973	1.0676700125555556	1.0175964026666666	0.0011353846153846151	0.004079802087912089	0.0046027	91	0.0	0.0
hcptrt	03	006	emotion	2	emotion	0.07291692427384934	2	2.1739130434782608	38.291607927531004	2.206211139821986	-0.016859885305166245	0.05191662162542343	1.0572730881318682	1.0141300672527473	0.002014782608695652	0.004254930543478261	0.00490851	92	0.021739130434782608	0.0
hcptrt	03	006	gambling	1	gambling	0.06450103684224893	0	0.0	37.703122748062015	2.181537723068924	-0.01648484542965889	0.05124858394265175	1.0650613685039372	1.0015131290551182	0.0007342968749999999	0.004656755937500001	0.00428569	128	0.0	0.0
hcptrt	03	006	gambling	2	gambling	0.06422769215995101	0	0.0	37.82801909837872	2.1922938109482697	-0.0169290192425251	0.05197262391448021	1.0665072337500001	1.0092788860937496	0.0007989922480620155	0.004666422093023256	0.00694736	129	0.0	0.0
hcptrt	03	006	language	1	language	0.06713197104924526	0	0.0	37.58139081147965	2.180339996032341	-0.01609935611486435	0.050469186156988144	1.0777127937179494	1.0047100887179485	0.0005989808917197452	0.0049194451592356695	0.00538902	157	0.0	0.0
hcptrt	03	006	language	2	language	0.08100443238934972	5	3.1446540880503147	34.03966438025236	2.1972106627634487	-0.017247995361685753	0.052315160632133484	1.0618247548101263	1.0159689869620256	0.0021982389937106922	0.006838689056603774	0.00498766	159	0.031446540880503145	0.0
hcptrt	03	006	motor	1	motor	0.06808675641030967	0	0.0	38.41849001683295	2.1731783529507447	-0.01622675359249115	0.04996810480952263	1.0729266921678327	1.0010390764335668	0.0007174305555555556	0.004631394861111111	0.00469404	144	0.0	0.0
hcptrt	03	006	motor	2	motor	0.07169255766268531	0	0.0	37.29669558349997	2.186439246653136	-0.016863062977790833	0.05181332677602768	1.0576462099295776	1.0068664361971833	0.0006651748251748251	0.004861074475524476	0.0044267	143	0.0	0.0
hcptrt	03	006	relational	1	relational	0.05950968277794924	0	0.0	38.84597713500261	2.1652202307800668	-0.016111932694911957	0.04928047955036163	1.0721872947413793	1.0117849951724138	0.0007828205128205129	0.004108658034188035	0.00355302	117	0.0	0.0
hcptrt	03	006	relational	2	relational	0.06804153076591206	0	0.0	37.29722243268043	2.1945227170055857	-0.016807276755571365	0.051252469420433044	1.067998107118644	1.02226062440678	0.0016340336134453776	0.0046893310924369744	0.00624331	119	0.0	0.0
hcptrt	03	006	social	1	social	0.062886457781321	0	0.0	38.611725504277274	2.1893926583779253	-0.016400514170527458	0.05084366723895073	1.0921183358695647	1.0107292886231884	0.000769568345323741	0.0044786747482014385	0.00948436	139	0.0	0.0
hcptrt	03	006	social	2	social	0.06092041349316548	0	0.0	38.31630384991877	2.187394286671314	-0.016796737909317017	0.05213361233472824	1.0675867365217384	1.0092447269565215	0.0007148201438848921	0.004453131151079136	0.00539169	139	0.0	0.0
hcptrt	03	006	wm	1	wm	0.062382644963313666	0	0.0	38.48470732499845	2.184761912680525	-0.01580261066555977	0.05021052435040474	1.0803514088000004	1.0050379800000002	0.0004449253731343284	0.004361367014925372	0.00378658	201	0.0	0.0
hcptrt	03	006	wm	2	wm	0.06521890426712923	0	0.0	37.3585441429168	2.201599498442216	-0.016474349424242973	0.05127154663205147	1.0476921584500003	1.0003601285000001	0.00043422885572139304	0.004538466567164179	0.00650182	201	0.0	0.0
hcptrt	03	007	emotion	1	emotion	0.04984198214672902	0	0.0	39.050345628056675	2.1643323314135627	-0.016876332461833954	0.04963606595993042	1.0607544858888889	1.0256110723333338	0.0010919780219780222	0.004056642417582417	0.00304382	91	0.0	0.0
hcptrt	03	007	gambling	1	gambling	0.06232023606839042	0	0.0	38.10567976324819	2.163746186722264	-0.01629946380853653	0.048839520663022995	1.0657618354687506	1.0126229530468749	0.0010171317829457364	0.004498987906976743	0.00399162	129	0.0	0.0
hcptrt	03	007	language	1	language	0.0718974390588188	0	0.0	34.429666510550305	2.1645443333738235	-0.01649944670498371	0.048675261437892914	1.034542580897436	0.9981393358333336	0.0008343949044585985	0.006620178726114648	0.00350677	157	0.0	0.0
hcptrt	03	007	motor	1	motor	0.06547331597424502	2	1.3986013986013985	37.709836893714964	2.162219813652473	-0.016632620245218277	0.04921075701713562	1.0646765235211268	1.0148442164788727	0.0010065034965034965	0.004717843286713286	0.0027287	143	0.013986013986013986	0.0
hcptrt	03	007	relational	1	relational	0.0631531336802277	0	0.0	37.39009959809482	2.160711645970437	-0.016730371862649918	0.05006355792284012	1.0608002683760684	1.017527328290598	0.000730593220338983	0.004599526864406779	0.00595082	118	0.0	0.0
hcptrt	03	007	restingstate	1	restingstate	0.07071894498263394	7	1.1666666666666667	34.33797165378928	2.15412936615951	-0.016761263832449913	0.04897644743323326	1.0419498266944907	0.985968424207012	0.00027435000000000003	0.006552297183333334	0.00677059	600	0.011666666666666667	0.0
hcptrt	03	007	social	1	social	0.05893124631252566	0	0.0	38.5439782217145	2.165454383855494	-0.016878440976142883	0.04980873316526413	1.0885821660583943	1.0178307953284669	0.0006841304347826087	0.004223735797101448	0.0045364	138	0.0	0.0
hcptrt	03	007	wm	1	wm	0.04896148711153474	0	0.0	37.93153924192302	2.161026761016571	-0.016622425988316536	0.048468537628650665	1.0554254417499997	1.01025698715	0.0006001492537313434	0.004267731791044776	0.00395509	201	0.0	0.0
hcptrt	03	008	emotion	1	emotion	0.05725809386122808	0	0.0	38.49457880016416	2.1830315555055333	-0.01734568551182747	0.05121138319373131	1.079855276333334	1.021522991333333	0.001368021978021978	0.004255548681318682	0.0041969	91	0.0	0.0
hcptrt	03	008	emotion	2	emotion	0.05591265244224475	0	0.0	38.618685589171946	2.1991030836198227	-0.017885243520140648	0.05256841331720352	1.0553044223076922	1.0063147442857143	0.001190978260869565	0.0040855625	0.00431421	92	0.0	0.0
hcptrt	03	008	gambling	1	gambling	0.07040088087276697	0	0.0	38.02915126935113	2.1701248807056537	-0.017754128202795982	0.051789384335279465	1.0733073524218746	1.011312483515625	0.0008134108527131783	0.004320195193798449	0.00472994	129	0.0	0.0
hcptrt	03	008	gambling	2	gambling	0.06126632009356116	0	0.0	38.34485401120037	2.1953982250988124	-0.017917471006512642	0.05245508253574371	1.0590790590551185	1.0059665762992127	0.000884375	0.004123134531249999	0.00497562	128	0.0	0.0
hcptrt	03	008	language	1	language	0.072749566212797	0	0.0	35.31700906693004	2.1794137795087383	-0.01751192845404148	0.05159343406558037	1.0702453330573252	1.0075754104458592	0.0005496202531645569	0.0059390413291139236	0.00410568	158	0.0	0.0
hcptrt	03	008	language	2	language	0.068296616806441	2	1.2578616352201257	36.56810775841586	2.1981281500141296	-0.01809782162308693	0.05323508009314537	1.0535582054430381	1.0036837593037973	0.0006144654088050315	0.005052573836477988	0.00778979	159	0.012578616352201259	0.0
hcptrt	03	008	motor	1	motor	0.08314394567795352	6	4.166666666666667	34.54218709864654	2.175645004406736	-0.017624512314796448	0.05096369609236717	1.0634820325174814	1.0018295241958044	0.002086736111111111	0.0062817222916666665	0.00357299	144	0.041666666666666664	0.0
hcptrt	03	008	motor	2	motor	0.06171844695208453	0	0.0	37.93841879814863	2.191925767648552	-0.017508290708065033	0.05191965401172638	1.0709677757042253	1.0147002109859158	0.0009990209790209789	0.0044641866433566425	0.00936578	143	0.0	0.0
hcptrt	03	008	relational	1	relational	0.055157957555729865	0	0.0	38.35814337793272	2.1774718734551666	-0.017196981236338615	0.05062686651945114	1.0818860510169495	1.0149324369491526	0.0010230252100840336	0.004273339075630252	0.00570894	119	0.0	0.0
hcptrt	03	008	relational	2	relational	0.08947355359094701	7	5.932203389830509	36.45413620141335	2.1968666473583305	-0.01770653761923313	0.05214311182498932	1.0889376898290601	1.03720753025641	0.0019332203389830509	0.004847826610169492	0.00444703	118	0.059322033898305086	0.0
hcptrt	03	008	social	1	social	0.057006635450297174	0	0.0	38.21292124921456	2.180247554034342	-0.017294831573963165	0.05099286511540413	1.083204150144928	1.0107516835507249	0.00072	0.004345114532374101	0.00700886	139	0.0	0.0
hcptrt	03	008	social	2	social	0.055905172854972186	0	0.0	38.23209497786593	2.1910619234007855	-0.017607640475034714	0.051748182624578476	1.0659822421014498	1.0114421152173914	0.0007573381294964029	0.004214224964028777	0.00661947	139	0.0	0.0
hcptrt	03	008	wm	1	wm	0.05188811270760061	0	0.0	38.0754257440567	2.1866649938060223	-0.017260516062378883	0.051384665071964264	1.0775372365671638	1.0155336656716418	0.0006096039603960396	0.004287784455445544	0.00607164	202	0.0	0.0
hcptrt	03	008	wm	2	wm	0.059072790830957914	0	0.0	38.30701189767569	2.187751558403065	-0.017246296629309654	0.05165986716747284	1.0633088345999997	1.0073450629000005	0.000483134328358209	0.004218622736318408	0.00568926	201	0.0	0.0
hcptrt	03	009	emotion	1	emotion	0.06313833879355685	0	0.0	32.5599579984555	2.159041889033112	-0.017463240772485733	0.05331432819366455	1.1237816702197796	1.0909407821978019	0.012032717391304347	0.0046771516304347826	0.15926	92	0.0	0.0
hcptrt	03	009	emotion	2	emotion	0.06462861848077592	1	1.0869565217391304	37.912718299543485	2.172164745454056	-0.016991300508379936	0.052688561379909515	1.04833941043956	1.009376516703297	0.0016317391304347827	0.0042919621739130435	0.00641666	92	0.010869565217391304	0.0
hcptrt	03	009	gambling	1	gambling	0.07368935516464059	4	3.10077519379845	36.55904405610636	2.150964913973249	-0.017175501212477684	0.05118639022111893	1.0429097125000004	1.0093099210156253	0.0012557364341085273	0.004841997596899225	0.0081974	129	0.031007751937984496	0.0
hcptrt	03	009	gambling	2	gambling	0.06461063261425139	0	0.0	37.69650600571185	2.1725936460211863	-0.01754835806787014	0.05333549901843071	1.05617255125	1.01007711890625	0.0007441085271317829	0.00448477534883721	0.00718289	129	0.0	0.0
hcptrt	03	009	language	1	language	0.06501392126603486	0	0.0	35.61933390260674	2.1578781594346834	-0.01732725463807583	0.05160786584019661	1.0857162695541398	1.0477812658598722	0.0030213924050632914	0.005634649050632911	0.00530284	158	0.0	0.0
hcptrt	03	009	language	2	language	0.07347917707435177	5	3.1645569620253164	35.30499334912747	2.1801938980575892	-0.01752755604684353	0.05371645838022232	1.0720179901273892	1.0290951526751595	0.001482848101265823	0.005763352911392405	0.00866632	158	0.03164556962025317	0.0
hcptrt	03	009	motor	1	motor	0.06586907336486081	0	0.0	36.94119867682457	2.160151360334526	-0.017690064385533333	0.053481295704841614	1.0587050975177303	1.0159446256028373	0.0007249295774647888	0.004776595845070422	0.0076416	142	0.0	0.0
hcptrt	03	009	motor	2	motor	0.0762194364736283	3	2.127659574468085	36.16032609855756	2.171474511260261	-0.01754664070904255	0.05333710089325905	1.0669462501428573	1.0199907114285716	0.001303900709219858	0.00535735914893617	0.00802638	141	0.02127659574468085	0.0
hcptrt	03	009	relational	1	relational	0.05672275076403258	0	0.0	38.2464921020437	2.165835975137784	-0.017161885276436806	0.0528632290661335	1.0788789561946899	1.0300039822123894	0.001245877192982456	0.004215118684210526	0.00461574	114	0.0	0.0
hcptrt	03	009	relational	2	relational	0.08373612366020358	4	3.361344537815126	34.210194647312164	2.1725177449494093	-0.01785927638411522	0.0539340041577816	1.0588276622033892	1.014465278728814	0.0015305042016806724	0.006348083361344537	0.00535565	119	0.03361344537815126	0.0
hcptrt	03	009	social	1	social	0.06172427748809199	0	0.0	37.56517287273891	2.1678204521376045	-0.017116766422986984	0.05306625738739967	1.0647966315217394	1.0159738092028987	0.0007599280575539568	0.004470949856115108	0.00881664	139	0.0	0.0
hcptrt	03	009	social	2	social	0.0663315703096964	2	1.4388489208633093	36.46546822716482	2.1749741551085653	-0.01737566851079464	0.052941933274269104	1.0722624734782609	1.0176654423913045	0.0013005755395683453	0.005091368848920863	0.00904768	139	0.014388489208633094	0.0
hcptrt	03	009	wm	1	wm	0.05957978037732538	0	0.0	37.75732767395675	2.154522469795017	-0.017290737479925156	0.051093943417072296	1.0453253197	1.00255624875	0.00043149253731343285	0.004396299751243781	0.00607808	201	0.0	0.0
hcptrt	03	009	wm	2	wm	0.05924734438143652	1	0.49504950495049505	36.50366849882994	2.1737643441167696	-0.017145145684480667	0.05280950292944908	1.0570974877611927	1.0142468729353238	0.0005778712871287128	0.0047949894554455445	0.00662805	202	0.0049504950495049506	0.0
hcptrt	03	010	emotion	1	emotion	0.06911036849168013	0	0.0	38.31956452992745	2.183080774228458	-0.01623125560581684	0.048195190727710724	1.0228461023333328	1.0191241295555558	0.0016661538461538463	0.004125694945054946	0.00474988	91	0.0	0.0
hcptrt	03	010	gambling	1	gambling	0.07072300860795419	0	0.0	38.85960436658934	2.165836642502939	-0.01620728336274624	0.04771397262811661	1.0111730546456699	1.0015753171653545	0.000750546875	0.003971797421874999	0.00542214	128	0.0	0.0
hcptrt	03	010	language	1	language	0.06572044300608747	1	0.6329113924050633	36.631841426482424	2.1845806583922087	-0.01626535691320896	0.04835536330938339	1.0118341773248403	1.0061348174522293	0.0007995569620253165	0.005162150759493671	0.00393852	158	0.006329113924050633	0.0
hcptrt	03	010	motor	1	motor	0.07287703349034465	2	1.3986013986013985	37.106832444667816	2.1785955375449824	-0.016160933300852776	0.0481058694422245	1.0303728440845075	1.0159205575352115	0.0013112587412587413	0.004684506713286713	0.00423007	143	0.013986013986013986	0.0
hcptrt	03	010	relational	1	relational	0.07486286241914396	1	0.847457627118644	37.892832204699516	2.168494366930507	-0.0160988699644804	0.04713524878025055	1.053721883247863	1.0419120631623928	0.0023948305084745764	0.004371382627118644	0.00353496	118	0.00847457627118644	0.0
hcptrt	03	010	restingstate	1	restingstate	0.07091973902096955	1	0.1669449081803005	33.42492672451772	2.1604792217095827	-0.016290204599499702	0.04654593765735626	1.0042928432441462	0.9860105334113707	0.0002733055091819699	0.007247957779632721	0.0124535	599	0.001669449081803005	0.0
hcptrt	03	010	social	1	social	0.06917091685013058	3	2.1739130434782608	38.19434070028365	2.166438809550413	-0.016205919906497	0.04746255278587341	1.0404258371532846	1.0242950096350365	0.0011766666666666666	0.004261746086956521	0.00478915	138	0.021739130434782608	0.0
hcptrt	03	010	wm	1	wm	0.06007483806411049	2	1.0050251256281406	37.434276992920786	2.1823459438263164	-0.016339736059308052	0.0480128675699234	1.0098143065656564	1.0017007745959596	0.000555175879396985	0.004422990301507538	0.00473499	199	0.010050251256281407	0.0
hcptrt	03	011	wm	1	wm	0.06087521776777132	0	0.0	34.61197653855197	2.109807258262549	-0.01456420961767435	0.047786641865968704	1.0038741773631847	0.9843354853731336	0.0005671287128712871	0.006883377277227723	0.00414265	202	0.0	0.0
hcptrt	03	011	wm	2	wm	0.07095893061039338	1	0.4975124378109453	35.480808204971254	2.1216508070560645	-0.014010199345648289	0.04917563870549202	0.9987757200000006	0.9802975260499999	0.000509452736318408	0.006231768308457712	0.00250242	201	0.004975124378109453	0.0
hcptrt	04	001	emotion	1	emotion	0.060455860141877	0	0.0	39.71787760499865	2.017827391698233	-0.025856155902147293	0.07485290616750717	1.0455532966666667	1.0038647456321839	0.0010430681818181817	0.0034939589772727277	0.00198105	88	0.0	0.0
hcptrt	04	001	gambling	1	gambling	0.05933333495238252	0	0.0	38.82429146301001	2.0253333877837223	-0.02524656243622303	0.0738995224237442	1.0347903162992134	1.0016565601574803	0.0007642968749999999	0.00366952046875	0.00388439	128	0.0	0.0
hcptrt	04	001	language	1	language	0.060265694552336414	0	0.0	38.78526202356443	2.016320237575429	-0.026980485767126083	0.07645298540592194	1.0691880266878975	1.0152195596815285	0.000615126582278481	0.004467544430379747	0.00617515	158	0.0	0.0
hcptrt	04	001	motor	1	motor	0.05449348895032856	0	0.0	36.95496964920312	2.022645870447657	-0.025176968425512314	0.07237082719802856	1.0283385854225353	0.999549536760563	0.0005958041958041958	0.004416675664335664	0.00355615	143	0.0	0.0
hcptrt	04	001	relational	1	relational	0.05966442704841895	0	0.0	37.187225699424744	2.0231556561514705	-0.027483830228447914	0.07804972678422928	1.0667244928205126	1.0181524903418802	0.0008729661016949153	0.004483511694915253	0.00429558	118	0.0	0.0
hcptrt	04	001	restingstate	1	restingstate	0.09562269909669595	44	7.357859531772576	25.1739744246006	2.077734166037841	-0.023960575461387634	0.0754668191075325	0.9516618257453936	0.9378926381574534	0.0008615384615384615	0.023729476254180603	0.0145729	598	0.07357859531772576	0.0016722408026755853
hcptrt	04	001	social	1	social	0.06225672724457844	0	0.0	38.50703537464142	2.0198261728064066	-0.025284331291913986	0.07282088696956635	1.0667381021897813	1.0151691564963508	0.0006040579710144927	0.003801204782608695	0.00428965	138	0.0	0.0
hcptrt	04	001	wm	1	wm	0.05876169595309508	0	0.0	37.88381415512413	2.007252501275702	-0.02691049873828888	0.07522254437208176	1.0579786617499998	1.0104469815500001	0.0008235323383084577	0.004014816865671641	0.0029529	201	0.0	0.0
hcptrt	04	002	emotion	1	emotion	0.07916551992757358	4	4.395604395604396	35.83496035123244	2.0292812529141577	-0.024288270622491837	0.07162829488515854	1.034924522111111	1.0080128081111115	0.0015762637362637364	0.005320622967032967	0.0124675	91	0.04395604395604396	0.0
hcptrt	04	002	gambling	1	gambling	0.07966157760120417	4	3.125	36.61525276070461	2.0307854246860946	-0.024132832884788513	0.072468101978302	1.0257694150393706	0.9928702032283466	0.0006824218750000001	0.0046819463281250005	0.00756263	128	0.03125	0.0
hcptrt	04	002	language	1	language	0.0666578783946604	0	0.0	37.44687365461141	2.011999808466656	-0.025983203202486038	0.07344239205121994	1.050866325320513	1.004813221666666	0.000663312101910828	0.004460834522292994	0.00344417	157	0.0	0.0
hcptrt	04	002	motor	1	motor	0.06941352836508793	0	0.0	35.21044921549037	2.0250738416327265	-0.02444082871079445	0.07172977179288864	1.0197194369718312	0.9871118859154929	0.0005586713286713288	0.005667199160839161	0.00229442	143	0.0	0.0
hcptrt	04	002	relational	1	relational	0.06008431428642128	0	0.0	39.59754194971174	2.0076848664117106	-0.025047359988093376	0.07168005406856537	1.073102029145299	1.0230848829059833	0.0008257627118644069	0.0035375588135593224	0.00299884	118	0.0	0.0
hcptrt	04	002	social	1	social	0.07439594027248794	1	0.7194244604316546	33.34987664874643	2.0275340796084964	-0.02405305951833725	0.07140257209539413	1.037333344637681	1.0016216615217393	0.001274748201438849	0.0066044324460431654	0.011887	139	0.007194244604316547	0.0
hcptrt	04	002	wm	1	wm	0.058096949896272454	0	0.0	38.26005350518972	2.0097118261588123	-0.02522527053952217	0.07202044129371643	1.0461373768500002	1.001900292549999	0.0004050248756218905	0.0038996648756218903	0.00310059	201	0.0	0.0
hcptrt	04	003	emotion	1	emotion	0.050320852111154404	0	0.0	39.37104083225131	1.9886790039886433	-0.0271209254860878	0.07291419059038162	1.053115446022727	1.0240586769318178	0.0014734831460674158	0.0035336485393258426	0.00218507	89	0.0	0.0
hcptrt	04	003	gambling	1	gambling	0.06380786878600535	0	0.0	35.18245586194098	2.021838235674596	-0.027033396065235138	0.07722928375005722	1.0239440483464568	0.9900815927559049	0.0016359374999999998	0.0060137721875000005	0.001592	128	0.0	0.0
hcptrt	04	003	language	1	language	0.06053200251036505	3	1.8867924528301887	34.43853953573853	2.0104171703913156	-0.027019089087843895	0.07407350838184357	1.0137849154430376	0.9928378063924049	0.0007624528301886791	0.00662592352201258	0.00499071	159	0.018867924528301886	0.0
hcptrt	04	003	motor	1	motor	0.068014340708691	0	0.0	37.97324623516761	2.024502580067227	-0.02771116979420185	0.0765080600976944	1.0569886662676065	1.0146042948591543	0.001023916083916084	0.004074875384615384	0.00231861	143	0.0	0.0
hcptrt	04	003	relational	1	relational	0.06838018463956053	1	0.847457627118644	36.81633520685136	2.018374539162505	-0.027889076620340347	0.07650349289178848	1.0663845988888885	1.0331768115384616	0.001731610169491525	0.0048901012711864405	0.00229992	118	0.00847457627118644	0.0
hcptrt	04	003	restingstate	1	restingstate	0.10812451981673277	35	5.8626465661641545	30.492786795599386	2.0549667900487067	-0.024719709530472755	0.07502900809049606	1.075360348590604	1.0250583427516788	0.001594070351758794	0.009948927068676717	0.0121977	597	0.05862646566164154	0.0033500837520938024
hcptrt	04	003	social	1	social	0.07662080623316055	1	0.7246376811594203	37.76381508912891	2.0218928080551963	-0.02726617455482483	0.07645963132381439	1.0665472119708026	1.0205173994890517	0.0007436231884057972	0.004256779710144928	0.00352354	138	0.007246376811594203	0.0
hcptrt	04	003	wm	1	wm	0.0649241750197918	0	0.0	35.892196660046466	1.9952261630952068	-0.02719244360923767	0.07500961422920227	1.0387700982999997	1.0055673865	0.0006877114427860698	0.0050891358208955215	0.00376578	201	0.0	0.0
hcptrt	04	005	emotion	1	emotion	0.05940910285721404	0	0.0	40.05134304985404	1.996625747159449	-0.026833100244402885	0.07461213320493698	1.0627714902247192	1.0320751652808988	0.001039777777777778	0.0033231094444444442	0.00230261	90	0.0	0.0
hcptrt	04	005	emotion	2	emotion	0.06051550261772005	0	0.0	39.017009870382026	2.0018641463424838	-0.026874983683228493	0.07499892264604568	1.0664887965168541	1.0337641887640447	0.001211888888888889	0.0035933876666666667	0.0025625	90	0.0	0.0
hcptrt	04	005	gambling	1	gambling	0.05828188133405244	0	0.0	38.58691224362701	2.004900092394452	-0.026907728984951973	0.07647760957479477	1.022235921023622	0.9988969970866144	0.000689296875	0.003857321015625	0.00250174	128	0.0	0.0
hcptrt	04	005	gambling	2	gambling	0.060358315418280954	3	2.3622047244094486	38.186233765329234	2.000118204158517	-0.02756950818002224	0.07558733224868774	1.0461300075396829	1.0096077065079365	0.0008394488188976379	0.003952162598425198	0.00198482	127	0.023622047244094488	0.0
hcptrt	04	005	language	1	language	0.059976883678919644	0	0.0	36.85598548874259	1.998994992313118	-0.026919282972812653	0.07524754852056503	1.0401570775159237	1.0107420528025473	0.0007443037974683545	0.004808884430379747	0.00251161	158	0.0	0.0
hcptrt	04	005	language	2	language	0.06296119801593793	0	0.0	35.08046815730631	2.0210126190918727	-0.024936461821198463	0.07555422931909561	1.0291881311464965	0.9978426673248403	0.0006003164556962025	0.006171309556962026	0.00375858	158	0.0	0.0
hcptrt	04	005	motor	1	motor	0.0738010400170049	1	0.6993006993006993	38.701244754949585	1.9985296698480244	-0.02648967318236828	0.07497898489236832	1.0501516599999998	1.0120115611971827	0.0008000699300699301	0.003755691188811189	0.00279934	143	0.006993006993006993	0.0
hcptrt	04	005	motor	2	motor	0.08169656171322306	0	0.0	37.11946852016263	1.9914333131690243	-0.026783209294080734	0.07534654438495636	1.0450268681294963	1.004542993309353	0.0010012142857142858	0.004357817928571428	0.00268263	140	0.0	0.0
hcptrt	04	005	relational	1	relational	0.07277315383989266	0	0.0	37.72381532820873	1.9951250479397018	-0.027151715010404587	0.07599148899316788	1.0649124182051275	1.0290163668376073	0.0009816101694915254	0.0043775310169491535	0.00239624	118	0.0	0.0
hcptrt	04	005	relational	2	relational	0.0678796194570397	0	0.0	36.120342931710184	1.9955390477682209	-0.027090542018413544	0.07543941587209702	1.04580674051282	1.0096873125641024	0.0006952542372881356	0.005154002881355932	0.0026658	118	0.0	0.0
hcptrt	04	005	social	1	social	0.06577922515317068	1	0.7246376811594203	38.60955825308338	1.996556967279283	-0.02655446156859398	0.07496485859155655	1.0577013363503645	1.0185964675912411	0.0006936231884057971	0.003847349637681159	0.00309672	138	0.007246376811594203	0.0
hcptrt	04	005	social	2	social	0.07597677565420745	2	1.4492753623188406	35.44134313822724	2.011933070742315	-0.025248771533370018	0.07521834224462509	1.0460190739416055	1.0086003745255474	0.0006402898550724638	0.005237742536231885	0.00353384	138	0.014492753623188406	0.0
hcptrt	04	005	wm	1	wm	0.06182272271472481	0	0.0	35.83390752086416	2.009290018139337	-0.027230851352214813	0.07776574790477753	1.0088856300499998	0.9897547562999992	0.00041796019900497514	0.0053343963184079605	0.00667261	201	0.0	0.0
hcptrt	04	005	wm	2	wm	0.06560282593110772	1	0.4975124378109453	36.37554540485144	1.9979760771151012	-0.02743667922914028	0.07537785172462463	1.038634255599999	1.0013426126	0.000555771144278607	0.004928497960199005	0.00205877	201	0.004975124378109453	0.0
hcptrt	04	006	emotion	1	emotion	0.08451113742483196	5	5.4945054945054945	36.31640904932283	2.0270561472630098	-0.023810867220163345	0.07122335582971573	1.081846032111111	1.0367023177777783	0.003364395604395605	0.005124853076923077	0.00570226	91	0.054945054945054944	0.0
hcptrt	04	006	gambling	1	gambling	0.057152632067531954	0	0.0	38.236065411474556	2.008074444432571	-0.02457330748438835	0.07005468755960464	1.055040211031746	1.011002637539683	0.0008970866141732285	0.003965234015748031	0.00156185	127	0.0	0.0
hcptrt	04	006	language	1	language	0.06633890011331176	0	0.0	37.47547706402838	2.020014621612717	-0.02443074621260166	0.07074985653162003	1.0376532526923075	0.9980586326923077	0.0005227388535031847	0.004610571910828025	0.00539994	157	0.0	0.0
hcptrt	04	006	motor	1	motor	0.07979963726836825	1	0.704225352112676	36.95670436718501	2.0170374327733116	-0.02432015724480152	0.0705743134021759	1.0839336663120567	1.0359484935460996	0.0019200704225352113	0.004500689014084507	0.00458243	142	0.007042253521126761	0.0
hcptrt	04	006	relational	1	relational	0.07583066412916278	0	0.0	39.05473420652561	2.010481833155739	-0.02577758952975273	0.07367424666881561	1.058525807931034	1.0122929658620694	0.0008739316239316238	0.004032461111111111	0.00172027	117	0.0	0.0
hcptrt	04	006	restingstate	1	restingstate	0.09291085515028338	11	1.8425460636515913	32.63569056382403	2.02902018352704	-0.024146949872374535	0.07184599339962006	1.0633651602348986	1.0117638831879194	0.001152177554438861	0.00755394824120603	0.00738889	597	0.018425460636515914	0.0
hcptrt	04	006	social	1	social	0.07883124129693629	1	0.7299270072992701	34.90701419720426	2.024463465805993	-0.02419251948595047	0.07114993780851364	1.056870039338235	1.0135318858823532	0.0018570072992700728	0.005941881240875913	0.00618004	137	0.0072992700729927005	0.0
hcptrt	04	006	wm	1	wm	0.07589436349713621	3	1.492537313432836	35.51847855770029	2.0152299719446782	-0.025294752791523933	0.07273565232753754	1.0361001352999992	0.9932951818000005	0.0005398507462686567	0.0057591634328358204	0.00627031	201	0.014925373134328358	0.0
hcptrt	04	007	emotion	1	emotion	0.06310665673388977	1	1.1363636363636365	39.412116206483915	2.055906281959881	-0.025032849982380867	0.07163389027118683	1.0402988131034485	1.010423995977011	0.0013851136363636366	0.0037443663636363635	0.0067977	88	0.011363636363636364	0.0
hcptrt	04	007	emotion	2	emotion	0.058834567263481116	0	0.0	39.58690605824813	2.0520929204972247	-0.025370661169290543	0.0708475187420845	1.0631146767415727	1.0330961433707866	0.0011608888888888888	0.0035669056666666667	0.00112486	90	0.0	0.0
hcptrt	04	007	gambling	1	gambling	0.05941329026138165	0	0.0	37.26582300895825	2.056680679990157	-0.024877822026610374	0.07122422009706497	1.0323219826984125	1.0010549400793651	0.0006514960629921259	0.004407463858267716	0.0011091	127	0.0	0.0
hcptrt	04	007	gambling	2	gambling	0.0673040693403783	0	0.0	36.09654302475974	2.0565453277281134	-0.025333570316433907	0.0719582736492157	1.0588664942187502	1.0271911192968746	0.0023561240310077517	0.005150676666666666	0.00632205	129	0.0	0.0
hcptrt	04	007	language	1	language	0.0625706597755434	0	0.0	35.55431996646803	2.0494391086832286	-0.026174375787377357	0.07147612422704697	1.0344659955063278	1.0013008246202535	0.0008729559748427672	0.005722105911949686	0.00439013	159	0.0	0.0
hcptrt	04	007	language	2	language	0.07050487881054243	2	1.2987012987012987	34.125152385095134	2.0628031040444794	-0.025242239236831665	0.07027913630008698	1.0177636096732028	0.9933376616993465	0.0005859090909090908	0.006838103571428571	0.00524929	154	0.012987012987012988	0.0
hcptrt	04	007	motor	1	motor	0.06743422213286866	0	0.0	38.11480163689703	2.059976212437591	-0.02507956139743328	0.07233943790197372	1.0403028487323946	1.0055679977464793	0.0007105594405594405	0.003986098881118881	0.0023384	143	0.0	0.0
hcptrt	04	007	motor	2	motor	0.08209294024348335	3	2.112676056338028	36.02944020181894	2.059672512204481	-0.025298289954662323	0.0715123638510704	1.0589714639716312	1.0201173500000003	0.0010363380281690141	0.005105893450704226	0.00367295	142	0.02112676056338028	0.0
hcptrt	04	007	relational	1	relational	0.06388634764389146	0	0.0	36.27861278899945	2.052244223796111	-0.025857307016849518	0.07238832861185074	1.0521052696581197	1.0191362811965814	0.001074406779661017	0.005428163559322034	0.00340411	118	0.0	0.0
hcptrt	04	007	relational	2	relational	0.07383125479439626	1	0.8403361344537815	35.30993354623206	2.0601614878103773	-0.025869306176900864	0.07312425971031189	1.0253869505932205	0.9986150733898308	0.0009385714285714287	0.006862790588235294	0.00416238	119	0.008403361344537815	0.0
hcptrt	04	007	social	1	social	0.05951852730380356	0	0.0	38.87979476619512	2.0595982753378475	-0.025121767073869705	0.07183775305747986	1.0552016580291972	1.018269247591241	0.0006435507246376811	0.003725880724637681	0.00295197	138	0.0	0.0
hcptrt	04	007	social	2	social	0.0697534621541188	4	2.9197080291970803	34.81521400739439	2.0609473379751444	-0.025695960968732834	0.0696730837225914	1.0457182151470588	1.0136900410294114	0.0023006569343065695	0.00582546401459854	0.00736022	137	0.029197080291970802	0.0
hcptrt	04	007	wm	1	wm	0.061828010921320814	0	0.0	38.92705783713609	2.061495470811868	-0.025480933487415314	0.07255831360816956	1.0355940998000006	1.0038661592000002	0.0004210945273631841	0.003756086218905472	0.00638944	201	0.0	0.0
hcptrt	04	007	wm	2	wm	0.06643847567044923	3	1.492537313432836	32.1829304471612	2.070719789415382	-0.02581935189664364	0.07276643067598343	0.9818323884000002	0.9654492880000002	0.0004019900497512438	0.009151547960199005	0.00597566	201	0.014925373134328358	0.0
hcptrt	04	008	emotion	1	emotion	0.08375569060650553	2	2.197802197802198	35.920574815012515	2.0109006631628796	-0.027420375496149063	0.07749207317829132	1.0372103848888892	1.0113260646666666	0.0011971428571428573	0.005617723516483516	0.0112705	91	0.02197802197802198	0.0
hcptrt	04	008	gambling	1	gambling	0.06717478446518191	1	0.7874015748031497	37.204885876737535	2.007953352725909	-0.026210438460111618	0.07536584138870239	1.0566656398412706	1.025771685793651	0.002018425196850394	0.004660395196850393	0.00723917	127	0.007874015748031496	0.0
hcptrt	04	008	language	1	language	0.06489236160047984	0	0.0	37.347375847166404	2.0120078873813165	-0.02639033831655979	0.07548318058252335	1.0243192398076921	1.0016902903205127	0.0005353503184713377	0.004625232675159235	0.00245237	157	0.0	0.0
hcptrt	04	008	motor	1	motor	0.0686900803074583	0	0.0	38.32689022878185	2.0020829983422272	-0.027014145627617836	0.07589226961135864	1.0512760843571423	1.0130111295714284	0.0008005673758865249	0.0040320337588652475	0.0024673	141	0.0	0.0
hcptrt	04	008	relational	1	relational	0.05707029753170698	1	0.847457627118644	37.81350544374436	2.000840638436133	-0.028399944305419922	0.0788583904504776	1.0419406308547003	1.02495288957265	0.0012488983050847457	0.004604342966101694	0.00469707	118	0.00847457627118644	0.0
hcptrt	04	008	restingstate	1	restingstate	0.10574906441634908	36	6.010016694490818	31.387892106198706	2.0256175427219425	-0.026289474219083786	0.07697019726037979	1.0312294386956515	0.9969627952675582	0.00042046744574290477	0.008501107746243741	0.0169031	599	0.06010016694490818	0.0
hcptrt	04	008	social	1	social	0.072263716916428	1	0.7299270072992701	34.55107497051358	2.009128570509846	-0.026656374335289	0.07526504993438721	1.0228868483088234	0.9963790534558827	0.000764014598540146	0.006224837299270073	0.00847244	137	0.0072992700729927005	0.0
hcptrt	04	008	wm	1	wm	0.06559499711300197	5	2.487562189054726	33.01886849105358	2.004279227368947	-0.02705954574048519	0.07506880909204483	1.0408743111500003	1.0072341852500002	0.0029643283582089556	0.007220328258706468	0.00640302	201	0.024875621890547265	0.0
hcptrt	04	009	emotion	1	emotion	0.07537662304692487	2	2.197802197802198	36.06025497801602	1.9736499240046106	-0.03034425526857376	0.08176033943891525	1.0663961236666668	1.0175507494444445	0.0019385714285714284	0.005171865164835165	0.00703358	91	0.02197802197802198	0.0
hcptrt	04	009	emotion	2	emotion	0.11051954020671126	10	10.869565217391305	31.22452061693184	1.977876014141913	-0.031033895909786224	0.08297291398048401	1.0394853309890109	1.0000572381318682	0.0027695652173913045	0.009584202934782609	0.00921153	92	0.10869565217391304	0.0
hcptrt	04	009	gambling	1	gambling	0.08574410536080429	2	1.550387596899225	31.2083778338274	1.9949830357007967	-0.02959144115447998	0.08356453478336334	1.0297345120312502	0.989016678359376	0.0013572093023255813	0.009978597441860465	0.0046907	129	0.015503875968992248	0.0
hcptrt	04	009	gambling	2	gambling	0.12184213377641497	14	10.852713178294573	23.3720875158906	1.997108117906575	-0.030737241730093956	0.08119136095046997	0.8921886753124999	0.9123196825781251	0.002284263565891473	0.02677953620155039	0.00172408	129	0.10852713178294573	0.007751937984496124
hcptrt	04	009	language	1	language	0.06749011333163778	0	0.0	36.94888965273276	1.9729543563139735	-0.031176038086414337	0.08441528677940369	1.0552005574025973	1.0020051287662337	0.0006458709677419355	0.004881651548387097	0.00362351	155	0.0	0.0
hcptrt	04	009	language	2	language	0.09540287198663823	9	5.69620253164557	33.73013609787449	1.9850988487219527	-0.03011244349181652	0.08398467302322388	1.06051921866242	1.0206824359235664	0.0011398734177215188	0.006852727974683546	0.00919296	158	0.056962025316455694	0.0
hcptrt	04	009	motor	1	motor	0.14869446311296075	30	20.833333333333332	30.941132174106315	1.9952610489499572	-0.029185067862272263	0.08323457092046738	1.0497182379020977	0.9902234132867138	0.0011639583333333333	0.009659064166666669	0.0078578	144	0.20833333333333334	0.006944444444444444
hcptrt	04	009	motor	2	motor	0.1319632923406238	23	15.972222222222221	28.0495100421831	1.9961178162763236	-0.029876699671149254	0.08344980329275131	1.0088760279020974	0.9767839079020982	0.0016224305555555556	0.013865119375	0.0121982	144	0.1597222222222222	0.0
hcptrt	04	009	relational	1	relational	0.07370459079723866	2	1.694915254237288	34.74400000227615	1.971359438866241	-0.032225415110588074	0.08354207128286362	1.0559328569230775	1.0157724224786329	0.0016638135593220339	0.006210268389830509	0.00232003	118	0.01694915254237288	0.0
hcptrt	04	009	relational	2	relational	0.08989581960614003	1	0.8849557522123894	33.67042301222682	1.9724931670871126	-0.031704798340797424	0.0842958465218544	1.0290354334821428	0.988845624107143	0.0008064601769911503	0.007423152300884956	0.00201825	113	0.008849557522123894	0.0
hcptrt	04	009	social	1	social	0.08134269411061586	4	2.8776978417266186	32.5655143376207	1.9739348229619085	-0.030682239681482315	0.081379733979702	1.0772325823913047	1.0244609094202901	0.004370935251798561	0.008143788417266186	0.00602346	139	0.02877697841726619	0.0
hcptrt	04	009	social	2	social	0.12280403449944755	13	9.352517985611511	28.858361470513046	2.0118595117705915	-0.030347464606165886	0.08627311140298843	1.0397316844202904	1.0016316560144927	0.0023481294964028776	0.013067151366906475	0.00631753	139	0.09352517985611511	0.0
hcptrt	04	009	wm	1	wm	0.07870789370729907	5	2.5	33.700374585576355	1.9772634665837767	-0.03115251660346985	0.08388031274080276	1.0197025904522614	0.9822176998492467	0.000538	0.006987770250000001	0.00477111	200	0.025	0.0
hcptrt	04	009	wm	2	wm	0.09935367103632117	9	4.545454545454546	29.785616061184555	1.9945644134815186	-0.030393848195672035	0.08484800159931183	1.0165504422335019	0.9882368451269036	0.0008397979797979798	0.010909667171717171	0.00534726	198	0.045454545454545456	0.0
hcptrt	04	010	emotion	1	emotion	0.11840035462512799	10	10.869565217391305	31.95869968365878	2.0612017463742505	-0.02695118449628353	0.07581613957881927	1.0290293062637363	0.9958138323076917	0.00185445652173913	0.008321237608695653	0.012242	92	0.10869565217391304	0.0
hcptrt	04	010	gambling	1	gambling	0.16894225852717343	33	25.58139534883721	23.335174527019262	2.0939061727708816	-0.02828909084200859	0.08143384754657745	0.9449419693750002	0.9617285882812494	0.0036617054263565893	0.02894753023255814	0.00848387	129	0.2558139534883721	0.046511627906976744
hcptrt	04	010	language	1	language	0.09481222839820211	7	4.40251572327044	35.35305138211697	2.05145525006001	-0.025791583582758904	0.07271702587604523	1.0500415680379749	1.0128048799367089	0.0011505031446540882	0.005741940817610063	0.0177375	159	0.0440251572327044	0.0
hcptrt	04	010	motor	1	motor	0.2066096219107549	54	37.76223776223776	26.821532274596393	2.0582217991570326	-0.027528749778866768	0.07585408538579941	1.0277491136619719	0.9762190777464791	0.0012645454545454544	0.015448877342657341	0.0199858	143	0.3776223776223776	0.04195804195804196
hcptrt	04	010	relational	1	relational	0.08500141230168039	3	2.586206896551724	36.10916400910355	2.0406328364832294	-0.02642485313117504	0.0723392590880394	1.0499415607826088	1.0211078097391306	0.002810344827586207	0.005397301034482759	0.0123372	116	0.02586206896551724	0.0
hcptrt	04	010	restingstate	1	restingstate	0.1127128795921023	56	9.364548494983278	29.375389273162	2.055959507610084	-0.026175152510404587	0.07411933690309525	1.039697582964824	1.004175644355108	0.0017114214046822747	0.011378009832775919	0.00901152	598	0.09364548494983277	0.011705685618729096
hcptrt	04	010	social	1	social	0.14070117068397586	25	18.115942028985508	28.90242193825543	2.0606443573195063	-0.02581607736647129	0.07432511448860168	1.0116897805839415	0.9903541580291967	0.0016321739130434783	0.012884524782608698	0.00830456	138	0.18115942028985507	0.007246376811594203
hcptrt	04	010	wm	1	wm	0.16271354280423708	57	28.35820895522388	22.332539879716933	2.1046163393956987	-0.028159404173493385	0.08232119679450989	0.9248880639499997	0.9270955916500003	0.002404577114427861	0.032084962587064676	0.00916818	201	0.2835820895522388	0.014925373134328358
hcptrt	04	011	emotion	1	emotion	0.15196250634236913	19	20.652173913043477	29.421849507372826	2.0778740397633393	-0.02618280239403248	0.07876481860876083	0.9995000617582417	0.9803208168131868	0.0026752173913043476	0.01150280304347826	0.010503	92	0.20652173913043478	0.0
hcptrt	04	011	emotion	2	emotion	0.0855760693326524	3	3.3333333333333335	34.608939924510196	2.0546913148545687	-0.02625289000570774	0.07716450095176697	1.0549866991011236	1.0262793647191013	0.0015682222222222224	0.006175888666666667	0.01102	90	0.03333333333333333	0.0
hcptrt	04	011	gambling	1	gambling	0.19989845280611765	51	39.53488372093023	26.794277004897594	2.0813312628948255	-0.026538029313087463	0.0804641991853714	1.1066313742187506	1.0399478226562497	0.004431472868217054	0.015338428604651162	0.013261	129	0.3953488372093023	0.06201550387596899
hcptrt	04	011	gambling	2	gambling	0.17116114293706688	33	25.58139534883721	28.23976308107376	2.0765808438741375	-0.02642280049622059	0.07881216704845428	1.0646762132812504	1.01548988265625	0.003104263565891473	0.013175204961240309	0.0179895	129	0.2558139534883721	0.023255813953488372
hcptrt	04	011	language	1	language	0.07507481883285536	4	2.5316455696202533	34.095328241121024	2.040361239446438	-0.024851471185684204	0.07351408898830414	1.0148349491719735	0.9928881980254776	0.0007213924050632911	0.006251793987341773	0.00614714	158	0.02531645569620253	0.0
hcptrt	04	011	language	2	language	0.12453351912753668	12	7.594936708860759	31.518292791210115	2.052662069559447	-0.026057187467813492	0.07654891163110733	1.0737412292993627	1.027820719872611	0.002533544303797469	0.008714462088607594	0.00955632	158	0.0759493670886076	0.012658227848101266
hcptrt	04	011	motor	1	motor	0.22617174831391235	72	50.34965034965035	25.02494261134416	2.0841982883012333	-0.025661835446953773	0.07965099811553955	1.0755676550000006	1.0060636561267604	0.002508741258741259	0.01905538055944056	0.0144366	143	0.5034965034965035	0.027972027972027972
hcptrt	04	011	motor	2	motor	0.1171953609457748	14	9.929078014184396	29.050468100700527	2.0690681795666506	-0.02523110620677471	0.07575077563524246	0.9815422988571432	0.9665098557857141	0.0010998581560283688	0.013173662056737588	0.00808735	141	0.09929078014184398	0.0070921985815602835
hcptrt	04	011	relational	1	relational	0.18144812829154452	33	27.73109243697479	25.9911445020698	2.078758744984417	-0.02730024978518486	0.08078621327877045	0.9903020516101694	0.9678780855084743	0.0015072268907563027	0.01780463739495798	0.0150257	119	0.2773109243697479	0.03361344537815126
hcptrt	04	011	relational	2	relational	0.12023978160487138	15	12.711864406779661	28.466385887004435	2.083264703072289	-0.025685962289571762	0.07835301756858826	1.044590167179487	1.0294374834188027	0.004770169491525424	0.01341236754237288	0.00985904	118	0.1271186440677966	0.0
hcptrt	04	011	social	1	social	0.11851696032829125	15	10.869565217391305	32.18413941934705	2.047319433633823	-0.0253011304885149	0.07509101182222366	1.0527239533576644	1.0171537989051094	0.0023103623188405796	0.007759105869565218	0.00734459	138	0.10869565217391304	0.007246376811594203
hcptrt	04	011	social	2	social	0.20532112499884236	51	36.69064748201439	27.75378097896464	2.084193624050964	-0.026414107531309128	0.07901256531476974	1.0820688125362317	1.0165505325362314	0.002809928057553957	0.01311273582733813	0.0129	139	0.3669064748201439	0.05755395683453238
hcptrt	04	011	wm	1	wm	0.18841029527337602	69	34.15841584158416	22.628878933377564	2.09381214343978	-0.026145635172724724	0.07795841246843338	0.9611835782089554	0.9470411099999999	0.0017377722772277226	0.02817453252475248	0.0113588	202	0.3415841584158416	0.0297029702970297
hcptrt	04	011	wm	2	wm	0.11970723153114818	27	13.5	28.30924374028109	2.0750520197350397	-0.026075808331370354	0.07733342796564102	1.0240650628643213	0.9968149222110552	0.00224995	0.01385899625	0.0161338	200	0.135	0.01
hcptrt	05	001	emotion	1	emotion	0.10641309941314926	6	6.521739130434782	30.735587093106005	1.8240816403680087	-0.04322871193289757	0.09461313486099243	1.0537844821978024	0.9840278471428575	0.0018385869565217391	0.008112939456521737	0.0173201	92	0.06521739130434782	0.0
hcptrt	05	001	emotion	2	emotion	0.11142502460392473	8	8.695652173913043	32.754679388715886	1.856986964291197	-0.039997272193431854	0.09543175250291824	1.0822762428571422	1.0139518109890104	0.002367065217391304	0.006722567499999999	0.0167028	92	0.08695652173913043	0.0
hcptrt	05	001	gambling	1	gambling	0.09395321989275984	6	4.651162790697675	34.09935616678558	1.8472200139562924	-0.04198697581887245	0.09770047664642334	1.0938716275781242	1.0083722846875005	0.0013314728682170542	0.007408256899224806	0.00879246	129	0.046511627906976744	0.0
hcptrt	05	001	gambling	2	gambling	0.11909148124003563	16	12.4031007751938	31.842550526140258	1.8516564430917735	-0.04109876602888107	0.09515166282653809	1.1065083532812505	1.0208874895312499	0.0019743410852713175	0.008322819147286822	0.00670663	129	0.12403100775193798	0.0
hcptrt	05	001	language	1	language	0.0917489758248885	3	1.8867924528301887	34.3401448065415	1.8503241673845296	-0.041653040796518326	0.09640420228242874	1.0893748075316458	1.0071452059493673	0.0008464779874213836	0.006189332327044025	0.00866688	159	0.018867924528301886	0.0
hcptrt	05	001	language	2	language	0.11795828041596151	15	9.433962264150944	29.844005425809883	1.855058301361105	-0.04214639961719513	0.09946197271347046	1.0582695020253163	0.9850853682911395	0.0007423270440251573	0.009349942012578617	0.00762134	159	0.09433962264150944	0.0
hcptrt	05	001	motor	1	motor	0.10388044263217262	14	9.722222222222221	32.41019672411494	1.8476617187608777	-0.04142509400844574	0.09912383556365967	1.1005585009790209	1.0192323076223777	0.0023966666666666667	0.007504186805555555	0.0167947	144	0.09722222222222222	0.0
hcptrt	05	001	motor	2	motor	0.11643768708506706	21	14.685314685314685	29.26423658616841	1.8338136046537756	-0.04224754869937897	0.09668239206075668	1.0570280653521127	0.9888566642957748	0.0016316783216783215	0.010092006853146852	0.00775965	143	0.14685314685314685	0.0
hcptrt	05	001	relational	1	relational	0.08694965513023614	4	3.361344537815126	34.46918812463991	1.8402401601871567	-0.04206441342830658	0.09606406837701797	1.1103705744067793	1.0256079366949153	0.001953025210084034	0.006071479327731093	0.0163798	119	0.03361344537815126	0.0
hcptrt	05	001	relational	2	relational	0.10541247459322863	8	6.722689075630252	30.853501616511494	1.8568240794202762	-0.03996357321739197	0.09452404081821442	1.0686346529661013	1.006059992711864	0.0012653781512605043	0.008154217647058823	0.0146095	119	0.06722689075630252	0.0
hcptrt	05	001	social	1	social	0.09276994960895195	6	4.3478260869565215	30.943392511457205	1.8389744696890844	-0.042958468198776245	0.09514306485652924	1.0859303196350367	1.0022319921167888	0.0011870289855072465	0.008681839057971015	0.0113585	138	0.043478260869565216	0.0
hcptrt	05	001	social	2	social	0.10848126936177911	12	8.633093525179856	30.87175454525277	1.845194263270213	-0.04126672074198723	0.09529997408390045	1.085583837028986	1.012014796884058	0.0014323021582733813	0.008130296906474821	0.015737	139	0.08633093525179857	0.0
hcptrt	05	001	wm	1	wm	0.09179198770742407	8	3.9603960396039604	33.371066755615175	1.847651382729569	-0.04134020581841469	0.09539002925157547	1.0985985460198997	1.0149411674626867	0.001031980198019802	0.0064214579702970296	0.00828701	202	0.039603960396039604	0.0
hcptrt	05	001	wm	2	wm	0.1187819831518899	21	10.396039603960396	30.288973749848083	1.854087950326704	-0.040551576763391495	0.09569371491670609	1.0754222679601988	1.0003984278606963	0.0008287128712871287	0.009199244405940594	0.00877602	202	0.10396039603960396	0.0
hcptrt	05	002	emotion	1	emotion	0.12769357217868343	12	13.186813186813186	29.406145324232057	1.8589965276554024	-0.04136679321527481	0.09664313495159149	1.0514912285555555	1.0014362664444445	0.0020751648351648353	0.010227275714285715	0.00603843	91	0.13186813186813187	0.0
hcptrt	05	002	gambling	1	gambling	0.11882454778104436	23	17.829457364341085	32.56407730630599	1.8618148105055754	-0.04101480916142464	0.09739642590284348	1.0736610038281247	1.00451834625	0.000855968992248062	0.0066997313953488374	0.00802311	129	0.17829457364341086	0.0
hcptrt	05	002	language	1	language	0.1324818264898457	17	10.759493670886076	28.91077083395794	1.884693145258254	-0.03966445103287697	0.09876670688390732	1.0481173831847135	0.9931551422292997	0.0006984177215189874	0.010487263481012659	0.0089845	158	0.10759493670886076	0.0
hcptrt	05	002	motor	1	motor	0.13836926448737882	30	20.833333333333332	27.873214318184182	1.8722919126006843	-0.041024405509233475	0.09896557033061981	1.0535257666433575	0.9924241779720276	0.0017350694444444445	0.01188760138888889	0.00927785	144	0.20833333333333334	0.006944444444444444
hcptrt	05	002	relational	1	relational	0.1137924712795389	10	8.403361344537815	31.477574077434838	1.8716731217010307	-0.03989192470908165	0.09727142006158829	1.0387948033050844	0.9951150315254234	0.0014478151260504202	0.007805603865546219	0.00691081	119	0.08403361344537816	0.0
hcptrt	05	002	restingstate	1	restingstate	0.14909491588834603	132	22.0	23.06183343194425	1.8738852434539277	-0.04213278368115425	0.09850946813821793	1.0473894582303829	0.9754732572954922	0.001173066666666667	0.02026568705	0.0094521	600	0.22	0.0016666666666666668
hcptrt	05	002	social	1	social	0.1320171323384973	21	15.107913669064748	30.492522150976583	1.8848745290254565	-0.0393851213157177	0.09747344255447388	1.1062605905072462	1.029421939927536	0.0021487050359712233	0.008770280431654676	0.00833477	139	0.1510791366906475	0.0
hcptrt	05	002	wm	1	wm	0.1251783023649652	26	12.871287128712872	28.82275542744901	1.8926564723234716	-0.03808830678462982	0.09775425493717194	1.072476244626865	1.0069022911442786	0.0012595049504950495	0.010162950396039603	0.00857639	202	0.12871287128712872	0.0049504950495049506
hcptrt	05	003	emotion	1	emotion	0.11800086863093792	10	10.869565217391305	29.08785616129171	1.8775585290189916	-0.03969929367303848	0.09450466185808182	1.001722902857143	0.9761157534065933	0.001388804347826087	0.011588534891304349	0.00787362	92	0.10869565217391304	0.0
hcptrt	05	003	gambling	1	gambling	0.09059808237039572	3	2.3255813953488373	32.48903704620898	1.8626872269919499	-0.039039891213178635	0.09379233419895172	1.025612433515625	1.0110886867187499	0.0021481395348837205	0.007597555503875969	0.00395357	129	0.023255813953488372	0.0
hcptrt	05	003	language	1	language	0.11018736137568225	5	3.1446540880503147	32.98481888184324	1.8697333538812086	-0.03992115706205368	0.09523341059684753	1.0548247999999996	1.0095519938607591	0.0010066666666666668	0.00688061352201258	0.00795829	159	0.031446540880503145	0.0
hcptrt	05	003	motor	1	motor	0.13676578778136841	28	19.58041958041958	29.27519989013672	1.8855297657766443	-0.03858646750450134	0.0951990857720375	1.0554940354225353	1.0023677340845074	0.0012396503496503498	0.00989636076923077	0.0113874	143	0.1958041958041958	0.0
hcptrt	05	003	relational	1	relational	0.11175824697409781	10	8.474576271186441	32.765172977000475	1.8688814638694575	-0.03858351707458496	0.09371304512023926	1.086386161196581	1.0444479102564106	0.002222881355932204	0.006854391355932203	0.0106497	118	0.0847457627118644	0.0
hcptrt	05	003	restingstate	1	restingstate	0.1566121528433784	160	26.755852842809364	21.858253244427033	1.8729330835925528	-0.04052907973527908	0.09417884051799774	1.0113626825628141	0.9828751658793973	0.0024909866220735786	0.025403932826086953	0.00838987	598	0.26755852842809363	0.005016722408026756
hcptrt	05	003	social	1	social	0.10770622880118838	8	5.755395683453237	33.00819465145469	1.8650893153348354	-0.038460683077573776	0.09381386637687683	1.047298763115942	1.0120839215217392	0.001232158273381295	0.006953347697841727	0.00572924	139	0.05755395683453238	0.0
hcptrt	05	003	wm	1	wm	0.08924256770562898	8	3.9800995024875623	33.65544303343631	1.8665501079454543	-0.038271136581897736	0.0930572897195816	1.0305047004500005	1.00610035665	0.0008288059701492539	0.005938775323383084	0.00586124	201	0.03980099502487562	0.0
hcptrt	05	004	emotion	1	emotion	0.0979569510386184	5	5.434782608695652	31.600158907589503	1.8907819861909718	-0.03680500015616417	0.09112337231636047	1.0591718518681323	1.0056060990109887	0.003284021739130435	0.007621408478260871	0.00533903	92	0.05434782608695652	0.0
hcptrt	05	004	emotion	2	emotion	0.11919442678609461	9	10.0	33.10480059986003	1.8835536786020028	-0.038608480244874954	0.09350180625915527	1.0998811624719107	1.0442807576404496	0.002245111111111111	0.006714679111111112	0.00651439	90	0.1	0.0
hcptrt	05	004	gambling	1	gambling	0.12664523094789126	10	7.8125	27.9380811562296	1.9066976788846437	-0.03661376237869263	0.09325160086154938	1.1612191891338588	1.1141423346456691	0.01027921875	0.00866165625	0.01098	128	0.078125	0.03125
hcptrt	05	004	gambling	2	gambling	0.13009015066960128	12	9.30232558139535	29.357854048954323	1.8855818541702931	-0.03969033062458038	0.09404946118593216	1.0327726742187502	0.9894696782812498	0.0017752713178294573	0.009506436589147287	0.00583427	129	0.09302325581395349	0.023255813953488372
hcptrt	05	004	language	1	language	0.11814878666218505	11	6.962025316455696	32.94738265872002	1.8988286055061665	-0.036397647112607956	0.09209297597408295	1.0981917643312098	1.0297489611464974	0.001984240506329114	0.00607548094936709	0.00368469	158	0.06962025316455696	0.006329113924050633
hcptrt	05	004	language	2	language	0.0898389077068309	2	1.2658227848101267	30.922138322610408	1.8888172052851826	-0.0381399542093277	0.09312140941619873	1.0414254941401277	0.9961348682802547	0.0005717088607594936	0.007835007911392404	0.00590948	158	0.012658227848101266	0.0
hcptrt	05	004	motor	1	motor	0.13297691745586754	24	16.783216783216783	26.685850877081975	1.9016320854824822	-0.038202960044145584	0.09268747270107269	1.0209853076056337	0.9782204080281692	0.0013303496503496504	0.014464531118881121	0.00374291	143	0.16783216783216784	0.0
hcptrt	05	004	motor	2	motor	0.1724698992332957	34	23.61111111111111	25.438437879784033	1.911156114303321	-0.03818826749920845	0.09576154500246048	1.0071486380419579	0.9707246579720281	0.0025401388888888887	0.01694434791666667	0.00853132	144	0.2361111111111111	0.041666666666666664
hcptrt	05	004	relational	1	relational	0.14536906492267818	26	21.84873949579832	25.842879174742848	1.9033117396277135	-0.03782817721366882	0.09455212205648422	1.014081077542373	0.9773356170338983	0.0016468067226890755	0.015838429579831934	0.0109276	119	0.2184873949579832	0.01680672268907563
hcptrt	05	004	relational	2	relational	0.09937801510007466	8	6.779661016949152	33.17331033968367	1.887910207407754	-0.0377318300306797	0.09303529560565948	1.084887847777777	1.0308496887179486	0.001750084745762712	0.006270175677966102	0.00765684	118	0.06779661016949153	0.0
hcptrt	05	004	social	1	social	0.11909805709826671	18	12.949640287769784	30.79168300330639	1.8928400071778821	-0.036530204117298126	0.0921202078461647	1.0744101903623189	1.0168200179710147	0.0025148920863309354	0.007497398057553957	0.0113393	139	0.12949640287769784	0.007194244604316547
hcptrt	05	004	social	2	social	0.12617144077729392	14	10.144927536231885	31.86544354725629	1.8884001516829783	-0.03868335857987404	0.09359152615070343	1.098341339635036	1.0219205045985396	0.0010002898550724637	0.007549530289855073	0.0141889	138	0.10144927536231885	0.0
hcptrt	05	004	wm	1	wm	0.1144689912586373	22	10.945273631840797	30.108735042158514	1.900637308836826	-0.03644567355513573	0.09187452495098114	1.0589472301500003	1.0032904166999999	0.0013623383084577115	0.008599877114427862	0.00752463	201	0.10945273631840796	0.004975124378109453
hcptrt	05	004	wm	2	wm	0.1031916001786631	13	6.467661691542289	25.024242193321697	1.906301613510272	-0.03933696448802948	0.09531981498003006	1.0105407513000002	0.9829530914999997	0.0031290547263681597	0.01756759144278607	0.00413062	201	0.06467661691542288	0.0
hcptrt	05	005	emotion	1	emotion	0.18068985762104528	36	39.56043956043956	29.443604345666245	1.8818864909519621	-0.036619771271944046	0.08897923678159714	1.0809283799999996	1.0107050327777776	0.0015464835164835167	0.008617413846153846	0.0114852	91	0.3956043956043956	0.02197802197802198
hcptrt	05	005	emotion	2	emotion	0.12930940690874998	15	16.304347826086957	31.846577525138855	1.876287011037044	-0.03850019723176956	0.09110772609710693	1.054701638021978	0.9988421252747256	0.0014750000000000002	0.0070715347826086974	0.0113046	92	0.16304347826086957	0.0
hcptrt	05	005	gambling	1	gambling	0.09646332487982646	5	3.875968992248062	34.886354407062754	1.8716375655312198	-0.03747935593128204	0.08899053186178207	1.0740440531249997	1.023965924375	0.0019438759689922478	0.004946896666666666	0.00832779	129	0.03875968992248062	0.0
hcptrt	05	005	gambling	2	gambling	0.10616861931316324	8	6.2015503875969	33.9022222396452	1.8788520446124268	-0.03858041390776634	0.09100379049777985	1.0575222714843753	1.0074379005468752	0.0009386046511627907	0.005613606821705427	0.00694108	129	0.06201550387596899	0.0
hcptrt	05	005	language	1	language	0.13969193874324065	24	15.09433962264151	32.378817489836365	1.8796629423043925	-0.0381586030125618	0.09064082056283951	1.0774718975316457	1.0080988041139243	0.0009387421383647799	0.006705911886792454	0.0199229	159	0.1509433962264151	0.006289308176100629
hcptrt	05	005	language	2	language	0.10756421266696506	12	7.594936708860759	33.498076386749744	1.884452007231146	-0.03929080441594124	0.09315504878759384	1.069736528343949	1.0145086882802548	0.0007031012658227848	0.005567067278481014	0.00477401	158	0.0759493670886076	0.0
hcptrt	05	005	motor	1	motor	0.14941448579206715	33	22.916666666666668	32.32227924687322	1.8732088117837764	-0.03834259510040283	0.09053720533847809	1.0819346059440555	1.0086662458041957	0.0012075694444444443	0.006916932986111111	0.0131405	144	0.22916666666666666	0.0
hcptrt	05	005	motor	2	motor	0.13763105503314588	29	20.13888888888889	32.33620242855977	1.8784045053466412	-0.03889111801981926	0.09164758771657944	1.0579887608391605	0.9965800952447549	0.0008300000000000001	0.006687056180555555	0.00804069	144	0.2013888888888889	0.0
hcptrt	05	005	relational	1	relational	0.1390796813553519	16	13.445378151260504	30.193563534878194	1.8698266389027478	-0.03782686963677406	0.08811178058385849	1.0963437962711866	1.0297625752542372	0.002167226890756303	0.00846890605042017	0.013732	119	0.13445378151260504	0.0
hcptrt	05	005	relational	2	relational	0.12126879127636335	12	10.256410256410257	34.020603622309864	1.8738370874127817	-0.039373960345983505	0.0923791453242302	1.0706155187068966	1.0146308225	0.0011965811965811968	0.005395491025641025	0.00765585	117	0.10256410256410256	0.0
hcptrt	05	005	social	1	social	0.1342739958479339	25	17.985611510791365	32.12077145604417	1.8717183535847943	-0.03936158865690231	0.09122700244188309	1.0692398421739129	1.005888780362319	0.0013863309352517984	0.0067458123741007195	0.00662196	139	0.17985611510791366	0.0
hcptrt	05	005	social	2	social	0.1280228376896021	7	5.072463768115942	32.71126693231054	1.8764249849349566	-0.038999464362859726	0.09116753935813904	1.0750748783211677	1.011996767372262	0.0006681884057971014	0.006600725652173913	0.00971993	138	0.050724637681159424	0.0
hcptrt	05	005	wm	1	wm	0.13316089220138205	43	21.287128712871286	30.140600075828843	1.882493717736123	-0.03725013881921768	0.0898762047290802	1.0585540782089558	1.0026009410447767	0.0008769801980198018	0.008447256930693068	0.0102716	202	0.21287128712871287	0.0
hcptrt	05	005	wm	2	wm	0.11904313481888615	15	7.462686567164179	31.109848541440442	1.886735254429623	-0.03899892047047615	0.09180781990289688	1.0363413011499996	0.9887646041499991	0.0005437810945273633	0.007682899502487563	0.00404611	201	0.07462686567164178	0.0
hcptrt	05	006	emotion	1	emotion	0.139699417691485	13	14.130434782608695	32.39999818406068	1.8673920913488682	-0.03522910922765732	0.0891280397772789	1.0594198205494507	1.0046587909890108	0.0017169565217391304	0.006746961086956522	0.00770759	92	0.14130434782608695	0.0
hcptrt	05	006	gambling	1	gambling	0.10969802795837712	9	7.03125	35.03694220725447	1.8717785325383183	-0.036875441670417786	0.09226380288600922	1.0452890775590555	0.9959729181889764	0.000814609375	0.004884262734375	0.00560638	128	0.0703125	0.0
hcptrt	05	006	language	1	language	0.14989865040802475	26	16.455696202531644	28.96375407569576	1.8760458523193346	-0.0360497310757637	0.0906834527850151	1.0416425320382166	0.9910225234394905	0.00083126582278481	0.01062788746835443	0.00317976	158	0.16455696202531644	0.006329113924050633
hcptrt	05	006	motor	1	motor	0.13654880209467696	18	12.587412587412587	30.033265483332798	1.8662088884752923	-0.037136245518922806	0.09324341267347336	1.058693345211268	1.0038568387323943	0.001800979020979021	0.008399856573426573	0.00708859	143	0.1258741258741259	0.0
hcptrt	05	006	relational	1	relational	0.12056443314656504	9	7.6923076923076925	34.68339060083963	1.869671704888893	-0.036352381110191345	0.09130512923002243	1.0825025382758624	1.0219449031034484	0.0018984615384615383	0.005131073162393162	0.0118134	117	0.07692307692307693	0.0
hcptrt	05	006	restingstate	1	restingstate	0.1445146409925485	123	20.534223706176963	19.418691436760128	1.915593895384429	-0.03981110453605652	0.09537758678197861	0.9708569489799336	0.9706554217224064	0.007770884808013355	0.03719493737896494	0.00200701	599	0.20534223706176963	0.0
hcptrt	05	006	social	1	social	0.1449680495173468	27	19.565217391304348	32.87734466139227	1.8662616013071764	-0.03592084348201752	0.08981364965438843	1.0879949256934305	1.0201853551094893	0.0009769565217391304	0.006201288840579711	0.00945696	138	0.1956521739130435	0.0
hcptrt	05	006	wm	1	wm	0.11525722196111596	18	8.955223880597014	31.203377307392657	1.8738319837539148	-0.036598481237888336	0.09127290546894073	1.0774152895000004	1.0198806855999996	0.0017740796019900498	0.007079651940298508	0.00764584	201	0.08955223880597014	0.0
hcptrt	05	008	emotion	1	emotion	0.12966626435690254	12	13.043478260869565	30.7845944208093	1.8445674684282278	-0.035798970609903336	0.0905473530292511	1.0469293412087912	0.9874491110989015	0.0015613043478260868	0.008448424565217392	0.0110458	92	0.13043478260869565	0.0
hcptrt	05	008	emotion	2	emotion	0.11942702095914379	10	10.869565217391305	30.377967422129586	1.846428814604986	-0.035445090383291245	0.08980318903923035	1.049890997912088	0.9836215963736262	0.0013347826086956523	0.008654718260869564	0.0156635	92	0.10869565217391304	0.0
hcptrt	05	008	gambling	1	gambling	0.09464918185977869	9	6.976744186046512	32.59658236801624	1.8213454041152715	-0.03925592079758644	0.09234751760959625	1.0838695983593747	1.0027761014843748	0.0010827906976744188	0.0068781361240310085	0.0102858	129	0.06976744186046512	0.0
hcptrt	05	008	gambling	2	gambling	0.1087823113445812	7	5.426356589147287	33.19871144974604	1.8634851118168774	-0.033563073724508286	0.08859851956367493	1.09326175015625	1.0168474832031251	0.0017525581395348838	0.005771875426356589	0.0108701	129	0.05426356589147287	0.0
hcptrt	05	008	language	1	language	0.11663458225562376	12	7.594936708860759	31.936800602590665	1.8340639572780935	-0.03631800040602684	0.09040038287639618	1.1034753981528662	1.0081888412738855	0.0007330379746835442	0.0074214534177215186	0.00617877	158	0.0759493670886076	0.0
hcptrt	05	008	language	2	language	0.13543315146117288	20	12.578616352201259	31.235865288763307	1.8421012432386301	-0.03618776798248291	0.09008779376745224	1.0993209017088605	1.0010679336075952	0.0008568553459119498	0.00756747389937107	0.016446	159	0.12578616352201258	0.006289308176100629
hcptrt	05	008	motor	1	motor	0.1267571811806791	17	12.056737588652481	32.285344848409295	1.815634401980732	-0.040378786623477936	0.09366732835769653	1.1152968947142852	1.022461566142857	0.002006808510638298	0.006744295460992908	0.00564482	141	0.12056737588652482	0.014184397163120567
hcptrt	05	008	motor	2	motor	0.14426568335056839	23	16.197183098591548	28.965785584179685	1.8643962055725318	-0.035561151802539825	0.09195849299430847	1.0725755341134762	0.9983848225531915	0.0009934507042253522	0.010266287605633802	0.00724569	142	0.1619718309859155	0.0
hcptrt	05	008	relational	1	relational	0.09794742074832694	7	6.0344827586206895	33.75983970472589	1.8381093692267267	-0.03653011843562126	0.08971758931875229	1.0857203993913047	1.0053380632173918	0.0014183620689655172	0.006047326551724137	0.0119252	116	0.0603448275862069	0.0
hcptrt	05	008	relational	2	relational	0.139498150621012	18	15.126050420168067	30.96201478270814	1.8414707613653547	-0.03700300678610802	0.09225335717201233	1.1011143359322038	1.0162644625423727	0.0020273949579831937	0.007920000840336134	0.0107729	119	0.15126050420168066	0.0
hcptrt	05	008	social	1	social	0.1283992698451426	18	12.949640287769784	31.16827681940049	1.8440786588127138	-0.035126976668834686	0.08966878801584244	1.1053610776811595	1.02046112826087	0.002626906474820144	0.00783534654676259	0.0144434	139	0.12949640287769784	0.0
hcptrt	05	008	social	2	social	0.14204501329684924	23	16.546762589928058	30.85301510989666	1.8507100136811772	-0.03594300523400307	0.09292960911989212	1.101531685434783	1.0096632540579709	0.0015305755395683452	0.00797897179856115	0.0123504	139	0.16546762589928057	0.0
hcptrt	05	008	wm	1	wm	0.11512255109618824	12	5.970149253731344	28.441404179669917	1.8392808686401578	-0.038596201688051224	0.09173009544610977	1.032275340500001	0.9651363781499994	0.0005892039800995025	0.012308010447761194	0.0051472	201	0.05970149253731343	0.014925373134328358
hcptrt	05	008	wm	2	wm	0.12413059788679068	19	9.45273631840796	30.9328559814021	1.8506693146040332	-0.03518794849514961	0.0895218700170517	1.0790359157499987	0.9946077499499998	0.0007972139303482587	0.008243522189054726	0.00825713	201	0.0945273631840796	0.0
hcptrt	05	009	emotion	1	emotion	0.12852395432021113	13	14.130434782608695	31.749712521210313	1.8429872504285627	-0.03780635446310043	0.09545386582612991	1.0765895734065936	1.0055522294505497	0.0022075	0.006636242826086956	0.0185045	92	0.14130434782608695	0.010869565217391304
hcptrt	05	009	gambling	1	gambling	0.09051417661889487	4	3.1746031746031744	35.57027410506271	1.834414493555657	-0.03835412487387657	0.09345099329948425	1.1045496915200004	1.0303557047999996	0.001434126984126984	0.00468867992063492	0.0110072	126	0.031746031746031744	0.0
hcptrt	05	009	language	1	language	0.09358862447832507	7	4.40251572327044	34.23496126825921	1.8433730091924068	-0.04005443677306175	0.0980454757809639	1.0770774805696206	1.0087965206329115	0.0008661635220125787	0.005248565220125786	0.00843389	159	0.0440251572327044	0.0
hcptrt	05	009	motor	1	motor	0.16626529346462798	24	17.51824817518248	30.34120993106626	1.8474115394075041	-0.039613742381334305	0.09828443080186844	1.1706078833823532	1.0738122888235293	0.005828759124087591	0.008034581824817517	0.00429021	137	0.17518248175182483	0.051094890510948905
hcptrt	05	009	relational	1	relational	0.12186013220997095	22	18.48739495798319	29.863020300865173	1.844775401232323	-0.038674384355545044	0.09710454195737839	1.0589678500847457	1.002562602033898	0.00160672268907563	0.008564354453781512	0.0178419	119	0.18487394957983194	0.0
hcptrt	05	009	restingstate	1	restingstate	0.1495357694130836	119	19.899665551839465	21.16266065603122	1.8842474350347829	-0.03821156173944473	0.09502184391021729	1.0144433981407044	0.9645087465829157	0.002581538461538461	0.030425406505016718	0.00312256	598	0.19899665551839466	0.005016722408026756
hcptrt	05	009	social	1	social	0.12765133762011993	25	17.985611510791365	28.538037072401494	1.8474618279937356	-0.03692438453435898	0.09430572390556335	1.059779465289855	0.9988821338405792	0.0021005755395683457	0.01019017143884892	0.0124525	139	0.17985611510791366	0.0
hcptrt	05	009	wm	1	wm	0.15161882697289109	41	20.398009950248756	27.405974912107922	1.853478885310509	-0.03885222226381302	0.09611804038286209	1.0771437297999997	1.0074983251500003	0.0023395522388059697	0.011003729104477611	0.0124076	201	0.20398009950248755	0.024875621890547265
hcptrt	05	010	emotion	1	emotion	0.18513472818934426	36	39.130434782608695	22.87017497664783	1.8396688774658048	-0.04230396822094917	0.0962938517332077	1.0118050953846154	0.9878981568131866	0.004888913043478261	0.023029018804347826	0.00710706	92	0.391304347826087	0.0
hcptrt	05	010	emotion	2	emotion	0.12745040142291628	9	9.89010989010989	30.685113698244095	1.8379497397615268	-0.03807074949145317	0.0953555777668953	1.0800678102222225	1.0260691531111106	0.0030076923076923076	0.007326283186813186	0.009518	91	0.0989010989010989	0.01098901098901099
hcptrt	05	010	gambling	1	gambling	0.12956134968205743	13	10.317460317460318	33.71232370566577	1.8042394644318738	-0.04252701625227928	0.09463667124509811	1.1159474360800006	1.0561322008800005	0.003777857142857143	0.005512355952380954	0.00494703	126	0.10317460317460317	0.007936507936507936
hcptrt	05	010	gambling	2	gambling	0.1154461314073662	13	10.077519379844961	25.462913430528715	1.8231908165410111	-0.04033631458878517	0.09525645524263382	1.0514912510937502	1.038706133984375	0.011154961240310077	0.015936899612403098	0.00350739	129	0.10077519379844961	0.007751937984496124
hcptrt	05	010	language	1	language	0.11344947400824014	9	5.882352941176471	31.826312510995194	1.8230989264090414	-0.03964608162641525	0.09526339173316956	1.0206229419078947	0.9893067826973688	0.0008066666666666667	0.007177255359477124	0.00434691	153	0.058823529411764705	0.0
hcptrt	05	010	language	2	language	0.12437529016828032	15	9.433962264150944	33.03204791713506	1.827023753286857	-0.03971724957227707	0.09478948265314102	1.083393182658228	1.0091302990506332	0.0008577358490566038	0.00633468610062893	0.0214691	159	0.09433962264150944	0.0
hcptrt	05	010	motor	1	motor	0.14574034557725862	33	22.916666666666668	29.58474801562261	1.8101456017581645	-0.043078597635030746	0.09741510450839996	1.0418087244055947	0.9826712825874135	0.0008293055555555556	0.009491807986111113	0.0148631	144	0.22916666666666666	0.0
hcptrt	05	010	motor	2	motor	0.1467033657912237	23	15.972222222222221	30.55344555724878	1.8174229227700627	-0.040754180401563644	0.09583362936973572	1.0606331228671333	0.9953981425874122	0.0009241666666666667	0.007863890277777778	0.0127919	144	0.1597222222222222	0.0
hcptrt	05	010	relational	1	relational	0.12033360410282345	7	6.086956521739131	35.10142978280783	1.8308535134227386	-0.038665417581796646	0.09326758980751038	1.0534946788596493	1.013419336929824	0.001091391304347826	0.005037470347826087	0.00559976	115	0.06086956521739131	0.0
hcptrt	05	010	relational	2	relational	0.11903811785982746	11	9.401709401709402	30.162350311875343	1.8357216584802187	-0.037426482886075974	0.09442923963069916	1.0215900596551724	0.9837719999137934	0.0008703418803418805	0.008507550854700854	0.00533119	117	0.09401709401709402	0.0
hcptrt	05	010	social	1	social	0.14182851552690245	27	19.424460431654676	27.719672978390008	1.8274690212754248	-0.039064306765794754	0.09414524585008621	1.023278458985507	0.9827718899999999	0.0014324460431654677	0.01135938964028777	0.0120054	139	0.19424460431654678	0.0
hcptrt	05	010	social	2	social	0.12456027512201617	13	9.352517985611511	32.7788789535407	1.819739837098306	-0.039713963866233826	0.09494680166244507	1.0794384492753624	1.0099963196376809	0.0010065467625899281	0.006395557194244604	0.0189519	139	0.09352517985611511	0.0
hcptrt	05	010	wm	1	wm	0.12454222498832053	22	10.945273631840797	28.266178397461772	1.8026607363203455	-0.041491203010082245	0.0929127037525177	1.0062367718999994	0.9749682719500002	0.0007066666666666666	0.011821381393034826	0.00650728	201	0.10945273631840796	0.0
hcptrt	05	010	wm	2	wm	0.11823352007479027	22	11.0	30.395446839742362	1.8296894509427633	-0.03766055032610893	0.09379729628562927	1.0462988930653268	0.9992340948241203	0.00135745	0.0082502247	0.00623538	200	0.11	0.0
hcptrt	06	001	emotion	1	emotion	0.18658310178821416	34	37.77777777777778	31.40690791339148	1.9960043465329753	-0.012872126884758472	0.049941323697566986	1.126015835505618	1.0226175405617977	0.0014772222222222224	0.007873269111111112	0.00603217	90	0.37777777777777777	0.011111111111111112
hcptrt	06	001	language	1	language	0.20394654540105173	59	37.106918238993714	25.70044758322183	2.0097756072731587	-0.011799301020801067	0.049544744193553925	1.0353351559493675	0.9666930344936707	0.0018363522012578618	0.016815321383647795	0.00660151	159	0.3710691823899371	0.031446540880503145
hcptrt	06	001	motor	1	motor	0.22075794074477126	72	50.0	25.629398573655635	1.9901696873163208	-0.01731186918914318	0.049862198531627655	1.0770017079020977	0.9818272337062941	0.002761388888888889	0.01680424236111111	0.00337765	144	0.5	0.013888888888888888
hcptrt	06	001	restingstate	1	restingstate	0.20939017660340067	333	55.59265442404007	22.90100677474402	1.9847540115848414	-0.01707863062620163	0.04918661341071129	1.0317816966889632	0.9528952855518397	0.0020340233722871454	0.026454767796327213	0.00524759	599	0.5559265442404007	0.00667779632721202
hcptrt	06	001	wm	1	wm	0.27877764555793944	95	47.2636815920398	20.819532366469502	2.1187471360496604	-0.007968184538185596	0.057730305939912796	1.0131424516999998	0.9857802176999997	0.00840547263681592	0.028610085970149253	0.00710464	201	0.472636815920398	0.07960199004975124
hcptrt	06	002	emotion	1	emotion	0.18027307192144376	37	40.65934065934066	32.90304047521204	1.9528123126544576	-0.01521124318242073	0.050531502813100815	1.1179167371111107	1.0127572294444447	0.0016191208791208791	0.0070635635164835175	0.00792681	91	0.4065934065934066	0.0
hcptrt	06	002	emotion	2	emotion	0.16219752002683085	24	26.373626373626372	33.40013136505149	1.9137184855726812	-0.018218403682112694	0.055615026503801346	1.123467632	1.0156468665555551	0.0018282417582417584	0.006575003846153846	0.00723296	91	0.26373626373626374	0.01098901098901099
hcptrt	06	002	gambling	1	gambling	0.18474241077832676	45	35.15625	30.057015672326088	1.9905539237806227	-0.01452884916216135	0.05075095593929291	1.1232450512598422	1.0234297092125981	0.0032146874999999997	0.00944809171875	0.0069978	128	0.3515625	0.0390625
hcptrt	06	002	gambling	2	gambling	0.15717469471760795	35	27.34375	32.9953150479123	1.9081403498765697	-0.01931300200521946	0.05622829496860504	1.0695376900000002	0.9821297748818894	0.0008374999999999999	0.0069096637499999995	0.00523558	128	0.2734375	0.0
hcptrt	06	002	language	1	language	0.19044088566134015	64	40.50632911392405	30.258436921285465	1.9889845329510885	-0.016952553763985634	0.051585011184215546	1.0862357096815287	0.9937493992993627	0.0007601898734177215	0.009764707278481012	0.00691795	158	0.4050632911392405	0.006329113924050633
hcptrt	06	002	language	2	language	0.20617235618415086	67	42.138364779874216	25.568770641461015	1.96191848443427	-0.01776815950870514	0.05588580667972565	1.0875102480379748	0.9965792802531648	0.0025350314465408808	0.01611314937106918	0.00699398	159	0.42138364779874216	0.018867924528301886
hcptrt	06	002	motor	1	motor	0.2757978246958938	78	54.166666666666664	21.693381294608116	2.0586129146617327	-0.01445583626627922	0.05118609219789505	1.0642003455944054	0.9723162891608395	0.0029836111111111114	0.02729215854166667	0.00472825	144	0.5416666666666666	0.08333333333333333
hcptrt	06	002	motor	2	motor	0.21562385638719175	66	45.833333333333336	24.489753311499953	1.9464441872661562	-0.019438257440924644	0.0574977844953537	1.0862985479020977	1.0009549123776216	0.006722430555555555	0.01885242659722222	0.00461129	144	0.4583333333333333	0.027777777777777776
hcptrt	06	002	relational	1	relational	0.19243206593502377	43	36.134453781512605	26.918833553558215	1.986907482417935	-0.015005569905042648	0.050090666860342026	1.0097682901694918	0.9616416728813558	0.001284621848739496	0.014484094369747902	0.00891278	119	0.36134453781512604	0.025210084033613446
hcptrt	06	002	relational	2	relational	0.1734676606053161	35	29.661016949152543	30.340551548753865	1.9166596622011405	-0.01805245317518711	0.05586609989404678	1.1576142093162398	1.0517869162393165	0.00438601694915254	0.008882868050847457	0.00876608	118	0.2966101694915254	0.01694915254237288
hcptrt	06	002	social	1	social	0.17468791744298134	48	34.53237410071942	31.885080811334774	1.9715255502581595	-0.01655656285583973	0.05174851045012474	1.1176636036956533	1.0088284215942027	0.001606546762589928	0.007771990503597123	0.0092461	139	0.34532374100719426	0.02158273381294964
hcptrt	06	002	social	2	social	0.17642025053625565	45	32.608695652173914	31.480052050668746	1.957331267154351	-0.01639299839735031	0.05495871976017952	1.1256785278832122	1.0231767752554743	0.0022407246376811595	0.00812472992753623	0.0084234	138	0.32608695652173914	0.021739130434782608
hcptrt	06	002	wm	1	wm	0.18408053054745085	80	39.80099502487562	27.134021919220686	1.9812111095822587	-0.014665352180600166	0.05073525011539459	1.0628295935000003	0.98693088405	0.0013417910447761194	0.01290236054726368	0.00565027	201	0.39800995024875624	0.009950248756218905
hcptrt	06	002	wm	2	wm	0.1757145637142559	65	32.33830845771144	27.934638613834977	1.961423710187157	-0.01734394207596779	0.05601980909705162	1.1197557937	1.0370105392500002	0.003560796019900498	0.011891059552238806	0.00700575	201	0.32338308457711445	0.024875621890547265
hcptrt	06	003	emotion	1	emotion	0.18750379498877065	42	46.15384615384615	33.18476982205175	1.9780867844518992	-0.015514856204390526	0.05080828815698624	1.1396734141111113	1.0267914855555553	0.0021313186813186813	0.006769419670329669	0.00879076	91	0.46153846153846156	0.01098901098901099
hcptrt	06	003	emotion	2	emotion	0.16300529932907407	36	39.56043956043956	35.144507919903845	1.920370081097412	-0.015518351458013058	0.050105657428503036	1.124907832222222	1.0142799660000001	0.0012916483516483518	0.005544754065934066	0.00497181	91	0.3956043956043956	0.0
hcptrt	06	003	gambling	1	gambling	0.19197639950967404	59	46.09375	29.14647703873925	1.9992445312127	-0.013466180302202702	0.049421340227127075	1.1046207622834647	1.0092965122047242	0.002927734375	0.011514089843749999	0.00787261	128	0.4609375	0.0078125
hcptrt	06	003	gambling	2	gambling	0.19288119915280771	53	41.732283464566926	27.239555067149922	1.93546442932606	-0.01518335286527872	0.04921630769968033	1.102467064920635	1.0020015655555554	0.003927007874015748	0.01381095535433071	0.00429503	127	0.41732283464566927	0.031496062992125984
hcptrt	06	003	language	1	language	0.20003122227957196	67	42.40506329113924	28.75069730798714	1.9863604381573976	-0.01677144318819046	0.05231095477938652	1.103707533184713	1.011533783121019	0.0013077215189873418	0.011098825632911391	0.00594628	158	0.4240506329113924	0.02531645569620253
hcptrt	06	003	language	2	language	0.2147325220197602	70	44.0251572327044	24.1451089985203	1.9898484768561266	-0.016484186053276062	0.04966506361961365	1.0482437040506327	0.9715835273417718	0.0019869182389937105	0.02106072182389937	0.00653434	159	0.44025157232704404	0.050314465408805034
hcptrt	06	003	motor	1	motor	0.21831489623565617	80	55.94405594405595	28.611823628656566	1.9899296676761917	-0.01449592411518097	0.04976436868309975	1.1445029469014076	1.0293707199295774	0.003733986013986014	0.011611294895104896	0.00561934	143	0.5594405594405595	0.027972027972027972
hcptrt	06	003	motor	2	motor	0.2147037826386884	69	48.25174825174825	22.174533332232386	1.9679855690055479	-0.015430028550326824	0.04999303072690964	0.9984837020422533	0.9380074333802817	0.009647692307692309	0.029911911818181817	0.00460699	143	0.4825174825174825	0.02097902097902098
hcptrt	06	003	relational	1	relational	0.21559026229553727	56	47.863247863247864	25.90943535324186	1.9993745509324463	-0.015623983927071095	0.05106000602245331	1.0756605130172414	0.9926629669827581	0.002162905982905983	0.015315607435897435	0.00599329	117	0.47863247863247865	0.042735042735042736
hcptrt	06	003	relational	2	relational	0.21214206425348162	55	46.21848739495798	24.0858692995389	2.009284089525742	-0.015441559255123138	0.05033670365810394	1.0019040036440676	0.9499888562711872	0.0018203361344537815	0.0210603312605042	0.00562393	119	0.46218487394957986	0.05042016806722689
hcptrt	06	003	social	2	social	0.20747106118076147	74	53.6231884057971	23.063955884426832	1.9731763738240944	-0.01463988609611988	0.051954563707113266	1.0491519407299263	0.980976597810219	0.004640217391304348	0.024857003188405797	0.00240276	138	0.5362318840579711	0.0
hcptrt	06	003	wm	1	wm	0.19783278390105846	86	43.0	23.686756712850183	2.014802665043242	-0.015283085405826569	0.050668295472860336	0.9879734276381907	0.933967966582914	0.0017364499999999998	0.023334295850000002	0.00372554	200	0.43	0.015
hcptrt	06	003	wm	2	wm	0.20280317139631202	90	44.554455445544555	24.555690380744636	2.003306817349549	-0.016060881316661835	0.05207033455371857	1.0699597632338311	0.9849415034328357	0.00195519801980198	0.01837896965346535	0.00344461	202	0.44554455445544555	0.01485148514851485
hcptrt	06	004	emotion	1	emotion	0.1961790043075863	39	42.391304347826086	30.946316450019367	1.9615764117817043	-0.01447238028049469	0.04794742166996002	1.1494111779120875	1.0242352654945057	0.0037126086956521744	0.008622956086956521	0.0101194	92	0.42391304347826086	0.021739130434782608
hcptrt	06	004	emotion	2	emotion	0.15302155354938154	21	23.076923076923077	33.83341067703441	1.9580528961390027	-0.014555836096405983	0.05124257504940033	1.1438621341111108	1.0504339341111113	0.005424285714285714	0.006423208021978023	0.00382404	91	0.23076923076923078	0.0
hcptrt	06	004	emotion	3	emotion	0.129792851617419	8	8.695652173913043	36.11758059402928	1.9904709998814847	-0.015938790515065193	0.05513932555913925	1.0939051959340658	1.0085223781318677	0.0017434782608695648	0.005063635434782609	0.00894418	92	0.08695652173913043	0.0
hcptrt	06	004	gambling	1	gambling	0.19591447297667308	46	35.65891472868217	28.825700689922087	1.9521055438196127	-0.017122479155659676	0.050597306340932846	1.1004586377343755	1.03611188203125	0.002796976744186047	0.010838488294573645	0.00878009	129	0.35658914728682173	0.03875968992248062
hcptrt	06	004	gambling	2	gambling	0.18631380669272057	51	39.53488372093023	28.84970603697002	1.969622470221127	-0.014007541351020336	0.05070862919092178	1.1271301859374998	1.022119970234375	0.0039586046511627905	0.011118477131782946	0.00666085	129	0.3953488372093023	0.023255813953488372
hcptrt	06	004	gambling	3	gambling	0.14835513098784736	21	16.40625	30.8304230022477	1.9760050671553098	-0.015645096078515053	0.05160154774785042	1.0575510520472442	0.9816424305511808	0.0009709375	0.009123682578125	0.00849509	128	0.1640625	0.015625
hcptrt	06	004	language	1	language	0.21589522893925722	70	44.30379746835443	26.522476152400486	1.9616202629715362	-0.017853623256087303	0.05141879618167877	1.079485270573249	0.9850788659235665	0.0015022784810126584	0.015743808734177214	0.0132044	158	0.4430379746835443	0.04430379746835443
hcptrt	06	004	language	2	language	0.17993065800978073	53	33.333333333333336	27.52634050277993	1.9804850140511707	-0.01616646535694599	0.05288255587220192	1.0956935374050634	0.998962098924051	0.002131509433962264	0.013100740440251571	0.00793319	159	0.3333333333333333	0.025157232704402517
hcptrt	06	004	language	3	language	0.17206763491084762	47	29.559748427672957	25.84203338250518	2.0235354633054263	-0.013374635018408298	0.05298776179552078	1.0510780265822786	0.987328627468355	0.003151194968553459	0.017126857232704403	0.00684249	159	0.29559748427672955	0.012578616352201259
hcptrt	06	004	motor	1	motor	0.22492591193605777	70	48.611111111111114	21.26942416501697	2.0092137901238125	-0.016468720510601997	0.050925154238939285	0.9879803368531463	0.9440937258041955	0.0051802083333333335	0.030405589166666667	0.00662082	144	0.4861111111111111	0.05555555555555555
hcptrt	06	004	motor	2	motor	0.20881656007554594	67	46.85314685314685	22.75006346812006	1.9503641597911305	-0.01847975142300129	0.05512788146734238	1.1069003283802823	1.026763635	0.006131118881118881	0.024195323006993008	0.00554292	143	0.46853146853146854	0.03496503496503497
hcptrt	06	004	motor	3	motor	0.2618908857261089	91	63.19444444444444	24.290405267849565	2.0037531493398486	-0.014182782731950283	0.052730493247509	1.0855720014685322	0.9951753290209786	0.0034314583333333337	0.019420475555555556	0.00722459	144	0.6319444444444444	0.05555555555555555
hcptrt	06	004	relational	1	relational	0.20825634872010818	46	38.65546218487395	24.757029172615148	1.9766869649428471	-0.01611722819507122	0.04825582355260849	1.0671618803389828	1.007006016949152	0.006773781512605042	0.018629963193277314	0.00578621	119	0.3865546218487395	0.058823529411764705
hcptrt	06	004	relational	2	relational	0.1687251914636836	31	26.271186440677965	28.65695297671482	1.97555879840016	-0.01524308044463396	0.0512143149971962	1.0942364496581203	1.0054344752136746	0.0019716949152542374	0.011490775084745762	0.00531817	118	0.2627118644067797	0.025423728813559324
hcptrt	06	004	relational	3	relational	0.18476893703831002	42	35.294117647058826	25.54532825667411	2.007174286676535	-0.014608507975935936	0.053911689668893814	1.0257407538135592	0.9780326829661018	0.002557563025210084	0.016618169495798318	0.00672455	119	0.35294117647058826	0.03361344537815126
hcptrt	06	004	restingstate	1	restingstate	0.1829476086323131	268	44.666666666666664	22.04827960662078	1.9676089139457773	-0.016933739185333252	0.047925520688295364	1.009482668130218	0.960894943322203	0.003353333333333333	0.027148421166666666	0.00724222	600	0.44666666666666666	0.008333333333333333
hcptrt	06	004	social	1	social	0.20595461115996003	56	40.28776978417266	28.176549674477428	1.9594936630283133	-0.013252181001007557	0.04623726010322571	1.0986824836956521	1.0174508118840582	0.005192517985611511	0.012874118848920865	0.00570438	139	0.4028776978417266	0.03597122302158273
hcptrt	06	004	wm	1	wm	0.1994912665507298	78	38.80597014925373	25.01378722069785	2.0418100586418872	-0.012068035081028938	0.056148726493120193	1.0320683498499998	0.97841280955	0.003515024875621891	0.019155327512437814	0.00506507	201	0.3880597014925373	0.04477611940298507
hcptrt	06	004	wm	2	wm	0.1607004623928492	47	23.26732673267327	25.211627179873176	1.9861751285889115	-0.015488889068365097	0.051292091608047485	1.0121640964676617	0.9696001731840795	0.002249108910891089	0.018480268861386137	0.0039592	202	0.23267326732673269	0.019801980198019802
hcptrt	06	004	wm	3	wm	0.15358685182996804	52	25.870646766169155	33.56826521689072	2.012508161937327	-0.012703156098723412	0.05222603678703308	1.0802542269500004	1.0052720248499991	0.0009472139303482587	0.006394536119402984	0.00416419	201	0.25870646766169153	0.0
hcptrt	06	006	emotion	1	emotion	0.15029584041695151	20	21.978021978021978	31.617829102207907	1.9787538896058254	-0.019144006073474884	0.055170945823192596	1.0805420023333328	1.001687509222222	0.0012754945054945055	0.007911025384615385	0.006854	91	0.21978021978021978	0.01098901098901099
hcptrt	06	006	emotion	2	emotion	0.13199079983751666	11	12.087912087912088	34.68463351787068	1.9533723372014782	-0.020727725699543953	0.05596036836504936	1.0814674668888893	1.0095545031111113	0.0011827472527472529	0.005558538241758241	0.00649231	91	0.12087912087912088	0.0
hcptrt	06	006	gambling	1	gambling	0.17253503013473426	26	20.155038759689923	30.11655542626977	1.9776720386780462	-0.01932448521256447	0.05487586185336113	1.0867642181250001	1.0276507792968748	0.004835193798449612	0.008209959534883722	0.00652922	129	0.20155038759689922	0.023255813953488372
hcptrt	06	006	gambling	2	gambling	0.13709764239680272	20	15.503875968992247	35.077614602050744	1.958082408727742	-0.022435223683714867	0.0567738339304924	1.0864973292187503	1.0091927550000002	0.001035891472868217	0.005555570930232559	0.00634614	129	0.15503875968992248	0.0
hcptrt	06	006	language	1	language	0.16435421317564372	37	23.417721518987342	25.57285269862041	1.9534508120079883	-0.020809050649404526	0.054372645914554596	1.0088589656050955	0.9637971744585986	0.0020075949367088608	0.017724861962025315	0.00346261	158	0.23417721518987342	0.0189873417721519
hcptrt	06	006	language	2	language	0.13834804566501915	24	15.09433962264151	27.367335539776832	1.9711237708076785	-0.020290086045861244	0.05407668650150299	0.982015121455696	0.9432429926582279	0.0005316352201257862	0.01594735144654088	0.00462516	159	0.1509433962264151	0.0
hcptrt	06	006	motor	1	motor	0.2289236817228305	57	39.583333333333336	18.696073336759582	2.0238250529734727	-0.020277714356780052	0.05505232885479927	1.0975173407692307	1.1033684890909088	0.021236041666666663	0.03659258333333334	0.00530666	144	0.3958333333333333	0.09027777777777778
hcptrt	06	006	motor	2	motor	0.17368490400032127	43	30.06993006993007	26.70253847166896	1.9575190183992675	-0.020950591191649437	0.055247705429792404	1.0225981087323943	0.9681521016901411	0.0017922377622377624	0.016317598881118882	0.00306247	143	0.3006993006993007	0.013986013986013986
hcptrt	06	006	relational	1	relational	0.13996361250240774	21	17.647058823529413	28.43246478459332	1.9775082462079954	-0.01927463337779045	0.05437721312046051	1.049501789661017	0.9928704374576273	0.0023586554621848744	0.011956931344537814	0.00276644	119	0.17647058823529413	0.0
hcptrt	06	006	relational	2	relational	0.12984229567483788	7	5.932203389830509	32.26083549670875	1.9702083240548873	-0.019946560263633728	0.05498715117573738	1.0759218445299146	1.0083501056410262	0.0010814406779661018	0.007620084745762711	0.00328083	118	0.059322033898305086	0.0
hcptrt	06	006	social	1	social	0.14670808242577146	32	23.18840579710145	32.91212247963995	1.9736164227073623	-0.019449381157755852	0.05512232333421707	1.129116114963504	1.0292140962043794	0.001592101449275362	0.006970157463768116	0.00887309	138	0.2318840579710145	0.007246376811594203
hcptrt	06	006	social	2	social	0.13505214763450907	13	9.489051094890511	33.92666795337573	1.9404548736876368	-0.020743323490023613	0.054202400147914886	1.0703358997794121	0.9973609171323531	0.0007322627737226277	0.006281962116788321	0.006152	137	0.0948905109489051	0.0
hcptrt	06	006	wm	1	wm	0.14445018605027318	42	20.895522388059703	32.29294936847873	1.9540444587520744	-0.02096601203083992	0.05495959892868996	1.0689723324500005	0.9931569915	0.0007333830845771144	0.0074388852238805965	0.00468225	201	0.208955223880597	0.0
hcptrt	06	006	wm	2	wm	0.13503412800966497	33	16.336633663366335	32.38506163866259	1.9321562975863262	-0.021264422684907913	0.05558739975094795	1.114686607910448	1.0343335576616914	0.002343019801980198	0.007235683663366337	0.00467889	202	0.16336633663366337	0.0
hcptrt	06	007	emotion	1	emotion	0.15278544523599832	20	21.978021978021978	35.001003395882435	1.9306055905009316	-0.012898486107587814	0.047906968742609024	1.1088269956666672	1.0262314704444446	0.0019247252747252748	0.005523847582417583	0.00384645	91	0.21978021978021978	0.01098901098901099
hcptrt	06	007	gambling	1	gambling	0.19202439898008375	33	25.984251968503937	25.40886425971985	1.9201319697402914	-0.011656755581498146	0.04573073983192444	1.1725201364285713	1.1647944079365078	0.013729212598425196	0.013445611653543306	0.00516755	127	0.25984251968503935	0.031496062992125984
hcptrt	06	007	language	1	language	0.18149834588685887	53	33.333333333333336	28.05541734304279	1.9313864571827777	-0.013432560488581657	0.04763384163379669	1.0838391134177219	1.0032256098101262	0.0018163522012578617	0.012156118113207546	0.00802186	159	0.3333333333333333	0.0440251572327044
hcptrt	06	007	motor	1	motor	0.1702551362386493	40	28.169014084507044	22.860305826179683	1.9377543296005937	-0.012655440717935562	0.046641137450933456	0.9736627832624112	0.9469242065248223	0.0024011971830985917	0.02415091971830986	0.00364976	142	0.28169014084507044	0.014084507042253521
hcptrt	06	007	relational	1	relational	0.15625219195944298	31	26.271186440677965	29.02511202939786	1.9554798761410228	-0.012744598090648651	0.04845976084470749	1.0847004982051283	1.0254344176923076	0.0034920338983050847	0.010679106525423726	0.00647936	118	0.2627118644067797	0.00847457627118644
hcptrt	06	007	restingstate	1	restingstate	0.17417897916968791	223	37.228714524207014	23.951636653393507	1.9430602084640665	-0.013493102975189686	0.047441668808460236	0.9819333342307695	0.9407882101839466	0.004814190317195325	0.022571718080133557	0.00521111	599	0.3722871452420701	0.011686143572621035
hcptrt	06	007	social	1	social	0.1449915449459795	24	17.391304347826086	33.517109049716964	1.9007826220181916	-0.013739134185016155	0.04616759344935417	1.097972581605839	1.0201463733576637	0.0020608695652173914	0.006453879782608696	0.00431692	138	0.17391304347826086	0.014492753623188406
hcptrt	06	007	wm	1	wm	0.16018589957422374	48	23.880597014925375	30.345754904206842	1.9444544696687935	-0.012382769025862217	0.046790894120931625	1.0569311983	0.9901092136999992	0.0013109452736318405	0.009075725273631841	0.00647162	201	0.23880597014925373	0.024875621890547265
hcptrt	06	008	emotion	1	emotion	0.12032953345347695	12	13.186813186813186	34.03327439422719	1.95565965710383	-0.010526535101234913	0.04616362974047661	1.0800726836666665	1.0166338886666666	0.0016046153846153845	0.0060790431868131874	0.00393062	91	0.13186813186813187	0.0
hcptrt	06	008	gambling	1	gambling	0.1489859499103326	28	21.875	30.887014452833682	1.9484716886993871	-0.008930489420890808	0.04366492107510567	1.0403347012598416	0.9799514095275589	0.000901328125	0.008636121171875	0.00535854	128	0.21875	0.0
hcptrt	06	008	language	1	language	0.1986001633027209	51	32.278481012658226	24.869569664937444	1.9675062994096877	-0.008805740624666214	0.04408613219857216	1.0069610660509556	0.9721243228662422	0.003269873417721519	0.0170179532278481	0.00382048	158	0.3227848101265823	0.04430379746835443
hcptrt	06	008	motor	1	motor	0.1568673418780809	35	24.475524475524477	30.611419811844826	1.9744429122452911	-0.012011593207716942	0.04733333736658096	1.086768780352113	1.0158579353521129	0.002464895104895105	0.009099607202797204	0.00257746	143	0.24475524475524477	0.0
hcptrt	06	008	relational	1	relational	0.1526043703848677	31	26.271186440677965	32.36224697344005	1.9348798060280172	-0.008091168478131294	0.0425029881298542	1.1167923008547007	1.02792991957265	0.001858728813559322	0.00721206313559322	0.00611002	118	0.2627118644067797	0.00847457627118644
hcptrt	06	008	restingstate	1	restingstate	0.14265716028887362	123	20.534223706176963	20.736463084234856	2.005471477389393	-0.012834236957132816	0.04837905243039131	0.9462211197157183	0.9252065187959858	0.002498547579298831	0.03362314388981636	0.00174532	599	0.20534223706176963	0.00667779632721202
hcptrt	06	008	social	1	social	0.14315931995917303	26	18.978102189781023	30.943356219213456	1.9526132258117044	-0.007756560575217009	0.042310841381549835	1.0752968034558825	1.0058141320588232	0.0011948175182481752	0.008571989343065694	0.00552607	137	0.1897810218978102	0.0
hcptrt	06	008	wm	1	wm	0.1389197590594562	45	22.388059701492537	31.223536015022546	1.9617596005812825	-0.01064983755350113	0.046084173023700714	1.0663594233	0.99729426385	0.000729502487562189	0.008359571194029851	0.0039351	201	0.22388059701492538	0.0
hcptrt	06	009	emotion	1	emotion	0.1437577194527142	20	22.22222222222222	34.86018917290494	1.9169990879606311	-0.01683466136455536	0.05189923942089081	1.1313587273033707	1.027094772022472	0.0012445555555555556	0.005638643888888888	0.00743112	90	0.2222222222222222	0.0
hcptrt	06	009	emotion	2	emotion	0.13449181884879885	12	13.043478260869565	32.52567011350766	1.9654666748102736	-0.014216778799891472	0.052466727793216705	1.0692100259340656	0.9871874451648357	0.0018104347826086956	0.0072985051086956534	0.00981039	92	0.13043478260869565	0.0
hcptrt	06	009	gambling	1	gambling	0.18109852564885193	46	35.65891472868217	32.14835140388459	1.8903107161848602	-0.016333336010575294	0.051901333034038544	1.1428837666406246	1.0115155486718754	0.0022815503875968993	0.007349201317829458	0.00763506	129	0.35658914728682173	0.015503875968992248
hcptrt	06	009	gambling	2	gambling	0.1465812806334206	32	25.19685039370079	31.330252380575985	1.9762468755194504	-0.01283475011587143	0.05183984711766243	1.1018793316666664	1.0063153519841272	0.0018123622047244096	0.007978339527559055	0.00503573	127	0.25196850393700787	0.0
hcptrt	06	009	language	1	language	0.1644251134710334	43	27.21518987341772	28.33235265361145	1.9307854047212316	-0.016696851700544357	0.05196079611778259	1.088302763821656	0.9923066772611465	0.0009580379746835443	0.01161727253164557	0.00694711	158	0.2721518987341772	0.012658227848101266
hcptrt	06	009	language	2	language	0.17218707905285222	52	33.12101910828026	28.257235306315124	1.9679141734514054	-0.016789510846138	0.05307207256555557	1.1285119019230767	1.0382483672435896	0.006194458598726114	0.011571444904458598	0.00573613	157	0.33121019108280253	0.0
hcptrt	06	009	motor	1	motor	0.1584115376237674	42	29.166666666666668	33.57933280058205	1.887447083383639	-0.015654416754841805	0.050862278789281845	1.1167494504895106	1.0006706865734256	0.0011407638888888889	0.006760532083333333	0.0076975	144	0.2916666666666667	0.0
hcptrt	06	009	motor	2	motor	0.17897134146347085	52	36.36363636363637	26.78969636943657	1.953050745838026	-0.016939835622906685	0.053348567336797714	1.088841247112676	0.9951439880281696	0.0017656643356643356	0.014474939790209793	0.00646971	143	0.36363636363636365	0.02097902097902098
hcptrt	06	009	relational	1	relational	0.14298615159837022	21	17.94871794871795	35.87554462486878	1.8868692469101633	-0.015035652555525303	0.04955771192908287	1.1161453740517238	1.0054792320689658	0.000828119658119658	0.00503691316239316	0.00683055	117	0.1794871794871795	0.0
hcptrt	06	009	relational	2	relational	0.1610376909985115	39	33.333333333333336	28.110957209719345	1.9369793422179793	-0.016871800646185875	0.05097680911421776	1.0650612633620689	0.9852981098275858	0.0017544444444444443	0.012551697521367524	0.00321917	117	0.3333333333333333	0.0
hcptrt	06	009	social	1	social	0.14012652647428678	26	18.705035971223023	35.44126890739426	1.8996782827624035	-0.017026549205183983	0.052807554602622986	1.1153424744202902	1.0071593599275368	0.0009657553956834532	0.005274641007194244	0.00870626	139	0.18705035971223022	0.0
hcptrt	06	009	social	2	social	0.1358945409986974	26	18.978102189781023	34.23603406059556	1.9635379712796053	-0.014286722987890244	0.05163067206740379	1.0978720704411766	1.0030346084558825	0.0007730656934306569	0.006217525474452554	0.00910574	137	0.1897810218978102	0.0
hcptrt	06	009	wm	1	wm	0.15686636757630668	63	31.18811881188119	33.22458844119683	1.8992523908790757	-0.01691078580915928	0.052514318376779556	1.1085838777114436	0.999333728557214	0.0007296039603960396	0.006637884257425742	0.00751676	202	0.3118811881188119	0.0
hcptrt	06	009	wm	2	wm	0.15461391993617135	57	28.217821782178216	32.76096163503826	1.9646508157539244	-0.015520008280873299	0.052241165190935135	1.128960618059701	1.0229084389054728	0.0014415841584158417	0.006578419702970298	0.00686334	202	0.28217821782178215	0.0049504950495049506
hcptrt	06	010	emotion	1	emotion	0.13155275583976897	7	7.777777777777778	36.96388209005818	1.9136601744669457	-0.020927077159285545	0.05957164615392685	1.11103052752809	1.0305492948314607	0.0012695555555555557	0.0045176731111111115	0.00532439	90	0.07777777777777778	0.0
hcptrt	06	010	gambling	1	gambling	0.1196529641019105	10	7.751937984496124	33.24254750786349	1.932715461187626	-0.020905887708067894	0.06046798452734947	1.068801563046875	0.9969403354687498	0.0009525581395348836	0.006525772868217054	0.005315	129	0.07751937984496124	0.0
hcptrt	06	010	language	1	language	0.1386941054309189	19	12.025316455696203	31.530725967604667	1.9182612536083135	-0.021176835522055626	0.057902079075574875	1.0657421460509555	0.9914369580891725	0.0007436075949367088	0.00828643917721519	0.0041174	158	0.12025316455696203	0.0
hcptrt	06	010	motor	1	motor	0.17735704467610047	45	31.46853146853147	23.362452731933445	1.9422612976049183	-0.02243550308048725	0.061358366161584854	1.023949647042254	0.9735276747183104	0.00606993006993007	0.022733153496503494	0.00270693	143	0.3146853146853147	0.027972027972027972
hcptrt	06	010	relational	1	relational	0.13158246701474235	18	15.254237288135593	26.60210763872601	1.9571093421416412	-0.0208427794277668	0.05948077514767647	1.0058174160683757	0.9641378608547007	0.0014551694915254233	0.015604976186440678	0.00486449	118	0.15254237288135594	0.0
hcptrt	06	010	restingstate	1	restingstate	0.15739562929509657	196	32.721202003338895	23.048050579614937	1.9395078068699119	-0.02115681953728199	0.057961076498031616	1.0183755204682263	0.9572665780769235	0.0024848747913188652	0.024941179883138567	0.00412808	599	0.327212020033389	0.0
hcptrt	06	010	social	1	social	0.12594275440434702	9	6.521739130434782	36.73089490854181	1.9280633144157882	-0.021134568378329277	0.059375569224357605	1.1014353715328469	1.0200689907299265	0.0009273913043478262	0.004825832971014493	0.00647895	138	0.06521739130434782	0.0
hcptrt	06	010	wm	1	wm	0.13688448811480844	34	16.831683168316832	34.595299157779664	1.9372488676340371	-0.021189548075199127	0.059274300932884216	1.118989638606965	1.0331225856716424	0.00243490099009901	0.00563554202970297	0.00520905	202	0.16831683168316833	0.0
hcptrt	06	012	emotion	1	emotion	0.13620800257412136	12	13.186813186813186	33.27668756246567	1.9021007532683591	-0.01634129323065281	0.052332427352666855	1.0931039278888892	1.0097584634444436	0.001838131868131868	0.006983243956043956	0.00425355	91	0.13186813186813187	0.0
hcptrt	06	012	emotion	2	emotion	0.1674054427067211	32	35.16483516483517	30.596428647171706	1.9375255965345963	-0.014756826683878899	0.0509759895503521	1.1120318235555553	1.0233243691111111	0.003911978021978023	0.009758005824175823	0.00580794	91	0.3516483516483517	0.0
hcptrt	06	012	gambling	1	gambling	0.18284617682321164	32	25.0	24.32531191385351	1.934606213623978	-0.015302644111216068	0.05043577402830124	0.9748987600000003	0.985973476850394	0.006246796875	0.018309268906250002	0.00410258	128	0.25	0.046875
hcptrt	06	012	gambling	2	gambling	0.13889719473780493	23	17.96875	32.39011321775615	1.9230432076120834	-0.015244882553815842	0.052083440124988556	1.0391637059055119	0.9697208216535429	0.0007578906250000001	0.008174817265625	0.00295618	128	0.1796875	0.0
hcptrt	06	012	language	1	language	0.14940944479834148	31	19.745222929936304	30.108012209646404	1.908092936226592	-0.015565337613224983	0.05226123705506325	1.095308465769231	1.0062849420512823	0.0015812738853503182	0.00964256229299363	0.00750972	157	0.19745222929936307	0.012738853503184714
hcptrt	06	012	language	2	language	0.1982776039180513	58	36.70886075949367	23.06298876646906	1.991145225794343	-0.016084376722574234	0.0524756982922554	1.0755489515923566	1.011844657324841	0.005733987341772152	0.02377365329113924	0.00480509	158	0.3670886075949367	0.0379746835443038
hcptrt	06	012	motor	1	motor	0.1361177960026632	22	15.384615384615385	30.88658259692602	1.8926805732209244	-0.014994137920439243	0.05120769888162613	1.0435663604225354	0.9736110092253524	0.0007655944055944057	0.009114545454545453	0.00406343	143	0.15384615384615385	0.0
hcptrt	06	012	motor	2	motor	0.19297995753968794	52	36.111111111111114	27.06392713682726	1.9554436786275844	-0.015237154439091682	0.05266349017620087	1.1197085578321677	1.0146534793006994	0.0033484722222222223	0.013861158958333335	0.0081702	144	0.3611111111111111	0.020833333333333332
hcptrt	06	012	relational	1	relational	0.13572976462257397	24	20.338983050847457	32.480217556934804	1.9064193319500007	-0.013953553512692451	0.050387829542160034	1.0872651348717948	1.010341703162393	0.001366186440677966	0.007524851949152543	0.00472492	118	0.2033898305084746	0.0
hcptrt	06	012	relational	2	relational	0.1613115203098286	34	28.8135593220339	28.672031651251018	1.9625748508570027	-0.01503556128591299	0.05165460333228111	1.0587705153846154	0.9849270977777772	0.0013079661016949155	0.012263749322033897	0.00538268	118	0.288135593220339	0.0
hcptrt	06	012	social	1	social	0.19501823704895666	61	44.20289855072464	20.26179053913802	1.9601540943573161	-0.01641959324479103	0.05226282402873039	0.9668679253284668	0.9319819951094889	0.006507101449275361	0.03664786014492754	0.00194608	138	0.4420289855072464	0.021739130434782608
hcptrt	06	012	social	2	social	0.17236123170499046	36	25.899280575539567	29.055222027469426	1.9493643594492747	-0.014639093540608883	0.05085122212767601	1.1790360536231883	1.0733956333333334	0.00748589928057554	0.011270994604316546	0.00702674	139	0.2589928057553957	0.03597122302158273
hcptrt	06	012	wm	1	wm	0.14253063673518987	38	18.81188118811881	32.53502321429551	1.9067307274259786	-0.01537760253995657	0.05193663761019707	1.1087389360696516	1.0184393003980095	0.0022046039603960395	0.007024938762376238	0.00526541	202	0.18811881188118812	0.0
hcptrt	06	012	wm	2	wm	0.1578925091593178	51	25.247524752475247	24.1973473734688	1.9904984774750107	-0.016071554273366928	0.05138367414474487	1.129263051691543	1.110761876965174	0.011641435643564357	0.02064150381188119	0.00508723	202	0.2524752475247525	0.01485148514851485
hcptrt	06	013	emotion	1	emotion	0.16637336404805414	23	25.0	35.08830960514024	1.95643600890824	-0.013186433352530003	0.05471455678343773	1.1028570320879119	1.008329027252747	0.001947608695652174	0.005374525869565217	0.00721642	92	0.25	0.0
hcptrt	06	013	gambling	1	gambling	0.17643205559460776	42	33.333333333333336	32.202579085249454	1.9580982393539408	-0.01370894443243742	0.05558054894208908	1.1345515688000005	1.0240809327199998	0.0016480158730158728	0.007107213095238095	0.00621984	126	0.3333333333333333	0.015873015873015872
hcptrt	06	013	language	1	language	0.22385408996504016	64	40.50632911392405	21.290756912436336	1.9762496636113314	-0.013122210279107094	0.053528934717178345	1.2890934160509553	1.2416392942675154	0.026108291139240503	0.023375745443037978	0.00260728	158	0.4050632911392405	0.0759493670886076
hcptrt	06	013	motor	1	motor	0.3409013661434982	78	54.166666666666664	19.77662900579162	1.9714558251489354	-0.014877675101161003	0.05594516173005104	1.0614803801398602	1.0218213616083918	0.010498333333333333	0.024884660486111113	0.00838091	144	0.5416666666666666	0.08333333333333333
hcptrt	06	013	relational	1	relational	0.15171567187269933	33	27.966101694915253	35.203851639525965	1.9131557800807917	-0.015381839126348495	0.05459672585129738	1.128175323076923	1.0225512005982904	0.0011577118644067795	0.005387270762711864	0.00511209	118	0.2796610169491525	0.0
hcptrt	06	013	restingstate	1	restingstate	0.16953537892633824	219	36.62207357859532	29.85391165362671	1.8597589206751377	-0.01615685410797596	0.04986151307821274	1.1048981053768838	0.9885482239698484	0.00041473244147157193	0.009113468093645487	0.0102302	598	0.36622073578595316	0.005016722408026756
hcptrt	06	013	social	1	social	0.2122805927784053	64	46.3768115942029	25.599213920650072	1.9683175345019475	-0.013300870545208454	0.05388675630092621	1.0984248262043794	1.0164443385401463	0.006728260869565219	0.01609253007246377	0.00501285	138	0.463768115942029	0.043478260869565216
hcptrt	06	013	wm	1	wm	0.17942779078593277	78	38.613861386138616	31.10968865454197	1.9277279901302324	-0.012562707997858524	0.05378938838839531	1.1452902478109446	1.0264947314925377	0.0019418811881188119	0.007868221089108911	0.00562488	202	0.38613861386138615	0.024752475247524754
