dataset	subject	session	task	run	task_grouped	fd_mean	fd_num	fd_perc	tsnr	snr	gsr_x	gsr_y	dvars_std	dvars_vstd	aor	aqi	gcor	size_t	fd_prop_gt02	fd_prop_gt05
things	01	01	things	1	things	0.13248463762839766	39	20.526315789473685	29.802210420370102	2.0677654221510937	-0.007932566106319427	0.09086297452449799	1.0668501810582005	0.9860551188888886	0.0016090526315789477	0.01016723652631579	0.0131292	190	0.20526315789473684	0.0
things	01	01	things	2	things	0.12538788308318485	33	17.36842105263158	30.488530435599387	2.0735998186320495	-0.005998634733259678	0.0882880836725235	1.0572427914814821	0.9809306594179896	0.000726578947368421	0.009313743157894737	0.00897921	190	0.1736842105263158	0.0
things	01	01	things	3	things	0.12005558096808278	25	13.157894736842104	31.139425647445023	2.0753078263697375	-0.006166741717606783	0.08830337971448898	1.0862895124867724	0.9944520697883593	0.0006811052631578948	0.00885575142105263	0.00681435	190	0.13157894736842105	0.0
things	01	02	things	1	things	0.1319733856390847	42	22.105263157894736	31.886535094934516	2.039531305656987	-0.010353682562708855	0.09487727284431458	1.0635632582539682	0.9929280699999999	0.0007447368421052632	0.00815982852631579	0.00569738	190	0.22105263157894736	0.0
things	01	02	things	2	things	0.10974374457622886	20	10.526315789473685	34.697118036681786	2.0441822342171942	-0.009878875687718391	0.09517135471105576	1.0795748122751314	1.0053488826984123	0.0007424736842105263	0.006006420947368421	0.00522759	190	0.10526315789473684	0.0
things	01	02	things	3	things	0.09889314275294749	11	5.7894736842105265	35.459336758358404	2.0438767988829323	-0.010369190014898777	0.09678191691637039	1.0923907357671954	1.01710303063492	0.001051578947368421	0.005932315578947369	0.00624267	190	0.05789473684210526	0.0
things	01	02	things	4	things	0.10614110101205444	20	10.582010582010582	34.494722734438255	2.059561467110811	-0.009319168515503407	0.09715454280376434	1.089638616595745	1.0100178743617019	0.0008075661375661375	0.006217017830687829	0.00584299	189	0.10582010582010581	0.0
things	01	02	things	5	things	0.1133970580709518	22	11.578947368421053	31.31630583666265	2.0695670322375546	-0.00826276745647192	0.096605584025383	1.0800890561904761	1.0074676729629635	0.0011918947368421053	0.009109635052631578	0.00495396	190	0.11578947368421053	0.0
things	01	02	things	6	things	0.10626693468934252	8	4.232804232804233	35.364915183512494	2.0697266042987863	-0.007564468774944544	0.09650509059429169	1.1014528538297874	1.0192874886170213	0.0016115873015873014	0.005842552116402115	0.0057478	189	0.042328042328042326	0.0
things	01	03	things	1	things	0.13725824515218638	43	22.63157894736842	28.27378219459206	2.061090503953429	-0.004064648877829313	0.08171442151069641	1.0195114922751325	0.9829916777248683	0.0015408947368421055	0.012311353684210527	0.00601377	190	0.22631578947368422	0.0
things	01	03	things	2	things	0.10510579461054632	20	10.582010582010582	32.74651447654469	2.0622775628312326	-0.004034013953059912	0.08379369229078293	1.040815109361702	0.9924186673936178	0.0006423280423280423	0.007486587301587301	0.00570232	189	0.10582010582010581	0.0
things	01	03	things	3	things	0.12269153901632959	26	13.68421052631579	29.960548728704453	2.0651682809791434	-0.0058632297441363335	0.08728189021348953	1.0585019638624342	1.0055323357142856	0.0014716842105263156	0.010432148105263158	0.00690445	190	0.1368421052631579	0.0
things	01	03	things	4	things	0.1120620543455095	18	9.473684210526315	26.415691224858165	2.0735654459386876	-0.007554739713668823	0.09175273776054382	0.9858754374074077	0.9583193899999992	0.001778421052631579	0.017062267578947365	0.00515274	190	0.09473684210526316	0.0
things	01	03	things	5	things	0.11500698349296566	24	12.698412698412698	27.96909493766725	2.053873223995686	-0.009257332421839237	0.09385836124420166	1.0530522735106378	1.0052842638829786	0.0021702645502645504	0.012987750582010585	0.00573936	189	0.12698412698412698	0.0
things	01	03	things	6	things	0.14220145182339583	28	14.736842105263158	21.148407735629007	2.0904028546623694	-0.008135886862874031	0.08974789828062057	1.1571259642328044	1.1687444770370372	0.030011578947368413	0.03172762821052632	0.00466723	190	0.14736842105263157	0.015789473684210527
things	01	04	things	1	things	0.13205600278349308	33	17.36842105263158	32.83679645135999	2.03282476271612	-0.0077598015777766705	0.08861590176820755	1.0769099295767195	1.005951685873016	0.0008181578947368421	0.00691254147368421	0.00881528	190	0.1736842105263158	0.0
things	01	04	things	2	things	0.1119528420745734	16	8.421052631578947	30.097910295822658	2.0405642674427376	-0.007415030617266893	0.08953402936458588	1.0186757494179894	0.9785014316402111	0.0007247894736842106	0.010306034789473683	0.0020199	190	0.08421052631578947	0.0
things	01	04	things	3	things	0.11395315483968743	16	8.465608465608465	31.064813325414434	2.0380587150871126	-0.006954791024327278	0.08768773078918457	1.0614392010106382	0.9984443742021268	0.0009033333333333332	0.009269494179894179	0.0052222	189	0.08465608465608465	0.0
things	01	04	things	4	things	0.11343618679301523	25	13.227513227513228	33.7544629778713	2.0522246606173775	-0.005070331506431103	0.08700259029865265	1.0734351413297876	1.0019618066489355	0.0006253968253968254	0.006446442275132276	0.00434046	189	0.13227513227513227	0.0
things	01	04	things	5	things	0.11662025783718563	15	7.894736842105263	27.51305699511431	2.0756777462974414	-0.0053874715231359005	0.09064336121082306	1.0311801715343911	0.9865050651322753	0.001567421052631579	0.014200122631578948	0.00323896	190	0.07894736842105263	0.0
things	01	04	things	6	things	0.12536525699286125	19	10.0	27.265697676339187	2.0810027611560447	-0.005455499514937401	0.0926155298948288	1.0400093935978842	0.993654536190476	0.0021355263157894736	0.015079883368421051	0.00413119	190	0.1	0.0
things	01	05	things	1	things	0.1286907715703662	23	12.16931216931217	32.99796430103015	2.0339138389196463	-0.0054092626087367535	0.09013739973306656	1.1007006497872338	1.0154791052659577	0.0016794179894179893	0.007454671375661376	0.00634108	189	0.12169312169312169	0.0
things	01	05	things	2	things	0.1264855812474337	18	9.523809523809524	26.08144746592734	2.0578992704310126	-0.005281807854771614	0.08967845886945724	0.95476652893617	0.9248303117553187	0.0006726984126984126	0.019339111428571427	0.00284693	189	0.09523809523809523	0.0
things	01	05	things	3	things	0.11419152414506706	16	8.465608465608465	31.737348985509016	2.025443193824131	-0.008699481375515461	0.09274008125066757	1.0593649923404262	0.9886729344680856	0.0007273015873015873	0.009653636613756615	0.00502611	189	0.08465608465608465	0.0
things	01	05	things	4	things	0.12002043924884184	23	12.105263157894736	32.19712396559771	2.034722809682623	-0.008312716148793697	0.09455067664384842	1.1003666224338622	1.016443291904762	0.0010571052631578948	0.008671581631578947	0.00486423	190	0.12105263157894737	0.0
things	01	05	things	5	things	0.12460285515881338	21	11.11111111111111	32.680664712097496	2.033397113487405	-0.007252490613609552	0.09214317798614502	1.0847661592021274	0.9995128024468091	0.0007947089947089948	0.007612694285714286	0.00665833	189	0.1111111111111111	0.0
things	01	05	things	6	things	0.12311239064924294	19	10.0	29.356875135563314	2.0491407512300506	-0.007032251451164484	0.09346134960651398	1.0386423096296296	0.9797161105820107	0.0008030526315789473	0.012046634789473687	0.0054796	190	0.1	0.0
things	01	06	things	1	things	0.11615813892020457	10	5.2631578947368425	22.628450446063653	2.0174860431763126	-0.01642255298793316	0.10843225568532944	1.118933771269841	1.1603756897354498	0.022321684210526316	0.022086023368421057	0.00160562	190	0.05263157894736842	0.010526315789473684
things	01	06	things	2	things	0.11971598373256294	14	7.407407407407407	28.70923445385415	2.00984991861832	-0.017702819779515266	0.11186318099498749	1.0257669401595748	0.9861596326063834	0.0013000000000000002	0.012016614285714287	0.00459565	189	0.07407407407407407	0.0
things	01	06	things	3	things	0.14362117936967592	29	15.263157894736842	26.279765334678814	2.022950803113855	-0.01657569222152233	0.11055120825767517	1.0341907529629626	1.0006491098941805	0.003164421052631579	0.014988663315789475	0.00363923	190	0.15263157894736842	0.021052631578947368
things	01	06	things	4	things	0.14049214361166557	30	15.873015873015873	25.96665187831968	2.0301362979978888	-0.016680888831615448	0.11012676358222961	0.9959573860106383	0.959636275106383	0.0015698941798941801	0.016256304973544973	0.0046911	189	0.15873015873015872	0.021164021164021163
things	01	06	things	5	things	0.11005153585034805	9	4.7368421052631575	29.643488934845664	2.0206581873020966	-0.01668035052716732	0.11004061251878738	1.0891508171957676	1.0291114156084658	0.0037007894736842102	0.010263120052631577	0.00416915	190	0.04736842105263158	0.005263157894736842
things	01	06	things	6	things	0.13129139042784047	23	12.105263157894736	25.822091724490747	2.0433954249943667	-0.015816686674952507	0.10888194292783737	0.9667630830687831	0.9417345625396825	0.005189052631578947	0.01747155484210526	0.00430926	190	0.12105263157894737	0.010526315789473684
things	01	07	things	1	things	0.12820521673307214	27	14.285714285714286	29.116676402511075	2.0083067459370487	-0.020391331985592842	0.09440910071134567	1.1138982131914898	1.0355835288829782	0.004694761904761905	0.011402167407407406	0.0052008	189	0.14285714285714285	0.005291005291005291
things	01	07	things	2	things	0.10662602269638748	10	5.291005291005291	35.471477101324126	2.0032228902926494	-0.018225718289613724	0.09527217596769333	1.080381850159574	1.0006072699468083	0.0006252910052910053	0.00560720634920635	0.0047289	189	0.05291005291005291	0.0
things	01	07	things	3	things	0.13464286770416586	28	14.736842105263158	30.560985637130216	2.014651717424833	-0.018061460927128792	0.09749589115381241	1.0981974805820107	1.0150231537037036	0.0014406315789473683	0.009335702789473686	0.00636066	190	0.14736842105263157	0.010526315789473684
things	01	07	things	4	things	0.12639672203520552	28	14.736842105263158	30.110590329626575	2.0188482032161885	-0.01781512424349785	0.09574096649885178	1.110333122328042	1.0330647881481485	0.004161526315789473	0.009720126421052631	0.00789363	190	0.14736842105263157	0.005263157894736842
things	01	07	things	5	things	0.1549874823121378	46	24.33862433862434	28.074802465271205	2.0147485220280745	-0.018463291227817535	0.09886716306209564	1.1305101382978735	1.0373482948936168	0.0031902116402116407	0.010599526825396825	0.00604119	189	0.24338624338624337	0.015873015873015872
things	01	07	things	6	things	0.19170431878154276	74	38.94736842105263	26.549893646733835	2.0107671699072087	-0.019739124923944473	0.10051598399877548	1.1054584728571426	1.0119719703703702	0.001972473684210526	0.01270030136842105	0.00389949	190	0.3894736842105263	0.031578947368421054
things	01	08	things	1	things	0.13363410534501052	33	17.36842105263158	25.997667896561325	2.023176670977797	-0.014789426699280739	0.09182180464267731	1.0644534986243386	1.009290768571429	0.004398631578947368	0.016347785631578945	0.00354903	190	0.1736842105263158	0.005263157894736842
things	01	08	things	2	things	0.13299994357974412	22	11.640211640211641	25.362721558543853	2.0567701070357445	-0.014136509038507938	0.0933237075805664	1.0593094738829791	0.9997994579787237	0.004320582010582011	0.01656939608465608	0.00417345	189	0.1164021164021164	0.010582010582010581
things	01	08	things	3	things	0.16269095790222587	35	18.42105263157895	27.08146436419338	2.058881812531017	-0.01216475386172533	0.09160242229700089	1.1097701868783065	1.0448677956613757	0.00576036842105263	0.012840194894736843	0.00667456	190	0.18421052631578946	0.021052631578947368
things	01	08	things	4	things	0.1464150847885368	35	18.42105263157895	28.243069891934283	2.054705348170095	-0.012537457048892975	0.09217830002307892	1.0957694693121698	1.0154042928042328	0.0023139999999999997	0.012350925789473685	0.00648704	190	0.18421052631578946	0.010526315789473684
things	01	08	things	5	things	0.2017839128038822	78	41.05263157894737	26.381508819758892	2.047362736542378	-0.01457656268030405	0.09584132581949234	1.0836750316931216	1.0013188034391534	0.001472578947368421	0.013349502157894736	0.00669529	190	0.4105263157894737	0.031578947368421054
things	01	08	things	6	things	0.1897856452870935	68	35.78947368421053	26.989370250958018	2.0387617897741896	-0.014587890356779099	0.09520312398672104	1.0984024702116404	1.0063407554497354	0.0014510526315789471	0.012306755894736841	0.00656253	190	0.35789473684210527	0.02631578947368421
things	01	09	things	1	things	0.17762312134157343	67	35.26315789473684	23.330284737050533	2.094416864351394	-0.007250697817653418	0.0790044367313385	1.0374022007936512	0.9778238711111111	0.0031066315789473687	0.020372731263157896	0.00179859	190	0.3526315789473684	0.02631578947368421
things	01	09	things	2	things	0.1748876488766526	47	24.867724867724867	19.460638554533944	2.1132455115401467	-0.009411272592842579	0.08168262243270874	0.9665172556382975	0.9365892122340428	0.009138148148148147	0.03284715084656085	0.00361878	189	0.24867724867724866	0.021164021164021163
things	01	09	things	3	things	0.18429173517720285	71	37.36842105263158	27.50073272874579	2.0700247705271306	-0.011344443075358868	0.08411077409982681	1.1185576367724872	1.0192103241798944	0.0015392105263157894	0.012205281263157897	0.00606933	190	0.3736842105263158	0.005263157894736842
things	01	09	things	4	things	0.21073948657884042	71	37.36842105263158	16.37067318276968	2.1481817251342545	-0.01134420745074749	0.08226047456264496	0.9140056733862436	0.9036851953439154	0.0028286315789473686	0.04971238052631579	0.00377033	190	0.3736842105263158	0.07368421052631578
things	01	09	things	5	things	0.2168460968722892	78	41.05263157894737	20.449919294333085	2.1214248800660003	-0.008558482863008976	0.08140076696872711	1.0474797882539684	0.9906364291534395	0.003446052631578947	0.028293479736842108	0.00353192	190	0.4105263157894737	0.042105263157894736
things	01	09	things	6	things	0.22611143733268135	100	52.63157894736842	23.381285298150033	2.091224948512701	-0.009521747939288616	0.08162672817707062	1.103064469047619	1.0116265661375659	0.002585736842105263	0.019036244210526316	0.00410633	190	0.5263157894736842	0.02631578947368421
things	01	10	things	1	things	0.13427914276015937	39	20.526315789473685	31.255026928381994	1.980246112789293	-0.009849125519394875	0.09155167639255524	1.1143825632804236	1.0244489664021161	0.0026672105263157897	0.00819204910526316	0.00431485	190	0.20526315789473684	0.0
things	01	10	things	2	things	0.14378802875639	38	20.105820105820104	29.59068277501501	1.979972151161863	-0.010989774018526077	0.09111756831407547	1.060470424148936	0.980432489414894	0.0006433862433862435	0.009156796507936509	0.00897533	189	0.20105820105820105	0.005291005291005291
things	01	10	things	3	things	0.19548644206563784	78	41.05263157894737	25.254434474511072	1.9891071268299072	-0.013342587277293205	0.09599949419498444	1.0843652440740734	0.9919419947089948	0.0010594210526315788	0.015563818421052632	0.00804065	190	0.4105263157894737	0.0
things	01	10	things	4	things	0.199365578700122	77	40.74074074074074	18.002297630533576	2.040373892545148	-0.013116499409079552	0.09669293463230133	0.9443554276595738	0.920217371223404	0.004007830687830688	0.039078963386243386	0.00175661	189	0.4074074074074074	0.010582010582010581
things	01	10	things	5	things	0.1849805809478816	51	26.842105263157894	17.202943317359313	2.0476254764009707	-0.013053088448941708	0.09642352908849716	1.0394244786243385	1.0343294371957672	0.012138473684210525	0.03711581463157895	0.00330322	190	0.26842105263157895	0.031578947368421054
things	01	10	things	6	things	0.1606296946157336	53	27.894736842105264	22.248648992623203	2.0299358220543637	-0.012041326612234116	0.09414345026016235	1.0018885466666663	0.9626297434391534	0.003257052631578948	0.02380468389473684	0.00344085	190	0.2789473684210526	0.005263157894736842
things	01	11	things	1	things	0.11536963223457831	14	7.407407407407407	30.28349087620154	2.036556946775466	-0.011314187198877335	0.09098104387521744	1.0502882864361707	0.9805215197872345	0.0010463492063492064	0.010744027195767196	0.00444935	189	0.07407407407407407	0.0
things	01	11	things	2	things	0.12299338925270906	23	12.105263157894736	28.39387009991333	2.0258326628779404	-0.013072527945041656	0.0928650051355362	1.1048381507936507	1.0237092530158722	0.004103105263157895	0.011751279315789473	0.00896519	190	0.12105263157894737	0.005263157894736842
things	01	11	things	3	things	0.12249366081607123	24	12.631578947368421	28.552901884540915	2.043219951055384	-0.012536355294287205	0.09395511448383331	1.0522460778835978	0.9844613639682538	0.0010610526315789476	0.01232568905263158	0.00591235	190	0.12631578947368421	0.005263157894736842
things	01	11	things	4	things	0.230403482275227	89	46.8421052631579	23.607580625684932	2.03771087437755	-0.015247768722474575	0.09567863494157791	1.0940574089947093	1.0019059287301595	0.0022394736842105264	0.019020087631578943	0.00581147	190	0.46842105263157896	0.04736842105263158
things	01	11	things	5	things	0.19372562255093878	78	41.05263157894737	26.666645371587947	2.0199912352976352	-0.01612190715968609	0.0959378182888031	1.1114846534391536	1.0125095001587303	0.0018977894736842105	0.013616001736842104	0.00576029	190	0.4105263157894737	0.021052631578947368
things	01	11	things	6	things	0.15624609691918329	45	23.68421052631579	22.955348439514637	2.033322794765548	-0.01526384986937046	0.0937606692314148	1.0470914090476193	0.9924797426455033	0.003940473684210527	0.020807707789473686	0.00815188	190	0.23684210526315788	0.021052631578947368
things	01	12	things	1	things	0.20347720236791283	75	39.682539682539684	25.47426844201982	1.987113122535637	-0.010846930555999279	0.08287118375301361	1.115983484574468	1.0208960828723401	0.00274042328042328	0.014476146137566138	0.00607491	189	0.3968253968253968	0.042328042328042326
things	01	12	things	2	things	0.20178020934763258	76	40.0	25.06599966995418	2.0171161059395275	-0.009555361233651638	0.08481861650943756	1.1260929261375663	1.0234633620634916	0.002693157894736842	0.015914962684210526	0.00758367	190	0.4	0.031578947368421054
things	01	12	things	3	things	0.21537263208396332	84	44.44444444444444	23.59803363343235	2.010965527999054	-0.010985694825649261	0.08288227021694183	1.0760620131914893	0.988517468670213	0.0016234920634920632	0.018090842328042325	0.00589573	189	0.4444444444444444	0.037037037037037035
things	01	12	things	4	things	0.23438068457868122	88	46.31578947368421	21.347232978441752	2.0310986789394696	-0.009763265028595924	0.08239918947219849	1.131830902698413	1.0368235687301586	0.004397052631578947	0.02267883663157895	0.00552603	190	0.4631578947368421	0.05263157894736842
things	01	12	things	5	things	0.273338575654553	108	56.8421052631579	19.01563743071165	2.0570458018010154	-0.009496084414422512	0.0818902924656868	1.0641581230687833	0.987608533492064	0.003178157894736842	0.03151339494736843	0.00393852	190	0.5684210526315789	0.10526315789473684
things	01	12	things	6	things	0.24939887099899363	88	46.31578947368421	20.272604186902754	2.0760468447777143	-0.008426693268120289	0.0824332907795906	1.039207951216931	0.9946986849735449	0.007847947368421052	0.028288750736842106	0.00492381	190	0.4631578947368421	0.06842105263157895
things	01	13	things	1	things	0.17656235489067199	67	35.26315789473684	27.33739596151281	2.052642268843094	-0.013909214176237583	0.08929841220378876	1.0804661196825394	1.0024766522222215	0.0020731052631578948	0.01264381805263158	0.009657	190	0.3526315789473684	0.005263157894736842
things	01	13	things	2	things	0.22077345341633245	94	49.473684210526315	24.440091265074443	2.053189610377074	-0.016334282234311104	0.0914333239197731	1.098827947354498	1.008449868253968	0.0033929999999999997	0.017561484894736842	0.00476936	190	0.49473684210526314	0.031578947368421054
things	01	13	things	3	things	0.1840860869004194	67	35.26315789473684	27.309004401788116	2.0447793030968686	-0.016380740329623222	0.09292801469564438	1.0752215560317464	0.9896490524338633	0.001156842105263158	0.01269041205263158	0.00517588	190	0.3526315789473684	0.010526315789473684
things	01	13	things	4	things	0.23393757096292128	100	52.63157894736842	23.349748281762004	2.0514892192500533	-0.018232205882668495	0.09472356736660004	1.0797957804761895	0.9855766191534395	0.001634473684210526	0.019698059578947366	0.00478539	190	0.5263157894736842	0.031578947368421054
things	01	13	things	5	things	0.18482707948635366	67	35.26315789473684	27.057317620608956	2.042790780428695	-0.015343139879405499	0.09019254893064499	1.0861480773015875	1.0027905098941803	0.0017262105263157897	0.012739552684210526	0.00477479	190	0.3526315789473684	0.015789473684210527
things	01	13	things	6	things	0.1611223880104472	54	28.571428571428573	29.99196668341756	2.042921056649654	-0.015279383398592472	0.09045916050672531	1.087410739148937	1.0004639808510636	0.0009761375661375664	0.008810480952380953	0.00604878	189	0.2857142857142857	0.005291005291005291
things	01	14	things	1	things	0.1013879555541384	4	2.127659574468085	31.756560990179423	2.0187219615196024	-0.012210761196911335	0.09430301934480667	1.0396723497326203	0.9738474471657753	0.0006316489361702127	0.009567546010638297	0.00350683	188	0.02127659574468085	0.0
things	01	14	things	2	things	0.192398513666894	61	32.62032085561497	21.958240537089296	2.0495448581049853	-0.013887428678572178	0.0964372456073761	1.0623894774731182	1.021015684139785	0.00690566844919786	0.023368327540106953	0.00309051	187	0.32620320855614976	0.026737967914438502
things	01	14	things	3	things	0.17558949979922145	44	23.280423280423282	22.040407760534436	2.0632227514298696	-0.013358480297029018	0.09598221629858017	1.1411048014893614	1.0968960723936176	0.012025925925925926	0.02267937968253968	0.00430069	189	0.2328042328042328	0.031746031746031744
things	01	14	things	4	things	0.18829942522644386	67	35.26315789473684	25.301119961659424	2.0421943604158193	-0.0143502876162529	0.09724006801843643	1.0799699446031747	0.9996360874074071	0.0017761052631578946	0.015707003894736844	0.00563931	190	0.3526315789473684	0.031578947368421054
things	01	14	things	5	things	0.1403630356400137	33	17.36842105263158	28.063243061187677	2.0370525361307976	-0.01307353749871254	0.09626048803329468	1.0391919136507934	0.983051714391534	0.0009781052631578947	0.012712829368421054	0.00635442	190	0.1736842105263158	0.010526315789473684
things	01	14	things	6	things	0.18547225623462468	53	28.04232804232804	26.684898945968598	2.0463049599315553	-0.012995623052120209	0.09751522541046143	1.0491286708510645	0.984977378563829	0.0018065608465608466	0.014519428518518517	0.005162	189	0.2804232804232804	0.047619047619047616
things	01	15	things	1	things	0.16616786318849017	43	22.872340425531913	21.31854144821409	2.1052865456928957	-0.014078405685722828	0.10025181621313095	0.959459631283422	0.9180991645454543	0.003969521276595745	0.03219123356382979	0.00314976	188	0.22872340425531915	0.02127659574468085
things	01	15	things	2	things	0.18290656982044862	59	31.550802139037433	26.723729039076716	2.0729448189276796	-0.014892893843352795	0.1008356362581253	1.0990631342473123	0.9967644503763443	0.0025139037433155077	0.015395332727272728	0.00753225	187	0.3155080213903743	0.0374331550802139
things	01	15	things	3	things	0.18364468738844536	62	32.63157894736842	28.725132555118762	2.069318508265448	-0.014436308294534683	0.09976647049188614	1.1377197503174603	1.0224977757671958	0.002332105263157895	0.012147967368421053	0.0106538	190	0.3263157894736842	0.031578947368421054
things	01	15	things	4	things	0.18679562048490952	67	35.26315789473684	23.894292344455607	2.0768303755120248	-0.016456060111522675	0.10190687328577042	1.0745892127513228	1.0056522877777776	0.003998684210526316	0.020266203368421054	0.00729771	190	0.3526315789473684	0.02631578947368421
things	01	15	things	5	things	0.16980606025337802	52	27.36842105263158	26.60529909131583	2.0748444576432528	-0.01620514504611492	0.1023518443107605	1.0873924989947092	0.9996095243915345	0.001796421052631579	0.016054132210526314	0.00887024	190	0.2736842105263158	0.03684210526315789
things	01	15	things	6	things	0.1641669664636387	54	28.42105263157895	24.431813844421413	2.0772312331121303	-0.01585620827972889	0.10252483934164047	1.0270575482010587	0.9707115088888887	0.0018021052631578946	0.01906325210526316	0.00620225	190	0.28421052631578947	0.010526315789473684
things	01	16	things	1	things	0.1669693224968848	49	25.925925925925927	21.051003122585826	2.0691539147403786	-0.01292508840560913	0.09263720363378525	0.9421357258510634	0.9205012425000005	0.0019293650793650796	0.02953291259259259	0.00388186	189	0.25925925925925924	0.031746031746031744
things	01	16	things	2	things	0.13225836673850808	35	18.42105263157895	29.029002034920268	2.0509508646345775	-0.011067010462284088	0.09132860600948334	1.0597926153439154	0.9977697968783074	0.00157	0.01086587257894737	0.00489023	190	0.18421052631578946	0.005263157894736842
things	01	16	things	3	things	0.1347915191084004	33	17.46031746031746	29.067509884014726	2.050857099717581	-0.01110023632645607	0.0908932015299797	1.0626627199468088	0.9950722015425529	0.0013052380952380954	0.01076303677248677	0.00491964	189	0.1746031746031746	0.010582010582010581
things	01	16	things	4	things	0.13300764846881805	35	18.51851851851852	28.365118834655732	2.044916614183363	-0.011498799547553062	0.09055235981941223	1.0441709623404252	0.9837552006914889	0.0017357671957671961	0.01217754566137566	0.00443008	189	0.18518518518518517	0.005291005291005291
things	01	16	things	5	things	0.1254908190259114	33	17.36842105263158	27.867506485898048	2.049727484982627	-0.010569388046860695	0.08898752927780151	1.0844245968253967	1.0198161133862442	0.0036733684210526318	0.011786864736842106	0.00404262	190	0.1736842105263158	0.010526315789473684
things	01	16	things	6	things	0.1531857428300988	55	28.94736842105263	27.67643989343196	2.0583282101837295	-0.00956086814403534	0.0888204351067543	1.0664999401058202	0.9949256537566139	0.0010161052631578948	0.012059658789473683	0.00409997	190	0.2894736842105263	0.005263157894736842
things	01	17	things	1	things	0.21415671508534964	64	33.68421052631579	18.333306832122616	2.085389640545415	-0.01117460522800684	0.08807821571826935	0.9805675692063494	0.9504166527513224	0.004646157894736842	0.03669810036842105	0.00610644	190	0.3368421052631579	0.06315789473684211
things	01	17	things	2	things	0.2118476269937043	70	36.8421052631579	26.674347347579896	2.0553570419520835	-0.008990410715341568	0.08720587193965912	1.1611041082010582	1.0509684086772493	0.004118105263157895	0.014666836789473687	0.0132124	190	0.3684210526315789	0.04736842105263158
things	01	17	things	3	things	0.21670038468894323	71	37.56613756613756	20.432376336771995	2.1012185941187824	-0.0073036253452301025	0.08669140189886093	1.070014907074468	1.01041051712766	0.009048095238095237	0.029840752962962964	0.00488455	189	0.37566137566137564	0.042328042328042326
things	01	17	things	4	things	0.23631151383467247	90	47.36842105263158	19.593422687030397	2.12490745663101	-0.006403840146958828	0.08655989915132523	1.1306000831216936	1.0924238261375654	0.013775684210526317	0.03461421484210527	0.00806141	190	0.47368421052631576	0.07368421052631578
things	01	17	things	5	things	0.1746414015268449	56	29.473684210526315	25.23710047453642	2.0970314121705385	-0.006075192242860794	0.08625846356153488	1.0040421049735448	0.949941250952381	0.0009556315789473684	0.02048017915789474	0.00786592	190	0.29473684210526313	0.021052631578947368
things	01	17	things	6	things	0.16466120633151973	42	22.105263157894736	28.030209654942155	2.0844325116387163	-0.005566969979554415	0.08599861711263657	1.1222300170899473	1.0278998587830683	0.005323578947368422	0.013597739052631577	0.0053936	190	0.22105263157894736	0.021052631578947368
things	01	18	things	1	things	0.09673232828336871	3	1.5957446808510638	36.68049995135516	2.00839497316131	-0.013271063566207886	0.09296254068613052	1.0846842868983961	1.0084221190374332	0.0013492021276595746	0.004890933989361702	0.00718277	188	0.015957446808510637	0.0
things	01	18	things	2	things	0.08523802243253661	1	0.5347593582887701	37.30754389008507	2.011744959885447	-0.01287048403173685	0.09253759682178497	1.083053413978494	1.0088772040860219	0.0008103208556149733	0.0045162541176470596	0.0051986	187	0.0053475935828877	0.0
things	01	18	things	3	things	0.08515733212453898	3	1.5789473684210527	36.81469310959801	2.012293845232519	-0.013131706975400448	0.09409766644239426	1.0833802394179892	1.0089278570899467	0.0006333684210526316	0.005031248684210527	0.00576956	190	0.015789473684210527	0.0
things	01	18	things	4	things	0.10207301976747107	12	6.349206349206349	34.470178661867976	2.0098495599739334	-0.013924581930041313	0.09364017099142075	1.1001658888297876	1.0142004621276604	0.0010306349206349202	0.005888078677248678	0.00797842	189	0.06349206349206349	0.0
things	01	18	things	5	things	0.11511561976453705	17	8.994708994708995	33.14044476673007	2.01749046917229	-0.013158951885998249	0.09374982863664627	1.0885399445212767	1.004891453138298	0.0007840211640211639	0.006631748359788359	0.00678274	189	0.08994708994708994	0.0
things	01	18	things	6	things	0.13462495613856681	32	16.842105263157894	27.67072851146804	2.022201914403782	-0.01462621707469225	0.09843095391988754	1.058611340370371	0.9978903336507936	0.0016708421052631583	0.012438842578947371	0.00582089	190	0.16842105263157894	0.005263157894736842
things	01	19	things	1	things	0.13273047701624202	21	11.052631578947368	24.666920037707314	2.044342339438354	-0.012007654644548893	0.09386807680130005	0.9526587706349211	0.9293394621164015	0.0015735789473684206	0.02170501152631579	0.00250656	190	0.11052631578947368	0.005263157894736842
things	01	19	things	2	things	0.19011096919036652	68	35.97883597883598	23.25288635236211	2.0476670586201005	-0.01381981186568737	0.09735967218875885	0.9812128553191494	0.9459585126595743	0.008634920634920634	0.022421080793650794	0.00491947	189	0.35978835978835977	0.015873015873015872
things	01	19	things	3	things	0.18533008497669298	49	25.925925925925927	27.818962273187935	2.0419121457459055	-0.012897963635623455	0.09384274482727051	1.1523845971276598	1.068668941276596	0.006592169312169311	0.01246094433862434	0.0050467	189	0.25925925925925924	0.037037037037037035
things	01	19	things	4	things	0.12067332252239898	16	8.421052631578947	31.320273992605507	2.0219847108691065	-0.01254790835082531	0.09134431928396225	1.0713417140211636	1.0076247896296295	0.0012994736842105263	0.008977487526315789	0.00622068	190	0.08421052631578947	0.0
things	01	19	things	5	things	0.11434877500866901	17	8.947368421052632	32.47644433460664	2.0174711085886927	-0.013040995225310326	0.09376467764377594	1.0915998560846563	1.0178169448148144	0.0014961052631578947	0.007507130842105265	0.00510951	190	0.08947368421052632	0.0
things	01	19	things	6	things	0.14705198565300587	44	23.280423280423282	28.878590092761442	2.03298606305256	-0.012686376459896564	0.09448869526386261	1.1069080384574475	1.0253138785106388	0.0025024867724867733	0.010227089735449736	0.0107301	189	0.2328042328042328	0.0
things	01	20	things	1	things	0.09818568253023927	10	5.319148936170213	34.61225295206532	2.003107938931886	-0.014229131862521172	0.09679299592971802	1.0681293857754008	0.9906150789839571	0.0006054787234042553	0.0058286828723404255	0.010371	188	0.05319148936170213	0.0
things	01	20	things	2	things	0.0886038628056241	2	1.0695187165775402	36.58656812179834	2.0008049629417077	-0.014461329206824303	0.09810914844274521	1.0895586273118285	1.0083805499999996	0.0007170053475935829	0.004940176042780749	0.0074142	187	0.0106951871657754	0.0
things	01	20	things	3	things	0.10489650471259884	11	5.882352941176471	32.45821127400268	2.0115142288265857	-0.014664472080767155	0.09879735857248306	1.0876570193548392	1.008883932419355	0.0013254545454545455	0.006996619679144386	0.00761094	187	0.058823529411764705	0.0053475935828877
things	01	20	things	4	things	0.15600971270900735	33	17.46031746031746	23.383442066144198	2.0396402772823135	-0.015984732657670975	0.10174834728240967	1.093743571063829	1.0437622706382985	0.00794074074074074	0.01872929148148148	0.00342403	189	0.1746031746031746	0.015873015873015872
things	01	20	things	5	things	0.18354452197731808	59	31.05263157894737	20.11350933741778	2.0629017840763506	-0.016275523230433464	0.10174576938152313	1.001418615873016	0.9776988362433866	0.005214842105263158	0.029853675736842104	0.00404655	190	0.3105263157894737	0.031578947368421054
things	01	20	things	6	things	0.18733735578756083	60	31.57894736842105	24.855348494951613	2.0525833411855836	-0.014624030329287052	0.09960731118917465	1.0521273854497364	0.9873178702116397	0.0020925789473684214	0.017753656736842104	0.00549547	190	0.3157894736842105	0.042105263157894736
things	01	21	things	1	things	0.11257638203978888	18	9.523809523809524	33.10146877809893	2.000820022473878	-0.011671050451695919	0.09258953481912613	1.1321290501063828	1.055913359840426	0.003987936507936508	0.0065135582010582	0.0119234	189	0.09523809523809523	0.005291005291005291
things	01	21	things	2	things	0.15249254319662658	49	25.789473684210527	25.274745048373006	2.009584329408081	-0.015167568810284138	0.09640094637870789	1.0614922686243387	0.9988277834920631	0.0022859473684210528	0.015644274263157894	0.0083724	190	0.2578947368421053	0.015789473684210527
things	01	21	things	3	things	0.19574660266895016	60	31.57894736842105	20.871798682783265	2.0411447312112903	-0.014638770371675491	0.09715354442596436	0.990688153439153	0.9512832369312167	0.004641894736842105	0.02905998189473684	0.00479902	190	0.3157894736842105	0.05263157894736842
things	01	21	things	4	things	0.08419486504020321	4	2.1052631578947367	32.16398035711609	2.017880947025104	-0.012825394049286842	0.09685046225786209	1.0666107465079369	1.0045172315343913	0.0008305263157894736	0.007679683999999999	0.008355	190	0.021052631578947368	0.0
things	01	21	things	5	things	0.08343659293512874	3	1.5789473684210527	34.48879399616271	2.023929326499813	-0.011309443973004818	0.09397752583026886	1.0703135255555558	1.0088704046560848	0.0008126315789473684	0.006050553736842106	0.00985147	190	0.015789473684210527	0.0
things	01	21	things	6	things	0.11925901161257242	29	15.263157894736842	30.21417400415521	2.0203634224214726	-0.013363073579967022	0.09616971760988235	1.1060390702645497	1.028705167354497	0.0020203157894736843	0.00886979305263158	0.00993569	190	0.15263157894736842	0.0
things	01	22	things	1	things	0.12456938937789874	22	11.578947368421053	26.18068561074324	2.043225631272806	-0.008697465993463993	0.09438733756542206	1.0087083066137568	0.9570048368253967	0.0017962631578947368	0.018564621473684206	0.0070453	190	0.11578947368421053	0.005263157894736842
things	01	22	things	2	things	0.1427289028917761	31	16.402116402116402	30.371185392141342	2.032965996768219	-0.009519609622657299	0.09590553492307663	1.1159188790957448	1.020714640319149	0.003977195767195767	0.010556472539682539	0.00783854	189	0.164021164021164	0.010582010582010581
things	01	22	things	3	things	0.14869726561411786	27	14.285714285714286	28.090121177956462	2.0442251683019648	-0.01029946468770504	0.09850569814443588	1.1833052688829788	1.11442649356383	0.009956825396825396	0.011690599417989417	0.00712753	189	0.14285714285714285	0.021164021164021163
things	01	22	things	4	things	0.17745779906773113	57	30.0	24.478687366470695	2.069910055375399	-0.008995710872113705	0.09706833213567734	1.0097337587301591	0.9489603764021164	0.0008656842105263159	0.02064007589473684	0.00675125	190	0.3	0.031578947368421054
things	01	22	things	5	things	0.2091076188370456	72	37.89473684210526	23.144111369620077	2.068228190384748	-0.011555750854313374	0.09807666391134262	1.1221898016402112	1.0288483462962967	0.005625736842105262	0.020992910684210525	0.0104708	190	0.37894736842105264	0.05789473684210526
things	01	22	things	6	things	0.1243245528726743	32	16.842105263157894	26.648970448412	2.056011237663147	-0.011239835992455482	0.09771503508090973	1.0468087461904765	0.9940015279894177	0.0020675789473684216	0.014509979789473685	0.00806598	190	0.16842105263157894	0.0
things	01	23	things	1	things	0.1268413483696583	21	11.11111111111111	23.79802860750351	2.0771916452451316	-0.011431457474827766	0.09485002607107162	0.9586330559042547	0.9310271554255323	0.0017518518518518517	0.02331458634920635	0.00192206	189	0.1111111111111111	0.0
things	01	23	things	2	things	0.1739285990324188	51	26.842105263157894	22.432123340433463	2.08591191376864	-0.013278970494866371	0.09944353252649307	1.1320116949735444	1.1080839827513227	0.015754947368421052	0.02301222563157895	0.00667675	190	0.26842105263157895	0.015789473684210527
things	01	23	things	3	things	0.17152743361510792	58	30.687830687830687	29.91443961672485	2.0808587482606162	-0.011448626406490803	0.09519633650779724	1.166185599946809	1.061585763670213	0.004693915343915344	0.011062970476190474	0.0129366	189	0.30687830687830686	0.005291005291005291
things	01	23	things	4	things	0.16232498172992843	50	26.31578947368421	27.869947945000604	2.0935670901172436	-0.010499251075088978	0.09229615330696106	1.0946175607936504	1.014412518888889	0.0019111578947368425	0.012980187315789475	0.0345851	190	0.2631578947368421	0.021052631578947368
things	01	23	things	5	things	0.1368445328939104	34	17.894736842105264	29.977578854188323	2.0798385288065497	-0.010197200812399387	0.09518709778785706	1.076427736825397	0.9984839603174608	0.001089263157894737	0.009776136526315789	0.0249947	190	0.17894736842105263	0.005263157894736842
things	01	23	things	6	things	0.1980792994242889	70	36.8421052631579	24.482901491923258	2.092412480101652	-0.010399444960057735	0.0938573107123375	1.1296886450264543	1.0463131462433863	0.00530278947368421	0.017920534578947368	0.00927441	190	0.3684210526315789	0.031578947368421054
things	01	24	things	1	things	0.12248609710438946	22	11.640211640211641	33.162995564285666	2.020588393594143	-0.011375482194125652	0.09126528352499008	1.063077857234043	0.9854714915425529	0.00045703703703703694	0.006514326984126984	0.00973218	189	0.1164021164021164	0.0
things	01	24	things	2	things	0.12556520536450907	25	13.157894736842104	32.59744811640121	2.019021613880373	-0.011987552046775818	0.09252554178237915	1.0860873488888896	1.0065580287830689	0.0008512105263157894	0.007261677894736842	0.00562572	190	0.13157894736842105	0.0
things	01	24	things	3	things	0.11412179533347375	16	8.421052631578947	35.30500165652484	2.0165188928268325	-0.013259019702672958	0.09451616555452347	1.0979034267195762	1.013922197142857	0.0006904736842105265	0.005280923842105263	0.00547527	190	0.08421052631578947	0.0
things	01	24	things	4	things	0.10531852142756135	13	6.842105263157895	36.191809814888984	2.0153571459117186	-0.01271641906350851	0.09337607026100159	1.0942794379894185	1.0097936099470897	0.0005926842105263159	0.004920434052631579	0.00668193	190	0.06842105263157895	0.0
things	01	24	things	5	things	0.13771245582822253	36	18.94736842105263	28.025600678520277	2.0293368239126215	-0.013631096109747887	0.09421313554048538	1.0679106283068787	0.9916130223809531	0.0008659473684210527	0.011780230526315789	0.00500142	190	0.18947368421052632	0.0
things	01	24	things	6	things	0.1465305669651941	36	19.047619047619047	24.280233514262363	2.044736586254526	-0.015152154490351677	0.09774094074964523	0.9793463959574461	0.9410420456382979	0.0010934391534391532	0.019650099894179894	0.00610462	189	0.19047619047619047	0.0
things	01	25	things	1	things	0.1149096495175193	9	4.7368421052631575	34.8216791851446	2.0179488023947343	-0.01046969648450613	0.09231044352054596	1.0947423513756618	1.013361013544974	0.0008125789473684212	0.005580932473684212	0.00671488	190	0.04736842105263158	0.0
things	01	25	things	2	things	0.1272409965535566	13	6.878306878306878	33.82716907770373	2.016006915028117	-0.009703032672405243	0.08835060894489288	1.0933562356914892	1.0095959148404259	0.001265925925925926	0.007104687301587301	0.00377437	189	0.06878306878306878	0.0
things	01	25	things	3	things	0.14282226951959856	33	17.36842105263158	26.45455695153214	2.034081137263887	-0.009884580038487911	0.09267217665910721	1.0479067076190478	0.9943474378835973	0.0033212105263157893	0.014968724263157896	0.00247876	190	0.1736842105263158	0.0
things	01	25	things	4	things	0.14357908057080376	30	15.957446808510639	26.246079750708304	2.0341234076862413	-0.011695165187120438	0.09233526885509491	1.0562905280213903	0.9916496157219253	0.0027082446808510637	0.014787931117021277	0.00446842	188	0.1595744680851064	0.005319148936170213
things	01	25	things	5	things	0.16752973107679342	48	25.263157894736842	22.904802273609675	2.0530781069032766	-0.010981339029967785	0.09047956019639969	0.9837897511111111	0.9435643829629629	0.003460631578947368	0.023434901263157892	0.0039452	190	0.25263157894736843	0.021052631578947368
things	01	25	things	6	things	0.211875244861174	74	38.94736842105263	21.18709322588984	2.074324287169308	-0.01143919862806797	0.09481462836265564	1.0177817089947085	0.9713046697883596	0.0035990526315789477	0.027946350736842103	0.00371298	190	0.3894736842105263	0.06315789473684211
things	01	26	things	1	things	0.11522369056949683	10	5.319148936170213	35.299692407948896	1.9990075543830492	-0.01265689730644226	0.09567500650882721	1.0688999605882357	0.9896347811229946	0.0004901063829787234	0.005238243670212766	0.00550764	188	0.05319148936170213	0.0
things	01	26	things	2	things	0.12753476963759608	29	15.263157894736842	31.491735977469943	2.009345137969066	-0.012399486266076565	0.09886687994003296	1.0759308055026455	1.00566283015873	0.0012838421052631579	0.007843656789473685	0.00412944	190	0.15263157894736842	0.0
things	01	26	things	3	things	0.09856524307157788	4	2.1390374331550803	35.756583392387256	2.018008568331413	-0.010618486441671848	0.09504770487546921	1.0881806494086022	1.008383328064516	0.0008413903743315508	0.005649945294117648	0.0074848	187	0.0213903743315508	0.0
things	01	26	things	4	things	0.14715848351727262	42	22.22222222222222	28.97041274071671	2.0253169672167655	-0.010496793314814568	0.09660179167985916	1.0588503501063837	0.9899275942021278	0.0014372486772486772	0.011257776031746032	0.00745791	189	0.2222222222222222	0.015873015873015872
things	01	26	things	5	things	0.16586172295681292	59	31.05263157894737	28.890039919293486	2.0230499880419943	-0.010734488256275654	0.09805583208799362	1.1012589461904758	1.0138804977777778	0.001451157894736842	0.010915396789473683	0.0113684	190	0.3105263157894737	0.005263157894736842
things	01	26	things	6	things	0.14966913525872408	40	21.05263157894737	27.669025164213963	2.0195917439036384	-0.012637828476727009	0.10000782459974289	1.0723128508994715	1.0039112237037042	0.0018985263157894736	0.012703613789473685	0.00633697	190	0.21052631578947367	0.015789473684210527
things	01	27	things	1	things	0.09224731003160538	2	1.0582010582010581	36.08572803460993	2.019634850906673	-0.01073793601244688	0.09928114712238312	1.093935742127659	1.0081172427127656	0.0008150793650793651	0.005034461216931217	0.00695294	189	0.010582010582010581	0.0
things	01	27	things	2	things	0.09138680549407315	1	0.5263157894736842	35.272566004656255	2.030099934805667	-0.010116846300661564	0.0981406569480896	1.083122902433862	1.0038618767195762	0.0006412105263157895	0.005625791842105264	0.00661922	190	0.005263157894736842	0.0
things	01	27	things	3	things	0.13229667032991216	34	17.98941798941799	29.133604027098045	2.036493205093328	-0.010752207599580288	0.0998317077755928	1.056550035053192	0.9864238028191493	0.0009418518518518518	0.010963207830687832	0.00623536	189	0.17989417989417988	0.0
things	01	27	things	4	things	0.10392405350750257	7	3.7037037037037037	32.112018442712724	2.0289899311696975	-0.010703169740736485	0.09917400032281876	1.081368985265958	1.0070198293617019	0.0020684656084656084	0.007569567513227513	0.00575714	189	0.037037037037037035	0.0
things	01	27	things	5	things	0.1169724328561122	22	11.578947368421053	30.55116125079803	2.0398755052297024	-0.010379758663475513	0.0997043177485466	1.0855506995767195	1.0109813770899474	0.0011163684210526313	0.008802139052631577	0.00930698	190	0.11578947368421053	0.0
things	01	27	things	6	things	0.1216841815655021	25	13.157894736842104	28.852473322302103	2.054836348825291	-0.01310222502797842	0.10388727486133575	1.0899432826984128	1.0250661898412694	0.0031595263157894737	0.011999012421052628	0.00545418	190	0.13157894736842105	0.005263157894736842
things	01	28	things	1	things	0.12840155599070446	28	14.814814814814815	33.14285425376147	2.0306474151854093	-0.012197162955999374	0.09573711454868317	1.0803093979255316	0.999314208563829	0.0006644444444444444	0.0064464595767195765	0.0100745	189	0.14814814814814814	0.0
things	01	28	things	2	things	0.10661726300966184	9	4.7368421052631575	32.591586782131344	2.0335584457817206	-0.011199582368135452	0.09553705900907516	1.0680937918518518	0.9975991515343916	0.0005752105263157895	0.0070745361052631595	0.00664966	190	0.04736842105263158	0.0
things	01	28	things	3	things	0.1282438675798675	28	14.814814814814815	32.85731506277807	2.0385696057379263	-0.010195356793701649	0.09506028890609741	1.0847526521276598	1.002237526170213	0.000668148148148148	0.006652904867724868	0.00749796	189	0.14814814814814814	0.0
things	01	28	things	4	things	0.11596519508350185	8	4.232804232804233	31.155036887386814	2.0533329118748167	-0.009392849169671535	0.0945802554488182	1.0410742135638298	0.9779384107978724	0.0005167724867724868	0.008197037301587303	0.00561306	189	0.042328042328042326	0.0
things	01	28	things	5	things	0.10188835880384253	8	4.2105263157894735	32.56256062514149	2.042481295677286	-0.009304977022111416	0.09421117603778839	1.0729604725925928	1.0063435908465603	0.001135578947368421	0.006868780789473684	0.0065036	190	0.042105263157894736	0.0
things	01	28	things	6	things	0.10144006433632004	6	3.1746031746031744	35.756952513358556	2.0391955991596484	-0.009584368206560612	0.09492996335029602	1.077462394414893	1.0055320259574465	0.0007177777777777778	0.005059541957671958	0.00518347	189	0.031746031746031744	0.0
things	01	29	things	1	things	0.13717239858132124	32	16.93121693121693	31.81267709005624	2.087555195665347	-0.009939603507518768	0.08664782345294952	1.0486433917553195	0.9883892582446814	0.0006358201058201058	0.007965497407407407	0.00769966	189	0.1693121693121693	0.0
things	01	29	things	2	things	0.12910841084863856	15	7.936507936507937	34.88890672149137	2.0835767300547023	-0.010238985531032085	0.08671361207962036	1.0824701578723408	1.0096285968617018	0.0008003174603174603	0.005493230105820106	0.0041293	189	0.07936507936507936	0.0
things	01	29	things	3	things	0.14338038880720952	45	23.68421052631579	30.072330920258537	2.0922569516400413	-0.01086671743541956	0.08844661712646484	1.1025757543386248	1.0294513538095242	0.0022121052631578946	0.009208776368421052	0.00878156	190	0.23684210526315788	0.0
things	01	29	things	4	things	0.2409870247852793	95	50.0	20.345777550246567	2.115886739004435	-0.015332997776567936	0.08806123584508896	1.026672440740741	0.9746835755555552	0.002587263157894737	0.02867081226315789	0.00352917	190	0.5	0.06842105263157895
things	01	29	things	5	things	0.18407390413379612	60	31.57894736842105	19.95741470810026	2.124393022297874	-0.01523671206086874	0.08973349630832672	0.9819380071957668	0.9669276528571428	0.0045611578947368425	0.033148197526315794	0.00215109	190	0.3157894736842105	0.03684210526315789
things	01	29	things	6	things	0.2625761870301156	104	54.73684210526316	20.07443913538009	2.120992902397189	-0.015069104731082916	0.09303627163171768	1.0422237335978835	0.9974734366137569	0.005338631578947368	0.030763612368421046	0.00593001	190	0.5473684210526316	0.07894736842105263
things	01	30	things	1	things	0.1213467987662465	22	11.640211640211641	34.735865032533184	2.044392727692568	-0.013470733538269997	0.09426786750555038	1.089977693617021	1.0099197243085103	0.000831058201058201	0.0055456997883597875	0.0066789	189	0.1164021164021164	0.0
things	01	30	things	2	things	0.11016284875721252	15	7.936507936507937	25.546923334011808	2.077746711303185	-0.013641188852488995	0.09692568331956863	0.9693244271276598	0.9483830784574471	0.003155714285714286	0.019348597883597884	0.00274687	189	0.07936507936507936	0.0
things	01	30	things	3	things	0.15505068191627114	36	18.94736842105263	23.18481076043099	2.081672223294169	-0.015535254031419754	0.1026870384812355	0.9410764952910055	0.9355595075661375	0.0033216842105263165	0.02394685884210526	0.00370423	190	0.18947368421052632	0.021052631578947368
things	01	30	things	4	things	0.11596241528558243	20	10.582010582010582	34.03487467113882	2.019114252529079	-0.01438730675727129	0.09832534193992615	1.0857232441489362	1.0125710120744682	0.0010674603174603175	0.006054544656084656	0.00776889	189	0.10582010582010581	0.0
things	01	30	things	5	things	0.11273155087979372	24	12.76595744680851	31.078823134303093	2.0371503609045813	-0.014481055550277233	0.10218733549118042	1.0758103504278067	1.0083245013903748	0.0018301595744680853	0.008339199414893616	0.00712318	188	0.1276595744680851	0.010638297872340425
things	01	30	things	6	things	0.11166764210970348	14	7.368421052631579	29.246247187256813	2.0526902334819015	-0.012730996124446392	0.1005069687962532	1.0742950160846565	1.0176128086772482	0.003154789473684211	0.011301114684210526	0.00454508	190	0.07368421052631578	0.0
things	01	31	things	1	things	0.089062738852307	2	1.0638297872340425	36.541638302151114	2.0169933134258806	-0.011204924434423447	0.09554480016231537	1.088604857005348	1.0119319710160424	0.0012886702127659574	0.004633524680851064	0.00886216	188	0.010638297872340425	0.0
things	01	31	things	2	things	0.08565708041949896	5	2.6315789473684212	33.36004550708458	2.025704988686648	-0.010969535447657108	0.09570853412151337	1.0606013103703704	0.9960549543386246	0.0006250526315789474	0.006260932210526316	0.00979785	190	0.02631578947368421	0.0
things	01	31	things	3	things	0.07252053650041296	1	0.5263157894736842	36.904163567349315	2.0230307350761616	-0.011188297532498837	0.09660984575748444	1.087523862275132	1.0139708635978837	0.0006801578947368422	0.004448353210526316	0.00972121	190	0.005263157894736842	0.0
things	01	31	things	4	things	0.08585866384832114	3	1.5873015873015872	36.002845764160156	2.034583234341809	-0.011668249033391476	0.09758392721414566	1.0700956398404253	0.9993119281914892	0.00047915343915343916	0.004966464391534391	0.0115802	189	0.015873015873015872	0.0
things	01	31	things	5	things	0.14099362792137038	37	19.473684210526315	29.763903385493904	2.0469725588451495	-0.0114271966740489	0.0981147512793541	1.1058614741798933	1.025436690793651	0.0016728947368421054	0.009424578684210526	0.0113592	190	0.19473684210526315	0.005263157894736842
things	01	31	things	6	things	0.1255782441738684	34	17.894736842105264	27.277335341845173	2.058232124715981	-0.011964683420956135	0.0992206558585167	1.0728859725925926	1.006992405026455	0.0018770526315789475	0.012824355526315789	0.00600533	190	0.17894736842105263	0.0
things	01	32	things	1	things	0.15710559379396688	42	22.105263157894736	28.462636589538306	2.060177354788531	-0.013089707121253014	0.09309028834104538	1.0395665955555553	0.9857054765608466	0.0011493684210526318	0.012941182421052631	0.0056734	190	0.22105263157894736	0.010526315789473684
things	01	32	things	2	things	0.21023656507172742	61	32.27513227513227	21.62165829841979	2.0800771682649253	-0.013115369714796543	0.09209892153739929	1.0852491632446815	1.0544154139893622	0.013657724867724864	0.02630325592592592	0.00452457	189	0.32275132275132273	0.042328042328042326
things	01	32	things	3	things	0.14064051477542902	40	21.05263157894737	28.219418396707624	2.0594027670313286	-0.013066548854112625	0.09397692233324051	1.0429598032275127	0.9884420776719574	0.0010504210526315787	0.013520348631578949	0.00642724	190	0.21052631578947367	0.0
things	01	32	things	4	things	0.15183439654456904	43	22.75132275132275	29.5848953013774	2.0554288157248504	-0.01435520313680172	0.09451451897621155	1.095112430957447	1.0178223646276594	0.001977619047619048	0.010404376984126985	0.00885991	189	0.2275132275132275	0.005291005291005291
things	01	32	things	5	things	0.16943306321601498	54	28.42105263157895	26.542164338752627	2.052096502409638	-0.013470644131302834	0.09431673586368561	1.0653286166666673	1.0028720261375665	0.002209052631578947	0.014261582421052632	0.00948431	190	0.28421052631578947	0.02631578947368421
things	01	32	things	6	things	0.1523000678101006	40	21.05263157894737	23.693569138646126	2.0691426544454687	-0.014270978979766369	0.0960664302110672	1.0374156722751322	0.997907094708995	0.002938631578947369	0.020015424157894736	0.00490463	190	0.21052631578947367	0.015789473684210527
things	01	33	things	1	things	0.14664076216062044	39	20.526315789473685	28.62262521951925	2.05314693060207	-0.013350042514503002	0.09791487455368042	1.0511893977248683	0.9897088237566138	0.0011567894736842104	0.012158680052631578	0.00818249	190	0.20526315789473684	0.010526315789473684
things	01	33	things	2	things	0.20482123097276037	86	45.5026455026455	24.40164208970964	2.084225459995002	-0.012984886765480042	0.09729087352752686	1.0869810679255323	1.0168247209574468	0.0037579894179894185	0.01957842328042328	0.0115715	189	0.455026455026455	0.021164021164021163
things	01	33	things	3	things	0.11800613918937308	25	13.157894736842104	30.35956909088418	2.053663604772564	-0.01193056907504797	0.09604006260633469	1.0594182925925926	0.9999126429100532	0.000825578947368421	0.008959746210526316	0.00807477	190	0.13157894736842105	0.0
things	01	33	things	4	things	0.11521978973885505	21	11.052631578947368	30.60145998187363	2.0446471421233556	-0.01324679795652628	0.0947318747639656	1.0489046965608457	0.9935509559788358	0.0007111052631578947	0.008782173263157896	0.00739167	190	0.11052631578947368	0.0
things	01	33	things	5	things	0.12398479752638593	27	14.210526315789474	29.01691158860922	2.0544899864683224	-0.013290449045598507	0.09662400931119919	1.0424960416402114	0.9885688753968254	0.0008400526315789473	0.011183101894736841	0.00442771	190	0.14210526315789473	0.0
things	01	33	things	6	things	0.15321252514271605	54	28.571428571428573	27.87916430598125	2.0552112018989375	-0.014138440601527691	0.09702961146831512	1.0486513211170212	0.9881834552659573	0.0009245502645502646	0.01121169492063492	0.00562305	189	0.2857142857142857	0.0
things	01	34	things	1	things	0.13275897244302975	32	16.842105263157894	29.194671562872827	2.071922689120321	-0.013415908440947533	0.09689190238714218	1.0736968059788354	1.0221269570899472	0.002911052631578947	0.010975306105263156	0.00571559	190	0.16842105263157894	0.010526315789473684
things	01	34	things	2	things	0.14999495447418643	47	24.736842105263158	28.455823237309232	2.0671611900110474	-0.014312081038951874	0.09645352512598038	1.0744051356084647	1.0053531815343915	0.0010633684210526316	0.01100178852631579	0.0108468	190	0.24736842105263157	0.0
things	01	34	things	3	things	0.1391474435347044	32	16.93121693121693	29.721617898438126	2.084843542480795	-0.01348801702260971	0.09830072522163391	1.0517405952127654	0.9922987416489357	0.0011582010582010583	0.011617677142857143	0.00863788	189	0.1693121693121693	0.005291005291005291
things	01	34	things	4	things	0.16993122404168048	64	33.68421052631579	27.04651504731737	2.0816236515082207	-0.012453241273760796	0.09625837951898575	1.0581938971957672	0.9925566876719583	0.0013166842105263156	0.013489773	0.0096589	190	0.3368421052631579	0.010526315789473684
things	01	34	things	5	things	0.1951692549893025	69	36.507936507936506	20.82565258257091	2.129714382327055	-0.012273495085537434	0.09487757086753845	1.0250315102659568	0.9756005321276591	0.004237830687830689	0.029424975978835973	0.0051071	189	0.36507936507936506	0.031746031746031744
things	01	34	things	6	things	0.16980941021618146	63	33.1578947368421	20.846839829639066	2.1365012541224138	-0.011678129434585571	0.09575145691633224	1.016647263650794	0.9970652211111113	0.006197263157894737	0.029806160578947367	0.00670963	190	0.33157894736842103	0.010526315789473684
things	01	35	things	1	things	0.13770405504398178	48	25.263157894736842	29.358286551665515	2.028476069835778	-0.014776568859815598	0.09528529644012451	1.0661323675661376	1.0132916899470905	0.0016054736842105262	0.009758994684210527	0.007996	190	0.25263157894736843	0.0
things	01	35	things	2	things	0.11543044385695936	27	14.361702127659575	32.667559841647744	2.0314963473578307	-0.013240369036793709	0.0923258438706398	1.0520578717647058	1.0013154918716571	0.001092553191489362	0.006818640478723405	0.00682904	188	0.14361702127659576	0.0
things	01	35	things	3	things	0.129198104156828	34	17.894736842105264	31.01206384424586	2.0490000191832016	-0.012200159020721912	0.09219798445701599	1.0984191934920635	1.0352775464021156	0.002246	0.008284691736842107	0.0104555	190	0.17894736842105263	0.005263157894736842
things	01	35	things	4	things	0.15711960828444207	56	29.62962962962963	29.21327549451962	2.07113695190297	-0.010631907731294632	0.09519990533590317	1.0776313593085107	1.00253057856383	0.0013235449735449737	0.00990312544973545	0.0161843	189	0.2962962962962963	0.010582010582010581
things	01	35	things	5	things	0.17965952691502	60	31.57894736842105	27.13316883612424	2.07351363578896	-0.013185999356210232	0.09789613634347916	1.097337394232804	1.0166802715343914	0.0016947894736842107	0.012337869999999999	0.00924447	190	0.3157894736842105	0.021052631578947368
things	01	35	things	6	things	0.23277263905053305	84	44.21052631578947	21.634063549572602	2.100014806968825	-0.013328219763934612	0.09889411181211472	1.0818167876719573	1.0121980446031746	0.0037121578947368426	0.02346951568421053	0.00897989	190	0.4421052631578947	0.07368421052631578
things	01	36	things	1	things	0.1981856411513785	56	29.473684210526315	16.35669378284365	2.0863239606968556	-0.014659978449344635	0.09760979562997818	1.007194684074074	1.0384464227513237	0.01811178947368421	0.04682749157894737	0.00145245	190	0.29473684210526313	0.042105263157894736
things	01	36	things	2	things	0.2450759846007029	94	49.735449735449734	23.13031353976112	2.04449243485592	-0.015922758728265762	0.10045227408409119	1.0496074598404257	0.981125079148936	0.003193174603174603	0.021779380052910056	0.00527256	189	0.4973544973544973	0.09523809523809523
things	01	36	things	3	things	0.14163821187931286	38	20.105820105820104	28.788387257489376	2.0537398356839898	-0.01038800086826086	0.09547628462314606	1.0469278134574465	0.9801687885106377	0.0008599470899470898	0.011427935132275132	0.00506599	189	0.20105820105820105	0.0
things	01	36	things	4	things	0.1705091076691317	50	26.31578947368421	20.46278622932732	2.0993463088900377	-0.011861689388751984	0.09709937870502472	0.9818363139682544	0.9609821264021163	0.0046952105263157904	0.031937839315789474	0.00209391	190	0.2631578947368421	0.031578947368421054
things	01	36	things	5	things	0.12135421106072976	14	7.368421052631579	29.867292118258774	2.0582309826463896	-0.010765899904072285	0.09716688841581345	1.0720584910052904	0.9976713757671961	0.0009063157894736843	0.010009757052631579	0.00535914	190	0.07368421052631578	0.0
things	01	36	things	6	things	0.1418760813609039	36	19.047619047619047	29.177523514954373	2.0342864467148436	-0.012453794479370117	0.10092445462942123	1.0818133305319153	1.0082926578191491	0.0024966137566137564	0.009852511058201058	0.00680554	189	0.19047619047619047	0.010582010582010581
things	02	01	things	1	things	0.1321944340931015	17	8.947368421052632	34.590717484708875	1.772444717742669	-0.0468720868229866	0.1144203245639801	1.1165439243915343	1.018144816084656	0.001186736842105263	0.0054938302631578955	0.0183093	190	0.08947368421052632	0.0
things	02	01	things	2	things	0.12438994787628953	12	6.315789473684211	34.79038927867077	1.777281374732762	-0.045479003340005875	0.11587005853652954	1.0909155998412696	1.0069772688359793	0.0006340526315789473	0.005337070526315789	0.00641403	190	0.06315789473684211	0.0
things	02	01	things	3	things	0.13049847137973594	22	11.578947368421053	35.13092414755374	1.778511442744766	-0.044868480414152145	0.11585690826177597	1.1080397170370366	1.0137208305820105	0.0006843684210526316	0.005074322157894737	0.0164831	190	0.11578947368421053	0.0
things	02	02	things	1	things	0.15007509002572172	44	23.404255319148938	33.36709617637098	1.7602819110432544	-0.054930560290813446	0.1312580555677414	1.1060539167914438	0.9946857482352944	0.0007013829787234043	0.006434345372340425	0.00843584	188	0.23404255319148937	0.0
things	02	02	things	2	things	0.13409575806116178	35	18.42105263157895	30.72138749388978	1.7673755009399263	-0.05320918187499046	0.13402722775936127	1.0633243994179902	0.9865481423280416	0.0009401578947368422	0.008986226	0.00501711	190	0.18421052631578946	0.0
things	02	02	things	3	things	0.13390293487664987	32	16.93121693121693	33.79132410441525	1.7628776217079494	-0.05284731835126877	0.13456225395202637	1.0922863907978724	0.9960533607978728	0.0005143386243386242	0.005970138518518518	0.00531576	189	0.1693121693121693	0.0
things	02	02	things	4	things	0.146315210892882	41	21.57894736842105	33.33198428200558	1.7632029840083023	-0.05206739902496338	0.13540197908878326	1.1207494629100532	1.0124990967724867	0.0007818947368421052	0.0063920287894736845	0.0067212	190	0.21578947368421053	0.0
things	02	02	things	5	things	0.1525624190949111	43	22.75132275132275	33.70327837765217	1.768432537437736	-0.052307724952697754	0.13698706030845642	1.1242896249468088	1.0099814760106378	0.0008551322751322753	0.0061249969312169306	0.00858186	189	0.2275132275132275	0.005291005291005291
things	02	02	things	6	things	0.15511391628020013	48	25.396825396825395	30.958993282634765	1.7696166672889506	-0.05163596197962761	0.13787367939949036	1.1345654718085105	1.0222929713297872	0.0021347619047619045	0.008082701164021166	0.00695379	189	0.25396825396825395	0.005291005291005291
things	02	03	things	1	things	0.183332220465325	75	39.473684210526315	30.9689899594523	1.8144330754992257	-0.050999607890844345	0.12625853717327118	1.1399669905820102	1.0084841237037037	0.001255	0.008182382263157893	0.0182543	190	0.39473684210526316	0.010526315789473684
things	02	03	things	2	things	0.15130324062068992	43	22.63157894736842	31.991741833393462	1.8133558641896217	-0.05052566900849342	0.12435507029294968	1.131803093809524	1.0166392741798946	0.0012557894736842106	0.006914127947368422	0.016452	190	0.22631578947368422	0.005263157894736842
things	02	03	things	3	things	0.16586585551441102	65	34.57446808510638	32.06764365476556	1.8090575474277402	-0.04970132187008858	0.12400757521390915	1.1123469047593575	0.9959095041176472	0.0007267553191489362	0.006885256063829787	0.0153403	188	0.34574468085106386	0.0
things	02	03	things	4	things	0.1774079737392085	67	35.44973544973545	30.63493842864409	1.8091704267754902	-0.048050686717033386	0.12322237342596054	1.1374246582978718	1.008840205212766	0.0009444444444444444	0.007974888888888889	0.0119423	189	0.3544973544973545	0.010582010582010581
things	02	03	things	5	things	0.17272720034472233	72	38.095238095238095	29.857501621590927	1.8148073244531966	-0.049091920256614685	0.1260582059621811	1.1124999244148943	0.9976820452659575	0.0010679894179894181	0.008944284814814815	0.0126606	189	0.38095238095238093	0.0
things	02	03	things	6	things	0.15662314116174353	57	30.0	29.10158932954073	1.8212314486346157	-0.0502181313931942	0.12749993801116943	1.0683965849206347	0.9825518779894177	0.0005370526315789473	0.010528290368421052	0.00952942	190	0.3	0.0
things	02	04	things	1	things	0.15417766379974185	60	31.57894736842105	33.10929574072361	1.7851109693952336	-0.052828069776296616	0.1292853206396103	1.13947986994709	1.0208496779894178	0.001185	0.00644225605263158	0.0127837	190	0.3157894736842105	0.0
things	02	04	things	2	things	0.15735511552604173	60	31.57894736842105	32.2688577871304	1.7871147758635466	-0.05241861566901207	0.13002793490886688	1.1236041894709003	1.0155873205291002	0.001205947368421053	0.006980637789473684	0.00742219	190	0.3157894736842105	0.0
things	02	04	things	3	things	0.16924604230794077	71	37.765957446808514	32.665119647979736	1.7848688592537492	-0.052890658378601074	0.13263241946697235	1.113744967379679	0.9940787775401073	0.0007581914893617022	0.006620565957446808	0.0108151	188	0.3776595744680851	0.0
things	02	04	things	4	things	0.15774321146652423	62	32.804232804232804	31.21798339067027	1.7946711102679136	-0.05042937397956848	0.1290166676044464	1.1088465180319147	1.002396101914893	0.0007905820105820106	0.007575159523809524	0.00729787	189	0.328042328042328	0.0
things	02	04	things	5	things	0.16341441322890776	61	32.10526315789474	31.95093063963577	1.8001892584306571	-0.04995507374405861	0.1278831660747528	1.133231336243386	1.023556514285714	0.0016972631578947369	0.006831786263157895	0.0108352	190	0.32105263157894737	0.0
things	02	04	things	6	things	0.16014573136566246	51	26.842105263157894	31.0123216456268	1.8053859032118171	-0.049702271819114685	0.1279548704624176	1.127988082645503	1.0179511668783066	0.0012986315789473685	0.007888530473684211	0.00924885	190	0.26842105263157895	0.0
things	02	05	things	1	things	0.15439009191390235	43	22.63157894736842	33.339966220315546	1.761291966219486	-0.04540795832872391	0.11340706795454025	1.1281249728571423	1.0118030602645498	0.0009151052631578947	0.006287539894736843	0.0147749	190	0.22631578947368422	0.0
things	02	05	things	2	things	0.15667064427872487	50	26.595744680851062	31.12902713054791	1.7645402941397823	-0.04454588517546654	0.11476930975914001	1.0859534559358293	0.9842539403743318	0.0005195744680851065	0.007961703723404255	0.00330435	188	0.26595744680851063	0.0
things	02	05	things	3	things	0.17202546911175545	62	32.97872340425532	32.560537182725966	1.773797787957278	-0.04283049702644348	0.11509643495082855	1.1346076302139039	1.010901854759358	0.0013313829787234047	0.006732335	0.00838808	188	0.32978723404255317	0.005319148936170213
things	02	05	things	4	things	0.1745066718372323	60	32.0855614973262	31.932012675097212	1.7803273473281342	-0.043008286505937576	0.11706778407096863	1.1427889648924732	1.010059351451613	0.001179572192513369	0.007184559572192514	0.00849681	187	0.32085561497326204	0.0053475935828877
things	02	05	things	5	things	0.17165213159861567	68	35.97883597883598	31.277953152777627	1.7853779918940473	-0.04257219284772873	0.11774515360593796	1.1454838855851064	1.0138812977127656	0.0011904761904761904	0.007663445185185185	0.00714197	189	0.35978835978835977	0.010582010582010581
things	02	05	things	6	things	0.18486927465494224	69	36.507936507936506	30.27296856569592	1.7916146907368753	-0.04265177994966507	0.11745325475931168	1.1480829832446808	1.0144255501063832	0.0012251322751322751	0.008736142275132275	0.00638549	189	0.36507936507936506	0.005291005291005291
things	02	06	things	1	things	0.1437769577311322	40	21.05263157894737	32.83030886296183	1.8605720638444538	-0.048148613423109055	0.12413013726472855	1.1141725620634921	1.014077623227513	0.0009088947368421052	0.006826335842105263	0.0143123	190	0.21052631578947367	0.005263157894736842
things	02	06	things	2	things	0.14894904668522937	49	25.925925925925927	32.86682671448216	1.857602709672354	-0.04691566154360771	0.1241832822561264	1.10300593143617	1.0049253644680853	0.000714920634920635	0.006598034814814814	0.00732914	189	0.25925925925925924	0.0
things	02	06	things	3	things	0.15120141786005142	48	25.396825396825395	32.092610036954284	1.8633070994360188	-0.046210795640945435	0.12637463212013245	1.1185783973404249	1.01460337856383	0.0010862433862433862	0.007158168201058201	0.00841022	189	0.25396825396825395	0.005291005291005291
things	02	06	things	4	things	0.15343429720583854	49	25.925925925925927	30.729737173067406	1.8615349493474411	-0.04723169654607773	0.12782007455825806	1.1172742374468088	1.0140618200531917	0.0012546031746031748	0.008550174444444444	0.00621334	189	0.25925925925925924	0.005291005291005291
things	02	06	things	5	things	0.1628870156770796	54	28.571428571428573	29.307792539941147	1.8646864942542556	-0.045404255390167236	0.12641631066799164	1.115226124042553	1.0148311361170212	0.0019980423280423283	0.010016285608465608	0.00592478	189	0.2857142857142857	0.005291005291005291
things	02	06	things	6	things	0.17857941448074913	67	35.44973544973545	25.934707977168728	1.879145046317846	-0.047318391501903534	0.1281786561012268	1.147796706861702	1.0680349771276603	0.011215555555555555	0.01580092238095238	0.00552205	189	0.3544973544973545	0.010582010582010581
things	02	07	things	1	things	0.18595665872116934	75	39.8936170212766	31.789738945662975	1.828673925899793	-0.04867318645119667	0.11959267407655716	1.1323738431550812	1.0011253284491979	0.0008489361702127661	0.007097470425531915	0.0108893	188	0.39893617021276595	0.005319148936170213
things	02	07	things	2	things	0.18053890524536512	73	38.421052631578945	28.707163605373353	1.8394063175454234	-0.047371335327625275	0.11781132966279984	1.1185477242328044	1.0058294844973543	0.0009412631578947368	0.009869159105263158	0.00592623	190	0.38421052631578945	0.010526315789473684
things	02	07	things	3	things	0.1830832661332962	81	42.857142857142854	29.40312261856161	1.8457252162566962	-0.04703656956553459	0.11983981728553772	1.1194918995744685	1.0001415348936178	0.0008734391534391535	0.009162939153439154	0.00358096	189	0.42857142857142855	0.005291005291005291
things	02	07	things	4	things	0.1726075923945492	67	35.44973544973545	31.13174106972292	1.8376084049530599	-0.04468844458460808	0.11671273410320282	1.135029692340426	1.0127383011170215	0.0011913756613756612	0.007515128359788361	0.00475579	189	0.3544973544973545	0.0
things	02	07	things	5	things	0.17525080376438842	71	37.56613756613756	28.36268728156574	1.8480447952133012	-0.04518524929881096	0.11844458431005478	1.1151132551595744	1.0043601023936177	0.0010059788359788359	0.010509019841269842	0.00920532	189	0.37566137566137564	0.010582010582010581
things	02	07	things	6	things	0.18859372573117025	70	36.8421052631579	27.440899269422516	1.8617092451489903	-0.045381609350442886	0.11926708370447159	1.1163826665079368	1.0051901202645503	0.0011160000000000002	0.011799495105263156	0.00632545	190	0.3684210526315789	0.031578947368421054
things	02	08	things	1	things	0.15082697319984037	44	23.280423280423282	31.675172170624137	1.7436804365680827	-0.05037207528948784	0.11905688792467117	1.1074340402127656	0.9966667225000002	0.000989312169312169	0.007178848624338624	0.0142374	189	0.2328042328042328	0.005291005291005291
things	02	08	things	2	things	0.15370032804341124	50	26.595744680851062	31.97973133996129	1.7613718542969232	-0.04934459179639816	0.1183619499206543	1.1475764603208556	1.02724334973262	0.003247606382978723	0.007187667712765957	0.00300038	188	0.26595744680851063	0.005319148936170213
things	02	08	things	3	things	0.14866001816084148	41	21.80851063829787	32.678645985201	1.7597752008492704	-0.04932688549160957	0.12157731503248215	1.1246559983957216	1.0068696804278074	0.0020943617021276593	0.006349523776595745	0.00396686	188	0.21808510638297873	0.005319148936170213
things	02	08	things	4	things	0.17121577810258454	67	35.44973544973545	32.39995903149247	1.7625410333751512	-0.04782166704535484	0.12091123312711716	1.1297061354255318	1.0030845861170208	0.000931005291005291	0.006680733597883597	0.00556973	189	0.3544973544973545	0.010582010582010581
things	02	08	things	5	things	0.18184026158566435	72	37.89473684210526	31.272591980174184	1.7665629495767483	-0.047170959413051605	0.12182778865098953	1.1578366892063487	1.0276779432275136	0.0023267894736842105	0.007388306052631579	0.006759	190	0.37894736842105264	0.021052631578947368
things	02	08	things	6	things	0.16435479567787195	65	34.21052631578947	32.415856529027224	1.7671389117597753	-0.047558389604091644	0.1227560043334961	1.1273409181481482	1.0146900003703698	0.0016100526315789474	0.006673817421052632	0.00596547	190	0.34210526315789475	0.0
things	02	09	things	1	things	0.13518011135952718	34	17.894736842105264	31.0064054466784	1.7512681494238422	-0.055027883499860764	0.12300564348697662	1.0997835093650787	1.0133647053968255	0.0015343684210526317	0.007986333421052632	0.00785199	190	0.17894736842105263	0.010526315789473684
things	02	09	things	2	things	0.15445823826793234	47	25.0	33.192030638456345	1.7536272099531538	-0.05423487722873688	0.12321989238262177	1.11451504513369	1.006475745721925	0.0010732446808510638	0.006078363085106382	0.00554693	188	0.25	0.005319148936170213
things	02	09	things	3	things	0.15428182865474863	49	25.925925925925927	33.20575027959421	1.7562198344784976	-0.054330214858055115	0.12321826070547104	1.124469892819149	1.0118608740425532	0.0009361904761904761	0.00606533402116402	0.00473698	189	0.25925925925925924	0.0
things	02	09	things	4	things	0.17872116656723888	67	35.26315789473684	29.886512428871356	1.7584866595993367	-0.05305400863289833	0.12597191333770752	1.1527932100000002	1.0284512097883591	0.0019079473684210527	0.008726529842105262	0.00929354	190	0.3526315789473684	0.010526315789473684
things	02	09	things	5	things	0.17477957026754315	65	34.21052631578947	30.75613427942153	1.7708313033925998	-0.053103603422641754	0.1288089007139206	1.1378302425396822	1.0221197209523807	0.0018082105263157893	0.008222461368421053	0.00616001	190	0.34210526315789475	0.010526315789473684
things	02	09	things	6	things	0.17559540337972432	69	36.31578947368421	29.800519548007287	1.770558821213262	-0.051751844584941864	0.12838952243328094	1.1367486368783069	1.0185472291005286	0.0015092631578947368	0.00890371647368421	0.00999843	190	0.3631578947368421	0.015789473684210527
things	02	10	things	1	things	0.14386168848942724	49	25.789473684210527	28.761046289931983	1.82732416651986	-0.04573476314544678	0.11358200013637543	1.071403865661376	0.9936059423280421	0.0014249473684210525	0.011536576631578949	0.00817765	190	0.2578947368421053	0.0
things	02	10	things	2	things	0.1646207987708997	55	29.25531914893617	32.2607958689332	1.82542137578019	-0.044867001473903656	0.11498115956783295	1.1099809544385026	1.0040814263101612	0.0014173936170212768	0.007043259734042553	0.0124814	188	0.2925531914893617	0.0
things	02	10	things	3	things	0.1506450686088837	40	21.164021164021165	32.09063194692135	1.8337217161772763	-0.04447576776146889	0.1164291575551033	1.1240690996808518	1.0128972405851067	0.001451058201058201	0.006768509894179894	0.0305093	189	0.21164021164021163	0.005291005291005291
things	02	10	things	4	things	0.16262272947075507	56	29.473684210526315	31.429688540054485	1.847071692007842	-0.04409359395503998	0.11658649146556854	1.1473902088359798	1.0264702416931213	0.0013791578947368421	0.00767293994736842	0.0154362	190	0.29473684210526313	0.0
things	02	10	things	5	things	0.1518291545551609	49	25.789473684210527	32.2705102408072	1.8401665505549307	-0.04321964457631111	0.11754865944385529	1.126625255185185	1.010987466772487	0.0007417368421052631	0.007130889210526316	0.0140269	190	0.2578947368421053	0.0
things	02	10	things	6	things	0.1813012681764394	66	34.73684210526316	29.731295137200505	1.850982019950983	-0.04283272847533226	0.11938536912202835	1.1501232557671959	1.027701658465609	0.002336684210526316	0.009074484842105263	0.0203317	190	0.3473684210526316	0.021052631578947368
things	02	11	things	1	things	0.1496194189888721	49	25.925925925925927	32.602601969148964	1.7909793103325156	-0.05331067368388176	0.1189856082201004	1.1418654558510637	1.0127098157978722	0.0013751322751322753	0.006600202592592592	0.0125677	189	0.25925925925925924	0.005291005291005291
things	02	11	things	2	things	0.15343122095768216	47	25.0	31.467476026620716	1.7982217997502032	-0.05520574375987053	0.12425153702497482	1.0899777389839576	0.9819858414973262	0.0005377659574468085	0.008041894414893617	0.00670583	188	0.25	0.0
things	02	11	things	3	things	0.17031840210700755	74	38.94736842105263	32.660733975470066	1.7965337784673667	-0.05328269675374031	0.1252809464931488	1.1361175877777774	1.010651748042328	0.0007060526315789473	0.006849819842105263	0.00821253	190	0.3894736842105263	0.0
things	02	11	things	4	things	0.16652021947210235	67	35.44973544973545	31.854062488069758	1.7992284371121392	-0.052950382232666016	0.12599028646945953	1.1260302374468094	1.0075678665425527	0.0009101587301587302	0.007516237037037036	0.00650394	189	0.3544973544973545	0.0
things	02	11	things	5	things	0.18326499911206676	79	41.578947368421055	28.32185747451149	1.8072435538517357	-0.05361032858490944	0.12649579346179962	1.0896643659259257	0.9907543285185181	0.0008476842105263158	0.011680166736842105	0.00715918	190	0.41578947368421054	0.0
things	02	11	things	6	things	0.20819678578986697	91	47.89473684210526	27.26097158517223	1.804400072838513	-0.05273902788758278	0.126059889793396	1.150047791534392	1.0197486913227514	0.001496	0.012817453473684211	0.00817018	190	0.4789473684210526	0.021052631578947368
things	02	12	things	1	things	0.1496952399715542	40	21.27659574468085	34.49671242758632	1.707461229674207	-0.053958941251039505	0.1259484887123108	1.1183019018181812	1.0063040347593584	0.001215531914893617	0.005289892127659575	0.0134481	188	0.2127659574468085	0.0
things	02	12	things	2	things	0.15761856727889398	51	26.842105263157894	27.87163996999152	1.7254784461420622	-0.05293821543455124	0.12447448074817657	1.0782152467724868	0.9846661844973543	0.001218157894736842	0.011821094315789475	0.00396432	190	0.26842105263157895	0.010526315789473684
things	02	12	things	3	things	0.15197624098168985	36	19.047619047619047	31.54326877114363	1.7379579826198275	-0.05343242362141609	0.12607257068157196	1.0889964038297875	0.9894428422872344	0.0005707936507936508	0.007400093227513228	0.00439252	189	0.19047619047619047	0.0
things	02	12	things	4	things	0.16194700631765763	51	27.127659574468087	32.95668828301132	1.7421949523704043	-0.05193936452269554	0.1274275779724121	1.108628970962567	0.9988462492513368	0.0008201063829787233	0.006390692287234043	0.00440902	188	0.2712765957446808	0.0
things	02	12	things	5	things	0.18724694479010554	69	36.31578947368421	29.00071886787191	1.7461159023653208	-0.05140472948551178	0.1278860867023468	1.1591601667195772	1.0286838771428573	0.0020689473684210526	0.010460330842105263	0.00752538	190	0.3631578947368421	0.015789473684210527
things	02	12	things	6	things	0.18615744941234244	77	40.74074074074074	28.148092485498637	1.7553163936860818	-0.05025764927268028	0.12993910908699036	1.095186372925532	0.985624361861702	0.0009162962962962963	0.011640438148148148	0.00621615	189	0.4074074074074074	0.010582010582010581
things	02	13	things	1	things	0.18419284635701247	78	41.05263157894737	26.887387750670314	1.7696978679913877	-0.04648510739207268	0.11533963680267334	1.1044505586243394	0.997803610264551	0.0019893684210526316	0.013483956157894737	0.0119315	190	0.4105263157894737	0.010526315789473684
things	02	13	things	2	things	0.17289877177271695	59	31.21693121693122	30.489694616757333	1.7707506254042664	-0.04519801214337349	0.11572276055812836	1.117550523085107	0.9971166215425538	0.0010149206349206348	0.008594184074074075	0.00904947	189	0.31216931216931215	0.010582010582010581
things	02	13	things	3	things	0.18155257649461898	73	38.421052631578945	30.19759895047173	1.778021396768275	-0.045595526695251465	0.11644141376018524	1.1303469361375662	1.0047956252380954	0.000998578947368421	0.009066160631578947	0.0100199	190	0.38421052631578945	0.010526315789473684
things	02	13	things	4	things	0.19460732936796943	82	43.1578947368421	29.85366881545633	1.7817213684608195	-0.04511767625808716	0.11707248538732529	1.1608078439153438	1.021599112698412	0.001693736842105263	0.009651334210526316	0.0123758	190	0.43157894736842106	0.021052631578947368
things	02	13	things	5	things	0.21292178239588097	93	49.20634920634921	23.532841418869793	1.8100499915948172	-0.043807365000247955	0.11561060696840286	1.0568033395212768	0.9670452822340428	0.001890899470899471	0.021641654708994706	0.00557261	189	0.49206349206349204	0.037037037037037035
things	02	13	things	6	things	0.19457637686739662	81	42.63157894736842	27.50123658333905	1.7888334587410506	-0.04270235449075699	0.11498955637216568	1.1160414512698416	1.0032284055026464	0.0011127894736842107	0.012564380157894734	0.00958116	190	0.4263157894736842	0.015789473684210527
things	02	14	things	1	things	0.17104615663757755	70	37.03703703703704	30.487296731211245	1.7793737861484977	-0.050633277744054794	0.11844930052757263	1.1134478081382977	0.9925263050531912	0.0012722751322751323	0.009456933597883597	0.0100942	189	0.37037037037037035	0.005291005291005291
things	02	14	things	2	things	0.1935899778321675	79	41.7989417989418	29.274279625271447	1.7874985145578883	-0.05023670569062233	0.12304136902093887	1.1043152331382986	0.9860761951063834	0.0010442857142857142	0.010969414074074075	0.00650831	189	0.41798941798941797	0.015873015873015872
things	02	14	things	3	things	0.1810186925553018	71	37.36842105263158	30.555469990358688	1.785171142317548	-0.048722974956035614	0.12104666978120804	1.1435840411640208	1.0134471532275129	0.001216736842105263	0.00904416110526316	0.00914998	190	0.3736842105263158	0.010526315789473684
things	02	14	things	4	things	0.19423458183211303	80	42.32804232804233	26.421242931392044	1.812973753374559	-0.04804724454879761	0.12026035040616989	1.12302300893617	1.0117734323404253	0.0024415873015873014	0.015003724761904761	0.00557999	189	0.42328042328042326	0.026455026455026454
things	02	14	things	5	things	0.18076899210654113	72	37.89473684210526	30.500519670546055	1.8110998900218687	-0.047385331243276596	0.12146873772144318	1.1339730874074077	1.0101748408994713	0.0010076315789473685	0.009508392210526316	0.00602974	190	0.37894736842105264	0.005263157894736842
things	02	14	things	6	things	0.18959087451497078	81	42.63157894736842	29.682429748238064	1.8141291608817802	-0.04642726108431816	0.12015777826309204	1.1189686756084654	1.004358598730159	0.0007923684210526317	0.010448404210526317	0.0083882	190	0.4263157894736842	0.010526315789473684
things	02	15	things	1	things	0.1790458495533323	67	35.26315789473684	30.207221906166524	1.7726785309829287	-0.04814993590116501	0.11432436853647232	1.1802545727513236	1.0584400661904763	0.005249947368421053	0.009220103263157893	0.0106578	190	0.3526315789473684	0.010526315789473684
things	02	15	things	2	things	0.18286527898089297	65	34.39153439153439	31.119436360429972	1.7911394388364537	-0.04681738466024399	0.1154680997133255	1.1575909149999997	1.0228301232446804	0.002415343915343915	0.008440421164021165	0.00836867	189	0.3439153439153439	0.0
things	02	15	things	3	things	0.19130313894209186	83	43.91534391534392	29.23541804193519	1.8030547352966901	-0.04449494928121567	0.11348240077495575	1.11257157893617	0.9927753903191491	0.001002962962962963	0.010607836666666669	0.00579736	189	0.43915343915343913	0.005291005291005291
things	02	15	things	4	things	0.1857864951323495	72	37.89473684210526	32.829301783582196	1.8089413717402436	-0.043032217770814896	0.11378609389066696	1.1315130715343917	1.008975736190476	0.0008061578947368421	0.007152082421052632	0.00697885	190	0.37894736842105264	0.0
things	02	15	things	5	things	0.18608426525001942	80	42.10526315789474	31.172085179714486	1.8202642723923557	-0.04118211939930916	0.11342225223779678	1.1435185084656085	1.0168029714285716	0.001045	0.008639328	0.00652768	190	0.42105263157894735	0.0
things	02	15	things	6	things	0.18760550706508275	71	37.56613756613756	29.835900373756886	1.8270932780025557	-0.041178904473781586	0.11441010236740112	1.1336790592553192	1.0154748313297866	0.0017823809523809524	0.009895364338624337	0.00609216	189	0.37566137566137564	0.015873015873015872
things	02	16	things	1	things	0.16951769516449866	62	32.804232804232804	30.281552427448332	1.7702665009299303	-0.05004322901368141	0.12421595305204391	1.1283661322872343	1.0274177269680849	0.0032534391534391536	0.008625648835978836	0.00625365	189	0.328042328042328	0.010582010582010581
things	02	16	things	2	things	0.18929121696459347	80	42.32804232804233	28.5077989960555	1.791633862843404	-0.04893652722239494	0.12565448880195618	1.0702500043085104	0.9756747865957447	0.0007430687830687832	0.01211317677248677	0.00176836	189	0.42328042328042326	0.005291005291005291
things	02	16	things	3	things	0.1846294589118209	74	39.15343915343915	32.05585919204168	1.7967046099458848	-0.04744895547628403	0.12364007532596588	1.1468900274468086	1.0158855573404255	0.0016244973544973541	0.007008158730158731	0.00319793	189	0.3915343915343915	0.010582010582010581
things	02	16	things	4	things	0.19798030758005117	81	42.857142857142854	30.779971565818414	1.805448493866959	-0.04658272862434387	0.12372127920389175	1.1029828717553192	0.9905416720744681	0.0005503703703703703	0.008378313068783068	0.00324861	189	0.42857142857142855	0.005291005291005291
things	02	16	things	5	things	0.21074701677261443	93	49.46808510638298	29.88801282038912	1.8163846013602873	-0.04558704420924187	0.12471507489681244	1.1121458759358296	0.9916830643315515	0.0008050531914893619	0.00933763824468085	0.003667	188	0.4946808510638298	0.015957446808510637
things	02	16	things	6	things	0.1857460527485347	71	37.56613756613756	29.612305925460532	1.8106221058190977	-0.0445772148668766	0.12369707226753235	1.1041163423404248	0.99551297	0.0007862962962962964	0.009463719788359788	0.00389576	189	0.37566137566137564	0.0
things	02	17	things	1	things	0.21558310646205875	94	49.473684210526315	27.495827349834144	1.7733885942024012	-0.04851764813065529	0.11838459223508835	1.1602553349735454	1.021349661322751	0.0032630526315789465	0.012131049842105264	0.0132489	190	0.49473684210526314	0.010526315789473684
things	02	17	things	2	things	0.19178938079245333	81	42.857142857142854	26.391613204032183	1.7910340784485677	-0.05003248155117035	0.1219722107052803	1.0537994976595748	0.9581905080851066	0.0007896296296296295	0.014815651481481482	0.00423746	189	0.42857142857142855	0.015873015873015872
things	02	17	things	3	things	0.19666828568318093	91	48.148148148148145	27.920644149184227	1.8020234607473626	-0.047978196293115616	0.11943363398313522	1.0934852117553189	0.9796536277659577	0.0008022751322751323	0.012085351005291005	0.0043052	189	0.48148148148148145	0.005291005291005291
things	02	17	things	4	things	0.19057323682248195	79	41.578947368421055	30.358807647950016	1.814802315728523	-0.04605497047305107	0.12271485477685928	1.1172681838624339	0.9985386736507934	0.000643578947368421	0.00857504194736842	0.00863264	190	0.41578947368421054	0.0
things	02	17	things	5	things	0.21354472239597413	92	48.67724867724868	26.110344130080193	1.8275918443829544	-0.04586419090628624	0.12245458364486694	1.056348845265958	0.9630353224468088	0.0007817989417989418	0.01508511783068783	0.0042585	189	0.48677248677248675	0.010582010582010581
things	02	17	things	6	things	0.19083170647416206	78	41.26984126984127	29.701359009370208	1.8217239375027783	-0.04514496028423309	0.12266325205564499	1.1346867712765958	1.00626072430851	0.0011704232804232804	0.00937544291005291	0.00639934	189	0.4126984126984127	0.005291005291005291
things	02	18	things	1	things	0.18156831946330743	77	40.526315789473685	31.454391583800316	1.8421723463696802	-0.04371495917439461	0.11393063515424728	1.1442914995238092	1.012207865079365	0.000944	0.00743853405263158	0.0144622	190	0.4052631578947368	0.010526315789473684
things	02	18	things	2	things	0.17671174222416178	64	33.86243386243386	32.21302573266439	1.8525282741322429	-0.04504448547959328	0.11884429305791855	1.123980510159574	1.001087707180851	0.0006083068783068783	0.006899788571428572	0.00982476	189	0.3386243386243386	0.005291005291005291
things	02	18	things	3	things	0.18394069987516057	80	42.5531914893617	32.1427539922297	1.8579227603252588	-0.04409660026431084	0.1186772808432579	1.1358408210695183	1.0043447799999994	0.000947659574468085	0.0071049290957446816	0.00809006	188	0.425531914893617	0.0
things	02	18	things	4	things	0.18634906081282757	73	38.421052631578945	27.61699236673303	1.8715999490439275	-0.042376626282930374	0.12046616524457932	1.1282443317989417	1.013958908095238	0.001361	0.011774091736842107	0.0113626	190	0.38421052631578945	0.021052631578947368
things	02	18	things	5	things	0.18232039564685074	71	37.36842105263158	27.369964431854896	1.8717554844995277	-0.042277391999959946	0.1202278882265091	1.1778162687830698	1.0613110445502638	0.004625157894736842	0.012741593578947368	0.0147745	190	0.3736842105263158	0.015789473684210527
things	02	18	things	6	things	0.18301002016371878	65	34.21052631578947	29.486174894380383	1.87270935438148	-0.042691946029663086	0.12322534620761871	1.144038363492064	1.0254671183068782	0.0020076315789473685	0.00961581052631579	0.0110659	190	0.34210526315789475	0.021052631578947368
things	02	19	things	1	things	0.17789103335238676	72	38.095238095238095	30.924316563410684	1.7683330767240526	-0.05223846435546875	0.12352322041988373	1.1218710405319146	1.002097590957447	0.0012265608465608466	0.007770725555555556	0.00810958	189	0.38095238095238093	0.010582010582010581
things	02	19	things	2	things	0.1717416637959765	65	34.57446808510638	30.629623277345672	1.7647514235076902	-0.050961486995220184	0.12322641164064407	1.0912070525133684	0.9794706931550803	0.0005698936170212765	0.00804573313829787	0.00432342	188	0.34574468085106386	0.0
things	02	19	things	3	things	0.1904114699185768	76	40.64171122994652	25.996192181948572	1.7880643954453088	-0.050562482327222824	0.12388402223587036	1.037248458763441	0.9577733801612908	0.0010701604278074868	0.01533409449197861	0.00493008	187	0.40641711229946526	0.0106951871657754
things	02	19	things	4	things	0.15489725230969945	52	27.513227513227513	32.560588461114094	1.7768111255032504	-0.050099823623895645	0.12279245257377625	1.1092752738297869	1.003865222819149	0.0008951322751322751	0.006433304867724868	0.00473186	189	0.2751322751322751	0.0
things	02	19	things	5	things	0.16273223065602013	57	30.319148936170212	30.71815490303561	1.788563656980397	-0.04964131861925125	0.12453784048557281	1.0822695285026738	0.983768622299466	0.0006145212765957446	0.008019860638297873	0.00525316	188	0.30319148936170215	0.005319148936170213
things	02	19	things	6	things	0.16668792916102268	58	30.851063829787233	31.20881310198456	1.7882672508905921	-0.048737864941358566	0.12392952293157578	1.1182474414438504	1.0048854082887702	0.0011805851063829789	0.007539565585106382	0.00739454	188	0.30851063829787234	0.005319148936170213
things	02	20	things	1	things	0.16829633079304943	64	33.86243386243386	29.882833503652364	1.7931391344938048	-0.049983758479356766	0.1235995665192604	1.0894712687765957	0.9897336916489367	0.0008857671957671958	0.008800867407407407	0.011942	189	0.3386243386243386	0.015873015873015872
things	02	20	things	2	things	0.1558138281801779	60	31.57894736842105	31.52733047970105	1.796195897670273	-0.051065269857645035	0.1243884339928627	1.096760654021164	0.9981884324867722	0.0005906842105263157	0.007456120578947368	0.00700444	190	0.3157894736842105	0.0
things	02	20	things	3	things	0.1637967716153051	59	31.05263157894737	31.201725272461772	1.8011917089089426	-0.04930054768919945	0.12278512865304947	1.1348928743915345	1.018563921058201	0.0011878947368421052	0.007589289578947368	0.00641012	190	0.3105263157894737	0.005263157894736842
things	02	20	things	4	things	0.17871483095476617	70	37.234042553191486	30.068780511734076	1.807824904479515	-0.048540063202381134	0.1251676380634308	1.0828856567379679	0.9806708982352946	0.0005408510638297872	0.009032637712765959	0.0052443	188	0.3723404255319149	0.005319148936170213
things	02	20	things	5	things	0.17455365455399927	74	38.94736842105263	30.069154319062363	1.8033601995272	-0.047549083828926086	0.12484767287969589	1.1000696819047626	1.002093411481481	0.0009132631578947369	0.008899418684210526	0.00671906	190	0.3894736842105263	0.0
things	02	20	things	6	things	0.18146041179968697	66	34.92063492063492	29.20495920511894	1.8091673896212708	-0.04723051190376282	0.12583401799201965	1.1173408901063826	1.0100213604787234	0.002137619047619048	0.009955769576719578	0.0106064	189	0.3492063492063492	0.015873015873015872
things	02	21	things	1	things	0.17083768480345593	64	34.04255319148936	29.976541142445058	1.8015037740348472	-0.051610302180051804	0.12191243469715118	1.1243334884491973	1.0229005147058818	0.003573617021276596	0.00869632909574468	0.00765334	188	0.3404255319148936	0.005319148936170213
things	02	21	things	2	things	0.16908539669218517	66	34.73684210526316	32.27575894619804	1.8069591640639873	-0.05101628974080086	0.12297187000513077	1.1323005505820107	1.017791745185185	0.0012563684210526315	0.006689398736842105	0.00864123	190	0.3473684210526316	0.005263157894736842
things	02	21	things	3	things	0.17120580967883678	69	36.31578947368421	30.506953020812944	1.8165663572391815	-0.04861848056316376	0.12468629330396652	1.1251060326455031	1.0103888459259258	0.0008858947368421054	0.008480209789473683	0.00869212	190	0.3631578947368421	0.005263157894736842
things	02	21	things	4	things	0.17085897590511903	67	35.44973544973545	29.559760156087577	1.8173770526641435	-0.04879118129611015	0.12581777572631836	1.1417607289361704	1.021663598031915	0.0020628042328042326	0.00952699232804233	0.0114019	189	0.3544973544973545	0.005291005291005291
things	02	21	things	5	things	0.17777111219053038	71	37.36842105263158	29.23679953138344	1.8196844891346027	-0.04786808788776398	0.1264304369688034	1.122287672010582	1.0104123835449732	0.0010343684210526317	0.010018375631578947	0.00926952	190	0.3736842105263158	0.0
things	02	21	things	6	things	0.2009363111675978	77	40.526315789473685	27.12653397989925	1.8320374837521776	-0.04835674166679382	0.12767647206783295	1.1195590731746035	1.0163046219047622	0.0017537368421052632	0.012824166631578947	0.00895694	190	0.4052631578947368	0.042105263157894736
things	02	22	things	1	things	0.17773601432939443	77	40.74074074074074	31.288498358801007	1.776327110732801	-0.05309131741523743	0.1280638575553894	1.1200220423936176	0.9996551109574467	0.0009552380952380952	0.0074804341798941805	0.00819861	189	0.4074074074074074	0.0
things	02	22	things	2	things	0.1988971472375326	86	45.5026455026455	31.291486957110465	1.7794293303193802	-0.05199652537703514	0.12912122905254364	1.1559177122340425	1.0195073834042554	0.0020682539682539683	0.0074540382010582	0.00488035	189	0.455026455026455	0.010582010582010581
things	02	22	things	3	things	0.18446751028336078	79	42.02127659574468	32.52760451287031	1.784920859429639	-0.05025266483426094	0.12818719446659088	1.097798189625669	0.985596750427807	0.00047388297872340426	0.0066322800531914885	0.00358009	188	0.42021276595744683	0.0
things	02	22	things	4	things	0.1929907164236091	85	44.73684210526316	32.840724437031895	1.7981597490843653	-0.051485709846019745	0.13286396861076355	1.1540930106349205	1.019436295555555	0.0013826315789473684	0.007197269684210525	0.00651114	190	0.4473684210526316	0.005263157894736842
things	02	22	things	5	things	0.18091251326726243	70	37.03703703703704	32.6316697942093	1.801736427756633	-0.05002865195274353	0.1325039118528366	1.1317267471276593	1.0064828314893621	0.0009503174603174603	0.007324101587301588	0.00608599	189	0.37037037037037035	0.010582010582010581
things	02	22	things	6	things	0.20522542383443473	90	47.87234042553192	26.399072490166873	1.816837297168579	-0.04955471679568291	0.13168460130691528	1.1114507498930484	0.9972473715508021	0.001840744680851064	0.01554909489361702	0.00497279	188	0.4787234042553192	0.026595744680851064
things	02	23	things	1	things	0.1838721858338887	74	38.94736842105263	31.57259833056014	1.7689446144705083	-0.052492447197437286	0.12536053359508514	1.1476360302645494	1.0179788321164027	0.0014449473684210526	0.007728802315789473	0.0107819	190	0.3894736842105263	0.0
things	02	23	things	2	things	0.18714159226719254	75	39.8936170212766	32.102164496900514	1.7743309625667294	-0.05016398802399635	0.1222473606467247	1.1324419364171132	1.0051242911229952	0.0011003723404255318	0.007260240372340425	0.00643995	188	0.39893617021276595	0.010638297872340425
things	02	23	things	3	things	0.18733983481534372	80	42.10526315789474	31.281205340172164	1.7822555024400248	-0.05138879641890526	0.12372604012489319	1.1350724820634914	1.0109189720634915	0.000925842105263158	0.007924657789473684	0.0069544	190	0.42105263157894735	0.005263157894736842
things	02	23	things	4	things	0.17367576207516366	69	36.31578947368421	32.948448532260954	1.7739934949132774	-0.04881715402007103	0.1239284798502922	1.1326000947089947	1.0129618124338624	0.000839578947368421	0.0066331144736842115	0.0104284	190	0.3631578947368421	0.005263157894736842
things	02	23	things	5	things	0.1694800859522991	66	34.73684210526316	32.99678389693145	1.7731551522199773	-0.047969937324523926	0.12426306307315826	1.126619511428572	1.0116422082539684	0.0007775263157894737	0.006500649894736842	0.00980102	190	0.3473684210526316	0.0
things	02	23	things	6	things	0.17864347543812856	76	40.0	30.825026330770925	1.7795911940548539	-0.04863180220127106	0.12603507936000824	1.1478435676719578	1.023437239312169	0.0019533684210526316	0.008358567368421053	0.011084	190	0.4	0.0
things	02	24	things	1	things	0.18082299791047307	77	40.526315789473685	29.78594133106526	1.7570942957917468	-0.052130211144685745	0.1270187795162201	1.128799147301588	1.0021017791534392	0.0008690000000000001	0.008878002684210526	0.00927973	190	0.4052631578947368	0.010526315789473684
things	02	24	things	2	things	0.19827077273037086	85	44.973544973544975	30.35211903671734	1.761196912849511	-0.05294695496559143	0.1293390840291977	1.1286159019148938	1.004638316489362	0.0014625396825396822	0.008249669259259261	0.00430187	189	0.4497354497354497	0.015873015873015872
things	02	24	things	3	things	0.17701911152528343	61	32.4468085106383	31.66628657374531	1.7683341513830846	-0.051421552896499634	0.12794223427772522	1.122592633636364	1.0005139076470588	0.0010498404255319148	0.007435805851063831	0.00615063	188	0.324468085106383	0.0
things	02	24	things	4	things	0.15948489415932177	52	27.36842105263158	32.814845172688365	1.7679625369871381	-0.05147089064121246	0.1309340000152588	1.1196695658730162	1.0123521879894177	0.0008479473684210526	0.006454854684210527	0.00742289	190	0.2736842105263158	0.0
things	02	24	things	5	things	0.15857284010549202	56	29.62962962962963	32.66167689859867	1.7748781376487035	-0.050416119396686554	0.12933866679668427	1.116822278244681	1.0082113275531914	0.001178941798941799	0.006528942645502646	0.00494975	189	0.2962962962962963	0.0
things	02	24	things	6	things	0.17185211407713455	61	32.10526315789474	31.20626969402656	1.7838338444251562	-0.05124751478433609	0.1309516727924347	1.1281800923809524	1.0155424934391535	0.0010602105263157896	0.007765219947368421	0.00915241	190	0.32105263157894737	0.005263157894736842
things	02	25	things	1	things	0.21297783886502242	97	51.05263157894737	28.801173456478864	1.8676557865744876	-0.04361511394381523	0.12304030358791351	1.1246300133333338	0.9994214712169314	0.0007766842105263157	0.010243169263157895	0.00625965	190	0.5105263157894737	0.031578947368421054
things	02	25	things	2	things	0.2076742788113776	97	51.32275132275132	31.00043837307021	1.8672788640505031	-0.04345039278268814	0.12424425035715103	1.1413220085638296	1.0051474659042545	0.0011701058201058201	0.008152627142857144	0.00546977	189	0.5132275132275133	0.005291005291005291
things	02	25	things	3	things	0.1776846753742815	69	36.507936507936506	31.317549263127148	1.8708960310456022	-0.04332533851265907	0.12489544600248337	1.1121928701063823	1.006753366755319	0.00119994708994709	0.007970479523809524	0.00842041	189	0.36507936507936506	0.005291005291005291
things	02	25	things	4	things	0.1872422146546935	79	42.02127659574468	29.935749873518944	1.8734996433759117	-0.04126819223165512	0.1209452897310257	1.1228945101069518	1.0009916403208559	0.001060904255319149	0.009111818936170213	0.00671872	188	0.42021276595744683	0.0
things	02	25	things	5	things	0.18505159548472408	76	40.21164021164021	29.969788418733515	1.8792799836283702	-0.042323920875787735	0.124213308095932	1.1171378336170215	1.002130227925532	0.0007023280423280423	0.00917567656084656	0.00823063	189	0.4021164021164021	0.0
things	02	25	things	6	things	0.18925047176496962	79	41.578947368421055	29.3202702520648	1.8831543280724836	-0.0423111692070961	0.1253078579902649	1.135332551904762	1.0118971220105824	0.0008947368421052633	0.00997324047368421	0.00828015	190	0.41578947368421054	0.0
things	02	26	things	1	things	0.20340761944508248	93	48.94736842105263	30.627965793013573	1.8232274235772645	-0.047317031770944595	0.12159086763858795	1.1561279493650787	1.017389501851852	0.0013043157894736845	0.008851668736842105	0.00805229	190	0.48947368421052634	0.005263157894736842
things	02	26	things	2	things	0.1920734457035445	74	39.15343915343915	27.561189359170385	1.8256306881813313	-0.04470758140087128	0.12069019675254822	1.1344025954787231	1.0074674311170209	0.001472910052910053	0.012591478042328044	0.00965522	189	0.3915343915343915	0.026455026455026454
things	02	26	things	3	things	0.19357503174863633	85	44.73684210526316	29.009729884564877	1.8276548487029616	-0.04369561746716499	0.12007682770490646	1.1937932268783062	1.045949081005291	0.0032167368421052627	0.010633465578947367	0.0116769	190	0.4473684210526316	0.021052631578947368
things	02	26	things	4	things	0.16494622914708956	67	35.26315789473684	30.512110760377254	1.8272777100652555	-0.04483315348625183	0.12293189764022827	1.1373585994179904	1.0184102053968251	0.0011348421052631578	0.00893934152631579	0.00772482	190	0.3526315789473684	0.005263157894736842
things	02	26	things	5	things	0.2077762133315156	91	47.89473684210526	26.85779075953178	1.8334286636242092	-0.04501841217279434	0.12399810552597046	1.1810124974603173	1.0440074601587295	0.0028253684210526315	0.013642385105263154	0.00828335	190	0.4789473684210526	0.021052631578947368
things	02	26	things	6	things	0.1932398267174489	85	44.73684210526316	27.758205849444494	1.8311627142072735	-0.04510650038719177	0.12625257670879364	1.1033424618518521	0.9915294760846564	0.0006831052631578947	0.012483619894736843	0.00751376	190	0.4473684210526316	0.010526315789473684
things	02	27	things	1	things	0.16498889664845542	63	33.1578947368421	32.690848675672896	1.7580493130263626	-0.05290213227272034	0.12545888125896454	1.136864310899471	1.014535504338624	0.0009972105263157892	0.006726592842105262	0.0145413	190	0.33157894736842103	0.0
things	02	27	things	2	things	0.23730456070522737	107	56.613756613756614	27.23454160313122	1.7552763561979332	-0.0526907704770565	0.12853926420211792	1.1483419262765964	1.0120859361170211	0.0025064021164021167	0.01298947068783069	0.00807785	189	0.5661375661375662	0.0582010582010582
things	02	27	things	3	things	0.20442055334211562	87	46.03174603174603	24.41893633757718	1.7708458532799338	-0.05313695967197418	0.13109582662582397	1.0197693279787237	0.9517533243085117	0.0011868253968253966	0.0188521108994709	0.00239379	189	0.4603174603174603	0.021164021164021163
things	02	27	things	4	things	0.19475528537783068	83	43.68421052631579	28.76558030839078	1.7735802885219787	-0.05252810940146446	0.13464295864105225	1.1228195949206357	1.0086858234920635	0.0012717894736842103	0.011108979052631578	0.00478968	190	0.4368421052631579	0.010526315789473684
things	02	27	things	5	things	0.22856285049860503	91	48.148148148148145	26.856475905515254	1.772134205359597	-0.05099546164274216	0.13371022045612335	1.135904026755319	1.0094165770212769	0.002074074074074074	0.013412769153439152	0.00727319	189	0.48148148148148145	0.05291005291005291
things	02	27	things	6	things	0.2179186036001982	90	47.61904761904762	26.643286165315658	1.7739132033990233	-0.05122295394539833	0.13248956203460693	1.1446776610638303	1.0220528130319149	0.0024670899470899477	0.0135527108994709	0.00641536	189	0.47619047619047616	0.026455026455026454
things	02	28	things	1	things	0.2073554455672531	88	46.31578947368421	27.361132688820362	1.7528498920487683	-0.05249239131808281	0.13607478141784668	1.104458588148149	0.989176146613757	0.0013016315789473685	0.012321450000000001	0.00612398	190	0.4631578947368421	0.02631578947368421
things	02	28	things	2	things	0.18405727321130724	74	39.15343915343915	29.564401864539832	1.748242271737627	-0.05119599401950836	0.1342802494764328	1.1354895429787228	1.0036060554787227	0.000977089947089947	0.009389217724867725	0.00726463	189	0.3915343915343915	0.005291005291005291
things	02	28	things	3	things	0.18629297049646026	71	37.765957446808514	26.185989796649665	1.7572676872783777	-0.049682263284921646	0.13290265202522278	1.1012839670588237	0.9989782096256691	0.003145531914893617	0.01440299515957447	0.00609684	188	0.3776595744680851	0.015957446808510637
things	02	28	things	4	things	0.16793778138227233	66	34.92063492063492	28.806376771535724	1.764169391989162	-0.04963960126042366	0.13322705030441284	1.113891166276596	1.0009411191489355	0.0013175661375661374	0.010748124126984128	0.00447429	189	0.3492063492063492	0.0
things	02	28	things	5	things	0.1608331863808496	52	27.36842105263158	29.926549672847614	1.7605904260115293	-0.05017149820923805	0.1352732926607132	1.1357079505820105	1.0190981095767193	0.0012552105263157894	0.00896253747368421	0.00896071	190	0.2736842105263158	0.010526315789473684
things	02	28	things	6	things	0.17327524424211532	68	35.97883597883598	28.549937347183004	1.7593865192579632	-0.049819331616163254	0.13344226777553558	1.1184847449468074	1.0043800256914899	0.0011761375661375661	0.010797596666666666	0.0109279	189	0.35978835978835977	0.010582010582010581
things	02	29	things	1	things	0.1900677924332854	73	38.421052631578945	31.563704481814057	1.813108053735131	-0.054179318249225616	0.12768419086933136	1.159138984973545	1.0214132112169307	0.001385736842105263	0.007582749526315791	0.0128007	190	0.38421052631578945	0.010526315789473684
things	02	29	things	2	things	0.16842288666026048	67	35.26315789473684	31.229869247763418	1.816425310828236	-0.05255352705717087	0.12627539038658142	1.1267766959788361	1.0094082599470897	0.0008853684210526317	0.00793343594736842	0.0116335	190	0.3526315789473684	0.0
things	02	29	things	3	things	0.16835636587232786	64	34.04255319148936	31.725512086879462	1.82750926758233	-0.053528930991888046	0.12971161305904388	1.1029872521390374	0.9933824549732622	0.0010381914893617021	0.007789807127659574	0.00823178	188	0.3404255319148936	0.005319148936170213
things	02	29	things	4	things	0.1612451013950099	59	31.05263157894737	30.156541995238513	1.832281209574376	-0.052228257060050964	0.13059748709201813	1.0978523308994705	1.0027723953968264	0.0007347368421052632	0.008980687105263157	0.00916722	190	0.3105263157894737	0.0
things	02	29	things	5	things	0.160592130054402	59	31.382978723404257	32.46688626892865	1.8336892874067197	-0.0507659837603569	0.12988996505737305	1.103543630909092	0.9982194331550805	0.0006301063829787233	0.0070683675	0.0120298	188	0.31382978723404253	0.0
things	02	29	things	6	things	0.15247340701259915	49	25.789473684210527	29.870007997611538	1.832145419422413	-0.05057193711400032	0.12993605434894562	1.0936883831746027	1.0012152565608468	0.0007006842105263159	0.009522388315789474	0.01309	190	0.2578947368421053	0.0
things	02	30	things	1	things	0.17684637974380382	73	38.62433862433863	32.24479619786143	1.7845044811567925	-0.05153965950012207	0.13038219511508942	1.1443711210106382	1.0142843231914895	0.0013837037037037036	0.006886132275132275	0.0088264	189	0.3862433862433862	0.005291005291005291
things	02	30	things	2	things	0.16059541424151602	60	32.25806451612903	32.34818515717052	1.7832732949885377	-0.05106678605079651	0.12910312414169312	1.1182072511351357	1.0060235134594595	0.000594247311827957	0.006730316612903226	0.00418351	186	0.3225806451612903	0.0
things	02	30	things	3	things	0.14911934212860908	45	23.68421052631579	32.12117305956781	1.7872312378451332	-0.05056821182370186	0.12859375774860382	1.1274860383068783	1.0162608326984135	0.0011715263157894736	0.006671740052631579	0.00720111	190	0.23684210526315788	0.005263157894736842
things	02	30	things	4	things	0.16667293186738133	69	36.507936507936506	30.827496629208326	1.79856370863427	-0.0515541173517704	0.1297377347946167	1.118388153244681	1.0048890034042546	0.0010659259259259257	0.007834673121693121	0.00384712	189	0.36507936507936506	0.0
things	02	30	things	5	things	0.15934420557163714	54	28.571428571428573	29.17918077786453	1.7944964034639903	-0.050784531980752945	0.1288568526506424	1.0791624937234034	0.9863329173404255	0.0007722751322751321	0.009836041534391535	0.00525517	189	0.2857142857142857	0.0
things	02	30	things	6	things	0.15371280418524177	51	26.984126984126984	30.542631120071746	1.790312720151924	-0.04986964911222458	0.12858231365680695	1.1067429489893619	1.005898873776596	0.0011274074074074073	0.008285484391534393	0.00838583	189	0.2698412698412698	0.0
things	02	31	things	1	things	0.19718241759770808	88	46.560846560846564	29.511374829802662	1.7861000346653728	-0.05676702409982681	0.13015401363372803	1.1666712254787235	1.0268025612765959	0.0028580952380952373	0.009012664338624339	0.0125616	189	0.4656084656084656	0.005291005291005291
things	02	31	things	2	things	0.17947964336169628	72	38.095238095238095	30.165800652466714	1.7794317154321888	-0.05458621308207512	0.12781518697738647	1.122204372659574	0.9940018805851066	0.0005875132275132276	0.008632530052910054	0.00686203	189	0.38095238095238093	0.005291005291005291
things	02	31	things	3	things	0.16506429183362484	57	30.158730158730158	30.452915277564898	1.7864647910172873	-0.054036352783441544	0.12697523832321167	1.1467071712234043	1.022781906808511	0.0014525925925925926	0.008429283121693122	0.00634179	189	0.30158730158730157	0.005291005291005291
things	02	31	things	4	things	0.15302581565102852	46	24.33862433862434	31.761537715792656	1.7929984776881485	-0.055288102477788925	0.1286172866821289	1.1090178322340425	1.0043965251595741	0.0009676719576719576	0.007446294973544973	0.00520983	189	0.24338624338624337	0.005291005291005291
things	02	31	things	5	things	0.18731859574688647	74	39.15343915343915	28.561509135412052	1.8110616594859863	-0.053487516939640045	0.12935087084770203	1.1272877784042552	1.007358224414893	0.0012653968253968253	0.010088837195767196	0.00673878	189	0.3915343915343915	0.015873015873015872
things	02	31	things	6	things	0.16128879168129784	56	29.473684210526315	29.83943544770591	1.810200111211647	-0.05262579768896103	0.1311435103416443	1.1147258435978837	1.010833962116401	0.0010648947368421052	0.008930777526315789	0.00930223	190	0.29473684210526313	0.0
things	02	32	things	1	things	0.16633545575992348	59	31.05263157894737	31.371592737734318	1.7643797172425721	-0.0575847290456295	0.1313621699810028	1.1492140908465607	1.0349348008994708	0.0030302105263157898	0.0075326976842105264	0.0116073	190	0.3105263157894737	0.0
things	02	32	things	2	things	0.16030473064606646	57	30.0	33.2275877147913	1.7512212214798941	-0.056912340223789215	0.13202805817127228	1.1376972741798939	1.0146653405820099	0.001243421052631579	0.0062629084210526305	0.00929539	190	0.3	0.0
things	02	32	things	3	things	0.15773429309526857	57	30.158730158730158	30.40541921183467	1.7575545817066627	-0.05352986976504326	0.13020075857639313	1.1165876544148934	1.0091050918085114	0.0012021164021164023	0.00834013	0.00870016	189	0.30158730158730157	0.0
things	02	32	things	4	things	0.1984739029709733	78	41.05263157894737	25.34952147351578	1.7851775249581694	-0.05345531553030014	0.13154259324073792	1.1446348095767196	1.0210814017460317	0.0025978947368421055	0.016026838789473682	0.0096083	190	0.4105263157894737	0.031578947368421054
things	02	32	things	5	things	0.18622633622782364	73	38.829787234042556	26.49801608209964	1.788199382824325	-0.05418818071484566	0.1322609931230545	1.0859849294117654	0.9856468880748659	0.0009605851063829787	0.013941932234042552	0.0114461	188	0.3882978723404255	0.010638297872340425
things	02	32	things	6	things	0.20036392242481135	81	42.63157894736842	26.006564053241163	1.7960981886716019	-0.054360855370759964	0.13334085047245026	1.101564164021164	0.9989274500529096	0.0013534210526315793	0.014621688684210528	0.0100387	190	0.4263157894736842	0.021052631578947368
things	02	33	things	1	things	0.18366111221352086	75	39.8936170212766	29.94658704008907	1.8210540148298797	-0.04823830723762512	0.12356306612491608	1.1228493141711235	0.9966283558288774	0.0009722872340425532	0.008918491542553192	0.00632264	188	0.39893617021276595	0.0
things	02	33	things	2	things	0.1805327350907673	78	41.935483870967744	32.08682990656234	1.8193459212764838	-0.04845519736409187	0.1240328922867775	1.1531397864324322	1.0193221731351354	0.0016581720430107528	0.0070092404838709675	0.00329827	186	0.41935483870967744	0.010752688172043012
things	02	33	things	3	things	0.17583743579421818	66	34.92063492063492	31.145792422816157	1.8242346460791499	-0.04861917719244957	0.12434333562850952	1.1310403879787232	1.0095326623936167	0.0012380423280423279	0.007959780105820106	0.00490166	189	0.3492063492063492	0.015873015873015872
things	02	33	things	4	things	0.16251279570533564	55	28.94736842105263	29.65750598872546	1.8346308062597654	-0.04902392253279686	0.12395922094583511	1.1073832071957668	1.0042645584126988	0.0010268421052631578	0.00976904294736842	0.00546893	190	0.2894736842105263	0.010526315789473684
things	02	33	things	5	things	0.1696640181887438	65	34.21052631578947	30.244168906938285	1.8330372731792193	-0.048123233020305634	0.12345835566520691	1.1253883716931217	1.0143061553968256	0.0011023684210526314	0.00886018052631579	0.00531521	190	0.34210526315789475	0.005263157894736842
things	02	33	things	6	things	0.16111640268387575	44	23.404255319148938	30.647481366060674	1.8364320836760495	-0.048322807997465134	0.12601898610591888	1.1154961774866312	1.0091818840106952	0.0012680851063829788	0.008544909734042552	0.00423327	188	0.23404255319148937	0.015957446808510637
things	02	34	things	1	things	0.1754028600453294	65	34.21052631578947	31.097968227695674	1.899112198920233	-0.046419959515333176	0.1196514144539833	1.1612655372486769	1.0397444801587301	0.0029975789473684214	0.007565243263157895	0.00770435	190	0.34210526315789475	0.010526315789473684
things	02	34	things	2	things	0.171293180701646	59	31.05263157894737	31.85624257195741	1.9026388312273377	-0.04598403722047806	0.11874540895223618	1.1655491610052908	1.0414726077248682	0.0027789473684210527	0.00703645805263158	0.00545572	190	0.3105263157894737	0.010526315789473684
things	02	34	things	3	things	0.15836850056408822	61	32.4468085106383	32.25797791033983	1.9072009507327443	-0.04554986208677292	0.1194455474615097	1.1110240149197865	1.008240677005347	0.001309627659574468	0.00681298335106383	0.00592598	188	0.324468085106383	0.005319148936170213
things	02	34	things	4	things	0.17238729257642327	63	33.1578947368421	30.983503745752387	1.9118582114588927	-0.04527769982814789	0.12104324996471405	1.1417506052910051	1.0260994340740741	0.0018536842105263158	0.007849661	0.00542521	190	0.33157894736842103	0.021052631578947368
things	02	34	things	5	things	0.16317626794770015	58	30.687830687830687	30.481484145275317	1.9138866505747743	-0.04388611763715744	0.11861101537942886	1.1208771842021286	1.0192299560638298	0.0014737037037037034	0.008282318253968253	0.00590065	189	0.30687830687830686	0.005291005291005291
things	02	34	things	6	things	0.20893093640916974	79	41.578947368421055	26.160149145289324	1.9224874842692432	-0.043143320828676224	0.11924830824136734	1.090066132539682	0.9931382538095236	0.001207526315789474	0.014422071263157895	0.0101771	190	0.41578947368421054	0.05789473684210526
things	02	35	things	1	things	0.22410184776422354	92	48.421052631578945	27.088113348931074	1.8291945620196297	-0.05206773057579994	0.1304909586906433	1.1453786529629626	1.020501504232804	0.003015684210526316	0.01168149394736842	0.00476024	190	0.4842105263157895	0.04736842105263158
things	02	35	things	2	things	0.20904615983649916	90	47.87234042553192	29.62199918925762	1.8243877612730153	-0.05093437433242798	0.12864278256893158	1.1681728235828874	1.0238403685561501	0.0025625531914893617	0.008898137712765958	0.00761656	188	0.4787234042553192	0.02127659574468085
things	02	35	things	3	things	0.18169654750351405	77	40.526315789473685	28.471628015919123	1.8242166068614354	-0.05081374943256378	0.12899520993232727	1.113205683492063	1.0024374848148145	0.0014111578947368422	0.010380114578947369	0.00418228	190	0.4052631578947368	0.021052631578947368
things	02	35	things	4	things	0.18765492932718242	75	39.473684210526315	27.452758476370946	1.831974862034942	-0.049612000584602356	0.12665227055549622	1.1455152464550273	1.0200380206878308	0.0015807368421052628	0.011573146315789474	0.00703204	190	0.39473684210526316	0.02631578947368421
things	02	35	things	5	things	0.17333874217153947	70	36.8421052631579	28.375240755500272	1.8384930272146682	-0.048276543617248535	0.12580443918704987	1.1400307271428576	1.021720808095238	0.0012114736842105264	0.010161591473684211	0.00843721	190	0.3684210526315789	0.010526315789473684
things	02	35	things	6	things	0.19122489796022105	76	40.21164021164021	28.170043260324746	1.8432962060276288	-0.04787700995802879	0.12561438977718353	1.1414390056382977	1.0156932153191494	0.0016278835978835982	0.010686479312169313	0.0137908	189	0.4021164021164021	0.021164021164021163
things	02	36	things	1	things	0.20482732627923714	101	53.439153439153436	28.609215258155018	1.861326653895788	-0.045525770634412766	0.11637420207262039	1.131931819734042	1.0017987776595743	0.001592857142857143	0.010381943333333333	0.00575246	189	0.5343915343915344	0.005291005291005291
things	02	36	things	2	things	0.1862897636768784	81	42.857142857142854	27.602580190985464	1.883462752461711	-0.04488879442214966	0.11710698157548904	1.090202635053191	0.9819635642553188	0.0009748148148148147	0.012301526402116401	0.00257191	189	0.42857142857142855	0.0
things	02	36	things	3	things	0.17514666858619377	68	36.170212765957444	30.711626088246703	1.8881949063324635	-0.043633319437503815	0.11816643923521042	1.1308214019251344	1.0061142365240643	0.0012745212765957448	0.007862482499999999	0.00528675	188	0.3617021276595745	0.005319148936170213
things	02	36	things	4	things	0.18976097034961567	81	42.63157894736842	30.664948071353137	1.88821722853571	-0.04468061029911041	0.11963869631290436	1.1452756104761903	1.012757225343915	0.0008885263157894737	0.008027598631578947	0.00443992	190	0.4263157894736842	0.005263157894736842
things	02	36	things	5	things	0.181877680040672	75	39.8936170212766	31.211561418604106	1.893872925353035	-0.04343641921877861	0.1197667270898819	1.1103831361497327	0.9915859396791441	0.0007594680851063831	0.007474507393617022	0.00417169	188	0.39893617021276595	0.005319148936170213
things	02	36	things	6	things	0.17410709932787807	69	36.31578947368421	29.701632318436168	1.8911444424960577	-0.04407944902777672	0.1211371049284935	1.1211532791534384	1.0083763909523809	0.0010247894736842105	0.009076648684210526	0.00823487	190	0.3631578947368421	0.0
things	03	01	things	1	things	0.05748958560713597	0	0.0	38.438432831317186	2.0852065396852653	-0.013901948928833008	0.045098926872015	1.0590104612234041	1.0126610604255322	0.0009057142857142857	0.003849651322751323	0.00825399	189	0.0	0.0
things	03	01	things	2	things	0.06164339258684782	1	0.5263157894736842	38.798346692696214	2.0895573402158782	-0.013673028908669949	0.04530160129070282	1.0683746140740742	1.020433208571429	0.0011014210526315788	0.003737173631578947	0.00998556	190	0.005263157894736842	0.0
things	03	01	things	3	things	0.05871377269700512	0	0.0	39.20656717894599	2.0913371213955387	-0.0137132927775383	0.04557336866855621	1.0470409937967913	1.000538007860963	0.0005214893617021276	0.0036969052659574465	0.00449326	188	0.0	0.0
things	03	02	things	1	things	0.06412708721598137	0	0.0	36.66393330786377	2.127938706735455	-0.013991556130349636	0.04607391729950905	1.0580815504761905	1.0172914024867725	0.0009299473684210527	0.004178630157894736	0.039096	190	0.0	0.0
things	03	02	things	2	things	0.07785361946506425	2	1.0526315789473684	37.50610813731328	2.141139509527944	-0.01369251124560833	0.045800186693668365	1.0584356441269844	1.0185547175132272	0.0008347368421052632	0.004146911789473684	0.0203119	190	0.010526315789473684	0.0
things	03	02	things	3	things	0.06582297510442725	3	1.5789473684210527	33.49263768643141	2.160503814240233	-0.014317256398499012	0.04669291153550148	1.0127491220634917	0.9925985265608464	0.0018092105263157897	0.007723346526315791	0.00489998	190	0.015789473684210527	0.0
things	03	02	things	4	things	0.09297010059138032	8	4.2105263157894735	29.833918278221972	2.1716293830271742	-0.014280644245445728	0.04672660306096077	0.9395054421164016	0.9462036979365083	0.001121263157894737	0.013159218894736842	0.00258823	190	0.042105263157894736	0.015789473684210527
things	03	02	things	5	things	0.07021818970345046	1	0.5263157894736842	30.852615638286807	2.1586722723915654	-0.015304994769394398	0.04642381891608238	0.9888804376190479	0.9852383604232812	0.0016998947368421049	0.010225583789473683	0.0185187	190	0.005263157894736842	0.0
things	03	02	things	6	things	0.07234706336008381	2	1.0526315789473684	27.91568055807147	2.16200022109781	-0.015985390171408653	0.046639181673526764	0.903385631005291	0.9248082912169314	0.0003226315789473684	0.016187687263157894	0.00969422	190	0.010526315789473684	0.0
things	03	03	things	1	things	0.056025979788567576	0	0.0	39.63151178578846	2.1067842364419334	-0.01438248623162508	0.044768206775188446	1.0490402338297875	1.0074238932978719	0.0005403174603174603	0.003499515661375661	0.00603514	189	0.0	0.0
things	03	03	things	2	things	0.06813356594705322	0	0.0	39.13761708524544	2.1112735260382607	-0.013966580852866173	0.044759370386600494	1.0600465075661374	1.0129031049735449	0.0005555263157894737	0.0036011633684210525	0.00552084	190	0.0	0.0
things	03	03	things	3	things	0.057345406536996	0	0.0	40.09338180953637	2.1146009886236627	-0.013788695447146893	0.04480281099677086	1.0506339339893613	1.0083087778191493	0.0005621693121693123	0.0034003257671957675	0.0056482	189	0.0	0.0
things	03	03	things	4	things	0.05503801148204418	0	0.0	38.90551457880065	2.1145275572460664	-0.013611518777906895	0.045049622654914856	1.0480374179894172	1.0095964226984127	0.0005565263157894737	0.003665830631578948	0.0049706	190	0.0	0.0
things	03	03	things	5	things	0.04846100956094145	0	0.0	39.824420884251595	2.1174788208162543	-0.013591455295681953	0.04470754787325859	1.0435551243617014	1.0090003090957447	0.000542010582010582	0.0034141943386243384	0.00357681	189	0.0	0.0
things	03	03	things	6	things	0.05376431486789976	0	0.0	39.70882710273145	2.1178046395402106	-0.01344627607613802	0.0448400042951107	1.0523480117989417	1.0148056265608465	0.000585	0.0034736918421052632	0.00801518	190	0.0	0.0
things	03	04	things	1	things	0.060301416071515374	0	0.0	36.86054509598762	2.160793232735246	-0.012477526441216469	0.042117923498153687	1.0143135296276602	1.0032239202127664	0.0006861375661375663	0.004626449259259259	0.00577444	189	0.0	0.0
things	03	04	things	2	things	0.0699251895444572	0	0.0	38.29195258556865	2.16273097420494	-0.012430868111550808	0.04227368161082268	1.0304550104232804	1.0150404729629623	0.0009519999999999999	0.00405961852631579	0.00409603	190	0.0	0.0
things	03	04	things	3	things	0.06368318491665796	0	0.0	37.447417041286826	2.1678762502312767	-0.01267411932349205	0.04276668652892113	1.0205526083597876	1.00954656047619	0.0007053157894736843	0.004327375263157894	0.00872141	190	0.0	0.0
things	03	04	things	4	things	0.058943053817979076	1	0.5263157894736842	32.94042696431279	2.175548702676654	-0.01372833363711834	0.04408889636397362	0.99222626931217	0.9954922564550258	0.0012498947368421054	0.007510603263157895	0.00456292	190	0.005263157894736842	0.0
things	03	04	things	5	things	0.05393831117143148	0	0.0	35.737223133444786	2.165092240011564	-0.013271144591271877	0.04340806603431702	1.0027010352127659	0.9961466569680854	0.0007264021164021163	0.00527816873015873	0.00524243	189	0.0	0.0
things	03	04	things	6	things	0.06167208032784282	0	0.0	35.18304457864724	2.170527571336204	-0.013385117053985596	0.0433184914290905	1.0086125639153434	1.000660186084656	0.0007299473684210527	0.005643195315789473	0.00625032	190	0.0	0.0
things	03	05	things	1	things	0.061607166049363116	0	0.0	34.73338726605289	2.1023739009596203	-0.011824951507151127	0.04324503242969513	1.0540592077127664	0.9926576790957443	0.0006995767195767194	0.006239081428571428	0.00408702	189	0.0	0.0
things	03	05	things	2	things	0.0579455095554062	1	0.5263157894736842	35.29789469856769	2.117078688051264	-0.011272170580923557	0.043310075998306274	1.0516483812169308	0.9937639930158733	0.0007101052631578948	0.005630223052631578	0.00398728	190	0.005263157894736842	0.0
things	03	05	things	3	things	0.058059134298925286	0	0.0	37.72875795024447	2.1183038336318254	-0.011292179115116596	0.043598517775535583	1.0674326245502646	1.0065812712169315	0.0005630526315789474	0.004294363315789474	0.0048208	190	0.0	0.0
things	03	05	things	4	things	0.06076005143473403	0	0.0	36.390720814233646	2.1201554698854093	-0.011156460270285606	0.04378623515367508	1.056110830370371	0.9976990341269837	0.0005301578947368421	0.004808006631578947	0.0043168	190	0.0	0.0
things	03	05	things	5	things	0.060395473735080064	0	0.0	38.999528530053794	2.122457816102058	-0.011719883419573307	0.04459957405924797	1.069805644255319	1.0096959719680856	0.000752063492063492	0.0038053844973544968	0.00601073	189	0.0	0.0
things	03	05	things	6	things	0.06286547336853006	0	0.0	39.40432386472821	2.1244486558196027	-0.01164619904011488	0.0445740707218647	1.057903936382979	1.0064502822340422	0.0005417989417989418	0.0037451795238095235	0.00747941	189	0.0	0.0
things	03	06	things	1	things	0.05952303870038399	0	0.0	37.67082856781781	2.124265156561127	-0.013821437954902649	0.044462766498327255	1.043401182393617	1.0028627100531917	0.0006849206349206349	0.004651884444444444	0.00457667	189	0.0	0.0
things	03	06	things	2	things	0.06272869389537909	0	0.0	36.56610535271466	2.122658330062334	-0.01404308807104826	0.04468055069446564	1.0494222394623658	1.0000554860215058	0.0007682887700534758	0.005263859465240641	0.00478593	187	0.0	0.0
things	03	06	things	3	things	0.06743540949342962	0	0.0	37.99194604577497	2.1170787478967976	-0.014072262682020664	0.04552888125181198	1.0790687714814815	1.0109422959259253	0.0006475789473684211	0.004564351684210526	0.00818652	190	0.0	0.0
things	03	06	things	4	things	0.05203750028484394	0	0.0	38.57566729746759	2.1192141120089945	-0.014024821110069752	0.04586896300315857	1.073171821746032	1.0114731472486767	0.0006597894736842105	0.0042349601578947375	0.00694506	190	0.0	0.0
things	03	06	things	5	things	0.07750305010764853	2	1.0582010582010581	37.03387140459381	2.122778251243484	-0.013930510729551315	0.04608980938792229	1.0448809551063831	0.9970421673404252	0.0005364550264550265	0.00475612873015873	0.00498293	189	0.010582010582010581	0.0
things	03	06	things	6	things	0.0706314274787799	0	0.0	38.38015344645828	2.1217801652169985	-0.013852817006409168	0.046207625418901443	1.0518528911702127	1.009462233989362	0.0008217460317460317	0.00417066126984127	0.00501146	189	0.0	0.0
things	03	07	things	1	things	0.08559790624152148	1	0.5263157894736842	35.919458232820034	2.115562136737055	-0.014408675953745842	0.04645051807165146	1.0360066655026454	1.0081738896825396	0.0006262105263157894	0.004886558736842106	0.0130921	190	0.005263157894736842	0.0
things	03	07	things	2	things	0.09230328517049241	2	1.0638297872340425	35.93186563719064	2.124099292729511	-0.013772035017609596	0.04601806029677391	1.055980549251337	1.020812840267379	0.0025617021276595742	0.0049652164361702125	0.00677167	188	0.010638297872340425	0.0
things	03	07	things	3	things	0.07590495607487502	1	0.5263157894736842	35.13328229589388	2.132534943310439	-0.01347566582262516	0.04673731327056885	1.0268865607936504	1.0006960953439152	0.0006015263157894737	0.005354641105263158	0.0124635	190	0.005263157894736842	0.0
things	03	07	things	4	things	0.0748787263013082	2	1.0526315789473684	35.615095775574446	2.130427825328764	-0.013598780147731304	0.0469825454056263	1.0410320134920636	1.0075764923809525	0.0006241578947368421	0.004963622210526316	0.012265	190	0.010526315789473684	0.0
things	03	07	things	5	things	0.0660423892031062	0	0.0	38.13901931862347	2.1304794006599095	-0.013668704777956009	0.04720335826277733	1.041266200265957	1.0104070327127657	0.0006758730158730158	0.003869697248677249	0.00844726	189	0.0	0.0
things	03	07	things	6	things	0.07396427119234701	0	0.0	35.76359299616888	2.13008504329639	-0.013803434558212757	0.04765884578227997	1.0288401973936165	1.0028634719148934	0.0006703174603174605	0.004962574021164021	0.00958551	189	0.0	0.0
things	03	08	things	1	things	0.05696164363903833	0	0.0	36.51181415724568	2.129629474336948	-0.01719612069427967	0.048443373292684555	1.0754738158730162	1.017026381851852	0.0012494736842105266	0.005182400736842106	0.00726157	190	0.0	0.0
things	03	08	things	2	things	0.0545682763919914	0	0.0	38.13951380492654	2.1495630836131103	-0.01604010909795761	0.0485454797744751	1.0704666616402114	1.0112033268253968	0.0009151578947368423	0.004106359105263158	0.012375	190	0.0	0.0
things	03	08	things	3	things	0.04804191876554923	0	0.0	38.6207725899294	2.1602289994858688	-0.015765761956572533	0.04875749722123146	1.0617695139037435	0.998310425561497	0.0005206382978723404	0.00402127494680851	0.00837823	188	0.0	0.0
things	03	08	things	4	things	0.055125128886731475	0	0.0	39.115991577506065	2.157667924748531	-0.015826527029275894	0.04927849397063255	1.0660437621808507	1.0076195467553188	0.0005784656084656085	0.0038600558201058194	0.0089613	189	0.0	0.0
things	03	08	things	5	things	0.057415128165328275	0	0.0	39.621141670271754	2.155469956970439	-0.016185179352760315	0.049468934535980225	1.0698805804761904	1.0157704908994711	0.000634	0.0037302146842105263	0.00709419	190	0.0	0.0
things	03	08	things	6	things	0.052751460274852835	0	0.0	38.94739884790033	2.158260309709173	-0.016206875443458557	0.04950620234012604	1.0657162765079355	1.0159893494179895	0.0007467368421052631	0.003960063526315789	0.00813606	190	0.0	0.0
things	03	09	things	1	things	0.06798213456127453	0	0.0	38.687604328617454	2.12751605605686	-0.015934109687805176	0.04736276715993881	1.0550760385561497	1.0025840914438502	0.0005838297872340425	0.0038757801595744683	0.00607859	188	0.0	0.0
things	03	09	things	2	things	0.06428465750010738	0	0.0	39.51983845909126	2.133088696244922	-0.015804477035999298	0.04748489335179329	1.0697282951063838	1.0083781837765957	0.0005976719576719577	0.0036915599470899473	0.00627346	189	0.0	0.0
things	03	09	things	3	things	0.059969449415826236	2	1.0582010582010581	39.0863091526553	2.137297909861998	-0.01571425050497055	0.04768267646431923	1.066794792553192	1.010922326170213	0.0007945502645502645	0.0038000508994708994	0.00638675	189	0.010582010582010581	0.0
things	03	09	things	4	things	0.07373525951283084	0	0.0	38.45023390464485	2.142040370931384	-0.01612110435962677	0.048305463045835495	1.0584369253191495	1.0063690794148947	0.0005603174603174603	0.004010886984126984	0.00470793	189	0.0	0.0
things	03	09	things	5	things	0.06747291891287893	0	0.0	37.77623565180693	2.144280611222144	-0.016093632206320763	0.04794847592711449	1.0568036654497355	1.0063885874603178	0.0005317894736842105	0.004331609947368421	0.00771322	190	0.0	0.0
things	03	09	things	6	things	0.07245657400128863	0	0.0	38.452716544270515	2.1469916302638934	-0.016286464408040047	0.04810434207320213	1.0593183586243382	1.0130127573544976	0.0006158421052631579	0.004061377631578947	0.00895781	190	0.0	0.0
things	03	10	things	1	things	0.06555710881208784	0	0.0	36.32481332693715	2.0882912932811983	-0.01721208542585373	0.04688401147723198	1.0730436539037436	0.9953319494117644	0.0008083510638297872	0.0050219525	0.00455544	188	0.0	0.0
things	03	10	things	2	things	0.07563945882371231	2	1.0526315789473684	34.25291355443187	2.096201563683765	-0.016794737428426743	0.04685578495264053	1.0894704170899465	0.9994738477248677	0.0006064210526315789	0.006366350421052632	0.00900262	190	0.010526315789473684	0.0
things	03	10	things	3	things	0.059025217532733334	1	0.5319148936170213	39.27938377484679	2.091182024545771	-0.016385868191719055	0.04682687297463417	1.0789501794117646	0.9993039692513368	0.0005372872340425532	0.003954193882978723	0.00364824	188	0.005319148936170213	0.0
things	03	10	things	4	things	0.05559328963340857	0	0.0	35.77222472173162	2.09628954332927	-0.016051489859819412	0.046625856310129166	1.0619544035638306	0.9929926702659571	0.0005613227513227515	0.005420704814814815	0.00431126	189	0.0	0.0
things	03	10	things	5	things	0.07109398377291998	4	2.1164021164021163	36.13230099552311	2.0914748057273793	-0.016515880823135376	0.04832706227898598	1.0907640657446802	1.0100747704255322	0.0009461375661375661	0.00521058201058201	0.0146191	189	0.021164021164021163	0.0
things	03	10	things	6	things	0.06500329264777695	3	1.5789473684210527	36.87206469383091	2.08969762531689	-0.016830476000905037	0.04863413795828819	1.102435192804233	1.0299812572486777	0.001629	0.0048008528421052635	0.011152	190	0.015789473684210527	0.0
things	03	11	things	1	things	0.05187007198965636	0	0.0	37.68819914502092	2.1254434657738654	-0.01699269935488701	0.04798398166894913	1.074403412340425	0.9981246038297872	0.0005400529100529102	0.00453062962962963	0.00461844	189	0.0	0.0
things	03	11	things	2	things	0.05884104894874105	0	0.0	39.11296131252311	2.1209559149650863	-0.016659382730722427	0.04801735281944275	1.1076095321808512	1.0069213406382984	0.000644021164021164	0.004089743333333333	0.00437901	189	0.0	0.0
things	03	11	things	3	things	0.05932297477722618	0	0.0	38.03342319151852	2.129551766981059	-0.016653036698698997	0.04852210357785225	1.1242100280423284	1.0143003688359784	0.0008195263157894736	0.004459698631578947	0.00624354	190	0.0	0.0
things	03	11	things	4	things	0.05968300502034511	2	1.0582010582010581	37.398895560763776	2.128373114250689	-0.01671603135764599	0.04884013161063194	1.0985330560638296	1.0078415254787239	0.0008112169312169312	0.004701794391534391	0.00787796	189	0.010582010582010581	0.0
things	03	11	things	5	things	0.0661894345892417	0	0.0	35.70183091587387	2.1232253994061754	-0.017165252938866615	0.04927878826856613	1.0906975131746026	0.9982011558730152	0.0005672105263157895	0.005390801210526315	0.00867398	190	0.0	0.0
things	03	11	things	6	things	0.057558575013877795	1	0.5291005291005291	38.49720384296961	2.1241176193737297	-0.017525793984532356	0.04990820214152336	1.1036414592021275	1.01039947430851	0.0010308465608465608	0.004228855291005291	0.00535859	189	0.005291005291005291	0.0
things	03	12	things	1	things	0.05070384477089573	0	0.0	39.00102169823367	2.1098311533036638	-0.017445217818021774	0.04787295684218407	1.137567550054348	1.0008840729891304	0.0005989189189189189	0.004468092378378378	0.00346825	185	0.0	0.0
things	03	12	things	2	things	0.059278005400820497	0	0.0	38.68622072786093	2.1152776865250114	-0.016887668520212173	0.047507043927907944	1.177788307301587	1.0180276619047621	0.0009646842105263155	0.004630555526315789	0.00642751	190	0.0	0.0
things	03	12	things	3	things	0.04992749007957777	0	0.0	38.85600755433552	2.1156417156392067	-0.017092350870370865	0.047954265028238297	1.1518841417553192	1.0025181848404257	0.0006038095238095239	0.004623048465608465	0.00778037	189	0.0	0.0
things	03	12	things	4	things	0.05593010101931146	1	0.5263157894736842	38.965721340849996	2.1175788267632547	-0.017029881477355957	0.04762198030948639	1.1712558634391537	1.0183256306878308	0.0010292631578947367	0.004545211368421053	0.00736318	190	0.005263157894736842	0.0
things	03	12	things	5	things	0.04622181810001517	0	0.0	38.90196939604357	2.122046761520419	-0.017396818846464157	0.04834288731217384	1.1517987273404247	1.0020660018085104	0.0005129100529100529	0.004498650423280424	0.00582394	189	0.0	0.0
things	03	12	things	6	things	0.055022121526560525	0	0.0	37.895198522368446	2.1229047797156744	-0.017543938010931015	0.04887602850794792	1.1464711984042555	1.0049376382446802	0.0006227513227513228	0.004843971164021164	0.00575643	189	0.0	0.0
things	03	13	things	1	things	0.06679744923157122	0	0.0	38.08097228500992	2.128856155436777	-0.016307201236486435	0.045027006417512894	1.053958125614974	1.0012322363636372	0.0007534042553191489	0.004064255159574468	0.00688395	188	0.0	0.0
things	03	13	things	2	things	0.06599511748772383	0	0.0	37.53750610910356	2.136223385707615	-0.01568177528679371	0.044649578630924225	1.0565698412765963	1.004540732446808	0.0005558201058201059	0.004289587195767196	0.00593771	189	0.0	0.0
things	03	13	things	3	things	0.06012184229892179	0	0.0	37.17497583664954	2.1349513964232094	-0.015439226292073727	0.04541931301355362	1.062323127127659	1.023665273244682	0.0017032804232804235	0.004385343174603175	0.0108749	189	0.0	0.0
things	03	13	things	4	things	0.0693662507877699	3	1.5789473684210527	35.874855970963836	2.1332482656019884	-0.015480903908610344	0.046304259449243546	1.0360105001587299	1.005529748359788	0.0006954736842105264	0.005131084631578947	0.0128946	190	0.015789473684210527	0.0
things	03	13	things	5	things	0.06785408463501155	0	0.0	36.71153073280584	2.1320216319871546	-0.015779046341776848	0.046165063977241516	1.050782594656085	1.0055453585714287	0.0005246315789473684	0.004630366315789473	0.0121346	190	0.0	0.0
things	03	13	things	6	things	0.05951274936711102	0	0.0	39.112711334601045	2.1283671151262618	-0.015842819586396217	0.046226002275943756	1.04671705315508	1.0026783530481285	0.0005750531914893617	0.0036770181914893623	0.00325076	188	0.0	0.0
things	03	14	things	1	things	0.058259224761405874	0	0.0	37.422740617766976	2.0973634236317538	-0.01517549529671669	0.04730251058936119	1.1143569287301582	1.0103179591005287	0.0006111052631578948	0.004586004315789474	0.0094177	190	0.0	0.0
things	03	14	things	2	things	0.06025884876156128	0	0.0	34.88783047138713	2.108607165490359	-0.01496423501521349	0.04740751162171364	1.0920167285714295	1.0021004523280423	0.0006034736842105263	0.005968637368421052	0.01249	190	0.0	0.0
things	03	14	things	3	things	0.06634236427440232	0	0.0	36.0677985928487	2.106965896158843	-0.015398847870528698	0.04934840649366379	1.0764670134042553	0.9971851456382977	0.0005203703703703704	0.005259957037037037	0.0119137	189	0.0	0.0
things	03	14	things	4	things	0.0623005137708288	3	1.5789473684210527	34.378199932398275	2.107876423044367	-0.015203345566987991	0.04900842159986496	1.087114753915344	1.0062660901587301	0.00079	0.006100617157894736	0.0140038	190	0.015789473684210527	0.0
things	03	14	things	5	things	0.05754007156477863	1	0.5263157894736842	37.207302960567176	2.1083133779689414	-0.015039936639368534	0.04854041710495949	1.081943778148148	1.013593371428571	0.0008066315789473685	0.004472911526315789	0.00927106	190	0.005263157894736842	0.0
things	03	14	things	6	things	0.0633183269548868	1	0.5263157894736842	37.181336572626606	2.1127772902195656	-0.015552534721791744	0.04955485835671425	1.075764602433863	1.018639425185185	0.0009566842105263157	0.004575428105263158	0.0139846	190	0.005263157894736842	0.0
things	03	15	things	1	things	0.06656816984677015	1	0.5291005291005291	37.47313381638378	2.115902524574669	-0.01426009926944971	0.04577884078025818	1.037385513776596	1.0109949904787237	0.0007561904761904762	0.004095933386243386	0.00709205	189	0.005291005291005291	0.0
things	03	15	things	2	things	0.06620732559813641	2	1.0526315789473684	36.55409667373169	2.1231057220370464	-0.013980557210743427	0.045262470841407776	1.0354391131216936	1.0119640282539681	0.0008997368421052631	0.00461602347368421	0.00489308	190	0.010526315789473684	0.0
things	03	15	things	3	things	0.060251403651377454	0	0.0	38.424536196747795	2.1257347026527245	-0.01438845880329609	0.0465536043047905	1.0325651476595736	1.0094892368617026	0.0007867195767195768	0.003883132380952381	0.00844089	189	0.0	0.0
things	03	15	things	4	things	0.062226823758727304	3	1.5789473684210527	37.3078077735845	2.1260601559496206	-0.014314316213130951	0.04666728153824806	1.0427962297883597	1.0188474890476196	0.0008371052631578949	0.004236131736842105	0.0134794	190	0.015789473684210527	0.0
things	03	15	things	5	things	0.05674150599735185	0	0.0	37.73613576730713	2.1245314366981294	-0.014122677966952324	0.04565410315990448	1.028133209468085	1.0071693914361708	0.0006364021164021163	0.0040691847619047615	0.00886333	189	0.0	0.0
things	03	15	things	6	things	0.0615340239842825	2	1.0526315789473684	36.63646089937538	2.1252298943768104	-0.013942285440862179	0.045256420969963074	1.0752062006878307	1.0566164117989418	0.003641263157894737	0.0045221329473684214	0.0104593	190	0.010526315789473684	0.0
things	03	16	things	1	things	0.05811761984488916	1	0.5291005291005291	35.72084407508373	2.0992777576408503	-0.014052136801183224	0.04359537363052368	1.0592934089893615	1.0056351760106383	0.0012772486772486772	0.005291868994708995	0.00783401	189	0.005291005291005291	0.0
things	03	16	things	2	things	0.057078659566070174	0	0.0	38.453136563068256	2.1020254127548936	-0.013964197598397732	0.044416047632694244	1.0779671530687838	1.0146571332804237	0.0007072105263157895	0.0040557365263157895	0.00832783	190	0.0	0.0
things	03	16	things	3	things	0.05426565564217179	0	0.0	35.94357234571362	2.100864012315693	-0.014532087370753288	0.045393671840429306	1.0562307551851848	0.9993357305291007	0.0005534736842105263	0.005018641421052632	0.00611382	190	0.0	0.0
things	03	16	things	4	things	0.055641382125279006	0	0.0	35.35221814690158	2.1071905858108653	-0.01450930442661047	0.0456232950091362	1.0674698613227511	1.002121025873016	0.0006257894736842105	0.005451928842105263	0.00629551	190	0.0	0.0
things	03	16	things	5	things	0.060099446454505635	1	0.5263157894736842	34.18694166094065	2.1166543009945156	-0.01415934693068266	0.04518324136734009	1.0537417624338623	0.9995338047619057	0.0006855263157894737	0.006137840947368421	0.00826773	190	0.005263157894736842	0.0
things	03	16	things	6	things	0.06099122100234003	1	0.5263157894736842	36.25593636534177	2.1180322631431787	-0.014051176607608795	0.045337073504924774	1.0501890716402118	1.0039037535449737	0.0005653684210526317	0.004864921789473684	0.00867841	190	0.005263157894736842	0.0
things	03	17	things	1	things	0.07560807804562095	3	1.5873015873015872	34.78306156559847	2.115057858771476	-0.012892531231045723	0.03968523070216179	1.0184609945212757	0.9933436839893616	0.0006949735449735451	0.005724142804232804	0.00281109	189	0.015873015873015872	0.0
things	03	17	things	2	things	0.0688542513605564	0	0.0	37.257771901320666	2.119343791496353	-0.012414665892720222	0.0399070605635643	1.0333709764171124	0.9989368885561494	0.0006677127659574467	0.004459319893617021	0.00423514	188	0.0	0.0
things	03	17	things	3	things	0.0602310673973243	0	0.0	37.837720080278814	2.123544110411042	-0.012071270495653152	0.03982004150748253	1.0349021398404255	1.0078215475531913	0.0006468253968253968	0.00409222597883598	0.00365443	189	0.0	0.0
things	03	17	things	4	things	0.06230810830397587	0	0.0	38.48519860743545	2.118821547814042	-0.012129177339375019	0.04034332558512688	1.041752359042553	1.0100204692021275	0.0007584656084656084	0.003931043439153439	0.00480673	189	0.0	0.0
things	03	17	things	5	things	0.06241766764767921	0	0.0	37.26680296019185	2.1209735634572366	-0.012356722727417946	0.04097731411457062	1.0342133218518512	1.0080681314285713	0.0005704736842105263	0.0043092528947368414	0.00590304	190	0.0	0.0
things	03	17	things	6	things	0.06397265809377883	0	0.0	36.439876810181886	2.120429447046983	-0.012341327965259552	0.04142150282859802	1.0215284730319145	0.9994219819148936	0.0005291534391534392	0.004658241111111111	0.00541355	189	0.0	0.0
things	03	18	things	1	things	0.05247819799824876	0	0.0	38.5098624965176	2.109652433719682	-0.013810209929943085	0.04330139234662056	1.0665627667724868	1.0138433992592588	0.0007804210526315789	0.004136724421052632	0.00878284	190	0.0	0.0
things	03	18	things	2	things	0.0472631111773569	0	0.0	39.09743993449956	2.1105736153633443	-0.013428841717541218	0.04344005882740021	1.0941552967724861	1.012284426613757	0.0006377894736842106	0.003960589894736842	0.00571286	190	0.0	0.0
things	03	18	things	3	things	0.05154677488802448	1	0.5291005291005291	38.19560362678021	2.1146710356021456	-0.013254872523248196	0.04397527128458023	1.0822938900000003	1.0042047279787236	0.0006473544973544973	0.004203214497354497	0.00602403	189	0.005291005291005291	0.0
things	03	18	things	4	things	0.05302488467944618	2	1.0526315789473684	36.94498169032158	2.1169144455514077	-0.013526028022170067	0.04454711079597473	1.0827443622751325	1.0152952037037033	0.0009573684210526316	0.00467601047368421	0.00863437	190	0.010526315789473684	0.0
things	03	18	things	5	things	0.05836996518233744	2	1.0526315789473684	34.56311782600824	2.123434633563871	-0.013383083045482635	0.04390720650553703	1.0535145322222221	0.9913947313227519	0.000599842105263158	0.006123648789473684	0.0061205	190	0.010526315789473684	0.0
things	03	18	things	6	things	0.05706893533914965	1	0.5291005291005291	34.54596605245024	2.1122908252788006	-0.014118238352239132	0.04446859285235405	1.066897297340426	1.0035581376063833	0.001018201058201058	0.005826078941798941	0.00364358	189	0.005291005291005291	0.0
things	03	19	things	1	things	0.0595145167799604	1	0.5263157894736842	36.662765176035464	2.127937823490464	-0.012791638262569904	0.04139652103185654	1.0520776255026454	1.0049125421164025	0.0008200526315789474	0.004899898789473684	0.00513832	190	0.005263157894736842	0.0
things	03	19	things	2	things	0.06401550120923592	1	0.5263157894736842	36.564808377763256	2.1432624949705548	-0.012593097984790802	0.04214705154299736	1.0551666701058202	1.0068400883068784	0.000678	0.00489007394736842	0.0084085	190	0.005263157894736842	0.0
things	03	19	things	3	things	0.06355949604154704	2	1.0526315789473684	36.23394545225892	2.1451446510410053	-0.012732391245663166	0.04381178319454193	1.0608103732804244	1.0165024270899474	0.0013267368421052634	0.005083613105263158	0.00459235	190	0.010526315789473684	0.0
things	03	19	things	4	things	0.05976834250859414	1	0.5263157894736842	37.269817530177534	2.1431406087147655	-0.01273301336914301	0.04356904700398445	1.0675886607407417	1.014172857883598	0.000854157894736842	0.004633036210526315	0.0130047	190	0.005263157894736842	0.0
things	03	19	things	5	things	0.06143456608542344	2	1.0526315789473684	37.84424096014118	2.142634212965422	-0.012720319442451	0.043585196137428284	1.079573685396825	1.022637828412699	0.001042	0.004418494789473685	0.00925198	190	0.010526315789473684	0.0
things	03	19	things	6	things	0.05972678335958614	1	0.5291005291005291	39.04402996599674	2.14228010127827	-0.0129015501588583	0.04391196370124817	1.0573125424468088	1.0104524559042558	0.0008169841269841271	0.0038444724338624336	0.00620065	189	0.005291005291005291	0.0
things	03	20	things	1	things	0.06554567245435723	3	1.5873015873015872	36.351604282390326	2.137982659147314	-0.015821227803826332	0.05070270597934723	1.0688887195212764	0.9945384040957451	0.0005557142857142857	0.004897328730158729	0.00603364	189	0.015873015873015872	0.0
things	03	20	things	2	things	0.0698764205994549	0	0.0	35.389505602186546	2.1508185202794166	-0.015190805308520794	0.04968986660242081	1.081271137659575	1.001073812021277	0.0008897354497354497	0.0054110583068783065	0.00632179	189	0.0	0.0
things	03	20	things	3	things	0.06984812954352304	3	1.5789473684210527	33.12841809238307	2.161699245349474	-0.015543777495622635	0.05079114809632301	1.0753888374603175	0.9993925532804233	0.001294	0.007172834947368422	0.0113705	190	0.015789473684210527	0.005263157894736842
things	03	20	things	4	things	0.07178193331248861	1	0.5263157894736842	34.86029359314125	2.161140692574402	-0.01507804449647665	0.05008738115429878	1.064945551269841	1.0018081355555555	0.0007341052631578949	0.005778097526315791	0.00737152	190	0.005263157894736842	0.0
things	03	20	things	5	things	0.08544822637701889	4	2.1052631578947367	33.16539579629898	2.1551565027966277	-0.015234066173434258	0.049481458961963654	1.1171368986243384	1.0561961103174597	0.00649621052631579	0.007137853052631579	0.00718248	190	0.021052631578947368	0.005263157894736842
things	03	20	things	6	things	0.06849631485672367	4	2.127659574468085	36.22258531069383	2.1542226037535297	-0.015259264037013054	0.049621548503637314	1.1090346471122994	1.0405798480213906	0.00405468085106383	0.005201211595744682	0.00841543	188	0.02127659574468085	0.0
things	03	21	things	1	things	0.05238837898318457	0	0.0	38.276789931580424	2.1122204381486105	-0.013753668405115604	0.042896293103694916	1.045787497659574	1.0039719488829784	0.0005942328042328041	0.004012748042328042	0.00419834	189	0.0	0.0
things	03	21	things	2	things	0.06200867431132381	0	0.0	37.8579525523819	2.1191318181666863	-0.013125699944794178	0.04298645257949829	1.0550928072340424	1.002998631117021	0.0005245502645502645	0.004218022645502645	0.0114916	189	0.0	0.0
things	03	21	things	3	things	0.054973377233908396	1	0.5291005291005291	38.44357316149399	2.1171765758465484	-0.012797629460692406	0.04297554865479469	1.0605067050531918	1.00684497643617	0.0005907407407407407	0.003911804021164021	0.00519838	189	0.005291005291005291	0.0
things	03	21	things	4	things	0.05841219338192344	0	0.0	33.856407152256	2.127028357648713	-0.012670937925577164	0.04280867427587509	1.0142065935106381	0.977132819414894	0.0004109523809523809	0.006603746402116401	0.00358728	189	0.0	0.0
things	03	21	things	5	things	0.061388953127331315	0	0.0	38.04601376503706	2.1216014625093615	-0.012562512420117855	0.04321863502264023	1.0530313147619048	1.0097124507936508	0.0005655263157894737	0.003999914315789475	0.00476895	190	0.0	0.0
things	03	21	things	6	things	0.0630669270128869	0	0.0	38.16316998866387	2.1217293581014234	-0.012671098113059998	0.04340977594256401	1.0483062860638301	1.0106020926063832	0.0006795767195767196	0.0039540679365079375	0.00727686	189	0.0	0.0
things	03	22	things	1	things	0.05087497713337322	2	1.0582010582010581	36.96606736513786	2.155805725009813	-0.014908152632415295	0.04583313316106796	1.038861509148936	1.0090376125	0.0013694179894179893	0.004543234391534391	0.00495549	189	0.010582010582010581	0.0
things	03	22	things	2	things	0.054834497216357775	1	0.5263157894736842	33.35308145079762	2.1700331227315974	-0.015224733389914036	0.0467415414750576	0.9871215798412704	0.9770637926984134	0.0004326315789473684	0.007359916947368422	0.00532094	190	0.005263157894736842	0.0
things	03	22	things	3	things	0.06256406206574264	0	0.0	36.719470524578355	2.1679412116168186	-0.014796736650168896	0.047165777534246445	1.0314759337037027	1.004530577883598	0.0005387894736842106	0.004855222578947368	0.00725579	190	0.0	0.0
things	03	22	things	4	things	0.06720378070351708	4	2.1052631578947367	36.89199563115835	2.1686451120695494	-0.01450781524181366	0.046426426619291306	1.0526462940740744	1.0183076289947095	0.0014714736842105264	0.004729086368421053	0.00589984	190	0.021052631578947368	0.005263157894736842
things	03	22	things	5	things	0.05817160920204153	1	0.5263157894736842	37.07203720114194	2.1691368994140316	-0.01426280289888382	0.04555604234337807	1.0551865097354491	1.0237182273544971	0.0011035263157894739	0.004597220684210527	0.00740738	190	0.005263157894736842	0.0
things	03	22	things	6	things	0.06562799944907312	1	0.5263157894736842	37.63292347663082	2.174935126184813	-0.014214529655873775	0.045842159539461136	1.0419370022222227	1.0137483139682537	0.001043842105263158	0.004384630842105264	0.0170759	190	0.005263157894736842	0.0
things	03	23	things	1	things	0.0670020795435592	0	0.0	37.811246786266565	2.1100841682950553	-0.01611211523413658	0.047930847853422165	1.0916354325531914	1.00241129319149	0.0007961904761904762	0.00449811455026455	0.00292869	189	0.0	0.0
things	03	23	things	2	things	0.05760856772407283	0	0.0	37.79024347662926	2.11539918522777	-0.015963714569807053	0.04774344712495804	1.0996980719576726	1.010863501375662	0.0006077894736842105	0.004415294	0.00752663	190	0.0	0.0
things	03	23	things	3	things	0.06361373216879135	0	0.0	37.19672645267565	2.1154144792399703	-0.01569925621151924	0.048688240349292755	1.1040413483597882	1.0122800933862435	0.0006508421052631579	0.004673508157894737	0.00930164	190	0.0	0.0
things	03	23	things	4	things	0.06210907340813402	0	0.0	38.122389641124755	2.116268836683658	-0.01571374014019966	0.049009304493665695	1.1095199803703706	1.0110608110052908	0.0006159473684210527	0.004376480315789474	0.0085111	190	0.0	0.0
things	03	23	things	5	things	0.05993204880690949	0	0.0	38.55291716940701	2.118984626167026	-0.016038263216614723	0.05028635263442993	1.119265291640212	1.0126570599470897	0.000628421052631579	0.004282225000000001	0.00784171	190	0.0	0.0
things	03	23	things	6	things	0.06115620970220465	0	0.0	38.3468043229077	2.117115816216011	-0.01592477411031723	0.04935598745942116	1.10688222143617	1.0035722287765951	0.0005316402116402118	0.004184395132275131	0.00498824	189	0.0	0.0
things	03	24	things	1	things	0.06465630309228773	0	0.0	37.88167123030871	2.115271511199686	-0.016530415043234825	0.04788704961538315	1.0672619157978724	1.0020636930319153	0.00046021164021164024	0.003964202328042328	0.00428609	189	0.0	0.0
things	03	24	things	2	things	0.06417227969502116	0	0.0	38.38416003808379	2.123681355437487	-0.016334058716893196	0.0478854775428772	1.0853791294708997	1.0139884099470897	0.0006493684210526316	0.003863895210526316	0.00494112	190	0.0	0.0
things	03	24	things	3	things	0.06573682372049645	0	0.0	37.86827901145443	2.1277967394964916	-0.016338039189577103	0.04776948317885399	1.081497044126984	1.0110460166666664	0.0005917894736842106	0.004044618368421053	0.00517339	190	0.0	0.0
things	03	24	things	4	things	0.06670261846471122	0	0.0	38.34795855113771	2.130836696618555	-0.016326449811458588	0.04775465652346611	1.092008077671958	1.0166105256084663	0.0007505263157894737	0.00394161	0.0111121	190	0.0	0.0
things	03	24	things	5	things	0.06213416358944692	0	0.0	38.14765722909942	2.1316855746655325	-0.01674375869333744	0.048298779875040054	1.0845025429100525	1.013633989788361	0.0006557368421052632	0.0040072621578947365	0.00907248	190	0.0	0.0
things	03	24	things	6	things	0.062070241705616806	0	0.0	38.11912889103405	2.1300724651083454	-0.017056889832019806	0.048098161816596985	1.0768507544680856	1.0071472668085104	0.00059989417989418	0.0040459981481481486	0.00543976	189	0.0	0.0
things	03	25	things	1	things	0.059365397255341866	0	0.0	36.39235823065974	2.122685301690398	-0.014799856580793858	0.046759624034166336	1.053298652910053	1.0122134584126992	0.0009983157894736844	0.0049784500526315785	0.00713598	190	0.0	0.0
things	03	25	things	2	things	0.056620712529556944	1	0.5319148936170213	37.805702389450744	2.1378380998808924	-0.01448225136846304	0.04698362946510315	1.0367407765240642	1.0026409964705882	0.0006513829787234041	0.004055144308510638	0.00789496	188	0.005319148936170213	0.0
things	03	25	things	3	things	0.05275403650148463	1	0.5263157894736842	34.926843595923856	2.1407987920327054	-0.014335771091282368	0.04690895229578018	1.028215425661376	1.0002708646031744	0.0005442631578947368	0.005577721631578948	0.0071117	190	0.005263157894736842	0.0
things	03	25	things	4	things	0.05986755417157215	3	1.5789473684210527	34.60558975790627	2.140467889843153	-0.014343580231070518	0.047578442841768265	1.0215869030158728	0.9994123034391535	0.001303421052631579	0.005892643421052633	0.00533178	190	0.015789473684210527	0.0
things	03	25	things	5	things	0.04548605416812654	0	0.0	37.93179510743357	2.142729204944654	-0.014754501171410084	0.0482211597263813	1.0419988371957671	1.0138205984656083	0.0006402631578947367	0.003976079368421053	0.00705587	190	0.0	0.0
things	03	25	things	6	things	0.060602554454382486	0	0.0	37.55138448206708	2.1362355009390197	-0.014560267329216003	0.04795011505484581	1.0430789248148142	1.0149077176190475	0.0008456315789473685	0.004130546947368421	0.00787385	190	0.0	0.0
things	03	26	things	1	things	0.05721347282687783	0	0.0	39.059044174384326	2.0935562093157776	-0.01678471453487873	0.048259612172842026	1.063771598763441	1.005438489892473	0.0005068983957219252	0.003787457219251337	0.00330284	187	0.0	0.0
things	03	26	things	2	things	0.058579842297566735	0	0.0	38.1139387562871	2.1021701810753646	-0.016703588888049126	0.04846283420920372	1.0578279784491982	0.9974216663636366	0.0005375	0.004204881329787235	0.00794686	188	0.0	0.0
things	03	26	things	3	things	0.058779633013047665	0	0.0	37.782776074367575	2.105657166721411	-0.016705019399523735	0.04888370633125305	1.0746431340211637	1.0099133864021161	0.0005820526315789475	0.004245188736842105	0.00750457	190	0.0	0.0
things	03	26	things	4	things	0.06601941968271226	0	0.0	38.21592804975808	2.108518069992553	-0.017144611105322838	0.049527984112501144	1.0792725822340425	1.0113502165425534	0.000787089947089947	0.004084713386243387	0.00619102	189	0.0	0.0
things	03	26	things	5	things	0.053230650376897504	0	0.0	38.279342679306865	2.111295484221371	-0.01691698096692562	0.04916872829198837	1.0778224084126986	1.009738524391534	0.0005724736842105262	0.004004274052631578	0.00756911	190	0.0	0.0
things	03	26	things	6	things	0.05712355126499513	0	0.0	38.510162566555664	2.1108865834516095	-0.017293687909841537	0.049786362797021866	1.0686297055851062	1.0094377043617018	0.0007258730158730157	0.003915064391534391	0.0066857	189	0.0	0.0
things	03	27	things	1	things	0.07349213425280189	0	0.0	37.70356980152428	2.123730088784192	-0.016490163281559944	0.0469658263027668	1.0849012038624333	1.0169365395767194	0.0007991578947368421	0.004223507684210526	0.0104471	190	0.0	0.0
things	03	27	things	2	things	0.06317389770723172	0	0.0	38.587433798238635	2.1263161982133676	-0.01638627238571644	0.04722703620791435	1.0712526167021275	1.0080844208510638	0.0008145502645502645	0.004002454603174603	0.00542519	189	0.0	0.0
things	03	27	things	3	things	0.06075400465801403	0	0.0	38.743050958029926	2.1313768171764584	-0.016313649713993073	0.0476851686835289	1.0638539354787233	1.0046701561702132	0.0005205291005291006	0.003958198677248677	0.00483827	189	0.0	0.0
things	03	27	things	4	things	0.07265324419115554	0	0.0	38.10957635007799	2.132761892746766	-0.01642136462032795	0.048138298094272614	1.0857840419047622	1.0178565585714285	0.0008620526315789473	0.0041767787368421055	0.00668021	190	0.0	0.0
things	03	27	things	5	things	0.07162309894830368	0	0.0	37.92366617359221	2.1363169680643384	-0.016360875219106674	0.04770081862807274	1.0633988066666662	1.0112525526984122	0.0005576315789473684	0.004117146368421053	0.00700656	190	0.0	0.0
things	03	27	things	6	things	0.07014108844604007	0	0.0	38.264188677072525	2.134140415810635	-0.01624246872961521	0.04758177325129509	1.0663004921164019	1.0142366037566135	0.000606578947368421	0.0040184615789473676	0.0104409	190	0.0	0.0
things	03	28	things	1	things	0.055819784319807594	0	0.0	38.887519895331934	2.102093121154715	-0.017070503905415535	0.049135033041238785	1.0936525838829794	1.0062431761170216	0.0005737566137566137	0.0039041319576719586	0.00451028	189	0.0	0.0
things	03	28	things	2	things	0.060786972038084405	0	0.0	37.4683087982703	2.104324688540928	-0.01673848368227482	0.04900386929512024	1.0928894612698412	1.0053305205291	0.0005341052631578948	0.004339972578947369	0.00485819	190	0.0	0.0
things	03	28	things	3	things	0.05365179623305073	0	0.0	37.79609548021108	2.109295859011735	-0.016781717538833618	0.049234386533498764	1.089185560797872	1.0055841168085107	0.000572063492063492	0.004278414074074074	0.00713982	189	0.0	0.0
things	03	28	things	4	things	0.06354510213188302	0	0.0	38.502469905652106	2.111149563026859	-0.017010295763611794	0.050087857991456985	1.0867911743617023	1.004449962553192	0.000508042328042328	0.004045147936507936	0.00585903	189	0.0	0.0
things	03	28	things	5	things	0.05524856638607221	1	0.5263157894736842	37.6541008008644	2.1172637936067615	-0.017326975241303444	0.05138104408979416	1.089979571322752	1.008396426349207	0.0005427368421052632	0.004356963631578948	0.00706964	190	0.005263157894736842	0.0
things	03	28	things	6	things	0.053256441839616905	0	0.0	38.527095147874206	2.1159363096691988	-0.0176132470369339	0.05187341198325157	1.0955052137566146	1.0122237320634921	0.0005718421052631579	0.003957460947368421	0.00661027	190	0.0	0.0
things	03	29	things	1	things	0.063642782378344	0	0.0	38.61140843643807	2.113154562758324	-0.016611475497484207	0.04992757737636566	1.0529123373015872	1.0157682283597889	0.0007363684210526315	0.003913314789473684	0.0104951	190	0.0	0.0
things	03	29	things	2	things	0.07959700981723351	0	0.0	37.35069072456099	2.1237297711743603	-0.01655065268278122	0.0498453825712204	1.0450529427127657	1.0050559778191486	0.0005822751322751323	0.0043270297883597885	0.00786048	189	0.0	0.0
things	03	29	things	3	things	0.05564102768553733	0	0.0	37.26498886430636	2.124149327698849	-0.016354531049728394	0.0497124083340168	1.0511718586702123	1.0118800823936165	0.0009857671957671957	0.004366564656084656	0.00549726	189	0.0	0.0
things	03	29	things	4	things	0.051851693438820526	0	0.0	37.37751977983862	2.124319400087532	-0.016754811629652977	0.050220031291246414	1.0396667326203208	0.9971759039037436	0.0005497872340425532	0.004420675904255319	0.00683685	188	0.0	0.0
things	03	29	things	5	things	0.06850486208180229	1	0.5263157894736842	34.34050076175481	2.1226852364299535	-0.016855165362358093	0.050873786211013794	1.0351636199470895	0.9972180598941799	0.0006105263157894737	0.005999260736842107	0.00798677	190	0.005263157894736842	0.0
things	03	29	things	6	things	0.06054138699298164	0	0.0	37.39648536592722	2.1205601842565733	-0.017017735168337822	0.051069919019937515	1.0575198496808509	1.0070929015957444	0.0007146560846560846	0.004444984973544974	0.00652832	189	0.0	0.0
things	03	30	things	1	things	0.05820195983945949	0	0.0	38.20233231410384	2.1216039562550693	-0.01704072579741478	0.049728717654943466	1.0334644476190482	1.0148843139682542	0.0008146842105263157	0.003999136421052632	0.0058844	190	0.0	0.0
things	03	30	things	2	things	0.06500670870776794	0	0.0	38.95280652097426	2.1259514069613075	-0.01709013059735298	0.049859508872032166	1.032151699308511	1.0077250398936175	0.0005755026455026455	0.00386724164021164	0.0053889	189	0.0	0.0
things	03	30	things	3	things	0.06004810802164186	0	0.0	38.29556652344763	2.1301366147877427	-0.017099197953939438	0.05030352994799614	1.0424940389947086	1.0130799474603176	0.0007281052631578948	0.004187418684210527	0.00545587	190	0.0	0.0
things	03	30	things	4	things	0.051258736171499925	0	0.0	38.44423758331686	2.133789309739214	-0.017145762220025063	0.050175607204437256	1.0408094575531914	1.0120453970212762	0.0008571957671957671	0.004059182222222222	0.00679552	189	0.0	0.0
things	03	30	things	5	things	0.06750511964446129	1	0.5291005291005291	38.37483507837169	2.131385543587548	-0.01739281602203846	0.05033441632986069	1.0355162781914893	1.0060125928191495	0.000596931216931217	0.004100296560846561	0.00619822	189	0.005291005291005291	0.0
things	03	30	things	6	things	0.06358808117927464	0	0.0	38.56735956668854	2.130487701038086	-0.017628464847803116	0.05052409693598747	1.0381198196808517	1.0098284650531917	0.0007428042328042329	0.004116492962962962	0.00656214	189	0.0	0.0
things	03	31	things	1	things	0.06981243679213768	0	0.0	37.08157025347464	2.089866681051112	-0.01798556186258793	0.05006822571158409	1.032974723978495	1.003112329731183	0.0005031550802139037	0.00425288026737968	0.00723076	187	0.0	0.0
things	03	31	things	2	things	0.0627328139610098	1	0.5291005291005291	36.871980698313564	2.0943116484035853	-0.01779280975461006	0.049461185932159424	1.0534324621808506	1.008052933297873	0.0007998412698412698	0.004473031904761905	0.00488474	189	0.005291005291005291	0.0
things	03	31	things	3	things	0.07647463674990283	0	0.0	37.25448160804808	2.1009439490623625	-0.017582949250936508	0.048869140446186066	1.0519034660962565	0.9974406665775403	0.0005087234042553192	0.004227191063829788	0.0081261	188	0.0	0.0
things	03	31	things	4	things	0.07376300355414504	0	0.0	36.5674201878719	2.0996237899495096	-0.017612608149647713	0.04912786930799484	1.052955492659575	1.002827381010638	0.000526084656084656	0.004469425714285715	0.00515274	189	0.0	0.0
things	03	31	things	5	things	0.0753447693011652	0	0.0	37.092260358156636	2.1003509428902873	-0.017623882740736008	0.04964953660964966	1.0549428222340427	1.0065005340425537	0.0005981481481481481	0.0042443555555555556	0.00627368	189	0.0	0.0
things	03	31	things	6	things	0.07935184169516107	0	0.0	36.96720213443041	2.103980827008309	-0.017683006823062897	0.04984236881136894	1.0525923626063824	1.0062290640425529	0.0005362962962962963	0.004282074973544973	0.00533107	189	0.0	0.0
things	03	32	things	1	things	0.07745844729082696	0	0.0	37.38995627127588	2.1012317333131856	-0.015156473033130169	0.044665295630693436	1.0640583612234051	1.0037457968085106	0.0006821164021164021	0.004236979470899471	0.00491643	189	0.0	0.0
things	03	32	things	2	things	0.05830354052646239	0	0.0	38.112499807728454	2.102983800652371	-0.014996846206486225	0.04501603916287422	1.0550650480213901	0.9999079210695194	0.0006087234042553192	0.0040813671276595746	0.00650897	188	0.0	0.0
things	03	32	things	3	things	0.051568308397722286	0	0.0	38.52065489254892	2.098993943343374	-0.015128782950341702	0.04539692774415016	1.072831484255319	1.0097849680319149	0.0008115343915343914	0.004015980793650793	0.00361841	189	0.0	0.0
things	03	32	things	4	things	0.05796288296853175	0	0.0	38.47867228090763	2.100522562896393	-0.015250641852617264	0.044810306280851364	1.0757045355026458	1.012555276613756	0.0006873157894736843	0.004007086052631579	0.00637312	190	0.0	0.0
things	03	32	things	5	things	0.06166949016297604	0	0.0	37.51269091910217	2.103285806504379	-0.01585640013217926	0.0463712215423584	1.0710578186243387	1.0071004504761911	0.000559	0.004372903526315789	0.00728792	190	0.0	0.0
things	03	32	things	6	things	0.06445193588695568	0	0.0	37.73859696055297	2.1040361204352105	-0.015912780538201332	0.04638130962848663	1.067321296276596	1.0038523518617024	0.0005343386243386244	0.004197533174603175	0.0114519	189	0.0	0.0
things	03	33	things	1	things	0.07000142584893478	0	0.0	37.32084228540771	2.120954714406591	-0.016202887520194054	0.04723386839032173	1.0567158888829784	0.9967677001595743	0.0005000529100529102	0.004409078412698413	0.00414631	189	0.0	0.0
things	03	33	things	2	things	0.05974872973490563	0	0.0	33.85693359118886	2.1325335684645728	-0.016026455909013748	0.04756266996264458	1.0286340728042336	0.9837315237566138	0.0005120526315789473	0.006807053789473685	0.00575099	190	0.0	0.0
things	03	33	things	3	things	0.07091139100048176	0	0.0	33.963710913667455	2.1341418837735286	-0.01658615656197071	0.049154456704854965	1.0302303361375662	0.9886218841798944	0.0007093157894736842	0.006719802421052631	0.00483281	190	0.0	0.0
things	03	33	things	4	things	0.06647118774138595	1	0.5263157894736842	37.59268908353988	2.1309303183406945	-0.01647617667913437	0.04978959262371063	1.0731294892592593	1.0150972289417988	0.0007949473684210526	0.004432009999999999	0.0117269	190	0.005263157894736842	0.0
things	03	33	things	5	things	0.06938050311244655	0	0.0	38.128961119800806	2.1226609922572544	-0.016105279326438904	0.048524536192417145	1.0684418826984121	1.0164619334920637	0.0008369473684210526	0.004157055947368421	0.0106372	190	0.0	0.0
things	03	33	things	6	things	0.0678085497767639	1	0.5263157894736842	37.10967143322341	2.127168002794502	-0.016432851552963257	0.049094583839178085	1.0625427539153447	1.018354303862434	0.0010166315789473684	0.004573048789473685	0.0078439	190	0.005263157894736842	0.0
things	03	34	things	1	things	0.06584237634342055	0	0.0	38.95217208866961	2.138095510686188	-0.015112154185771942	0.0462711900472641	1.0222867680748668	0.9977987172192515	0.0005059042553191489	0.003716741595744681	0.0087572	188	0.0	0.0
things	03	34	things	2	things	0.057999969313089074	0	0.0	38.98608529334888	2.139766800302879	-0.014839094132184982	0.045894887298345566	1.035147135691489	1.0126484465425525	0.000868994708994709	0.003853062592592592	0.00833279	189	0.0	0.0
things	03	34	things	3	things	0.06645135453202385	0	0.0	38.68356389575638	2.1349456017451476	-0.014687529765069485	0.04508630931377411	1.0344682958510638	1.010284154468085	0.0007928571428571429	0.0038743950264550266	0.00734748	189	0.0	0.0
things	03	34	things	4	things	0.06835208481861725	1	0.5347593582887701	38.333359899930656	2.1376350954782364	-0.01518034003674984	0.04616788029670715	1.0345435789247308	1.0097880404838713	0.0007595187165775401	0.004052194385026738	0.00815816	187	0.0053475935828877	0.0
things	03	34	things	5	things	0.06064222349854493	0	0.0	38.9603279621806	2.132656931288323	-0.015486661344766617	0.04617162048816681	1.0404868734920636	1.0157278174074071	0.000750157894736842	0.0038058607368421054	0.00798226	190	0.0	0.0
things	03	34	things	6	things	0.06233535957261656	0	0.0	37.96526111313142	2.1315651478624127	-0.015708640217781067	0.04641961306333542	1.0356553796825396	1.0093018004232808	0.0005822105263157896	0.00421487852631579	0.00800182	190	0.0	0.0
things	03	35	things	1	things	0.06581468944519794	0	0.0	38.80429558921605	2.1184787650047183	-0.01625070534646511	0.04554504528641701	1.0234553096256689	1.002894783796792	0.0006790425531914893	0.003721741117021277	0.00420463	188	0.0	0.0
things	03	35	things	2	things	0.05968978913082321	0	0.0	39.01461231999565	2.1200107954867664	-0.016326984390616417	0.04532039910554886	1.0288471979255314	1.010521388351063	0.000764867724867725	0.003750448412698412	0.00579962	189	0.0	0.0
things	03	35	things	3	things	0.05212563542493436	0	0.0	37.884351182729006	2.119783848450458	-0.016592860221862793	0.04587462916970253	1.0227631687165768	1.0002904967379684	0.000608776595744681	0.004089892393617021	0.00476345	188	0.0	0.0
things	03	35	things	4	things	0.06642366557978319	0	0.0	39.05868692276999	2.116609052678808	-0.0168756116181612	0.04729297384619713	1.0245422853475934	1.0027055209625662	0.0006563297872340425	0.0036443977659574465	0.00308757	188	0.0	0.0
things	03	35	things	5	things	0.0722632447031447	0	0.0	38.793040751013905	2.1179396310941105	-0.017130397260189056	0.04788838326931	1.0354048411170214	1.0095525992021275	0.0006983068783068783	0.0037078821693121698	0.00429441	189	0.0	0.0
things	03	35	things	6	things	0.05449564709417013	0	0.0	39.14243268035352	2.1148593665738926	-0.01737464778125286	0.04841906949877739	1.0354207177248687	1.014450457248677	0.0005929473684210527	0.0035581334736842106	0.00398849	190	0.0	0.0
things	03	36	things	1	things	0.07353260741175317	3	1.5957446808510638	35.75073410267942	2.1012157397683966	-0.01608862914144993	0.04876609891653061	1.032962114224599	0.9973409224598931	0.000690904255319149	0.0048980075	0.00684993	188	0.015957446808510637	0.0
things	03	36	things	2	things	0.060273971963766035	0	0.0	36.78546626679599	2.108785489520969	-0.015869656577706337	0.04853181168437004	1.0446551186772493	1.010347582751323	0.0006824736842105264	0.0043447087894736836	0.00595837	190	0.0	0.0
things	03	36	things	3	things	0.05907825538060023	0	0.0	37.94547489285469	2.1083156118252684	-0.016155272722244263	0.04945722222328186	1.0333738327272735	1.0027616083957218	0.0007651063829787234	0.00399004340425532	0.0044439	188	0.0	0.0
things	03	36	things	4	things	0.06669929923031497	0	0.0	38.155929343542084	2.106569151528189	-0.015750693157315254	0.04886054992675781	1.034754887219251	1.0019973796256687	0.0007827127659574469	0.003816732553191489	0.00543861	188	0.0	0.0
things	03	36	things	5	things	0.06193987251706146	0	0.0	37.987489237915725	2.1041519470356356	-0.016296150162816048	0.04961942136287689	1.0445021430481283	1.0069132895187165	0.0007715957446808511	0.00388840664893617	0.00513576	188	0.0	0.0
things	03	36	things	6	things	0.07452710088693408	0	0.0	37.226459425874054	2.1055150981966086	-0.016241401433944702	0.04874064028263092	1.0437586421808522	1.0059626454255322	0.0005676190476190476	0.004134185714285714	0.00708287	189	0.0	0.0
things	06	01	things	1	things	0.16172769843418197	67	35.638297872340424	33.96205598139204	1.8855659101932163	-0.012769173830747604	0.04667288437485695	1.0855736377540106	0.9888875249197862	0.000506968085106383	0.005999407978723404	0.0095738	188	0.35638297872340424	0.0
things	06	01	things	2	things	0.1544649613816308	43	22.75132275132275	30.757376551628113	1.896984548968072	-0.014517557807266712	0.048125941306352615	1.1010728088297879	1.0022287395744676	0.0013055555555555555	0.008551861534391535	0.0062244	189	0.2275132275132275	0.005291005291005291
things	06	01	things	3	things	0.15346023019584581	44	23.404255319148938	31.130279396427795	1.8936958758395313	-0.015082007274031639	0.04712527617812157	1.0708663866310153	0.9773193461497316	0.0006949468085106382	0.008617919734042552	0.00426066	188	0.23404255319148937	0.0
things	06	02	things	1	things	0.15676964467415958	59	31.21693121693122	33.917104467283934	1.8512717834875778	-0.012969894334673882	0.04693765193223953	1.1203993159574468	1.0041712497340425	0.0008146031746031747	0.006179617724867726	0.00667494	189	0.31216931216931215	0.0
things	06	02	things	2	things	0.14934531816413626	50	26.455026455026456	34.140398867893964	1.855769642956367	-0.012922362424433231	0.04737234115600586	1.121033023510639	1.0054949075531918	0.0007713756613756614	0.005826166084656085	0.00531981	189	0.26455026455026454	0.0
things	06	02	things	3	things	0.15155874682857884	47	25.0	34.15762848011218	1.8575407569155151	-0.013927902095019817	0.048703864216804504	1.1166619997860958	1.0027739944385028	0.000860691489361702	0.0057826209042553195	0.00411453	188	0.25	0.0
things	06	02	things	4	things	0.17138445656373819	59	31.21693121693122	25.67961168300826	1.892573714794259	-0.016489524394273758	0.05115792527794838	1.1387602050531913	1.0421477043085103	0.009995608465608466	0.016930042116402113	0.00642834	189	0.31216931216931215	0.026455026455026454
things	06	02	things	5	things	0.17113511144310178	65	34.75935828877005	29.9772957325913	1.8752105386286748	-0.017381954938173294	0.052593894302845	1.131014495967741	1.0132740433870968	0.0012836363636363638	0.009212049411764706	0.0108381	187	0.34759358288770054	0.0106951871657754
things	06	02	things	6	things	0.17035776250017898	63	33.333333333333336	29.611411853460595	1.8746536555530708	-0.01810028776526451	0.05382855236530304	1.1246277702127665	1.01157077143617	0.0017178835978835982	0.009671954126984128	0.00900084	189	0.3333333333333333	0.005291005291005291
things	06	03	things	1	things	0.1995970207974553	95	51.075268817204304	31.332635414320976	1.8458924633642146	-0.0100153349339962	0.04388225078582764	1.161087964108108	1.0382930139999997	0.0036723118279569887	0.007967003924731183	0.00398353	186	0.510752688172043	0.005376344086021506
things	06	03	things	2	things	0.17420246273748238	71	37.56613756613756	28.91765482723713	1.8520300553253028	-0.010847165249288082	0.046180594712495804	1.171754962606383	1.0397128901063835	0.002947195767195767	0.010726227089947091	0.00527255	189	0.37566137566137564	0.010582010582010581
things	06	03	things	3	things	0.15722877899749726	50	26.455026455026456	25.097240646136925	1.881345035329317	-0.013064424507319927	0.048898424953222275	0.9901116732446815	0.9287972630319146	0.0006673015873015874	0.019486917566137567	0.00492507	189	0.26455026455026454	0.005291005291005291
things	06	03	things	4	things	0.1699617006374353	62	32.804232804232804	29.961847857339308	1.8636324501228245	-0.012729090638458729	0.04913889244198799	1.1505288123404254	1.0317776321276597	0.0027802116402116397	0.009240537777777778	0.00958263	189	0.328042328042328	0.015873015873015872
things	06	03	things	5	things	0.17108046814051805	58	30.687830687830687	30.56709077965934	1.8511560568588452	-0.01249639317393303	0.04991665855050087	1.1292620934574469	1.0102371992553199	0.001638835978835979	0.008677675873015874	0.00927292	189	0.30687830687830686	0.015873015873015872
things	06	03	things	6	things	0.16786841010992157	61	32.10526315789474	28.658492364920676	1.8564109815644758	-0.012087484821677208	0.049814432859420776	1.110602207936508	1.0008836228571423	0.0013245789473684208	0.010664898368421053	0.00867497	190	0.32105263157894737	0.010526315789473684
things	06	04	things	1	things	0.1493743262141094	40	21.164021164021165	33.27526540705003	1.8492096611604698	-0.010620451532304287	0.04535091295838356	1.1391515451595742	1.0102495980851067	0.0013641798941798943	0.006470476931216932	0.00678422	189	0.21164021164021163	0.0
things	06	04	things	2	things	0.14932844876528392	41	21.693121693121693	30.588817835086957	1.8393726374724428	-0.011663923971354961	0.047261688858270645	1.0892461621808502	0.9842749532446817	0.0010497354497354496	0.00991989708994709	0.00623048	189	0.21693121693121692	0.0
things	06	04	things	3	things	0.15374488294818411	46	24.33862433862434	28.301520163426176	1.8409040961153562	-0.01452663540840149	0.049730658531188965	1.0833543111170212	0.9780643360106379	0.0011329629629629628	0.012281952962962965	0.00697291	189	0.24338624338624337	0.005291005291005291
things	06	04	things	4	things	0.15383220875262665	47	24.867724867724867	28.415092036128044	1.8428381083372356	-0.015192362479865551	0.0504172220826149	1.0995160810638296	0.9932222026595744	0.0017040740740740742	0.011544985714285715	0.00732312	189	0.24867724867724866	0.005291005291005291
things	06	04	things	5	things	0.166847543271035	52	27.36842105263158	26.859885638114065	1.863200406747829	-0.017774736508727074	0.05206107348203659	1.0817883319047614	0.982077521693121	0.0014842631578947368	0.014272375473684212	0.00609809	190	0.2736842105263158	0.010526315789473684
things	06	04	things	6	things	0.16104602007886384	61	32.10526315789474	30.923284419695847	1.855364634453881	-0.013447867706418037	0.04904121533036232	1.100802236719577	0.9910420586243385	0.0010875263157894737	0.008969012263157895	0.00619112	190	0.32105263157894737	0.005263157894736842
things	06	05	things	1	things	0.19025478643936897	86	45.744680851063826	30.237188164610416	1.8942757967787396	-0.010623599402606487	0.04587987810373306	1.1167399410695187	1.0002085204812834	0.0019258510638297873	0.009473411968085106	0.00474096	188	0.4574468085106383	0.015957446808510637
things	06	05	things	2	things	0.14623043407576403	34	17.98941798941799	35.34622971620411	1.8870418699303402	-0.011404033750295639	0.048178140074014664	1.1343932984574463	1.0169146542021277	0.0013484656084656083	0.005531001322751321	0.00718099	189	0.17989417989417988	0.0
things	06	05	things	3	things	0.15367844937895295	51	26.984126984126984	33.46463803946972	1.893118929021011	-0.01371925137937069	0.051339421421289444	1.1316052677127661	1.0172091759574464	0.002076666666666666	0.0064969030158730165	0.00883438	189	0.2698412698412698	0.015873015873015872
things	06	05	things	4	things	0.205517325836192	76	40.21164021164021	24.523192158085294	1.915235347481169	-0.014552230015397072	0.05095730349421501	1.0416427775	0.9701253679787237	0.010034973544973546	0.019902579523809524	0.00474988	189	0.4021164021164021	0.026455026455026454
things	06	05	things	5	things	0.1636900163818335	57	30.319148936170212	29.440592595608905	1.9160434790103567	-0.01731049083173275	0.05342430993914604	1.0920283771122998	0.9871196710160429	0.0012228191489361705	0.010306936382978723	0.00639072	188	0.30319148936170215	0.015957446808510637
things	06	05	things	6	things	0.14405860887906208	34	18.085106382978722	31.02920526266098	1.9196676192702036	-0.017139460891485214	0.051783155649900436	1.0642980066844918	0.976275292085562	0.0007506382978723406	0.009063023670212765	0.00673254	188	0.18085106382978725	0.0
things	06	06	things	1	things	0.15209195551711355	45	24.06417112299465	33.997684333473444	1.867256734813751	-0.012461795471608639	0.046096108853816986	1.1107235969892475	1.0008655476881716	0.0007965775401069519	0.006153329518716577	0.00842203	187	0.24064171122994651	0.0
things	06	06	things	2	things	0.1434494502504524	34	18.181818181818183	32.01552390307188	1.8796021998054562	-0.014474338851869106	0.04874367266893387	1.1132716945698924	1.0130715768817207	0.001380534759358289	0.007846671122994654	0.00684593	187	0.18181818181818182	0.0053475935828877
things	06	06	things	3	things	0.1364702465182838	26	13.756613756613756	32.254721224308014	1.8771980868798797	-0.01584167219698429	0.047495193779468536	1.0639894337234048	0.9820266704255315	0.0007248677248677249	0.0080024364021164	0.00686389	189	0.13756613756613756	0.005291005291005291
things	06	06	things	4	things	0.15445358649882965	47	24.736842105263158	31.437177300453186	1.8824618156153257	-0.015585395507514477	0.047605667263269424	1.141625172222222	1.0279717130158725	0.0022981578947368422	0.007938024157894736	0.00762514	190	0.24736842105263157	0.005263157894736842
things	06	06	things	5	things	0.17488222374356882	62	32.804232804232804	25.237980896781664	1.9046948019451928	-0.015162407420575619	0.04673530161380768	1.0497465146808507	0.9718573063297873	0.0017396825396825395	0.01762771391534392	0.00692814	189	0.328042328042328	0.005291005291005291
things	06	06	things	6	things	0.16114321258016934	46	24.210526315789473	30.01896553498227	1.8810251091213144	-0.01622116193175316	0.048428572714328766	1.1160261208465612	1.011329907301587	0.0016232105263157893	0.00941903342105263	0.011156	190	0.24210526315789474	0.010526315789473684
things	06	07	things	1	things	0.18367050784935945	83	44.148936170212764	34.9453463149257	1.8257886464232405	-0.013464512303471565	0.0518757700920105	1.125007845026737	0.9936631394117649	0.0006365425531914894	0.005547151276595746	0.00695987	188	0.44148936170212766	0.005319148936170213
things	06	07	things	2	things	0.17193959128224234	72	38.095238095238095	33.229508275398985	1.846724991379577	-0.016266565769910812	0.05586220696568489	1.1561599025	1.0190938953191488	0.0014042857142857145	0.006415587566137566	0.0073539	189	0.38095238095238093	0.005291005291005291
things	06	07	things	3	things	0.1791869508894575	71	37.56613756613756	31.300815171562135	1.8479722246320465	-0.016059856861829758	0.0534295029938221	1.1173611877659577	0.997988139680851	0.0013274074074074071	0.008584462063492063	0.0108891	189	0.37566137566137564	0.005291005291005291
things	06	07	things	4	things	0.18653699338816476	70	37.03703703703704	28.549807317671366	1.8521130952227067	-0.01695956103503704	0.05406467244029045	1.0990294038297874	0.9853033920744679	0.0012557142857142856	0.011411186455026456	0.00901442	189	0.37037037037037035	0.010582010582010581
things	06	07	things	5	things	0.19064233103320094	72	38.095238095238095	27.761765708448365	1.8702033604655006	-0.017194202169775963	0.05504878982901573	1.0712269829255323	0.9747530072340429	0.001137777777777778	0.012350214920634922	0.00907803	189	0.38095238095238093	0.026455026455026454
things	06	07	things	6	things	0.17708389672652033	62	32.63157894736842	27.920503760222346	1.869510357206776	-0.016935544088482857	0.055562347173690796	1.1157130322751332	1.0054941850264554	0.0015158421052631579	0.011869537947368421	0.00870996	190	0.3263157894736842	0.021052631578947368
things	06	08	things	1	things	0.18365262335987342	87	46.276595744680854	28.406032035127282	1.8283249502827	-0.010286899283528328	0.04253571480512619	1.0799446627807487	0.9786572898395719	0.0032790425531914894	0.011926670851063829	0.00384999	188	0.4627659574468085	0.0
things	06	08	things	2	things	0.1921550891457639	92	48.93617021276596	28.826425451785326	1.8324836616300941	-0.007509215734899044	0.04046551510691643	1.1094811928342247	1.0002985638502677	0.0023736170212765957	0.010111148670212766	0.005593	188	0.48936170212765956	0.0
things	06	08	things	3	things	0.15714620967120166	51	26.984126984126984	30.764039949513972	1.8324939433682863	-0.007572188973426819	0.04051169380545616	1.0769215269680854	0.9852036785638304	0.0007163492063492064	0.008114728359788359	0.00459064	189	0.2698412698412698	0.0
things	06	08	things	4	things	0.17842030713936335	72	37.89473684210526	26.69909864582587	1.8304032252881415	-0.008248916827142239	0.0413605161011219	1.1076098887830692	0.9995910672486771	0.001652	0.013995853631578946	0.00567147	190	0.37894736842105264	0.0
things	06	08	things	5	things	0.16332385593539225	61	32.27513227513227	26.980056007392704	1.818860054630085	-0.009941511787474155	0.04464012011885643	1.060551663404255	0.9761788673936171	0.0010692592592592592	0.012865765132275131	0.00660469	189	0.32275132275132273	0.005291005291005291
things	06	08	things	6	things	0.15610038797888998	46	24.33862433862434	25.808377804700285	1.8904821283601199	-0.024431802332401276	0.059229012578725815	1.0502673259574467	0.9798196382446808	0.0013903174603174604	0.015074090899470897	0.00929827	189	0.24338624338624337	0.005291005291005291
things	06	09	things	1	things	0.1766598717470434	63	33.1578947368421	26.144416881725192	1.8893391193513205	-0.00901013147085905	0.042493946850299835	1.0270199265608477	0.9453677438095238	0.001027157894736842	0.017574305210526314	0.00621976	190	0.33157894736842103	0.010526315789473684
things	06	09	things	2	things	0.23120323257207434	90	47.36842105263158	28.1995399662992	1.8980501662831686	-0.010456062853336334	0.04271431267261505	1.174346702275133	1.0278875692063492	0.003341631578947368	0.011653747263157894	0.0104722	190	0.47368421052631576	0.05789473684210526
things	06	09	things	3	things	0.1871685996057565	74	39.15343915343915	28.116481681354344	1.899731679812748	-0.011662962846457958	0.0441657230257988	1.075389537021277	0.9794822017553189	0.001805132275132275	0.012982688941798942	0.0132782	189	0.3915343915343915	0.015873015873015872
things	06	09	things	4	things	0.19014560286360913	68	35.78947368421053	24.872146881301887	1.9150583383960456	-0.011433328501880169	0.0446496419608593	1.1132166964550265	1.003288066031746	0.002568263157894737	0.01806198957894737	0.0106603	190	0.35789473684210527	0.031578947368421054
things	06	09	things	5	things	0.2100979005473581	76	40.21164021164021	26.57689324056264	1.904334127747929	-0.009477617219090462	0.04414799064397812	1.16327271143617	1.025630975106383	0.003387354497354497	0.013592181428571427	0.00766521	189	0.4021164021164021	0.042328042328042326
things	06	09	things	6	things	0.18908699713383606	70	37.03703703703704	28.723223482258618	1.9090635308492667	-0.00892329029738903	0.04312226548790932	1.2073270839893608	1.067450463297872	0.005263174603174603	0.011162105873015875	0.00728804	189	0.37037037037037035	0.026455026455026454
things	06	10	things	1	things	0.16013300231396924	46	24.33862433862434	27.40385117661208	1.8484297890745214	-0.0077817258425056934	0.04233128949999809	1.0713038595744673	0.9780211364893624	0.0016785185185185184	0.013355411164021166	0.00722957	189	0.24338624338624337	0.0
things	06	10	things	2	things	0.1807351696691901	52	27.513227513227513	25.394349722133484	1.8632870716346157	-0.013368732295930386	0.04651008918881416	1.0768058380319154	0.9781330064893614	0.0017588888888888888	0.01659296021164021	0.00570114	189	0.2751322751322751	0.021164021164021163
things	06	10	things	3	things	0.23174255338556154	94	49.473684210526315	24.921154115349054	1.874533023315504	-0.01127174124121666	0.04429962858557701	1.100397456560847	0.9963047671428575	0.0023264736842105267	0.016835799052631578	0.00766603	190	0.49473684210526314	0.05263157894736842
things	06	10	things	4	things	0.18309820625600878	65	34.21052631578947	28.19400719087571	1.8692618962763474	-0.006615217309445143	0.04207230359315872	1.1376674896825396	1.0114480073544987	0.0014922105263157895	0.010985930789473686	0.0125279	190	0.34210526315789475	0.02631578947368421
things	06	10	things	5	things	0.19309013497409117	78	41.05263157894737	26.96855456661433	1.8720545118261522	-0.007786464411765337	0.0426953099668026	1.153311676190476	1.019346402380952	0.0026451052631578944	0.013132419789473684	0.0134612	190	0.4105263157894737	0.02631578947368421
things	06	10	things	6	things	0.18639675950542234	68	35.78947368421053	26.667543500778265	1.883606906579864	-0.008797191083431244	0.04425639286637306	1.1619845623280423	1.0412180581481483	0.004681684210526315	0.014113311789473684	0.010411	190	0.35789473684210527	0.042105263157894736
things	06	11	things	1	things	0.15675153801974712	50	26.595744680851062	33.897954238113016	1.8414987677399184	-0.007665846962481737	0.04192516952753067	1.118479247860963	0.9973716118181811	0.001027659574468085	0.006414308829787234	0.00875148	188	0.26595744680851063	0.0
things	06	11	things	2	things	0.1549715290672568	52	27.513227513227513	34.68014975404367	1.840950202890868	-0.00794387049973011	0.04171166941523552	1.1332979596276596	1.0048275211702127	0.0007591534391534391	0.0057021694708994704	0.00505802	189	0.2751322751322751	0.0
things	06	11	things	3	things	0.1633202372403294	64	34.04255319148936	32.46744401054457	1.844851102130829	-0.00764548359438777	0.04199102893471718	1.1331353557754	0.9991970613368986	0.0011873404255319147	0.0071466724999999995	0.00788011	188	0.3404255319148936	0.0
things	06	11	things	4	things	0.16960092494635307	65	34.57446808510638	28.622026393655688	1.8541664999457907	-0.00846987683326006	0.042445696890354156	1.1158466965775402	1.001672747647059	0.001980904255319149	0.011593149414893617	0.00885112	188	0.34574468085106386	0.0
things	06	11	things	5	things	0.1759399032476826	57	30.158730158730158	25.85044116480276	1.8605416504154888	-0.01008017547428608	0.04586910456418991	1.0957714154787233	1.001668016117022	0.0049760317460317465	0.01603732978835979	0.00492605	189	0.30158730158730157	0.021164021164021163
things	06	11	things	6	things	0.1809084902511178	68	35.97883597883598	28.436881157336757	1.8644595640055786	-0.011903651058673859	0.048140350729227066	1.0911440148404254	0.9924414918617024	0.001622857142857143	0.011016620158730159	0.00746206	189	0.35978835978835977	0.015873015873015872
things	06	12	things	1	things	0.20102880879133908	84	44.44444444444444	28.28759797301609	1.8526715066240556	-0.014950193464756012	0.051861148327589035	1.1352414810638296	1.0077611289361705	0.002354761904761905	0.011626435238095239	0.00455823	189	0.4444444444444444	0.015873015873015872
things	06	12	things	2	things	0.16558751128242688	63	33.333333333333336	32.55616245511919	1.848371672797638	-0.017000392079353333	0.051985908299684525	1.1419316454787227	1.0233878865425532	0.001881957671957672	0.0070623845502645515	0.00978882	189	0.3333333333333333	0.015873015873015872
things	06	12	things	3	things	0.19784279514459838	81	42.857142857142854	28.864158757496625	1.8540317592475162	-0.017502857372164726	0.052289433777332306	1.1336557436702126	1.0087253296808512	0.0020637566137566136	0.010457166984126985	0.0104655	189	0.42857142857142855	0.015873015873015872
things	06	12	things	4	things	0.1730087893086017	61	32.4468085106383	28.699171295156702	1.8553160823477524	-0.016695909202098846	0.05220930650830269	1.0895150822994657	0.9806403712299471	0.0012354255319148935	0.01087684186170213	0.00728455	188	0.324468085106383	0.010638297872340425
things	06	12	things	5	things	0.18328550136820498	74	39.361702127659576	27.03243468911387	1.8658004231132672	-0.017599284648895264	0.05396657809615135	1.0852468799465242	0.9934486986096257	0.0033361170212765955	0.01357381095744681	0.00725562	188	0.39361702127659576	0.02127659574468085
things	06	12	things	6	things	0.19001190049544203	73	38.421052631578945	27.58035577600822	1.8628445482374614	-0.017182957381010056	0.052662238478660583	1.157501277037037	1.0317491619047625	0.0028119473684210528	0.012117506736842105	0.00932359	190	0.38421052631578945	0.02631578947368421
things	06	13	things	1	things	0.14777853792041187	41	21.693121693121693	29.559184829704463	1.7726807294469604	-0.01028139516711235	0.046126022934913635	1.0865115673936176	0.9844199580319151	0.0009591534391534393	0.009442009523809525	0.00560637	189	0.21693121693121692	0.005291005291005291
things	06	13	things	2	things	0.16199748188603952	46	24.46808510638298	29.550355239072815	1.781586170138356	-0.011664261110126972	0.048666372895240784	1.071367145026738	0.9714816823529412	0.0008579255319148937	0.009600372553191489	0.00559043	188	0.24468085106382978	0.005319148936170213
things	06	13	things	3	things	0.14680532048042413	35	18.617021276595743	33.04238796234131	1.7845250170505838	-0.013824943453073502	0.052343111485242844	1.1302974712299465	1.0048159167914437	0.0012930851063829788	0.006451681170212766	0.00715995	188	0.18617021276595744	0.010638297872340425
things	06	13	things	4	things	0.15556616628935652	44	23.157894736842106	28.992850514128804	1.7844851722902235	-0.012552084401249886	0.051072824746370316	1.1561367377248675	1.0421737822222223	0.0036531578947368417	0.009889390789473682	0.0114487	190	0.23157894736842105	0.010526315789473684
things	06	13	things	5	things	0.12838046682475204	26	13.756613756613756	32.53365678875707	1.7823013712651141	-0.01022015605121851	0.04721115529537201	1.118304828138298	1.021408090265957	0.0024205820105820106	0.007080815661375661	0.00736496	189	0.13756613756613756	0.0
things	06	13	things	6	things	0.17531610927278485	53	27.894736842105264	24.91834482550621	1.792002978071007	-0.011468004435300827	0.04870903119444847	1.1425541601587301	1.029498482380952	0.004215157894736842	0.01636980115789474	0.00780354	190	0.2789473684210526	0.031578947368421054
things	06	14	things	1	things	0.1573020093615377	41	21.57894736842105	32.76994768239092	1.9003715491420432	-0.00955493189394474	0.042763084173202515	1.1621607811111108	1.0299143121164023	0.002215315789473684	0.007014242578947368	0.0104725	190	0.21578947368421053	0.015789473684210527
things	06	14	things	2	things	0.14603431278274948	37	19.576719576719576	33.55472456314601	1.9137334584870556	-0.008839168585836887	0.04366185516119003	1.1579739295212763	1.0256152480319152	0.0017231746031746032	0.006379775132275132	0.00978684	189	0.19576719576719576	0.0
things	06	14	things	3	things	0.15802555391322198	36	19.047619047619047	29.87206315982621	1.91466838751013	-0.009028737433254719	0.045255035161972046	1.1399586294680848	1.0158406746276596	0.0023750264550264546	0.010351703227513229	0.00777784	189	0.19047619047619047	0.026455026455026454
things	06	14	things	4	things	0.17669737357853668	68	36.170212765957444	27.598958730697632	1.8730768396574426	-0.006316804327070713	0.0410778634250164	1.0994808863636367	0.989743113796791	0.003047978723404255	0.012738004202127659	0.00589507	188	0.3617021276595745	0.02127659574468085
things	06	14	things	5	things	0.17139742823426404	58	30.687830687830687	31.407672750763595	1.8671465217126983	-0.007033307105302811	0.042263731360435486	1.1768661324468095	1.0356295876063837	0.0028047089947089952	0.007874118783068785	0.00830887	189	0.30687830687830686	0.010582010582010581
things	06	14	things	6	things	0.21721379152915637	74	38.94736842105263	24.81567026115954	1.8695088939466313	-0.00601623160764575	0.04000398516654968	1.2041844877248675	1.0679954075661375	0.007227736842105263	0.016282233578947366	0.00622273	190	0.3894736842105263	0.07368421052631578
things	06	15	things	1	things	0.18663566564848563	86	46.994535519125684	33.76594167947769	1.8061400954893527	-0.008348958566784859	0.04452403634786606	1.1543046741208798	1.002274460054945	0.0006982513661202186	0.006082642896174863	0.00578394	183	0.46994535519125685	0.0
things	06	15	things	2	things	0.19300614537616612	85	44.973544973544975	28.939981393050402	1.8122222163479993	-0.009023535065352917	0.04476788267493248	1.1821345727127661	1.0237806650531915	0.0019107936507936508	0.009892850476190478	0.00650944	189	0.4497354497354497	0.010582010582010581
things	06	15	things	3	things	0.22185574153803556	97	51.32275132275132	26.27600439253729	1.8209424253670157	-0.009317705407738686	0.04646814242005348	1.198249999042553	1.0394377173936165	0.00626026455026455	0.014837983227513228	0.00535402	189	0.5132275132275133	0.05291005291005291
things	06	15	things	4	things	0.2196210116488006	94	49.473684210526315	22.7424557141494	1.8359710886003888	-0.012873374857008457	0.049508824944496155	1.1449316876190474	0.9999854012169307	0.003056526315789473	0.020490304736842106	0.00971808	190	0.49473684210526314	0.031578947368421054
things	06	15	things	5	things	0.20682585039679596	88	46.31578947368421	24.47314286418259	1.863782109934499	-0.015135415829718113	0.04933009669184685	1.111671168306878	0.9882123711640214	0.0016986315789473683	0.017769568736842108	0.00504849	190	0.4631578947368421	0.021052631578947368
things	06	15	things	6	things	0.2376917011089272	99	52.38095238095238	21.705593956867233	1.862098011648367	-0.01337817870080471	0.04726991057395935	1.093879905265958	0.9902334113829789	0.0028989417989417994	0.02436393058201058	0.00896861	189	0.5238095238095238	0.037037037037037035
things	06	16	things	1	things	0.16211201653951898	57	30.158730158730158	31.231263735797256	1.8377283999768712	-0.007244118954986334	0.041720326989889145	1.1167342436702132	0.9959961765957441	0.0008041798941798941	0.0076329284126984125	0.0103229	189	0.30158730158730157	0.0
things	06	16	things	2	things	0.15557038272187926	52	27.36842105263158	29.618503366131335	1.8382346466797574	-0.009262858889997005	0.043567102402448654	1.1387346462962973	1.025245709365079	0.0019380000000000003	0.00926971342105263	0.0139842	190	0.2736842105263158	0.0
things	06	16	things	3	things	0.16572811475969904	57	30.158730158730158	24.73612159420736	1.8658673535080295	-0.009416401386260986	0.0428619384765625	1.0326467957978724	0.9620977934574463	0.003137195767195767	0.017973316402116402	0.00464793	189	0.30158730158730157	0.021164021164021163
things	06	16	things	4	things	0.2132909096936683	84	44.680851063829785	27.506380869308487	1.858616998491448	-0.010059830732643604	0.04543086886405945	1.1637601910695188	1.016102245882353	0.002602340425531915	0.011981347127659572	0.0116933	188	0.44680851063829785	0.05319148936170213
things	06	16	things	5	things	0.18655626075925016	63	33.333333333333336	26.41619861475192	1.8934540973743819	-0.007486147806048393	0.04277319088578224	1.0978347814893616	0.9864233257446808	0.0014333333333333336	0.014516754179894177	0.00697455	189	0.3333333333333333	0.021164021164021163
things	06	16	things	6	things	0.17651240873134053	57	30.64516129032258	28.51656178245321	1.9001959149430856	-0.010625877417623997	0.046016331762075424	1.1686435960540538	1.0358372113513514	0.0023342473118279565	0.011324557419354838	0.00828286	186	0.3064516129032258	0.016129032258064516
things	06	17	things	1	things	0.18716864017540882	84	44.680851063829785	29.41923451097682	1.812283288794978	-0.011199114844202995	0.04729413986206055	1.1429853786631015	0.9926033321390375	0.001394468085106383	0.009585683723404256	0.00935917	188	0.44680851063829785	0.005319148936170213
things	06	17	things	2	things	0.18877204588333685	72	38.095238095238095	28.5843267707387	1.8161278702222772	-0.01174982264637947	0.04809924215078354	1.1475581289893615	1.0001902122872346	0.0015776719576719577	0.01011915708994709	0.011346	189	0.38095238095238093	0.031746031746031744
things	06	17	things	3	things	0.19115771722318162	82	43.386243386243386	26.749263517616782	1.8299144917246852	-0.013141145929694176	0.05013621598482132	1.1433645412765965	1.008229037340426	0.0017904761904761906	0.012562523174603173	0.0117494	189	0.43386243386243384	0.010582010582010581
things	06	17	things	4	things	0.24530613899119827	100	52.63157894736842	22.668372857151553	1.8526461716504221	-0.011674756184220314	0.04856090620160103	1.0973649013227518	0.9845909296825398	0.0023564736842105263	0.02075171152631579	0.0153553	190	0.5263157894736842	0.07894736842105263
things	06	17	things	5	things	0.18653156584623318	70	36.8421052631579	25.037326426361687	1.8508536421684605	-0.013377529568970203	0.050329484045505524	1.138459385714286	1.0116388553968256	0.002320052631578947	0.015722412736842103	0.0239985	190	0.3684210526315789	0.031578947368421054
things	06	17	things	6	things	0.2476279996385059	96	50.526315789473685	22.053527111071162	1.8724718332955972	-0.014393341727554798	0.05117364972829819	1.164549238783069	1.0374407625925919	0.005221631578947368	0.022841439894736845	0.0132684	190	0.5052631578947369	0.1
things	06	18	things	1	things	0.19937538012264874	80	42.32804232804233	30.31033407256473	1.872241775096507	-0.007569367066025734	0.03633837401866913	1.2172521620212775	1.0602673769680844	0.004945343915343916	0.009016705132275133	0.0129496	189	0.42328042328042326	0.026455026455026454
things	06	18	things	2	things	0.21884694191412288	78	41.26984126984127	24.305401776800863	1.8868118214751632	-0.007727553136646748	0.036387793719768524	1.2911569140425534	1.122218163723404	0.010693809523809524	0.01658087984126984	0.0073309	189	0.4126984126984127	0.05291005291005291
things	06	18	things	3	things	0.21528981999287145	81	42.63157894736842	24.355337122105993	1.886737991364679	-0.00797311868518591	0.03783469274640083	1.137940352910053	1.004192058201058	0.0024063684210526314	0.017051233368421053	0.0101065	190	0.4263157894736842	0.042105263157894736
things	06	18	things	4	things	0.2348893247123255	95	50.264550264550266	26.541241318918765	1.8860007401469687	-0.008646741509437561	0.03947436437010765	1.1537381607446806	1.021675109627659	0.00307984126984127	0.013163673068783067	0.0194083	189	0.5026455026455027	0.05291005291005291
things	06	18	things	5	things	0.24795356990139109	83	43.68421052631579	23.73806545138359	1.88440429423191	-0.00990739930421114	0.040779516100883484	1.147122370952382	1.0181727729629633	0.003750368421052631	0.018477605789473682	0.0154538	190	0.4368421052631579	0.05263157894736842
things	06	18	things	6	things	0.22316095759964039	90	47.61904761904762	25.773043815570418	1.8877427799308073	-0.011404866352677345	0.04278913512825966	1.1769003460638294	1.0356568987234047	0.0033013756613756618	0.014392863756613757	0.0110792	189	0.47619047619047616	0.047619047619047616
things	06	19	things	1	things	0.17529966808951983	52	27.513227513227513	25.825437581865117	1.8271095991380117	-0.008940854109823704	0.04223547875881195	1.0906516616489363	0.9801545547340426	0.002351904761904762	0.01619330126984127	0.0059557	189	0.2751322751322751	0.031746031746031744
things	06	19	things	2	things	0.15973356698084976	55	28.94736842105263	30.058200729894452	1.8262972892421587	-0.008158570155501366	0.04275037348270416	1.1207773794179898	0.999495716349206	0.001261842105263158	0.009783723684210524	0.0102516	190	0.2894736842105263	0.015789473684210527
things	06	19	things	3	things	0.18680323774979915	66	34.73684210526316	24.246106166392565	1.84260983403583	-0.008664260618388653	0.044382836669683456	1.0620731926455027	0.9729399466666667	0.002656894736842105	0.019212237894736844	0.00721399	190	0.3473684210526316	0.04736842105263158
things	06	19	things	4	things	0.16255064970551011	53	28.04232804232804	29.576230713631958	1.8258213979005193	-0.01205286756157875	0.04800191521644592	1.1316522970744685	1.0052519648404252	0.0018247089947089948	0.009827110317460318	0.0118137	189	0.2804232804232804	0.015873015873015872
things	06	19	things	5	things	0.1585592925423274	51	26.984126984126984	25.740568342851475	1.823360458364497	-0.01177904661744833	0.04841507226228714	1.0687895864361703	0.9689711838297871	0.0012135978835978837	0.015875125608465608	0.00650632	189	0.2698412698412698	0.015873015873015872
things	06	19	things	6	things	0.18077608298176964	56	29.473684210526315	26.73757527861744	1.8187769441013435	-0.013213180005550385	0.049880415201187134	1.146018612275133	1.0196839512169313	0.0023866842105263156	0.012690743842105265	0.00913099	190	0.29473684210526313	0.03684210526315789
things	06	20	things	1	things	0.15533883858315628	49	25.925925925925927	29.5440088910982	1.832837187023105	-0.008680651895701885	0.04538453370332718	1.1226970619680854	1.0044725931914893	0.0014439682539682539	0.010005144074074074	0.0101554	189	0.25925925925925924	0.005291005291005291
things	06	20	things	2	things	0.25076858427573107	80	42.10526315789474	23.118912890320644	1.870716781190939	-0.0110943503677845	0.04731122776865959	1.1686210565079365	1.0598239261375655	0.00830057894736842	0.02033999947368421	0.00810593	190	0.42105263157894735	0.06842105263157895
things	06	20	things	3	things	0.17646982025033936	65	34.39153439153439	27.541911132168025	1.8578089281166368	-0.01256437785923481	0.04995730146765709	1.182030068723405	1.0645666557978721	0.005471640211640212	0.012462416825396823	0.012039	189	0.3439153439153439	0.021164021164021163
things	06	20	things	4	things	0.271960567851126	93	49.20634920634921	23.502414711168967	1.8765672762611487	-0.010181479156017303	0.047043297439813614	1.153313998617021	1.0322386604255316	0.0053855026455026465	0.01908807253968254	0.00945292	189	0.49206349206349204	0.10052910052910052
things	06	20	things	5	things	0.23951098538094648	73	38.62433862433863	21.365783023182303	1.9128818842301432	-0.008062129840254784	0.04602855443954468	1.1770062074468088	1.0718070512234048	0.009377460317460317	0.02447738042328042	0.00684419	189	0.3862433862433862	0.07936507936507936
things	06	20	things	6	things	0.18770418170204528	67	35.44973544973545	25.34095621947199	1.9691133009491528	-0.004644481465220451	0.04611247405409813	1.094860393138298	0.9978354305851065	0.0013886243386243384	0.01632051365079365	0.00906147	189	0.3544973544973545	0.026455026455026454
things	06	21	things	1	things	0.15706710355937745	37	19.576719576719576	21.30286376620643	1.8521535007855894	-0.015169239602982998	0.052371036261320114	1.032360116170213	0.9584540434574474	0.004116084656084656	0.027766201058201056	0.00427754	189	0.19576719576719576	0.005291005291005291
things	06	21	things	2	things	0.167205871939762	53	28.04232804232804	19.634616041556	1.9247958282683348	-0.02019362337887287	0.05759645998477936	0.9621134034574472	0.9042379397872345	0.002432328042328042	0.03712066402116402	0.00420761	189	0.2804232804232804	0.010582010582010581
things	06	21	things	3	things	0.18023828352918728	68	35.78947368421053	26.207082958891988	1.8854546892509838	-0.019101159647107124	0.05591705068945885	1.1153056004761908	1.000116435714286	0.0015666315789473685	0.015101230052631576	0.00862868	190	0.35789473684210527	0.021052631578947368
things	06	21	things	4	things	0.21235975958649822	84	44.44444444444444	19.185036010108888	1.9265610442702763	-0.02016148716211319	0.05984887480735779	1.0112438220744677	0.9408046407978724	0.0030449735449735458	0.03596342116402117	0.00504389	189	0.4444444444444444	0.026455026455026454
things	06	21	things	5	things	0.16878803819661098	58	30.687830687830687	27.819328358047642	1.903679159602756	-0.01827777549624443	0.05571439862251282	1.1002909074999998	0.9919143742553201	0.0013921693121693123	0.013291604285714286	0.00706162	189	0.30687830687830686	0.005291005291005291
things	06	21	things	6	things	0.18043053094612901	62	32.63157894736842	27.460578174563125	1.8963364494113126	-0.017825888469815254	0.05677443742752075	1.1051631617460322	0.9981435665079366	0.001964631578947368	0.014023741263157896	0.0086945	190	0.3263157894736842	0.021052631578947368
things	06	22	things	1	things	0.18167154412986128	81	43.08510638297872	32.74490937916562	1.8259199944691513	-0.00499901594594121	0.03907683864235878	1.1171242061497322	0.9923448016042787	0.000854468085106383	0.006796589840425531	0.00810524	188	0.4308510638297872	0.005319148936170213
things	06	22	things	2	things	0.22983009528119627	83	44.148936170212764	21.322827498428524	1.8868904448682502	-0.005301426164805889	0.04033229127526283	0.9687230870053475	0.9184281161497333	0.002490744680851064	0.031721067234042555	0.00351593	188	0.44148936170212766	0.047872340425531915
things	06	22	things	3	things	0.28560628833307045	94	49.735449735449734	11.458300064783543	2.110799911813169	-0.005636982154101133	0.044603053480386734	0.9294794650531917	0.987617770106383	0.016128677248677246	0.09555097407407408	0.00782611	189	0.4973544973544973	0.12698412698412698
things	06	22	things	4	things	0.18513311858956055	60	31.57894736842105	22.226194815710187	1.9294083132151827	-0.003722928464412689	0.04109037667512894	1.1410730214814815	1.0775426704761908	0.010825	0.024059455157894732	0.00374958	190	0.3157894736842105	0.031578947368421054
things	06	22	things	5	things	0.17779941824953982	61	32.27513227513227	22.86170332180336	1.9407098494522954	-0.006864382419735193	0.04726964607834816	1.0341737096808516	0.9611000709574461	0.0022735978835978837	0.024742639417989418	0.00483844	189	0.32275132275132273	0.005291005291005291
things	06	22	things	6	things	0.21739538508295983	79	41.578947368421055	20.437331238063052	1.945419470359897	-0.011453647166490555	0.050862014293670654	1.040354146243387	0.9807381577248678	0.004432894736842105	0.031136785631578942	0.00590073	190	0.41578947368421054	0.05263157894736842
things	06	23	things	1	things	0.1486106129586802	39	20.74468085106383	31.170262208906934	1.851999391093422	-0.010259728878736496	0.04660620540380478	1.1119530650267377	0.987489631657754	0.001211968085106383	0.008286633510638297	0.00561939	188	0.2074468085106383	0.0
things	06	23	things	2	things	0.1996527698100846	73	38.62433862433863	27.206088561099023	1.875660796047286	-0.00946697499603033	0.04544889181852341	1.1945302572872343	1.0561000610106381	0.005609788359788359	0.012865084391534389	0.00893903	189	0.3862433862433862	0.05291005291005291
things	06	23	things	3	things	0.2138822133135938	73	38.62433862433863	24.3810848062858	1.907678483406106	-0.008981018327176571	0.045327078551054	1.1234311313297873	1.0106011155319148	0.004134761904761905	0.018546130476190473	0.00634226	189	0.3862433862433862	0.037037037037037035
things	06	23	things	4	things	0.21584271815049993	77	40.526315789473685	24.824501251569018	1.899051042077748	-0.008968677371740341	0.045428741723299026	1.0863940955026457	0.9907465293121694	0.003087947368421053	0.01700136252631579	0.00698227	190	0.4052631578947368	0.031578947368421054
things	06	23	things	5	things	0.21430059322875689	80	42.10526315789474	22.719310455489904	1.9194665785418301	-0.007419599685817957	0.045118529349565506	1.11599073	1.0100550029629631	0.003388526315789474	0.021744887157894733	0.00517202	190	0.42105263157894735	0.03684210526315789
things	06	23	things	6	things	0.19408035828045495	62	32.804232804232804	23.756911073927768	1.9367972554608115	-0.00696734432131052	0.04487225040793419	1.083222734787234	0.9925190457978725	0.00712936507936508	0.021030119470899472	0.00661622	189	0.328042328042328	0.037037037037037035
things	06	24	things	1	things	0.18172006329854518	81	43.08510638297872	29.74352699937299	1.8399190401471417	-0.012394595891237259	0.04756907373666763	1.1403141573796785	1.011057742727273	0.0024984042553191487	0.009153123031914892	0.0086814	188	0.4308510638297872	0.005319148936170213
things	06	24	things	2	things	0.16302191536841165	55	29.1005291005291	33.089798600412905	1.8339414948651631	-0.01207825355231762	0.04831559211015701	1.133978829521277	1.0064801440425528	0.0010642328042328043	0.006425355449735449	0.00817291	189	0.291005291005291	0.0
things	06	24	things	3	things	0.1435742130423953	37	19.78609625668449	33.80070335557684	1.8366755906520995	-0.01247311569750309	0.04800169914960861	1.140272926397849	1.0164272221505377	0.0016278609625668447	0.005968602406417113	0.00708366	187	0.19786096256684493	0.0
things	06	24	things	4	things	0.13780384212087682	31	16.31578947368421	33.75952930399217	1.8323942320691256	-0.014641355723142624	0.05104907602071762	1.1346244407407409	1.014707227407407	0.0010585263157894737	0.005863725947368423	0.00856713	190	0.1631578947368421	0.005263157894736842
things	06	24	things	5	things	0.14950875390184556	38	20.105820105820104	29.883227918762714	1.8322542226159888	-0.016048479825258255	0.05237226188182831	1.1376001270744684	1.0167023091489364	0.0018037037037037038	0.009025976666666668	0.0106391	189	0.20105820105820105	0.010582010582010581
things	06	24	things	6	things	0.17798139633396512	61	32.10526315789474	24.962481858208776	1.8499898060773585	-0.017094384878873825	0.05291462689638138	1.0909300558730155	1.0039028621693122	0.006771105263157893	0.01740589094736842	0.00624631	190	0.32105263157894737	0.02631578947368421
things	06	25	things	1	things	0.15467564509759024	43	22.872340425531913	33.28168031084351	1.8318207940405433	-0.009095211513340473	0.043404385447502136	1.1471292267379685	1.0080729048663102	0.0014784042553191489	0.0063706897872340415	0.00946997	188	0.22872340425531915	0.0
things	06	25	things	2	things	0.15022353504310654	44	23.529411764705884	33.40783417224884	1.8323281824551638	-0.009822091087698936	0.04359883815050125	1.1356110156989252	1.0039827135483874	0.0009738502673796791	0.0066690864171123	0.0100433	187	0.23529411764705882	0.0
things	06	25	things	3	things	0.16526917735665006	52	27.36842105263158	29.960390069056302	1.8435969657047047	-0.009242476895451546	0.04387712478637695	1.1232894480952382	1.0032910250264553	0.001401578947368421	0.009537513789473685	0.00975958	190	0.2736842105263158	0.015789473684210527
things	06	25	things	4	things	0.18718043221393982	68	35.78947368421053	28.86393903871067	1.8677835286455042	-0.009750456549227238	0.04548348858952522	1.1648743849735457	1.030514406772487	0.002870263157894737	0.010579381263157895	0.0118016	190	0.35789473684210527	0.031578947368421054
things	06	25	things	5	things	0.19369908345235887	68	35.78947368421053	26.869380221469328	1.8816049344584185	-0.008309769444167614	0.0446343757212162	1.1896104957671965	1.0591489895238095	0.005040052631578948	0.013199084473684211	0.00842968	190	0.35789473684210527	0.015789473684210527
things	06	25	things	6	things	0.18297294581146542	67	36.612021857923494	23.823975706938654	1.885816181054077	-0.008948332630097866	0.04495745524764061	1.0683258948351642	0.9778563351648348	0.0029831147540983613	0.02030962639344262	0.00581939	183	0.366120218579235	0.02185792349726776
things	06	26	things	1	things	0.16595814089262162	60	31.746031746031747	32.23969253245741	1.806450532968402	-0.010166974738240242	0.04274221137166023	1.1733629762765956	1.0204813327127662	0.0017703703703703705	0.006911583492063493	0.0091203	189	0.31746031746031744	0.0
things	06	26	things	2	things	0.15388984693463229	47	24.736842105263158	28.294903337024152	1.8080007830674918	-0.011267688125371933	0.043997861444950104	1.110361239259259	0.9941772244973544	0.002445368421052632	0.011781939894736842	0.00791709	190	0.24736842105263157	0.0
things	06	26	things	3	things	0.2201859608725417	93	49.20634920634921	21.094573836307973	1.8538490934999576	-0.012943836860358715	0.04611677676439285	1.0719233962234043	0.9769265878723405	0.0036558730158730165	0.025795038359788358	0.00254606	189	0.49206349206349204	0.047619047619047616
things	06	26	things	4	things	0.2211219272529905	77	40.526315789473685	21.95066810119897	1.8719330677688852	-0.014385711401700974	0.04851260408759117	1.045065444867726	0.9704267182539679	0.002391105263157895	0.026092574842105264	0.00572413	190	0.4052631578947368	0.05789473684210526
things	06	26	things	5	things	0.24040305971745435	96	50.526315789473685	21.736602881806903	1.9173352869769054	-0.01113633718341589	0.04798253998160362	1.0466155416402119	0.9550603242328051	0.0021951052631578945	0.026575410368421055	0.00509933	190	0.5052631578947369	0.06315789473684211
things	06	26	things	6	things	0.27280161568356387	99	52.10526315789474	21.788248836877756	1.9410320436723518	-0.009866098873317242	0.04926670342683792	1.1280174356613764	1.0046985464550262	0.0032612105263157896	0.022987895999999997	0.00928335	190	0.5210526315789473	0.09473684210526316
things	06	27	things	1	things	0.15766615479410595	51	27.127659574468087	32.85093806684017	1.8812830022811198	-0.007449954282492399	0.043173421174287796	1.112902808074867	0.9976286570588228	0.0008728723404255317	0.00630401925531915	0.00840875	188	0.2712765957446808	0.0
things	06	27	things	2	things	0.14514944578793457	41	21.693121693121693	31.043586530722678	1.8912801432133814	-0.007960586808621883	0.0436580665409565	1.0909157602659574	0.9919904011170213	0.000858941798941799	0.007733267777777778	0.00722403	189	0.21693121693121692	0.005291005291005291
things	06	27	things	3	things	0.1622505666982586	55	29.1005291005291	25.084734816104174	1.9137898648558207	-0.01187772024422884	0.04758063703775406	1.0427890832978715	0.9725148083510641	0.002665714285714286	0.018168907671957675	0.00549142	189	0.291005291005291	0.010582010582010581
things	06	27	things	4	things	0.1745478789501323	64	34.04255319148936	28.112933224067092	1.9098717850606168	-0.012408844195306301	0.04820740595459938	1.136032869625668	1.0226007004812836	0.002960744680851064	0.011127953031914894	0.0082318	188	0.3404255319148936	0.026595744680851064
things	06	27	things	5	things	0.20009547259324062	76	40.21164021164021	26.06756210734602	1.9572820198710532	-0.01163236889988184	0.050262704491615295	1.1402282826595749	1.0298393973404254	0.004078730158730158	0.013941235767195768	0.00971472	189	0.4021164021164021	0.047619047619047616
things	06	27	things	6	things	0.22749911261007952	87	45.78947368421053	24.643513664486818	1.9697582501885949	-0.00874693226069212	0.047296617180109024	1.1445147393121695	1.020502046560847	0.0031954736842105262	0.018408631368421052	0.00861733	190	0.45789473684210524	0.07368421052631578
things	06	28	things	1	things	0.16569591395878103	65	34.57446808510638	30.900901433546096	1.857053865436349	-0.007590025197714567	0.04254821687936783	1.1184946410695187	1.0016108627272726	0.0013663829787234042	0.00790283824468085	0.019969	188	0.34574468085106386	0.010638297872340425
things	06	28	things	2	things	0.1755584097751182	53	28.19148936170213	26.841159276664257	1.869430781903367	-0.006632471922785044	0.0413910411298275	1.1073687984491978	1.0013112035828877	0.0029308510638297873	0.01362284335106383	0.00740732	188	0.28191489361702127	0.031914893617021274
things	06	28	things	3	things	0.1807985903783879	60	31.57894736842105	24.176285471767187	1.904123881491267	-0.00751067977398634	0.04303813353180885	1.119979043280423	1.0309900507936514	0.008830526315789474	0.0187304852631579	0.00546377	190	0.3157894736842105	0.010526315789473684
things	06	28	things	4	things	0.18647106006834863	67	35.44973544973545	21.88359198148828	1.925924666402749	-0.00875554233789444	0.04575859010219574	1.0712103276595746	0.9970358781914895	0.005218835978835978	0.02587179312169312	0.00746836	189	0.3544973544973545	0.026455026455026454
things	06	28	things	5	things	0.16016401865424804	53	28.04232804232804	27.14183605555445	1.8974429169728526	-0.007825200445950031	0.04301305487751961	1.1012150860638292	1.0000961799999997	0.0017347619047619047	0.012327528465608464	0.00958763	189	0.2804232804232804	0.026455026455026454
things	06	28	things	6	things	0.17696753938076015	52	27.36842105263158	24.34162923321128	1.9045773116607376	-0.008933071978390217	0.044689975678920746	1.0823595422222225	1.0037910955555558	0.0033784736842105262	0.01955348263157895	0.00926712	190	0.2736842105263158	0.031578947368421054
things	06	29	things	1	things	0.14460077028560314	41	21.693121693121693	33.51922014215961	1.8078696679393478	-0.01332782581448555	0.0534510463476181	1.1372072744148936	1.0126262773936165	0.0011664550264550264	0.006425586825396826	0.0141292	189	0.21693121693121692	0.0
things	06	29	things	2	things	0.13227798384391806	26	13.756613756613756	32.63940970483236	1.813752854144054	-0.015123669989407063	0.055538058280944824	1.1140605027127652	1.0027962670744681	0.0010284656084656085	0.006589126243386242	0.00976513	189	0.13756613756613756	0.0
things	06	29	things	3	things	0.1559019961961797	49	25.925925925925927	24.9386206518393	1.8497330076472025	-0.018475661054253578	0.05959433317184448	1.035012030159574	0.9575585813297879	0.001564021164021164	0.01779680507936508	0.0058406	189	0.25925925925925924	0.015873015873015872
things	06	29	things	4	things	0.1649611121316097	56	29.946524064171122	28.306626930832863	1.8575276519249984	-0.01844674162566662	0.06023459509015083	1.1427000923118285	1.025311394946237	0.0026533689839572192	0.011502538983957221	0.00941887	187	0.2994652406417112	0.0213903743315508
things	06	29	things	5	things	0.14745994559857306	36	18.94736842105263	27.27985279634595	1.8711307040915806	-0.01699896901845932	0.06023683398962021	1.0868271983597881	1.000335253386244	0.0024880526315789473	0.01344767957894737	0.00903866	190	0.18947368421052632	0.010526315789473684
things	06	29	things	6	things	0.15375005943600542	55	28.94736842105263	29.31031767744571	1.876362806015475	-0.01785450242459774	0.06007892265915871	1.1215137653439158	1.0147373878306876	0.0015098421052631577	0.010473181684210527	0.0118551	190	0.2894736842105263	0.010526315789473684
things	06	30	things	1	things	0.20494089783681235	93	49.73262032085562	27.96634938858915	1.8411203565793488	-0.013044614344835281	0.051525603979825974	1.1136081677419354	0.9883691318279574	0.001348235294117647	0.011141817326203209	0.00923658	187	0.49732620320855614	0.0213903743315508
things	06	30	things	2	things	0.1763803788444912	84	44.44444444444444	32.845570678822696	1.8305843610426156	-0.013097472488880157	0.051807645708322525	1.1411898163829788	1.0077538467021279	0.001008888888888889	0.006193940952380953	0.00576593	189	0.4444444444444444	0.010582010582010581
things	06	30	things	3	things	0.1938262928458053	82	43.61702127659574	27.10318384715356	1.8546424038543832	-0.01726442575454712	0.055795107036828995	1.1092819545454542	0.9942284787165779	0.0016130851063829788	0.012755150744680853	0.00640089	188	0.43617021276595747	0.010638297872340425
things	06	30	things	4	things	0.18050690576048994	86	45.744680851063826	28.63400651072152	1.8621327500736022	-0.02053988352417946	0.05875458940863609	1.0976456396256684	0.9906526082887703	0.001686063829787234	0.01028305324468085	0.00466959	188	0.4574468085106383	0.005319148936170213
things	06	30	things	5	things	0.20829619831732177	86	45.744680851063826	26.839868273586035	1.8725012713281506	-0.018606506288051605	0.05817047506570816	1.0977108557754016	0.99023544342246	0.0029919680851063827	0.013696806914893616	0.00493821	188	0.4574468085106383	0.02127659574468085
things	06	30	things	6	things	0.20966277376361497	76	40.21164021164021	26.20564901828766	1.8601851104910723	-0.015797792002558708	0.05648127570748329	1.1800284374999999	1.0648955590957443	0.005992645502645502	0.01306834005291005	0.00687249	189	0.4021164021164021	0.026455026455026454
things	06	31	things	1	things	0.18119670623860276	78	41.26984126984127	30.446225438034162	1.8228292590440365	-0.014362604357302189	0.05185201019048691	1.1387184097340421	1.0064193720744676	0.0013371957671957672	0.00823185164021164	0.0113641	189	0.4126984126984127	0.010582010582010581
things	06	31	things	2	things	0.14552651279030912	40	21.27659574468085	33.15925941138994	1.8299433862100785	-0.014198018237948418	0.05119256675243378	1.0933719420855619	0.9849449396791443	0.0005881382978723404	0.006353288085106383	0.00707021	188	0.2127659574468085	0.0
things	06	31	things	3	things	0.18710987228557932	76	40.21164021164021	27.92901200451888	1.836040700117668	-0.014255553483963013	0.05113505572080612	1.1281713254787236	1.0081356827659569	0.0023403703703703703	0.011259395396825397	0.0111185	189	0.4021164021164021	0.026455026455026454
things	06	31	things	4	things	0.18102170864082617	69	36.31578947368421	29.78505436494015	1.8516588449548812	-0.01377092581242323	0.05167902633547783	1.1675020332804231	1.0330584882010576	0.002369157894736842	0.009280272421052633	0.0107571	190	0.3631578947368421	0.015789473684210527
things	06	31	things	5	things	0.17011012939583187	61	32.27513227513227	30.49974413588643	1.843633929471074	-0.014241296797990799	0.052586909383535385	1.1325877702659566	1.0101628370744684	0.0018035978835978833	0.008339598201058201	0.00969733	189	0.32275132275132273	0.010582010582010581
things	06	31	things	6	things	0.16393496276569947	63	33.1578947368421	27.240342463657726	1.8578351202406522	-0.014812212437391281	0.053255192935466766	1.1076656856613756	1.0005240028571427	0.002139315789473684	0.013031262105263158	0.0104885	190	0.33157894736842103	0.0
things	06	32	things	1	things	0.17749530660643767	61	32.27513227513227	25.759765244903974	1.865088775630712	-0.01306625735014677	0.055708758533000946	1.033489849840426	0.9564654200000003	0.0008691005291005292	0.015561350264550267	0.00699054	189	0.32275132275132273	0.015873015873015872
things	06	32	things	2	things	0.13378767308024997	36	18.94736842105263	30.97617801313754	1.850774321386709	-0.012561766430735588	0.05303698405623436	1.0669614618518517	0.9907666661375665	0.0007766842105263157	0.008095791	0.0095934	190	0.18947368421052632	0.0
things	06	32	things	3	things	0.14750733711110955	43	22.63157894736842	30.473521031904966	1.8609078897284408	-0.012262742966413498	0.052653707563877106	1.108793385396826	1.0173971302645497	0.001563578947368421	0.008621652105263158	0.00976989	190	0.22631578947368422	0.0
things	06	32	things	4	things	0.14972374524059	50	26.455026455026456	28.298116986406967	1.8635990839527858	-0.013536251150071621	0.05500829219818115	1.1034194396276598	1.0039871823404256	0.00188978835978836	0.011397990317460319	0.00729634	189	0.26455026455026454	0.026455026455026454
things	06	32	things	5	things	0.19799690394176997	76	40.0	25.398177546449006	1.8751824337905385	-0.016287878155708313	0.060026176273822784	1.1209416732275135	1.0052787671957673	0.002080315789473684	0.01609052094736842	0.00880853	190	0.4	0.031578947368421054
things	06	32	things	6	things	0.13835983538975494	36	19.148936170212767	33.82750491378829	1.868452040173353	-0.014922183007001877	0.05808546021580696	1.1044809407486635	1.0073492414973264	0.0011151595744680852	0.0062486336702127655	0.0105974	188	0.19148936170212766	0.0
things	06	33	things	1	things	0.14607103814546557	31	16.48936170212766	32.55326330848038	1.8633377411111673	-0.016329364851117134	0.054182909429073334	1.0890307147058826	0.9992694053475928	0.0009851063829787235	0.007093392819148937	0.0101439	188	0.16489361702127658	0.0
things	06	33	things	2	things	0.18941711937608302	66	34.73684210526316	27.6183612679597	1.8676212544807844	-0.015613909810781479	0.05366672948002815	1.18147621867725	1.0462526021164016	0.00380921052631579	0.01189675147368421	0.0101137	190	0.3473684210526316	0.042105263157894736
things	06	33	things	3	things	0.20222200455656716	87	46.03174603174603	25.09753171761986	1.890601176584005	-0.016312526538968086	0.05796905606985092	1.0650833021276591	0.9710611249468082	0.0016646560846560847	0.017481295661375663	0.00778178	189	0.4603174603174603	0.026455026455026454
things	06	33	things	4	things	0.19141554605596856	71	37.765957446808514	23.05349776893854	1.920657754623045	-0.019042089581489563	0.061684753745794296	1.0318694738502678	0.9638976002139036	0.0026976063829787233	0.022507559468085105	0.00563523	188	0.3776595744680851	0.03723404255319149
things	06	33	things	5	things	0.2202306163270582	75	39.473684210526315	23.218262063339353	1.919443388361888	-0.01917269080877304	0.0622902475297451	1.180823424179895	1.0701758893650792	0.007863736842105264	0.020114134052631582	0.0107913	190	0.39473684210526316	0.06315789473684211
things	06	33	things	6	things	0.18639362321869438	65	34.39153439153439	27.75309175264556	1.8949458917662734	-0.013919970951974392	0.0550648495554924	1.1247133541489365	1.0199161121276594	0.0027671957671957675	0.01160613529100529	0.00932803	189	0.3439153439153439	0.021164021164021163
