group	tsnr_mean	n_parcels	dataset	subject	session	task	run
cerebellum	34.5627032245913	88	friends	01	001	s01e02a	
cortex_Cont	44.77365426415502	128	friends	01	001	s01e02a	
cortex_Default	42.080435676256464	209	friends	01	001	s01e02a	
cortex_DorsAttn	45.798845205675484	122	friends	01	001	s01e02a	
cortex_Limbic	17.27972496777723	60	friends	01	001	s01e02a	
cortex_SalVentAttn	43.43962598800729	121	friends	01	001	s01e02a	
cortex_SomMot	42.99205531738901	194	friends	01	001	s01e02a	
cortex_Vis	38.774471503896336	162	friends	01	001	s01e02a	
subcortex_CAU	28.125932578385825	8	friends	01	001	s01e02a	
subcortex_PUT	26.856436041323825	8	friends	01	001	s01e02a	
subcortex_THA	27.450435109067545	14	friends	01	001	s01e02a	
cerebellum	32.52092489556415	88	friends	01	001	s01e02b	
cortex_Cont	43.96612627677097	128	friends	01	001	s01e02b	
cortex_Default	40.71830786657757	209	friends	01	001	s01e02b	
cortex_DorsAttn	45.788732860086924	122	friends	01	001	s01e02b	
cortex_Limbic	16.864000459191473	60	friends	01	001	s01e02b	
cortex_SalVentAttn	43.07118035999934	121	friends	01	001	s01e02b	
cortex_SomMot	43.30439107032185	194	friends	01	001	s01e02b	
cortex_Vis	37.35755990478325	162	friends	01	001	s01e02b	
subcortex_CAU	27.341963403767004	8	friends	01	001	s01e02b	
subcortex_PUT	25.878237991765648	8	friends	01	001	s01e02b	
subcortex_THA	27.23242739984815	14	friends	01	001	s01e02b	
cerebellum	31.95138571149056	88	friends	01	001	s01e03a	
cortex_Cont	42.52541400663668	128	friends	01	001	s01e03a	
cortex_Default	39.65751160791371	209	friends	01	001	s01e03a	
cortex_DorsAttn	43.3039915152227	122	friends	01	001	s01e03a	
cortex_Limbic	16.53616961030974	60	friends	01	001	s01e03a	
cortex_SalVentAttn	41.67231657696627	121	friends	01	001	s01e03a	
cortex_SomMot	40.098263671129416	194	friends	01	001	s01e03a	
cortex_Vis	36.586348351136294	162	friends	01	001	s01e03a	
subcortex_CAU	26.572935704097205	8	friends	01	001	s01e03a	
subcortex_PUT	27.07201277464173	8	friends	01	001	s01e03a	
subcortex_THA	26.669134238732223	14	friends	01	001	s01e03a	
cerebellum	34.486230932683526	88	friends	01	001	s01e03b	
cortex_Cont	49.575436806176675	128	friends	01	001	s01e03b	
cortex_Default	45.17740362144606	209	friends	01	001	s01e03b	
cortex_DorsAttn	51.13448264945961	122	friends	01	001	s01e03b	
cortex_Limbic	17.960738145460343	60	friends	01	001	s01e03b	
cortex_SalVentAttn	47.10147161422234	121	friends	01	001	s01e03b	
cortex_SomMot	48.449606828258375	194	friends	01	001	s01e03b	
cortex_Vis	40.72664829307255	162	friends	01	001	s01e03b	
subcortex_CAU	27.85684581877809	8	friends	01	001	s01e03b	
subcortex_PUT	27.364489968831407	8	friends	01	001	s01e03b	
subcortex_THA	27.35767059400425	14	friends	01	001	s01e03b	
cerebellum	28.520788477033715	88	friends	01	002	s01e04a	
cortex_Cont	40.25818054160311	128	friends	01	002	s01e04a	
cortex_Default	37.85541551858774	209	friends	01	002	s01e04a	
cortex_DorsAttn	40.57795693962109	122	friends	01	002	s01e04a	
cortex_Limbic	15.229850827733186	60	friends	01	002	s01e04a	
cortex_SalVentAttn	40.92816198222169	121	friends	01	002	s01e04a	
cortex_SomMot	40.07434510968583	194	friends	01	002	s01e04a	
cortex_Vis	32.0293503780926	162	friends	01	002	s01e04a	
subcortex_CAU	26.344360187118365	8	friends	01	002	s01e04a	
subcortex_PUT	28.16816291973046	8	friends	01	002	s01e04a	
subcortex_THA	26.348544923407037	14	friends	01	002	s01e04a	
cerebellum	33.02478612675872	88	friends	01	002	s01e04b	
cortex_Cont	42.67322477336172	128	friends	01	002	s01e04b	
cortex_Default	40.09643169455777	209	friends	01	002	s01e04b	
cortex_DorsAttn	44.292463817234555	122	friends	01	002	s01e04b	
cortex_Limbic	16.0740510763093	60	friends	01	002	s01e04b	
cortex_SalVentAttn	42.62432446801898	121	friends	01	002	s01e04b	
cortex_SomMot	41.97986285548878	194	friends	01	002	s01e04b	
cortex_Vis	36.3935421564111	162	friends	01	002	s01e04b	
subcortex_CAU	26.96776928182568	8	friends	01	002	s01e04b	
subcortex_PUT	28.071429827696505	8	friends	01	002	s01e04b	
subcortex_THA	26.98908477976483	14	friends	01	002	s01e04b	
cerebellum	33.0665590620573	88	friends	01	002	s01e05a	
cortex_Cont	46.30623903787552	128	friends	01	002	s01e05a	
cortex_Default	42.8749476788957	209	friends	01	002	s01e05a	
cortex_DorsAttn	47.00815606873883	122	friends	01	002	s01e05a	
cortex_Limbic	16.982857102315435	60	friends	01	002	s01e05a	
cortex_SalVentAttn	45.253897480902445	121	friends	01	002	s01e05a	
cortex_SomMot	45.4173564768698	194	friends	01	002	s01e05a	
cortex_Vis	38.14203923344374	162	friends	01	002	s01e05a	
subcortex_CAU	28.365545152121197	8	friends	01	002	s01e05a	
subcortex_PUT	29.01397124282052	8	friends	01	002	s01e05a	
subcortex_THA	27.66279836081304	14	friends	01	002	s01e05a	
cerebellum	30.198371084012468	88	friends	01	002	s01e05b	
cortex_Cont	38.88999631080577	128	friends	01	002	s01e05b	
cortex_Default	36.42371131619777	209	friends	01	002	s01e05b	
cortex_DorsAttn	40.019752530928535	122	friends	01	002	s01e05b	
cortex_Limbic	14.623069765963292	60	friends	01	002	s01e05b	
cortex_SalVentAttn	39.17628218314662	121	friends	01	002	s01e05b	
cortex_SomMot	37.88283401337194	194	friends	01	002	s01e05b	
cortex_Vis	33.052257697471454	162	friends	01	002	s01e05b	
subcortex_CAU	25.82742253500769	8	friends	01	002	s01e05b	
subcortex_PUT	25.902068882933136	8	friends	01	002	s01e05b	
subcortex_THA	25.770700579163677	14	friends	01	002	s01e05b	
cerebellum	31.036672104707748	88	friends	01	003	s01e01a	
cortex_Cont	42.389771014363	128	friends	01	003	s01e01a	
cortex_Default	39.33217437347894	209	friends	01	003	s01e01a	
cortex_DorsAttn	45.11705355883977	122	friends	01	003	s01e01a	
cortex_Limbic	15.698841418961837	60	friends	01	003	s01e01a	
cortex_SalVentAttn	41.651599231769985	121	friends	01	003	s01e01a	
cortex_SomMot	41.623760877781855	194	friends	01	003	s01e01a	
cortex_Vis	36.13212012807508	162	friends	01	003	s01e01a	
subcortex_CAU	25.624183652413535	8	friends	01	003	s01e01a	
subcortex_PUT	26.34507107096813	8	friends	01	003	s01e01a	
subcortex_THA	25.845160354851632	14	friends	01	003	s01e01a	
cerebellum	28.80372880507285	88	friends	01	003	s01e01b	
cortex_Cont	37.730514369798755	128	friends	01	003	s01e01b	
cortex_Default	34.93622704560201	209	friends	01	003	s01e01b	
cortex_DorsAttn	39.198703346730035	122	friends	01	003	s01e01b	
cortex_Limbic	14.000640949925396	60	friends	01	003	s01e01b	
cortex_SalVentAttn	38.40234057638922	121	friends	01	003	s01e01b	
cortex_SomMot	36.91707374969529	194	friends	01	003	s01e01b	
cortex_Vis	31.445610629091256	162	friends	01	003	s01e01b	
subcortex_CAU	23.939055127685155	8	friends	01	003	s01e01b	
subcortex_PUT	25.365229182707033	8	friends	01	003	s01e01b	
subcortex_THA	24.578725890750004	14	friends	01	003	s01e01b	
cerebellum	30.289269746367793	88	friends	01	003	s01e06a	
cortex_Cont	39.51967441909901	128	friends	01	003	s01e06a	
cortex_Default	37.14359168834405	209	friends	01	003	s01e06a	
cortex_DorsAttn	42.27229108118703	122	friends	01	003	s01e06a	
cortex_Limbic	15.004431336583252	60	friends	01	003	s01e06a	
cortex_SalVentAttn	39.33428874270785	121	friends	01	003	s01e06a	
cortex_SomMot	37.981544316499054	194	friends	01	003	s01e06a	
cortex_Vis	35.171308628895815	162	friends	01	003	s01e06a	
subcortex_CAU	24.615910435702034	8	friends	01	003	s01e06a	
subcortex_PUT	26.071859226697853	8	friends	01	003	s01e06a	
subcortex_THA	25.536834861453176	14	friends	01	003	s01e06a	
cerebellum	32.3262053381287	88	friends	01	004	s01e07a	
cortex_Cont	45.6940082811062	128	friends	01	004	s01e07a	
cortex_Default	42.05733818494828	209	friends	01	004	s01e07a	
cortex_DorsAttn	47.04673702860264	122	friends	01	004	s01e07a	
cortex_Limbic	16.57297881144106	60	friends	01	004	s01e07a	
cortex_SalVentAttn	44.33149361649914	121	friends	01	004	s01e07a	
cortex_SomMot	44.823129214720204	194	friends	01	004	s01e07a	
cortex_Vis	37.73451985364859	162	friends	01	004	s01e07a	
subcortex_CAU	26.516335464514636	8	friends	01	004	s01e07a	
subcortex_PUT	27.20128598470468	8	friends	01	004	s01e07a	
subcortex_THA	26.82438975837204	14	friends	01	004	s01e07a	
cerebellum	25.161497099717984	88	friends	01	004	s01e07b	
cortex_Cont	33.85417253203937	128	friends	01	004	s01e07b	
cortex_Default	32.41330073419731	209	friends	01	004	s01e07b	
cortex_DorsAttn	33.41668537190889	122	friends	01	004	s01e07b	
cortex_Limbic	13.646715197157171	60	friends	01	004	s01e07b	
cortex_SalVentAttn	35.600360035853804	121	friends	01	004	s01e07b	
cortex_SomMot	32.51647316321857	194	friends	01	004	s01e07b	
cortex_Vis	27.24590147530475	162	friends	01	004	s01e07b	
subcortex_CAU	23.66470942111017	8	friends	01	004	s01e07b	
subcortex_PUT	24.97653413078904	8	friends	01	004	s01e07b	
subcortex_THA	24.467814457702875	14	friends	01	004	s01e07b	
cerebellum	32.95893751069142	88	friends	01	004	s01e08a	
cortex_Cont	45.845968870980144	128	friends	01	004	s01e08a	
cortex_Default	42.88130541889799	209	friends	01	004	s01e08a	
cortex_DorsAttn	45.80715459141713	122	friends	01	004	s01e08a	
cortex_Limbic	17.29006893138366	60	friends	01	004	s01e08a	
cortex_SalVentAttn	44.23949078912253	121	friends	01	004	s01e08a	
cortex_SomMot	44.159587532769336	194	friends	01	004	s01e08a	
cortex_Vis	37.59278364339058	162	friends	01	004	s01e08a	
subcortex_CAU	27.45755730706481	8	friends	01	004	s01e08a	
subcortex_PUT	27.07145701519391	8	friends	01	004	s01e08a	
subcortex_THA	27.159748079774154	14	friends	01	004	s01e08a	
cerebellum	33.55945628709036	88	friends	01	004	s01e08b	
cortex_Cont	44.263255988023026	128	friends	01	004	s01e08b	
cortex_Default	41.55152476535364	209	friends	01	004	s01e08b	
cortex_DorsAttn	46.02419954826203	122	friends	01	004	s01e08b	
cortex_Limbic	16.488074163561002	60	friends	01	004	s01e08b	
cortex_SalVentAttn	43.5997796023366	121	friends	01	004	s01e08b	
cortex_SomMot	43.51667479169097	194	friends	01	004	s01e08b	
cortex_Vis	37.304501326522185	162	friends	01	004	s01e08b	
subcortex_CAU	26.65203302565041	8	friends	01	004	s01e08b	
subcortex_PUT	26.48100297193524	8	friends	01	004	s01e08b	
subcortex_THA	26.925502535069718	14	friends	01	004	s01e08b	
cerebellum	30.468362416023194	88	friends	01	004	s01e09a	
cortex_Cont	40.81786822371663	128	friends	01	004	s01e09a	
cortex_Default	38.29131915326106	209	friends	01	004	s01e09a	
cortex_DorsAttn	41.99995156349759	122	friends	01	004	s01e09a	
cortex_Limbic	16.024920537649102	60	friends	01	004	s01e09a	
cortex_SalVentAttn	41.638449823918094	121	friends	01	004	s01e09a	
cortex_SomMot	40.77679618831022	194	friends	01	004	s01e09a	
cortex_Vis	34.00551848427485	162	friends	01	004	s01e09a	
subcortex_CAU	25.55539663149748	8	friends	01	004	s01e09a	
subcortex_PUT	25.83152352138332	8	friends	01	004	s01e09a	
subcortex_THA	26.606437515856282	14	friends	01	004	s01e09a	
cerebellum	31.2861855982803	88	friends	01	004	s01e09b	
cortex_Cont	42.34672558537223	128	friends	01	004	s01e09b	
cortex_Default	39.68486456985667	209	friends	01	004	s01e09b	
cortex_DorsAttn	43.75579268082981	122	friends	01	004	s01e09b	
cortex_Limbic	16.19625820295657	60	friends	01	004	s01e09b	
cortex_SalVentAttn	42.014982146679316	121	friends	01	004	s01e09b	
cortex_SomMot	41.58451134350963	194	friends	01	004	s01e09b	
cortex_Vis	35.694038057883276	162	friends	01	004	s01e09b	
subcortex_CAU	25.898453679241506	8	friends	01	004	s01e09b	
subcortex_PUT	26.132819457462684	8	friends	01	004	s01e09b	
subcortex_THA	26.757648709439675	14	friends	01	004	s01e09b	
cerebellum	26.392923237057392	88	friends	01	005	s01e10a	
cortex_Cont	35.70139876085775	128	friends	01	005	s01e10a	
cortex_Default	33.901705325322204	209	friends	01	005	s01e10a	
cortex_DorsAttn	35.85469162171663	122	friends	01	005	s01e10a	
cortex_Limbic	14.187280910438233	60	friends	01	005	s01e10a	
cortex_SalVentAttn	37.05068118244816	121	friends	01	005	s01e10a	
cortex_SomMot	34.82344138990766	194	friends	01	005	s01e10a	
cortex_Vis	29.195274436280087	162	friends	01	005	s01e10a	
subcortex_CAU	24.298019874656653	8	friends	01	005	s01e10a	
subcortex_PUT	25.562883711560875	8	friends	01	005	s01e10a	
subcortex_THA	25.28088930876436	14	friends	01	005	s01e10a	
cerebellum	29.90168387052643	88	friends	01	005	s01e10b	
cortex_Cont	44.10117823823494	128	friends	01	005	s01e10b	
cortex_Default	40.30084159643727	209	friends	01	005	s01e10b	
cortex_DorsAttn	44.39649165302803	122	friends	01	005	s01e10b	
cortex_Limbic	16.12319314624335	60	friends	01	005	s01e10b	
cortex_SalVentAttn	42.642354860186465	121	friends	01	005	s01e10b	
cortex_SomMot	42.899882805062035	194	friends	01	005	s01e10b	
cortex_Vis	34.103572775736254	162	friends	01	005	s01e10b	
subcortex_CAU	26.87659799961971	8	friends	01	005	s01e10b	
subcortex_PUT	26.392817393600588	8	friends	01	005	s01e10b	
subcortex_THA	26.300657237934495	14	friends	01	005	s01e10b	
cerebellum	26.21237307051325	88	friends	01	005	s01e11a	
cortex_Cont	36.06693819885024	128	friends	01	005	s01e11a	
cortex_Default	33.42918051469246	209	friends	01	005	s01e11a	
cortex_DorsAttn	36.60158778447979	122	friends	01	005	s01e11a	
cortex_Limbic	13.781951311519164	60	friends	01	005	s01e11a	
cortex_SalVentAttn	36.36829645958393	121	friends	01	005	s01e11a	
cortex_SomMot	35.00835791817692	194	friends	01	005	s01e11a	
cortex_Vis	28.523395735631855	162	friends	01	005	s01e11a	
subcortex_CAU	24.500213353326714	8	friends	01	005	s01e11a	
subcortex_PUT	24.549286399651997	8	friends	01	005	s01e11a	
subcortex_THA	24.37421266446412	14	friends	01	005	s01e11a	
cerebellum	28.98459963141393	88	friends	01	005	s01e11b	
cortex_Cont	36.28793791849071	128	friends	01	005	s01e11b	
cortex_Default	33.89897510200317	209	friends	01	005	s01e11b	
cortex_DorsAttn	38.84191229944873	122	friends	01	005	s01e11b	
cortex_Limbic	14.287406240367948	60	friends	01	005	s01e11b	
cortex_SalVentAttn	36.90398387280018	121	friends	01	005	s01e11b	
cortex_SomMot	35.80853441134796	194	friends	01	005	s01e11b	
cortex_Vis	31.40270084875109	162	friends	01	005	s01e11b	
subcortex_CAU	23.36893333550302	8	friends	01	005	s01e11b	
subcortex_PUT	24.32296001178083	8	friends	01	005	s01e11b	
subcortex_THA	24.9461483497795	14	friends	01	005	s01e11b	
cerebellum	30.807513140395848	88	friends	01	006	s01e12a	
cortex_Cont	41.142371362588946	128	friends	01	006	s01e12a	
cortex_Default	39.63460865851578	209	friends	01	006	s01e12a	
cortex_DorsAttn	42.938241795760426	122	friends	01	006	s01e12a	
cortex_Limbic	16.138309691174324	60	friends	01	006	s01e12a	
cortex_SalVentAttn	42.506656347513925	121	friends	01	006	s01e12a	
cortex_SomMot	42.42808078754548	194	friends	01	006	s01e12a	
cortex_Vis	34.75100370071691	162	friends	01	006	s01e12a	
subcortex_CAU	26.760372333391807	8	friends	01	006	s01e12a	
subcortex_PUT	27.668352267980694	8	friends	01	006	s01e12a	
subcortex_THA	27.49366210527004	14	friends	01	006	s01e12a	
cerebellum	31.119679753341394	88	friends	01	006	s01e12b	
cortex_Cont	43.73096380550846	128	friends	01	006	s01e12b	
cortex_Default	41.22583080066313	209	friends	01	006	s01e12b	
cortex_DorsAttn	44.561959910151465	122	friends	01	006	s01e12b	
cortex_Limbic	16.634710962524004	60	friends	01	006	s01e12b	
cortex_SalVentAttn	44.48039189987361	121	friends	01	006	s01e12b	
cortex_SomMot	44.69279677315595	194	friends	01	006	s01e12b	
cortex_Vis	35.34556159908453	162	friends	01	006	s01e12b	
subcortex_CAU	27.479100336671472	8	friends	01	006	s01e12b	
subcortex_PUT	27.681424217803713	8	friends	01	006	s01e12b	
subcortex_THA	27.542991387341452	14	friends	01	006	s01e12b	
cerebellum	31.689066753319047	88	friends	01	006	s01e13b	
cortex_Cont	42.83833041111643	128	friends	01	006	s01e13b	
cortex_Default	40.244033605640716	209	friends	01	006	s01e13b	
cortex_DorsAttn	44.42803415815241	122	friends	01	006	s01e13b	
cortex_Limbic	16.10090577081997	60	friends	01	006	s01e13b	
cortex_SalVentAttn	42.27627652129698	121	friends	01	006	s01e13b	
cortex_SomMot	42.23316301164967	194	friends	01	006	s01e13b	
cortex_Vis	36.13311722791407	162	friends	01	006	s01e13b	
subcortex_CAU	25.7681191207608	8	friends	01	006	s01e13b	
subcortex_PUT	27.014366228668745	8	friends	01	006	s01e13b	
subcortex_THA	26.351821052383286	14	friends	01	006	s01e13b	
cerebellum	29.198732291413407	88	friends	01	006	s01e14a	
cortex_Cont	40.766901356351475	128	friends	01	006	s01e14a	
cortex_Default	38.30001023087712	209	friends	01	006	s01e14a	
cortex_DorsAttn	41.86252989285766	122	friends	01	006	s01e14a	
cortex_Limbic	15.598586152083827	60	friends	01	006	s01e14a	
cortex_SalVentAttn	40.75818095123438	121	friends	01	006	s01e14a	
cortex_SomMot	39.96599031434711	194	friends	01	006	s01e14a	
cortex_Vis	33.21867516230001	162	friends	01	006	s01e14a	
subcortex_CAU	25.39669667138712	8	friends	01	006	s01e14a	
subcortex_PUT	26.66906096521776	8	friends	01	006	s01e14a	
subcortex_THA	25.896198224987277	14	friends	01	006	s01e14a	
cerebellum	31.107225603869548	88	friends	01	006	s01e14b	
cortex_Cont	42.42226648789919	128	friends	01	006	s01e14b	
cortex_Default	39.972749117796106	209	friends	01	006	s01e14b	
cortex_DorsAttn	43.78865418457117	122	friends	01	006	s01e14b	
cortex_Limbic	16.333366559678755	60	friends	01	006	s01e14b	
cortex_SalVentAttn	42.337278473381616	121	friends	01	006	s01e14b	
cortex_SomMot	42.22142053550993	194	friends	01	006	s01e14b	
cortex_Vis	35.14934250665435	162	friends	01	006	s01e14b	
subcortex_CAU	26.116058738070222	8	friends	01	006	s01e14b	
subcortex_PUT	26.322533706453196	8	friends	01	006	s01e14b	
subcortex_THA	26.786995127506326	14	friends	01	006	s01e14b	
cerebellum	28.736669377424697	88	friends	01	007	s01e15a	
cortex_Cont	41.3036203267573	128	friends	01	007	s01e15a	
cortex_Default	38.70613099456009	209	friends	01	007	s01e15a	
cortex_DorsAttn	40.546524916119274	122	friends	01	007	s01e15a	
cortex_Limbic	16.254476051510604	60	friends	01	007	s01e15a	
cortex_SalVentAttn	41.43047611268541	121	friends	01	007	s01e15a	
cortex_SomMot	39.98607500865364	194	friends	01	007	s01e15a	
cortex_Vis	32.80353464274763	162	friends	01	007	s01e15a	
subcortex_CAU	26.891521840809858	8	friends	01	007	s01e15a	
subcortex_PUT	26.975776469158603	8	friends	01	007	s01e15a	
subcortex_THA	26.668459643768873	14	friends	01	007	s01e15a	
cerebellum	27.56244353716845	88	friends	01	007	s01e15b	
cortex_Cont	38.25307525816432	128	friends	01	007	s01e15b	
cortex_Default	35.93223505839204	209	friends	01	007	s01e15b	
cortex_DorsAttn	38.81365242457903	122	friends	01	007	s01e15b	
cortex_Limbic	14.543286828912867	60	friends	01	007	s01e15b	
cortex_SalVentAttn	37.992997297045825	121	friends	01	007	s01e15b	
cortex_SomMot	36.395696340041546	194	friends	01	007	s01e15b	
cortex_Vis	31.42638908773785	162	friends	01	007	s01e15b	
subcortex_CAU	24.297944522800194	8	friends	01	007	s01e15b	
subcortex_PUT	25.91073732483232	8	friends	01	007	s01e15b	
subcortex_THA	24.94114206635404	14	friends	01	007	s01e15b	
cerebellum	31.423143843525427	88	friends	01	007	s01e16a	
cortex_Cont	41.70001130449427	128	friends	01	007	s01e16a	
cortex_Default	39.90069234630296	209	friends	01	007	s01e16a	
cortex_DorsAttn	42.676817794795696	122	friends	01	007	s01e16a	
cortex_Limbic	16.303896786495525	60	friends	01	007	s01e16a	
cortex_SalVentAttn	41.204923556315904	121	friends	01	007	s01e16a	
cortex_SomMot	39.801860257433866	194	friends	01	007	s01e16a	
cortex_Vis	36.670284928434995	162	friends	01	007	s01e16a	
subcortex_CAU	25.831803714699156	8	friends	01	007	s01e16a	
subcortex_PUT	27.19068408762739	8	friends	01	007	s01e16a	
subcortex_THA	26.490445238239378	14	friends	01	007	s01e16a	
cerebellum	30.360736553491904	88	friends	01	007	s01e16b	
cortex_Cont	41.956794691052465	128	friends	01	007	s01e16b	
cortex_Default	39.82313047704281	209	friends	01	007	s01e16b	
cortex_DorsAttn	42.789893058912945	122	friends	01	007	s01e16b	
cortex_Limbic	16.027470908111994	60	friends	01	007	s01e16b	
cortex_SalVentAttn	41.473559181454235	121	friends	01	007	s01e16b	
cortex_SomMot	40.779248346920554	194	friends	01	007	s01e16b	
cortex_Vis	35.3908995112033	162	friends	01	007	s01e16b	
subcortex_CAU	26.09188075233898	8	friends	01	007	s01e16b	
subcortex_PUT	26.89194952850183	8	friends	01	007	s01e16b	
subcortex_THA	26.259596003773854	14	friends	01	007	s01e16b	
cerebellum	30.87654466652192	88	friends	01	007	s01e17a	
cortex_Cont	41.65254924985401	128	friends	01	007	s01e17a	
cortex_Default	39.42192360020129	209	friends	01	007	s01e17a	
cortex_DorsAttn	43.11513526368316	122	friends	01	007	s01e17a	
cortex_Limbic	16.023587358907303	60	friends	01	007	s01e17a	
cortex_SalVentAttn	41.41376898664726	121	friends	01	007	s01e17a	
cortex_SomMot	40.596734002609494	194	friends	01	007	s01e17a	
cortex_Vis	35.29725117255913	162	friends	01	007	s01e17a	
subcortex_CAU	25.7001844773129	8	friends	01	007	s01e17a	
subcortex_PUT	26.38776052206771	8	friends	01	007	s01e17a	
subcortex_THA	26.088949532204698	14	friends	01	007	s01e17a	
cerebellum	26.20003913689375	88	friends	01	007	s01e17b	
cortex_Cont	38.06259253601017	128	friends	01	007	s01e17b	
cortex_Default	35.90342816923509	209	friends	01	007	s01e17b	
cortex_DorsAttn	37.62671646618456	122	friends	01	007	s01e17b	
cortex_Limbic	15.642925690375932	60	friends	01	007	s01e17b	
cortex_SalVentAttn	39.36665083858722	121	friends	01	007	s01e17b	
cortex_SomMot	37.25500346100117	194	friends	01	007	s01e17b	
cortex_Vis	30.38852233287691	162	friends	01	007	s01e17b	
subcortex_CAU	25.978266746349398	8	friends	01	007	s01e17b	
subcortex_PUT	25.971463099223442	8	friends	01	007	s01e17b	
subcortex_THA	25.87522260952198	14	friends	01	007	s01e17b	
cerebellum	33.99686634692527	88	friends	01	008	s01e18a	
cortex_Cont	44.35979523888328	128	friends	01	008	s01e18a	
cortex_Default	42.06376315700307	209	friends	01	008	s01e18a	
cortex_DorsAttn	48.93624220236963	122	friends	01	008	s01e18a	
cortex_Limbic	16.6160810974666	60	friends	01	008	s01e18a	
cortex_SalVentAttn	44.308943135086906	121	friends	01	008	s01e18a	
cortex_SomMot	45.69133657671968	194	friends	01	008	s01e18a	
cortex_Vis	39.55136048984693	162	friends	01	008	s01e18a	
subcortex_CAU	26.41224395650374	8	friends	01	008	s01e18a	
subcortex_PUT	27.171568532767928	8	friends	01	008	s01e18a	
subcortex_THA	27.51688682659604	14	friends	01	008	s01e18a	
cerebellum	32.02152733391471	88	friends	01	008	s01e18b	
cortex_Cont	43.75689608141359	128	friends	01	008	s01e18b	
cortex_Default	41.16840932110634	209	friends	01	008	s01e18b	
cortex_DorsAttn	45.8438542578241	122	friends	01	008	s01e18b	
cortex_Limbic	16.700512477217572	60	friends	01	008	s01e18b	
cortex_SalVentAttn	43.28058259181212	121	friends	01	008	s01e18b	
cortex_SomMot	43.33605179532468	194	friends	01	008	s01e18b	
cortex_Vis	37.657812439420375	162	friends	01	008	s01e18b	
subcortex_CAU	26.51826916890723	8	friends	01	008	s01e18b	
subcortex_PUT	27.579899482731186	8	friends	01	008	s01e18b	
subcortex_THA	26.941822375927448	14	friends	01	008	s01e18b	
cerebellum	34.896225717472596	88	friends	01	008	s01e19a	
cortex_Cont	48.627153287479935	128	friends	01	008	s01e19a	
cortex_Default	45.388955731356	209	friends	01	008	s01e19a	
cortex_DorsAttn	50.03081921545184	122	friends	01	008	s01e19a	
cortex_Limbic	18.00397076423494	60	friends	01	008	s01e19a	
cortex_SalVentAttn	46.863472135677426	121	friends	01	008	s01e19a	
cortex_SomMot	49.144448501218555	194	friends	01	008	s01e19a	
cortex_Vis	40.48833031289	162	friends	01	008	s01e19a	
subcortex_CAU	27.622667461376743	8	friends	01	008	s01e19a	
subcortex_PUT	27.51324767562285	8	friends	01	008	s01e19a	
subcortex_THA	27.688807741348878	14	friends	01	008	s01e19a	
cerebellum	31.062539963192922	88	friends	01	008	s01e19b	
cortex_Cont	43.637518614930556	128	friends	01	008	s01e19b	
cortex_Default	41.356037014319796	209	friends	01	008	s01e19b	
cortex_DorsAttn	45.875894228302805	122	friends	01	008	s01e19b	
cortex_Limbic	16.893262278560318	60	friends	01	008	s01e19b	
cortex_SalVentAttn	44.73695601272626	121	friends	01	008	s01e19b	
cortex_SomMot	45.952162951962414	194	friends	01	008	s01e19b	
cortex_Vis	36.44013084926159	162	friends	01	008	s01e19b	
subcortex_CAU	27.312848611146002	8	friends	01	008	s01e19b	
subcortex_PUT	27.36140205403651	8	friends	01	008	s01e19b	
subcortex_THA	27.721977962689998	14	friends	01	008	s01e19b	
cerebellum	33.07359550759875	88	friends	01	009	s01e20a	
cortex_Cont	43.48071925174603	128	friends	01	009	s01e20a	
cortex_Default	41.522892660758764	209	friends	01	009	s01e20a	
cortex_DorsAttn	44.942900205786934	122	friends	01	009	s01e20a	
cortex_Limbic	16.79680809891015	60	friends	01	009	s01e20a	
cortex_SalVentAttn	43.05712252448386	121	friends	01	009	s01e20a	
cortex_SomMot	43.05212133517542	194	friends	01	009	s01e20a	
cortex_Vis	37.12301973917206	162	friends	01	009	s01e20a	
subcortex_CAU	27.22389490261094	8	friends	01	009	s01e20a	
subcortex_PUT	27.013876276414308	8	friends	01	009	s01e20a	
subcortex_THA	27.135073112730595	14	friends	01	009	s01e20a	
cerebellum	30.838060691033913	88	friends	01	009	s01e20b	
cortex_Cont	43.673338962839885	128	friends	01	009	s01e20b	
cortex_Default	41.35511887093032	209	friends	01	009	s01e20b	
cortex_DorsAttn	43.82451106771014	122	friends	01	009	s01e20b	
cortex_Limbic	17.303882076365195	60	friends	01	009	s01e20b	
cortex_SalVentAttn	43.50505682018903	121	friends	01	009	s01e20b	
cortex_SomMot	43.11226265495731	194	friends	01	009	s01e20b	
cortex_Vis	35.44723076552571	162	friends	01	009	s01e20b	
subcortex_CAU	28.06013184010959	8	friends	01	009	s01e20b	
subcortex_PUT	27.53358414019064	8	friends	01	009	s01e20b	
subcortex_THA	27.061410346640084	14	friends	01	009	s01e20b	
cerebellum	29.58707340335093	88	friends	01	009	s01e21a	
cortex_Cont	41.932811464013696	128	friends	01	009	s01e21a	
cortex_Default	39.647466108354834	209	friends	01	009	s01e21a	
cortex_DorsAttn	42.07714571192646	122	friends	01	009	s01e21a	
cortex_Limbic	16.432017352215716	60	friends	01	009	s01e21a	
cortex_SalVentAttn	41.73508573020226	121	friends	01	009	s01e21a	
cortex_SomMot	41.123046256654554	194	friends	01	009	s01e21a	
cortex_Vis	33.61370218993348	162	friends	01	009	s01e21a	
subcortex_CAU	26.892793960161477	8	friends	01	009	s01e21a	
subcortex_PUT	27.351844180672554	8	friends	01	009	s01e21a	
subcortex_THA	26.481894470539284	14	friends	01	009	s01e21a	
cerebellum	36.565058378207056	88	friends	01	009	s01e21b	
cortex_Cont	47.48106505854416	128	friends	01	009	s01e21b	
cortex_Default	44.593807285056265	209	friends	01	009	s01e21b	
cortex_DorsAttn	51.056304278893506	122	friends	01	009	s01e21b	
cortex_Limbic	18.199373884831495	60	friends	01	009	s01e21b	
cortex_SalVentAttn	45.27046824229576	121	friends	01	009	s01e21b	
cortex_SomMot	47.49677177445617	194	friends	01	009	s01e21b	
cortex_Vis	41.5275213000027	162	friends	01	009	s01e21b	
subcortex_CAU	27.91774413092573	8	friends	01	009	s01e21b	
subcortex_PUT	27.573896326178545	8	friends	01	009	s01e21b	
subcortex_THA	27.448229171729214	14	friends	01	009	s01e21b	
cerebellum	30.58226642252943	88	friends	01	009	s01e22a	
cortex_Cont	44.16574420861961	128	friends	01	009	s01e22a	
cortex_Default	41.83554591821446	209	friends	01	009	s01e22a	
cortex_DorsAttn	44.05338233405649	122	friends	01	009	s01e22a	
cortex_Limbic	17.91672697469367	60	friends	01	009	s01e22a	
cortex_SalVentAttn	43.29513580862451	121	friends	01	009	s01e22a	
cortex_SomMot	42.81627397427948	194	friends	01	009	s01e22a	
cortex_Vis	36.031031544416464	162	friends	01	009	s01e22a	
subcortex_CAU	27.015995320187514	8	friends	01	009	s01e22a	
subcortex_PUT	27.68204297379645	8	friends	01	009	s01e22a	
subcortex_THA	26.90282989777637	14	friends	01	009	s01e22a	
cerebellum	34.39098630639238	88	friends	01	009	s01e22b	
cortex_Cont	46.348366207761984	128	friends	01	009	s01e22b	
cortex_Default	43.44423416742758	209	friends	01	009	s01e22b	
cortex_DorsAttn	48.36366966284505	122	friends	01	009	s01e22b	
cortex_Limbic	18.12078170524126	60	friends	01	009	s01e22b	
cortex_SalVentAttn	44.985615960232934	121	friends	01	009	s01e22b	
cortex_SomMot	46.39763405801999	194	friends	01	009	s01e22b	
cortex_Vis	39.16244247901552	162	friends	01	009	s01e22b	
subcortex_CAU	27.62489812303076	8	friends	01	009	s01e22b	
subcortex_PUT	28.155463756140602	8	friends	01	009	s01e22b	
subcortex_THA	27.219801623035522	14	friends	01	009	s01e22b	
cerebellum	30.00263609606333	88	friends	01	010	s01e23a	
cortex_Cont	40.71779715726919	128	friends	01	010	s01e23a	
cortex_Default	38.56613914837794	209	friends	01	010	s01e23a	
cortex_DorsAttn	43.06354557937846	122	friends	01	010	s01e23a	
cortex_Limbic	15.867025051650618	60	friends	01	010	s01e23a	
cortex_SalVentAttn	41.163591636755115	121	friends	01	010	s01e23a	
cortex_SomMot	41.515137300293674	194	friends	01	010	s01e23a	
cortex_Vis	33.827189964210326	162	friends	01	010	s01e23a	
subcortex_CAU	25.904947667331328	8	friends	01	010	s01e23a	
subcortex_PUT	26.15597775094853	8	friends	01	010	s01e23a	
subcortex_THA	26.806806738873842	14	friends	01	010	s01e23a	
cerebellum	34.938797451370995	88	friends	01	010	s01e23b	
cortex_Cont	46.01690792894407	128	friends	01	010	s01e23b	
cortex_Default	43.08438373186773	209	friends	01	010	s01e23b	
cortex_DorsAttn	48.658711561655146	122	friends	01	010	s01e23b	
cortex_Limbic	17.29638653260488	60	friends	01	010	s01e23b	
cortex_SalVentAttn	44.725041041473375	121	friends	01	010	s01e23b	
cortex_SomMot	46.537213108605755	194	friends	01	010	s01e23b	
cortex_Vis	40.4074959902441	162	friends	01	010	s01e23b	
subcortex_CAU	27.495756293304563	8	friends	01	010	s01e23b	
subcortex_PUT	27.662694896947848	8	friends	01	010	s01e23b	
subcortex_THA	27.53915405011906	14	friends	01	010	s01e23b	
cerebellum	34.565521578779176	88	friends	01	010	s01e24a	
cortex_Cont	45.14109280632145	128	friends	01	010	s01e24a	
cortex_Default	43.39482723091579	209	friends	01	010	s01e24a	
cortex_DorsAttn	49.107884614374726	122	friends	01	010	s01e24a	
cortex_Limbic	17.7917348758759	60	friends	01	010	s01e24a	
cortex_SalVentAttn	44.27662264604726	121	friends	01	010	s01e24a	
cortex_SomMot	44.74230691660569	194	friends	01	010	s01e24a	
cortex_Vis	41.666543266834594	162	friends	01	010	s01e24a	
subcortex_CAU	27.00300976524082	8	friends	01	010	s01e24a	
subcortex_PUT	27.695102135116816	8	friends	01	010	s01e24a	
subcortex_THA	27.31705153357823	14	friends	01	010	s01e24a	
cerebellum	32.79369176825989	88	friends	01	010	s01e24b	
cortex_Cont	41.996236276306135	128	friends	01	010	s01e24b	
cortex_Default	40.33661854068269	209	friends	01	010	s01e24b	
cortex_DorsAttn	45.8892230878254	122	friends	01	010	s01e24b	
cortex_Limbic	16.67670547419331	60	friends	01	010	s01e24b	
cortex_SalVentAttn	41.519770531661365	121	friends	01	010	s01e24b	
cortex_SomMot	41.806874583613556	194	friends	01	010	s01e24b	
cortex_Vis	37.98653892970204	162	friends	01	010	s01e24b	
subcortex_CAU	25.862580585451163	8	friends	01	010	s01e24b	
subcortex_PUT	26.257631197902015	8	friends	01	010	s01e24b	
subcortex_THA	26.728712976828426	14	friends	01	010	s01e24b	
cerebellum	30.63354041433905	88	friends	01	010	s02e01a	
cortex_Cont	41.64768686917304	128	friends	01	010	s02e01a	
cortex_Default	40.05202388856196	209	friends	01	010	s02e01a	
cortex_DorsAttn	43.773060955997295	122	friends	01	010	s02e01a	
cortex_Limbic	16.954558971546906	60	friends	01	010	s02e01a	
cortex_SalVentAttn	41.87415224616588	121	friends	01	010	s02e01a	
cortex_SomMot	42.08530409651734	194	friends	01	010	s02e01a	
cortex_Vis	35.55512916141432	162	friends	01	010	s02e01a	
subcortex_CAU	27.02407823714194	8	friends	01	010	s02e01a	
subcortex_PUT	26.553793613386112	8	friends	01	010	s02e01a	
subcortex_THA	26.82355747538444	14	friends	01	010	s02e01a	
cerebellum	28.253101040626802	88	friends	01	010	s02e01b	
cortex_Cont	39.10633670444321	128	friends	01	010	s02e01b	
cortex_Default	37.20573114430669	209	friends	01	010	s02e01b	
cortex_DorsAttn	41.8494142689968	122	friends	01	010	s02e01b	
cortex_Limbic	15.564913854770928	60	friends	01	010	s02e01b	
cortex_SalVentAttn	39.09181858122679	121	friends	01	010	s02e01b	
cortex_SomMot	39.3811385339494	194	friends	01	010	s02e01b	
cortex_Vis	32.298549174543204	162	friends	01	010	s02e01b	
subcortex_CAU	24.995368841892592	8	friends	01	010	s02e01b	
subcortex_PUT	25.681953769008132	8	friends	01	010	s02e01b	
subcortex_THA	26.054572561097586	14	friends	01	010	s02e01b	
cerebellum	32.79928496805302	88	friends	01	011	s02e02a	
cortex_Cont	45.035704993362614	128	friends	01	011	s02e02a	
cortex_Default	42.37309128749559	209	friends	01	011	s02e02a	
cortex_DorsAttn	48.14409648134931	122	friends	01	011	s02e02a	
cortex_Limbic	16.62766979320316	60	friends	01	011	s02e02a	
cortex_SalVentAttn	44.666023122141745	121	friends	01	011	s02e02a	
cortex_SomMot	46.91084649567585	194	friends	01	011	s02e02a	
cortex_Vis	38.49107509019411	162	friends	01	011	s02e02a	
subcortex_CAU	27.388760168948533	8	friends	01	011	s02e02a	
subcortex_PUT	27.47411080439477	8	friends	01	011	s02e02a	
subcortex_THA	27.79463510077605	14	friends	01	011	s02e02a	
cerebellum	32.89717386731821	88	friends	01	011	s02e02b	
cortex_Cont	44.71774429721044	128	friends	01	011	s02e02b	
cortex_Default	42.64339393149105	209	friends	01	011	s02e02b	
cortex_DorsAttn	46.87938670038419	122	friends	01	011	s02e02b	
cortex_Limbic	16.262277815515617	60	friends	01	011	s02e02b	
cortex_SalVentAttn	44.19426956996398	121	friends	01	011	s02e02b	
cortex_SomMot	44.51688468495182	194	friends	01	011	s02e02b	
cortex_Vis	38.83862267642333	162	friends	01	011	s02e02b	
subcortex_CAU	27.940537136243936	8	friends	01	011	s02e02b	
subcortex_PUT	27.893809528066217	8	friends	01	011	s02e02b	
subcortex_THA	27.893733372712024	14	friends	01	011	s02e02b	
cerebellum	33.2800463088276	88	friends	01	011	s02e03a	
cortex_Cont	46.490104984212834	128	friends	01	011	s02e03a	
cortex_Default	43.77223687649754	209	friends	01	011	s02e03a	
cortex_DorsAttn	49.756493129470826	122	friends	01	011	s02e03a	
cortex_Limbic	17.541477296662702	60	friends	01	011	s02e03a	
cortex_SalVentAttn	46.96839058422664	121	friends	01	011	s02e03a	
cortex_SomMot	49.289496110805395	194	friends	01	011	s02e03a	
cortex_Vis	38.94159387914567	162	friends	01	011	s02e03a	
subcortex_CAU	28.22711533752911	8	friends	01	011	s02e03a	
subcortex_PUT	28.740030645691725	8	friends	01	011	s02e03a	
subcortex_THA	28.156145371146096	14	friends	01	011	s02e03a	
cerebellum	31.496873645230245	88	friends	01	011	s02e03b	
cortex_Cont	44.94460901488754	128	friends	01	011	s02e03b	
cortex_Default	41.99664370637808	209	friends	01	011	s02e03b	
cortex_DorsAttn	46.9154294393115	122	friends	01	011	s02e03b	
cortex_Limbic	16.333761017200526	60	friends	01	011	s02e03b	
cortex_SalVentAttn	44.24943745264235	121	friends	01	011	s02e03b	
cortex_SomMot	44.44112986270401	194	friends	01	011	s02e03b	
cortex_Vis	38.6225009348186	162	friends	01	011	s02e03b	
subcortex_CAU	27.2725974863588	8	friends	01	011	s02e03b	
subcortex_PUT	27.292308239092915	8	friends	01	011	s02e03b	
subcortex_THA	27.607967706866976	14	friends	01	011	s02e03b	
cerebellum	32.384652798669315	88	friends	01	011	s02e04a	
cortex_Cont	40.36381593078048	128	friends	01	011	s02e04a	
cortex_Default	38.85990065998904	209	friends	01	011	s02e04a	
cortex_DorsAttn	43.488788958171135	122	friends	01	011	s02e04a	
cortex_Limbic	15.42975140694897	60	friends	01	011	s02e04a	
cortex_SalVentAttn	40.66405365406904	121	friends	01	011	s02e04a	
cortex_SomMot	40.99604150168875	194	friends	01	011	s02e04a	
cortex_Vis	36.07206104086009	162	friends	01	011	s02e04a	
subcortex_CAU	25.54422126074826	8	friends	01	011	s02e04a	
subcortex_PUT	25.547496544614162	8	friends	01	011	s02e04a	
subcortex_THA	26.944421327584614	14	friends	01	011	s02e04a	
cerebellum	32.083007239063484	88	friends	01	011	s02e04b	
cortex_Cont	39.52865885039529	128	friends	01	011	s02e04b	
cortex_Default	37.692102664105796	209	friends	01	011	s02e04b	
cortex_DorsAttn	43.46678764178446	122	friends	01	011	s02e04b	
cortex_Limbic	14.97321597747978	60	friends	01	011	s02e04b	
cortex_SalVentAttn	39.39718049975613	121	friends	01	011	s02e04b	
cortex_SomMot	39.34566052732927	194	friends	01	011	s02e04b	
cortex_Vis	36.53153050036501	162	friends	01	011	s02e04b	
subcortex_CAU	24.69550818533587	8	friends	01	011	s02e04b	
subcortex_PUT	24.981288524675882	8	friends	01	011	s02e04b	
subcortex_THA	26.156377743576204	14	friends	01	011	s02e04b	
cerebellum	27.159509664137033	88	friends	01	011	s02e05a	
cortex_Cont	36.38277009609807	128	friends	01	011	s02e05a	
cortex_Default	34.7689141040411	209	friends	01	011	s02e05a	
cortex_DorsAttn	37.10395828117346	122	friends	01	011	s02e05a	
cortex_Limbic	14.576072582238796	60	friends	01	011	s02e05a	
cortex_SalVentAttn	37.925308132665506	121	friends	01	011	s02e05a	
cortex_SomMot	36.10466727361709	194	friends	01	011	s02e05a	
cortex_Vis	30.823642898928018	162	friends	01	011	s02e05a	
subcortex_CAU	24.7647236665972	8	friends	01	011	s02e05a	
subcortex_PUT	25.336365865278943	8	friends	01	011	s02e05a	
subcortex_THA	25.77753051710678	14	friends	01	011	s02e05a	
cerebellum	31.832832924588352	88	friends	01	011	s02e05b	
cortex_Cont	41.15893746332556	128	friends	01	011	s02e05b	
cortex_Default	39.574962286891115	209	friends	01	011	s02e05b	
cortex_DorsAttn	44.98082608635144	122	friends	01	011	s02e05b	
cortex_Limbic	16.032957788305474	60	friends	01	011	s02e05b	
cortex_SalVentAttn	40.75902893823408	121	friends	01	011	s02e05b	
cortex_SomMot	40.58073431560678	194	friends	01	011	s02e05b	
cortex_Vis	36.88131182748094	162	friends	01	011	s02e05b	
subcortex_CAU	25.350343068493	8	friends	01	011	s02e05b	
subcortex_PUT	25.286075559517528	8	friends	01	011	s02e05b	
subcortex_THA	26.500403860243555	14	friends	01	011	s02e05b	
cerebellum	28.58350434878491	88	friends	01	012	s02e06a	
cortex_Cont	37.752383360201385	128	friends	01	012	s02e06a	
cortex_Default	36.55190525374846	209	friends	01	012	s02e06a	
cortex_DorsAttn	40.408306155713056	122	friends	01	012	s02e06a	
cortex_Limbic	15.11555123834335	60	friends	01	012	s02e06a	
cortex_SalVentAttn	39.48172172918386	121	friends	01	012	s02e06a	
cortex_SomMot	39.123039687484756	194	friends	01	012	s02e06a	
cortex_Vis	32.26426007226162	162	friends	01	012	s02e06a	
subcortex_CAU	25.87517757013286	8	friends	01	012	s02e06a	
subcortex_PUT	25.313601977377807	8	friends	01	012	s02e06a	
subcortex_THA	26.736029386067802	14	friends	01	012	s02e06a	
cerebellum	33.676346839569376	88	friends	01	012	s02e06b	
cortex_Cont	42.78929112917484	128	friends	01	012	s02e06b	
cortex_Default	41.13110699223847	209	friends	01	012	s02e06b	
cortex_DorsAttn	46.60424701668046	122	friends	01	012	s02e06b	
cortex_Limbic	16.65048894071986	60	friends	01	012	s02e06b	
cortex_SalVentAttn	42.77177108923106	121	friends	01	012	s02e06b	
cortex_SomMot	42.77749590757665	194	friends	01	012	s02e06b	
cortex_Vis	39.160680739802444	162	friends	01	012	s02e06b	
subcortex_CAU	26.62144037595452	8	friends	01	012	s02e06b	
subcortex_PUT	26.61628223428877	8	friends	01	012	s02e06b	
subcortex_THA	27.19705328125494	14	friends	01	012	s02e06b	
cerebellum	29.556395677761973	88	friends	01	012	s02e07a	
cortex_Cont	39.28718643020203	128	friends	01	012	s02e07a	
cortex_Default	37.324950230353004	209	friends	01	012	s02e07a	
cortex_DorsAttn	41.308572571851194	122	friends	01	012	s02e07a	
cortex_Limbic	15.191814957491536	60	friends	01	012	s02e07a	
cortex_SalVentAttn	39.986616842837996	121	friends	01	012	s02e07a	
cortex_SomMot	39.76640079814759	194	friends	01	012	s02e07a	
cortex_Vis	33.080534448509816	162	friends	01	012	s02e07a	
subcortex_CAU	25.170093486026897	8	friends	01	012	s02e07a	
subcortex_PUT	26.101362193977426	8	friends	01	012	s02e07a	
subcortex_THA	26.270824200105146	14	friends	01	012	s02e07a	
cerebellum	29.078727587928526	88	friends	01	012	s02e07b	
cortex_Cont	37.646142395882414	128	friends	01	012	s02e07b	
cortex_Default	36.59360903160787	209	friends	01	012	s02e07b	
cortex_DorsAttn	39.172271240589104	122	friends	01	012	s02e07b	
cortex_Limbic	14.976644629536507	60	friends	01	012	s02e07b	
cortex_SalVentAttn	39.813655433702785	121	friends	01	012	s02e07b	
cortex_SomMot	38.79624612897503	194	friends	01	012	s02e07b	
cortex_Vis	32.341635128203066	162	friends	01	012	s02e07b	
subcortex_CAU	25.89485334574945	8	friends	01	012	s02e07b	
subcortex_PUT	26.174998494773465	8	friends	01	012	s02e07b	
subcortex_THA	26.937696076479682	14	friends	01	012	s02e07b	
cerebellum	25.75162398197816	88	friends	01	013	s02e08a	
cortex_Cont	34.24479057184054	128	friends	01	013	s02e08a	
cortex_Default	33.739555005369375	209	friends	01	013	s02e08a	
cortex_DorsAttn	37.60105109912553	122	friends	01	013	s02e08a	
cortex_Limbic	14.044974990603812	60	friends	01	013	s02e08a	
cortex_SalVentAttn	36.37608138924779	121	friends	01	013	s02e08a	
cortex_SomMot	35.399920912297915	194	friends	01	013	s02e08a	
cortex_Vis	28.764291605640423	162	friends	01	013	s02e08a	
subcortex_CAU	22.646267046865944	8	friends	01	013	s02e08a	
subcortex_PUT	23.89697488154074	8	friends	01	013	s02e08a	
subcortex_THA	25.38309626665236	14	friends	01	013	s02e08a	
cerebellum	28.305647308912263	88	friends	01	013	s02e08b	
cortex_Cont	38.19171648623961	128	friends	01	013	s02e08b	
cortex_Default	36.827027910205416	209	friends	01	013	s02e08b	
cortex_DorsAttn	40.024299704452666	122	friends	01	013	s02e08b	
cortex_Limbic	14.93207779112251	60	friends	01	013	s02e08b	
cortex_SalVentAttn	39.58148393808761	121	friends	01	013	s02e08b	
cortex_SomMot	38.587442829566704	194	friends	01	013	s02e08b	
cortex_Vis	31.766702976533992	162	friends	01	013	s02e08b	
subcortex_CAU	25.809199273454947	8	friends	01	013	s02e08b	
subcortex_PUT	25.879489169586844	8	friends	01	013	s02e08b	
subcortex_THA	26.216935660014407	14	friends	01	013	s02e08b	
cerebellum	30.83257446846991	88	friends	01	013	s02e09a	
cortex_Cont	39.47336145668328	128	friends	01	013	s02e09a	
cortex_Default	38.93280496311789	209	friends	01	013	s02e09a	
cortex_DorsAttn	43.01993694945148	122	friends	01	013	s02e09a	
cortex_Limbic	15.660174891992595	60	friends	01	013	s02e09a	
cortex_SalVentAttn	40.17630616568027	121	friends	01	013	s02e09a	
cortex_SomMot	39.871183520182655	194	friends	01	013	s02e09a	
cortex_Vis	35.78739053428168	162	friends	01	013	s02e09a	
subcortex_CAU	24.832750727657036	8	friends	01	013	s02e09a	
subcortex_PUT	25.514083310701732	8	friends	01	013	s02e09a	
subcortex_THA	26.677989192027685	14	friends	01	013	s02e09a	
cerebellum	32.51567668921669	88	friends	01	013	s02e09b	
cortex_Cont	40.48285363515952	128	friends	01	013	s02e09b	
cortex_Default	39.08694618287914	209	friends	01	013	s02e09b	
cortex_DorsAttn	43.25299059299899	122	friends	01	013	s02e09b	
cortex_Limbic	15.469318233446606	60	friends	01	013	s02e09b	
cortex_SalVentAttn	40.66245247660592	121	friends	01	013	s02e09b	
cortex_SomMot	40.733497427361854	194	friends	01	013	s02e09b	
cortex_Vis	36.075319484637326	162	friends	01	013	s02e09b	
subcortex_CAU	25.83317541899185	8	friends	01	013	s02e09b	
subcortex_PUT	25.065444500956506	8	friends	01	013	s02e09b	
subcortex_THA	26.760487778427155	14	friends	01	013	s02e09b	
cerebellum	34.69273705895654	88	friends	01	013	s02e10a	
cortex_Cont	44.181117265756605	128	friends	01	013	s02e10a	
cortex_Default	41.69399897240391	209	friends	01	013	s02e10a	
cortex_DorsAttn	47.924280874917315	122	friends	01	013	s02e10a	
cortex_Limbic	16.462149968631437	60	friends	01	013	s02e10a	
cortex_SalVentAttn	43.94094213110953	121	friends	01	013	s02e10a	
cortex_SomMot	45.890462740172794	194	friends	01	013	s02e10a	
cortex_Vis	38.76114088884779	162	friends	01	013	s02e10a	
subcortex_CAU	26.59018232618405	8	friends	01	013	s02e10a	
subcortex_PUT	25.59228215734975	8	friends	01	013	s02e10a	
subcortex_THA	27.07253281829523	14	friends	01	013	s02e10a	
cerebellum	33.42910598307931	88	friends	01	013	s02e10b	
cortex_Cont	43.627923897141635	128	friends	01	013	s02e10b	
cortex_Default	41.40605365039919	209	friends	01	013	s02e10b	
cortex_DorsAttn	47.46094320701328	122	friends	01	013	s02e10b	
cortex_Limbic	16.54189218802766	60	friends	01	013	s02e10b	
cortex_SalVentAttn	43.248898595504414	121	friends	01	013	s02e10b	
cortex_SomMot	44.7589357112398	194	friends	01	013	s02e10b	
cortex_Vis	38.23749475799641	162	friends	01	013	s02e10b	
subcortex_CAU	26.01402641456449	8	friends	01	013	s02e10b	
subcortex_PUT	25.29457677727875	8	friends	01	013	s02e10b	
subcortex_THA	27.030459786387382	14	friends	01	013	s02e10b	
cerebellum	27.708814956500134	88	friends	01	014	s02e11a	
cortex_Cont	36.03888212693812	128	friends	01	014	s02e11a	
cortex_Default	35.08209064996147	209	friends	01	014	s02e11a	
cortex_DorsAttn	39.6597660831637	122	friends	01	014	s02e11a	
cortex_Limbic	14.361025764288875	60	friends	01	014	s02e11a	
cortex_SalVentAttn	36.71799158068637	121	friends	01	014	s02e11a	
cortex_SomMot	35.281478763760866	194	friends	01	014	s02e11a	
cortex_Vis	31.282280455948364	162	friends	01	014	s02e11a	
subcortex_CAU	23.25311443342309	8	friends	01	014	s02e11a	
subcortex_PUT	24.316704261118655	8	friends	01	014	s02e11a	
subcortex_THA	25.768472118937904	14	friends	01	014	s02e11a	
cerebellum	31.966274502364385	88	friends	01	014	s02e11b	
cortex_Cont	41.74226500192956	128	friends	01	014	s02e11b	
cortex_Default	38.89474044508545	209	friends	01	014	s02e11b	
cortex_DorsAttn	45.767973868439	122	friends	01	014	s02e11b	
cortex_Limbic	15.244424630281427	60	friends	01	014	s02e11b	
cortex_SalVentAttn	41.20768672692387	121	friends	01	014	s02e11b	
cortex_SomMot	41.97992225188489	194	friends	01	014	s02e11b	
cortex_Vis	36.558984020982955	162	friends	01	014	s02e11b	
subcortex_CAU	25.699670442298704	8	friends	01	014	s02e11b	
subcortex_PUT	25.403699188025453	8	friends	01	014	s02e11b	
subcortex_THA	26.5485364614754	14	friends	01	014	s02e11b	
cerebellum	27.869035056748768	88	friends	01	014	s02e12a	
cortex_Cont	37.41441219685046	128	friends	01	014	s02e12a	
cortex_Default	35.69053062357763	209	friends	01	014	s02e12a	
cortex_DorsAttn	40.37600704782374	122	friends	01	014	s02e12a	
cortex_Limbic	14.553349807819938	60	friends	01	014	s02e12a	
cortex_SalVentAttn	37.55286889087683	121	friends	01	014	s02e12a	
cortex_SomMot	36.767347764419654	194	friends	01	014	s02e12a	
cortex_Vis	32.609460340331076	162	friends	01	014	s02e12a	
subcortex_CAU	24.859093377558477	8	friends	01	014	s02e12a	
subcortex_PUT	24.124976390295252	8	friends	01	014	s02e12a	
subcortex_THA	25.736948726788885	14	friends	01	014	s02e12a	
cerebellum	26.96872137201789	88	friends	01	014	s02e12b	
cortex_Cont	35.11212468188704	128	friends	01	014	s02e12b	
cortex_Default	33.80998450105939	209	friends	01	014	s02e12b	
cortex_DorsAttn	38.66276938988067	122	friends	01	014	s02e12b	
cortex_Limbic	13.670573753499845	60	friends	01	014	s02e12b	
cortex_SalVentAttn	35.06841377905478	121	friends	01	014	s02e12b	
cortex_SomMot	33.50934891846122	194	friends	01	014	s02e12b	
cortex_Vis	31.850772206790516	162	friends	01	014	s02e12b	
subcortex_CAU	23.718256875649477	8	friends	01	014	s02e12b	
subcortex_PUT	24.229948924073334	8	friends	01	014	s02e12b	
subcortex_THA	24.999251992109105	14	friends	01	014	s02e12b	
cerebellum	31.638612122990853	88	friends	01	014	s02e13a	
cortex_Cont	41.48868198266997	128	friends	01	014	s02e13a	
cortex_Default	39.23029909319823	209	friends	01	014	s02e13a	
cortex_DorsAttn	46.660329176845906	122	friends	01	014	s02e13a	
cortex_Limbic	15.687401951205471	60	friends	01	014	s02e13a	
cortex_SalVentAttn	40.20368293839662	121	friends	01	014	s02e13a	
cortex_SomMot	40.871604053569556	194	friends	01	014	s02e13a	
cortex_Vis	36.759070025894914	162	friends	01	014	s02e13a	
subcortex_CAU	25.353226441713982	8	friends	01	014	s02e13a	
subcortex_PUT	25.19268743111236	8	friends	01	014	s02e13a	
subcortex_THA	26.56293834870056	14	friends	01	014	s02e13a	
cerebellum	29.037462550060386	88	friends	01	014	s02e13b	
cortex_Cont	38.57738737480621	128	friends	01	014	s02e13b	
cortex_Default	36.32726329711379	209	friends	01	014	s02e13b	
cortex_DorsAttn	41.29292325862905	122	friends	01	014	s02e13b	
cortex_Limbic	14.324228132388217	60	friends	01	014	s02e13b	
cortex_SalVentAttn	38.105577446856415	121	friends	01	014	s02e13b	
cortex_SomMot	37.75859922441746	194	friends	01	014	s02e13b	
cortex_Vis	33.41351608635825	162	friends	01	014	s02e13b	
subcortex_CAU	24.613788376635355	8	friends	01	014	s02e13b	
subcortex_PUT	24.350931909505636	8	friends	01	014	s02e13b	
subcortex_THA	26.001176847763332	14	friends	01	014	s02e13b	
cerebellum	32.34679461449799	88	friends	01	015	s02e14a	
cortex_Cont	41.32830765130301	128	friends	01	015	s02e14a	
cortex_Default	39.70783166952862	209	friends	01	015	s02e14a	
cortex_DorsAttn	45.61556533933662	122	friends	01	015	s02e14a	
cortex_Limbic	15.845327933163226	60	friends	01	015	s02e14a	
cortex_SalVentAttn	40.80020606624987	121	friends	01	015	s02e14a	
cortex_SomMot	40.754167445358405	194	friends	01	015	s02e14a	
cortex_Vis	37.673815232894164	162	friends	01	015	s02e14a	
subcortex_CAU	24.91584225850997	8	friends	01	015	s02e14a	
subcortex_PUT	25.414709679794946	8	friends	01	015	s02e14a	
subcortex_THA	26.489253802323	14	friends	01	015	s02e14a	
cerebellum	31.097110296921286	88	friends	01	015	s02e14b	
cortex_Cont	38.43716233774281	128	friends	01	015	s02e14b	
cortex_Default	37.04011548848703	209	friends	01	015	s02e14b	
cortex_DorsAttn	42.383228582866025	122	friends	01	015	s02e14b	
cortex_Limbic	14.892602311988384	60	friends	01	015	s02e14b	
cortex_SalVentAttn	38.260829816671524	121	friends	01	015	s02e14b	
cortex_SomMot	37.18113251090188	194	friends	01	015	s02e14b	
cortex_Vis	36.87310427992373	162	friends	01	015	s02e14b	
subcortex_CAU	24.056170778992737	8	friends	01	015	s02e14b	
subcortex_PUT	24.94438905227727	8	friends	01	015	s02e14b	
subcortex_THA	25.898921571334625	14	friends	01	015	s02e14b	
cerebellum	30.78160033061522	88	friends	01	015	s02e15a	
cortex_Cont	35.92699171356012	128	friends	01	015	s02e15a	
cortex_Default	34.98996489817955	209	friends	01	015	s02e15a	
cortex_DorsAttn	40.88832867241074	122	friends	01	015	s02e15a	
cortex_Limbic	13.792051961567951	60	friends	01	015	s02e15a	
cortex_SalVentAttn	35.9331016909019	121	friends	01	015	s02e15a	
cortex_SomMot	34.15472811835519	194	friends	01	015	s02e15a	
cortex_Vis	35.99123068086552	162	friends	01	015	s02e15a	
subcortex_CAU	22.304311867637058	8	friends	01	015	s02e15a	
subcortex_PUT	23.56004406934741	8	friends	01	015	s02e15a	
subcortex_THA	24.57219422230477	14	friends	01	015	s02e15a	
cerebellum	30.929877793265327	88	friends	01	015	s02e15b	
cortex_Cont	40.70328632403792	128	friends	01	015	s02e15b	
cortex_Default	38.66330925674957	209	friends	01	015	s02e15b	
cortex_DorsAttn	44.76986078253621	122	friends	01	015	s02e15b	
cortex_Limbic	15.282644030835971	60	friends	01	015	s02e15b	
cortex_SalVentAttn	40.13582232692536	121	friends	01	015	s02e15b	
cortex_SomMot	39.75771152572466	194	friends	01	015	s02e15b	
cortex_Vis	36.33180410462187	162	friends	01	015	s02e15b	
subcortex_CAU	24.728079879753434	8	friends	01	015	s02e15b	
subcortex_PUT	25.564059884833565	8	friends	01	015	s02e15b	
subcortex_THA	25.74184443556758	14	friends	01	015	s02e15b	
cerebellum	27.461772101700323	88	friends	01	016	s02e16a	
cortex_Cont	34.484013479323096	128	friends	01	016	s02e16a	
cortex_Default	34.51615435731825	209	friends	01	016	s02e16a	
cortex_DorsAttn	38.727543417929816	122	friends	01	016	s02e16a	
cortex_Limbic	13.713566198694451	60	friends	01	016	s02e16a	
cortex_SalVentAttn	35.518169495003015	121	friends	01	016	s02e16a	
cortex_SomMot	33.83023160850949	194	friends	01	016	s02e16a	
cortex_Vis	31.499124244459654	162	friends	01	016	s02e16a	
subcortex_CAU	22.302173831372837	8	friends	01	016	s02e16a	
subcortex_PUT	23.00044658504131	8	friends	01	016	s02e16a	
subcortex_THA	25.57095900710983	14	friends	01	016	s02e16a	
cerebellum	26.756824906153103	88	friends	01	016	s02e16b	
cortex_Cont	36.2496416915932	128	friends	01	016	s02e16b	
cortex_Default	34.73293136598383	209	friends	01	016	s02e16b	
cortex_DorsAttn	38.08415651213399	122	friends	01	016	s02e16b	
cortex_Limbic	13.58555574523938	60	friends	01	016	s02e16b	
cortex_SalVentAttn	36.53554986038462	121	friends	01	016	s02e16b	
cortex_SomMot	35.654188104792595	194	friends	01	016	s02e16b	
cortex_Vis	30.501879292443487	162	friends	01	016	s02e16b	
subcortex_CAU	23.511037400450874	8	friends	01	016	s02e16b	
subcortex_PUT	23.72646990790039	8	friends	01	016	s02e16b	
subcortex_THA	25.512702767332712	14	friends	01	016	s02e16b	
cerebellum	31.007273934890225	88	friends	01	016	s02e17b	
cortex_Cont	39.65949622144633	128	friends	01	016	s02e17b	
cortex_Default	38.473083171655155	209	friends	01	016	s02e17b	
cortex_DorsAttn	44.530814025176554	122	friends	01	016	s02e17b	
cortex_Limbic	14.982176687518727	60	friends	01	016	s02e17b	
cortex_SalVentAttn	40.135160008501074	121	friends	01	016	s02e17b	
cortex_SomMot	40.947855531719355	194	friends	01	016	s02e17b	
cortex_Vis	35.77672867989357	162	friends	01	016	s02e17b	
subcortex_CAU	24.77932797683589	8	friends	01	016	s02e17b	
subcortex_PUT	24.675097280072226	8	friends	01	016	s02e17b	
subcortex_THA	26.9120436321849	14	friends	01	016	s02e17b	
cerebellum	33.08276177598908	88	friends	01	017	s02e18a	
cortex_Cont	44.33135683233105	128	friends	01	017	s02e18a	
cortex_Default	42.11256623046386	209	friends	01	017	s02e18a	
cortex_DorsAttn	48.39486391415629	122	friends	01	017	s02e18a	
cortex_Limbic	16.68646213340729	60	friends	01	017	s02e18a	
cortex_SalVentAttn	44.000689186380356	121	friends	01	017	s02e18a	
cortex_SomMot	46.162707209883685	194	friends	01	017	s02e18a	
cortex_Vis	37.267303961894704	162	friends	01	017	s02e18a	
subcortex_CAU	26.401188047139556	8	friends	01	017	s02e18a	
subcortex_PUT	27.834536777874373	8	friends	01	017	s02e18a	
subcortex_THA	27.843971855288885	14	friends	01	017	s02e18a	
cerebellum	33.91805701313385	88	friends	01	017	s02e18b	
cortex_Cont	44.01946403419468	128	friends	01	017	s02e18b	
cortex_Default	41.61522957317659	209	friends	01	017	s02e18b	
cortex_DorsAttn	48.50252706694107	122	friends	01	017	s02e18b	
cortex_Limbic	16.662406339160842	60	friends	01	017	s02e18b	
cortex_SalVentAttn	43.22544564539311	121	friends	01	017	s02e18b	
cortex_SomMot	44.516973391365156	194	friends	01	017	s02e18b	
cortex_Vis	38.47190683461059	162	friends	01	017	s02e18b	
subcortex_CAU	26.540599112268588	8	friends	01	017	s02e18b	
subcortex_PUT	27.470498808574245	8	friends	01	017	s02e18b	
subcortex_THA	27.286662278539715	14	friends	01	017	s02e18b	
cerebellum	32.041067368772694	88	friends	01	017	s02e19b	
cortex_Cont	42.015117008403436	128	friends	01	017	s02e19b	
cortex_Default	40.4259891277011	209	friends	01	017	s02e19b	
cortex_DorsAttn	46.74708479516427	122	friends	01	017	s02e19b	
cortex_Limbic	16.276130714575018	60	friends	01	017	s02e19b	
cortex_SalVentAttn	41.66013835354021	121	friends	01	017	s02e19b	
cortex_SomMot	42.59198853021995	194	friends	01	017	s02e19b	
cortex_Vis	37.18153579759578	162	friends	01	017	s02e19b	
subcortex_CAU	26.061840723715317	8	friends	01	017	s02e19b	
subcortex_PUT	26.671997169929277	8	friends	01	017	s02e19b	
subcortex_THA	27.092572980256868	14	friends	01	017	s02e19b	
cerebellum	26.30252144511707	88	friends	01	017	s02e20a	
cortex_Cont	34.81571084413887	128	friends	01	017	s02e20a	
cortex_Default	33.346448565750926	209	friends	01	017	s02e20a	
cortex_DorsAttn	37.51651442209482	122	friends	01	017	s02e20a	
cortex_Limbic	15.19914598474201	60	friends	01	017	s02e20a	
cortex_SalVentAttn	36.62519495952734	121	friends	01	017	s02e20a	
cortex_SomMot	35.47645489561886	194	friends	01	017	s02e20a	
cortex_Vis	28.415736077837018	162	friends	01	017	s02e20a	
subcortex_CAU	23.977552754652876	8	friends	01	017	s02e20a	
subcortex_PUT	24.767022090692777	8	friends	01	017	s02e20a	
subcortex_THA	25.808272647205445	14	friends	01	017	s02e20a	
cerebellum	27.73784652598835	88	friends	01	017	s02e20b	
cortex_Cont	35.71613150296694	128	friends	01	017	s02e20b	
cortex_Default	34.196965328128705	209	friends	01	017	s02e20b	
cortex_DorsAttn	38.739181053852526	122	friends	01	017	s02e20b	
cortex_Limbic	14.780266061134695	60	friends	01	017	s02e20b	
cortex_SalVentAttn	37.47613435944794	121	friends	01	017	s02e20b	
cortex_SomMot	37.487197007536786	194	friends	01	017	s02e20b	
cortex_Vis	29.219477341265392	162	friends	01	017	s02e20b	
subcortex_CAU	24.27054120353968	8	friends	01	017	s02e20b	
subcortex_PUT	25.128916046501775	8	friends	01	017	s02e20b	
subcortex_THA	26.219673510500733	14	friends	01	017	s02e20b	
cerebellum	26.525995323562803	88	friends	01	017	s02e21a	
cortex_Cont	36.519936727864064	128	friends	01	017	s02e21a	
cortex_Default	34.3637056250674	209	friends	01	017	s02e21a	
cortex_DorsAttn	38.88448240211861	122	friends	01	017	s02e21a	
cortex_Limbic	15.143387222613283	60	friends	01	017	s02e21a	
cortex_SalVentAttn	38.22617023390331	121	friends	01	017	s02e21a	
cortex_SomMot	38.00954163978828	194	friends	01	017	s02e21a	
cortex_Vis	29.745519151348326	162	friends	01	017	s02e21a	
subcortex_CAU	25.186407306625043	8	friends	01	017	s02e21a	
subcortex_PUT	25.79142478014455	8	friends	01	017	s02e21a	
subcortex_THA	26.335144752111127	14	friends	01	017	s02e21a	
cerebellum	28.00077271364927	88	friends	01	017	s02e22a	
cortex_Cont	37.54005009506867	128	friends	01	017	s02e22a	
cortex_Default	36.518396947390166	209	friends	01	017	s02e22a	
cortex_DorsAttn	40.46363254420539	122	friends	01	017	s02e22a	
cortex_Limbic	16.55023144399881	60	friends	01	017	s02e22a	
cortex_SalVentAttn	39.297822842681285	121	friends	01	017	s02e22a	
cortex_SomMot	39.735708426368575	194	friends	01	017	s02e22a	
cortex_Vis	30.996151192953047	162	friends	01	017	s02e22a	
subcortex_CAU	24.817731393772725	8	friends	01	017	s02e22a	
subcortex_PUT	25.274602754320785	8	friends	01	017	s02e22a	
subcortex_THA	26.569360505259137	14	friends	01	017	s02e22a	
cerebellum	26.586863758648352	88	friends	01	017	s02e22b	
cortex_Cont	33.1874280955094	128	friends	01	017	s02e22b	
cortex_Default	32.77262237440882	209	friends	01	017	s02e22b	
cortex_DorsAttn	36.662611509194086	122	friends	01	017	s02e22b	
cortex_Limbic	14.784186059498888	60	friends	01	017	s02e22b	
cortex_SalVentAttn	34.861149099266584	121	friends	01	017	s02e22b	
cortex_SomMot	32.983798985829	194	friends	01	017	s02e22b	
cortex_Vis	28.854571885683818	162	friends	01	017	s02e22b	
subcortex_CAU	22.552923334876954	8	friends	01	017	s02e22b	
subcortex_PUT	23.604919662149445	8	friends	01	017	s02e22b	
subcortex_THA	24.802626168496293	14	friends	01	017	s02e22b	
cerebellum	31.30221655798898	88	friends	01	018	s02e23a	
cortex_Cont	40.35471884860007	128	friends	01	018	s02e23a	
cortex_Default	39.66880564283351	209	friends	01	018	s02e23a	
cortex_DorsAttn	44.80768157795615	122	friends	01	018	s02e23a	
cortex_Limbic	15.694666026747829	60	friends	01	018	s02e23a	
cortex_SalVentAttn	39.669368096974424	121	friends	01	018	s02e23a	
cortex_SomMot	39.42731786108607	194	friends	01	018	s02e23a	
cortex_Vis	36.73684118803707	162	friends	01	018	s02e23a	
subcortex_CAU	25.02188387562769	8	friends	01	018	s02e23a	
subcortex_PUT	25.377308095893166	8	friends	01	018	s02e23a	
subcortex_THA	26.707329046877014	14	friends	01	018	s02e23a	
cerebellum	31.893669573242178	88	friends	01	018	s02e23b	
cortex_Cont	42.30801469116235	128	friends	01	018	s02e23b	
cortex_Default	40.441810620104164	209	friends	01	018	s02e23b	
cortex_DorsAttn	45.98659059686789	122	friends	01	018	s02e23b	
cortex_Limbic	16.250777485657068	60	friends	01	018	s02e23b	
cortex_SalVentAttn	42.232215247611975	121	friends	01	018	s02e23b	
cortex_SomMot	42.857972006114146	194	friends	01	018	s02e23b	
cortex_Vis	37.466888687088115	162	friends	01	018	s02e23b	
subcortex_CAU	27.016969659852062	8	friends	01	018	s02e23b	
subcortex_PUT	26.82292519419426	8	friends	01	018	s02e23b	
subcortex_THA	27.479932669685486	14	friends	01	018	s02e23b	
cerebellum	27.650449540933757	88	friends	01	018	s02e24a	
cortex_Cont	36.77668344673617	128	friends	01	018	s02e24a	
cortex_Default	35.14009766058998	209	friends	01	018	s02e24a	
cortex_DorsAttn	40.745313775755456	122	friends	01	018	s02e24a	
cortex_Limbic	14.741846489402137	60	friends	01	018	s02e24a	
cortex_SalVentAttn	37.758614296741236	121	friends	01	018	s02e24a	
cortex_SomMot	36.76830621413029	194	friends	01	018	s02e24a	
cortex_Vis	30.71980890407629	162	friends	01	018	s02e24a	
subcortex_CAU	23.46558625321128	8	friends	01	018	s02e24a	
subcortex_PUT	24.558936044493294	8	friends	01	018	s02e24a	
subcortex_THA	26.00199999393057	14	friends	01	018	s02e24a	
cerebellum	25.64589551192772	88	friends	01	018	s02e24b	
cortex_Cont	34.16207634740751	128	friends	01	018	s02e24b	
cortex_Default	32.67201947714075	209	friends	01	018	s02e24b	
cortex_DorsAttn	37.68392954215872	122	friends	01	018	s02e24b	
cortex_Limbic	13.421576026638549	60	friends	01	018	s02e24b	
cortex_SalVentAttn	35.69113795443827	121	friends	01	018	s02e24b	
cortex_SomMot	34.13959839996378	194	friends	01	018	s02e24b	
cortex_Vis	27.793895255194688	162	friends	01	018	s02e24b	
subcortex_CAU	21.919095267847553	8	friends	01	018	s02e24b	
subcortex_PUT	23.64785284625934	8	friends	01	018	s02e24b	
subcortex_THA	25.19738180566503	14	friends	01	018	s02e24b	
cerebellum	28.370954449314663	88	friends	01	019	s03e01a	
cortex_Cont	37.41449567784937	128	friends	01	019	s03e01a	
cortex_Default	36.762098382513244	209	friends	01	019	s03e01a	
cortex_DorsAttn	41.541065142604495	122	friends	01	019	s03e01a	
cortex_Limbic	14.082199924028654	60	friends	01	019	s03e01a	
cortex_SalVentAttn	37.34844726369531	121	friends	01	019	s03e01a	
cortex_SomMot	36.762326507661214	194	friends	01	019	s03e01a	
cortex_Vis	32.93291006623717	162	friends	01	019	s03e01a	
subcortex_CAU	23.20458443804376	8	friends	01	019	s03e01a	
subcortex_PUT	23.344956636153356	8	friends	01	019	s03e01a	
subcortex_THA	25.97816672522783	14	friends	01	019	s03e01a	
cerebellum	28.313088124929116	88	friends	01	019	s03e01b	
cortex_Cont	39.78552743250422	128	friends	01	019	s03e01b	
cortex_Default	37.39267140324457	209	friends	01	019	s03e01b	
cortex_DorsAttn	42.70476778588292	122	friends	01	019	s03e01b	
cortex_Limbic	15.037833520376322	60	friends	01	019	s03e01b	
cortex_SalVentAttn	40.21458987062434	121	friends	01	019	s03e01b	
cortex_SomMot	40.12135495834731	194	friends	01	019	s03e01b	
cortex_Vis	33.35185419361972	162	friends	01	019	s03e01b	
subcortex_CAU	25.814433256945374	8	friends	01	019	s03e01b	
subcortex_PUT	25.632721901796085	8	friends	01	019	s03e01b	
subcortex_THA	26.786650262816682	14	friends	01	019	s03e01b	
cerebellum	32.39642741230651	88	friends	01	019	s03e02a	
cortex_Cont	43.30558865555798	128	friends	01	019	s03e02a	
cortex_Default	41.06416728260638	209	friends	01	019	s03e02a	
cortex_DorsAttn	48.20653665329336	122	friends	01	019	s03e02a	
cortex_Limbic	16.15924947580872	60	friends	01	019	s03e02a	
cortex_SalVentAttn	43.45678153779061	121	friends	01	019	s03e02a	
cortex_SomMot	44.45918555338007	194	friends	01	019	s03e02a	
cortex_Vis	39.52920420825209	162	friends	01	019	s03e02a	
subcortex_CAU	26.581993101886916	8	friends	01	019	s03e02a	
subcortex_PUT	26.416462467330334	8	friends	01	019	s03e02a	
subcortex_THA	27.36667855119501	14	friends	01	019	s03e02a	
cerebellum	23.85753432793841	88	friends	01	019	s03e02b	
cortex_Cont	33.92801924762357	128	friends	01	019	s03e02b	
cortex_Default	32.77714880561712	209	friends	01	019	s03e02b	
cortex_DorsAttn	35.880371937160355	122	friends	01	019	s03e02b	
cortex_Limbic	13.107660501318101	60	friends	01	019	s03e02b	
cortex_SalVentAttn	34.87923957061823	121	friends	01	019	s03e02b	
cortex_SomMot	32.93131089036036	194	friends	01	019	s03e02b	
cortex_Vis	27.748483621661617	162	friends	01	019	s03e02b	
subcortex_CAU	22.777006560847344	8	friends	01	019	s03e02b	
subcortex_PUT	23.260539345281806	8	friends	01	019	s03e02b	
subcortex_THA	24.698513641852976	14	friends	01	019	s03e02b	
cerebellum	30.17676691571913	88	friends	01	019	s03e03a	
cortex_Cont	39.61861003265975	128	friends	01	019	s03e03a	
cortex_Default	38.2782567672336	209	friends	01	019	s03e03a	
cortex_DorsAttn	43.415431396751856	122	friends	01	019	s03e03a	
cortex_Limbic	15.35013048066251	60	friends	01	019	s03e03a	
cortex_SalVentAttn	39.97110161678234	121	friends	01	019	s03e03a	
cortex_SomMot	40.1851069133619	194	friends	01	019	s03e03a	
cortex_Vis	34.896903013901614	162	friends	01	019	s03e03a	
subcortex_CAU	25.279249095524243	8	friends	01	019	s03e03a	
subcortex_PUT	25.82516192875638	8	friends	01	019	s03e03a	
subcortex_THA	26.981330196813726	14	friends	01	019	s03e03a	
cerebellum	30.796206020160188	88	friends	01	019	s03e03b	
cortex_Cont	40.666647379779036	128	friends	01	019	s03e03b	
cortex_Default	39.070275084624086	209	friends	01	019	s03e03b	
cortex_DorsAttn	44.658540329558555	122	friends	01	019	s03e03b	
cortex_Limbic	15.63863131717032	60	friends	01	019	s03e03b	
cortex_SalVentAttn	41.98044948090059	121	friends	01	019	s03e03b	
cortex_SomMot	42.608658800834775	194	friends	01	019	s03e03b	
cortex_Vis	35.643792561906686	162	friends	01	019	s03e03b	
subcortex_CAU	26.35954544824217	8	friends	01	019	s03e03b	
subcortex_PUT	25.789999700236667	8	friends	01	019	s03e03b	
subcortex_THA	27.55803514555837	14	friends	01	019	s03e03b	
cerebellum	30.234371660780596	88	friends	01	020	s03e04a	
cortex_Cont	37.64203783626261	128	friends	01	020	s03e04a	
cortex_Default	37.53603899992803	209	friends	01	020	s03e04a	
cortex_DorsAttn	42.39689310160048	122	friends	01	020	s03e04a	
cortex_Limbic	14.407891229994947	60	friends	01	020	s03e04a	
cortex_SalVentAttn	37.87671665670858	121	friends	01	020	s03e04a	
cortex_SomMot	36.94932702848059	194	friends	01	020	s03e04a	
cortex_Vis	35.43499439217723	162	friends	01	020	s03e04a	
subcortex_CAU	23.49959098548782	8	friends	01	020	s03e04a	
subcortex_PUT	25.061994631485707	8	friends	01	020	s03e04a	
subcortex_THA	26.04275894731572	14	friends	01	020	s03e04a	
cerebellum	31.794944910191656	88	friends	01	020	s03e04b	
cortex_Cont	37.736675321444956	128	friends	01	020	s03e04b	
cortex_Default	37.10792376930413	209	friends	01	020	s03e04b	
cortex_DorsAttn	41.57139135192182	122	friends	01	020	s03e04b	
cortex_Limbic	15.284449810251738	60	friends	01	020	s03e04b	
cortex_SalVentAttn	38.79312968111415	121	friends	01	020	s03e04b	
cortex_SomMot	36.89929957528522	194	friends	01	020	s03e04b	
cortex_Vis	35.94823194805514	162	friends	01	020	s03e04b	
subcortex_CAU	25.72223860634925	8	friends	01	020	s03e04b	
subcortex_PUT	26.73965216829946	8	friends	01	020	s03e04b	
subcortex_THA	26.370053348343934	14	friends	01	020	s03e04b	
cerebellum	32.868990283911465	88	friends	01	020	s03e05a	
cortex_Cont	40.8338400499211	128	friends	01	020	s03e05a	
cortex_Default	39.64907653447382	209	friends	01	020	s03e05a	
cortex_DorsAttn	46.22370010501452	122	friends	01	020	s03e05a	
cortex_Limbic	15.829021789608248	60	friends	01	020	s03e05a	
cortex_SalVentAttn	41.00369584823727	121	friends	01	020	s03e05a	
cortex_SomMot	41.64357960793405	194	friends	01	020	s03e05a	
cortex_Vis	38.03944264351375	162	friends	01	020	s03e05a	
subcortex_CAU	25.414755479392973	8	friends	01	020	s03e05a	
subcortex_PUT	25.640929170767706	8	friends	01	020	s03e05a	
subcortex_THA	26.751773489402876	14	friends	01	020	s03e05a	
cerebellum	28.49205125061353	88	friends	01	020	s03e05b	
cortex_Cont	35.52376311216179	128	friends	01	020	s03e05b	
cortex_Default	35.10869580711962	209	friends	01	020	s03e05b	
cortex_DorsAttn	39.84081258757466	122	friends	01	020	s03e05b	
cortex_Limbic	13.376678999091745	60	friends	01	020	s03e05b	
cortex_SalVentAttn	35.83725991999332	121	friends	01	020	s03e05b	
cortex_SomMot	34.518305564249154	194	friends	01	020	s03e05b	
cortex_Vis	33.03269453333875	162	friends	01	020	s03e05b	
subcortex_CAU	23.020723314234402	8	friends	01	020	s03e05b	
subcortex_PUT	24.163599417801144	8	friends	01	020	s03e05b	
subcortex_THA	25.105551697644778	14	friends	01	020	s03e05b	
cerebellum	31.45861875215536	88	friends	01	020	s03e06a	
cortex_Cont	41.15744239913026	128	friends	01	020	s03e06a	
cortex_Default	39.890623974398636	209	friends	01	020	s03e06a	
cortex_DorsAttn	44.415096667457284	122	friends	01	020	s03e06a	
cortex_Limbic	15.914166284384608	60	friends	01	020	s03e06a	
cortex_SalVentAttn	42.28804146962743	121	friends	01	020	s03e06a	
cortex_SomMot	42.175226198647806	194	friends	01	020	s03e06a	
cortex_Vis	35.90842356695189	162	friends	01	020	s03e06a	
subcortex_CAU	26.619734229020946	8	friends	01	020	s03e06a	
subcortex_PUT	26.947326374460452	8	friends	01	020	s03e06a	
subcortex_THA	27.19285087641128	14	friends	01	020	s03e06a	
cerebellum	28.366666489283716	88	friends	01	020	s03e06b	
cortex_Cont	34.11258153365339	128	friends	01	020	s03e06b	
cortex_Default	33.86040612315863	209	friends	01	020	s03e06b	
cortex_DorsAttn	37.72553532223872	122	friends	01	020	s03e06b	
cortex_Limbic	13.808456312433488	60	friends	01	020	s03e06b	
cortex_SalVentAttn	34.88252204000908	121	friends	01	020	s03e06b	
cortex_SomMot	32.64847344217662	194	friends	01	020	s03e06b	
cortex_Vis	33.656909443935774	162	friends	01	020	s03e06b	
subcortex_CAU	22.974005317092562	8	friends	01	020	s03e06b	
subcortex_PUT	23.75395539210814	8	friends	01	020	s03e06b	
subcortex_THA	24.936324920148554	14	friends	01	020	s03e06b	
cerebellum	25.6469434849083	88	friends	01	021	s03e07a	
cortex_Cont	36.016577256330244	128	friends	01	021	s03e07a	
cortex_Default	34.448375440690775	209	friends	01	021	s03e07a	
cortex_DorsAttn	38.12217575789251	122	friends	01	021	s03e07a	
cortex_Limbic	14.675845481360204	60	friends	01	021	s03e07a	
cortex_SalVentAttn	38.636653603415745	121	friends	01	021	s03e07a	
cortex_SomMot	37.06545674923297	194	friends	01	021	s03e07a	
cortex_Vis	30.403506063575673	162	friends	01	021	s03e07a	
subcortex_CAU	26.418162530922917	8	friends	01	021	s03e07a	
subcortex_PUT	27.717685118626658	8	friends	01	021	s03e07a	
subcortex_THA	26.6195145833384	14	friends	01	021	s03e07a	
cerebellum	29.360849857070583	88	friends	01	021	s03e07b	
cortex_Cont	38.17796272274737	128	friends	01	021	s03e07b	
cortex_Default	37.53348181491085	209	friends	01	021	s03e07b	
cortex_DorsAttn	42.9976242090838	122	friends	01	021	s03e07b	
cortex_Limbic	15.511685443762245	60	friends	01	021	s03e07b	
cortex_SalVentAttn	39.87330032991814	121	friends	01	021	s03e07b	
cortex_SomMot	39.63818749893391	194	friends	01	021	s03e07b	
cortex_Vis	34.118664174548606	162	friends	01	021	s03e07b	
subcortex_CAU	27.21255047499671	8	friends	01	021	s03e07b	
subcortex_PUT	29.527520864321325	8	friends	01	021	s03e07b	
subcortex_THA	26.812398690724496	14	friends	01	021	s03e07b	
cerebellum	30.73104125247032	88	friends	01	021	s03e08a	
cortex_Cont	41.01940021451369	128	friends	01	021	s03e08a	
cortex_Default	39.34096562089834	209	friends	01	021	s03e08a	
cortex_DorsAttn	44.671008710032254	122	friends	01	021	s03e08a	
cortex_Limbic	16.091477965863632	60	friends	01	021	s03e08a	
cortex_SalVentAttn	40.917134250911296	121	friends	01	021	s03e08a	
cortex_SomMot	40.394330171157634	194	friends	01	021	s03e08a	
cortex_Vis	38.07932894411125	162	friends	01	021	s03e08a	
subcortex_CAU	27.04505412816904	8	friends	01	021	s03e08a	
subcortex_PUT	26.92798191127874	8	friends	01	021	s03e08a	
subcortex_THA	27.546496809881774	14	friends	01	021	s03e08a	
cerebellum	28.411008420036357	88	friends	01	021	s03e08b	
cortex_Cont	38.848629437476525	128	friends	01	021	s03e08b	
cortex_Default	37.28137516104349	209	friends	01	021	s03e08b	
cortex_DorsAttn	41.37789814426148	122	friends	01	021	s03e08b	
cortex_Limbic	15.168933810806289	60	friends	01	021	s03e08b	
cortex_SalVentAttn	40.00439752548347	121	friends	01	021	s03e08b	
cortex_SomMot	39.491014022832275	194	friends	01	021	s03e08b	
cortex_Vis	33.7201796964565	162	friends	01	021	s03e08b	
subcortex_CAU	27.464821985686083	8	friends	01	021	s03e08b	
subcortex_PUT	30.06224693739215	8	friends	01	021	s03e08b	
subcortex_THA	26.287324622059845	14	friends	01	021	s03e08b	
cerebellum	25.99377465539004	88	friends	01	021	s03e09a	
cortex_Cont	35.19014381503369	128	friends	01	021	s03e09a	
cortex_Default	33.86484750181792	209	friends	01	021	s03e09a	
cortex_DorsAttn	37.97670881136669	122	friends	01	021	s03e09a	
cortex_Limbic	14.559186456336986	60	friends	01	021	s03e09a	
cortex_SalVentAttn	36.55792553256492	121	friends	01	021	s03e09a	
cortex_SomMot	35.25484808170819	194	friends	01	021	s03e09a	
cortex_Vis	29.49749091175222	162	friends	01	021	s03e09a	
subcortex_CAU	23.908748824074863	8	friends	01	021	s03e09a	
subcortex_PUT	24.6632628849974	8	friends	01	021	s03e09a	
subcortex_THA	25.412983718265394	14	friends	01	021	s03e09a	
cerebellum	30.404794648760756	88	friends	01	021	s03e09b	
cortex_Cont	37.03064021394397	128	friends	01	021	s03e09b	
cortex_Default	35.57373613053015	209	friends	01	021	s03e09b	
cortex_DorsAttn	40.78861091176531	122	friends	01	021	s03e09b	
cortex_Limbic	14.496616147924634	60	friends	01	021	s03e09b	
cortex_SalVentAttn	37.7468604237353	121	friends	01	021	s03e09b	
cortex_SomMot	36.71130780843253	194	friends	01	021	s03e09b	
cortex_Vis	34.39670136301261	162	friends	01	021	s03e09b	
subcortex_CAU	24.118365362800276	8	friends	01	021	s03e09b	
subcortex_PUT	24.540160734588273	8	friends	01	021	s03e09b	
subcortex_THA	25.80873853750404	14	friends	01	021	s03e09b	
cerebellum	28.284598293437906	88	friends	01	022	s03e10a	
cortex_Cont	38.35887534370598	128	friends	01	022	s03e10a	
cortex_Default	36.95162221921681	209	friends	01	022	s03e10a	
cortex_DorsAttn	40.62911899848981	122	friends	01	022	s03e10a	
cortex_Limbic	14.93760918785449	60	friends	01	022	s03e10a	
cortex_SalVentAttn	39.295774473019705	121	friends	01	022	s03e10a	
cortex_SomMot	39.019795524783156	194	friends	01	022	s03e10a	
cortex_Vis	32.389550686131955	162	friends	01	022	s03e10a	
subcortex_CAU	24.90636167280374	8	friends	01	022	s03e10a	
subcortex_PUT	25.8740776577931	8	friends	01	022	s03e10a	
subcortex_THA	25.980090795462406	14	friends	01	022	s03e10a	
cerebellum	27.53293322982439	88	friends	01	022	s03e10b	
cortex_Cont	36.89703532235998	128	friends	01	022	s03e10b	
cortex_Default	35.91623299218292	209	friends	01	022	s03e10b	
cortex_DorsAttn	38.27825000321154	122	friends	01	022	s03e10b	
cortex_Limbic	14.797255184643767	60	friends	01	022	s03e10b	
cortex_SalVentAttn	39.346292462377406	121	friends	01	022	s03e10b	
cortex_SomMot	38.625888947033715	194	friends	01	022	s03e10b	
cortex_Vis	30.81303776918562	162	friends	01	022	s03e10b	
subcortex_CAU	26.52634606651039	8	friends	01	022	s03e10b	
subcortex_PUT	25.633590915293556	8	friends	01	022	s03e10b	
subcortex_THA	26.709483119510327	14	friends	01	022	s03e10b	
cerebellum	26.5993831265742	88	friends	01	022	s03e11a	
cortex_Cont	34.983843452504544	128	friends	01	022	s03e11a	
cortex_Default	34.45711854033622	209	friends	01	022	s03e11a	
cortex_DorsAttn	38.786982326429246	122	friends	01	022	s03e11a	
cortex_Limbic	14.49672314894981	60	friends	01	022	s03e11a	
cortex_SalVentAttn	37.035319606440346	121	friends	01	022	s03e11a	
cortex_SomMot	35.23088517474817	194	friends	01	022	s03e11a	
cortex_Vis	30.50692666911656	162	friends	01	022	s03e11a	
subcortex_CAU	24.25576608175111	8	friends	01	022	s03e11a	
subcortex_PUT	24.312990895815442	8	friends	01	022	s03e11a	
subcortex_THA	26.109511174853942	14	friends	01	022	s03e11a	
cerebellum	26.422894098383406	88	friends	01	022	s03e11b	
cortex_Cont	33.22807367814357	128	friends	01	022	s03e11b	
cortex_Default	32.464715859904246	209	friends	01	022	s03e11b	
cortex_DorsAttn	35.29331704688337	122	friends	01	022	s03e11b	
cortex_Limbic	13.240924717173687	60	friends	01	022	s03e11b	
cortex_SalVentAttn	35.36090058707021	121	friends	01	022	s03e11b	
cortex_SomMot	33.53365578306565	194	friends	01	022	s03e11b	
cortex_Vis	28.935388444285156	162	friends	01	022	s03e11b	
subcortex_CAU	24.034622147116362	8	friends	01	022	s03e11b	
subcortex_PUT	24.619380183693174	8	friends	01	022	s03e11b	
subcortex_THA	25.161092700767636	14	friends	01	022	s03e11b	
cerebellum	29.754875297829116	88	friends	01	022	s03e12a	
cortex_Cont	37.860766745440046	128	friends	01	022	s03e12a	
cortex_Default	36.75871878689782	209	friends	01	022	s03e12a	
cortex_DorsAttn	42.19602098501563	122	friends	01	022	s03e12a	
cortex_Limbic	14.833153290055439	60	friends	01	022	s03e12a	
cortex_SalVentAttn	39.40072159535938	121	friends	01	022	s03e12a	
cortex_SomMot	39.625359826226486	194	friends	01	022	s03e12a	
cortex_Vis	33.423093645515685	162	friends	01	022	s03e12a	
subcortex_CAU	24.92763585833501	8	friends	01	022	s03e12a	
subcortex_PUT	25.15190702251437	8	friends	01	022	s03e12a	
subcortex_THA	26.645824608930273	14	friends	01	022	s03e12a	
cerebellum	26.874631230786985	88	friends	01	022	s03e12b	
cortex_Cont	34.81927809458124	128	friends	01	022	s03e12b	
cortex_Default	34.02062196489722	209	friends	01	022	s03e12b	
cortex_DorsAttn	38.515864589183614	122	friends	01	022	s03e12b	
cortex_Limbic	13.729155809013434	60	friends	01	022	s03e12b	
cortex_SalVentAttn	36.689398007082666	121	friends	01	022	s03e12b	
cortex_SomMot	35.46474169760696	194	friends	01	022	s03e12b	
cortex_Vis	30.29174468982675	162	friends	01	022	s03e12b	
subcortex_CAU	23.766203751244845	8	friends	01	022	s03e12b	
subcortex_PUT	24.636983230568617	8	friends	01	022	s03e12b	
subcortex_THA	25.077492936581027	14	friends	01	022	s03e12b	
cerebellum	27.79430595247843	88	friends	01	023	s03e13a	
cortex_Cont	36.06833274807476	128	friends	01	023	s03e13a	
cortex_Default	34.78895900761733	209	friends	01	023	s03e13a	
cortex_DorsAttn	38.57079946654404	122	friends	01	023	s03e13a	
cortex_Limbic	13.508675425681458	60	friends	01	023	s03e13a	
cortex_SalVentAttn	36.120795922545206	121	friends	01	023	s03e13a	
cortex_SomMot	35.92728307760998	194	friends	01	023	s03e13a	
cortex_Vis	30.61176939556199	162	friends	01	023	s03e13a	
subcortex_CAU	22.8526709375639	8	friends	01	023	s03e13a	
subcortex_PUT	23.84600092319348	8	friends	01	023	s03e13a	
subcortex_THA	25.39381163006511	14	friends	01	023	s03e13a	
cerebellum	28.081474911492634	88	friends	01	023	s03e13b	
cortex_Cont	36.55798946338967	128	friends	01	023	s03e13b	
cortex_Default	35.61605809652466	209	friends	01	023	s03e13b	
cortex_DorsAttn	41.478653354406035	122	friends	01	023	s03e13b	
cortex_Limbic	14.104279118541946	60	friends	01	023	s03e13b	
cortex_SalVentAttn	36.69734449608511	121	friends	01	023	s03e13b	
cortex_SomMot	35.99875378741729	194	friends	01	023	s03e13b	
cortex_Vis	33.150151408420875	162	friends	01	023	s03e13b	
subcortex_CAU	23.226856620238387	8	friends	01	023	s03e13b	
subcortex_PUT	24.375750465169247	8	friends	01	023	s03e13b	
subcortex_THA	25.78781825410942	14	friends	01	023	s03e13b	
cerebellum	31.831966624249834	88	friends	01	023	s03e14a	
cortex_Cont	37.376045949823364	128	friends	01	023	s03e14a	
cortex_Default	36.24975296515149	209	friends	01	023	s03e14a	
cortex_DorsAttn	42.854727486369875	122	friends	01	023	s03e14a	
cortex_Limbic	13.980647374837929	60	friends	01	023	s03e14a	
cortex_SalVentAttn	37.47968456667211	121	friends	01	023	s03e14a	
cortex_SomMot	37.188181649680914	194	friends	01	023	s03e14a	
cortex_Vis	36.38644976112852	162	friends	01	023	s03e14a	
subcortex_CAU	23.5945050316929	8	friends	01	023	s03e14a	
subcortex_PUT	24.586185221432636	8	friends	01	023	s03e14a	
subcortex_THA	25.639545536945896	14	friends	01	023	s03e14a	
cerebellum	31.717584042953032	88	friends	01	023	s03e14b	
cortex_Cont	40.25635157702365	128	friends	01	023	s03e14b	
cortex_Default	38.78937162967806	209	friends	01	023	s03e14b	
cortex_DorsAttn	43.96996022855244	122	friends	01	023	s03e14b	
cortex_Limbic	15.915656404326858	60	friends	01	023	s03e14b	
cortex_SalVentAttn	40.89050612617643	121	friends	01	023	s03e14b	
cortex_SomMot	41.29946237886707	194	friends	01	023	s03e14b	
cortex_Vis	36.42591673193582	162	friends	01	023	s03e14b	
subcortex_CAU	25.289593179742432	8	friends	01	023	s03e14b	
subcortex_PUT	25.801794222072306	8	friends	01	023	s03e14b	
subcortex_THA	26.80069048048597	14	friends	01	023	s03e14b	
cerebellum	26.485372422492336	88	friends	01	024	s03e15a	
cortex_Cont	35.78775576556283	128	friends	01	024	s03e15a	
cortex_Default	33.490611324205666	209	friends	01	024	s03e15a	
cortex_DorsAttn	38.16975458626289	122	friends	01	024	s03e15a	
cortex_Limbic	13.562974752522482	60	friends	01	024	s03e15a	
cortex_SalVentAttn	37.01868151508615	121	friends	01	024	s03e15a	
cortex_SomMot	36.009312690348224	194	friends	01	024	s03e15a	
cortex_Vis	29.147517131090808	162	friends	01	024	s03e15a	
subcortex_CAU	23.45500906715282	8	friends	01	024	s03e15a	
subcortex_PUT	24.18641616093042	8	friends	01	024	s03e15a	
subcortex_THA	26.039507304349197	14	friends	01	024	s03e15a	
cerebellum	28.772168639079936	88	friends	01	024	s03e15b	
cortex_Cont	38.84127344910729	128	friends	01	024	s03e15b	
cortex_Default	37.01828112949281	209	friends	01	024	s03e15b	
cortex_DorsAttn	42.366673982350065	122	friends	01	024	s03e15b	
cortex_Limbic	15.270390936008296	60	friends	01	024	s03e15b	
cortex_SalVentAttn	39.82019868554152	121	friends	01	024	s03e15b	
cortex_SomMot	38.99959823386744	194	friends	01	024	s03e15b	
cortex_Vis	33.80826151172156	162	friends	01	024	s03e15b	
subcortex_CAU	25.520060030109946	8	friends	01	024	s03e15b	
subcortex_PUT	25.85408489213204	8	friends	01	024	s03e15b	
subcortex_THA	27.363299216529622	14	friends	01	024	s03e15b	
cerebellum	26.742469427947615	88	friends	01	024	s03e16a	
cortex_Cont	34.95584686000202	128	friends	01	024	s03e16a	
cortex_Default	34.005632067795396	209	friends	01	024	s03e16a	
cortex_DorsAttn	38.093020463796975	122	friends	01	024	s03e16a	
cortex_Limbic	14.005671225331007	60	friends	01	024	s03e16a	
cortex_SalVentAttn	36.43596821467605	121	friends	01	024	s03e16a	
cortex_SomMot	34.78349774975487	194	friends	01	024	s03e16a	
cortex_Vis	30.45881747243502	162	friends	01	024	s03e16a	
subcortex_CAU	23.635007460156032	8	friends	01	024	s03e16a	
subcortex_PUT	24.50792195878326	8	friends	01	024	s03e16a	
subcortex_THA	26.05278920021391	14	friends	01	024	s03e16a	
cerebellum	26.85755890953678	88	friends	01	024	s03e16b	
cortex_Cont	36.42416625449126	128	friends	01	024	s03e16b	
cortex_Default	35.31343917738245	209	friends	01	024	s03e16b	
cortex_DorsAttn	38.6720520796438	122	friends	01	024	s03e16b	
cortex_Limbic	14.802597246299538	60	friends	01	024	s03e16b	
cortex_SalVentAttn	38.40427578902317	121	friends	01	024	s03e16b	
cortex_SomMot	36.87146507512104	194	friends	01	024	s03e16b	
cortex_Vis	30.53243558380842	162	friends	01	024	s03e16b	
subcortex_CAU	24.715820540424676	8	friends	01	024	s03e16b	
subcortex_PUT	24.78715974489592	8	friends	01	024	s03e16b	
subcortex_THA	26.430982954053857	14	friends	01	024	s03e16b	
cerebellum	31.426798507046488	88	friends	01	024	s03e17a	
cortex_Cont	40.599217604796955	128	friends	01	024	s03e17a	
cortex_Default	39.14804880972741	209	friends	01	024	s03e17a	
cortex_DorsAttn	44.832653645486864	122	friends	01	024	s03e17a	
cortex_Limbic	16.005620749326656	60	friends	01	024	s03e17a	
cortex_SalVentAttn	40.7801787745252	121	friends	01	024	s03e17a	
cortex_SomMot	40.560486506610225	194	friends	01	024	s03e17a	
cortex_Vis	37.46376269695973	162	friends	01	024	s03e17a	
subcortex_CAU	25.20798292740943	8	friends	01	024	s03e17a	
subcortex_PUT	25.66327430919759	8	friends	01	024	s03e17a	
subcortex_THA	26.740509205436826	14	friends	01	024	s03e17a	
cerebellum	28.639875768725116	88	friends	01	024	s03e17b	
cortex_Cont	36.28109918261621	128	friends	01	024	s03e17b	
cortex_Default	35.814068002328284	209	friends	01	024	s03e17b	
cortex_DorsAttn	40.887774506094495	122	friends	01	024	s03e17b	
cortex_Limbic	14.354871469959026	60	friends	01	024	s03e17b	
cortex_SalVentAttn	37.32875836975701	121	friends	01	024	s03e17b	
cortex_SomMot	36.06745960201793	194	friends	01	024	s03e17b	
cortex_Vis	33.399022967045894	162	friends	01	024	s03e17b	
subcortex_CAU	23.569124599324567	8	friends	01	024	s03e17b	
subcortex_PUT	24.890750776292975	8	friends	01	024	s03e17b	
subcortex_THA	25.764498928947972	14	friends	01	024	s03e17b	
cerebellum	30.94263218266043	88	friends	01	025	s03e18a	
cortex_Cont	41.807396412013595	128	friends	01	025	s03e18a	
cortex_Default	39.6860305101723	209	friends	01	025	s03e18a	
cortex_DorsAttn	45.89709996428934	122	friends	01	025	s03e18a	
cortex_Limbic	15.547877707619294	60	friends	01	025	s03e18a	
cortex_SalVentAttn	41.55701403725775	121	friends	01	025	s03e18a	
cortex_SomMot	42.45063918604996	194	friends	01	025	s03e18a	
cortex_Vis	36.05400622004974	162	friends	01	025	s03e18a	
subcortex_CAU	24.93512696881336	8	friends	01	025	s03e18a	
subcortex_PUT	25.906615870354972	8	friends	01	025	s03e18a	
subcortex_THA	26.458814492016465	14	friends	01	025	s03e18a	
cerebellum	28.642059106119028	88	friends	01	025	s03e18b	
cortex_Cont	37.38419195237583	128	friends	01	025	s03e18b	
cortex_Default	36.31568397063683	209	friends	01	025	s03e18b	
cortex_DorsAttn	40.91678554863485	122	friends	01	025	s03e18b	
cortex_Limbic	14.404303149472225	60	friends	01	025	s03e18b	
cortex_SalVentAttn	38.09655668426797	121	friends	01	025	s03e18b	
cortex_SomMot	37.2461032250528	194	friends	01	025	s03e18b	
cortex_Vis	33.28592790100852	162	friends	01	025	s03e18b	
subcortex_CAU	23.745458004670642	8	friends	01	025	s03e18b	
subcortex_PUT	24.58357521204786	8	friends	01	025	s03e18b	
subcortex_THA	25.735996799098057	14	friends	01	025	s03e18b	
cerebellum	30.493062320432102	88	friends	01	025	s03e19a	
cortex_Cont	40.63822649388575	128	friends	01	025	s03e19a	
cortex_Default	38.71905608242966	209	friends	01	025	s03e19a	
cortex_DorsAttn	43.89129788871766	122	friends	01	025	s03e19a	
cortex_Limbic	15.624493798361454	60	friends	01	025	s03e19a	
cortex_SalVentAttn	41.15728105705591	121	friends	01	025	s03e19a	
cortex_SomMot	41.118104361766854	194	friends	01	025	s03e19a	
cortex_Vis	35.2997641596541	162	friends	01	025	s03e19a	
subcortex_CAU	25.308283999922327	8	friends	01	025	s03e19a	
subcortex_PUT	25.70645957664143	8	friends	01	025	s03e19a	
subcortex_THA	26.387092758951216	14	friends	01	025	s03e19a	
cerebellum	28.622225901231786	88	friends	01	025	s03e19b	
cortex_Cont	36.23518159326526	128	friends	01	025	s03e19b	
cortex_Default	35.21989911419144	209	friends	01	025	s03e19b	
cortex_DorsAttn	39.51616789840648	122	friends	01	025	s03e19b	
cortex_Limbic	13.971684796113749	60	friends	01	025	s03e19b	
cortex_SalVentAttn	37.13354476580011	121	friends	01	025	s03e19b	
cortex_SomMot	35.89657643838534	194	friends	01	025	s03e19b	
cortex_Vis	32.95165940696452	162	friends	01	025	s03e19b	
subcortex_CAU	23.296991230394767	8	friends	01	025	s03e19b	
subcortex_PUT	23.549217054908752	8	friends	01	025	s03e19b	
subcortex_THA	25.61111721163457	14	friends	01	025	s03e19b	
cerebellum	28.732302058066864	88	friends	01	025	s03e20a	
cortex_Cont	35.634876440286895	128	friends	01	025	s03e20a	
cortex_Default	34.6300904465927	209	friends	01	025	s03e20a	
cortex_DorsAttn	39.442643168362004	122	friends	01	025	s03e20a	
cortex_Limbic	14.006545160891708	60	friends	01	025	s03e20a	
cortex_SalVentAttn	36.263256639008375	121	friends	01	025	s03e20a	
cortex_SomMot	34.71058491292297	194	friends	01	025	s03e20a	
cortex_Vis	33.21634085569694	162	friends	01	025	s03e20a	
subcortex_CAU	22.491683715612062	8	friends	01	025	s03e20a	
subcortex_PUT	23.82289848392862	8	friends	01	025	s03e20a	
subcortex_THA	25.15466868901581	14	friends	01	025	s03e20a	
cerebellum	31.978585668435166	88	friends	01	025	s03e20b	
cortex_Cont	39.349595492724426	128	friends	01	025	s03e20b	
cortex_Default	38.52753604082408	209	friends	01	025	s03e20b	
cortex_DorsAttn	42.848312088219	122	friends	01	025	s03e20b	
cortex_Limbic	15.298352111825942	60	friends	01	025	s03e20b	
cortex_SalVentAttn	40.56815740585587	121	friends	01	025	s03e20b	
cortex_SomMot	40.19020754361102	194	friends	01	025	s03e20b	
cortex_Vis	36.12268139168532	162	friends	01	025	s03e20b	
subcortex_CAU	25.848480014698808	8	friends	01	025	s03e20b	
subcortex_PUT	25.213694263951552	8	friends	01	025	s03e20b	
subcortex_THA	26.751831108323103	14	friends	01	025	s03e20b	
cerebellum	28.63659833599629	88	friends	01	026	s03e21a	
cortex_Cont	37.01321426047076	128	friends	01	026	s03e21a	
cortex_Default	36.60780153401049	209	friends	01	026	s03e21a	
cortex_DorsAttn	41.22436349491496	122	friends	01	026	s03e21a	
cortex_Limbic	14.89134572937535	60	friends	01	026	s03e21a	
cortex_SalVentAttn	38.24221564036973	121	friends	01	026	s03e21a	
cortex_SomMot	36.72105075767587	194	friends	01	026	s03e21a	
cortex_Vis	33.00699268120631	162	friends	01	026	s03e21a	
subcortex_CAU	24.35190157741983	8	friends	01	026	s03e21a	
subcortex_PUT	25.295072070309402	8	friends	01	026	s03e21a	
subcortex_THA	26.5339292513278	14	friends	01	026	s03e21a	
cerebellum	27.071474920312934	88	friends	01	026	s03e21b	
cortex_Cont	34.65518419759863	128	friends	01	026	s03e21b	
cortex_Default	34.107704537853984	209	friends	01	026	s03e21b	
cortex_DorsAttn	40.07851748302903	122	friends	01	026	s03e21b	
cortex_Limbic	13.215501051866385	60	friends	01	026	s03e21b	
cortex_SalVentAttn	35.704771410536075	121	friends	01	026	s03e21b	
cortex_SomMot	34.43920625821033	194	friends	01	026	s03e21b	
cortex_Vis	32.616035925737044	162	friends	01	026	s03e21b	
subcortex_CAU	22.474308251717225	8	friends	01	026	s03e21b	
subcortex_PUT	23.46949841555972	8	friends	01	026	s03e21b	
subcortex_THA	25.504295108533476	14	friends	01	026	s03e21b	
cerebellum	29.9833236638151	88	friends	01	026	s03e22a	
cortex_Cont	36.59549939348777	128	friends	01	026	s03e22a	
cortex_Default	35.55552526780245	209	friends	01	026	s03e22a	
cortex_DorsAttn	40.496602852830605	122	friends	01	026	s03e22a	
cortex_Limbic	14.027938800647057	60	friends	01	026	s03e22a	
cortex_SalVentAttn	38.39929907325462	121	friends	01	026	s03e22a	
cortex_SomMot	37.77243760183899	194	friends	01	026	s03e22a	
cortex_Vis	34.1394463981315	162	friends	01	026	s03e22a	
subcortex_CAU	25.397539303663716	8	friends	01	026	s03e22a	
subcortex_PUT	24.44836081791986	8	friends	01	026	s03e22a	
subcortex_THA	26.256431257960493	14	friends	01	026	s03e22a	
cerebellum	30.78509502947684	88	friends	01	026	s03e22b	
cortex_Cont	38.97004591949019	128	friends	01	026	s03e22b	
cortex_Default	37.62580320402411	209	friends	01	026	s03e22b	
cortex_DorsAttn	44.903229213501824	122	friends	01	026	s03e22b	
cortex_Limbic	14.508053360296524	60	friends	01	026	s03e22b	
cortex_SalVentAttn	38.81205328167357	121	friends	01	026	s03e22b	
cortex_SomMot	38.69395420335427	194	friends	01	026	s03e22b	
cortex_Vis	36.576695413742435	162	friends	01	026	s03e22b	
subcortex_CAU	24.3530960006103	8	friends	01	026	s03e22b	
subcortex_PUT	23.67431443473032	8	friends	01	026	s03e22b	
subcortex_THA	26.334122357036232	14	friends	01	026	s03e22b	
cerebellum	23.675546194200763	88	friends	01	027	s03e23a	
cortex_Cont	32.21854891696779	128	friends	01	027	s03e23a	
cortex_Default	30.168027980945666	209	friends	01	027	s03e23a	
cortex_DorsAttn	35.7985026333868	122	friends	01	027	s03e23a	
cortex_Limbic	12.428511929737983	60	friends	01	027	s03e23a	
cortex_SalVentAttn	32.97066877962551	121	friends	01	027	s03e23a	
cortex_SomMot	31.088231969279125	194	friends	01	027	s03e23a	
cortex_Vis	26.04294353852269	162	friends	01	027	s03e23a	
subcortex_CAU	20.20862690416928	8	friends	01	027	s03e23a	
subcortex_PUT	21.386426083776907	8	friends	01	027	s03e23a	
subcortex_THA	24.549196794147974	14	friends	01	027	s03e23a	
cerebellum	27.16976948029676	88	friends	01	027	s03e23b	
cortex_Cont	35.261031561577155	128	friends	01	027	s03e23b	
cortex_Default	34.03979753510701	209	friends	01	027	s03e23b	
cortex_DorsAttn	39.813834229693775	122	friends	01	027	s03e23b	
cortex_Limbic	13.527991435881342	60	friends	01	027	s03e23b	
cortex_SalVentAttn	35.16312957063177	121	friends	01	027	s03e23b	
cortex_SomMot	34.120733012541415	194	friends	01	027	s03e23b	
cortex_Vis	32.4196463955274	162	friends	01	027	s03e23b	
subcortex_CAU	22.75488717596852	8	friends	01	027	s03e23b	
subcortex_PUT	23.457225525538977	8	friends	01	027	s03e23b	
subcortex_THA	25.379804880551564	14	friends	01	027	s03e23b	
cerebellum	27.24349949987492	88	friends	01	027	s03e24a	
cortex_Cont	36.12122899626801	128	friends	01	027	s03e24a	
cortex_Default	34.45134002408872	209	friends	01	027	s03e24a	
cortex_DorsAttn	38.84359640325879	122	friends	01	027	s03e24a	
cortex_Limbic	14.585716189174603	60	friends	01	027	s03e24a	
cortex_SalVentAttn	36.1557743756241	121	friends	01	027	s03e24a	
cortex_SomMot	34.42861446886979	194	friends	01	027	s03e24a	
cortex_Vis	30.95744229393901	162	friends	01	027	s03e24a	
subcortex_CAU	23.39399993729671	8	friends	01	027	s03e24a	
subcortex_PUT	24.485363067699474	8	friends	01	027	s03e24a	
subcortex_THA	26.0270850543651	14	friends	01	027	s03e24a	
cerebellum	26.445043082294607	88	friends	01	027	s03e24b	
cortex_Cont	36.13278963378664	128	friends	01	027	s03e24b	
cortex_Default	34.19415403174487	209	friends	01	027	s03e24b	
cortex_DorsAttn	39.51704337950162	122	friends	01	027	s03e24b	
cortex_Limbic	13.936571121095588	60	friends	01	027	s03e24b	
cortex_SalVentAttn	35.818004916066606	121	friends	01	027	s03e24b	
cortex_SomMot	34.69175528370212	194	friends	01	027	s03e24b	
cortex_Vis	31.983767783175743	162	friends	01	027	s03e24b	
subcortex_CAU	23.638894545141053	8	friends	01	027	s03e24b	
subcortex_PUT	23.879092732844036	8	friends	01	027	s03e24b	
subcortex_THA	25.73354829048185	14	friends	01	027	s03e24b	
cerebellum	26.560884225425756	88	friends	01	027	s03e25a	
cortex_Cont	35.91132570969001	128	friends	01	027	s03e25a	
cortex_Default	34.16926606132101	209	friends	01	027	s03e25a	
cortex_DorsAttn	38.81388280100797	122	friends	01	027	s03e25a	
cortex_Limbic	13.906639727019307	60	friends	01	027	s03e25a	
cortex_SalVentAttn	35.552097936839836	121	friends	01	027	s03e25a	
cortex_SomMot	33.86556202123641	194	friends	01	027	s03e25a	
cortex_Vis	30.513292360070324	162	friends	01	027	s03e25a	
subcortex_CAU	22.93718805315406	8	friends	01	027	s03e25a	
subcortex_PUT	23.875206442737085	8	friends	01	027	s03e25a	
subcortex_THA	25.572929277900275	14	friends	01	027	s03e25a	
cerebellum	25.823329253478395	88	friends	01	027	s03e25b	
cortex_Cont	35.14935892276507	128	friends	01	027	s03e25b	
cortex_Default	33.39407304578059	209	friends	01	027	s03e25b	
cortex_DorsAttn	38.838571676516146	122	friends	01	027	s03e25b	
cortex_Limbic	13.239465522413822	60	friends	01	027	s03e25b	
cortex_SalVentAttn	34.73479131467647	121	friends	01	027	s03e25b	
cortex_SomMot	32.803786824088135	194	friends	01	027	s03e25b	
cortex_Vis	29.692021718272834	162	friends	01	027	s03e25b	
subcortex_CAU	22.588536128108625	8	friends	01	027	s03e25b	
subcortex_PUT	22.807415936199373	8	friends	01	027	s03e25b	
subcortex_THA	24.853934519654583	14	friends	01	027	s03e25b	
cerebellum	29.905886593919455	88	friends	01	027	s04e01a	
cortex_Cont	37.55110272596006	128	friends	01	027	s04e01a	
cortex_Default	35.823271035280456	209	friends	01	027	s04e01a	
cortex_DorsAttn	39.45052363418573	122	friends	01	027	s04e01a	
cortex_Limbic	15.308837249177115	60	friends	01	027	s04e01a	
cortex_SalVentAttn	37.40891050406635	121	friends	01	027	s04e01a	
cortex_SomMot	35.7884881900215	194	friends	01	027	s04e01a	
cortex_Vis	36.22014025078816	162	friends	01	027	s04e01a	
subcortex_CAU	25.261313180152136	8	friends	01	027	s04e01a	
subcortex_PUT	26.01806177847493	8	friends	01	027	s04e01a	
subcortex_THA	26.755980658318695	14	friends	01	027	s04e01a	
cerebellum	25.939899624793664	88	friends	01	027	s04e01b	
cortex_Cont	33.133566519261684	128	friends	01	027	s04e01b	
cortex_Default	32.02622566021964	209	friends	01	027	s04e01b	
cortex_DorsAttn	35.28615191028407	122	friends	01	027	s04e01b	
cortex_Limbic	12.927578019866484	60	friends	01	027	s04e01b	
cortex_SalVentAttn	33.366286095892576	121	friends	01	027	s04e01b	
cortex_SomMot	30.947753620106628	194	friends	01	027	s04e01b	
cortex_Vis	29.266807000388074	162	friends	01	027	s04e01b	
subcortex_CAU	22.454376578859346	8	friends	01	027	s04e01b	
subcortex_PUT	22.01278347857834	8	friends	01	027	s04e01b	
subcortex_THA	24.029290607045954	14	friends	01	027	s04e01b	
cerebellum	23.32265245398452	88	friends	01	027	s04e02a	
cortex_Cont	31.96983023814579	128	friends	01	027	s04e02a	
cortex_Default	30.143197562731853	209	friends	01	027	s04e02a	
cortex_DorsAttn	34.39969695314916	122	friends	01	027	s04e02a	
cortex_Limbic	12.517926158078913	60	friends	01	027	s04e02a	
cortex_SalVentAttn	32.51138638989575	121	friends	01	027	s04e02a	
cortex_SomMot	30.48615703344433	194	friends	01	027	s04e02a	
cortex_Vis	26.825273799416966	162	friends	01	027	s04e02a	
subcortex_CAU	21.164189558631435	8	friends	01	027	s04e02a	
subcortex_PUT	22.52872019983221	8	friends	01	027	s04e02a	
subcortex_THA	23.756130824653894	14	friends	01	027	s04e02a	
cerebellum	27.494172481040366	88	friends	01	027	s04e02b	
cortex_Cont	35.57941812538782	128	friends	01	027	s04e02b	
cortex_Default	33.64566837677456	209	friends	01	027	s04e02b	
cortex_DorsAttn	38.74773374716185	122	friends	01	027	s04e02b	
cortex_Limbic	13.669184036617818	60	friends	01	027	s04e02b	
cortex_SalVentAttn	35.50988225473984	121	friends	01	027	s04e02b	
cortex_SomMot	33.80277260953081	194	friends	01	027	s04e02b	
cortex_Vis	32.922885599165774	162	friends	01	027	s04e02b	
subcortex_CAU	23.014755037341693	8	friends	01	027	s04e02b	
subcortex_PUT	23.537094545412838	8	friends	01	027	s04e02b	
subcortex_THA	25.48838005450857	14	friends	01	027	s04e02b	
cerebellum	22.22798002848763	88	friends	01	028	s04e03a	
cortex_Cont	31.445723023063422	128	friends	01	028	s04e03a	
cortex_Default	28.915440558375014	209	friends	01	028	s04e03a	
cortex_DorsAttn	32.071872443793346	122	friends	01	028	s04e03a	
cortex_Limbic	12.132136834801486	60	friends	01	028	s04e03a	
cortex_SalVentAttn	32.169035202464194	121	friends	01	028	s04e03a	
cortex_SomMot	29.443805673298268	194	friends	01	028	s04e03a	
cortex_Vis	24.317521557301923	162	friends	01	028	s04e03a	
subcortex_CAU	21.393505444524134	8	friends	01	028	s04e03a	
subcortex_PUT	22.430287871157034	8	friends	01	028	s04e03a	
subcortex_THA	23.219001616722625	14	friends	01	028	s04e03a	
cerebellum	28.384897463375918	88	friends	01	028	s04e03b	
cortex_Cont	38.7303166370021	128	friends	01	028	s04e03b	
cortex_Default	36.89949240835124	209	friends	01	028	s04e03b	
cortex_DorsAttn	39.45186009066905	122	friends	01	028	s04e03b	
cortex_Limbic	16.010011307084714	60	friends	01	028	s04e03b	
cortex_SalVentAttn	40.08384302648694	121	friends	01	028	s04e03b	
cortex_SomMot	38.33352775101111	194	friends	01	028	s04e03b	
cortex_Vis	32.25203867557243	162	friends	01	028	s04e03b	
subcortex_CAU	26.583130114541838	8	friends	01	028	s04e03b	
subcortex_PUT	27.38685155385264	8	friends	01	028	s04e03b	
subcortex_THA	27.20064312798059	14	friends	01	028	s04e03b	
cerebellum	27.84733758617307	88	friends	01	028	s04e04a	
cortex_Cont	36.91978636390734	128	friends	01	028	s04e04a	
cortex_Default	35.02066953758666	209	friends	01	028	s04e04a	
cortex_DorsAttn	40.31091757068591	122	friends	01	028	s04e04a	
cortex_Limbic	14.444933008549919	60	friends	01	028	s04e04a	
cortex_SalVentAttn	36.8655202704868	121	friends	01	028	s04e04a	
cortex_SomMot	35.52022229136385	194	friends	01	028	s04e04a	
cortex_Vis	32.05844676772212	162	friends	01	028	s04e04a	
subcortex_CAU	23.90580220409946	8	friends	01	028	s04e04a	
subcortex_PUT	23.724549743696237	8	friends	01	028	s04e04a	
subcortex_THA	25.806218172801103	14	friends	01	028	s04e04a	
cerebellum	25.78708062192252	88	friends	01	028	s04e04b	
cortex_Cont	35.60465718377864	128	friends	01	028	s04e04b	
cortex_Default	34.12775910330294	209	friends	01	028	s04e04b	
cortex_DorsAttn	37.571127137270146	122	friends	01	028	s04e04b	
cortex_Limbic	14.191571686145979	60	friends	01	028	s04e04b	
cortex_SalVentAttn	35.199066963357666	121	friends	01	028	s04e04b	
cortex_SomMot	33.337858142348765	194	friends	01	028	s04e04b	
cortex_Vis	30.621057275955874	162	friends	01	028	s04e04b	
subcortex_CAU	23.324631293842426	8	friends	01	028	s04e04b	
subcortex_PUT	23.799225924694056	8	friends	01	028	s04e04b	
subcortex_THA	24.718351214544658	14	friends	01	028	s04e04b	
cerebellum	24.465185128985407	88	friends	01	028	s04e05a	
cortex_Cont	34.08972851141754	128	friends	01	028	s04e05a	
cortex_Default	32.070709538314006	209	friends	01	028	s04e05a	
cortex_DorsAttn	36.46901892759519	122	friends	01	028	s04e05a	
cortex_Limbic	13.48784286572087	60	friends	01	028	s04e05a	
cortex_SalVentAttn	34.40246042059554	121	friends	01	028	s04e05a	
cortex_SomMot	32.227058961239194	194	friends	01	028	s04e05a	
cortex_Vis	28.320052388366673	162	friends	01	028	s04e05a	
subcortex_CAU	22.44423662451391	8	friends	01	028	s04e05a	
subcortex_PUT	23.393995322812547	8	friends	01	028	s04e05a	
subcortex_THA	23.972490209007287	14	friends	01	028	s04e05a	
cerebellum	25.12062452934091	88	friends	01	028	s04e05b	
cortex_Cont	34.89025963244795	128	friends	01	028	s04e05b	
cortex_Default	33.10211363787257	209	friends	01	028	s04e05b	
cortex_DorsAttn	36.082396424073316	122	friends	01	028	s04e05b	
cortex_Limbic	14.176511952860674	60	friends	01	028	s04e05b	
cortex_SalVentAttn	35.35421236689342	121	friends	01	028	s04e05b	
cortex_SomMot	32.89508715451396	194	friends	01	028	s04e05b	
cortex_Vis	28.67646218712394	162	friends	01	028	s04e05b	
subcortex_CAU	23.624645677927756	8	friends	01	028	s04e05b	
subcortex_PUT	24.56069882062041	8	friends	01	028	s04e05b	
subcortex_THA	24.31418043213835	14	friends	01	028	s04e05b	
cerebellum	26.73881595284237	88	friends	01	028	s04e06a	
cortex_Cont	34.50439475795907	128	friends	01	028	s04e06a	
cortex_Default	32.65579474508649	209	friends	01	028	s04e06a	
cortex_DorsAttn	38.014831898369174	122	friends	01	028	s04e06a	
cortex_Limbic	13.571459631556246	60	friends	01	028	s04e06a	
cortex_SalVentAttn	34.71221912136926	121	friends	01	028	s04e06a	
cortex_SomMot	33.21268027964048	194	friends	01	028	s04e06a	
cortex_Vis	30.142785935874212	162	friends	01	028	s04e06a	
subcortex_CAU	22.513138833539692	8	friends	01	028	s04e06a	
subcortex_PUT	22.612998635702702	8	friends	01	028	s04e06a	
subcortex_THA	25.10508613495525	14	friends	01	028	s04e06a	
cerebellum	28.274674075106347	88	friends	01	028	s04e06b	
cortex_Cont	32.58773714863788	128	friends	01	028	s04e06b	
cortex_Default	31.530991856988894	209	friends	01	028	s04e06b	
cortex_DorsAttn	36.15697021833173	122	friends	01	028	s04e06b	
cortex_Limbic	12.80349436314368	60	friends	01	028	s04e06b	
cortex_SalVentAttn	33.461753412531884	121	friends	01	028	s04e06b	
cortex_SomMot	30.747860649264396	194	friends	01	028	s04e06b	
cortex_Vis	31.31016550600548	162	friends	01	028	s04e06b	
subcortex_CAU	21.288115225084486	8	friends	01	028	s04e06b	
subcortex_PUT	22.8786809343033	8	friends	01	028	s04e06b	
subcortex_THA	23.914638909440814	14	friends	01	028	s04e06b	
cerebellum	28.713026608579455	88	friends	01	028	s04e07a	
cortex_Cont	33.40036426135189	128	friends	01	028	s04e07a	
cortex_Default	32.67378521821098	209	friends	01	028	s04e07a	
cortex_DorsAttn	37.87360020423818	122	friends	01	028	s04e07a	
cortex_Limbic	12.681621486084152	60	friends	01	028	s04e07a	
cortex_SalVentAttn	34.27099276522906	121	friends	01	028	s04e07a	
cortex_SomMot	32.458078840269295	194	friends	01	028	s04e07a	
cortex_Vis	33.531184060877216	162	friends	01	028	s04e07a	
subcortex_CAU	21.14012007692546	8	friends	01	028	s04e07a	
subcortex_PUT	22.886865714906694	8	friends	01	028	s04e07a	
subcortex_THA	24.337901302609815	14	friends	01	028	s04e07a	
cerebellum	28.564007986285116	88	friends	01	029	s04e08a	
cortex_Cont	38.05367190699642	128	friends	01	029	s04e08a	
cortex_Default	37.067059560605166	209	friends	01	029	s04e08a	
cortex_DorsAttn	41.95748720285636	122	friends	01	029	s04e08a	
cortex_Limbic	15.087682362535881	60	friends	01	029	s04e08a	
cortex_SalVentAttn	37.72481135469968	121	friends	01	029	s04e08a	
cortex_SomMot	36.44922069840052	194	friends	01	029	s04e08a	
cortex_Vis	34.69704536255168	162	friends	01	029	s04e08a	
subcortex_CAU	24.6157357288204	8	friends	01	029	s04e08a	
subcortex_PUT	23.97192566944616	8	friends	01	029	s04e08a	
subcortex_THA	26.461233680199786	14	friends	01	029	s04e08a	
cerebellum	24.14802396523049	88	friends	01	029	s04e08b	
cortex_Cont	33.82894274129821	128	friends	01	029	s04e08b	
cortex_Default	32.2127254805002	209	friends	01	029	s04e08b	
cortex_DorsAttn	36.55892825163022	122	friends	01	029	s04e08b	
cortex_Limbic	13.608982773008591	60	friends	01	029	s04e08b	
cortex_SalVentAttn	33.71346747618763	121	friends	01	029	s04e08b	
cortex_SomMot	32.213870652457366	194	friends	01	029	s04e08b	
cortex_Vis	28.01782504124401	162	friends	01	029	s04e08b	
subcortex_CAU	23.197109650110207	8	friends	01	029	s04e08b	
subcortex_PUT	22.37333051158713	8	friends	01	029	s04e08b	
subcortex_THA	25.378414585925594	14	friends	01	029	s04e08b	
cerebellum	26.84116885236605	88	friends	01	029	s04e09a	
cortex_Cont	37.18890997884767	128	friends	01	029	s04e09a	
cortex_Default	35.38348558589539	209	friends	01	029	s04e09a	
cortex_DorsAttn	40.068600569707264	122	friends	01	029	s04e09a	
cortex_Limbic	15.463274642852461	60	friends	01	029	s04e09a	
cortex_SalVentAttn	37.09860929711225	121	friends	01	029	s04e09a	
cortex_SomMot	35.184857256760104	194	friends	01	029	s04e09a	
cortex_Vis	32.83099978422554	162	friends	01	029	s04e09a	
subcortex_CAU	25.329803941462522	8	friends	01	029	s04e09a	
subcortex_PUT	24.96798695870058	8	friends	01	029	s04e09a	
subcortex_THA	26.600884875505475	14	friends	01	029	s04e09a	
cerebellum	29.93104174008872	88	friends	01	029	s04e09b	
cortex_Cont	41.332817014377184	128	friends	01	029	s04e09b	
cortex_Default	38.950085278486455	209	friends	01	029	s04e09b	
cortex_DorsAttn	45.43648255078429	122	friends	01	029	s04e09b	
cortex_Limbic	16.24755325233996	60	friends	01	029	s04e09b	
cortex_SalVentAttn	40.56632183878101	121	friends	01	029	s04e09b	
cortex_SomMot	40.41674130897697	194	friends	01	029	s04e09b	
cortex_Vis	37.811066129626106	162	friends	01	029	s04e09b	
subcortex_CAU	26.25130411928104	8	friends	01	029	s04e09b	
subcortex_PUT	25.480770899025735	8	friends	01	029	s04e09b	
subcortex_THA	27.34276371323021	14	friends	01	029	s04e09b	
cerebellum	25.430254018894207	88	friends	01	029	s04e10a	
cortex_Cont	35.708611202831236	128	friends	01	029	s04e10a	
cortex_Default	33.856391102954696	209	friends	01	029	s04e10a	
cortex_DorsAttn	39.65604203799631	122	friends	01	029	s04e10a	
cortex_Limbic	14.608670391055053	60	friends	01	029	s04e10a	
cortex_SalVentAttn	36.00842753946651	121	friends	01	029	s04e10a	
cortex_SomMot	35.6719508038533	194	friends	01	029	s04e10a	
cortex_Vis	31.022809501304533	162	friends	01	029	s04e10a	
subcortex_CAU	23.544246776245327	8	friends	01	029	s04e10a	
subcortex_PUT	23.931126137895124	8	friends	01	029	s04e10a	
subcortex_THA	25.86847814457651	14	friends	01	029	s04e10a	
cerebellum	28.09858711703788	88	friends	01	029	s04e10b	
cortex_Cont	37.3311491705434	128	friends	01	029	s04e10b	
cortex_Default	35.32139227185816	209	friends	01	029	s04e10b	
cortex_DorsAttn	41.268808140886414	122	friends	01	029	s04e10b	
cortex_Limbic	14.995661268454493	60	friends	01	029	s04e10b	
cortex_SalVentAttn	37.871072870019546	121	friends	01	029	s04e10b	
cortex_SomMot	37.153151174563945	194	friends	01	029	s04e10b	
cortex_Vis	34.27536937285148	162	friends	01	029	s04e10b	
subcortex_CAU	25.154310636370308	8	friends	01	029	s04e10b	
subcortex_PUT	24.824341603660606	8	friends	01	029	s04e10b	
subcortex_THA	26.310479317758432	14	friends	01	029	s04e10b	
cerebellum	24.125943459898348	88	friends	01	029	s04e11a	
cortex_Cont	33.075293959328	128	friends	01	029	s04e11a	
cortex_Default	31.121366493440313	209	friends	01	029	s04e11a	
cortex_DorsAttn	35.91977826365022	122	friends	01	029	s04e11a	
cortex_Limbic	12.56854722909647	60	friends	01	029	s04e11a	
cortex_SalVentAttn	33.6172715243447	121	friends	01	029	s04e11a	
cortex_SomMot	32.751412053089545	194	friends	01	029	s04e11a	
cortex_Vis	27.337013344706172	162	friends	01	029	s04e11a	
subcortex_CAU	22.46930935104225	8	friends	01	029	s04e11a	
subcortex_PUT	22.879054265544283	8	friends	01	029	s04e11a	
subcortex_THA	24.914907013677382	14	friends	01	029	s04e11a	
cerebellum	26.516935101345073	88	friends	01	029	s04e11b	
cortex_Cont	35.21564526247242	128	friends	01	029	s04e11b	
cortex_Default	33.545179282734544	209	friends	01	029	s04e11b	
cortex_DorsAttn	37.76357537870112	122	friends	01	029	s04e11b	
cortex_Limbic	13.765285497935583	60	friends	01	029	s04e11b	
cortex_SalVentAttn	35.04164340063183	121	friends	01	029	s04e11b	
cortex_SomMot	33.44771918503276	194	friends	01	029	s04e11b	
cortex_Vis	30.50833628760321	162	friends	01	029	s04e11b	
subcortex_CAU	23.78925433372928	8	friends	01	029	s04e11b	
subcortex_PUT	23.34602280585067	8	friends	01	029	s04e11b	
subcortex_THA	25.47295747586676	14	friends	01	029	s04e11b	
cerebellum	27.28943876243043	88	friends	01	030	s04e12a	
cortex_Cont	36.82574255786915	128	friends	01	030	s04e12a	
cortex_Default	35.14330989146281	209	friends	01	030	s04e12a	
cortex_DorsAttn	40.6402485833373	122	friends	01	030	s04e12a	
cortex_Limbic	13.939674515745065	60	friends	01	030	s04e12a	
cortex_SalVentAttn	36.0667665400594	121	friends	01	030	s04e12a	
cortex_SomMot	35.026072608688686	194	friends	01	030	s04e12a	
cortex_Vis	30.939926657730474	162	friends	01	030	s04e12a	
subcortex_CAU	22.72860211236404	8	friends	01	030	s04e12a	
subcortex_PUT	23.141549859711752	8	friends	01	030	s04e12a	
subcortex_THA	25.521629803771958	14	friends	01	030	s04e12a	
cerebellum	27.703983302307623	88	friends	01	030	s04e12b	
cortex_Cont	36.669019712982234	128	friends	01	030	s04e12b	
cortex_Default	35.53881522198559	209	friends	01	030	s04e12b	
cortex_DorsAttn	40.025973654391244	122	friends	01	030	s04e12b	
cortex_Limbic	14.54733707617017	60	friends	01	030	s04e12b	
cortex_SalVentAttn	36.151807906360844	121	friends	01	030	s04e12b	
cortex_SomMot	34.67721657866983	194	friends	01	030	s04e12b	
cortex_Vis	33.66176642591975	162	friends	01	030	s04e12b	
subcortex_CAU	24.097319013056204	8	friends	01	030	s04e12b	
subcortex_PUT	24.43236620953549	8	friends	01	030	s04e12b	
subcortex_THA	26.064410696441325	14	friends	01	030	s04e12b	
cerebellum	32.20525382656956	88	friends	01	030	s04e13a	
cortex_Cont	45.75254085609452	128	friends	01	030	s04e13a	
cortex_Default	41.73069758180583	209	friends	01	030	s04e13a	
cortex_DorsAttn	48.592868569710284	122	friends	01	030	s04e13a	
cortex_Limbic	16.85414365715848	60	friends	01	030	s04e13a	
cortex_SalVentAttn	44.33403022700611	121	friends	01	030	s04e13a	
cortex_SomMot	45.347276317820345	194	friends	01	030	s04e13a	
cortex_Vis	37.98148092553449	162	friends	01	030	s04e13a	
subcortex_CAU	26.911895989092724	8	friends	01	030	s04e13a	
subcortex_PUT	26.569872519354014	8	friends	01	030	s04e13a	
subcortex_THA	27.62074772464414	14	friends	01	030	s04e13a	
cerebellum	25.22958491826213	88	friends	01	030	s04e13b	
cortex_Cont	32.72617081380361	128	friends	01	030	s04e13b	
cortex_Default	30.93328495969485	209	friends	01	030	s04e13b	
cortex_DorsAttn	36.21119948956987	122	friends	01	030	s04e13b	
cortex_Limbic	12.539120730883667	60	friends	01	030	s04e13b	
cortex_SalVentAttn	33.34702586126227	121	friends	01	030	s04e13b	
cortex_SomMot	31.379311206734055	194	friends	01	030	s04e13b	
cortex_Vis	27.960061866596593	162	friends	01	030	s04e13b	
subcortex_CAU	21.450667892191948	8	friends	01	030	s04e13b	
subcortex_PUT	22.848060000370136	8	friends	01	030	s04e13b	
subcortex_THA	24.156909672678267	14	friends	01	030	s04e13b	
cerebellum	32.59264224214348	88	friends	01	030	s04e14a	
cortex_Cont	39.09913483950833	128	friends	01	030	s04e14a	
cortex_Default	36.860247819636086	209	friends	01	030	s04e14a	
cortex_DorsAttn	44.29289447250971	122	friends	01	030	s04e14a	
cortex_Limbic	14.662378271731237	60	friends	01	030	s04e14a	
cortex_SalVentAttn	38.92923331086908	121	friends	01	030	s04e14a	
cortex_SomMot	38.123186377604675	194	friends	01	030	s04e14a	
cortex_Vis	37.53578471395429	162	friends	01	030	s04e14a	
subcortex_CAU	24.14758668768226	8	friends	01	030	s04e14a	
subcortex_PUT	25.41825217794892	8	friends	01	030	s04e14a	
subcortex_THA	25.909490948596698	14	friends	01	030	s04e14a	
cerebellum	30.52293116735659	88	friends	01	030	s04e14b	
cortex_Cont	38.24753185444197	128	friends	01	030	s04e14b	
cortex_Default	36.24890700702834	209	friends	01	030	s04e14b	
cortex_DorsAttn	42.033148267694614	122	friends	01	030	s04e14b	
cortex_Limbic	14.587078028933586	60	friends	01	030	s04e14b	
cortex_SalVentAttn	38.84034313200781	121	friends	01	030	s04e14b	
cortex_SomMot	38.036340400595094	194	friends	01	030	s04e14b	
cortex_Vis	34.03395071026735	162	friends	01	030	s04e14b	
subcortex_CAU	24.897112546680585	8	friends	01	030	s04e14b	
subcortex_PUT	25.27970801753732	8	friends	01	030	s04e14b	
subcortex_THA	26.2467220866123	14	friends	01	030	s04e14b	
cerebellum	28.042278729173653	88	friends	01	031	s04e15a	
cortex_Cont	36.030938151270256	128	friends	01	031	s04e15a	
cortex_Default	34.31199461127224	209	friends	01	031	s04e15a	
cortex_DorsAttn	40.72138442499606	122	friends	01	031	s04e15a	
cortex_Limbic	13.879630310632708	60	friends	01	031	s04e15a	
cortex_SalVentAttn	36.52222889828117	121	friends	01	031	s04e15a	
cortex_SomMot	35.60984325050116	194	friends	01	031	s04e15a	
cortex_Vis	33.802046922557516	162	friends	01	031	s04e15a	
subcortex_CAU	23.73606449472275	8	friends	01	031	s04e15a	
subcortex_PUT	24.88343391891009	8	friends	01	031	s04e15a	
subcortex_THA	25.505697959126085	14	friends	01	031	s04e15a	
cerebellum	24.66110751427685	88	friends	01	031	s04e15b	
cortex_Cont	33.61911470415563	128	friends	01	031	s04e15b	
cortex_Default	31.77841784204772	209	friends	01	031	s04e15b	
cortex_DorsAttn	37.135217527600275	122	friends	01	031	s04e15b	
cortex_Limbic	12.79883603307051	60	friends	01	031	s04e15b	
cortex_SalVentAttn	33.512532758434304	121	friends	01	031	s04e15b	
cortex_SomMot	32.448631083610955	194	friends	01	031	s04e15b	
cortex_Vis	28.537598471108325	162	friends	01	031	s04e15b	
subcortex_CAU	21.414607682987782	8	friends	01	031	s04e15b	
subcortex_PUT	22.261199421625992	8	friends	01	031	s04e15b	
subcortex_THA	24.66652154760913	14	friends	01	031	s04e15b	
cerebellum	24.308533935064965	88	friends	01	031	s04e16a	
cortex_Cont	33.33276945031091	128	friends	01	031	s04e16a	
cortex_Default	31.625182746474845	209	friends	01	031	s04e16a	
cortex_DorsAttn	35.18989150217209	122	friends	01	031	s04e16a	
cortex_Limbic	12.800882781251856	60	friends	01	031	s04e16a	
cortex_SalVentAttn	33.56896352546682	121	friends	01	031	s04e16a	
cortex_SomMot	31.72438045568007	194	friends	01	031	s04e16a	
cortex_Vis	27.669811597036603	162	friends	01	031	s04e16a	
subcortex_CAU	22.725215304055016	8	friends	01	031	s04e16a	
subcortex_PUT	22.869560231781545	8	friends	01	031	s04e16a	
subcortex_THA	24.6702658542857	14	friends	01	031	s04e16a	
cerebellum	23.76931290118747	88	friends	01	031	s04e16b	
cortex_Cont	33.06789807717085	128	friends	01	031	s04e16b	
cortex_Default	31.4344308935125	209	friends	01	031	s04e16b	
cortex_DorsAttn	35.2291124232276	122	friends	01	031	s04e16b	
cortex_Limbic	12.517476551468242	60	friends	01	031	s04e16b	
cortex_SalVentAttn	33.26783502236087	121	friends	01	031	s04e16b	
cortex_SomMot	31.481458045651088	194	friends	01	031	s04e16b	
cortex_Vis	27.330536989482745	162	friends	01	031	s04e16b	
subcortex_CAU	22.01245388137768	8	friends	01	031	s04e16b	
subcortex_PUT	22.36556489485839	8	friends	01	031	s04e16b	
subcortex_THA	23.811463846414618	14	friends	01	031	s04e16b	
cerebellum	28.415900917364663	88	friends	01	031	s04e17a	
cortex_Cont	38.63335897094255	128	friends	01	031	s04e17a	
cortex_Default	36.309372537777556	209	friends	01	031	s04e17a	
cortex_DorsAttn	41.05656483975754	122	friends	01	031	s04e17a	
cortex_Limbic	15.302288551642132	60	friends	01	031	s04e17a	
cortex_SalVentAttn	37.96208378997712	121	friends	01	031	s04e17a	
cortex_SomMot	36.368903583006386	194	friends	01	031	s04e17a	
cortex_Vis	33.14193533720717	162	friends	01	031	s04e17a	
subcortex_CAU	24.954547682442918	8	friends	01	031	s04e17a	
subcortex_PUT	24.698662058280128	8	friends	01	031	s04e17a	
subcortex_THA	26.109525126514153	14	friends	01	031	s04e17a	
cerebellum	26.05460711078931	88	friends	01	031	s04e17b	
cortex_Cont	35.25659118593584	128	friends	01	031	s04e17b	
cortex_Default	33.672716200657305	209	friends	01	031	s04e17b	
cortex_DorsAttn	38.297189838588544	122	friends	01	031	s04e17b	
cortex_Limbic	13.850717196864752	60	friends	01	031	s04e17b	
cortex_SalVentAttn	36.069631245266834	121	friends	01	031	s04e17b	
cortex_SomMot	35.20525948382504	194	friends	01	031	s04e17b	
cortex_Vis	30.558531576460766	162	friends	01	031	s04e17b	
subcortex_CAU	23.896000703220725	8	friends	01	031	s04e17b	
subcortex_PUT	24.28697006060666	8	friends	01	031	s04e17b	
subcortex_THA	25.423306444399486	14	friends	01	031	s04e17b	
cerebellum	24.937615466321496	88	friends	01	032	s04e18a	
cortex_Cont	32.86214203596939	128	friends	01	032	s04e18a	
cortex_Default	31.166606928647408	209	friends	01	032	s04e18a	
cortex_DorsAttn	36.25275887700237	122	friends	01	032	s04e18a	
cortex_Limbic	12.768047918306708	60	friends	01	032	s04e18a	
cortex_SalVentAttn	34.32693636511816	121	friends	01	032	s04e18a	
cortex_SomMot	32.665981626965184	194	friends	01	032	s04e18a	
cortex_Vis	26.77894120910912	162	friends	01	032	s04e18a	
subcortex_CAU	21.500754010107904	8	friends	01	032	s04e18a	
subcortex_PUT	22.863221824040057	8	friends	01	032	s04e18a	
subcortex_THA	24.73548358087346	14	friends	01	032	s04e18a	
cerebellum	27.088300391440008	88	friends	01	032	s04e18b	
cortex_Cont	35.0019431972585	128	friends	01	032	s04e18b	
cortex_Default	33.59861548531376	209	friends	01	032	s04e18b	
cortex_DorsAttn	39.33824586731294	122	friends	01	032	s04e18b	
cortex_Limbic	13.684918994988665	60	friends	01	032	s04e18b	
cortex_SalVentAttn	35.36578469465456	121	friends	01	032	s04e18b	
cortex_SomMot	34.49253699538015	194	friends	01	032	s04e18b	
cortex_Vis	29.973302796309238	162	friends	01	032	s04e18b	
subcortex_CAU	21.939277770726118	8	friends	01	032	s04e18b	
subcortex_PUT	22.661477874327588	8	friends	01	032	s04e18b	
subcortex_THA	25.261742265906747	14	friends	01	032	s04e18b	
cerebellum	31.448690350233548	88	friends	01	032	s04e19b	
cortex_Cont	37.95115762060053	128	friends	01	032	s04e19b	
cortex_Default	36.59493014978899	209	friends	01	032	s04e19b	
cortex_DorsAttn	43.34586759641422	122	friends	01	032	s04e19b	
cortex_Limbic	14.6006627814038	60	friends	01	032	s04e19b	
cortex_SalVentAttn	38.1480790777884	121	friends	01	032	s04e19b	
cortex_SomMot	37.94223535291728	194	friends	01	032	s04e19b	
cortex_Vis	34.20972848375536	162	friends	01	032	s04e19b	
subcortex_CAU	23.358898404499172	8	friends	01	032	s04e19b	
subcortex_PUT	24.20746172341521	8	friends	01	032	s04e19b	
subcortex_THA	26.1996314475762	14	friends	01	032	s04e19b	
cerebellum	25.349001070493593	88	friends	01	033	s04e20a	
cortex_Cont	34.93026184762262	128	friends	01	033	s04e20a	
cortex_Default	33.63535913521979	209	friends	01	033	s04e20a	
cortex_DorsAttn	37.67607947514588	122	friends	01	033	s04e20a	
cortex_Limbic	13.840766471825104	60	friends	01	033	s04e20a	
cortex_SalVentAttn	36.02394720464653	121	friends	01	033	s04e20a	
cortex_SomMot	34.59320424484608	194	friends	01	033	s04e20a	
cortex_Vis	28.28767608227109	162	friends	01	033	s04e20a	
subcortex_CAU	22.86596581350433	8	friends	01	033	s04e20a	
subcortex_PUT	23.454497204401537	8	friends	01	033	s04e20a	
subcortex_THA	25.830448034180687	14	friends	01	033	s04e20a	
cerebellum	28.753867011239723	88	friends	01	033	s04e20b	
cortex_Cont	36.44831781604287	128	friends	01	033	s04e20b	
cortex_Default	35.21330340769185	209	friends	01	033	s04e20b	
cortex_DorsAttn	39.41192535644684	122	friends	01	033	s04e20b	
cortex_Limbic	14.390621062025104	60	friends	01	033	s04e20b	
cortex_SalVentAttn	36.9490335582533	121	friends	01	033	s04e20b	
cortex_SomMot	35.43059155815697	194	friends	01	033	s04e20b	
cortex_Vis	33.6294079556543	162	friends	01	033	s04e20b	
subcortex_CAU	23.700683962261724	8	friends	01	033	s04e20b	
subcortex_PUT	24.687804866118967	8	friends	01	033	s04e20b	
subcortex_THA	26.235166354258205	14	friends	01	033	s04e20b	
cerebellum	25.021237947872763	88	friends	01	034	s04e21a	
cortex_Cont	34.582920607301475	128	friends	01	034	s04e21a	
cortex_Default	32.342323664881285	209	friends	01	034	s04e21a	
cortex_DorsAttn	37.40664744551222	122	friends	01	034	s04e21a	
cortex_Limbic	12.779900570735618	60	friends	01	034	s04e21a	
cortex_SalVentAttn	34.32149391615926	121	friends	01	034	s04e21a	
cortex_SomMot	33.026005487774896	194	friends	01	034	s04e21a	
cortex_Vis	27.932665541937375	162	friends	01	034	s04e21a	
subcortex_CAU	22.762124026569467	8	friends	01	034	s04e21a	
subcortex_PUT	23.826821400843983	8	friends	01	034	s04e21a	
subcortex_THA	25.697040963529044	14	friends	01	034	s04e21a	
cerebellum	23.58410785544379	88	friends	01	034	s04e21b	
cortex_Cont	32.151812350611166	128	friends	01	034	s04e21b	
cortex_Default	29.964517458788116	209	friends	01	034	s04e21b	
cortex_DorsAttn	33.649650052851904	122	friends	01	034	s04e21b	
cortex_Limbic	12.818956282786464	60	friends	01	034	s04e21b	
cortex_SalVentAttn	34.08458131713194	121	friends	01	034	s04e21b	
cortex_SomMot	31.677168442628943	194	friends	01	034	s04e21b	
cortex_Vis	25.269852843997914	162	friends	01	034	s04e21b	
subcortex_CAU	22.511116479767875	8	friends	01	034	s04e21b	
subcortex_PUT	23.476047640022884	8	friends	01	034	s04e21b	
subcortex_THA	24.733084901678044	14	friends	01	034	s04e21b	
cerebellum	25.88492147446635	88	friends	01	034	s04e22a	
cortex_Cont	33.950078197651386	128	friends	01	034	s04e22a	
cortex_Default	32.01765451274515	209	friends	01	034	s04e22a	
cortex_DorsAttn	36.47118601854035	122	friends	01	034	s04e22a	
cortex_Limbic	12.98354770122737	60	friends	01	034	s04e22a	
cortex_SalVentAttn	35.55079353952449	121	friends	01	034	s04e22a	
cortex_SomMot	33.30767733062654	194	friends	01	034	s04e22a	
cortex_Vis	29.754124853306077	162	friends	01	034	s04e22a	
subcortex_CAU	23.740570183882276	8	friends	01	034	s04e22a	
subcortex_PUT	24.244186704425076	8	friends	01	034	s04e22a	
subcortex_THA	25.723554225268693	14	friends	01	034	s04e22a	
cerebellum	31.392441768778337	88	friends	01	034	s04e22b	
cortex_Cont	38.38279615215505	128	friends	01	034	s04e22b	
cortex_Default	36.16400107032777	209	friends	01	034	s04e22b	
cortex_DorsAttn	42.72605300711994	122	friends	01	034	s04e22b	
cortex_Limbic	15.308292105740863	60	friends	01	034	s04e22b	
cortex_SalVentAttn	38.03277166034398	121	friends	01	034	s04e22b	
cortex_SomMot	37.02135432927962	194	friends	01	034	s04e22b	
cortex_Vis	36.90347324098815	162	friends	01	034	s04e22b	
subcortex_CAU	23.858449396540948	8	friends	01	034	s04e22b	
subcortex_PUT	24.448111813295228	8	friends	01	034	s04e22b	
subcortex_THA	26.5990368734731	14	friends	01	034	s04e22b	
cerebellum	25.02970775406295	88	friends	01	035	s04e23a	
cortex_Cont	32.71743027049357	128	friends	01	035	s04e23a	
cortex_Default	31.586931340444465	209	friends	01	035	s04e23a	
cortex_DorsAttn	35.64538426925221	122	friends	01	035	s04e23a	
cortex_Limbic	12.585989993234948	60	friends	01	035	s04e23a	
cortex_SalVentAttn	33.05707905355827	121	friends	01	035	s04e23a	
cortex_SomMot	31.104936996237576	194	friends	01	035	s04e23a	
cortex_Vis	28.65605479357878	162	friends	01	035	s04e23a	
subcortex_CAU	21.211229346109377	8	friends	01	035	s04e23a	
subcortex_PUT	22.34417893623215	8	friends	01	035	s04e23a	
subcortex_THA	24.470724872061783	14	friends	01	035	s04e23a	
cerebellum	24.8794115809707	88	friends	01	035	s04e23b	
cortex_Cont	33.53552563853995	128	friends	01	035	s04e23b	
cortex_Default	31.918939320677765	209	friends	01	035	s04e23b	
cortex_DorsAttn	36.12019534390127	122	friends	01	035	s04e23b	
cortex_Limbic	13.035582130395433	60	friends	01	035	s04e23b	
cortex_SalVentAttn	34.06812824920803	121	friends	01	035	s04e23b	
cortex_SomMot	31.934975405644593	194	friends	01	035	s04e23b	
cortex_Vis	28.56099912234885	162	friends	01	035	s04e23b	
subcortex_CAU	22.075086795950053	8	friends	01	035	s04e23b	
subcortex_PUT	22.758381970468104	8	friends	01	035	s04e23b	
subcortex_THA	25.010167140891344	14	friends	01	035	s04e23b	
cerebellum	23.895531465264106	88	friends	01	035	s04e23c	
cortex_Cont	31.28524692411846	128	friends	01	035	s04e23c	
cortex_Default	29.883922382036058	209	friends	01	035	s04e23c	
cortex_DorsAttn	33.60899586382101	122	friends	01	035	s04e23c	
cortex_Limbic	12.515693713561621	60	friends	01	035	s04e23c	
cortex_SalVentAttn	32.0593784822931	121	friends	01	035	s04e23c	
cortex_SomMot	28.877419041923023	194	friends	01	035	s04e23c	
cortex_Vis	26.4885640007683	162	friends	01	035	s04e23c	
subcortex_CAU	20.70726348138014	8	friends	01	035	s04e23c	
subcortex_PUT	21.48656942583988	8	friends	01	035	s04e23c	
subcortex_THA	23.75157438731374	14	friends	01	035	s04e23c	
cerebellum	25.20222290253994	88	friends	01	035	s04e23d	
cortex_Cont	34.240960016418356	128	friends	01	035	s04e23d	
cortex_Default	32.67015218905556	209	friends	01	035	s04e23d	
cortex_DorsAttn	37.618388191551674	122	friends	01	035	s04e23d	
cortex_Limbic	13.647649592204608	60	friends	01	035	s04e23d	
cortex_SalVentAttn	35.3338540143375	121	friends	01	035	s04e23d	
cortex_SomMot	34.09491534263288	194	friends	01	035	s04e23d	
cortex_Vis	28.807794999889442	162	friends	01	035	s04e23d	
subcortex_CAU	22.41547830264466	8	friends	01	035	s04e23d	
subcortex_PUT	23.055567994866447	8	friends	01	035	s04e23d	
subcortex_THA	25.207660793628673	14	friends	01	035	s04e23d	
cerebellum	25.665444798604348	88	friends	01	036	s05e01a	
cortex_Cont	35.087549126450675	128	friends	01	036	s05e01a	
cortex_Default	33.52309094205582	209	friends	01	036	s05e01a	
cortex_DorsAttn	37.254987041347846	122	friends	01	036	s05e01a	
cortex_Limbic	13.69344970522995	60	friends	01	036	s05e01a	
cortex_SalVentAttn	36.01644095880226	121	friends	01	036	s05e01a	
cortex_SomMot	33.77730597284924	194	friends	01	036	s05e01a	
cortex_Vis	29.755924305167607	162	friends	01	036	s05e01a	
subcortex_CAU	24.192965059565744	8	friends	01	036	s05e01a	
subcortex_PUT	24.816891906127307	8	friends	01	036	s05e01a	
subcortex_THA	25.73103355949155	14	friends	01	036	s05e01a	
cerebellum	28.228588991713192	88	friends	01	036	s05e01b	
cortex_Cont	39.628004776995624	128	friends	01	036	s05e01b	
cortex_Default	37.17889226578846	209	friends	01	036	s05e01b	
cortex_DorsAttn	42.24309033801924	122	friends	01	036	s05e01b	
cortex_Limbic	15.622436914299271	60	friends	01	036	s05e01b	
cortex_SalVentAttn	39.4045076777428	121	friends	01	036	s05e01b	
cortex_SomMot	38.196271791036196	194	friends	01	036	s05e01b	
cortex_Vis	32.69516710337381	162	friends	01	036	s05e01b	
subcortex_CAU	25.564188637817324	8	friends	01	036	s05e01b	
subcortex_PUT	25.46466464836013	8	friends	01	036	s05e01b	
subcortex_THA	26.67467159084703	14	friends	01	036	s05e01b	
cerebellum	25.501432127622536	88	friends	01	036	s05e02a	
cortex_Cont	34.97766841890299	128	friends	01	036	s05e02a	
cortex_Default	33.38510609064705	209	friends	01	036	s05e02a	
cortex_DorsAttn	37.512124636490036	122	friends	01	036	s05e02a	
cortex_Limbic	13.67110393023229	60	friends	01	036	s05e02a	
cortex_SalVentAttn	36.16932522855103	121	friends	01	036	s05e02a	
cortex_SomMot	33.99759044106084	194	friends	01	036	s05e02a	
cortex_Vis	29.78351017819492	162	friends	01	036	s05e02a	
subcortex_CAU	23.49197066222536	8	friends	01	036	s05e02a	
subcortex_PUT	24.067465049808	8	friends	01	036	s05e02a	
subcortex_THA	25.42066710116199	14	friends	01	036	s05e02a	
cerebellum	26.21801207081576	88	friends	01	036	s05e02b	
cortex_Cont	34.61518841807174	128	friends	01	036	s05e02b	
cortex_Default	33.58758651611159	209	friends	01	036	s05e02b	
cortex_DorsAttn	37.65394722511344	122	friends	01	036	s05e02b	
cortex_Limbic	13.933898892880567	60	friends	01	036	s05e02b	
cortex_SalVentAttn	35.42434444898373	121	friends	01	036	s05e02b	
cortex_SomMot	33.56672155038318	194	friends	01	036	s05e02b	
cortex_Vis	30.12339964124439	162	friends	01	036	s05e02b	
subcortex_CAU	22.747300895762812	8	friends	01	036	s05e02b	
subcortex_PUT	23.757072038526392	8	friends	01	036	s05e02b	
subcortex_THA	25.09930578394486	14	friends	01	036	s05e02b	
cerebellum	31.791032635067587	88	friends	01	037	s05e03a	
cortex_Cont	45.03742915411075	128	friends	01	037	s05e03a	
cortex_Default	41.537482886211365	209	friends	01	037	s05e03a	
cortex_DorsAttn	48.46549277966967	122	friends	01	037	s05e03a	
cortex_Limbic	16.99459169288401	60	friends	01	037	s05e03a	
cortex_SalVentAttn	44.5766646785535	121	friends	01	037	s05e03a	
cortex_SomMot	46.28316064215235	194	friends	01	037	s05e03a	
cortex_Vis	36.88056203142132	162	friends	01	037	s05e03a	
subcortex_CAU	26.50443870399785	8	friends	01	037	s05e03a	
subcortex_PUT	26.809082050449746	8	friends	01	037	s05e03a	
subcortex_THA	27.235187717823027	14	friends	01	037	s05e03a	
cerebellum	30.11906396505011	88	friends	01	037	s05e03b	
cortex_Cont	40.54727783072477	128	friends	01	037	s05e03b	
cortex_Default	38.453227236338805	209	friends	01	037	s05e03b	
cortex_DorsAttn	44.161704185181044	122	friends	01	037	s05e03b	
cortex_Limbic	15.850937822658064	60	friends	01	037	s05e03b	
cortex_SalVentAttn	41.60512054285703	121	friends	01	037	s05e03b	
cortex_SomMot	42.37940140937938	194	friends	01	037	s05e03b	
cortex_Vis	34.646866912656435	162	friends	01	037	s05e03b	
subcortex_CAU	25.789514217436913	8	friends	01	037	s05e03b	
subcortex_PUT	26.101561420131148	8	friends	01	037	s05e03b	
subcortex_THA	26.903839977217267	14	friends	01	037	s05e03b	
cerebellum	31.16807847292081	88	friends	01	037	s05e04a	
cortex_Cont	43.988120879918895	128	friends	01	037	s05e04a	
cortex_Default	40.727764970067	209	friends	01	037	s05e04a	
cortex_DorsAttn	47.65446346551832	122	friends	01	037	s05e04a	
cortex_Limbic	16.697060358384014	60	friends	01	037	s05e04a	
cortex_SalVentAttn	44.44502409224404	121	friends	01	037	s05e04a	
cortex_SomMot	45.42393831981045	194	friends	01	037	s05e04a	
cortex_Vis	36.8411455907073	162	friends	01	037	s05e04a	
subcortex_CAU	27.00188656582737	8	friends	01	037	s05e04a	
subcortex_PUT	26.85262636549289	8	friends	01	037	s05e04a	
subcortex_THA	27.379841734395047	14	friends	01	037	s05e04a	
cerebellum	31.317752418301538	88	friends	01	037	s05e04b	
cortex_Cont	41.100959733201165	128	friends	01	037	s05e04b	
cortex_Default	38.86438278513133	209	friends	01	037	s05e04b	
cortex_DorsAttn	46.583357092903235	122	friends	01	037	s05e04b	
cortex_Limbic	15.339911051188977	60	friends	01	037	s05e04b	
cortex_SalVentAttn	41.26417029655473	121	friends	01	037	s05e04b	
cortex_SomMot	41.60657509549999	194	friends	01	037	s05e04b	
cortex_Vis	37.29753957426787	162	friends	01	037	s05e04b	
subcortex_CAU	25.86600267969846	8	friends	01	037	s05e04b	
subcortex_PUT	25.358544481227245	8	friends	01	037	s05e04b	
subcortex_THA	26.252867691440972	14	friends	01	037	s05e04b	
cerebellum	28.0922213485008	88	friends	01	041	s05e05a	
cortex_Cont	40.5246337953955	128	friends	01	041	s05e05a	
cortex_Default	38.58441837766901	209	friends	01	041	s05e05a	
cortex_DorsAttn	42.15020729732468	122	friends	01	041	s05e05a	
cortex_Limbic	16.082245901332943	60	friends	01	041	s05e05a	
cortex_SalVentAttn	42.49228928447664	121	friends	01	041	s05e05a	
cortex_SomMot	42.001343437948776	194	friends	01	041	s05e05a	
cortex_Vis	34.02450189554228	162	friends	01	041	s05e05a	
subcortex_CAU	28.120091185645354	8	friends	01	041	s05e05a	
subcortex_PUT	31.768120195730233	8	friends	01	041	s05e05a	
subcortex_THA	28.180235136776584	14	friends	01	041	s05e05a	
cerebellum	32.77998337348891	88	friends	01	041	s05e05b	
cortex_Cont	47.56432540804713	128	friends	01	041	s05e05b	
cortex_Default	43.949747160796306	209	friends	01	041	s05e05b	
cortex_DorsAttn	49.720853510824206	122	friends	01	041	s05e05b	
cortex_Limbic	17.486463566733907	60	friends	01	041	s05e05b	
cortex_SalVentAttn	47.09116115153719	121	friends	01	041	s05e05b	
cortex_SomMot	48.092429081239885	194	friends	01	041	s05e05b	
cortex_Vis	40.41757556244994	162	friends	01	041	s05e05b	
subcortex_CAU	28.427174081065637	8	friends	01	041	s05e05b	
subcortex_PUT	28.852074285943665	8	friends	01	041	s05e05b	
subcortex_THA	29.000220684454803	14	friends	01	041	s05e05b	
cerebellum	29.65013495929852	88	friends	01	041	s05e06a	
cortex_Cont	40.29906833967004	128	friends	01	041	s05e06a	
cortex_Default	39.203806209381305	209	friends	01	041	s05e06a	
cortex_DorsAttn	44.56676146824219	122	friends	01	041	s05e06a	
cortex_Limbic	15.527367942235179	60	friends	01	041	s05e06a	
cortex_SalVentAttn	42.61799888116459	121	friends	01	041	s05e06a	
cortex_SomMot	43.58993071336218	194	friends	01	041	s05e06a	
cortex_Vis	35.87300519834965	162	friends	01	041	s05e06a	
subcortex_CAU	27.77136494231586	8	friends	01	041	s05e06a	
subcortex_PUT	31.211715855575335	8	friends	01	041	s05e06a	
subcortex_THA	28.459225889923793	14	friends	01	041	s05e06a	
cerebellum	29.645264397620906	88	friends	01	041	s05e06b	
cortex_Cont	41.41005346955218	128	friends	01	041	s05e06b	
cortex_Default	38.45671176530111	209	friends	01	041	s05e06b	
cortex_DorsAttn	46.76171087565151	122	friends	01	041	s05e06b	
cortex_Limbic	15.667675097270056	60	friends	01	041	s05e06b	
cortex_SalVentAttn	42.20909521405009	121	friends	01	041	s05e06b	
cortex_SomMot	42.82651947930847	194	friends	01	041	s05e06b	
cortex_Vis	37.21823262949877	162	friends	01	041	s05e06b	
subcortex_CAU	26.380928656767367	8	friends	01	041	s05e06b	
subcortex_PUT	26.221831494558536	8	friends	01	041	s05e06b	
subcortex_THA	27.74446737327466	14	friends	01	041	s05e06b	
cerebellum	28.639183721369804	88	friends	01	042	s05e07a	
cortex_Cont	41.924688562313875	128	friends	01	042	s05e07a	
cortex_Default	38.39698773615068	209	friends	01	042	s05e07a	
cortex_DorsAttn	42.97377706959298	122	friends	01	042	s05e07a	
cortex_Limbic	16.380454366768042	60	friends	01	042	s05e07a	
cortex_SalVentAttn	42.695391251325766	121	friends	01	042	s05e07a	
cortex_SomMot	42.60081600795096	194	friends	01	042	s05e07a	
cortex_Vis	32.534042990031644	162	friends	01	042	s05e07a	
subcortex_CAU	26.466565683552574	8	friends	01	042	s05e07a	
subcortex_PUT	27.739189293585117	8	friends	01	042	s05e07a	
subcortex_THA	26.914967313979446	14	friends	01	042	s05e07a	
cerebellum	30.335404671233963	88	friends	01	042	s05e07b	
cortex_Cont	43.96490441740014	128	friends	01	042	s05e07b	
cortex_Default	40.11931091656555	209	friends	01	042	s05e07b	
cortex_DorsAttn	45.18673634382137	122	friends	01	042	s05e07b	
cortex_Limbic	16.20035894323353	60	friends	01	042	s05e07b	
cortex_SalVentAttn	43.1298535790788	121	friends	01	042	s05e07b	
cortex_SomMot	43.116697885432636	194	friends	01	042	s05e07b	
cortex_Vis	35.366275149118245	162	friends	01	042	s05e07b	
subcortex_CAU	26.519840277291575	8	friends	01	042	s05e07b	
subcortex_PUT	27.10031339425699	8	friends	01	042	s05e07b	
subcortex_THA	26.66082612634202	14	friends	01	042	s05e07b	
cerebellum	29.505074609980394	88	friends	01	043	s05e08a	
cortex_Cont	42.20097016024351	128	friends	01	043	s05e08a	
cortex_Default	38.69843660671679	209	friends	01	043	s05e08a	
cortex_DorsAttn	43.49979149932546	122	friends	01	043	s05e08a	
cortex_Limbic	16.950093050081882	60	friends	01	043	s05e08a	
cortex_SalVentAttn	42.0109047731309	121	friends	01	043	s05e08a	
cortex_SomMot	41.38287248895347	194	friends	01	043	s05e08a	
cortex_Vis	33.56759664907921	162	friends	01	043	s05e08a	
subcortex_CAU	27.34542398090428	8	friends	01	043	s05e08a	
subcortex_PUT	26.904490999847834	8	friends	01	043	s05e08a	
subcortex_THA	27.032350877845122	14	friends	01	043	s05e08a	
cerebellum	28.20361124531762	88	friends	01	043	s05e08b	
cortex_Cont	35.62768220056151	128	friends	01	043	s05e08b	
cortex_Default	33.65574598931729	209	friends	01	043	s05e08b	
cortex_DorsAttn	41.515038583389206	122	friends	01	043	s05e08b	
cortex_Limbic	13.912879935875536	60	friends	01	043	s05e08b	
cortex_SalVentAttn	36.48950922457791	121	friends	01	043	s05e08b	
cortex_SomMot	36.572910771814215	194	friends	01	043	s05e08b	
cortex_Vis	31.93375684963379	162	friends	01	043	s05e08b	
subcortex_CAU	23.11131787297706	8	friends	01	043	s05e08b	
subcortex_PUT	24.60167602298904	8	friends	01	043	s05e08b	
subcortex_THA	25.427764154699396	14	friends	01	043	s05e08b	
cerebellum	27.64688227316876	88	friends	01	044	s05e09a	
cortex_Cont	38.15973879275062	128	friends	01	044	s05e09a	
cortex_Default	35.00723036928022	209	friends	01	044	s05e09a	
cortex_DorsAttn	41.27856500874532	122	friends	01	044	s05e09a	
cortex_Limbic	14.725391099170952	60	friends	01	044	s05e09a	
cortex_SalVentAttn	38.878418824380034	121	friends	01	044	s05e09a	
cortex_SomMot	38.576346241361996	194	friends	01	044	s05e09a	
cortex_Vis	31.11318151092397	162	friends	01	044	s05e09a	
subcortex_CAU	25.354711141181117	8	friends	01	044	s05e09a	
subcortex_PUT	25.321470902350597	8	friends	01	044	s05e09a	
subcortex_THA	25.731493471629225	14	friends	01	044	s05e09a	
cerebellum	31.971703937057576	88	friends	01	044	s05e09b	
cortex_Cont	42.40030112466513	128	friends	01	044	s05e09b	
cortex_Default	38.95018761523633	209	friends	01	044	s05e09b	
cortex_DorsAttn	45.87773257023232	122	friends	01	044	s05e09b	
cortex_Limbic	15.493110513170533	60	friends	01	044	s05e09b	
cortex_SalVentAttn	42.383708818435565	121	friends	01	044	s05e09b	
cortex_SomMot	42.83502953047083	194	friends	01	044	s05e09b	
cortex_Vis	36.83390933200536	162	friends	01	044	s05e09b	
subcortex_CAU	26.85178198324417	8	friends	01	044	s05e09b	
subcortex_PUT	25.948153177701318	8	friends	01	044	s05e09b	
subcortex_THA	26.934768074238974	14	friends	01	044	s05e09b	
cerebellum	31.315101305807158	88	friends	01	044	s05e10a	
cortex_Cont	39.80419673921687	128	friends	01	044	s05e10a	
cortex_Default	37.45824673626939	209	friends	01	044	s05e10a	
cortex_DorsAttn	45.05939045885106	122	friends	01	044	s05e10a	
cortex_Limbic	15.37242509765334	60	friends	01	044	s05e10a	
cortex_SalVentAttn	40.350789962605816	121	friends	01	044	s05e10a	
cortex_SomMot	40.27133444350509	194	friends	01	044	s05e10a	
cortex_Vis	37.222456686556264	162	friends	01	044	s05e10a	
subcortex_CAU	25.53925707339868	8	friends	01	044	s05e10a	
subcortex_PUT	25.887082856816228	8	friends	01	044	s05e10a	
subcortex_THA	26.504983686428492	14	friends	01	044	s05e10a	
cerebellum	30.896654441573457	88	friends	01	044	s05e10b	
cortex_Cont	41.497460890796866	128	friends	01	044	s05e10b	
cortex_Default	37.74764727519679	209	friends	01	044	s05e10b	
cortex_DorsAttn	43.80235425304686	122	friends	01	044	s05e10b	
cortex_Limbic	15.02271034116501	60	friends	01	044	s05e10b	
cortex_SalVentAttn	41.70594681467396	121	friends	01	044	s05e10b	
cortex_SomMot	41.97357979767799	194	friends	01	044	s05e10b	
cortex_Vis	35.340977169495986	162	friends	01	044	s05e10b	
subcortex_CAU	26.01137699509364	8	friends	01	044	s05e10b	
subcortex_PUT	25.601724386335057	8	friends	01	044	s05e10b	
subcortex_THA	26.84862488524107	14	friends	01	044	s05e10b	
cerebellum	28.343374535179024	88	friends	01	045	s05e11a	
cortex_Cont	39.73184708521139	128	friends	01	045	s05e11a	
cortex_Default	37.49370878999261	209	friends	01	045	s05e11a	
cortex_DorsAttn	41.77588978988147	122	friends	01	045	s05e11a	
cortex_Limbic	15.761304879460175	60	friends	01	045	s05e11a	
cortex_SalVentAttn	41.2562257940317	121	friends	01	045	s05e11a	
cortex_SomMot	40.90840628184638	194	friends	01	045	s05e11a	
cortex_Vis	32.71168346263579	162	friends	01	045	s05e11a	
subcortex_CAU	26.002123383180148	8	friends	01	045	s05e11a	
subcortex_PUT	27.41196723870652	8	friends	01	045	s05e11a	
subcortex_THA	26.85326335479329	14	friends	01	045	s05e11a	
cerebellum	24.771517668528205	88	friends	01	045	s05e11b	
cortex_Cont	34.024829246157466	128	friends	01	045	s05e11b	
cortex_Default	32.51452358711238	209	friends	01	045	s05e11b	
cortex_DorsAttn	36.76759167913143	122	friends	01	045	s05e11b	
cortex_Limbic	12.995748864515049	60	friends	01	045	s05e11b	
cortex_SalVentAttn	35.959172911870255	121	friends	01	045	s05e11b	
cortex_SomMot	34.593177944013135	194	friends	01	045	s05e11b	
cortex_Vis	29.59207256180958	162	friends	01	045	s05e11b	
subcortex_CAU	23.123528137572475	8	friends	01	045	s05e11b	
subcortex_PUT	25.190683894949192	8	friends	01	045	s05e11b	
subcortex_THA	25.171583627030106	14	friends	01	045	s05e11b	
cerebellum	27.665637496619436	88	friends	01	045	s05e12a	
cortex_Cont	37.211329943031906	128	friends	01	045	s05e12a	
cortex_Default	35.40236175633242	209	friends	01	045	s05e12a	
cortex_DorsAttn	40.02781555418778	122	friends	01	045	s05e12a	
cortex_Limbic	14.798018535787316	60	friends	01	045	s05e12a	
cortex_SalVentAttn	39.14369600751771	121	friends	01	045	s05e12a	
cortex_SomMot	39.1823383699178	194	friends	01	045	s05e12a	
cortex_Vis	31.5168332917992	162	friends	01	045	s05e12a	
subcortex_CAU	24.2664923420096	8	friends	01	045	s05e12a	
subcortex_PUT	26.382339908929122	8	friends	01	045	s05e12a	
subcortex_THA	26.12243390191853	14	friends	01	045	s05e12a	
cerebellum	32.12490499224331	88	friends	01	045	s05e12b	
cortex_Cont	44.12594302794689	128	friends	01	045	s05e12b	
cortex_Default	41.10039576214474	209	friends	01	045	s05e12b	
cortex_DorsAttn	47.47387339937118	122	friends	01	045	s05e12b	
cortex_Limbic	16.103943876532117	60	friends	01	045	s05e12b	
cortex_SalVentAttn	44.34475783269217	121	friends	01	045	s05e12b	
cortex_SomMot	45.33693522205922	194	friends	01	045	s05e12b	
cortex_Vis	38.27061557154145	162	friends	01	045	s05e12b	
subcortex_CAU	26.85838825300107	8	friends	01	045	s05e12b	
subcortex_PUT	28.14302269421331	8	friends	01	045	s05e12b	
subcortex_THA	27.519943437790285	14	friends	01	045	s05e12b	
cerebellum	30.106738849679893	88	friends	01	046	s05e13a	
cortex_Cont	39.29671915380267	128	friends	01	046	s05e13a	
cortex_Default	37.179517195234546	209	friends	01	046	s05e13a	
cortex_DorsAttn	44.328694402818826	122	friends	01	046	s05e13a	
cortex_Limbic	14.98301216171519	60	friends	01	046	s05e13a	
cortex_SalVentAttn	39.438217265238876	121	friends	01	046	s05e13a	
cortex_SomMot	39.32148364447071	194	friends	01	046	s05e13a	
cortex_Vis	35.78812857088399	162	friends	01	046	s05e13a	
subcortex_CAU	24.90292875347538	8	friends	01	046	s05e13a	
subcortex_PUT	24.906458826041565	8	friends	01	046	s05e13a	
subcortex_THA	26.771459649554657	14	friends	01	046	s05e13a	
cerebellum	30.41794115733339	88	friends	01	046	s05e13b	
cortex_Cont	42.83003134509152	128	friends	01	046	s05e13b	
cortex_Default	39.2771679573187	209	friends	01	046	s05e13b	
cortex_DorsAttn	45.969152245928164	122	friends	01	046	s05e13b	
cortex_Limbic	15.38763904962272	60	friends	01	046	s05e13b	
cortex_SalVentAttn	42.63936253940195	121	friends	01	046	s05e13b	
cortex_SomMot	42.630903541618885	194	friends	01	046	s05e13b	
cortex_Vis	36.71787941981206	162	friends	01	046	s05e13b	
subcortex_CAU	27.172234554122788	8	friends	01	046	s05e13b	
subcortex_PUT	26.56862356911991	8	friends	01	046	s05e13b	
subcortex_THA	27.233089418731772	14	friends	01	046	s05e13b	
cerebellum	26.585558851763565	88	friends	01	046	s05e14a	
cortex_Cont	38.579273387648826	128	friends	01	046	s05e14a	
cortex_Default	35.92556667872213	209	friends	01	046	s05e14a	
cortex_DorsAttn	40.267363731630596	122	friends	01	046	s05e14a	
cortex_Limbic	14.621940366898013	60	friends	01	046	s05e14a	
cortex_SalVentAttn	39.507196408932636	121	friends	01	046	s05e14a	
cortex_SomMot	38.80504473502888	194	friends	01	046	s05e14a	
cortex_Vis	31.617452021390964	162	friends	01	046	s05e14a	
subcortex_CAU	25.60879471181676	8	friends	01	046	s05e14a	
subcortex_PUT	26.254337956026546	8	friends	01	046	s05e14a	
subcortex_THA	26.741948536225568	14	friends	01	046	s05e14a	
cerebellum	27.805232237589188	88	friends	01	046	s05e14b	
cortex_Cont	38.62213424886678	128	friends	01	046	s05e14b	
cortex_Default	35.420087485079996	209	friends	01	046	s05e14b	
cortex_DorsAttn	40.549640310305115	122	friends	01	046	s05e14b	
cortex_Limbic	13.96662191897811	60	friends	01	046	s05e14b	
cortex_SalVentAttn	39.16874370512775	121	friends	01	046	s05e14b	
cortex_SomMot	38.283760878913235	194	friends	01	046	s05e14b	
cortex_Vis	32.84254440647236	162	friends	01	046	s05e14b	
subcortex_CAU	25.686375455290733	8	friends	01	046	s05e14b	
subcortex_PUT	25.30016621764347	8	friends	01	046	s05e14b	
subcortex_THA	26.56137126466208	14	friends	01	046	s05e14b	
cerebellum	31.42280316790284	88	friends	01	047	s05e15a	
cortex_Cont	46.06063906021198	128	friends	01	047	s05e15a	
cortex_Default	42.31298445725317	209	friends	01	047	s05e15a	
cortex_DorsAttn	47.04141006155438	122	friends	01	047	s05e15a	
cortex_Limbic	17.217834799557078	60	friends	01	047	s05e15a	
cortex_SalVentAttn	45.350607732789925	121	friends	01	047	s05e15a	
cortex_SomMot	46.45416707988213	194	friends	01	047	s05e15a	
cortex_Vis	37.223724682638476	162	friends	01	047	s05e15a	
subcortex_CAU	28.13114675396423	8	friends	01	047	s05e15a	
subcortex_PUT	27.879394022964618	8	friends	01	047	s05e15a	
subcortex_THA	27.723156797459712	14	friends	01	047	s05e15a	
cerebellum	29.12077259764852	88	friends	01	047	s05e15b	
cortex_Cont	36.135813905452636	128	friends	01	047	s05e15b	
cortex_Default	34.492381392203	209	friends	01	047	s05e15b	
cortex_DorsAttn	39.874124169385766	122	friends	01	047	s05e15b	
cortex_Limbic	13.775968649295354	60	friends	01	047	s05e15b	
cortex_SalVentAttn	37.225883021039905	121	friends	01	047	s05e15b	
cortex_SomMot	35.91680424853743	194	friends	01	047	s05e15b	
cortex_Vis	33.13857525510713	162	friends	01	047	s05e15b	
subcortex_CAU	23.41213156641949	8	friends	01	047	s05e15b	
subcortex_PUT	24.7459041902798	8	friends	01	047	s05e15b	
subcortex_THA	26.095465826360535	14	friends	01	047	s05e15b	
cerebellum	29.75362379483982	88	friends	01	047	s05e16a	
cortex_Cont	37.07809285635084	128	friends	01	047	s05e16a	
cortex_Default	35.70290690122193	209	friends	01	047	s05e16a	
cortex_DorsAttn	41.21136345469227	122	friends	01	047	s05e16a	
cortex_Limbic	13.9348626496358	60	friends	01	047	s05e16a	
cortex_SalVentAttn	37.3904218610048	121	friends	01	047	s05e16a	
cortex_SomMot	37.53409184206246	194	friends	01	047	s05e16a	
cortex_Vis	33.08619442028172	162	friends	01	047	s05e16a	
subcortex_CAU	23.004412022551577	8	friends	01	047	s05e16a	
subcortex_PUT	22.883232861404032	8	friends	01	047	s05e16a	
subcortex_THA	26.094223038166767	14	friends	01	047	s05e16a	
cerebellum	24.43621439688661	88	friends	01	047	s05e16b	
cortex_Cont	31.397910045920053	128	friends	01	047	s05e16b	
cortex_Default	30.295864037032658	209	friends	01	047	s05e16b	
cortex_DorsAttn	33.88476733243428	122	friends	01	047	s05e16b	
cortex_Limbic	12.580065846159975	60	friends	01	047	s05e16b	
cortex_SalVentAttn	33.069758795430396	121	friends	01	047	s05e16b	
cortex_SomMot	31.62927227002541	194	friends	01	047	s05e16b	
cortex_Vis	27.679098332460164	162	friends	01	047	s05e16b	
subcortex_CAU	21.98727273006091	8	friends	01	047	s05e16b	
subcortex_PUT	22.720249570972463	8	friends	01	047	s05e16b	
subcortex_THA	24.494793030099057	14	friends	01	047	s05e16b	
cerebellum	30.378108726283223	88	friends	01	048	s05e17a	
cortex_Cont	42.94584035307382	128	friends	01	048	s05e17a	
cortex_Default	39.36790052418529	209	friends	01	048	s05e17a	
cortex_DorsAttn	46.21442687292583	122	friends	01	048	s05e17a	
cortex_Limbic	15.961612293118877	60	friends	01	048	s05e17a	
cortex_SalVentAttn	42.81328400863617	121	friends	01	048	s05e17a	
cortex_SomMot	43.774536089324776	194	friends	01	048	s05e17a	
cortex_Vis	36.797055450928745	162	friends	01	048	s05e17a	
subcortex_CAU	27.057999640120013	8	friends	01	048	s05e17a	
subcortex_PUT	26.309748789964537	8	friends	01	048	s05e17a	
subcortex_THA	27.052025825615054	14	friends	01	048	s05e17a	
cerebellum	24.282024698011814	88	friends	01	048	s05e17b	
cortex_Cont	30.5782463741343	128	friends	01	048	s05e17b	
cortex_Default	29.219051205686224	209	friends	01	048	s05e17b	
cortex_DorsAttn	32.27238435088258	122	friends	01	048	s05e17b	
cortex_Limbic	12.72201213964462	60	friends	01	048	s05e17b	
cortex_SalVentAttn	33.059817584091725	121	friends	01	048	s05e17b	
cortex_SomMot	31.405419656822733	194	friends	01	048	s05e17b	
cortex_Vis	25.87353953268777	162	friends	01	048	s05e17b	
subcortex_CAU	23.111464082977726	8	friends	01	048	s05e17b	
subcortex_PUT	24.005578534047086	8	friends	01	048	s05e17b	
subcortex_THA	24.315142374125752	14	friends	01	048	s05e17b	
cerebellum	30.075378778828156	88	friends	01	048	s05e18a	
cortex_Cont	39.32941080716184	128	friends	01	048	s05e18a	
cortex_Default	36.741460750289434	209	friends	01	048	s05e18a	
cortex_DorsAttn	43.01981496611727	122	friends	01	048	s05e18a	
cortex_Limbic	15.23505167708657	60	friends	01	048	s05e18a	
cortex_SalVentAttn	39.960510152771725	121	friends	01	048	s05e18a	
cortex_SomMot	40.54645907305776	194	friends	01	048	s05e18a	
cortex_Vis	33.7745917393889	162	friends	01	048	s05e18a	
subcortex_CAU	25.755916776303415	8	friends	01	048	s05e18a	
subcortex_PUT	24.729722256481462	8	friends	01	048	s05e18a	
subcortex_THA	26.573263517154874	14	friends	01	048	s05e18a	
cerebellum	28.713274500557215	88	friends	01	048	s05e18b	
cortex_Cont	36.99637702383796	128	friends	01	048	s05e18b	
cortex_Default	35.30365907500301	209	friends	01	048	s05e18b	
cortex_DorsAttn	40.4396040527791	122	friends	01	048	s05e18b	
cortex_Limbic	14.981532213405929	60	friends	01	048	s05e18b	
cortex_SalVentAttn	39.31210590599338	121	friends	01	048	s05e18b	
cortex_SomMot	38.466109115437675	194	friends	01	048	s05e18b	
cortex_Vis	32.221366940542566	162	friends	01	048	s05e18b	
subcortex_CAU	26.36047857233504	8	friends	01	048	s05e18b	
subcortex_PUT	25.779634171713326	8	friends	01	048	s05e18b	
subcortex_THA	26.869363001611617	14	friends	01	048	s05e18b	
cerebellum	29.56779030339501	88	friends	01	049	s05e19a	
cortex_Cont	41.44798157767079	128	friends	01	049	s05e19a	
cortex_Default	38.83491276199546	209	friends	01	049	s05e19a	
cortex_DorsAttn	44.188559219400354	122	friends	01	049	s05e19a	
cortex_Limbic	16.208051825250855	60	friends	01	049	s05e19a	
cortex_SalVentAttn	42.023686327615515	121	friends	01	049	s05e19a	
cortex_SomMot	41.36870424621941	194	friends	01	049	s05e19a	
cortex_Vis	33.348078268308065	162	friends	01	049	s05e19a	
subcortex_CAU	25.992182975984697	8	friends	01	049	s05e19a	
subcortex_PUT	27.37259609144644	8	friends	01	049	s05e19a	
subcortex_THA	26.917602496746333	14	friends	01	049	s05e19a	
cerebellum	23.79434700621598	88	friends	01	049	s05e19b	
cortex_Cont	34.90788035522425	128	friends	01	049	s05e19b	
cortex_Default	31.97193796558435	209	friends	01	049	s05e19b	
cortex_DorsAttn	37.09206209072052	122	friends	01	049	s05e19b	
cortex_Limbic	12.995061573435033	60	friends	01	049	s05e19b	
cortex_SalVentAttn	35.76833194546726	121	friends	01	049	s05e19b	
cortex_SomMot	34.56426446258547	194	friends	01	049	s05e19b	
cortex_Vis	27.97428813785497	162	friends	01	049	s05e19b	
subcortex_CAU	22.883719459541215	8	friends	01	049	s05e19b	
subcortex_PUT	24.25473909421496	8	friends	01	049	s05e19b	
subcortex_THA	24.78321082436972	14	friends	01	049	s05e19b	
cerebellum	30.10173055402132	88	friends	01	049	s05e20a	
cortex_Cont	38.01947750955101	128	friends	01	049	s05e20a	
cortex_Default	35.66997394258355	209	friends	01	049	s05e20a	
cortex_DorsAttn	42.90314264308558	122	friends	01	049	s05e20a	
cortex_Limbic	14.692137292909608	60	friends	01	049	s05e20a	
cortex_SalVentAttn	38.22847670163223	121	friends	01	049	s05e20a	
cortex_SomMot	37.4307412331086	194	friends	01	049	s05e20a	
cortex_Vis	35.303745348121126	162	friends	01	049	s05e20a	
subcortex_CAU	24.471907365185675	8	friends	01	049	s05e20a	
subcortex_PUT	25.144329638400706	8	friends	01	049	s05e20a	
subcortex_THA	25.943894075683342	14	friends	01	049	s05e20a	
cerebellum	31.38865238748381	88	friends	01	049	s05e20b	
cortex_Cont	42.67488433102463	128	friends	01	049	s05e20b	
cortex_Default	39.74507529254071	209	friends	01	049	s05e20b	
cortex_DorsAttn	48.20232992700269	122	friends	01	049	s05e20b	
cortex_Limbic	15.687164587541126	60	friends	01	049	s05e20b	
cortex_SalVentAttn	42.53594993033057	121	friends	01	049	s05e20b	
cortex_SomMot	42.37557985691973	194	friends	01	049	s05e20b	
cortex_Vis	38.48746603228196	162	friends	01	049	s05e20b	
subcortex_CAU	25.99736572393019	8	friends	01	049	s05e20b	
subcortex_PUT	26.684625685118476	8	friends	01	049	s05e20b	
subcortex_THA	26.923299193239902	14	friends	01	049	s05e20b	
cerebellum	30.430664801599008	88	friends	01	050	s05e21a	
cortex_Cont	42.3986352023927	128	friends	01	050	s05e21a	
cortex_Default	38.09253639054904	209	friends	01	050	s05e21a	
cortex_DorsAttn	46.96822747839631	122	friends	01	050	s05e21a	
cortex_Limbic	14.875480967926828	60	friends	01	050	s05e21a	
cortex_SalVentAttn	41.58507960579065	121	friends	01	050	s05e21a	
cortex_SomMot	42.85762166873218	194	friends	01	050	s05e21a	
cortex_Vis	36.07254276098701	162	friends	01	050	s05e21a	
subcortex_CAU	25.664650676054436	8	friends	01	050	s05e21a	
subcortex_PUT	25.57547401232428	8	friends	01	050	s05e21a	
subcortex_THA	26.581814043427205	14	friends	01	050	s05e21a	
cerebellum	30.51353616882984	88	friends	01	050	s05e21b	
cortex_Cont	40.16680472393522	128	friends	01	050	s05e21b	
cortex_Default	37.309263633318295	209	friends	01	050	s05e21b	
cortex_DorsAttn	44.94850524404801	122	friends	01	050	s05e21b	
cortex_Limbic	15.413702432302228	60	friends	01	050	s05e21b	
cortex_SalVentAttn	39.61094127442053	121	friends	01	050	s05e21b	
cortex_SomMot	38.93559796120654	194	friends	01	050	s05e21b	
cortex_Vis	35.435590431181836	162	friends	01	050	s05e21b	
subcortex_CAU	24.527833132854383	8	friends	01	050	s05e21b	
subcortex_PUT	24.973352163324883	8	friends	01	050	s05e21b	
subcortex_THA	26.807245402738396	14	friends	01	050	s05e21b	
cerebellum	31.82157613963759	88	friends	01	050	s05e22a	
cortex_Cont	43.83060414008024	128	friends	01	050	s05e22a	
cortex_Default	39.523995943723044	209	friends	01	050	s05e22a	
cortex_DorsAttn	47.232459317001585	122	friends	01	050	s05e22a	
cortex_Limbic	16.623927237726672	60	friends	01	050	s05e22a	
cortex_SalVentAttn	42.89413780541046	121	friends	01	050	s05e22a	
cortex_SomMot	42.53416670529932	194	friends	01	050	s05e22a	
cortex_Vis	37.866774442730716	162	friends	01	050	s05e22a	
subcortex_CAU	27.21481452812134	8	friends	01	050	s05e22a	
subcortex_PUT	26.169430058490146	8	friends	01	050	s05e22a	
subcortex_THA	27.079146454990934	14	friends	01	050	s05e22a	
cerebellum	32.74490214419977	88	friends	01	050	s05e22b	
cortex_Cont	46.183300868487656	128	friends	01	050	s05e22b	
cortex_Default	41.747632199690585	209	friends	01	050	s05e22b	
cortex_DorsAttn	50.74417660014982	122	friends	01	050	s05e22b	
cortex_Limbic	16.76070035299029	60	friends	01	050	s05e22b	
cortex_SalVentAttn	45.13385620921501	121	friends	01	050	s05e22b	
cortex_SomMot	46.38098293252349	194	friends	01	050	s05e22b	
cortex_Vis	39.603477246098535	162	friends	01	050	s05e22b	
subcortex_CAU	27.88595293776551	8	friends	01	050	s05e22b	
subcortex_PUT	26.274836994597827	8	friends	01	050	s05e22b	
subcortex_THA	27.290467134035538	14	friends	01	050	s05e22b	
cerebellum	33.287708285578205	88	friends	01	051	s05e23a	
cortex_Cont	46.89037580009788	128	friends	01	051	s05e23a	
cortex_Default	43.391796588008766	209	friends	01	051	s05e23a	
cortex_DorsAttn	50.821022705768414	122	friends	01	051	s05e23a	
cortex_Limbic	16.829756702979573	60	friends	01	051	s05e23a	
cortex_SalVentAttn	45.451283767458754	121	friends	01	051	s05e23a	
cortex_SomMot	47.22648014743139	194	friends	01	051	s05e23a	
cortex_Vis	41.3180682657456	162	friends	01	051	s05e23a	
subcortex_CAU	28.145746558725538	8	friends	01	051	s05e23a	
subcortex_PUT	26.755019883537464	8	friends	01	051	s05e23a	
subcortex_THA	27.795386715502154	14	friends	01	051	s05e23a	
cerebellum	34.07215231834147	88	friends	01	051	s05e23b	
cortex_Cont	46.224027909272785	128	friends	01	051	s05e23b	
cortex_Default	43.85181241713256	209	friends	01	051	s05e23b	
cortex_DorsAttn	49.42968280462999	122	friends	01	051	s05e23b	
cortex_Limbic	17.74812253895573	60	friends	01	051	s05e23b	
cortex_SalVentAttn	45.83200088103786	121	friends	01	051	s05e23b	
cortex_SomMot	47.266677960549515	194	friends	01	051	s05e23b	
cortex_Vis	40.89615321008872	162	friends	01	051	s05e23b	
subcortex_CAU	29.49506855384851	8	friends	01	051	s05e23b	
subcortex_PUT	31.48647359453305	8	friends	01	051	s05e23b	
subcortex_THA	28.38707049602387	14	friends	01	051	s05e23b	
cerebellum	29.34302224468001	88	friends	01	052	s05e23c	
cortex_Cont	43.76016763324474	128	friends	01	052	s05e23c	
cortex_Default	39.64601435247964	209	friends	01	052	s05e23c	
cortex_DorsAttn	45.821119234678065	122	friends	01	052	s05e23c	
cortex_Limbic	16.624115240403103	60	friends	01	052	s05e23c	
cortex_SalVentAttn	43.09787570372341	121	friends	01	052	s05e23c	
cortex_SomMot	43.30548378146278	194	friends	01	052	s05e23c	
cortex_Vis	33.389524602773946	162	friends	01	052	s05e23c	
subcortex_CAU	27.152916541942552	8	friends	01	052	s05e23c	
subcortex_PUT	26.61154966907908	8	friends	01	052	s05e23c	
subcortex_THA	27.01462408687272	14	friends	01	052	s05e23c	
cerebellum	33.30796972929989	88	friends	01	052	s05e23d	
cortex_Cont	46.939169435857295	128	friends	01	052	s05e23d	
cortex_Default	43.15613637523793	209	friends	01	052	s05e23d	
cortex_DorsAttn	51.242598798565545	122	friends	01	052	s05e23d	
cortex_Limbic	17.88612922595219	60	friends	01	052	s05e23d	
cortex_SalVentAttn	46.17567994055303	121	friends	01	052	s05e23d	
cortex_SomMot	48.8575917051525	194	friends	01	052	s05e23d	
cortex_Vis	38.74818333607017	162	friends	01	052	s05e23d	
subcortex_CAU	27.616299387313326	8	friends	01	052	s05e23d	
subcortex_PUT	27.64903687322549	8	friends	01	052	s05e23d	
subcortex_THA	28.06913941767657	14	friends	01	052	s05e23d	
cerebellum	34.28303391209401	88	friends	01	052	s06e01a	
cortex_Cont	48.57250263113154	128	friends	01	052	s06e01a	
cortex_Default	43.808540668105216	209	friends	01	052	s06e01a	
cortex_DorsAttn	50.428276414466694	122	friends	01	052	s06e01a	
cortex_Limbic	17.328318574000697	60	friends	01	052	s06e01a	
cortex_SalVentAttn	46.057972580194814	121	friends	01	052	s06e01a	
cortex_SomMot	47.50553303660382	194	friends	01	052	s06e01a	
cortex_Vis	39.761095925739134	162	friends	01	052	s06e01a	
subcortex_CAU	27.590175391634467	8	friends	01	052	s06e01a	
subcortex_PUT	27.77763373833142	8	friends	01	052	s06e01a	
subcortex_THA	27.752341787771847	14	friends	01	052	s06e01a	
cerebellum	35.068707876430864	88	friends	01	052	s06e01b	
cortex_Cont	46.72836178559056	128	friends	01	052	s06e01b	
cortex_Default	42.27907459105192	209	friends	01	052	s06e01b	
cortex_DorsAttn	51.57849945307447	122	friends	01	052	s06e01b	
cortex_Limbic	17.05963374718478	60	friends	01	052	s06e01b	
cortex_SalVentAttn	44.77419426684673	121	friends	01	052	s06e01b	
cortex_SomMot	47.11462753923022	194	friends	01	052	s06e01b	
cortex_Vis	40.24565772303291	162	friends	01	052	s06e01b	
subcortex_CAU	27.329904005756912	8	friends	01	052	s06e01b	
subcortex_PUT	26.83600941527001	8	friends	01	052	s06e01b	
subcortex_THA	27.75803470226018	14	friends	01	052	s06e01b	
cerebellum	32.833754851556876	88	friends	01	053	s06e02a	
cortex_Cont	45.78030166066716	128	friends	01	053	s06e02a	
cortex_Default	41.171603144537634	209	friends	01	053	s06e02a	
cortex_DorsAttn	49.344138388818166	122	friends	01	053	s06e02a	
cortex_Limbic	16.644974941203056	60	friends	01	053	s06e02a	
cortex_SalVentAttn	43.50565221027038	121	friends	01	053	s06e02a	
cortex_SomMot	45.38076029428789	194	friends	01	053	s06e02a	
cortex_Vis	38.54970337565219	162	friends	01	053	s06e02a	
subcortex_CAU	25.81553147219128	8	friends	01	053	s06e02a	
subcortex_PUT	25.790289595799923	8	friends	01	053	s06e02a	
subcortex_THA	26.705033194578537	14	friends	01	053	s06e02a	
cerebellum	28.54717174249203	88	friends	01	053	s06e02b	
cortex_Cont	36.73955412323578	128	friends	01	053	s06e02b	
cortex_Default	34.24776989746095	209	friends	01	053	s06e02b	
cortex_DorsAttn	41.97937398434236	122	friends	01	053	s06e02b	
cortex_Limbic	14.29411003063113	60	friends	01	053	s06e02b	
cortex_SalVentAttn	36.846485686346966	121	friends	01	053	s06e02b	
cortex_SomMot	36.517313551853526	194	friends	01	053	s06e02b	
cortex_Vis	32.734188058874345	162	friends	01	053	s06e02b	
subcortex_CAU	22.7112698563963	8	friends	01	053	s06e02b	
subcortex_PUT	22.125161693535617	8	friends	01	053	s06e02b	
subcortex_THA	25.573635076628285	14	friends	01	053	s06e02b	
cerebellum	24.461055929862844	88	friends	01	053	s06e03a	
cortex_Cont	35.32771914846513	128	friends	01	053	s06e03a	
cortex_Default	32.46072596568004	209	friends	01	053	s06e03a	
cortex_DorsAttn	36.797870034146804	122	friends	01	053	s06e03a	
cortex_Limbic	13.466491391589875	60	friends	01	053	s06e03a	
cortex_SalVentAttn	37.296324409417565	121	friends	01	053	s06e03a	
cortex_SomMot	36.60306731354529	194	friends	01	053	s06e03a	
cortex_Vis	27.55420688270925	162	friends	01	053	s06e03a	
subcortex_CAU	24.33800384379826	8	friends	01	053	s06e03a	
subcortex_PUT	25.320024565728914	8	friends	01	053	s06e03a	
subcortex_THA	25.71606306232592	14	friends	01	053	s06e03a	
cerebellum	29.673168119684934	88	friends	01	053	s06e03b	
cortex_Cont	39.760665660120175	128	friends	01	053	s06e03b	
cortex_Default	36.52485537535997	209	friends	01	053	s06e03b	
cortex_DorsAttn	42.63814855999707	122	friends	01	053	s06e03b	
cortex_Limbic	15.422775947491669	60	friends	01	053	s06e03b	
cortex_SalVentAttn	40.8067210898097	121	friends	01	053	s06e03b	
cortex_SomMot	40.58423893929648	194	friends	01	053	s06e03b	
cortex_Vis	33.25552939134815	162	friends	01	053	s06e03b	
subcortex_CAU	25.862772130735657	8	friends	01	053	s06e03b	
subcortex_PUT	25.734708346562943	8	friends	01	053	s06e03b	
subcortex_THA	26.15127046138178	14	friends	01	053	s06e03b	
cerebellum	28.04779147259752	88	friends	01	053	s06e04a	
cortex_Cont	37.72698054207085	128	friends	01	053	s06e04a	
cortex_Default	34.844103729511055	209	friends	01	053	s06e04a	
cortex_DorsAttn	40.15250922232106	122	friends	01	053	s06e04a	
cortex_Limbic	14.393074339620277	60	friends	01	053	s06e04a	
cortex_SalVentAttn	39.252477795232316	121	friends	01	053	s06e04a	
cortex_SomMot	38.90941105329708	194	friends	01	053	s06e04a	
cortex_Vis	31.542520651098965	162	friends	01	053	s06e04a	
subcortex_CAU	24.79034095323583	8	friends	01	053	s06e04a	
subcortex_PUT	24.867213988410228	8	friends	01	053	s06e04a	
subcortex_THA	26.081723723325698	14	friends	01	053	s06e04a	
cerebellum	32.88597621540054	88	friends	01	054	s06e04b	
cortex_Cont	43.84579408494409	128	friends	01	054	s06e04b	
cortex_Default	40.23613139423784	209	friends	01	054	s06e04b	
cortex_DorsAttn	46.02259721824073	122	friends	01	054	s06e04b	
cortex_Limbic	15.831358526335782	60	friends	01	054	s06e04b	
cortex_SalVentAttn	43.127232612920146	121	friends	01	054	s06e04b	
cortex_SomMot	43.36229955518003	194	friends	01	054	s06e04b	
cortex_Vis	37.21311794444589	162	friends	01	054	s06e04b	
subcortex_CAU	26.294878121140222	8	friends	01	054	s06e04b	
subcortex_PUT	26.127253602873765	8	friends	01	054	s06e04b	
subcortex_THA	26.79073789663501	14	friends	01	054	s06e04b	
cerebellum	34.874625147593946	88	friends	01	054	s06e05a	
cortex_Cont	48.44629648876183	128	friends	01	054	s06e05a	
cortex_Default	44.42366912353812	209	friends	01	054	s06e05a	
cortex_DorsAttn	49.27389092996027	122	friends	01	054	s06e05a	
cortex_Limbic	17.020320099941074	60	friends	01	054	s06e05a	
cortex_SalVentAttn	45.75663249461195	121	friends	01	054	s06e05a	
cortex_SomMot	47.132816407872	194	friends	01	054	s06e05a	
cortex_Vis	40.28964978465024	162	friends	01	054	s06e05a	
subcortex_CAU	27.62304388649159	8	friends	01	054	s06e05a	
subcortex_PUT	26.946725408617375	8	friends	01	054	s06e05a	
subcortex_THA	27.13968961245388	14	friends	01	054	s06e05a	
cerebellum	28.304902306858857	88	friends	01	054	s06e05b	
cortex_Cont	38.0775908137806	128	friends	01	054	s06e05b	
cortex_Default	35.92332745589885	209	friends	01	054	s06e05b	
cortex_DorsAttn	38.61873819516755	122	friends	01	054	s06e05b	
cortex_Limbic	15.025304432399771	60	friends	01	054	s06e05b	
cortex_SalVentAttn	40.09588928539116	121	friends	01	054	s06e05b	
cortex_SomMot	38.8052222329208	194	friends	01	054	s06e05b	
cortex_Vis	31.31185305858286	162	friends	01	054	s06e05b	
subcortex_CAU	26.032113927670064	8	friends	01	054	s06e05b	
subcortex_PUT	25.052379580295526	8	friends	01	054	s06e05b	
subcortex_THA	26.183555281826163	14	friends	01	054	s06e05b	
cerebellum	31.99335217299507	88	friends	01	055	s06e06a	
cortex_Cont	45.09772423615405	128	friends	01	055	s06e06a	
cortex_Default	41.00163019945505	209	friends	01	055	s06e06a	
cortex_DorsAttn	49.038325940553136	122	friends	01	055	s06e06a	
cortex_Limbic	16.01245331544293	60	friends	01	055	s06e06a	
cortex_SalVentAttn	44.461159372644524	121	friends	01	055	s06e06a	
cortex_SomMot	46.67941262539567	194	friends	01	055	s06e06a	
cortex_Vis	37.753036912037544	162	friends	01	055	s06e06a	
subcortex_CAU	26.00378289724663	8	friends	01	055	s06e06a	
subcortex_PUT	26.69265379514899	8	friends	01	055	s06e06a	
subcortex_THA	27.021100645073208	14	friends	01	055	s06e06a	
cerebellum	28.697800224117035	88	friends	01	055	s06e06b	
cortex_Cont	39.10879093480231	128	friends	01	055	s06e06b	
cortex_Default	35.95970309567583	209	friends	01	055	s06e06b	
cortex_DorsAttn	43.156200549644346	122	friends	01	055	s06e06b	
cortex_Limbic	14.881069869571038	60	friends	01	055	s06e06b	
cortex_SalVentAttn	40.158179522461715	121	friends	01	055	s06e06b	
cortex_SomMot	40.65872230759116	194	friends	01	055	s06e06b	
cortex_Vis	32.94595281721245	162	friends	01	055	s06e06b	
subcortex_CAU	24.431177093453005	8	friends	01	055	s06e06b	
subcortex_PUT	25.02808111355861	8	friends	01	055	s06e06b	
subcortex_THA	26.399374543268333	14	friends	01	055	s06e06b	
cerebellum	33.031731860373604	88	friends	01	055	s06e07a	
cortex_Cont	47.70624905045035	128	friends	01	055	s06e07a	
cortex_Default	42.05144505406906	209	friends	01	055	s06e07a	
cortex_DorsAttn	50.81905657942048	122	friends	01	055	s06e07a	
cortex_Limbic	16.975532479709337	60	friends	01	055	s06e07a	
cortex_SalVentAttn	45.55494725997264	121	friends	01	055	s06e07a	
cortex_SomMot	47.59935498025345	194	friends	01	055	s06e07a	
cortex_Vis	38.53879327618876	162	friends	01	055	s06e07a	
subcortex_CAU	27.289145351286102	8	friends	01	055	s06e07a	
subcortex_PUT	27.272827055142567	8	friends	01	055	s06e07a	
subcortex_THA	27.142257441357177	14	friends	01	055	s06e07a	
cerebellum	25.03483195569571	88	friends	01	055	s06e07b	
cortex_Cont	31.86440203653626	128	friends	01	055	s06e07b	
cortex_Default	29.430759912456637	209	friends	01	055	s06e07b	
cortex_DorsAttn	34.4280963467628	122	friends	01	055	s06e07b	
cortex_Limbic	12.280398307920253	60	friends	01	055	s06e07b	
cortex_SalVentAttn	33.614505287829004	121	friends	01	055	s06e07b	
cortex_SomMot	33.12158059765115	194	friends	01	055	s06e07b	
cortex_Vis	26.011981603987554	162	friends	01	055	s06e07b	
subcortex_CAU	20.906188004265665	8	friends	01	055	s06e07b	
subcortex_PUT	22.91771484762567	8	friends	01	055	s06e07b	
subcortex_THA	24.532186273730584	14	friends	01	055	s06e07b	
cerebellum	31.172461499843322	88	friends	01	056	s06e08a	
cortex_Cont	43.57755630125618	128	friends	01	056	s06e08a	
cortex_Default	39.685344649671066	209	friends	01	056	s06e08a	
cortex_DorsAttn	45.90813864233323	122	friends	01	056	s06e08a	
cortex_Limbic	15.367201813973221	60	friends	01	056	s06e08a	
cortex_SalVentAttn	42.86542063068302	121	friends	01	056	s06e08a	
cortex_SomMot	43.1461002108502	194	friends	01	056	s06e08a	
cortex_Vis	36.81169298264787	162	friends	01	056	s06e08a	
subcortex_CAU	25.91566616163371	8	friends	01	056	s06e08a	
subcortex_PUT	26.90510724030778	8	friends	01	056	s06e08a	
subcortex_THA	27.37177293964908	14	friends	01	056	s06e08a	
cerebellum	32.84215082883631	88	friends	01	056	s06e08b	
cortex_Cont	44.09370100431694	128	friends	01	056	s06e08b	
cortex_Default	40.52728368565453	209	friends	01	056	s06e08b	
cortex_DorsAttn	47.907560676195644	122	friends	01	056	s06e08b	
cortex_Limbic	15.980325505036737	60	friends	01	056	s06e08b	
cortex_SalVentAttn	43.92338790296978	121	friends	01	056	s06e08b	
cortex_SomMot	45.179189521828164	194	friends	01	056	s06e08b	
cortex_Vis	37.45105601993197	162	friends	01	056	s06e08b	
subcortex_CAU	26.333761051582325	8	friends	01	056	s06e08b	
subcortex_PUT	26.263105788344934	8	friends	01	056	s06e08b	
subcortex_THA	27.657628710145598	14	friends	01	056	s06e08b	
cerebellum	28.32782505828172	88	friends	01	056	s06e09a	
cortex_Cont	39.20527021535674	128	friends	01	056	s06e09a	
cortex_Default	36.04258666266324	209	friends	01	056	s06e09a	
cortex_DorsAttn	42.522802354123876	122	friends	01	056	s06e09a	
cortex_Limbic	14.432081850249904	60	friends	01	056	s06e09a	
cortex_SalVentAttn	40.14191435277449	121	friends	01	056	s06e09a	
cortex_SomMot	39.685635804649976	194	friends	01	056	s06e09a	
cortex_Vis	33.002150504547146	162	friends	01	056	s06e09a	
subcortex_CAU	24.780323615919492	8	friends	01	056	s06e09a	
subcortex_PUT	25.77165435103236	8	friends	01	056	s06e09a	
subcortex_THA	26.724883559022448	14	friends	01	056	s06e09a	
cerebellum	23.23127975727168	88	friends	01	056	s06e09b	
cortex_Cont	31.210662501604165	128	friends	01	056	s06e09b	
cortex_Default	29.20140481853376	209	friends	01	056	s06e09b	
cortex_DorsAttn	32.786075549680874	122	friends	01	056	s06e09b	
cortex_Limbic	12.099738001992302	60	friends	01	056	s06e09b	
cortex_SalVentAttn	33.59434808006904	121	friends	01	056	s06e09b	
cortex_SomMot	31.546134935847167	194	friends	01	056	s06e09b	
cortex_Vis	25.92037346406157	162	friends	01	056	s06e09b	
subcortex_CAU	22.206060381367	8	friends	01	056	s06e09b	
subcortex_PUT	23.690727009832308	8	friends	01	056	s06e09b	
subcortex_THA	24.29753130987254	14	friends	01	056	s06e09b	
cerebellum	27.140217062015516	88	friends	01	056	s06e10a	
cortex_Cont	35.99212529584911	128	friends	01	056	s06e10a	
cortex_Default	33.4405989307521	209	friends	01	056	s06e10a	
cortex_DorsAttn	39.348296890078736	122	friends	01	056	s06e10a	
cortex_Limbic	13.570491136473958	60	friends	01	056	s06e10a	
cortex_SalVentAttn	37.81686350605432	121	friends	01	056	s06e10a	
cortex_SomMot	36.958077963633535	194	friends	01	056	s06e10a	
cortex_Vis	30.626827726588818	162	friends	01	056	s06e10a	
subcortex_CAU	23.850947854351254	8	friends	01	056	s06e10a	
subcortex_PUT	24.986474450309835	8	friends	01	056	s06e10a	
subcortex_THA	25.573689516299304	14	friends	01	056	s06e10a	
cerebellum	30.552852597927536	88	friends	01	057	s06e10b	
cortex_Cont	41.091351285276254	128	friends	01	057	s06e10b	
cortex_Default	37.76018896405702	209	friends	01	057	s06e10b	
cortex_DorsAttn	45.49976714551986	122	friends	01	057	s06e10b	
cortex_Limbic	15.173795261864257	60	friends	01	057	s06e10b	
cortex_SalVentAttn	40.954918215578054	121	friends	01	057	s06e10b	
cortex_SomMot	41.955227556854716	194	friends	01	057	s06e10b	
cortex_Vis	34.53433866981599	162	friends	01	057	s06e10b	
subcortex_CAU	25.520652894088087	8	friends	01	057	s06e10b	
subcortex_PUT	25.80754411047396	8	friends	01	057	s06e10b	
subcortex_THA	26.80503479918115	14	friends	01	057	s06e10b	
cerebellum	29.032781851453002	88	friends	01	057	s06e11a	
cortex_Cont	38.40989776221005	128	friends	01	057	s06e11a	
cortex_Default	35.816683307461126	209	friends	01	057	s06e11a	
cortex_DorsAttn	41.92886407037234	122	friends	01	057	s06e11a	
cortex_Limbic	14.469487010299316	60	friends	01	057	s06e11a	
cortex_SalVentAttn	39.3797241150732	121	friends	01	057	s06e11a	
cortex_SomMot	39.722163439886415	194	friends	01	057	s06e11a	
cortex_Vis	32.12248680214404	162	friends	01	057	s06e11a	
subcortex_CAU	24.77943787173052	8	friends	01	057	s06e11a	
subcortex_PUT	25.562830414762754	8	friends	01	057	s06e11a	
subcortex_THA	26.2450897273585	14	friends	01	057	s06e11a	
cerebellum	30.805395496984087	88	friends	01	057	s06e11b	
cortex_Cont	42.00212771690905	128	friends	01	057	s06e11b	
cortex_Default	38.99083229440891	209	friends	01	057	s06e11b	
cortex_DorsAttn	43.77201643853782	122	friends	01	057	s06e11b	
cortex_Limbic	15.825401050365103	60	friends	01	057	s06e11b	
cortex_SalVentAttn	42.054998201619696	121	friends	01	057	s06e11b	
cortex_SomMot	40.91192932472757	194	friends	01	057	s06e11b	
cortex_Vis	36.190175912190746	162	friends	01	057	s06e11b	
subcortex_CAU	26.335617782170583	8	friends	01	057	s06e11b	
subcortex_PUT	26.677091492405015	8	friends	01	057	s06e11b	
subcortex_THA	26.790061485295194	14	friends	01	057	s06e11b	
cerebellum	30.22869984532008	88	friends	01	057	s06e12a	
cortex_Cont	42.19932614421002	128	friends	01	057	s06e12a	
cortex_Default	38.42060735414409	209	friends	01	057	s06e12a	
cortex_DorsAttn	44.33746982958506	122	friends	01	057	s06e12a	
cortex_Limbic	16.142389993122205	60	friends	01	057	s06e12a	
cortex_SalVentAttn	42.46732206497247	121	friends	01	057	s06e12a	
cortex_SomMot	42.50278381062776	194	friends	01	057	s06e12a	
cortex_Vis	34.26461745054648	162	friends	01	057	s06e12a	
subcortex_CAU	26.697627603851252	8	friends	01	057	s06e12a	
subcortex_PUT	26.815318852069428	8	friends	01	057	s06e12a	
subcortex_THA	26.834967810022835	14	friends	01	057	s06e12a	
cerebellum	30.14152840328234	88	friends	01	057	s06e12b	
cortex_Cont	40.67717046391986	128	friends	01	057	s06e12b	
cortex_Default	36.92706758724624	209	friends	01	057	s06e12b	
cortex_DorsAttn	44.03300763306803	122	friends	01	057	s06e12b	
cortex_Limbic	14.77994065018923	60	friends	01	057	s06e12b	
cortex_SalVentAttn	40.44431342637577	121	friends	01	057	s06e12b	
cortex_SomMot	40.28158813333913	194	friends	01	057	s06e12b	
cortex_Vis	34.17548914493204	162	friends	01	057	s06e12b	
subcortex_CAU	25.549309174120438	8	friends	01	057	s06e12b	
subcortex_PUT	26.17923115523051	8	friends	01	057	s06e12b	
subcortex_THA	26.21361562346069	14	friends	01	057	s06e12b	
cerebellum	31.80747825951962	88	friends	01	058	s06e13a	
cortex_Cont	41.16122738994183	128	friends	01	058	s06e13a	
cortex_Default	38.37272286332637	209	friends	01	058	s06e13a	
cortex_DorsAttn	47.45983717062956	122	friends	01	058	s06e13a	
cortex_Limbic	15.09641836760386	60	friends	01	058	s06e13a	
cortex_SalVentAttn	40.616791364174695	121	friends	01	058	s06e13a	
cortex_SomMot	40.9030801281687	194	friends	01	058	s06e13a	
cortex_Vis	37.8677370855659	162	friends	01	058	s06e13a	
subcortex_CAU	24.590203282236587	8	friends	01	058	s06e13a	
subcortex_PUT	24.491493878872355	8	friends	01	058	s06e13a	
subcortex_THA	26.90024650413841	14	friends	01	058	s06e13a	
cerebellum	25.913304651493068	88	friends	01	058	s06e13b	
cortex_Cont	35.0023028370211	128	friends	01	058	s06e13b	
cortex_Default	32.353675988478635	209	friends	01	058	s06e13b	
cortex_DorsAttn	38.28588123696351	122	friends	01	058	s06e13b	
cortex_Limbic	13.49450094149528	60	friends	01	058	s06e13b	
cortex_SalVentAttn	36.269623686820125	121	friends	01	058	s06e13b	
cortex_SomMot	34.87145590128561	194	friends	01	058	s06e13b	
cortex_Vis	28.253149796113345	162	friends	01	058	s06e13b	
subcortex_CAU	22.666201954804936	8	friends	01	058	s06e13b	
subcortex_PUT	23.79319157202933	8	friends	01	058	s06e13b	
subcortex_THA	25.528599389973976	14	friends	01	058	s06e13b	
cerebellum	30.927249415015236	88	friends	01	058	s06e14a	
cortex_Cont	43.34928019505341	128	friends	01	058	s06e14a	
cortex_Default	39.14981386718029	209	friends	01	058	s06e14a	
cortex_DorsAttn	46.567806548247574	122	friends	01	058	s06e14a	
cortex_Limbic	15.775462011456238	60	friends	01	058	s06e14a	
cortex_SalVentAttn	42.91887408063029	121	friends	01	058	s06e14a	
cortex_SomMot	42.65475700055327	194	friends	01	058	s06e14a	
cortex_Vis	35.92787101036259	162	friends	01	058	s06e14a	
subcortex_CAU	26.460136713739562	8	friends	01	058	s06e14a	
subcortex_PUT	26.69235893673485	8	friends	01	058	s06e14a	
subcortex_THA	26.849412450396006	14	friends	01	058	s06e14a	
cerebellum	26.33479575536999	88	friends	01	058	s06e14b	
cortex_Cont	34.75816640867019	128	friends	01	058	s06e14b	
cortex_Default	32.211075858652364	209	friends	01	058	s06e14b	
cortex_DorsAttn	36.27270472484664	122	friends	01	058	s06e14b	
cortex_Limbic	13.698598434227808	60	friends	01	058	s06e14b	
cortex_SalVentAttn	36.54309916651018	121	friends	01	058	s06e14b	
cortex_SomMot	35.15055914689347	194	friends	01	058	s06e14b	
cortex_Vis	28.91609538309354	162	friends	01	058	s06e14b	
subcortex_CAU	24.560081339120508	8	friends	01	058	s06e14b	
subcortex_PUT	24.299225158551515	8	friends	01	058	s06e14b	
subcortex_THA	25.74272433183767	14	friends	01	058	s06e14b	
cerebellum	27.848464630004745	88	friends	01	059	s06e15a	
cortex_Cont	38.105191020733805	128	friends	01	059	s06e15a	
cortex_Default	35.71916088870467	209	friends	01	059	s06e15a	
cortex_DorsAttn	40.10514907768632	122	friends	01	059	s06e15a	
cortex_Limbic	14.68850489204539	60	friends	01	059	s06e15a	
cortex_SalVentAttn	39.208194879716636	121	friends	01	059	s06e15a	
cortex_SomMot	38.03100709582777	194	friends	01	059	s06e15a	
cortex_Vis	30.749846187641285	162	friends	01	059	s06e15a	
subcortex_CAU	24.83648458973325	8	friends	01	059	s06e15a	
subcortex_PUT	25.81308414080511	8	friends	01	059	s06e15a	
subcortex_THA	26.140251802207647	14	friends	01	059	s06e15a	
cerebellum	28.77734861277344	88	friends	01	060	s06e15b	
cortex_Cont	39.51947807473697	128	friends	01	060	s06e15b	
cortex_Default	37.249219363919025	209	friends	01	060	s06e15b	
cortex_DorsAttn	42.83972425956615	122	friends	01	060	s06e15b	
cortex_Limbic	14.79357859180623	60	friends	01	060	s06e15b	
cortex_SalVentAttn	39.43334729909587	121	friends	01	060	s06e15b	
cortex_SomMot	38.60600116237275	194	friends	01	060	s06e15b	
cortex_Vis	34.62483791086664	162	friends	01	060	s06e15b	
subcortex_CAU	25.172584917073443	8	friends	01	060	s06e15b	
subcortex_PUT	25.625945734802887	8	friends	01	060	s06e15b	
subcortex_THA	26.077634776886075	14	friends	01	060	s06e15b	
cerebellum	27.69668269204968	88	friends	01	060	s06e15c	
cortex_Cont	35.42658010672269	128	friends	01	060	s06e15c	
cortex_Default	33.711370139318504	209	friends	01	060	s06e15c	
cortex_DorsAttn	39.57807289174531	122	friends	01	060	s06e15c	
cortex_Limbic	13.587041197934589	60	friends	01	060	s06e15c	
cortex_SalVentAttn	36.820605748267546	121	friends	01	060	s06e15c	
cortex_SomMot	35.726474179622414	194	friends	01	060	s06e15c	
cortex_Vis	32.312807420302946	162	friends	01	060	s06e15c	
subcortex_CAU	24.22299586557663	8	friends	01	060	s06e15c	
subcortex_PUT	24.387105195315982	8	friends	01	060	s06e15c	
subcortex_THA	25.796001221760754	14	friends	01	060	s06e15c	
cerebellum	28.22646059334901	88	friends	01	061	s06e15d	
cortex_Cont	39.8427924600865	128	friends	01	061	s06e15d	
cortex_Default	36.65085028503919	209	friends	01	061	s06e15d	
cortex_DorsAttn	41.00817845418425	122	friends	01	061	s06e15d	
cortex_Limbic	15.538571017027326	60	friends	01	061	s06e15d	
cortex_SalVentAttn	41.34170385785083	121	friends	01	061	s06e15d	
cortex_SomMot	40.93243563802149	194	friends	01	061	s06e15d	
cortex_Vis	30.51301620004298	162	friends	01	061	s06e15d	
subcortex_CAU	25.739196452588992	8	friends	01	061	s06e15d	
subcortex_PUT	25.925663240267262	8	friends	01	061	s06e15d	
subcortex_THA	26.507101661813238	14	friends	01	061	s06e15d	
cerebellum	33.203258111029	88	friends	01	061	s06e17a	
cortex_Cont	45.38432345676274	128	friends	01	061	s06e17a	
cortex_Default	41.921141422943066	209	friends	01	061	s06e17a	
cortex_DorsAttn	49.03453061323261	122	friends	01	061	s06e17a	
cortex_Limbic	16.952799651136566	60	friends	01	061	s06e17a	
cortex_SalVentAttn	45.09197089088456	121	friends	01	061	s06e17a	
cortex_SomMot	46.246859035451195	194	friends	01	061	s06e17a	
cortex_Vis	38.421958852894754	162	friends	01	061	s06e17a	
subcortex_CAU	26.911911029489836	8	friends	01	061	s06e17a	
subcortex_PUT	27.45517808579483	8	friends	01	061	s06e17a	
subcortex_THA	27.696353591001984	14	friends	01	061	s06e17a	
cerebellum	27.3600019846229	88	friends	01	061	s06e17b	
cortex_Cont	39.59449914406903	128	friends	01	061	s06e17b	
cortex_Default	36.44669153165741	209	friends	01	061	s06e17b	
cortex_DorsAttn	40.242854213274306	122	friends	01	061	s06e17b	
cortex_Limbic	14.57575107267478	60	friends	01	061	s06e17b	
cortex_SalVentAttn	39.92240771421116	121	friends	01	061	s06e17b	
cortex_SomMot	38.33479393242243	194	friends	01	061	s06e17b	
cortex_Vis	31.606731551562454	162	friends	01	061	s06e17b	
subcortex_CAU	25.603576435025023	8	friends	01	061	s06e17b	
subcortex_PUT	25.70182319311117	8	friends	01	061	s06e17b	
subcortex_THA	25.657675460869775	14	friends	01	061	s06e17b	
cerebellum	30.902172783650737	88	friends	01	062	s06e18a	
cortex_Cont	40.0304039298549	128	friends	01	062	s06e18a	
cortex_Default	38.27716650983812	209	friends	01	062	s06e18a	
cortex_DorsAttn	43.84477726382923	122	friends	01	062	s06e18a	
cortex_Limbic	15.446088644731828	60	friends	01	062	s06e18a	
cortex_SalVentAttn	39.29743708540106	121	friends	01	062	s06e18a	
cortex_SomMot	39.094977182389044	194	friends	01	062	s06e18a	
cortex_Vis	36.63965943838669	162	friends	01	062	s06e18a	
subcortex_CAU	24.59694133498308	8	friends	01	062	s06e18a	
subcortex_PUT	24.857757160405527	8	friends	01	062	s06e18a	
subcortex_THA	26.395820548307796	14	friends	01	062	s06e18a	
cerebellum	26.408673111582516	88	friends	01	062	s06e18b	
cortex_Cont	34.08454579222379	128	friends	01	062	s06e18b	
cortex_Default	32.400380678873994	209	friends	01	062	s06e18b	
cortex_DorsAttn	36.00043857839543	122	friends	01	062	s06e18b	
cortex_Limbic	13.41406340998892	60	friends	01	062	s06e18b	
cortex_SalVentAttn	35.9340093313808	121	friends	01	062	s06e18b	
cortex_SomMot	34.24012352101273	194	friends	01	062	s06e18b	
cortex_Vis	29.75228614885934	162	friends	01	062	s06e18b	
subcortex_CAU	23.54621669888207	8	friends	01	062	s06e18b	
subcortex_PUT	24.185269620202007	8	friends	01	062	s06e18b	
subcortex_THA	25.480392824861518	14	friends	01	062	s06e18b	
cerebellum	25.884313237364925	88	friends	01	062	s06e19a	
cortex_Cont	34.24284025778192	128	friends	01	062	s06e19a	
cortex_Default	32.27656601159769	209	friends	01	062	s06e19a	
cortex_DorsAttn	35.11770908090161	122	friends	01	062	s06e19a	
cortex_Limbic	13.43791325918365	60	friends	01	062	s06e19a	
cortex_SalVentAttn	35.339869504174146	121	friends	01	062	s06e19a	
cortex_SomMot	33.71595022768794	194	friends	01	062	s06e19a	
cortex_Vis	28.92306861557613	162	friends	01	062	s06e19a	
subcortex_CAU	23.461298869935572	8	friends	01	062	s06e19a	
subcortex_PUT	24.67112095498778	8	friends	01	062	s06e19a	
subcortex_THA	24.652728806110442	14	friends	01	062	s06e19a	
cerebellum	24.88553828665414	88	friends	01	062	s06e19b	
cortex_Cont	34.27915898967829	128	friends	01	062	s06e19b	
cortex_Default	32.397175810968406	209	friends	01	062	s06e19b	
cortex_DorsAttn	34.583425371122615	122	friends	01	062	s06e19b	
cortex_Limbic	13.427893370892134	60	friends	01	062	s06e19b	
cortex_SalVentAttn	35.903690102905124	121	friends	01	062	s06e19b	
cortex_SomMot	33.605472856149284	194	friends	01	062	s06e19b	
cortex_Vis	27.93417791663775	162	friends	01	062	s06e19b	
subcortex_CAU	24.270899330081495	8	friends	01	062	s06e19b	
subcortex_PUT	25.045324812147065	8	friends	01	062	s06e19b	
subcortex_THA	24.948554313329005	14	friends	01	062	s06e19b	
cerebellum	30.526075819076492	88	friends	01	063	s06e20a	
cortex_Cont	46.25221306327231	128	friends	01	063	s06e20a	
cortex_Default	42.11462368302763	209	friends	01	063	s06e20a	
cortex_DorsAttn	45.04948530564157	122	friends	01	063	s06e20a	
cortex_Limbic	16.994863979928347	60	friends	01	063	s06e20a	
cortex_SalVentAttn	44.86932417226141	121	friends	01	063	s06e20a	
cortex_SomMot	43.97497092520747	194	friends	01	063	s06e20a	
cortex_Vis	35.46085349149193	162	friends	01	063	s06e20a	
subcortex_CAU	27.848203697257915	8	friends	01	063	s06e20a	
subcortex_PUT	28.370950402022626	8	friends	01	063	s06e20a	
subcortex_THA	27.677661043439794	14	friends	01	063	s06e20a	
cerebellum	30.543033507803752	88	friends	01	063	s06e20b	
cortex_Cont	40.07908007638409	128	friends	01	063	s06e20b	
cortex_Default	37.50529160841707	209	friends	01	063	s06e20b	
cortex_DorsAttn	44.66981667706237	122	friends	01	063	s06e20b	
cortex_Limbic	15.287199749798543	60	friends	01	063	s06e20b	
cortex_SalVentAttn	41.179996847361544	121	friends	01	063	s06e20b	
cortex_SomMot	41.808675848756735	194	friends	01	063	s06e20b	
cortex_Vis	35.786575831924324	162	friends	01	063	s06e20b	
subcortex_CAU	25.16578750294725	8	friends	01	063	s06e20b	
subcortex_PUT	25.33422454455002	8	friends	01	063	s06e20b	
subcortex_THA	27.231569747105436	14	friends	01	063	s06e20b	
cerebellum	30.18463886743606	88	friends	01	063	s06e21a	
cortex_Cont	38.82240052616514	128	friends	01	063	s06e21a	
cortex_Default	36.860482181582746	209	friends	01	063	s06e21a	
cortex_DorsAttn	41.397768443657114	122	friends	01	063	s06e21a	
cortex_Limbic	15.376481267892327	60	friends	01	063	s06e21a	
cortex_SalVentAttn	39.394616524478565	121	friends	01	063	s06e21a	
cortex_SomMot	38.09419981817535	194	friends	01	063	s06e21a	
cortex_Vis	34.194983981629335	162	friends	01	063	s06e21a	
subcortex_CAU	24.824881221821038	8	friends	01	063	s06e21a	
subcortex_PUT	26.319101721455766	8	friends	01	063	s06e21a	
subcortex_THA	26.5871839202722	14	friends	01	063	s06e21a	
cerebellum	24.723490415088033	88	friends	01	064	s06e21b	
cortex_Cont	31.067060441410558	128	friends	01	064	s06e21b	
cortex_Default	29.458738051701197	209	friends	01	064	s06e21b	
cortex_DorsAttn	34.66277896309384	122	friends	01	064	s06e21b	
cortex_Limbic	12.433606168602857	60	friends	01	064	s06e21b	
cortex_SalVentAttn	32.38441993810798	121	friends	01	064	s06e21b	
cortex_SomMot	30.52402470393486	194	friends	01	064	s06e21b	
cortex_Vis	26.92513456070688	162	friends	01	064	s06e21b	
subcortex_CAU	21.474901707830675	8	friends	01	064	s06e21b	
subcortex_PUT	22.174203945052387	8	friends	01	064	s06e21b	
subcortex_THA	23.699367958427377	14	friends	01	064	s06e21b	
cerebellum	29.427745828130842	88	friends	01	064	s06e22a	
cortex_Cont	36.86169945499962	128	friends	01	064	s06e22a	
cortex_Default	34.79092322800806	209	friends	01	064	s06e22a	
cortex_DorsAttn	42.00628783303649	122	friends	01	064	s06e22a	
cortex_Limbic	14.21590344251154	60	friends	01	064	s06e22a	
cortex_SalVentAttn	37.26433713373564	121	friends	01	064	s06e22a	
cortex_SomMot	37.01190213066917	194	friends	01	064	s06e22a	
cortex_Vis	33.87816537844664	162	friends	01	064	s06e22a	
subcortex_CAU	23.467452944882165	8	friends	01	064	s06e22a	
subcortex_PUT	24.03164779773926	8	friends	01	064	s06e22a	
subcortex_THA	25.404137244816066	14	friends	01	064	s06e22a	
cerebellum	29.473381565560825	88	friends	01	064	s06e22b	
cortex_Cont	36.463105039902565	128	friends	01	064	s06e22b	
cortex_Default	34.185678692602494	209	friends	01	064	s06e22b	
cortex_DorsAttn	39.16605344197435	122	friends	01	064	s06e22b	
cortex_Limbic	13.7339235882746	60	friends	01	064	s06e22b	
cortex_SalVentAttn	36.98422746796166	121	friends	01	064	s06e22b	
cortex_SomMot	36.449917989657244	194	friends	01	064	s06e22b	
cortex_Vis	31.710557405415763	162	friends	01	064	s06e22b	
subcortex_CAU	24.21271388144319	8	friends	01	064	s06e22b	
subcortex_PUT	23.376510359680665	8	friends	01	064	s06e22b	
subcortex_THA	25.287051875429945	14	friends	01	064	s06e22b	
cerebellum	26.265026749882374	88	friends	01	065	s06e23a	
cortex_Cont	36.084548797292804	128	friends	01	065	s06e23a	
cortex_Default	33.82459658688188	209	friends	01	065	s06e23a	
cortex_DorsAttn	37.77613361218594	122	friends	01	065	s06e23a	
cortex_Limbic	13.322111971470154	60	friends	01	065	s06e23a	
cortex_SalVentAttn	38.64401477461023	121	friends	01	065	s06e23a	
cortex_SomMot	38.13512895618733	194	friends	01	065	s06e23a	
cortex_Vis	30.160273268125994	162	friends	01	065	s06e23a	
subcortex_CAU	23.87030275101501	8	friends	01	065	s06e23a	
subcortex_PUT	24.2989835936151	8	friends	01	065	s06e23a	
subcortex_THA	25.31902335651709	14	friends	01	065	s06e23a	
cerebellum	26.36321734324422	88	friends	01	065	s06e23b	
cortex_Cont	33.78631188897795	128	friends	01	065	s06e23b	
cortex_Default	32.74968897444102	209	friends	01	065	s06e23b	
cortex_DorsAttn	36.595875139751286	122	friends	01	065	s06e23b	
cortex_Limbic	12.699478299244136	60	friends	01	065	s06e23b	
cortex_SalVentAttn	35.98477843030473	121	friends	01	065	s06e23b	
cortex_SomMot	34.591135513260056	194	friends	01	065	s06e23b	
cortex_Vis	29.530357005502488	162	friends	01	065	s06e23b	
subcortex_CAU	22.93789407304094	8	friends	01	065	s06e23b	
subcortex_PUT	23.962897424372127	8	friends	01	065	s06e23b	
subcortex_THA	24.79377322937925	14	friends	01	065	s06e23b	
cerebellum	25.673776359834232	88	friends	01	065	s06e24a	
cortex_Cont	33.5381777313516	128	friends	01	065	s06e24a	
cortex_Default	32.28265052820832	209	friends	01	065	s06e24a	
cortex_DorsAttn	35.81845640329172	122	friends	01	065	s06e24a	
cortex_Limbic	13.604185293803662	60	friends	01	065	s06e24a	
cortex_SalVentAttn	36.138025537238846	121	friends	01	065	s06e24a	
cortex_SomMot	34.60634398727415	194	friends	01	065	s06e24a	
cortex_Vis	28.11258512539924	162	friends	01	065	s06e24a	
subcortex_CAU	23.460444251028957	8	friends	01	065	s06e24a	
subcortex_PUT	24.28387025699106	8	friends	01	065	s06e24a	
subcortex_THA	24.776407089770395	14	friends	01	065	s06e24a	
cerebellum	30.72593450610277	88	friends	01	066	s06e24b	
cortex_Cont	41.42673533254478	128	friends	01	066	s06e24b	
cortex_Default	38.62871890862039	209	friends	01	066	s06e24b	
cortex_DorsAttn	43.63739064614295	122	friends	01	066	s06e24b	
cortex_Limbic	16.166276906049234	60	friends	01	066	s06e24b	
cortex_SalVentAttn	41.59094338633811	121	friends	01	066	s06e24b	
cortex_SomMot	41.671007695849084	194	friends	01	066	s06e24b	
cortex_Vis	34.317410667034615	162	friends	01	066	s06e24b	
subcortex_CAU	25.980350677606186	8	friends	01	066	s06e24b	
subcortex_PUT	25.95340904087574	8	friends	01	066	s06e24b	
subcortex_THA	26.80248620562591	14	friends	01	066	s06e24b	
cerebellum	27.146137401869407	88	friends	01	066	s06e24c	
cortex_Cont	36.266947620630745	128	friends	01	066	s06e24c	
cortex_Default	34.19107121684389	209	friends	01	066	s06e24c	
cortex_DorsAttn	40.206184781776344	122	friends	01	066	s06e24c	
cortex_Limbic	13.806168209128256	60	friends	01	066	s06e24c	
cortex_SalVentAttn	36.72765350861262	121	friends	01	066	s06e24c	
cortex_SomMot	36.24727493898048	194	friends	01	066	s06e24c	
cortex_Vis	30.42485095220249	162	friends	01	066	s06e24c	
subcortex_CAU	22.39080048048421	8	friends	01	066	s06e24c	
subcortex_PUT	23.230127691480604	8	friends	01	066	s06e24c	
subcortex_THA	25.4922637026365	14	friends	01	066	s06e24c	
cerebellum	28.25409653234872	88	friends	01	066	s06e24d	
cortex_Cont	36.37401670685238	128	friends	01	066	s06e24d	
cortex_Default	33.559341439340585	209	friends	01	066	s06e24d	
cortex_DorsAttn	38.807749164459494	122	friends	01	066	s06e24d	
cortex_Limbic	13.468272621227829	60	friends	01	066	s06e24d	
cortex_SalVentAttn	37.52771206801465	121	friends	01	066	s06e24d	
cortex_SomMot	37.143217994026536	194	friends	01	066	s06e24d	
cortex_Vis	30.502433541335854	162	friends	01	066	s06e24d	
subcortex_CAU	23.426028863974697	8	friends	01	066	s06e24d	
subcortex_PUT	23.636078937797656	8	friends	01	066	s06e24d	
subcortex_THA	25.77432275337791	14	friends	01	066	s06e24d	
cerebellum	26.165346167210863	88	friends	02	001	s01e02a	
cortex_Cont	40.43640403795264	128	friends	02	001	s01e02a	
cortex_Default	37.21351444652508	209	friends	02	001	s01e02a	
cortex_DorsAttn	41.421874952498854	122	friends	02	001	s01e02a	
cortex_Limbic	18.67514241850502	60	friends	02	001	s01e02a	
cortex_SalVentAttn	41.07502317594631	121	friends	02	001	s01e02a	
cortex_SomMot	42.372467599305374	194	friends	02	001	s01e02a	
cortex_Vis	34.01610956401668	162	friends	02	001	s01e02a	
subcortex_CAU	30.18643443718642	8	friends	02	001	s01e02a	
subcortex_PUT	29.311545805264174	8	friends	02	001	s01e02a	
subcortex_THA	25.59260721189202	14	friends	02	001	s01e02a	
cerebellum	30.03823901522639	88	friends	02	001	s01e02b	
cortex_Cont	45.92044953073565	128	friends	02	001	s01e02b	
cortex_Default	41.28633433595993	209	friends	02	001	s01e02b	
cortex_DorsAttn	48.70377954725053	122	friends	02	001	s01e02b	
cortex_Limbic	19.937586903775898	60	friends	02	001	s01e02b	
cortex_SalVentAttn	42.6733857414835	121	friends	02	001	s01e02b	
cortex_SomMot	45.116359413864714	194	friends	02	001	s01e02b	
cortex_Vis	39.003939097120266	162	friends	02	001	s01e02b	
subcortex_CAU	30.84593844099795	8	friends	02	001	s01e02b	
subcortex_PUT	29.725475315396814	8	friends	02	001	s01e02b	
subcortex_THA	26.55182323582552	14	friends	02	001	s01e02b	
cerebellum	29.045722997996332	88	friends	02	001	s01e03a	
cortex_Cont	45.416488261239515	128	friends	02	001	s01e03a	
cortex_Default	40.59710311011362	209	friends	02	001	s01e03a	
cortex_DorsAttn	48.23781155592077	122	friends	02	001	s01e03a	
cortex_Limbic	20.175411859601056	60	friends	02	001	s01e03a	
cortex_SalVentAttn	42.10246725464322	121	friends	02	001	s01e03a	
cortex_SomMot	44.497139057589564	194	friends	02	001	s01e03a	
cortex_Vis	38.56208787410633	162	friends	02	001	s01e03a	
subcortex_CAU	30.823926907167753	8	friends	02	001	s01e03a	
subcortex_PUT	29.61432818950368	8	friends	02	001	s01e03a	
subcortex_THA	26.09494899488728	14	friends	02	001	s01e03a	
cerebellum	28.201001575559744	88	friends	02	001	s01e03b	
cortex_Cont	43.547258209920024	128	friends	02	001	s01e03b	
cortex_Default	39.19252227551528	209	friends	02	001	s01e03b	
cortex_DorsAttn	45.42673936231828	122	friends	02	001	s01e03b	
cortex_Limbic	19.155273278780385	60	friends	02	001	s01e03b	
cortex_SalVentAttn	40.523627044258696	121	friends	02	001	s01e03b	
cortex_SomMot	42.54194077087232	194	friends	02	001	s01e03b	
cortex_Vis	36.88692593483785	162	friends	02	001	s01e03b	
subcortex_CAU	30.171950232778656	8	friends	02	001	s01e03b	
subcortex_PUT	28.87076278263948	8	friends	02	001	s01e03b	
subcortex_THA	25.456664756488884	14	friends	02	001	s01e03b	
cerebellum	25.957322453715275	88	friends	02	001	s01e04b	
cortex_Cont	39.039589601707895	128	friends	02	001	s01e04b	
cortex_Default	35.612206741430214	209	friends	02	001	s01e04b	
cortex_DorsAttn	40.55778148620405	122	friends	02	001	s01e04b	
cortex_Limbic	18.04015801438824	60	friends	02	001	s01e04b	
cortex_SalVentAttn	37.68541045824397	121	friends	02	001	s01e04b	
cortex_SomMot	38.38637443586238	194	friends	02	001	s01e04b	
cortex_Vis	33.05973244482328	162	friends	02	001	s01e04b	
subcortex_CAU	28.81505015353695	8	friends	02	001	s01e04b	
subcortex_PUT	27.9117323357847	8	friends	02	001	s01e04b	
subcortex_THA	24.248575938952236	14	friends	02	001	s01e04b	
cerebellum	29.50227099890232	88	friends	02	002	s01e05b	
cortex_Cont	42.07647356443051	128	friends	02	002	s01e05b	
cortex_Default	38.24128617141994	209	friends	02	002	s01e05b	
cortex_DorsAttn	46.51558253557382	122	friends	02	002	s01e05b	
cortex_Limbic	19.1064999298156	60	friends	02	002	s01e05b	
cortex_SalVentAttn	40.40270922471952	121	friends	02	002	s01e05b	
cortex_SomMot	42.74598925082727	194	friends	02	002	s01e05b	
cortex_Vis	37.79837868243925	162	friends	02	002	s01e05b	
subcortex_CAU	29.526299489368288	8	friends	02	002	s01e05b	
subcortex_PUT	28.809513443508074	8	friends	02	002	s01e05b	
subcortex_THA	25.6946637785426	14	friends	02	002	s01e05b	
cerebellum	28.12862212515423	88	friends	02	002	s01e06a	
cortex_Cont	42.86814425223152	128	friends	02	002	s01e06a	
cortex_Default	38.878919941874585	209	friends	02	002	s01e06a	
cortex_DorsAttn	45.782234340300676	122	friends	02	002	s01e06a	
cortex_Limbic	19.015011751301905	60	friends	02	002	s01e06a	
cortex_SalVentAttn	40.65965779980169	121	friends	02	002	s01e06a	
cortex_SomMot	43.13730091748775	194	friends	02	002	s01e06a	
cortex_Vis	36.121282980231896	162	friends	02	002	s01e06a	
subcortex_CAU	29.474311685655227	8	friends	02	002	s01e06a	
subcortex_PUT	28.99815495282989	8	friends	02	002	s01e06a	
subcortex_THA	25.49382226679617	14	friends	02	002	s01e06a	
cerebellum	28.572014151935697	88	friends	02	002	s01e06b	
cortex_Cont	42.230566085343774	128	friends	02	002	s01e06b	
cortex_Default	38.70672259066155	209	friends	02	002	s01e06b	
cortex_DorsAttn	44.21736873216014	122	friends	02	002	s01e06b	
cortex_Limbic	19.54442038699866	60	friends	02	002	s01e06b	
cortex_SalVentAttn	40.61783516574602	121	friends	02	002	s01e06b	
cortex_SomMot	42.36624228452593	194	friends	02	002	s01e06b	
cortex_Vis	35.41522770633939	162	friends	02	002	s01e06b	
subcortex_CAU	29.640771705545895	8	friends	02	002	s01e06b	
subcortex_PUT	28.645466989523	8	friends	02	002	s01e06b	
subcortex_THA	25.506888916462458	14	friends	02	002	s01e06b	
cerebellum	25.523302482385837	88	friends	02	003	s01e01a	
cortex_Cont	37.669825624808404	128	friends	02	003	s01e01a	
cortex_Default	34.632772382410714	209	friends	02	003	s01e01a	
cortex_DorsAttn	41.068026308051515	122	friends	02	003	s01e01a	
cortex_Limbic	16.520197679934768	60	friends	02	003	s01e01a	
cortex_SalVentAttn	38.47860288373924	121	friends	02	003	s01e01a	
cortex_SomMot	39.42258421545592	194	friends	02	003	s01e01a	
cortex_Vis	33.3245343142061	162	friends	02	003	s01e01a	
subcortex_CAU	28.881585088746576	8	friends	02	003	s01e01a	
subcortex_PUT	28.717485640738552	8	friends	02	003	s01e01a	
subcortex_THA	25.29313698294747	14	friends	02	003	s01e01a	
cerebellum	29.926416297594358	88	friends	02	003	s01e01b	
cortex_Cont	47.26382800815107	128	friends	02	003	s01e01b	
cortex_Default	42.000797080733896	209	friends	02	003	s01e01b	
cortex_DorsAttn	50.16708027439975	122	friends	02	003	s01e01b	
cortex_Limbic	19.714669234671263	60	friends	02	003	s01e01b	
cortex_SalVentAttn	43.22431187733483	121	friends	02	003	s01e01b	
cortex_SomMot	45.43902712836017	194	friends	02	003	s01e01b	
cortex_Vis	39.49063980402263	162	friends	02	003	s01e01b	
subcortex_CAU	31.045202335960028	8	friends	02	003	s01e01b	
subcortex_PUT	29.692169297123517	8	friends	02	003	s01e01b	
subcortex_THA	26.333242636837515	14	friends	02	003	s01e01b	
cerebellum	29.748561810014316	88	friends	02	003	s01e07a	
cortex_Cont	47.084073177929184	128	friends	02	003	s01e07a	
cortex_Default	41.853846914460625	209	friends	02	003	s01e07a	
cortex_DorsAttn	50.915863767075756	122	friends	02	003	s01e07a	
cortex_Limbic	20.083201985811453	60	friends	02	003	s01e07a	
cortex_SalVentAttn	43.40522955865587	121	friends	02	003	s01e07a	
cortex_SomMot	45.9606262764558	194	friends	02	003	s01e07a	
cortex_Vis	39.605544786825334	162	friends	02	003	s01e07a	
subcortex_CAU	30.67582543135801	8	friends	02	003	s01e07a	
subcortex_PUT	29.651113400947626	8	friends	02	003	s01e07a	
subcortex_THA	26.20691299062065	14	friends	02	003	s01e07a	
cerebellum	27.46732802043516	88	friends	02	003	s01e07b	
cortex_Cont	41.59623626867145	128	friends	02	003	s01e07b	
cortex_Default	38.10773376826701	209	friends	02	003	s01e07b	
cortex_DorsAttn	44.40496071182412	122	friends	02	003	s01e07b	
cortex_Limbic	18.413875480958843	60	friends	02	003	s01e07b	
cortex_SalVentAttn	39.821676600566526	121	friends	02	003	s01e07b	
cortex_SomMot	41.343950327206315	194	friends	02	003	s01e07b	
cortex_Vis	35.51612347146681	162	friends	02	003	s01e07b	
subcortex_CAU	30.00640350821158	8	friends	02	003	s01e07b	
subcortex_PUT	29.0008429947677	8	friends	02	003	s01e07b	
subcortex_THA	25.63719993177846	14	friends	02	003	s01e07b	
cerebellum	28.648793675380364	88	friends	02	003	s01e08a	
cortex_Cont	42.62963368799233	128	friends	02	003	s01e08a	
cortex_Default	39.0395812918802	209	friends	02	003	s01e08a	
cortex_DorsAttn	44.53587369822283	122	friends	02	003	s01e08a	
cortex_Limbic	18.823527532536136	60	friends	02	003	s01e08a	
cortex_SalVentAttn	41.25058124770103	121	friends	02	003	s01e08a	
cortex_SomMot	42.512311994605305	194	friends	02	003	s01e08a	
cortex_Vis	35.95822767136527	162	friends	02	003	s01e08a	
subcortex_CAU	30.03096732676323	8	friends	02	003	s01e08a	
subcortex_PUT	28.658734092046238	8	friends	02	003	s01e08a	
subcortex_THA	24.942635406779562	14	friends	02	003	s01e08a	
cerebellum	30.61175269054505	88	friends	02	003	s01e08b	
cortex_Cont	46.32763535596326	128	friends	02	003	s01e08b	
cortex_Default	41.453926981264814	209	friends	02	003	s01e08b	
cortex_DorsAttn	49.51350730489407	122	friends	02	003	s01e08b	
cortex_Limbic	19.660832926119443	60	friends	02	003	s01e08b	
cortex_SalVentAttn	42.8624133292129	121	friends	02	003	s01e08b	
cortex_SomMot	44.81999620319529	194	friends	02	003	s01e08b	
cortex_Vis	39.760789768704726	162	friends	02	003	s01e08b	
subcortex_CAU	30.064814197026134	8	friends	02	003	s01e08b	
subcortex_PUT	28.639228607509427	8	friends	02	003	s01e08b	
subcortex_THA	24.822644654615925	14	friends	02	003	s01e08b	
cerebellum	22.84550215338373	88	friends	02	004	s01e09a	
cortex_Cont	35.39258264427486	128	friends	02	004	s01e09a	
cortex_Default	33.09644431899493	209	friends	02	004	s01e09a	
cortex_DorsAttn	36.507499693704474	122	friends	02	004	s01e09a	
cortex_Limbic	17.483787005715563	60	friends	02	004	s01e09a	
cortex_SalVentAttn	36.814930255088335	121	friends	02	004	s01e09a	
cortex_SomMot	37.66881637747322	194	friends	02	004	s01e09a	
cortex_Vis	29.860636240719504	162	friends	02	004	s01e09a	
subcortex_CAU	29.114885306824597	8	friends	02	004	s01e09a	
subcortex_PUT	28.66075759888053	8	friends	02	004	s01e09a	
subcortex_THA	25.002613381570715	14	friends	02	004	s01e09a	
cerebellum	29.12075973296263	88	friends	02	004	s01e09b	
cortex_Cont	46.95248356905268	128	friends	02	004	s01e09b	
cortex_Default	42.11755036885621	209	friends	02	004	s01e09b	
cortex_DorsAttn	50.04717578543909	122	friends	02	004	s01e09b	
cortex_Limbic	20.545734296516308	60	friends	02	004	s01e09b	
cortex_SalVentAttn	43.69687107836905	121	friends	02	004	s01e09b	
cortex_SomMot	45.905821856295915	194	friends	02	004	s01e09b	
cortex_Vis	39.59371164759805	162	friends	02	004	s01e09b	
subcortex_CAU	30.979544674440906	8	friends	02	004	s01e09b	
subcortex_PUT	29.642536617312594	8	friends	02	004	s01e09b	
subcortex_THA	26.33012250990952	14	friends	02	004	s01e09b	
cerebellum	27.47739967515736	88	friends	02	004	s01e10a	
cortex_Cont	44.571299451182874	128	friends	02	004	s01e10a	
cortex_Default	39.94927926479115	209	friends	02	004	s01e10a	
cortex_DorsAttn	46.802575949624405	122	friends	02	004	s01e10a	
cortex_Limbic	20.10751941575926	60	friends	02	004	s01e10a	
cortex_SalVentAttn	42.061675477511535	121	friends	02	004	s01e10a	
cortex_SomMot	43.679251221928006	194	friends	02	004	s01e10a	
cortex_Vis	36.98265441362219	162	friends	02	004	s01e10a	
subcortex_CAU	30.32213035614776	8	friends	02	004	s01e10a	
subcortex_PUT	29.35540624509899	8	friends	02	004	s01e10a	
subcortex_THA	25.984796950536175	14	friends	02	004	s01e10a	
cerebellum	26.731620683633025	88	friends	02	004	s01e10b	
cortex_Cont	42.642360483465076	128	friends	02	004	s01e10b	
cortex_Default	38.42030745647164	209	friends	02	004	s01e10b	
cortex_DorsAttn	46.40548964478897	122	friends	02	004	s01e10b	
cortex_Limbic	19.069392049487988	60	friends	02	004	s01e10b	
cortex_SalVentAttn	41.18330917429562	121	friends	02	004	s01e10b	
cortex_SomMot	43.127365521100636	194	friends	02	004	s01e10b	
cortex_Vis	36.1932847663647	162	friends	02	004	s01e10b	
subcortex_CAU	29.93957411395934	8	friends	02	004	s01e10b	
subcortex_PUT	29.073752409433272	8	friends	02	004	s01e10b	
subcortex_THA	25.854781373435703	14	friends	02	004	s01e10b	
cerebellum	26.694034986841988	88	friends	02	004	s01e11a	
cortex_Cont	44.3055542433385	128	friends	02	004	s01e11a	
cortex_Default	39.460574504975625	209	friends	02	004	s01e11a	
cortex_DorsAttn	46.747771776634195	122	friends	02	004	s01e11a	
cortex_Limbic	19.535482451007866	60	friends	02	004	s01e11a	
cortex_SalVentAttn	41.401068597576305	121	friends	02	004	s01e11a	
cortex_SomMot	43.24456545357524	194	friends	02	004	s01e11a	
cortex_Vis	35.94970211982037	162	friends	02	004	s01e11a	
subcortex_CAU	29.990833811155156	8	friends	02	004	s01e11a	
subcortex_PUT	28.848691198554267	8	friends	02	004	s01e11a	
subcortex_THA	25.42346040852976	14	friends	02	004	s01e11a	
cerebellum	28.096993030706596	88	friends	02	004	s01e11b	
cortex_Cont	45.472357538373934	128	friends	02	004	s01e11b	
cortex_Default	40.72453918145568	209	friends	02	004	s01e11b	
cortex_DorsAttn	48.436336758193356	122	friends	02	004	s01e11b	
cortex_Limbic	20.26512650568792	60	friends	02	004	s01e11b	
cortex_SalVentAttn	41.84192888321209	121	friends	02	004	s01e11b	
cortex_SomMot	43.51095245422878	194	friends	02	004	s01e11b	
cortex_Vis	38.17330127423605	162	friends	02	004	s01e11b	
subcortex_CAU	30.31821036562407	8	friends	02	004	s01e11b	
subcortex_PUT	28.722212715889327	8	friends	02	004	s01e11b	
subcortex_THA	25.470828321843403	14	friends	02	004	s01e11b	
cerebellum	28.521082884869077	88	friends	02	005	s01e12a	
cortex_Cont	42.110183167859105	128	friends	02	005	s01e12a	
cortex_Default	38.00553184570845	209	friends	02	005	s01e12a	
cortex_DorsAttn	44.2531988902747	122	friends	02	005	s01e12a	
cortex_Limbic	18.440642651390036	60	friends	02	005	s01e12a	
cortex_SalVentAttn	42.03458102938738	121	friends	02	005	s01e12a	
cortex_SomMot	42.828233765526164	194	friends	02	005	s01e12a	
cortex_Vis	34.15055252144028	162	friends	02	005	s01e12a	
subcortex_CAU	31.477830063584804	8	friends	02	005	s01e12a	
subcortex_PUT	30.122518744039713	8	friends	02	005	s01e12a	
subcortex_THA	26.706060563104035	14	friends	02	005	s01e12a	
cerebellum	29.333838801721992	88	friends	02	005	s01e12b	
cortex_Cont	44.361954053559174	128	friends	02	005	s01e12b	
cortex_Default	39.2750127955291	209	friends	02	005	s01e12b	
cortex_DorsAttn	48.30658431454661	122	friends	02	005	s01e12b	
cortex_Limbic	18.352881452673138	60	friends	02	005	s01e12b	
cortex_SalVentAttn	42.578292014318436	121	friends	02	005	s01e12b	
cortex_SomMot	45.352328246739724	194	friends	02	005	s01e12b	
cortex_Vis	36.022553462261804	162	friends	02	005	s01e12b	
subcortex_CAU	31.451135496935088	8	friends	02	005	s01e12b	
subcortex_PUT	29.6711833200445	8	friends	02	005	s01e12b	
subcortex_THA	26.645439966947862	14	friends	02	005	s01e12b	
cerebellum	31.740348669715935	88	friends	02	005	s01e13a	
cortex_Cont	46.288734962432216	128	friends	02	005	s01e13a	
cortex_Default	40.84760970522192	209	friends	02	005	s01e13a	
cortex_DorsAttn	51.28861356031761	122	friends	02	005	s01e13a	
cortex_Limbic	19.708487554862657	60	friends	02	005	s01e13a	
cortex_SalVentAttn	43.393334977475874	121	friends	02	005	s01e13a	
cortex_SomMot	45.85640113041022	194	friends	02	005	s01e13a	
cortex_Vis	39.588122772797796	162	friends	02	005	s01e13a	
subcortex_CAU	31.883774822046025	8	friends	02	005	s01e13a	
subcortex_PUT	29.881869538883038	8	friends	02	005	s01e13a	
subcortex_THA	26.93579361103483	14	friends	02	005	s01e13a	
cerebellum	30.72144859885646	88	friends	02	005	s01e13b	
cortex_Cont	45.46373670336357	128	friends	02	005	s01e13b	
cortex_Default	40.285446670728604	209	friends	02	005	s01e13b	
cortex_DorsAttn	50.23208699421988	122	friends	02	005	s01e13b	
cortex_Limbic	19.673711739125075	60	friends	02	005	s01e13b	
cortex_SalVentAttn	42.878333548534314	121	friends	02	005	s01e13b	
cortex_SomMot	45.60631085744851	194	friends	02	005	s01e13b	
cortex_Vis	38.08161579553687	162	friends	02	005	s01e13b	
subcortex_CAU	31.35527059175974	8	friends	02	005	s01e13b	
subcortex_PUT	29.73938302367265	8	friends	02	005	s01e13b	
subcortex_THA	26.593774831560797	14	friends	02	005	s01e13b	
cerebellum	23.868730397530268	88	friends	02	006	s01e14a	
cortex_Cont	35.337906275295595	128	friends	02	006	s01e14a	
cortex_Default	34.04594284924246	209	friends	02	006	s01e14a	
cortex_DorsAttn	36.67813872133486	122	friends	02	006	s01e14a	
cortex_Limbic	17.130066366075123	60	friends	02	006	s01e14a	
cortex_SalVentAttn	37.56139537259721	121	friends	02	006	s01e14a	
cortex_SomMot	38.27883612612998	194	friends	02	006	s01e14a	
cortex_Vis	29.8678142190016	162	friends	02	006	s01e14a	
subcortex_CAU	29.65404873496666	8	friends	02	006	s01e14a	
subcortex_PUT	29.478915122867495	8	friends	02	006	s01e14a	
subcortex_THA	26.400641947558825	14	friends	02	006	s01e14a	
cerebellum	26.42550062102598	88	friends	02	006	s01e14b	
cortex_Cont	40.61773248572893	128	friends	02	006	s01e14b	
cortex_Default	37.82713866673418	209	friends	02	006	s01e14b	
cortex_DorsAttn	41.837868361747	122	friends	02	006	s01e14b	
cortex_Limbic	19.55322074975952	60	friends	02	006	s01e14b	
cortex_SalVentAttn	40.29276614300229	121	friends	02	006	s01e14b	
cortex_SomMot	40.41313114441007	194	friends	02	006	s01e14b	
cortex_Vis	33.9079773454175	162	friends	02	006	s01e14b	
subcortex_CAU	30.855661320336676	8	friends	02	006	s01e14b	
subcortex_PUT	30.06011126698875	8	friends	02	006	s01e14b	
subcortex_THA	26.521578003419187	14	friends	02	006	s01e14b	
cerebellum	30.111445923169537	88	friends	02	006	s01e15a	
cortex_Cont	46.77065170795045	128	friends	02	006	s01e15a	
cortex_Default	42.5221455224003	209	friends	02	006	s01e15a	
cortex_DorsAttn	49.80656757632933	122	friends	02	006	s01e15a	
cortex_Limbic	20.760738125586116	60	friends	02	006	s01e15a	
cortex_SalVentAttn	43.95687575143809	121	friends	02	006	s01e15a	
cortex_SomMot	46.055547194461234	194	friends	02	006	s01e15a	
cortex_Vis	39.53049051678364	162	friends	02	006	s01e15a	
subcortex_CAU	31.49330411497216	8	friends	02	006	s01e15a	
subcortex_PUT	30.3804578287599	8	friends	02	006	s01e15a	
subcortex_THA	27.355779095242244	14	friends	02	006	s01e15a	
cerebellum	29.269141507772176	88	friends	02	006	s01e15b	
cortex_Cont	44.86257992490222	128	friends	02	006	s01e15b	
cortex_Default	40.939688230211246	209	friends	02	006	s01e15b	
cortex_DorsAttn	48.10266111868801	122	friends	02	006	s01e15b	
cortex_Limbic	19.35993006060706	60	friends	02	006	s01e15b	
cortex_SalVentAttn	42.03048494943168	121	friends	02	006	s01e15b	
cortex_SomMot	44.06891598658151	194	friends	02	006	s01e15b	
cortex_Vis	37.913380440638704	162	friends	02	006	s01e15b	
subcortex_CAU	31.026133932392376	8	friends	02	006	s01e15b	
subcortex_PUT	29.861099192432086	8	friends	02	006	s01e15b	
subcortex_THA	26.749266831561734	14	friends	02	006	s01e15b	
cerebellum	25.976272483085733	88	friends	02	006	s01e16a	
cortex_Cont	41.40470527489576	128	friends	02	006	s01e16a	
cortex_Default	38.08547395896469	209	friends	02	006	s01e16a	
cortex_DorsAttn	42.665616171479435	122	friends	02	006	s01e16a	
cortex_Limbic	19.357443787865286	60	friends	02	006	s01e16a	
cortex_SalVentAttn	39.700409556791094	121	friends	02	006	s01e16a	
cortex_SomMot	40.865804374284444	194	friends	02	006	s01e16a	
cortex_Vis	32.97211149085364	162	friends	02	006	s01e16a	
subcortex_CAU	30.972173337990995	8	friends	02	006	s01e16a	
subcortex_PUT	29.811285065123677	8	friends	02	006	s01e16a	
subcortex_THA	25.594965513358236	14	friends	02	006	s01e16a	
cerebellum	27.762366073033323	88	friends	02	006	s01e16b	
cortex_Cont	41.96817183844752	128	friends	02	006	s01e16b	
cortex_Default	38.4492840498583	209	friends	02	006	s01e16b	
cortex_DorsAttn	44.84917600577368	122	friends	02	006	s01e16b	
cortex_Limbic	18.349182326476253	60	friends	02	006	s01e16b	
cortex_SalVentAttn	40.334687490912	121	friends	02	006	s01e16b	
cortex_SomMot	42.17192369267463	194	friends	02	006	s01e16b	
cortex_Vis	35.571326228009184	162	friends	02	006	s01e16b	
subcortex_CAU	30.148686924384066	8	friends	02	006	s01e16b	
subcortex_PUT	29.336675327686347	8	friends	02	006	s01e16b	
subcortex_THA	26.001379616458046	14	friends	02	006	s01e16b	
cerebellum	32.78507913857525	88	friends	02	007	s01e17a	
cortex_Cont	45.81127190233742	128	friends	02	007	s01e17a	
cortex_Default	42.21373051426327	209	friends	02	007	s01e17a	
cortex_DorsAttn	51.22141349185486	122	friends	02	007	s01e17a	
cortex_Limbic	19.305456168070464	60	friends	02	007	s01e17a	
cortex_SalVentAttn	43.99341552203373	121	friends	02	007	s01e17a	
cortex_SomMot	45.65308107207696	194	friends	02	007	s01e17a	
cortex_Vis	42.31258660289867	162	friends	02	007	s01e17a	
subcortex_CAU	31.82040575584001	8	friends	02	007	s01e17a	
subcortex_PUT	31.05903085551624	8	friends	02	007	s01e17a	
subcortex_THA	27.867801424472866	14	friends	02	007	s01e17a	
cerebellum	32.265435886850895	88	friends	02	007	s01e17b	
cortex_Cont	47.3687393582798	128	friends	02	007	s01e17b	
cortex_Default	43.18214817776897	209	friends	02	007	s01e17b	
cortex_DorsAttn	52.07846675543427	122	friends	02	007	s01e17b	
cortex_Limbic	20.145580767159743	60	friends	02	007	s01e17b	
cortex_SalVentAttn	44.33193823469862	121	friends	02	007	s01e17b	
cortex_SomMot	46.54453162461045	194	friends	02	007	s01e17b	
cortex_Vis	41.786018150636956	162	friends	02	007	s01e17b	
subcortex_CAU	31.94161395042926	8	friends	02	007	s01e17b	
subcortex_PUT	31.01340140098511	8	friends	02	007	s01e17b	
subcortex_THA	27.82766364999097	14	friends	02	007	s01e17b	
cerebellum	32.49350883421437	88	friends	02	007	s01e18a	
cortex_Cont	49.38423563988549	128	friends	02	007	s01e18a	
cortex_Default	44.657312333245116	209	friends	02	007	s01e18a	
cortex_DorsAttn	52.58414965716698	122	friends	02	007	s01e18a	
cortex_Limbic	21.122053721593247	60	friends	02	007	s01e18a	
cortex_SalVentAttn	45.545719685986754	121	friends	02	007	s01e18a	
cortex_SomMot	47.75097867592488	194	friends	02	007	s01e18a	
cortex_Vis	41.55869241407356	162	friends	02	007	s01e18a	
subcortex_CAU	32.34209091691447	8	friends	02	007	s01e18a	
subcortex_PUT	31.021824168672794	8	friends	02	007	s01e18a	
subcortex_THA	27.963640574181873	14	friends	02	007	s01e18a	
cerebellum	32.23902209873462	88	friends	02	007	s01e18b	
cortex_Cont	49.47126896478296	128	friends	02	007	s01e18b	
cortex_Default	44.96870906316519	209	friends	02	007	s01e18b	
cortex_DorsAttn	54.39848379075047	122	friends	02	007	s01e18b	
cortex_Limbic	20.6076639435145	60	friends	02	007	s01e18b	
cortex_SalVentAttn	45.88690381102238	121	friends	02	007	s01e18b	
cortex_SomMot	49.03768800729614	194	friends	02	007	s01e18b	
cortex_Vis	42.44856763752911	162	friends	02	007	s01e18b	
subcortex_CAU	32.79233405968695	8	friends	02	007	s01e18b	
subcortex_PUT	30.996116317497254	8	friends	02	007	s01e18b	
subcortex_THA	28.04247915972934	14	friends	02	007	s01e18b	
cerebellum	28.461946223680787	88	friends	02	008	s01e19a	
cortex_Cont	42.74050169572603	128	friends	02	008	s01e19a	
cortex_Default	39.091267249356584	209	friends	02	008	s01e19a	
cortex_DorsAttn	44.11379334207584	122	friends	02	008	s01e19a	
cortex_Limbic	19.550865259531744	60	friends	02	008	s01e19a	
cortex_SalVentAttn	42.12713824659076	121	friends	02	008	s01e19a	
cortex_SomMot	42.969074035595185	194	friends	02	008	s01e19a	
cortex_Vis	35.16643805763426	162	friends	02	008	s01e19a	
subcortex_CAU	31.995834839750767	8	friends	02	008	s01e19a	
subcortex_PUT	30.726699270768638	8	friends	02	008	s01e19a	
subcortex_THA	27.11521504856017	14	friends	02	008	s01e19a	
cerebellum	32.05639926197882	88	friends	02	008	s01e19b	
cortex_Cont	48.73473641626015	128	friends	02	008	s01e19b	
cortex_Default	43.820471474787574	209	friends	02	008	s01e19b	
cortex_DorsAttn	51.73627164734021	122	friends	02	008	s01e19b	
cortex_Limbic	20.932683837981116	60	friends	02	008	s01e19b	
cortex_SalVentAttn	45.33458954749757	121	friends	02	008	s01e19b	
cortex_SomMot	47.052084314137744	194	friends	02	008	s01e19b	
cortex_Vis	40.90018125551297	162	friends	02	008	s01e19b	
subcortex_CAU	32.44455161272881	8	friends	02	008	s01e19b	
subcortex_PUT	30.897896148081923	8	friends	02	008	s01e19b	
subcortex_THA	27.830916601446898	14	friends	02	008	s01e19b	
cerebellum	30.91199019740651	88	friends	02	008	s01e20a	
cortex_Cont	47.617717266187334	128	friends	02	008	s01e20a	
cortex_Default	42.812071992438625	209	friends	02	008	s01e20a	
cortex_DorsAttn	50.289450457202044	122	friends	02	008	s01e20a	
cortex_Limbic	20.621983279891978	60	friends	02	008	s01e20a	
cortex_SalVentAttn	44.37562234258021	121	friends	02	008	s01e20a	
cortex_SomMot	46.17542175260455	194	friends	02	008	s01e20a	
cortex_Vis	39.57639801702966	162	friends	02	008	s01e20a	
subcortex_CAU	31.906270301043484	8	friends	02	008	s01e20a	
subcortex_PUT	30.624128979689335	8	friends	02	008	s01e20a	
subcortex_THA	27.32815913796416	14	friends	02	008	s01e20a	
cerebellum	30.83221977298058	88	friends	02	008	s01e20b	
cortex_Cont	48.19151794128449	128	friends	02	008	s01e20b	
cortex_Default	43.20239730864062	209	friends	02	008	s01e20b	
cortex_DorsAttn	51.78039324383324	122	friends	02	008	s01e20b	
cortex_Limbic	20.891236635737023	60	friends	02	008	s01e20b	
cortex_SalVentAttn	44.91273353375737	121	friends	02	008	s01e20b	
cortex_SomMot	47.57512293787052	194	friends	02	008	s01e20b	
cortex_Vis	40.21623723871238	162	friends	02	008	s01e20b	
subcortex_CAU	31.787176800472906	8	friends	02	008	s01e20b	
subcortex_PUT	30.329819473808087	8	friends	02	008	s01e20b	
subcortex_THA	27.152814618582717	14	friends	02	008	s01e20b	
cerebellum	29.75590870165684	88	friends	02	008	s01e21a	
cortex_Cont	47.105963860918884	128	friends	02	008	s01e21a	
cortex_Default	42.126381363416094	209	friends	02	008	s01e21a	
cortex_DorsAttn	49.739355431863586	122	friends	02	008	s01e21a	
cortex_Limbic	20.09941935957941	60	friends	02	008	s01e21a	
cortex_SalVentAttn	44.151438858474215	121	friends	02	008	s01e21a	
cortex_SomMot	46.598379024186826	194	friends	02	008	s01e21a	
cortex_Vis	38.58714211207419	162	friends	02	008	s01e21a	
subcortex_CAU	31.446118170068658	8	friends	02	008	s01e21a	
subcortex_PUT	30.211238809735146	8	friends	02	008	s01e21a	
subcortex_THA	26.922737829916237	14	friends	02	008	s01e21a	
cerebellum	28.336758864003176	88	friends	02	008	s01e21b	
cortex_Cont	44.58582517423264	128	friends	02	008	s01e21b	
cortex_Default	40.22300213050352	209	friends	02	008	s01e21b	
cortex_DorsAttn	47.04131669795452	122	friends	02	008	s01e21b	
cortex_Limbic	19.56189186782434	60	friends	02	008	s01e21b	
cortex_SalVentAttn	42.7822528394434	121	friends	02	008	s01e21b	
cortex_SomMot	44.773516434106625	194	friends	02	008	s01e21b	
cortex_Vis	36.92195636501539	162	friends	02	008	s01e21b	
subcortex_CAU	30.998918207176043	8	friends	02	008	s01e21b	
subcortex_PUT	29.85638752400912	8	friends	02	008	s01e21b	
subcortex_THA	26.59739568763521	14	friends	02	008	s01e21b	
cerebellum	31.425317981520607	88	friends	02	009	s01e22a	
cortex_Cont	44.674399082924914	128	friends	02	009	s01e22a	
cortex_Default	40.615310072248555	209	friends	02	009	s01e22a	
cortex_DorsAttn	48.783592905272684	122	friends	02	009	s01e22a	
cortex_Limbic	20.007029358839418	60	friends	02	009	s01e22a	
cortex_SalVentAttn	43.034129909439805	121	friends	02	009	s01e22a	
cortex_SomMot	44.456868149201384	194	friends	02	009	s01e22a	
cortex_Vis	39.57813907880305	162	friends	02	009	s01e22a	
subcortex_CAU	32.04038527534816	8	friends	02	009	s01e22a	
subcortex_PUT	31.01221704845674	8	friends	02	009	s01e22a	
subcortex_THA	27.70840630476848	14	friends	02	009	s01e22a	
cerebellum	32.54194064960701	88	friends	02	009	s01e22b	
cortex_Cont	48.94655196641742	128	friends	02	009	s01e22b	
cortex_Default	43.73165420966299	209	friends	02	009	s01e22b	
cortex_DorsAttn	52.97563513920962	122	friends	02	009	s01e22b	
cortex_Limbic	20.9849838061677	60	friends	02	009	s01e22b	
cortex_SalVentAttn	46.2316555403456	121	friends	02	009	s01e22b	
cortex_SomMot	48.86220444637198	194	friends	02	009	s01e22b	
cortex_Vis	41.233711394709495	162	friends	02	009	s01e22b	
subcortex_CAU	32.46155493375355	8	friends	02	009	s01e22b	
subcortex_PUT	31.218351886948785	8	friends	02	009	s01e22b	
subcortex_THA	27.897035006038063	14	friends	02	009	s01e22b	
cerebellum	32.157848542229495	88	friends	02	009	s01e23a	
cortex_Cont	48.195433447907476	128	friends	02	009	s01e23a	
cortex_Default	42.82102161851469	209	friends	02	009	s01e23a	
cortex_DorsAttn	52.25325547059055	122	friends	02	009	s01e23a	
cortex_Limbic	20.665891460268863	60	friends	02	009	s01e23a	
cortex_SalVentAttn	45.233392724096134	121	friends	02	009	s01e23a	
cortex_SomMot	48.16749973821179	194	friends	02	009	s01e23a	
cortex_Vis	40.8199088921958	162	friends	02	009	s01e23a	
subcortex_CAU	32.11025075255925	8	friends	02	009	s01e23a	
subcortex_PUT	30.751165171474838	8	friends	02	009	s01e23a	
subcortex_THA	27.61635011981694	14	friends	02	009	s01e23a	
cerebellum	33.16754561199322	88	friends	02	009	s01e23b	
cortex_Cont	50.03377021238238	128	friends	02	009	s01e23b	
cortex_Default	44.086778809774096	209	friends	02	009	s01e23b	
cortex_DorsAttn	54.74895851530187	122	friends	02	009	s01e23b	
cortex_Limbic	21.043225539660536	60	friends	02	009	s01e23b	
cortex_SalVentAttn	45.98019489955355	121	friends	02	009	s01e23b	
cortex_SomMot	49.98797706547723	194	friends	02	009	s01e23b	
cortex_Vis	42.27381613843503	162	friends	02	009	s01e23b	
subcortex_CAU	32.456425994369795	8	friends	02	009	s01e23b	
subcortex_PUT	30.84814506049369	8	friends	02	009	s01e23b	
subcortex_THA	27.642604323602118	14	friends	02	009	s01e23b	
cerebellum	33.072632716297214	88	friends	02	009	s01e24a	
cortex_Cont	50.335148692249916	128	friends	02	009	s01e24a	
cortex_Default	44.300938937366304	209	friends	02	009	s01e24a	
cortex_DorsAttn	55.27270188958098	122	friends	02	009	s01e24a	
cortex_Limbic	21.342422540709197	60	friends	02	009	s01e24a	
cortex_SalVentAttn	45.98734073662783	121	friends	02	009	s01e24a	
cortex_SomMot	50.168292786666115	194	friends	02	009	s01e24a	
cortex_Vis	42.27614495018823	162	friends	02	009	s01e24a	
subcortex_CAU	31.896176412101983	8	friends	02	009	s01e24a	
subcortex_PUT	30.448409553096457	8	friends	02	009	s01e24a	
subcortex_THA	27.38207373288189	14	friends	02	009	s01e24a	
cerebellum	31.420024667532303	88	friends	02	009	s01e24b	
cortex_Cont	48.36862415116066	128	friends	02	009	s01e24b	
cortex_Default	42.3885106368632	209	friends	02	009	s01e24b	
cortex_DorsAttn	52.81339584900749	122	friends	02	009	s01e24b	
cortex_Limbic	20.563441424081393	60	friends	02	009	s01e24b	
cortex_SalVentAttn	44.66106755220751	121	friends	02	009	s01e24b	
cortex_SomMot	48.274320618690936	194	friends	02	009	s01e24b	
cortex_Vis	40.09164944674086	162	friends	02	009	s01e24b	
subcortex_CAU	31.59371265253432	8	friends	02	009	s01e24b	
subcortex_PUT	30.225228283671964	8	friends	02	009	s01e24b	
subcortex_THA	26.895337025851212	14	friends	02	009	s01e24b	
cerebellum	27.87031637211404	88	friends	02	010	s02e01a	
cortex_Cont	41.98982702072208	128	friends	02	010	s02e01a	
cortex_Default	38.659591353041506	209	friends	02	010	s02e01a	
cortex_DorsAttn	43.98813851703405	122	friends	02	010	s02e01a	
cortex_Limbic	19.538210570831215	60	friends	02	010	s02e01a	
cortex_SalVentAttn	42.78875980877108	121	friends	02	010	s02e01a	
cortex_SomMot	43.8241025930415	194	friends	02	010	s02e01a	
cortex_Vis	34.93640178790898	162	friends	02	010	s02e01a	
subcortex_CAU	31.632256137120287	8	friends	02	010	s02e01a	
subcortex_PUT	30.44481805392529	8	friends	02	010	s02e01a	
subcortex_THA	27.09176436387064	14	friends	02	010	s02e01a	
cerebellum	29.364443251847128	88	friends	02	010	s02e01b	
cortex_Cont	43.7067943178124	128	friends	02	010	s02e01b	
cortex_Default	39.730853601917495	209	friends	02	010	s02e01b	
cortex_DorsAttn	50.198930449665525	122	friends	02	010	s02e01b	
cortex_Limbic	19.06893162364918	60	friends	02	010	s02e01b	
cortex_SalVentAttn	42.91455252189725	121	friends	02	010	s02e01b	
cortex_SomMot	45.958218778439274	194	friends	02	010	s02e01b	
cortex_Vis	38.595753690639214	162	friends	02	010	s02e01b	
subcortex_CAU	31.201888916787357	8	friends	02	010	s02e01b	
subcortex_PUT	30.249374127085144	8	friends	02	010	s02e01b	
subcortex_THA	27.25163957767766	14	friends	02	010	s02e01b	
cerebellum	31.658208490946063	88	friends	02	010	s02e02a	
cortex_Cont	44.64934400142384	128	friends	02	010	s02e02a	
cortex_Default	40.601153019293896	209	friends	02	010	s02e02a	
cortex_DorsAttn	50.2806498999054	122	friends	02	010	s02e02a	
cortex_Limbic	19.53754348566299	60	friends	02	010	s02e02a	
cortex_SalVentAttn	42.895195054174	121	friends	02	010	s02e02a	
cortex_SomMot	45.26365782413041	194	friends	02	010	s02e02a	
cortex_Vis	40.089460744921645	162	friends	02	010	s02e02a	
subcortex_CAU	31.25334273003929	8	friends	02	010	s02e02a	
subcortex_PUT	30.27439847509524	8	friends	02	010	s02e02a	
subcortex_THA	27.308282039986143	14	friends	02	010	s02e02a	
cerebellum	30.202410553353346	88	friends	02	010	s02e02b	
cortex_Cont	43.79356382828291	128	friends	02	010	s02e02b	
cortex_Default	39.10786506966466	209	friends	02	010	s02e02b	
cortex_DorsAttn	49.75083967893821	122	friends	02	010	s02e02b	
cortex_Limbic	19.113180111452923	60	friends	02	010	s02e02b	
cortex_SalVentAttn	41.748423813205925	121	friends	02	010	s02e02b	
cortex_SomMot	44.334859833919154	194	friends	02	010	s02e02b	
cortex_Vis	39.70146563869143	162	friends	02	010	s02e02b	
subcortex_CAU	30.95514861391935	8	friends	02	010	s02e02b	
subcortex_PUT	29.922222806447596	8	friends	02	010	s02e02b	
subcortex_THA	26.625375037760623	14	friends	02	010	s02e02b	
cerebellum	31.50710816701026	88	friends	02	010	s02e03a	
cortex_Cont	46.94925107349794	128	friends	02	010	s02e03a	
cortex_Default	42.10113524523967	209	friends	02	010	s02e03a	
cortex_DorsAttn	51.10289788520154	122	friends	02	010	s02e03a	
cortex_Limbic	20.59677455775453	60	friends	02	010	s02e03a	
cortex_SalVentAttn	44.23848592338449	121	friends	02	010	s02e03a	
cortex_SomMot	46.98651721949553	194	friends	02	010	s02e03a	
cortex_Vis	39.71184910075384	162	friends	02	010	s02e03a	
subcortex_CAU	31.62026287350904	8	friends	02	010	s02e03a	
subcortex_PUT	30.493710669448213	8	friends	02	010	s02e03a	
subcortex_THA	27.20262723926419	14	friends	02	010	s02e03a	
cerebellum	27.917516707913844	88	friends	02	010	s02e03b	
cortex_Cont	41.32548883563474	128	friends	02	010	s02e03b	
cortex_Default	37.60597659077343	209	friends	02	010	s02e03b	
cortex_DorsAttn	45.14296628893927	122	friends	02	010	s02e03b	
cortex_Limbic	19.40658854219407	60	friends	02	010	s02e03b	
cortex_SalVentAttn	40.02875670840106	121	friends	02	010	s02e03b	
cortex_SomMot	42.018597802513426	194	friends	02	010	s02e03b	
cortex_Vis	35.28771258135673	162	friends	02	010	s02e03b	
subcortex_CAU	30.65861293412115	8	friends	02	010	s02e03b	
subcortex_PUT	29.73528417864723	8	friends	02	010	s02e03b	
subcortex_THA	26.01461567907906	14	friends	02	010	s02e03b	
cerebellum	26.328055486143466	88	friends	02	011	s02e04a	
cortex_Cont	39.84352218067092	128	friends	02	011	s02e04a	
cortex_Default	36.407370408263134	209	friends	02	011	s02e04a	
cortex_DorsAttn	41.90376383574777	122	friends	02	011	s02e04a	
cortex_Limbic	18.446531896217103	60	friends	02	011	s02e04a	
cortex_SalVentAttn	40.42158215668677	121	friends	02	011	s02e04a	
cortex_SomMot	41.678680180942266	194	friends	02	011	s02e04a	
cortex_Vis	33.28526122205817	162	friends	02	011	s02e04a	
subcortex_CAU	31.38253786165139	8	friends	02	011	s02e04a	
subcortex_PUT	30.690478932496593	8	friends	02	011	s02e04a	
subcortex_THA	26.602466197435717	14	friends	02	011	s02e04a	
cerebellum	31.36777645407128	88	friends	02	011	s02e04b	
cortex_Cont	47.15605246399051	128	friends	02	011	s02e04b	
cortex_Default	42.09867016725009	209	friends	02	011	s02e04b	
cortex_DorsAttn	52.05685315609616	122	friends	02	011	s02e04b	
cortex_Limbic	19.901367769769113	60	friends	02	011	s02e04b	
cortex_SalVentAttn	44.60467957342427	121	friends	02	011	s02e04b	
cortex_SomMot	47.44226966325392	194	friends	02	011	s02e04b	
cortex_Vis	40.8154614025221	162	friends	02	011	s02e04b	
subcortex_CAU	32.23508998053944	8	friends	02	011	s02e04b	
subcortex_PUT	31.092420270660245	8	friends	02	011	s02e04b	
subcortex_THA	27.577145527617148	14	friends	02	011	s02e04b	
cerebellum	31.327036296486757	88	friends	02	011	s02e05b	
cortex_Cont	46.49500328586481	128	friends	02	011	s02e05b	
cortex_Default	41.63083314603842	209	friends	02	011	s02e05b	
cortex_DorsAttn	51.563125858122646	122	friends	02	011	s02e05b	
cortex_Limbic	20.250361869611	60	friends	02	011	s02e05b	
cortex_SalVentAttn	43.81339070892651	121	friends	02	011	s02e05b	
cortex_SomMot	46.14876734273373	194	friends	02	011	s02e05b	
cortex_Vis	40.29838593179922	162	friends	02	011	s02e05b	
subcortex_CAU	31.672072598402785	8	friends	02	011	s02e05b	
subcortex_PUT	30.489583643243087	8	friends	02	011	s02e05b	
subcortex_THA	27.199813142697614	14	friends	02	011	s02e05b	
cerebellum	29.724862158417015	88	friends	02	011	s02e06a	
cortex_Cont	43.778644425546574	128	friends	02	011	s02e06a	
cortex_Default	39.34960368445038	209	friends	02	011	s02e06a	
cortex_DorsAttn	48.648031597484135	122	friends	02	011	s02e06a	
cortex_Limbic	19.463844106982368	60	friends	02	011	s02e06a	
cortex_SalVentAttn	41.9048389162047	121	friends	02	011	s02e06a	
cortex_SomMot	44.41366128301017	194	friends	02	011	s02e06a	
cortex_Vis	38.68777681234672	162	friends	02	011	s02e06a	
subcortex_CAU	31.115265309943556	8	friends	02	011	s02e06a	
subcortex_PUT	30.024882784988286	8	friends	02	011	s02e06a	
subcortex_THA	26.67507622899234	14	friends	02	011	s02e06a	
cerebellum	29.707889767201717	88	friends	02	011	s02e06b	
cortex_Cont	43.73137441377928	128	friends	02	011	s02e06b	
cortex_Default	39.17412120369614	209	friends	02	011	s02e06b	
cortex_DorsAttn	48.453169308836046	122	friends	02	011	s02e06b	
cortex_Limbic	18.75846405061027	60	friends	02	011	s02e06b	
cortex_SalVentAttn	41.97389983080875	121	friends	02	011	s02e06b	
cortex_SomMot	44.51175483068419	194	friends	02	011	s02e06b	
cortex_Vis	37.74816002272778	162	friends	02	011	s02e06b	
subcortex_CAU	30.768956842636005	8	friends	02	011	s02e06b	
subcortex_PUT	29.834124155710875	8	friends	02	011	s02e06b	
subcortex_THA	26.535236517401735	14	friends	02	011	s02e06b	
cerebellum	22.764146752971776	88	friends	02	012	s02e07a	
cortex_Cont	35.774973688229814	128	friends	02	012	s02e07a	
cortex_Default	33.73974802366116	209	friends	02	012	s02e07a	
cortex_DorsAttn	35.46460213213938	122	friends	02	012	s02e07a	
cortex_Limbic	17.981764301421403	60	friends	02	012	s02e07a	
cortex_SalVentAttn	36.95907335245343	121	friends	02	012	s02e07a	
cortex_SomMot	36.83674511282861	194	friends	02	012	s02e07a	
cortex_Vis	28.878846598588165	162	friends	02	012	s02e07a	
subcortex_CAU	30.654673694411233	8	friends	02	012	s02e07a	
subcortex_PUT	29.59763239098039	8	friends	02	012	s02e07a	
subcortex_THA	25.847610512070254	14	friends	02	012	s02e07a	
cerebellum	30.281820942390755	88	friends	02	012	s02e07b	
cortex_Cont	45.93200546332533	128	friends	02	012	s02e07b	
cortex_Default	41.74548257010505	209	friends	02	012	s02e07b	
cortex_DorsAttn	50.69536976497499	122	friends	02	012	s02e07b	
cortex_Limbic	20.586182044450492	60	friends	02	012	s02e07b	
cortex_SalVentAttn	43.3704986371458	121	friends	02	012	s02e07b	
cortex_SomMot	45.444398026590584	194	friends	02	012	s02e07b	
cortex_Vis	40.26088088381973	162	friends	02	012	s02e07b	
subcortex_CAU	31.65327147303218	8	friends	02	012	s02e07b	
subcortex_PUT	30.30827263528999	8	friends	02	012	s02e07b	
subcortex_THA	27.334386450672532	14	friends	02	012	s02e07b	
cerebellum	29.785645893384764	88	friends	02	012	s02e08a	
cortex_Cont	45.21634459200267	128	friends	02	012	s02e08a	
cortex_Default	41.32722749861372	209	friends	02	012	s02e08a	
cortex_DorsAttn	49.55952838202209	122	friends	02	012	s02e08a	
cortex_Limbic	19.824515630590614	60	friends	02	012	s02e08a	
cortex_SalVentAttn	42.86722149784248	121	friends	02	012	s02e08a	
cortex_SomMot	45.604425670753606	194	friends	02	012	s02e08a	
cortex_Vis	39.2539941661444	162	friends	02	012	s02e08a	
subcortex_CAU	31.402568420771043	8	friends	02	012	s02e08a	
subcortex_PUT	30.48799102548756	8	friends	02	012	s02e08a	
subcortex_THA	26.83338958581743	14	friends	02	012	s02e08a	
cerebellum	28.083302047077677	88	friends	02	012	s02e08b	
cortex_Cont	43.264557338241	128	friends	02	012	s02e08b	
cortex_Default	39.5729814202455	209	friends	02	012	s02e08b	
cortex_DorsAttn	46.56040349480739	122	friends	02	012	s02e08b	
cortex_Limbic	20.02271911517194	60	friends	02	012	s02e08b	
cortex_SalVentAttn	40.991260640379544	121	friends	02	012	s02e08b	
cortex_SomMot	42.76118739384556	194	friends	02	012	s02e08b	
cortex_Vis	36.534107308557985	162	friends	02	012	s02e08b	
subcortex_CAU	31.1225476720664	8	friends	02	012	s02e08b	
subcortex_PUT	29.993180966872142	8	friends	02	012	s02e08b	
subcortex_THA	26.636160848794276	14	friends	02	012	s02e08b	
cerebellum	26.504746814772428	88	friends	02	012	s02e09a	
cortex_Cont	39.80229673586592	128	friends	02	012	s02e09a	
cortex_Default	36.87377058101309	209	friends	02	012	s02e09a	
cortex_DorsAttn	42.347688746315164	122	friends	02	012	s02e09a	
cortex_Limbic	18.717694314079907	60	friends	02	012	s02e09a	
cortex_SalVentAttn	38.4173604363159	121	friends	02	012	s02e09a	
cortex_SomMot	39.7131662638314	194	friends	02	012	s02e09a	
cortex_Vis	33.31221956403176	162	friends	02	012	s02e09a	
subcortex_CAU	29.70448442522496	8	friends	02	012	s02e09a	
subcortex_PUT	29.304248708436198	8	friends	02	012	s02e09a	
subcortex_THA	25.950456131558834	14	friends	02	012	s02e09a	
cerebellum	21.841868237903018	88	friends	02	012	s02e09b	
cortex_Cont	34.643867978827664	128	friends	02	012	s02e09b	
cortex_Default	32.24713192698915	209	friends	02	012	s02e09b	
cortex_DorsAttn	34.83905261700777	122	friends	02	012	s02e09b	
cortex_Limbic	17.584659977262945	60	friends	02	012	s02e09b	
cortex_SalVentAttn	34.348708734860516	121	friends	02	012	s02e09b	
cortex_SomMot	34.26066473896789	194	friends	02	012	s02e09b	
cortex_Vis	27.56089920393154	162	friends	02	012	s02e09b	
subcortex_CAU	28.891453364935913	8	friends	02	012	s02e09b	
subcortex_PUT	28.6041025599284	8	friends	02	012	s02e09b	
subcortex_THA	24.06383873371224	14	friends	02	012	s02e09b	
cerebellum	22.256969839531596	88	friends	02	013	s02e10a	
cortex_Cont	35.908039294640325	128	friends	02	013	s02e10a	
cortex_Default	32.77240240802341	209	friends	02	013	s02e10a	
cortex_DorsAttn	35.668532427169225	122	friends	02	013	s02e10a	
cortex_Limbic	17.20054696436964	60	friends	02	013	s02e10a	
cortex_SalVentAttn	37.62568486122311	121	friends	02	013	s02e10a	
cortex_SomMot	37.95731987603537	194	friends	02	013	s02e10a	
cortex_Vis	27.783202524547633	162	friends	02	013	s02e10a	
subcortex_CAU	30.71880743895911	8	friends	02	013	s02e10a	
subcortex_PUT	30.126472352723503	8	friends	02	013	s02e10a	
subcortex_THA	25.69067368434037	14	friends	02	013	s02e10a	
cerebellum	22.585894549877064	88	friends	02	013	s02e10b	
cortex_Cont	36.37533825797903	128	friends	02	013	s02e10b	
cortex_Default	33.73928910873299	209	friends	02	013	s02e10b	
cortex_DorsAttn	37.58319396132968	122	friends	02	013	s02e10b	
cortex_Limbic	17.36035731249966	60	friends	02	013	s02e10b	
cortex_SalVentAttn	38.39580337616864	121	friends	02	013	s02e10b	
cortex_SomMot	39.97559512573621	194	friends	02	013	s02e10b	
cortex_Vis	29.311289121974628	162	friends	02	013	s02e10b	
subcortex_CAU	30.680257398738526	8	friends	02	013	s02e10b	
subcortex_PUT	29.67527771779602	8	friends	02	013	s02e10b	
subcortex_THA	26.382385598947526	14	friends	02	013	s02e10b	
cerebellum	28.134621918421395	88	friends	02	013	s02e11a	
cortex_Cont	46.39964419586178	128	friends	02	013	s02e11a	
cortex_Default	41.53927399140254	209	friends	02	013	s02e11a	
cortex_DorsAttn	48.9114619058543	122	friends	02	013	s02e11a	
cortex_Limbic	20.89998708423715	60	friends	02	013	s02e11a	
cortex_SalVentAttn	43.769114461085245	121	friends	02	013	s02e11a	
cortex_SomMot	45.459592978043396	194	friends	02	013	s02e11a	
cortex_Vis	37.467292827887675	162	friends	02	013	s02e11a	
subcortex_CAU	32.38309124799507	8	friends	02	013	s02e11a	
subcortex_PUT	30.59845942787492	8	friends	02	013	s02e11a	
subcortex_THA	27.371197215626704	14	friends	02	013	s02e11a	
cerebellum	25.75224957215585	88	friends	02	013	s02e11b	
cortex_Cont	43.691331594417946	128	friends	02	013	s02e11b	
cortex_Default	39.171962395368986	209	friends	02	013	s02e11b	
cortex_DorsAttn	45.805869612173645	122	friends	02	013	s02e11b	
cortex_Limbic	19.874003821579457	60	friends	02	013	s02e11b	
cortex_SalVentAttn	41.640473650600626	121	friends	02	013	s02e11b	
cortex_SomMot	43.13399908451185	194	friends	02	013	s02e11b	
cortex_Vis	34.58907505822628	162	friends	02	013	s02e11b	
subcortex_CAU	31.55673719952763	8	friends	02	013	s02e11b	
subcortex_PUT	29.843055044312063	8	friends	02	013	s02e11b	
subcortex_THA	26.5616664871725	14	friends	02	013	s02e11b	
cerebellum	27.108216662421103	88	friends	02	013	s02e12a	
cortex_Cont	41.460151626742864	128	friends	02	013	s02e12a	
cortex_Default	37.9567068419722	209	friends	02	013	s02e12a	
cortex_DorsAttn	44.378989242303014	122	friends	02	013	s02e12a	
cortex_Limbic	19.374266147574815	60	friends	02	013	s02e12a	
cortex_SalVentAttn	40.4916587069883	121	friends	02	013	s02e12a	
cortex_SomMot	42.56438277254854	194	friends	02	013	s02e12a	
cortex_Vis	35.123873328313536	162	friends	02	013	s02e12a	
subcortex_CAU	31.205871973608943	8	friends	02	013	s02e12a	
subcortex_PUT	29.920437501515433	8	friends	02	013	s02e12a	
subcortex_THA	26.69074550169395	14	friends	02	013	s02e12a	
cerebellum	26.088578570612185	88	friends	02	013	s02e12b	
cortex_Cont	41.91329643818917	128	friends	02	013	s02e12b	
cortex_Default	38.23835005357236	209	friends	02	013	s02e12b	
cortex_DorsAttn	45.07595985552482	122	friends	02	013	s02e12b	
cortex_Limbic	19.594334161036663	60	friends	02	013	s02e12b	
cortex_SalVentAttn	40.92063831078015	121	friends	02	013	s02e12b	
cortex_SomMot	42.853695704587686	194	friends	02	013	s02e12b	
cortex_Vis	34.45433820694478	162	friends	02	013	s02e12b	
subcortex_CAU	31.082212304171225	8	friends	02	013	s02e12b	
subcortex_PUT	29.525208705217782	8	friends	02	013	s02e12b	
subcortex_THA	26.5106822880685	14	friends	02	013	s02e12b	
cerebellum	24.66510420743378	88	friends	02	013	s02e13a	
cortex_Cont	40.721710438482	128	friends	02	013	s02e13a	
cortex_Default	36.939428989192	209	friends	02	013	s02e13a	
cortex_DorsAttn	43.098985050518024	122	friends	02	013	s02e13a	
cortex_Limbic	18.97484780649444	60	friends	02	013	s02e13a	
cortex_SalVentAttn	40.345288909433364	121	friends	02	013	s02e13a	
cortex_SomMot	42.23622589301283	194	friends	02	013	s02e13a	
cortex_Vis	32.0709384697085	162	friends	02	013	s02e13a	
subcortex_CAU	31.220286441659006	8	friends	02	013	s02e13a	
subcortex_PUT	29.585164244529604	8	friends	02	013	s02e13a	
subcortex_THA	26.310982322676455	14	friends	02	013	s02e13a	
cerebellum	24.898289895190295	88	friends	02	013	s02e13b	
cortex_Cont	40.6794024013104	128	friends	02	013	s02e13b	
cortex_Default	36.53579247694349	209	friends	02	013	s02e13b	
cortex_DorsAttn	42.568860805639744	122	friends	02	013	s02e13b	
cortex_Limbic	18.603041151461195	60	friends	02	013	s02e13b	
cortex_SalVentAttn	39.028460740055046	121	friends	02	013	s02e13b	
cortex_SomMot	41.22399531418852	194	friends	02	013	s02e13b	
cortex_Vis	32.07203356346405	162	friends	02	013	s02e13b	
subcortex_CAU	30.16902461339626	8	friends	02	013	s02e13b	
subcortex_PUT	29.191413552594007	8	friends	02	013	s02e13b	
subcortex_THA	25.76945968337018	14	friends	02	013	s02e13b	
cerebellum	21.545349035021854	88	friends	02	014	s02e14a	
cortex_Cont	33.13950897457999	128	friends	02	014	s02e14a	
cortex_Default	30.841996355500005	209	friends	02	014	s02e14a	
cortex_DorsAttn	35.12122726445123	122	friends	02	014	s02e14a	
cortex_Limbic	15.732440453172092	60	friends	02	014	s02e14a	
cortex_SalVentAttn	35.45867777271844	121	friends	02	014	s02e14a	
cortex_SomMot	37.48936715893154	194	friends	02	014	s02e14a	
cortex_Vis	27.655471110624585	162	friends	02	014	s02e14a	
subcortex_CAU	28.341246307258526	8	friends	02	014	s02e14a	
subcortex_PUT	28.941754710835795	8	friends	02	014	s02e14a	
subcortex_THA	25.330648948850374	14	friends	02	014	s02e14a	
cerebellum	29.146398703373528	88	friends	02	014	s02e14b	
cortex_Cont	46.6929071578013	128	friends	02	014	s02e14b	
cortex_Default	41.80194809242038	209	friends	02	014	s02e14b	
cortex_DorsAttn	51.13887506471547	122	friends	02	014	s02e14b	
cortex_Limbic	19.776650846066353	60	friends	02	014	s02e14b	
cortex_SalVentAttn	45.00489481980932	121	friends	02	014	s02e14b	
cortex_SomMot	48.453693683487714	194	friends	02	014	s02e14b	
cortex_Vis	39.18816301683676	162	friends	02	014	s02e14b	
subcortex_CAU	32.26227583002831	8	friends	02	014	s02e14b	
subcortex_PUT	30.774734694493958	8	friends	02	014	s02e14b	
subcortex_THA	27.868268997161266	14	friends	02	014	s02e14b	
cerebellum	28.385846684519098	88	friends	02	014	s02e15b	
cortex_Cont	46.00633401753187	128	friends	02	014	s02e15b	
cortex_Default	41.323638582585076	209	friends	02	014	s02e15b	
cortex_DorsAttn	50.003607628089284	122	friends	02	014	s02e15b	
cortex_Limbic	20.02211185125457	60	friends	02	014	s02e15b	
cortex_SalVentAttn	44.023612469816996	121	friends	02	014	s02e15b	
cortex_SomMot	46.67195022911419	194	friends	02	014	s02e15b	
cortex_Vis	38.76517422254268	162	friends	02	014	s02e15b	
subcortex_CAU	32.07840000611626	8	friends	02	014	s02e15b	
subcortex_PUT	30.486432486614106	8	friends	02	014	s02e15b	
subcortex_THA	27.7794807167625	14	friends	02	014	s02e15b	
cerebellum	27.805335170984804	88	friends	02	015	s02e16a	
cortex_Cont	40.655075517914725	128	friends	02	015	s02e16a	
cortex_Default	36.4511694611609	209	friends	02	015	s02e16a	
cortex_DorsAttn	45.06995317615085	122	friends	02	015	s02e16a	
cortex_Limbic	17.453343469780126	60	friends	02	015	s02e16a	
cortex_SalVentAttn	40.64690146503397	121	friends	02	015	s02e16a	
cortex_SomMot	42.324812741409495	194	friends	02	015	s02e16a	
cortex_Vis	33.34403178630534	162	friends	02	015	s02e16a	
subcortex_CAU	31.304818873199793	8	friends	02	015	s02e16a	
subcortex_PUT	30.184032186037882	8	friends	02	015	s02e16a	
subcortex_THA	27.21347242204377	14	friends	02	015	s02e16a	
cerebellum	34.57053280885599	88	friends	02	015	s02e16b	
cortex_Cont	50.65728992417441	128	friends	02	015	s02e16b	
cortex_Default	43.83092107087612	209	friends	02	015	s02e16b	
cortex_DorsAttn	56.34531888890835	122	friends	02	015	s02e16b	
cortex_Limbic	20.02076810605081	60	friends	02	015	s02e16b	
cortex_SalVentAttn	46.27380670868363	121	friends	02	015	s02e16b	
cortex_SomMot	49.855879817272104	194	friends	02	015	s02e16b	
cortex_Vis	42.80169094443678	162	friends	02	015	s02e16b	
subcortex_CAU	33.31336741224765	8	friends	02	015	s02e16b	
subcortex_PUT	30.779413049947053	8	friends	02	015	s02e16b	
subcortex_THA	27.530900256983575	14	friends	02	015	s02e16b	
cerebellum	30.702247770017337	88	friends	02	015	s02e17a	
cortex_Cont	45.99198792477297	128	friends	02	015	s02e17a	
cortex_Default	40.23280819503833	209	friends	02	015	s02e17a	
cortex_DorsAttn	52.324635167716764	122	friends	02	015	s02e17a	
cortex_Limbic	18.538766566159982	60	friends	02	015	s02e17a	
cortex_SalVentAttn	43.206714666975245	121	friends	02	015	s02e17a	
cortex_SomMot	46.075033728555155	194	friends	02	015	s02e17a	
cortex_Vis	38.209862474364904	162	friends	02	015	s02e17a	
subcortex_CAU	31.952159439792386	8	friends	02	015	s02e17a	
subcortex_PUT	29.90808001937664	8	friends	02	015	s02e17a	
subcortex_THA	26.61533285878048	14	friends	02	015	s02e17a	
cerebellum	32.57715449550865	88	friends	02	015	s02e17b	
cortex_Cont	45.9060934521139	128	friends	02	015	s02e17b	
cortex_Default	40.64734159823091	209	friends	02	015	s02e17b	
cortex_DorsAttn	50.94411771312082	122	friends	02	015	s02e17b	
cortex_Limbic	19.340629981601754	60	friends	02	015	s02e17b	
cortex_SalVentAttn	43.5582901369013	121	friends	02	015	s02e17b	
cortex_SomMot	45.77544628614184	194	friends	02	015	s02e17b	
cortex_Vis	39.540695870301164	162	friends	02	015	s02e17b	
subcortex_CAU	32.661849189653985	8	friends	02	015	s02e17b	
subcortex_PUT	30.190226301035338	8	friends	02	015	s02e17b	
subcortex_THA	27.166571371777426	14	friends	02	015	s02e17b	
cerebellum	32.98565861880562	88	friends	02	015	s02e18a	
cortex_Cont	48.83306668738928	128	friends	02	015	s02e18a	
cortex_Default	42.48342181185984	209	friends	02	015	s02e18a	
cortex_DorsAttn	53.65973594207155	122	friends	02	015	s02e18a	
cortex_Limbic	19.45574279251886	60	friends	02	015	s02e18a	
cortex_SalVentAttn	44.767014708247444	121	friends	02	015	s02e18a	
cortex_SomMot	47.0162597537304	194	friends	02	015	s02e18a	
cortex_Vis	40.0748098736659	162	friends	02	015	s02e18a	
subcortex_CAU	32.70103682838181	8	friends	02	015	s02e18a	
subcortex_PUT	30.30186532722159	8	friends	02	015	s02e18a	
subcortex_THA	27.235732887692222	14	friends	02	015	s02e18a	
cerebellum	30.033637189419604	88	friends	02	015	s02e18b	
cortex_Cont	46.45303896001544	128	friends	02	015	s02e18b	
cortex_Default	40.11059868806846	209	friends	02	015	s02e18b	
cortex_DorsAttn	50.22280301771189	122	friends	02	015	s02e18b	
cortex_Limbic	19.349361520485267	60	friends	02	015	s02e18b	
cortex_SalVentAttn	43.30936779540142	121	friends	02	015	s02e18b	
cortex_SomMot	46.15741275328089	194	friends	02	015	s02e18b	
cortex_Vis	36.14671710750746	162	friends	02	015	s02e18b	
subcortex_CAU	32.154867321204854	8	friends	02	015	s02e18b	
subcortex_PUT	29.763737307427814	8	friends	02	015	s02e18b	
subcortex_THA	26.414391912092224	14	friends	02	015	s02e18b	
cerebellum	26.708285905354682	88	friends	02	016	s02e19a	
cortex_Cont	40.48969528710038	128	friends	02	016	s02e19a	
cortex_Default	37.25226501008953	209	friends	02	016	s02e19a	
cortex_DorsAttn	43.022418457126385	122	friends	02	016	s02e19a	
cortex_Limbic	18.94503546231579	60	friends	02	016	s02e19a	
cortex_SalVentAttn	41.49677535003278	121	friends	02	016	s02e19a	
cortex_SomMot	43.5941386689438	194	friends	02	016	s02e19a	
cortex_Vis	33.47470677555911	162	friends	02	016	s02e19a	
subcortex_CAU	32.00042732762654	8	friends	02	016	s02e19a	
subcortex_PUT	30.75221623160799	8	friends	02	016	s02e19a	
subcortex_THA	27.215361347395625	14	friends	02	016	s02e19a	
cerebellum	31.33126500309821	88	friends	02	016	s02e19b	
cortex_Cont	47.41244493752164	128	friends	02	016	s02e19b	
cortex_Default	41.80172174220559	209	friends	02	016	s02e19b	
cortex_DorsAttn	51.219850691455775	122	friends	02	016	s02e19b	
cortex_Limbic	20.788979413417007	60	friends	02	016	s02e19b	
cortex_SalVentAttn	44.89324303012208	121	friends	02	016	s02e19b	
cortex_SomMot	47.60910777855156	194	friends	02	016	s02e19b	
cortex_Vis	40.153231681990896	162	friends	02	016	s02e19b	
subcortex_CAU	33.04329969051983	8	friends	02	016	s02e19b	
subcortex_PUT	31.517669984531295	8	friends	02	016	s02e19b	
subcortex_THA	27.852707368418926	14	friends	02	016	s02e19b	
cerebellum	28.324827851412632	88	friends	02	016	s02e20a	
cortex_Cont	46.15995384397659	128	friends	02	016	s02e20a	
cortex_Default	40.75364526684908	209	friends	02	016	s02e20a	
cortex_DorsAttn	48.377061157649244	122	friends	02	016	s02e20a	
cortex_Limbic	19.952016503606913	60	friends	02	016	s02e20a	
cortex_SalVentAttn	43.649723591459605	121	friends	02	016	s02e20a	
cortex_SomMot	46.777480335893756	194	friends	02	016	s02e20a	
cortex_Vis	36.29423158007607	162	friends	02	016	s02e20a	
subcortex_CAU	32.61704252047513	8	friends	02	016	s02e20a	
subcortex_PUT	31.158310142794	8	friends	02	016	s02e20a	
subcortex_THA	27.13837283626347	14	friends	02	016	s02e20a	
cerebellum	32.083342282179906	88	friends	02	016	s02e20b	
cortex_Cont	50.95648857112064	128	friends	02	016	s02e20b	
cortex_Default	45.00041569777536	209	friends	02	016	s02e20b	
cortex_DorsAttn	55.12373527874525	122	friends	02	016	s02e20b	
cortex_Limbic	21.62471406054134	60	friends	02	016	s02e20b	
cortex_SalVentAttn	46.77896125331129	121	friends	02	016	s02e20b	
cortex_SomMot	50.68856452576192	194	friends	02	016	s02e20b	
cortex_Vis	41.62635963261775	162	friends	02	016	s02e20b	
subcortex_CAU	33.30413112065256	8	friends	02	016	s02e20b	
subcortex_PUT	31.331011876559284	8	friends	02	016	s02e20b	
subcortex_THA	27.774951378443102	14	friends	02	016	s02e20b	
cerebellum	22.61276577847466	88	friends	02	017	s02e21a	
cortex_Cont	34.663494967867244	128	friends	02	017	s02e21a	
cortex_Default	32.300776434095525	209	friends	02	017	s02e21a	
cortex_DorsAttn	35.681419616459344	122	friends	02	017	s02e21a	
cortex_Limbic	16.463643807994725	60	friends	02	017	s02e21a	
cortex_SalVentAttn	36.15557020834056	121	friends	02	017	s02e21a	
cortex_SomMot	36.884358748083486	194	friends	02	017	s02e21a	
cortex_Vis	29.379158789227905	162	friends	02	017	s02e21a	
subcortex_CAU	29.68363668316391	8	friends	02	017	s02e21a	
subcortex_PUT	29.09783504909826	8	friends	02	017	s02e21a	
subcortex_THA	24.980435778879393	14	friends	02	017	s02e21a	
cerebellum	28.229563150432128	88	friends	02	017	s02e21b	
cortex_Cont	44.17809022089366	128	friends	02	017	s02e21b	
cortex_Default	39.83822922149185	209	friends	02	017	s02e21b	
cortex_DorsAttn	50.08030673244185	122	friends	02	017	s02e21b	
cortex_Limbic	19.030864859657843	60	friends	02	017	s02e21b	
cortex_SalVentAttn	42.029580973995124	121	friends	02	017	s02e21b	
cortex_SomMot	45.239260790013965	194	friends	02	017	s02e21b	
cortex_Vis	38.41425335452623	162	friends	02	017	s02e21b	
subcortex_CAU	31.398937772987857	8	friends	02	017	s02e21b	
subcortex_PUT	29.96828252622452	8	friends	02	017	s02e21b	
subcortex_THA	26.695012229548862	14	friends	02	017	s02e21b	
cerebellum	28.154611222164586	88	friends	02	017	s02e22a	
cortex_Cont	45.58170160943523	128	friends	02	017	s02e22a	
cortex_Default	40.66534162881527	209	friends	02	017	s02e22a	
cortex_DorsAttn	48.1931947223079	122	friends	02	017	s02e22a	
cortex_Limbic	19.411288478445822	60	friends	02	017	s02e22a	
cortex_SalVentAttn	42.579022080061605	121	friends	02	017	s02e22a	
cortex_SomMot	44.57607812994335	194	friends	02	017	s02e22a	
cortex_Vis	37.25976252405094	162	friends	02	017	s02e22a	
subcortex_CAU	31.6473890184958	8	friends	02	017	s02e22a	
subcortex_PUT	29.75401806079361	8	friends	02	017	s02e22a	
subcortex_THA	25.93884933634948	14	friends	02	017	s02e22a	
cerebellum	25.813111659536936	88	friends	02	017	s02e22b	
cortex_Cont	43.08475480446768	128	friends	02	017	s02e22b	
cortex_Default	38.598410712260964	209	friends	02	017	s02e22b	
cortex_DorsAttn	45.15980754741966	122	friends	02	017	s02e22b	
cortex_Limbic	19.327038453070614	60	friends	02	017	s02e22b	
cortex_SalVentAttn	40.428038365270076	121	friends	02	017	s02e22b	
cortex_SomMot	42.419058669469834	194	friends	02	017	s02e22b	
cortex_Vis	34.5511823682947	162	friends	02	017	s02e22b	
subcortex_CAU	31.34927944048104	8	friends	02	017	s02e22b	
subcortex_PUT	29.977470901048875	8	friends	02	017	s02e22b	
subcortex_THA	25.835043978323544	14	friends	02	017	s02e22b	
cerebellum	29.36581426531058	88	friends	02	017	s02e23a	
cortex_Cont	45.36870878723135	128	friends	02	017	s02e23a	
cortex_Default	40.7182154959907	209	friends	02	017	s02e23a	
cortex_DorsAttn	50.010402990555505	122	friends	02	017	s02e23a	
cortex_Limbic	19.474602109792627	60	friends	02	017	s02e23a	
cortex_SalVentAttn	42.93219140163566	121	friends	02	017	s02e23a	
cortex_SomMot	45.30960650963481	194	friends	02	017	s02e23a	
cortex_Vis	38.654796951838165	162	friends	02	017	s02e23a	
subcortex_CAU	31.664097491218723	8	friends	02	017	s02e23a	
subcortex_PUT	30.000737975361048	8	friends	02	017	s02e23a	
subcortex_THA	26.758853481611585	14	friends	02	017	s02e23a	
cerebellum	27.402394054136916	88	friends	02	017	s02e23b	
cortex_Cont	43.632862159774014	128	friends	02	017	s02e23b	
cortex_Default	39.558622245870716	209	friends	02	017	s02e23b	
cortex_DorsAttn	46.11260034295053	122	friends	02	017	s02e23b	
cortex_Limbic	19.720722655947178	60	friends	02	017	s02e23b	
cortex_SalVentAttn	42.06826985347508	121	friends	02	017	s02e23b	
cortex_SomMot	44.34784801841398	194	friends	02	017	s02e23b	
cortex_Vis	36.02590992702608	162	friends	02	017	s02e23b	
subcortex_CAU	31.898477390285283	8	friends	02	017	s02e23b	
subcortex_PUT	30.065490570081717	8	friends	02	017	s02e23b	
subcortex_THA	26.557493385910796	14	friends	02	017	s02e23b	
cerebellum	27.37590484465053	88	friends	02	017	s02e24a	
cortex_Cont	41.61725575278655	128	friends	02	017	s02e24a	
cortex_Default	37.706478611397834	209	friends	02	017	s02e24a	
cortex_DorsAttn	44.206011883256686	122	friends	02	017	s02e24a	
cortex_Limbic	19.021694899484523	60	friends	02	017	s02e24a	
cortex_SalVentAttn	39.86310909466295	121	friends	02	017	s02e24a	
cortex_SomMot	41.16369339246529	194	friends	02	017	s02e24a	
cortex_Vis	34.920874708768665	162	friends	02	017	s02e24a	
subcortex_CAU	31.387444182716322	8	friends	02	017	s02e24a	
subcortex_PUT	29.516804304693977	8	friends	02	017	s02e24a	
subcortex_THA	25.96931197933871	14	friends	02	017	s02e24a	
cerebellum	27.30624118047167	88	friends	02	017	s02e24b	
cortex_Cont	42.24056751841674	128	friends	02	017	s02e24b	
cortex_Default	37.95611400221577	209	friends	02	017	s02e24b	
cortex_DorsAttn	45.92746432201299	122	friends	02	017	s02e24b	
cortex_Limbic	18.948975135933473	60	friends	02	017	s02e24b	
cortex_SalVentAttn	40.143653394312146	121	friends	02	017	s02e24b	
cortex_SomMot	42.026828494451976	194	friends	02	017	s02e24b	
cortex_Vis	35.2695423225114	162	friends	02	017	s02e24b	
subcortex_CAU	31.069217891146533	8	friends	02	017	s02e24b	
subcortex_PUT	29.39851580862327	8	friends	02	017	s02e24b	
subcortex_THA	25.6298824538515	14	friends	02	017	s02e24b	
cerebellum	23.001069641656876	88	friends	02	018	s03e01a	
cortex_Cont	35.90645185056019	128	friends	02	018	s03e01a	
cortex_Default	32.45071199372391	209	friends	02	018	s03e01a	
cortex_DorsAttn	37.73170603709448	122	friends	02	018	s03e01a	
cortex_Limbic	15.774684347873935	60	friends	02	018	s03e01a	
cortex_SalVentAttn	37.1216626921787	121	friends	02	018	s03e01a	
cortex_SomMot	37.72439453679789	194	friends	02	018	s03e01a	
cortex_Vis	28.208127502841034	162	friends	02	018	s03e01a	
subcortex_CAU	31.182326087547555	8	friends	02	018	s03e01a	
subcortex_PUT	29.473345261152524	8	friends	02	018	s03e01a	
subcortex_THA	25.556774313117813	14	friends	02	018	s03e01a	
cerebellum	28.842033941083557	88	friends	02	018	s03e01b	
cortex_Cont	46.44984695044691	128	friends	02	018	s03e01b	
cortex_Default	40.86611249580191	209	friends	02	018	s03e01b	
cortex_DorsAttn	50.21158744246481	122	friends	02	018	s03e01b	
cortex_Limbic	17.949597135772276	60	friends	02	018	s03e01b	
cortex_SalVentAttn	43.39200782382273	121	friends	02	018	s03e01b	
cortex_SomMot	45.0798632036029	194	friends	02	018	s03e01b	
cortex_Vis	37.346333789425394	162	friends	02	018	s03e01b	
subcortex_CAU	32.83737931934622	8	friends	02	018	s03e01b	
subcortex_PUT	30.20617896737278	8	friends	02	018	s03e01b	
subcortex_THA	26.977971330151796	14	friends	02	018	s03e01b	
cerebellum	26.336780566862878	88	friends	02	018	s03e02a	
cortex_Cont	43.08501357565033	128	friends	02	018	s03e02a	
cortex_Default	38.54739089673451	209	friends	02	018	s03e02a	
cortex_DorsAttn	44.53177046217938	122	friends	02	018	s03e02a	
cortex_Limbic	17.474143952651566	60	friends	02	018	s03e02a	
cortex_SalVentAttn	40.649629161045574	121	friends	02	018	s03e02a	
cortex_SomMot	41.3377691771286	194	friends	02	018	s03e02a	
cortex_Vis	33.74852025113127	162	friends	02	018	s03e02a	
subcortex_CAU	32.084269088144595	8	friends	02	018	s03e02a	
subcortex_PUT	29.814586991737073	8	friends	02	018	s03e02a	
subcortex_THA	25.85983904542809	14	friends	02	018	s03e02a	
cerebellum	29.691090058920622	88	friends	02	018	s03e02b	
cortex_Cont	47.8973962252124	128	friends	02	018	s03e02b	
cortex_Default	42.191930205850525	209	friends	02	018	s03e02b	
cortex_DorsAttn	52.395122711123385	122	friends	02	018	s03e02b	
cortex_Limbic	18.64140569150716	60	friends	02	018	s03e02b	
cortex_SalVentAttn	44.266532857497666	121	friends	02	018	s03e02b	
cortex_SomMot	46.984340706300124	194	friends	02	018	s03e02b	
cortex_Vis	38.77017030160361	162	friends	02	018	s03e02b	
subcortex_CAU	32.55499915229727	8	friends	02	018	s03e02b	
subcortex_PUT	30.08298726822012	8	friends	02	018	s03e02b	
subcortex_THA	26.899719675564818	14	friends	02	018	s03e02b	
cerebellum	22.814183854931024	88	friends	02	018	s03e03a	
cortex_Cont	35.489282053966434	128	friends	02	018	s03e03a	
cortex_Default	33.294684604861445	209	friends	02	018	s03e03a	
cortex_DorsAttn	36.2338988384417	122	friends	02	018	s03e03a	
cortex_Limbic	17.50944257370601	60	friends	02	018	s03e03a	
cortex_SalVentAttn	36.974349735825285	121	friends	02	018	s03e03a	
cortex_SomMot	37.65656752816996	194	friends	02	018	s03e03a	
cortex_Vis	28.903044917536903	162	friends	02	018	s03e03a	
subcortex_CAU	30.585821630383634	8	friends	02	018	s03e03a	
subcortex_PUT	29.607641944717457	8	friends	02	018	s03e03a	
subcortex_THA	25.58252936946076	14	friends	02	018	s03e03a	
cerebellum	30.06651710189675	88	friends	02	018	s03e03b	
cortex_Cont	48.80447313379498	128	friends	02	018	s03e03b	
cortex_Default	43.30711389033698	209	friends	02	018	s03e03b	
cortex_DorsAttn	53.21746282670062	122	friends	02	018	s03e03b	
cortex_Limbic	21.10863733539852	60	friends	02	018	s03e03b	
cortex_SalVentAttn	44.73956497723177	121	friends	02	018	s03e03b	
cortex_SomMot	48.382287821255716	194	friends	02	018	s03e03b	
cortex_Vis	40.55871874371157	162	friends	02	018	s03e03b	
subcortex_CAU	31.73023405791542	8	friends	02	018	s03e03b	
subcortex_PUT	29.98813425980739	8	friends	02	018	s03e03b	
subcortex_THA	26.96357432271024	14	friends	02	018	s03e03b	
cerebellum	22.433507271173966	88	friends	02	018	s03e04a	
cortex_Cont	38.89553717946061	128	friends	02	018	s03e04a	
cortex_Default	35.72175516491372	209	friends	02	018	s03e04a	
cortex_DorsAttn	36.66355441754392	122	friends	02	018	s03e04a	
cortex_Limbic	19.149313972828136	60	friends	02	018	s03e04a	
cortex_SalVentAttn	37.010794635627406	121	friends	02	018	s03e04a	
cortex_SomMot	36.936942685927995	194	friends	02	018	s03e04a	
cortex_Vis	29.57851840255146	162	friends	02	018	s03e04a	
subcortex_CAU	30.575151053257134	8	friends	02	018	s03e04a	
subcortex_PUT	29.156359259873618	8	friends	02	018	s03e04a	
subcortex_THA	25.08890863843706	14	friends	02	018	s03e04a	
cerebellum	26.155719465038207	88	friends	02	018	s03e04b	
cortex_Cont	43.635033060732944	128	friends	02	018	s03e04b	
cortex_Default	39.46045004963769	209	friends	02	018	s03e04b	
cortex_DorsAttn	45.48358381392504	122	friends	02	018	s03e04b	
cortex_Limbic	20.12270394739319	60	friends	02	018	s03e04b	
cortex_SalVentAttn	40.81362487497908	121	friends	02	018	s03e04b	
cortex_SomMot	42.79483283165201	194	friends	02	018	s03e04b	
cortex_Vis	35.881922736015085	162	friends	02	018	s03e04b	
subcortex_CAU	31.555623025282426	8	friends	02	018	s03e04b	
subcortex_PUT	29.711945810174168	8	friends	02	018	s03e04b	
subcortex_THA	26.01869715557112	14	friends	02	018	s03e04b	
cerebellum	28.174128196854916	88	friends	02	019	s03e05a	
cortex_Cont	36.67317106259808	128	friends	02	019	s03e05a	
cortex_Default	34.447813645798476	209	friends	02	019	s03e05a	
cortex_DorsAttn	39.602996185718496	122	friends	02	019	s03e05a	
cortex_Limbic	16.77610632964465	60	friends	02	019	s03e05a	
cortex_SalVentAttn	36.923671661622286	121	friends	02	019	s03e05a	
cortex_SomMot	37.600066860485015	194	friends	02	019	s03e05a	
cortex_Vis	33.01193114185515	162	friends	02	019	s03e05a	
subcortex_CAU	29.073643195870414	8	friends	02	019	s03e05a	
subcortex_PUT	29.130081779321564	8	friends	02	019	s03e05a	
subcortex_THA	25.26427757211434	14	friends	02	019	s03e05a	
cerebellum	28.086324798260726	88	friends	02	019	s03e05b	
cortex_Cont	39.40796031796775	128	friends	02	019	s03e05b	
cortex_Default	35.92370385509241	209	friends	02	019	s03e05b	
cortex_DorsAttn	42.96959449800485	122	friends	02	019	s03e05b	
cortex_Limbic	17.85237583645436	60	friends	02	019	s03e05b	
cortex_SalVentAttn	37.85618074352859	121	friends	02	019	s03e05b	
cortex_SomMot	39.5124274132298	194	friends	02	019	s03e05b	
cortex_Vis	34.86465800726433	162	friends	02	019	s03e05b	
subcortex_CAU	29.959150140616714	8	friends	02	019	s03e05b	
subcortex_PUT	29.420884529851065	8	friends	02	019	s03e05b	
subcortex_THA	25.454077261699062	14	friends	02	019	s03e05b	
cerebellum	26.33319328773531	88	friends	02	019	s03e06a	
cortex_Cont	39.26518467541234	128	friends	02	019	s03e06a	
cortex_Default	35.75581982493793	209	friends	02	019	s03e06a	
cortex_DorsAttn	40.2824822975059	122	friends	02	019	s03e06a	
cortex_Limbic	17.48737010577387	60	friends	02	019	s03e06a	
cortex_SalVentAttn	39.27176160137998	121	friends	02	019	s03e06a	
cortex_SomMot	40.45096129188934	194	friends	02	019	s03e06a	
cortex_Vis	31.521363102092295	162	friends	02	019	s03e06a	
subcortex_CAU	30.320143449080287	8	friends	02	019	s03e06a	
subcortex_PUT	29.52788194750338	8	friends	02	019	s03e06a	
subcortex_THA	25.731680568957213	14	friends	02	019	s03e06a	
cerebellum	32.10416142970024	88	friends	02	019	s03e07a	
cortex_Cont	46.913482498803745	128	friends	02	019	s03e07a	
cortex_Default	41.88765127523747	209	friends	02	019	s03e07a	
cortex_DorsAttn	51.816171133039425	122	friends	02	019	s03e07a	
cortex_Limbic	19.43402291845823	60	friends	02	019	s03e07a	
cortex_SalVentAttn	43.821412883323426	121	friends	02	019	s03e07a	
cortex_SomMot	47.00615292715989	194	friends	02	019	s03e07a	
cortex_Vis	40.394443820875104	162	friends	02	019	s03e07a	
subcortex_CAU	31.12818674850971	8	friends	02	019	s03e07a	
subcortex_PUT	29.712605675668065	8	friends	02	019	s03e07a	
subcortex_THA	26.37790946883109	14	friends	02	019	s03e07a	
cerebellum	23.111218045117564	88	friends	02	020	s03e08a	
cortex_Cont	34.388422021402334	128	friends	02	020	s03e08a	
cortex_Default	32.890277117580254	209	friends	02	020	s03e08a	
cortex_DorsAttn	35.57327722054176	122	friends	02	020	s03e08a	
cortex_Limbic	16.209375256075173	60	friends	02	020	s03e08a	
cortex_SalVentAttn	36.079704492997855	121	friends	02	020	s03e08a	
cortex_SomMot	36.52342451515976	194	friends	02	020	s03e08a	
cortex_Vis	29.28787897131317	162	friends	02	020	s03e08a	
subcortex_CAU	29.78343822231848	8	friends	02	020	s03e08a	
subcortex_PUT	29.638095969229276	8	friends	02	020	s03e08a	
subcortex_THA	25.957409695647904	14	friends	02	020	s03e08a	
cerebellum	27.48571331264561	88	friends	02	020	s03e08b	
cortex_Cont	44.14983650371226	128	friends	02	020	s03e08b	
cortex_Default	40.76934326097364	209	friends	02	020	s03e08b	
cortex_DorsAttn	46.70453874845266	122	friends	02	020	s03e08b	
cortex_Limbic	20.492215583529475	60	friends	02	020	s03e08b	
cortex_SalVentAttn	42.79967422187548	121	friends	02	020	s03e08b	
cortex_SomMot	44.469678796533664	194	friends	02	020	s03e08b	
cortex_Vis	37.05242778188162	162	friends	02	020	s03e08b	
subcortex_CAU	31.586146096277197	8	friends	02	020	s03e08b	
subcortex_PUT	30.64805593834787	8	friends	02	020	s03e08b	
subcortex_THA	27.137130531331515	14	friends	02	020	s03e08b	
cerebellum	26.169783265978502	88	friends	02	020	s03e09a	
cortex_Cont	41.52940300315507	128	friends	02	020	s03e09a	
cortex_Default	39.010187233126544	209	friends	02	020	s03e09a	
cortex_DorsAttn	43.947979015877905	122	friends	02	020	s03e09a	
cortex_Limbic	19.209157119881883	60	friends	02	020	s03e09a	
cortex_SalVentAttn	41.28041590510535	121	friends	02	020	s03e09a	
cortex_SomMot	42.77107801019872	194	friends	02	020	s03e09a	
cortex_Vis	35.045163327771746	162	friends	02	020	s03e09a	
subcortex_CAU	31.996009314716215	8	friends	02	020	s03e09a	
subcortex_PUT	30.45254703643447	8	friends	02	020	s03e09a	
subcortex_THA	27.4285378925098	14	friends	02	020	s03e09a	
cerebellum	26.935266543601323	88	friends	02	020	s03e09b	
cortex_Cont	44.23017016594963	128	friends	02	020	s03e09b	
cortex_Default	40.72450190138301	209	friends	02	020	s03e09b	
cortex_DorsAttn	46.87156314719108	122	friends	02	020	s03e09b	
cortex_Limbic	19.535809612051597	60	friends	02	020	s03e09b	
cortex_SalVentAttn	41.86204173449494	121	friends	02	020	s03e09b	
cortex_SomMot	43.77584034607903	194	friends	02	020	s03e09b	
cortex_Vis	37.721266078008746	162	friends	02	020	s03e09b	
subcortex_CAU	31.383738969927528	8	friends	02	020	s03e09b	
subcortex_PUT	30.34078916769231	8	friends	02	020	s03e09b	
subcortex_THA	26.73348708016112	14	friends	02	020	s03e09b	
cerebellum	28.748515282705167	88	friends	02	020	s03e10a	
cortex_Cont	45.49547856015226	128	friends	02	020	s03e10a	
cortex_Default	42.05569050481913	209	friends	02	020	s03e10a	
cortex_DorsAttn	50.715012480718876	122	friends	02	020	s03e10a	
cortex_Limbic	20.530841562945845	60	friends	02	020	s03e10a	
cortex_SalVentAttn	43.03442592935094	121	friends	02	020	s03e10a	
cortex_SomMot	45.84877378131455	194	friends	02	020	s03e10a	
cortex_Vis	40.29630281988617	162	friends	02	020	s03e10a	
subcortex_CAU	31.55855358599447	8	friends	02	020	s03e10a	
subcortex_PUT	30.45337383687799	8	friends	02	020	s03e10a	
subcortex_THA	27.0372271878048	14	friends	02	020	s03e10a	
cerebellum	26.282084507745115	88	friends	02	020	s03e10b	
cortex_Cont	42.8991157822281	128	friends	02	020	s03e10b	
cortex_Default	39.65159527133198	209	friends	02	020	s03e10b	
cortex_DorsAttn	46.14713673797713	122	friends	02	020	s03e10b	
cortex_Limbic	19.585152819266156	60	friends	02	020	s03e10b	
cortex_SalVentAttn	41.21056093141719	121	friends	02	020	s03e10b	
cortex_SomMot	43.11359067028101	194	friends	02	020	s03e10b	
cortex_Vis	36.41069855124056	162	friends	02	020	s03e10b	
subcortex_CAU	30.988997371745167	8	friends	02	020	s03e10b	
subcortex_PUT	29.990266633363344	8	friends	02	020	s03e10b	
subcortex_THA	26.22023707595349	14	friends	02	020	s03e10b	
cerebellum	29.25542324356928	88	friends	02	021	s03e11a	
cortex_Cont	42.67297126604034	128	friends	02	021	s03e11a	
cortex_Default	38.24626874870641	209	friends	02	021	s03e11a	
cortex_DorsAttn	44.31329277068847	122	friends	02	021	s03e11a	
cortex_Limbic	17.575952348241866	60	friends	02	021	s03e11a	
cortex_SalVentAttn	40.7056158313192	121	friends	02	021	s03e11a	
cortex_SomMot	40.89148656691657	194	friends	02	021	s03e11a	
cortex_Vis	34.35300192142618	162	friends	02	021	s03e11a	
subcortex_CAU	30.820360073054403	8	friends	02	021	s03e11a	
subcortex_PUT	29.527678333935697	8	friends	02	021	s03e11a	
subcortex_THA	25.84381679578601	14	friends	02	021	s03e11a	
cerebellum	25.787612995525993	88	friends	02	021	s03e11b	
cortex_Cont	37.34956169969093	128	friends	02	021	s03e11b	
cortex_Default	33.61836984356022	209	friends	02	021	s03e11b	
cortex_DorsAttn	40.32430502573984	122	friends	02	021	s03e11b	
cortex_Limbic	16.428321143650837	60	friends	02	021	s03e11b	
cortex_SalVentAttn	36.36469531448482	121	friends	02	021	s03e11b	
cortex_SomMot	36.96623910734052	194	friends	02	021	s03e11b	
cortex_Vis	30.041359456305482	162	friends	02	021	s03e11b	
subcortex_CAU	29.31190389750806	8	friends	02	021	s03e11b	
subcortex_PUT	27.979046774929113	8	friends	02	021	s03e11b	
subcortex_THA	23.927608219322376	14	friends	02	021	s03e11b	
cerebellum	24.072212308063193	88	friends	02	022	s03e12a	
cortex_Cont	37.509535019901215	128	friends	02	022	s03e12a	
cortex_Default	34.57322567668468	209	friends	02	022	s03e12a	
cortex_DorsAttn	38.031175117304365	122	friends	02	022	s03e12a	
cortex_Limbic	18.07042230600653	60	friends	02	022	s03e12a	
cortex_SalVentAttn	38.40853052912278	121	friends	02	022	s03e12a	
cortex_SomMot	37.94222363035469	194	friends	02	022	s03e12a	
cortex_Vis	29.949875463410073	162	friends	02	022	s03e12a	
subcortex_CAU	30.98064574730204	8	friends	02	022	s03e12a	
subcortex_PUT	30.23443464742105	8	friends	02	022	s03e12a	
subcortex_THA	25.693899735216096	14	friends	02	022	s03e12a	
cerebellum	27.076597062073688	88	friends	02	022	s03e12b	
cortex_Cont	42.788154882215196	128	friends	02	022	s03e12b	
cortex_Default	38.76961637026161	209	friends	02	022	s03e12b	
cortex_DorsAttn	45.869910897981164	122	friends	02	022	s03e12b	
cortex_Limbic	18.94318482996062	60	friends	02	022	s03e12b	
cortex_SalVentAttn	42.15704298087599	121	friends	02	022	s03e12b	
cortex_SomMot	43.59384905584169	194	friends	02	022	s03e12b	
cortex_Vis	35.5948619106632	162	friends	02	022	s03e12b	
subcortex_CAU	31.80080250623874	8	friends	02	022	s03e12b	
subcortex_PUT	30.619136568152445	8	friends	02	022	s03e12b	
subcortex_THA	26.91184858586971	14	friends	02	022	s03e12b	
cerebellum	26.255709575545087	88	friends	02	022	s03e13a	
cortex_Cont	41.526452485427995	128	friends	02	022	s03e13a	
cortex_Default	37.943016248182175	209	friends	02	022	s03e13a	
cortex_DorsAttn	42.88034956746119	122	friends	02	022	s03e13a	
cortex_Limbic	18.746383339143755	60	friends	02	022	s03e13a	
cortex_SalVentAttn	40.963965682034555	121	friends	02	022	s03e13a	
cortex_SomMot	42.03204111786064	194	friends	02	022	s03e13a	
cortex_Vis	33.523179877458944	162	friends	02	022	s03e13a	
subcortex_CAU	31.34423759369048	8	friends	02	022	s03e13a	
subcortex_PUT	30.61790291648459	8	friends	02	022	s03e13a	
subcortex_THA	26.61075007460568	14	friends	02	022	s03e13a	
cerebellum	29.058913464700606	88	friends	02	022	s03e13b	
cortex_Cont	43.27954261187973	128	friends	02	022	s03e13b	
cortex_Default	39.36273697231048	209	friends	02	022	s03e13b	
cortex_DorsAttn	47.15329903540287	122	friends	02	022	s03e13b	
cortex_Limbic	19.33761978847836	60	friends	02	022	s03e13b	
cortex_SalVentAttn	42.12411215181156	121	friends	02	022	s03e13b	
cortex_SomMot	43.86052103804805	194	friends	02	022	s03e13b	
cortex_Vis	37.033546442649246	162	friends	02	022	s03e13b	
subcortex_CAU	32.19791605646875	8	friends	02	022	s03e13b	
subcortex_PUT	30.601613035388908	8	friends	02	022	s03e13b	
subcortex_THA	27.21478603543802	14	friends	02	022	s03e13b	
cerebellum	29.292695617763933	88	friends	02	022	s03e14a	
cortex_Cont	44.19875017721224	128	friends	02	022	s03e14a	
cortex_Default	39.78501891316526	209	friends	02	022	s03e14a	
cortex_DorsAttn	48.70704288337931	122	friends	02	022	s03e14a	
cortex_Limbic	19.538862536846867	60	friends	02	022	s03e14a	
cortex_SalVentAttn	42.685173046168025	121	friends	02	022	s03e14a	
cortex_SomMot	44.71754964157984	194	friends	02	022	s03e14a	
cortex_Vis	37.70296192467521	162	friends	02	022	s03e14a	
subcortex_CAU	31.83036848778955	8	friends	02	022	s03e14a	
subcortex_PUT	30.220339680237533	8	friends	02	022	s03e14a	
subcortex_THA	26.631858598770993	14	friends	02	022	s03e14a	
cerebellum	28.113936209386523	88	friends	02	022	s03e14b	
cortex_Cont	43.658697424532086	128	friends	02	022	s03e14b	
cortex_Default	39.32259330471763	209	friends	02	022	s03e14b	
cortex_DorsAttn	45.58190444425731	122	friends	02	022	s03e14b	
cortex_Limbic	19.622843910644473	60	friends	02	022	s03e14b	
cortex_SalVentAttn	42.213726106162326	121	friends	02	022	s03e14b	
cortex_SomMot	43.32223447591312	194	friends	02	022	s03e14b	
cortex_Vis	35.60190145101204	162	friends	02	022	s03e14b	
subcortex_CAU	32.19965977223014	8	friends	02	022	s03e14b	
subcortex_PUT	30.415986666872108	8	friends	02	022	s03e14b	
subcortex_THA	26.796761903256343	14	friends	02	022	s03e14b	
cerebellum	29.144636414673837	88	friends	02	023	s03e15a	
cortex_Cont	38.63776227927089	128	friends	02	023	s03e15a	
cortex_Default	36.4042579862893	209	friends	02	023	s03e15a	
cortex_DorsAttn	42.377803481185246	122	friends	02	023	s03e15a	
cortex_Limbic	18.000147803491977	60	friends	02	023	s03e15a	
cortex_SalVentAttn	39.01371763485814	121	friends	02	023	s03e15a	
cortex_SomMot	39.85248627840796	194	friends	02	023	s03e15a	
cortex_Vis	35.318336946589085	162	friends	02	023	s03e15a	
subcortex_CAU	30.091957133192054	8	friends	02	023	s03e15a	
subcortex_PUT	30.02677944726139	8	friends	02	023	s03e15a	
subcortex_THA	26.406463796170524	14	friends	02	023	s03e15a	
cerebellum	28.33448687913132	88	friends	02	023	s03e15b	
cortex_Cont	43.51152501099418	128	friends	02	023	s03e15b	
cortex_Default	39.7072070617925	209	friends	02	023	s03e15b	
cortex_DorsAttn	44.94095162006399	122	friends	02	023	s03e15b	
cortex_Limbic	19.83198662661149	60	friends	02	023	s03e15b	
cortex_SalVentAttn	41.55822693224252	121	friends	02	023	s03e15b	
cortex_SomMot	42.36678042184687	194	friends	02	023	s03e15b	
cortex_Vis	35.90676633923986	162	friends	02	023	s03e15b	
subcortex_CAU	31.207752381950247	8	friends	02	023	s03e15b	
subcortex_PUT	30.316385160982684	8	friends	02	023	s03e15b	
subcortex_THA	26.530477319574082	14	friends	02	023	s03e15b	
cerebellum	28.529774954958803	88	friends	02	023	s03e16a	
cortex_Cont	42.900824622204766	128	friends	02	023	s03e16a	
cortex_Default	39.55357830117084	209	friends	02	023	s03e16a	
cortex_DorsAttn	45.6526890969265	122	friends	02	023	s03e16a	
cortex_Limbic	19.699977672882017	60	friends	02	023	s03e16a	
cortex_SalVentAttn	41.558279880837915	121	friends	02	023	s03e16a	
cortex_SomMot	43.125350497992905	194	friends	02	023	s03e16a	
cortex_Vis	36.73217735935951	162	friends	02	023	s03e16a	
subcortex_CAU	31.17318452811133	8	friends	02	023	s03e16a	
subcortex_PUT	30.36686549107113	8	friends	02	023	s03e16a	
subcortex_THA	26.693891662582526	14	friends	02	023	s03e16a	
cerebellum	31.42842030844653	88	friends	02	023	s03e16b	
cortex_Cont	44.47308302335117	128	friends	02	023	s03e16b	
cortex_Default	40.469211190544705	209	friends	02	023	s03e16b	
cortex_DorsAttn	49.651110915117236	122	friends	02	023	s03e16b	
cortex_Limbic	20.122685660463397	60	friends	02	023	s03e16b	
cortex_SalVentAttn	42.35405544246559	121	friends	02	023	s03e16b	
cortex_SomMot	44.40125399489754	194	friends	02	023	s03e16b	
cortex_Vis	40.10884681914789	162	friends	02	023	s03e16b	
subcortex_CAU	31.223288264623097	8	friends	02	023	s03e16b	
subcortex_PUT	30.10173215236392	8	friends	02	023	s03e16b	
subcortex_THA	26.814967596545436	14	friends	02	023	s03e16b	
cerebellum	31.439733445625926	88	friends	02	023	s03e17a	
cortex_Cont	45.85817333048371	128	friends	02	023	s03e17a	
cortex_Default	41.88971463280383	209	friends	02	023	s03e17a	
cortex_DorsAttn	49.512606167771416	122	friends	02	023	s03e17a	
cortex_Limbic	20.816680230884852	60	friends	02	023	s03e17a	
cortex_SalVentAttn	42.97879887987669	121	friends	02	023	s03e17a	
cortex_SomMot	44.80949574758941	194	friends	02	023	s03e17a	
cortex_Vis	41.05021242939709	162	friends	02	023	s03e17a	
subcortex_CAU	31.46502332382636	8	friends	02	023	s03e17a	
subcortex_PUT	30.014055879068593	8	friends	02	023	s03e17a	
subcortex_THA	26.994387489717322	14	friends	02	023	s03e17a	
cerebellum	31.119908541520395	88	friends	02	023	s03e17b	
cortex_Cont	44.343951786599575	128	friends	02	023	s03e17b	
cortex_Default	40.3158628869304	209	friends	02	023	s03e17b	
cortex_DorsAttn	49.786720052412846	122	friends	02	023	s03e17b	
cortex_Limbic	19.917069305332802	60	friends	02	023	s03e17b	
cortex_SalVentAttn	42.109200709590716	121	friends	02	023	s03e17b	
cortex_SomMot	45.021767753317576	194	friends	02	023	s03e17b	
cortex_Vis	40.24132788012704	162	friends	02	023	s03e17b	
subcortex_CAU	31.14193281779239	8	friends	02	023	s03e17b	
subcortex_PUT	30.01727808283322	8	friends	02	023	s03e17b	
subcortex_THA	26.56234176267524	14	friends	02	023	s03e17b	
cerebellum	19.47210794660162	88	friends	02	024	s03e18a	
cortex_Cont	32.13302659122104	128	friends	02	024	s03e18a	
cortex_Default	30.332076714931233	209	friends	02	024	s03e18a	
cortex_DorsAttn	30.954080998486297	122	friends	02	024	s03e18a	
cortex_Limbic	15.978727257667824	60	friends	02	024	s03e18a	
cortex_SalVentAttn	32.12433563059053	121	friends	02	024	s03e18a	
cortex_SomMot	31.4418721113051	194	friends	02	024	s03e18a	
cortex_Vis	25.188974940009633	162	friends	02	024	s03e18a	
subcortex_CAU	28.240431494974718	8	friends	02	024	s03e18a	
subcortex_PUT	28.541783193490165	8	friends	02	024	s03e18a	
subcortex_THA	23.268301317723985	14	friends	02	024	s03e18a	
cerebellum	26.170387448941234	88	friends	02	024	s03e18b	
cortex_Cont	38.64519639392939	128	friends	02	024	s03e18b	
cortex_Default	36.404475987789844	209	friends	02	024	s03e18b	
cortex_DorsAttn	41.94536520300672	122	friends	02	024	s03e18b	
cortex_Limbic	17.74798291255779	60	friends	02	024	s03e18b	
cortex_SalVentAttn	37.936180823738525	121	friends	02	024	s03e18b	
cortex_SomMot	38.77773049935575	194	friends	02	024	s03e18b	
cortex_Vis	34.92344000918181	162	friends	02	024	s03e18b	
subcortex_CAU	29.81071707747563	8	friends	02	024	s03e18b	
subcortex_PUT	29.228687552610353	8	friends	02	024	s03e18b	
subcortex_THA	25.803402120982014	14	friends	02	024	s03e18b	
cerebellum	27.053058314102596	88	friends	02	024	s03e19a	
cortex_Cont	39.8539338055482	128	friends	02	024	s03e19a	
cortex_Default	37.31497550188553	209	friends	02	024	s03e19a	
cortex_DorsAttn	42.37211366357924	122	friends	02	024	s03e19a	
cortex_Limbic	18.4159144875694	60	friends	02	024	s03e19a	
cortex_SalVentAttn	38.83732214352971	121	friends	02	024	s03e19a	
cortex_SomMot	40.08125416175895	194	friends	02	024	s03e19a	
cortex_Vis	34.68524316387585	162	friends	02	024	s03e19a	
subcortex_CAU	30.304091115358446	8	friends	02	024	s03e19a	
subcortex_PUT	29.506710616516727	8	friends	02	024	s03e19a	
subcortex_THA	26.061584763014796	14	friends	02	024	s03e19a	
cerebellum	27.16651161048683	88	friends	02	024	s03e19b	
cortex_Cont	37.797307389894094	128	friends	02	024	s03e19b	
cortex_Default	35.97629363727312	209	friends	02	024	s03e19b	
cortex_DorsAttn	40.868532215173204	122	friends	02	024	s03e19b	
cortex_Limbic	18.179446415694688	60	friends	02	024	s03e19b	
cortex_SalVentAttn	37.40473293010719	121	friends	02	024	s03e19b	
cortex_SomMot	37.77708053007545	194	friends	02	024	s03e19b	
cortex_Vis	35.21275874774556	162	friends	02	024	s03e19b	
subcortex_CAU	29.74636786152253	8	friends	02	024	s03e19b	
subcortex_PUT	29.398734564397945	8	friends	02	024	s03e19b	
subcortex_THA	25.629217404621038	14	friends	02	024	s03e19b	
cerebellum	28.185659885511484	88	friends	02	024	s03e20a	
cortex_Cont	41.87829524473404	128	friends	02	024	s03e20a	
cortex_Default	39.09800479910465	209	friends	02	024	s03e20a	
cortex_DorsAttn	46.18764625063428	122	friends	02	024	s03e20a	
cortex_Limbic	19.22422458979527	60	friends	02	024	s03e20a	
cortex_SalVentAttn	40.71305079872005	121	friends	02	024	s03e20a	
cortex_SomMot	42.62546488629679	194	friends	02	024	s03e20a	
cortex_Vis	37.7640215836571	162	friends	02	024	s03e20a	
subcortex_CAU	30.675937119183168	8	friends	02	024	s03e20a	
subcortex_PUT	29.733410625288965	8	friends	02	024	s03e20a	
subcortex_THA	26.556651800862227	14	friends	02	024	s03e20a	
cerebellum	28.016985882120057	88	friends	02	024	s03e20b	
cortex_Cont	42.69587655689077	128	friends	02	024	s03e20b	
cortex_Default	39.77778192231781	209	friends	02	024	s03e20b	
cortex_DorsAttn	46.78584950733831	122	friends	02	024	s03e20b	
cortex_Limbic	19.291935721875586	60	friends	02	024	s03e20b	
cortex_SalVentAttn	40.93289780372144	121	friends	02	024	s03e20b	
cortex_SomMot	42.683875411070254	194	friends	02	024	s03e20b	
cortex_Vis	37.826719609421545	162	friends	02	024	s03e20b	
subcortex_CAU	31.421902218287272	8	friends	02	024	s03e20b	
subcortex_PUT	29.949808287992106	8	friends	02	024	s03e20b	
subcortex_THA	26.840901863182445	14	friends	02	024	s03e20b	
cerebellum	24.721028746877536	88	friends	02	025	s03e21a	
cortex_Cont	37.28327425753384	128	friends	02	025	s03e21a	
cortex_Default	34.122767972094216	209	friends	02	025	s03e21a	
cortex_DorsAttn	38.96311666918355	122	friends	02	025	s03e21a	
cortex_Limbic	18.028342605162866	60	friends	02	025	s03e21a	
cortex_SalVentAttn	38.2889114403898	121	friends	02	025	s03e21a	
cortex_SomMot	38.93126051862682	194	friends	02	025	s03e21a	
cortex_Vis	30.35277120813067	162	friends	02	025	s03e21a	
subcortex_CAU	30.39556755465051	8	friends	02	025	s03e21a	
subcortex_PUT	29.399954076377682	8	friends	02	025	s03e21a	
subcortex_THA	25.845161056307774	14	friends	02	025	s03e21a	
cerebellum	28.38081362509248	88	friends	02	025	s03e21b	
cortex_Cont	43.50474369362825	128	friends	02	025	s03e21b	
cortex_Default	39.08015951860571	209	friends	02	025	s03e21b	
cortex_DorsAttn	46.47571217839964	122	friends	02	025	s03e21b	
cortex_Limbic	19.583228262549362	60	friends	02	025	s03e21b	
cortex_SalVentAttn	41.913178627154096	121	friends	02	025	s03e21b	
cortex_SomMot	44.102904911916475	194	friends	02	025	s03e21b	
cortex_Vis	35.68261614713723	162	friends	02	025	s03e21b	
subcortex_CAU	31.50475262603099	8	friends	02	025	s03e21b	
subcortex_PUT	30.133403684077617	8	friends	02	025	s03e21b	
subcortex_THA	26.9539428060523	14	friends	02	025	s03e21b	
cerebellum	30.166972149237242	88	friends	02	025	s03e22a	
cortex_Cont	45.533715058612394	128	friends	02	025	s03e22a	
cortex_Default	40.57208172371608	209	friends	02	025	s03e22a	
cortex_DorsAttn	49.11166367231802	122	friends	02	025	s03e22a	
cortex_Limbic	19.831431907413734	60	friends	02	025	s03e22a	
cortex_SalVentAttn	42.532246697136436	121	friends	02	025	s03e22a	
cortex_SomMot	44.79992310321909	194	friends	02	025	s03e22a	
cortex_Vis	37.840460042073914	162	friends	02	025	s03e22a	
subcortex_CAU	31.663349817967056	8	friends	02	025	s03e22a	
subcortex_PUT	29.93302872713667	8	friends	02	025	s03e22a	
subcortex_THA	26.959435479886928	14	friends	02	025	s03e22a	
cerebellum	29.369997098547103	88	friends	02	025	s03e22b	
cortex_Cont	43.507814519844835	128	friends	02	025	s03e22b	
cortex_Default	38.8975937671391	209	friends	02	025	s03e22b	
cortex_DorsAttn	46.87660342794025	122	friends	02	025	s03e22b	
cortex_Limbic	19.24752858198167	60	friends	02	025	s03e22b	
cortex_SalVentAttn	41.34399107409133	121	friends	02	025	s03e22b	
cortex_SomMot	43.673222926305556	194	friends	02	025	s03e22b	
cortex_Vis	36.12749941350742	162	friends	02	025	s03e22b	
subcortex_CAU	31.13110332631127	8	friends	02	025	s03e22b	
subcortex_PUT	29.680938797060023	8	friends	02	025	s03e22b	
subcortex_THA	26.399776833238686	14	friends	02	025	s03e22b	
cerebellum	29.504819300272587	88	friends	02	025	s03e23a	
cortex_Cont	44.793109282275566	128	friends	02	025	s03e23a	
cortex_Default	40.063893049686556	209	friends	02	025	s03e23a	
cortex_DorsAttn	47.344762286874825	122	friends	02	025	s03e23a	
cortex_Limbic	20.04710611819375	60	friends	02	025	s03e23a	
cortex_SalVentAttn	42.29109384358091	121	friends	02	025	s03e23a	
cortex_SomMot	44.02796407884154	194	friends	02	025	s03e23a	
cortex_Vis	36.59568108106796	162	friends	02	025	s03e23a	
subcortex_CAU	31.49247451330087	8	friends	02	025	s03e23a	
subcortex_PUT	29.71435903578258	8	friends	02	025	s03e23a	
subcortex_THA	26.928504840639754	14	friends	02	025	s03e23a	
cerebellum	26.090786304450774	88	friends	02	025	s03e23b	
cortex_Cont	38.72167972042144	128	friends	02	025	s03e23b	
cortex_Default	34.830420534878975	209	friends	02	025	s03e23b	
cortex_DorsAttn	41.11240861291662	122	friends	02	025	s03e23b	
cortex_Limbic	17.96932340198219	60	friends	02	025	s03e23b	
cortex_SalVentAttn	37.975519596169775	121	friends	02	025	s03e23b	
cortex_SomMot	39.70193106501322	194	friends	02	025	s03e23b	
cortex_Vis	31.385719493728544	162	friends	02	025	s03e23b	
subcortex_CAU	29.80515574053091	8	friends	02	025	s03e23b	
subcortex_PUT	28.728268684902062	8	friends	02	025	s03e23b	
subcortex_THA	25.3233711459143	14	friends	02	025	s03e23b	
cerebellum	23.679089413376456	88	friends	02	026	s03e24a	
cortex_Cont	35.839214171174525	128	friends	02	026	s03e24a	
cortex_Default	33.30083333080608	209	friends	02	026	s03e24a	
cortex_DorsAttn	36.820818183810225	122	friends	02	026	s03e24a	
cortex_Limbic	17.550287192082084	60	friends	02	026	s03e24a	
cortex_SalVentAttn	37.541942776928465	121	friends	02	026	s03e24a	
cortex_SomMot	38.118628471703225	194	friends	02	026	s03e24a	
cortex_Vis	29.318693724722273	162	friends	02	026	s03e24a	
subcortex_CAU	31.414783372585795	8	friends	02	026	s03e24a	
subcortex_PUT	30.12993383119857	8	friends	02	026	s03e24a	
subcortex_THA	25.687115523864197	14	friends	02	026	s03e24a	
cerebellum	29.26556584283293	88	friends	02	026	s03e24b	
cortex_Cont	45.356467712638775	128	friends	02	026	s03e24b	
cortex_Default	40.59714744985405	209	friends	02	026	s03e24b	
cortex_DorsAttn	48.602081953419344	122	friends	02	026	s03e24b	
cortex_Limbic	19.81540388385946	60	friends	02	026	s03e24b	
cortex_SalVentAttn	43.61000786151903	121	friends	02	026	s03e24b	
cortex_SomMot	44.793780237968875	194	friends	02	026	s03e24b	
cortex_Vis	38.327337014879426	162	friends	02	026	s03e24b	
subcortex_CAU	31.88962754787149	8	friends	02	026	s03e24b	
subcortex_PUT	30.87623715424489	8	friends	02	026	s03e24b	
subcortex_THA	27.58322477394328	14	friends	02	026	s03e24b	
cerebellum	25.74316836813664	88	friends	02	026	s03e25a	
cortex_Cont	42.0033464264014	128	friends	02	026	s03e25a	
cortex_Default	37.9169927101919	209	friends	02	026	s03e25a	
cortex_DorsAttn	42.16288146466398	122	friends	02	026	s03e25a	
cortex_Limbic	19.79965434757315	60	friends	02	026	s03e25a	
cortex_SalVentAttn	41.293718184363826	121	friends	02	026	s03e25a	
cortex_SomMot	41.386310624358366	194	friends	02	026	s03e25a	
cortex_Vis	32.900763633735444	162	friends	02	026	s03e25a	
subcortex_CAU	31.69618106949666	8	friends	02	026	s03e25a	
subcortex_PUT	30.632570699887896	8	friends	02	026	s03e25a	
subcortex_THA	26.49109149464319	14	friends	02	026	s03e25a	
cerebellum	26.706386010658978	88	friends	02	026	s03e25b	
cortex_Cont	42.72513203418082	128	friends	02	026	s03e25b	
cortex_Default	38.42610373092735	209	friends	02	026	s03e25b	
cortex_DorsAttn	42.379168614608936	122	friends	02	026	s03e25b	
cortex_Limbic	19.667467632106437	60	friends	02	026	s03e25b	
cortex_SalVentAttn	40.597946881035085	121	friends	02	026	s03e25b	
cortex_SomMot	41.02466053686849	194	friends	02	026	s03e25b	
cortex_Vis	33.12861086148542	162	friends	02	026	s03e25b	
subcortex_CAU	31.22737750685821	8	friends	02	026	s03e25b	
subcortex_PUT	30.03449151255093	8	friends	02	026	s03e25b	
subcortex_THA	26.386057710848924	14	friends	02	026	s03e25b	
cerebellum	29.337234066844903	88	friends	02	026	s04e01a	
cortex_Cont	45.81007481225264	128	friends	02	026	s04e01a	
cortex_Default	41.147254363086866	209	friends	02	026	s04e01a	
cortex_DorsAttn	47.20208989198343	122	friends	02	026	s04e01a	
cortex_Limbic	20.16659214214294	60	friends	02	026	s04e01a	
cortex_SalVentAttn	43.703774159520314	121	friends	02	026	s04e01a	
cortex_SomMot	44.28815067654512	194	friends	02	026	s04e01a	
cortex_Vis	37.597282071723974	162	friends	02	026	s04e01a	
subcortex_CAU	31.25328435056778	8	friends	02	026	s04e01a	
subcortex_PUT	29.880386037981257	8	friends	02	026	s04e01a	
subcortex_THA	26.165778650895057	14	friends	02	026	s04e01a	
cerebellum	28.336312011877613	88	friends	02	026	s04e01b	
cortex_Cont	45.71440973520534	128	friends	02	026	s04e01b	
cortex_Default	40.532627995927825	209	friends	02	026	s04e01b	
cortex_DorsAttn	48.93023058546999	122	friends	02	026	s04e01b	
cortex_Limbic	19.751959733671416	60	friends	02	026	s04e01b	
cortex_SalVentAttn	44.04993057943152	121	friends	02	026	s04e01b	
cortex_SomMot	46.74474543964169	194	friends	02	026	s04e01b	
cortex_Vis	37.21407580101364	162	friends	02	026	s04e01b	
subcortex_CAU	31.21596548268942	8	friends	02	026	s04e01b	
subcortex_PUT	29.82182376043991	8	friends	02	026	s04e01b	
subcortex_THA	25.980116024752526	14	friends	02	026	s04e01b	
cerebellum	26.448394758438386	88	friends	02	027	s04e02a	
cortex_Cont	37.85157920112721	128	friends	02	027	s04e02a	
cortex_Default	35.04936124761561	209	friends	02	027	s04e02a	
cortex_DorsAttn	41.50369024291198	122	friends	02	027	s04e02a	
cortex_Limbic	17.787033041943047	60	friends	02	027	s04e02a	
cortex_SalVentAttn	39.664971381362506	121	friends	02	027	s04e02a	
cortex_SomMot	41.19928905396588	194	friends	02	027	s04e02a	
cortex_Vis	32.75830700293925	162	friends	02	027	s04e02a	
subcortex_CAU	30.462151571008405	8	friends	02	027	s04e02a	
subcortex_PUT	30.07477658706018	8	friends	02	027	s04e02a	
subcortex_THA	26.988690259816572	14	friends	02	027	s04e02a	
cerebellum	33.23184225635925	88	friends	02	027	s04e02b	
cortex_Cont	50.560594802249426	128	friends	02	027	s04e02b	
cortex_Default	44.3571446769932	209	friends	02	027	s04e02b	
cortex_DorsAttn	55.026025744300576	122	friends	02	027	s04e02b	
cortex_Limbic	20.987059473544484	60	friends	02	027	s04e02b	
cortex_SalVentAttn	46.641164274480246	121	friends	02	027	s04e02b	
cortex_SomMot	50.137111728769476	194	friends	02	027	s04e02b	
cortex_Vis	42.73919814194338	162	friends	02	027	s04e02b	
subcortex_CAU	32.72903147156178	8	friends	02	027	s04e02b	
subcortex_PUT	31.09205106323833	8	friends	02	027	s04e02b	
subcortex_THA	28.084217691233622	14	friends	02	027	s04e02b	
cerebellum	29.613660664019804	88	friends	02	027	s04e03a	
cortex_Cont	45.193292097177434	128	friends	02	027	s04e03a	
cortex_Default	40.29307466180041	209	friends	02	027	s04e03a	
cortex_DorsAttn	49.99429618051658	122	friends	02	027	s04e03a	
cortex_Limbic	19.461604182067845	60	friends	02	027	s04e03a	
cortex_SalVentAttn	43.2822217080837	121	friends	02	027	s04e03a	
cortex_SomMot	46.47110069648344	194	friends	02	027	s04e03a	
cortex_Vis	37.869883851964886	162	friends	02	027	s04e03a	
subcortex_CAU	31.58672168248701	8	friends	02	027	s04e03a	
subcortex_PUT	30.195439119168906	8	friends	02	027	s04e03a	
subcortex_THA	27.29553260664282	14	friends	02	027	s04e03a	
cerebellum	29.423541522458333	88	friends	02	027	s04e03b	
cortex_Cont	44.60476032127439	128	friends	02	027	s04e03b	
cortex_Default	39.82775867983848	209	friends	02	027	s04e03b	
cortex_DorsAttn	47.89984999788537	122	friends	02	027	s04e03b	
cortex_Limbic	19.846967005401673	60	friends	02	027	s04e03b	
cortex_SalVentAttn	42.29770137699421	121	friends	02	027	s04e03b	
cortex_SomMot	44.42263594456546	194	friends	02	027	s04e03b	
cortex_Vis	37.804584465633084	162	friends	02	027	s04e03b	
subcortex_CAU	31.876010607578497	8	friends	02	027	s04e03b	
subcortex_PUT	30.30688427759714	8	friends	02	027	s04e03b	
subcortex_THA	27.02122785521001	14	friends	02	027	s04e03b	
cerebellum	30.27341001984822	88	friends	02	027	s04e04a	
cortex_Cont	43.646153514728816	128	friends	02	027	s04e04a	
cortex_Default	39.382974385300805	209	friends	02	027	s04e04a	
cortex_DorsAttn	48.565235508748835	122	friends	02	027	s04e04a	
cortex_Limbic	19.521678174277053	60	friends	02	027	s04e04a	
cortex_SalVentAttn	41.68541177839381	121	friends	02	027	s04e04a	
cortex_SomMot	43.3659686134026	194	friends	02	027	s04e04a	
cortex_Vis	39.30570815692244	162	friends	02	027	s04e04a	
subcortex_CAU	31.198719002794448	8	friends	02	027	s04e04a	
subcortex_PUT	29.866905663656595	8	friends	02	027	s04e04a	
subcortex_THA	26.886084036925887	14	friends	02	027	s04e04a	
cerebellum	29.294862945105137	88	friends	02	027	s04e04b	
cortex_Cont	44.3772884737158	128	friends	02	027	s04e04b	
cortex_Default	39.82277427449554	209	friends	02	027	s04e04b	
cortex_DorsAttn	46.53694249333748	122	friends	02	027	s04e04b	
cortex_Limbic	20.31461788236828	60	friends	02	027	s04e04b	
cortex_SalVentAttn	42.3137641449481	121	friends	02	027	s04e04b	
cortex_SomMot	43.826728792259274	194	friends	02	027	s04e04b	
cortex_Vis	36.03082272720877	162	friends	02	027	s04e04b	
subcortex_CAU	32.633671378045264	8	friends	02	027	s04e04b	
subcortex_PUT	30.435711826466463	8	friends	02	027	s04e04b	
subcortex_THA	27.365959916642083	14	friends	02	027	s04e04b	
cerebellum	23.41870909682133	88	friends	02	028	s04e05a	
cortex_Cont	35.128193305589676	128	friends	02	028	s04e05a	
cortex_Default	32.62071118366011	209	friends	02	028	s04e05a	
cortex_DorsAttn	36.125051831648925	122	friends	02	028	s04e05a	
cortex_Limbic	17.0724095374006	60	friends	02	028	s04e05a	
cortex_SalVentAttn	37.191620709262416	121	friends	02	028	s04e05a	
cortex_SomMot	37.94831307537277	194	friends	02	028	s04e05a	
cortex_Vis	28.612108490793016	162	friends	02	028	s04e05a	
subcortex_CAU	29.54013408195966	8	friends	02	028	s04e05a	
subcortex_PUT	29.409425395973006	8	friends	02	028	s04e05a	
subcortex_THA	25.726620484515244	14	friends	02	028	s04e05a	
cerebellum	29.675144135984514	88	friends	02	028	s04e05b	
cortex_Cont	46.43643893661412	128	friends	02	028	s04e05b	
cortex_Default	41.530725637930864	209	friends	02	028	s04e05b	
cortex_DorsAttn	50.20104201724395	122	friends	02	028	s04e05b	
cortex_Limbic	20.31638497218536	60	friends	02	028	s04e05b	
cortex_SalVentAttn	44.15661412686287	121	friends	02	028	s04e05b	
cortex_SomMot	46.54293864395094	194	friends	02	028	s04e05b	
cortex_Vis	38.36871302865998	162	friends	02	028	s04e05b	
subcortex_CAU	31.667350835947577	8	friends	02	028	s04e05b	
subcortex_PUT	30.56260289857018	8	friends	02	028	s04e05b	
subcortex_THA	27.33405386231536	14	friends	02	028	s04e05b	
cerebellum	29.14910932658199	88	friends	02	028	s04e06a	
cortex_Cont	44.63834431051612	128	friends	02	028	s04e06a	
cortex_Default	40.09860304096586	209	friends	02	028	s04e06a	
cortex_DorsAttn	48.51019432946951	122	friends	02	028	s04e06a	
cortex_Limbic	19.934104750682657	60	friends	02	028	s04e06a	
cortex_SalVentAttn	42.98275288189181	121	friends	02	028	s04e06a	
cortex_SomMot	45.20751372912608	194	friends	02	028	s04e06a	
cortex_Vis	37.24644727319416	162	friends	02	028	s04e06a	
subcortex_CAU	31.651793300020692	8	friends	02	028	s04e06a	
subcortex_PUT	30.125909461084667	8	friends	02	028	s04e06a	
subcortex_THA	27.255626775800188	14	friends	02	028	s04e06a	
cerebellum	22.460802790000482	88	friends	02	029	s04e07a	
cortex_Cont	33.772334880978946	128	friends	02	029	s04e07a	
cortex_Default	31.427651253178382	209	friends	02	029	s04e07a	
cortex_DorsAttn	34.66885753524789	122	friends	02	029	s04e07a	
cortex_Limbic	17.23936372333373	60	friends	02	029	s04e07a	
cortex_SalVentAttn	35.32094355592417	121	friends	02	029	s04e07a	
cortex_SomMot	35.80847848336774	194	friends	02	029	s04e07a	
cortex_Vis	27.94341816562854	162	friends	02	029	s04e07a	
subcortex_CAU	29.479696865213295	8	friends	02	029	s04e07a	
subcortex_PUT	29.415791282293043	8	friends	02	029	s04e07a	
subcortex_THA	24.73264140274102	14	friends	02	029	s04e07a	
cerebellum	23.911741807976117	88	friends	02	029	s04e07b	
cortex_Cont	40.754765005055226	128	friends	02	029	s04e07b	
cortex_Default	36.26242782320917	209	friends	02	029	s04e07b	
cortex_DorsAttn	41.912115112932696	122	friends	02	029	s04e07b	
cortex_Limbic	18.672369134118	60	friends	02	029	s04e07b	
cortex_SalVentAttn	39.06632226044093	121	friends	02	029	s04e07b	
cortex_SomMot	40.569190337566184	194	friends	02	029	s04e07b	
cortex_Vis	31.785204117439882	162	friends	02	029	s04e07b	
subcortex_CAU	30.382942120355988	8	friends	02	029	s04e07b	
subcortex_PUT	29.292511917606223	8	friends	02	029	s04e07b	
subcortex_THA	25.4447528931783	14	friends	02	029	s04e07b	
cerebellum	23.712702692178194	88	friends	02	029	s04e08a	
cortex_Cont	36.453627163864105	128	friends	02	029	s04e08a	
cortex_Default	33.30918096794236	209	friends	02	029	s04e08a	
cortex_DorsAttn	37.17838243087133	122	friends	02	029	s04e08a	
cortex_Limbic	17.803603268211287	60	friends	02	029	s04e08a	
cortex_SalVentAttn	36.705510765599065	121	friends	02	029	s04e08a	
cortex_SomMot	37.478386893912706	194	friends	02	029	s04e08a	
cortex_Vis	29.41782372955614	162	friends	02	029	s04e08a	
subcortex_CAU	30.058428451333324	8	friends	02	029	s04e08a	
subcortex_PUT	29.40097507671358	8	friends	02	029	s04e08a	
subcortex_THA	24.69209070424485	14	friends	02	029	s04e08a	
cerebellum	23.908443443652097	88	friends	02	029	s04e08b	
cortex_Cont	37.649038215226504	128	friends	02	029	s04e08b	
cortex_Default	34.72469667288465	209	friends	02	029	s04e08b	
cortex_DorsAttn	37.369703880033114	122	friends	02	029	s04e08b	
cortex_Limbic	18.81481230555186	60	friends	02	029	s04e08b	
cortex_SalVentAttn	36.83879909654761	121	friends	02	029	s04e08b	
cortex_SomMot	37.04897047656708	194	friends	02	029	s04e08b	
cortex_Vis	30.21604892324323	162	friends	02	029	s04e08b	
subcortex_CAU	30.067404129878696	8	friends	02	029	s04e08b	
subcortex_PUT	29.456441306959054	8	friends	02	029	s04e08b	
subcortex_THA	25.2685015558709	14	friends	02	029	s04e08b	
cerebellum	23.155685713176805	88	friends	02	029	s04e09a	
cortex_Cont	36.15977264819147	128	friends	02	029	s04e09a	
cortex_Default	33.0655795046527	209	friends	02	029	s04e09a	
cortex_DorsAttn	36.1356471138459	122	friends	02	029	s04e09a	
cortex_Limbic	17.833623369063268	60	friends	02	029	s04e09a	
cortex_SalVentAttn	35.6169757706215	121	friends	02	029	s04e09a	
cortex_SomMot	36.07108478961375	194	friends	02	029	s04e09a	
cortex_Vis	29.05877935906443	162	friends	02	029	s04e09a	
subcortex_CAU	29.361528611121635	8	friends	02	029	s04e09a	
subcortex_PUT	28.721704468017123	8	friends	02	029	s04e09a	
subcortex_THA	24.005383383527903	14	friends	02	029	s04e09a	
cerebellum	23.140124767701014	88	friends	02	029	s04e09b	
cortex_Cont	36.61046938790997	128	friends	02	029	s04e09b	
cortex_Default	33.355386847146086	209	friends	02	029	s04e09b	
cortex_DorsAttn	36.70489628124108	122	friends	02	029	s04e09b	
cortex_Limbic	18.02780381506032	60	friends	02	029	s04e09b	
cortex_SalVentAttn	37.18913929223244	121	friends	02	029	s04e09b	
cortex_SomMot	37.639260095539825	194	friends	02	029	s04e09b	
cortex_Vis	29.055383919944592	162	friends	02	029	s04e09b	
subcortex_CAU	30.101056652900755	8	friends	02	029	s04e09b	
subcortex_PUT	29.07005146980226	8	friends	02	029	s04e09b	
subcortex_THA	24.83408862892347	14	friends	02	029	s04e09b	
cerebellum	24.78263391321303	88	friends	02	030	s04e10a	
cortex_Cont	35.383971323128314	128	friends	02	030	s04e10a	
cortex_Default	32.82799177138278	209	friends	02	030	s04e10a	
cortex_DorsAttn	36.59588627538433	122	friends	02	030	s04e10a	
cortex_Limbic	17.732451862174226	60	friends	02	030	s04e10a	
cortex_SalVentAttn	36.836346000340036	121	friends	02	030	s04e10a	
cortex_SomMot	37.48238356700808	194	friends	02	030	s04e10a	
cortex_Vis	29.674414048186975	162	friends	02	030	s04e10a	
subcortex_CAU	29.69372598594809	8	friends	02	030	s04e10a	
subcortex_PUT	29.161498166870906	8	friends	02	030	s04e10a	
subcortex_THA	25.245399815835537	14	friends	02	030	s04e10a	
cerebellum	29.154844565707343	88	friends	02	030	s04e10b	
cortex_Cont	41.97898055615546	128	friends	02	030	s04e10b	
cortex_Default	37.73639914776891	209	friends	02	030	s04e10b	
cortex_DorsAttn	47.204899146438194	122	friends	02	030	s04e10b	
cortex_Limbic	17.976960336159998	60	friends	02	030	s04e10b	
cortex_SalVentAttn	41.05283602286062	121	friends	02	030	s04e10b	
cortex_SomMot	43.22452179830845	194	friends	02	030	s04e10b	
cortex_Vis	37.44307037893203	162	friends	02	030	s04e10b	
subcortex_CAU	30.48002708726767	8	friends	02	030	s04e10b	
subcortex_PUT	29.383561684730033	8	friends	02	030	s04e10b	
subcortex_THA	26.04786437842196	14	friends	02	030	s04e10b	
cerebellum	24.92310681273901	88	friends	02	030	s04e11a	
cortex_Cont	38.86396795322449	128	friends	02	030	s04e11a	
cortex_Default	35.446501617158304	209	friends	02	030	s04e11a	
cortex_DorsAttn	37.90315879341579	122	friends	02	030	s04e11a	
cortex_Limbic	18.804471907594564	60	friends	02	030	s04e11a	
cortex_SalVentAttn	38.53196364376387	121	friends	02	030	s04e11a	
cortex_SomMot	38.29474268638147	194	friends	02	030	s04e11a	
cortex_Vis	30.305710398845843	162	friends	02	030	s04e11a	
subcortex_CAU	30.670483040017793	8	friends	02	030	s04e11a	
subcortex_PUT	29.68110400395301	8	friends	02	030	s04e11a	
subcortex_THA	25.452891906559817	14	friends	02	030	s04e11a	
cerebellum	25.613731964729187	88	friends	02	030	s04e11b	
cortex_Cont	39.60829853575423	128	friends	02	030	s04e11b	
cortex_Default	35.595395177871296	209	friends	02	030	s04e11b	
cortex_DorsAttn	40.230402930428745	122	friends	02	030	s04e11b	
cortex_Limbic	18.418398939408213	60	friends	02	030	s04e11b	
cortex_SalVentAttn	37.99492093943122	121	friends	02	030	s04e11b	
cortex_SomMot	38.32324430521321	194	friends	02	030	s04e11b	
cortex_Vis	31.828759540076156	162	friends	02	030	s04e11b	
subcortex_CAU	29.874733774829473	8	friends	02	030	s04e11b	
subcortex_PUT	29.02085322039527	8	friends	02	030	s04e11b	
subcortex_THA	25.08762652571977	14	friends	02	030	s04e11b	
cerebellum	24.870020297252243	88	friends	02	030	s04e12a	
cortex_Cont	36.52426199085151	128	friends	02	030	s04e12a	
cortex_Default	33.03677743836468	209	friends	02	030	s04e12a	
cortex_DorsAttn	37.46080150010246	122	friends	02	030	s04e12a	
cortex_Limbic	16.841082696763213	60	friends	02	030	s04e12a	
cortex_SalVentAttn	36.39794235717465	121	friends	02	030	s04e12a	
cortex_SomMot	37.20457335529088	194	friends	02	030	s04e12a	
cortex_Vis	29.43194304703151	162	friends	02	030	s04e12a	
subcortex_CAU	29.69859819196068	8	friends	02	030	s04e12a	
subcortex_PUT	28.746610624693513	8	friends	02	030	s04e12a	
subcortex_THA	24.47100172489155	14	friends	02	030	s04e12a	
cerebellum	24.723557799732756	88	friends	02	030	s04e12b	
cortex_Cont	35.97142448516097	128	friends	02	030	s04e12b	
cortex_Default	32.91321633344788	209	friends	02	030	s04e12b	
cortex_DorsAttn	38.43678122499285	122	friends	02	030	s04e12b	
cortex_Limbic	17.301820489342877	60	friends	02	030	s04e12b	
cortex_SalVentAttn	35.997329423169326	121	friends	02	030	s04e12b	
cortex_SomMot	37.1591500790485	194	friends	02	030	s04e12b	
cortex_Vis	30.26978024429542	162	friends	02	030	s04e12b	
subcortex_CAU	29.246577877307516	8	friends	02	030	s04e12b	
subcortex_PUT	28.46292766449178	8	friends	02	030	s04e12b	
subcortex_THA	24.325276806319774	14	friends	02	030	s04e12b	
cerebellum	26.13219464332161	88	friends	02	031	s04e13a	
cortex_Cont	36.4525009111113	128	friends	02	031	s04e13a	
cortex_Default	34.05231210711273	209	friends	02	031	s04e13a	
cortex_DorsAttn	37.54896468735266	122	friends	02	031	s04e13a	
cortex_Limbic	17.65279422042852	60	friends	02	031	s04e13a	
cortex_SalVentAttn	37.41766285742886	121	friends	02	031	s04e13a	
cortex_SomMot	37.48537162661713	194	friends	02	031	s04e13a	
cortex_Vis	30.90442322609389	162	friends	02	031	s04e13a	
subcortex_CAU	29.257625167686122	8	friends	02	031	s04e13a	
subcortex_PUT	29.201485513833486	8	friends	02	031	s04e13a	
subcortex_THA	25.082958122340674	14	friends	02	031	s04e13a	
cerebellum	28.353212670172685	88	friends	02	031	s04e13b	
cortex_Cont	43.7250340638835	128	friends	02	031	s04e13b	
cortex_Default	39.14743579067614	209	friends	02	031	s04e13b	
cortex_DorsAttn	45.69771104481401	122	friends	02	031	s04e13b	
cortex_Limbic	18.73702808459092	60	friends	02	031	s04e13b	
cortex_SalVentAttn	42.01440967589491	121	friends	02	031	s04e13b	
cortex_SomMot	43.75810013467699	194	friends	02	031	s04e13b	
cortex_Vis	35.93951115042745	162	friends	02	031	s04e13b	
subcortex_CAU	30.720872046815845	8	friends	02	031	s04e13b	
subcortex_PUT	29.44792287615257	8	friends	02	031	s04e13b	
subcortex_THA	25.819087591796254	14	friends	02	031	s04e13b	
cerebellum	28.47315805967295	88	friends	02	031	s04e14a	
cortex_Cont	42.88430340017243	128	friends	02	031	s04e14a	
cortex_Default	38.495923300721934	209	friends	02	031	s04e14a	
cortex_DorsAttn	43.75500843608415	122	friends	02	031	s04e14a	
cortex_Limbic	19.397140484291103	60	friends	02	031	s04e14a	
cortex_SalVentAttn	40.44017328595358	121	friends	02	031	s04e14a	
cortex_SomMot	41.408628823270725	194	friends	02	031	s04e14a	
cortex_Vis	35.231289953955724	162	friends	02	031	s04e14a	
subcortex_CAU	30.329941153895934	8	friends	02	031	s04e14a	
subcortex_PUT	29.264843134499674	8	friends	02	031	s04e14a	
subcortex_THA	25.66195550538697	14	friends	02	031	s04e14a	
cerebellum	28.55038581005075	88	friends	02	031	s04e14b	
cortex_Cont	43.84763243451292	128	friends	02	031	s04e14b	
cortex_Default	39.195028117991136	209	friends	02	031	s04e14b	
cortex_DorsAttn	45.22708775729265	122	friends	02	031	s04e14b	
cortex_Limbic	19.591238436206062	60	friends	02	031	s04e14b	
cortex_SalVentAttn	41.66948554910354	121	friends	02	031	s04e14b	
cortex_SomMot	43.259220887552644	194	friends	02	031	s04e14b	
cortex_Vis	35.709008417560455	162	friends	02	031	s04e14b	
subcortex_CAU	30.839116083283166	8	friends	02	031	s04e14b	
subcortex_PUT	29.379565900478944	8	friends	02	031	s04e14b	
subcortex_THA	25.714745351278705	14	friends	02	031	s04e14b	
cerebellum	27.880758956674335	88	friends	02	031	s04e15a	
cortex_Cont	42.16911951617863	128	friends	02	031	s04e15a	
cortex_Default	38.06541236345127	209	friends	02	031	s04e15a	
cortex_DorsAttn	44.24403239574319	122	friends	02	031	s04e15a	
cortex_Limbic	18.99485581169424	60	friends	02	031	s04e15a	
cortex_SalVentAttn	40.94282681439216	121	friends	02	031	s04e15a	
cortex_SomMot	42.50208350674793	194	friends	02	031	s04e15a	
cortex_Vis	34.68426300750821	162	friends	02	031	s04e15a	
subcortex_CAU	30.542343766335154	8	friends	02	031	s04e15a	
subcortex_PUT	29.062852508653453	8	friends	02	031	s04e15a	
subcortex_THA	25.460635820261228	14	friends	02	031	s04e15a	
cerebellum	24.8298286847531	88	friends	02	031	s04e15b	
cortex_Cont	36.63821865389263	128	friends	02	031	s04e15b	
cortex_Default	33.47471521089416	209	friends	02	031	s04e15b	
cortex_DorsAttn	37.185786477054656	122	friends	02	031	s04e15b	
cortex_Limbic	17.59861476681875	60	friends	02	031	s04e15b	
cortex_SalVentAttn	37.026365355814576	121	friends	02	031	s04e15b	
cortex_SomMot	37.68138729397343	194	friends	02	031	s04e15b	
cortex_Vis	29.308365564053698	162	friends	02	031	s04e15b	
subcortex_CAU	29.03849146509845	8	friends	02	031	s04e15b	
subcortex_PUT	28.286136006153058	8	friends	02	031	s04e15b	
subcortex_THA	24.53231558613522	14	friends	02	031	s04e15b	
cerebellum	25.187433877038096	88	friends	02	032	s04e16a	
cortex_Cont	34.98120446313502	128	friends	02	032	s04e16a	
cortex_Default	33.09792277967726	209	friends	02	032	s04e16a	
cortex_DorsAttn	37.57272449574865	122	friends	02	032	s04e16a	
cortex_Limbic	16.036451589898206	60	friends	02	032	s04e16a	
cortex_SalVentAttn	35.88924903698191	121	friends	02	032	s04e16a	
cortex_SomMot	36.24012145711788	194	friends	02	032	s04e16a	
cortex_Vis	30.778873022264207	162	friends	02	032	s04e16a	
subcortex_CAU	28.91699795468579	8	friends	02	032	s04e16a	
subcortex_PUT	28.89966597008606	8	friends	02	032	s04e16a	
subcortex_THA	25.620364881783846	14	friends	02	032	s04e16a	
cerebellum	25.489634088513718	88	friends	02	032	s04e16b	
cortex_Cont	39.172071314501196	128	friends	02	032	s04e16b	
cortex_Default	36.40654011584447	209	friends	02	032	s04e16b	
cortex_DorsAttn	40.26263736631988	122	friends	02	032	s04e16b	
cortex_Limbic	17.998158386830717	60	friends	02	032	s04e16b	
cortex_SalVentAttn	38.983310418312826	121	friends	02	032	s04e16b	
cortex_SomMot	40.36755553032719	194	friends	02	032	s04e16b	
cortex_Vis	31.783989714923877	162	friends	02	032	s04e16b	
subcortex_CAU	30.357743579295278	8	friends	02	032	s04e16b	
subcortex_PUT	29.172609695945738	8	friends	02	032	s04e16b	
subcortex_THA	26.343645641054675	14	friends	02	032	s04e16b	
cerebellum	21.61326326986607	88	friends	02	032	s04e17a	
cortex_Cont	29.344901603812353	128	friends	02	032	s04e17a	
cortex_Default	28.00177324077304	209	friends	02	032	s04e17a	
cortex_DorsAttn	30.346141347741334	122	friends	02	032	s04e17a	
cortex_Limbic	14.848505444512098	60	friends	02	032	s04e17a	
cortex_SalVentAttn	31.06469160133729	121	friends	02	032	s04e17a	
cortex_SomMot	30.818599459363877	194	friends	02	032	s04e17a	
cortex_Vis	24.403849583534196	162	friends	02	032	s04e17a	
subcortex_CAU	27.405998293708556	8	friends	02	032	s04e17a	
subcortex_PUT	27.408378191888215	8	friends	02	032	s04e17a	
subcortex_THA	23.64485691216012	14	friends	02	032	s04e17a	
cerebellum	24.315656663020867	88	friends	02	032	s04e17b	
cortex_Cont	33.65721584825766	128	friends	02	032	s04e17b	
cortex_Default	31.40075396020725	209	friends	02	032	s04e17b	
cortex_DorsAttn	34.64206027863002	122	friends	02	032	s04e17b	
cortex_Limbic	16.25897637351734	60	friends	02	032	s04e17b	
cortex_SalVentAttn	34.46044851205584	121	friends	02	032	s04e17b	
cortex_SomMot	35.08599952412509	194	friends	02	032	s04e17b	
cortex_Vis	26.975867709344392	162	friends	02	032	s04e17b	
subcortex_CAU	28.600596353806555	8	friends	02	032	s04e17b	
subcortex_PUT	28.19302236605306	8	friends	02	032	s04e17b	
subcortex_THA	24.240238685974706	14	friends	02	032	s04e17b	
cerebellum	23.376645342115662	88	friends	02	032	s04e18a	
cortex_Cont	34.565188130421625	128	friends	02	032	s04e18a	
cortex_Default	32.085446672816616	209	friends	02	032	s04e18a	
cortex_DorsAttn	34.660782777367025	122	friends	02	032	s04e18a	
cortex_Limbic	16.84865414091567	60	friends	02	032	s04e18a	
cortex_SalVentAttn	35.06571672878103	121	friends	02	032	s04e18a	
cortex_SomMot	34.949515947966624	194	friends	02	032	s04e18a	
cortex_Vis	27.59496003311814	162	friends	02	032	s04e18a	
subcortex_CAU	29.28356122828018	8	friends	02	032	s04e18a	
subcortex_PUT	28.415449964929604	8	friends	02	032	s04e18a	
subcortex_THA	24.669564148758006	14	friends	02	032	s04e18a	
cerebellum	25.725176471047153	88	friends	02	032	s04e18b	
cortex_Cont	36.54744717568398	128	friends	02	032	s04e18b	
cortex_Default	33.50041011907887	209	friends	02	032	s04e18b	
cortex_DorsAttn	38.28070895255073	122	friends	02	032	s04e18b	
cortex_Limbic	16.503822592129648	60	friends	02	032	s04e18b	
cortex_SalVentAttn	36.22988762113179	121	friends	02	032	s04e18b	
cortex_SomMot	37.53390335068705	194	friends	02	032	s04e18b	
cortex_Vis	29.79228398899634	162	friends	02	032	s04e18b	
subcortex_CAU	28.95373107035537	8	friends	02	032	s04e18b	
subcortex_PUT	28.234613875107406	8	friends	02	032	s04e18b	
subcortex_THA	25.040295397756065	14	friends	02	032	s04e18b	
cerebellum	23.446953574240112	88	friends	02	033	s04e19a	
cortex_Cont	34.857033214421776	128	friends	02	033	s04e19a	
cortex_Default	32.66661271226778	209	friends	02	033	s04e19a	
cortex_DorsAttn	36.35615343089458	122	friends	02	033	s04e19a	
cortex_Limbic	17.404077561646282	60	friends	02	033	s04e19a	
cortex_SalVentAttn	36.44947408025115	121	friends	02	033	s04e19a	
cortex_SomMot	37.4192325316985	194	friends	02	033	s04e19a	
cortex_Vis	28.856731814816527	162	friends	02	033	s04e19a	
subcortex_CAU	29.137712441765256	8	friends	02	033	s04e19a	
subcortex_PUT	29.00177314099363	8	friends	02	033	s04e19a	
subcortex_THA	25.539598209375754	14	friends	02	033	s04e19a	
cerebellum	23.834435919568765	88	friends	02	033	s04e19b	
cortex_Cont	39.72059005218158	128	friends	02	033	s04e19b	
cortex_Default	35.9621203354302	209	friends	02	033	s04e19b	
cortex_DorsAttn	39.726565029286974	122	friends	02	033	s04e19b	
cortex_Limbic	18.60828595111701	60	friends	02	033	s04e19b	
cortex_SalVentAttn	39.30342156675024	121	friends	02	033	s04e19b	
cortex_SomMot	40.26234433814001	194	friends	02	033	s04e19b	
cortex_Vis	30.520229046164832	162	friends	02	033	s04e19b	
subcortex_CAU	30.769184178800234	8	friends	02	033	s04e19b	
subcortex_PUT	29.8008007073773	8	friends	02	033	s04e19b	
subcortex_THA	25.827952974133982	14	friends	02	033	s04e19b	
cerebellum	26.467147412335468	88	friends	02	033	s04e20a	
cortex_Cont	41.25766799036744	128	friends	02	033	s04e20a	
cortex_Default	37.37712671709756	209	friends	02	033	s04e20a	
cortex_DorsAttn	43.53439200628056	122	friends	02	033	s04e20a	
cortex_Limbic	19.133715654554397	60	friends	02	033	s04e20a	
cortex_SalVentAttn	39.421002485128845	121	friends	02	033	s04e20a	
cortex_SomMot	40.444030597783126	194	friends	02	033	s04e20a	
cortex_Vis	34.255253819241794	162	friends	02	033	s04e20a	
subcortex_CAU	30.9137410664996	8	friends	02	033	s04e20a	
subcortex_PUT	29.706045090418403	8	friends	02	033	s04e20a	
subcortex_THA	26.198156010591227	14	friends	02	033	s04e20a	
cerebellum	26.351878207049438	88	friends	02	033	s04e20b	
cortex_Cont	40.422655630832864	128	friends	02	033	s04e20b	
cortex_Default	36.8627217361944	209	friends	02	033	s04e20b	
cortex_DorsAttn	43.55993639143191	122	friends	02	033	s04e20b	
cortex_Limbic	19.407618845634776	60	friends	02	033	s04e20b	
cortex_SalVentAttn	39.16430716916431	121	friends	02	033	s04e20b	
cortex_SomMot	40.615674471591895	194	friends	02	033	s04e20b	
cortex_Vis	34.154704176520255	162	friends	02	033	s04e20b	
subcortex_CAU	30.323353162458794	8	friends	02	033	s04e20b	
subcortex_PUT	29.383766420957052	8	friends	02	033	s04e20b	
subcortex_THA	26.26238397639985	14	friends	02	033	s04e20b	
cerebellum	27.32111851255984	88	friends	02	033	s04e21a	
cortex_Cont	41.354601220253954	128	friends	02	033	s04e21a	
cortex_Default	37.82435741812157	209	friends	02	033	s04e21a	
cortex_DorsAttn	43.17953177194968	122	friends	02	033	s04e21a	
cortex_Limbic	19.485589658371065	60	friends	02	033	s04e21a	
cortex_SalVentAttn	40.35351359533434	121	friends	02	033	s04e21a	
cortex_SomMot	41.83987577798743	194	friends	02	033	s04e21a	
cortex_Vis	33.82150971695127	162	friends	02	033	s04e21a	
subcortex_CAU	30.58782486060919	8	friends	02	033	s04e21a	
subcortex_PUT	29.141400352871873	8	friends	02	033	s04e21a	
subcortex_THA	26.22941290737233	14	friends	02	033	s04e21a	
cerebellum	24.89794665028163	88	friends	02	033	s04e21b	
cortex_Cont	38.973029805926195	128	friends	02	033	s04e21b	
cortex_Default	35.4687908308118	209	friends	02	033	s04e21b	
cortex_DorsAttn	39.23911614361447	122	friends	02	033	s04e21b	
cortex_Limbic	18.75957492277596	60	friends	02	033	s04e21b	
cortex_SalVentAttn	37.46488595024186	121	friends	02	033	s04e21b	
cortex_SomMot	37.952968395259056	194	friends	02	033	s04e21b	
cortex_Vis	31.129593750642893	162	friends	02	033	s04e21b	
subcortex_CAU	29.920002490026413	8	friends	02	033	s04e21b	
subcortex_PUT	28.818761149434117	8	friends	02	033	s04e21b	
subcortex_THA	25.40802986289638	14	friends	02	033	s04e21b	
cerebellum	25.395107062144177	88	friends	02	033	s04e22a	
cortex_Cont	37.6293229173874	128	friends	02	033	s04e22a	
cortex_Default	34.789426948204444	209	friends	02	033	s04e22a	
cortex_DorsAttn	40.24316732969755	122	friends	02	033	s04e22a	
cortex_Limbic	17.829723211490624	60	friends	02	033	s04e22a	
cortex_SalVentAttn	37.72028142304754	121	friends	02	033	s04e22a	
cortex_SomMot	39.09874058449312	194	friends	02	033	s04e22a	
cortex_Vis	30.932561452231372	162	friends	02	033	s04e22a	
subcortex_CAU	29.906529620079006	8	friends	02	033	s04e22a	
subcortex_PUT	29.014129368714926	8	friends	02	033	s04e22a	
subcortex_THA	25.7119364424787	14	friends	02	033	s04e22a	
cerebellum	25.864371099113747	88	friends	02	033	s04e22b	
cortex_Cont	37.532188751121126	128	friends	02	033	s04e22b	
cortex_Default	34.1699996524783	209	friends	02	033	s04e22b	
cortex_DorsAttn	40.45415798624708	122	friends	02	033	s04e22b	
cortex_Limbic	17.141173221502964	60	friends	02	033	s04e22b	
cortex_SalVentAttn	36.85107326154467	121	friends	02	033	s04e22b	
cortex_SomMot	38.007150704167074	194	friends	02	033	s04e22b	
cortex_Vis	31.49680385486333	162	friends	02	033	s04e22b	
subcortex_CAU	29.069840389257184	8	friends	02	033	s04e22b	
subcortex_PUT	28.09182714164492	8	friends	02	033	s04e22b	
subcortex_THA	24.964101709441888	14	friends	02	033	s04e22b	
cerebellum	25.852691480153407	88	friends	02	033	s04e23a	
cortex_Cont	39.018382977457	128	friends	02	033	s04e23a	
cortex_Default	35.94800689200666	209	friends	02	033	s04e23a	
cortex_DorsAttn	40.29125914965724	122	friends	02	033	s04e23a	
cortex_Limbic	18.435918694116527	60	friends	02	033	s04e23a	
cortex_SalVentAttn	38.4780448867579	121	friends	02	033	s04e23a	
cortex_SomMot	39.910021720853585	194	friends	02	033	s04e23a	
cortex_Vis	31.212280272188423	162	friends	02	033	s04e23a	
subcortex_CAU	29.682424682320693	8	friends	02	033	s04e23a	
subcortex_PUT	28.822661323358215	8	friends	02	033	s04e23a	
subcortex_THA	25.09960402971253	14	friends	02	033	s04e23a	
cerebellum	24.74505702341909	88	friends	02	033	s04e23b	
cortex_Cont	37.60414269172924	128	friends	02	033	s04e23b	
cortex_Default	34.72472708473437	209	friends	02	033	s04e23b	
cortex_DorsAttn	37.902205502815434	122	friends	02	033	s04e23b	
cortex_Limbic	18.528291278343097	60	friends	02	033	s04e23b	
cortex_SalVentAttn	36.48006555286757	121	friends	02	033	s04e23b	
cortex_SomMot	36.90745769386852	194	friends	02	033	s04e23b	
cortex_Vis	30.288601970167324	162	friends	02	033	s04e23b	
subcortex_CAU	29.059965853415413	8	friends	02	033	s04e23b	
subcortex_PUT	28.389597949317917	8	friends	02	033	s04e23b	
subcortex_THA	24.813611730940085	14	friends	02	033	s04e23b	
cerebellum	25.921160836725615	88	friends	02	033	s04e23c	
cortex_Cont	40.523961260116806	128	friends	02	033	s04e23c	
cortex_Default	36.631314315221694	209	friends	02	033	s04e23c	
cortex_DorsAttn	41.942758255058635	122	friends	02	033	s04e23c	
cortex_Limbic	18.474958514970066	60	friends	02	033	s04e23c	
cortex_SalVentAttn	38.9232230596115	121	friends	02	033	s04e23c	
cortex_SomMot	39.39816961438615	194	friends	02	033	s04e23c	
cortex_Vis	32.74671257141989	162	friends	02	033	s04e23c	
subcortex_CAU	29.500205211921603	8	friends	02	033	s04e23c	
subcortex_PUT	28.690970843892654	8	friends	02	033	s04e23c	
subcortex_THA	25.118865200356378	14	friends	02	033	s04e23c	
cerebellum	25.9300401014076	88	friends	02	033	s04e23d	
cortex_Cont	39.711405709266955	128	friends	02	033	s04e23d	
cortex_Default	36.4308551861767	209	friends	02	033	s04e23d	
cortex_DorsAttn	41.564266359191315	122	friends	02	033	s04e23d	
cortex_Limbic	19.253766603414803	60	friends	02	033	s04e23d	
cortex_SalVentAttn	38.84039194389039	121	friends	02	033	s04e23d	
cortex_SomMot	40.11439798803863	194	friends	02	033	s04e23d	
cortex_Vis	31.745979331314047	162	friends	02	033	s04e23d	
subcortex_CAU	29.337716684811046	8	friends	02	033	s04e23d	
subcortex_PUT	28.396876571398757	8	friends	02	033	s04e23d	
subcortex_THA	25.3667386298823	14	friends	02	033	s04e23d	
cerebellum	22.821768148901654	88	friends	02	034	s05e01a	
cortex_Cont	33.70422048205795	128	friends	02	034	s05e01a	
cortex_Default	31.773449982195554	209	friends	02	034	s05e01a	
cortex_DorsAttn	34.65438782892809	122	friends	02	034	s05e01a	
cortex_Limbic	16.806722124904265	60	friends	02	034	s05e01a	
cortex_SalVentAttn	35.12022351183738	121	friends	02	034	s05e01a	
cortex_SomMot	35.708245851022426	194	friends	02	034	s05e01a	
cortex_Vis	28.51443419739645	162	friends	02	034	s05e01a	
subcortex_CAU	29.054594394028758	8	friends	02	034	s05e01a	
subcortex_PUT	29.001328846995385	8	friends	02	034	s05e01a	
subcortex_THA	24.50620854246544	14	friends	02	034	s05e01a	
cerebellum	23.87171973232955	88	friends	02	034	s05e01b	
cortex_Cont	39.306848379586214	128	friends	02	034	s05e01b	
cortex_Default	36.38338949917447	209	friends	02	034	s05e01b	
cortex_DorsAttn	38.9926815993414	122	friends	02	034	s05e01b	
cortex_Limbic	18.677979502399587	60	friends	02	034	s05e01b	
cortex_SalVentAttn	38.54240182882737	121	friends	02	034	s05e01b	
cortex_SomMot	38.708622794251674	194	friends	02	034	s05e01b	
cortex_Vis	31.474643414564103	162	friends	02	034	s05e01b	
subcortex_CAU	29.98566792629021	8	friends	02	034	s05e01b	
subcortex_PUT	28.95900532382246	8	friends	02	034	s05e01b	
subcortex_THA	24.927980213038342	14	friends	02	034	s05e01b	
cerebellum	27.32711582619639	88	friends	02	034	s05e02a	
cortex_Cont	41.402371487487535	128	friends	02	034	s05e02a	
cortex_Default	38.131115028266024	209	friends	02	034	s05e02a	
cortex_DorsAttn	43.629075850607066	122	friends	02	034	s05e02a	
cortex_Limbic	18.73022384358754	60	friends	02	034	s05e02a	
cortex_SalVentAttn	39.32331350155211	121	friends	02	034	s05e02a	
cortex_SomMot	40.8380369998393	194	friends	02	034	s05e02a	
cortex_Vis	35.75967131511371	162	friends	02	034	s05e02a	
subcortex_CAU	29.913539134431595	8	friends	02	034	s05e02a	
subcortex_PUT	28.992610201421268	8	friends	02	034	s05e02a	
subcortex_THA	25.246504636434363	14	friends	02	034	s05e02a	
cerebellum	26.091294148490576	88	friends	02	034	s05e02b	
cortex_Cont	39.03112296647756	128	friends	02	034	s05e02b	
cortex_Default	36.29299966952397	209	friends	02	034	s05e02b	
cortex_DorsAttn	41.72950157773376	122	friends	02	034	s05e02b	
cortex_Limbic	18.54078027935924	60	friends	02	034	s05e02b	
cortex_SalVentAttn	38.52628178701024	121	friends	02	034	s05e02b	
cortex_SomMot	39.08857346028441	194	friends	02	034	s05e02b	
cortex_Vis	33.84863284014769	162	friends	02	034	s05e02b	
subcortex_CAU	29.673815827668907	8	friends	02	034	s05e02b	
subcortex_PUT	28.73964450986062	8	friends	02	034	s05e02b	
subcortex_THA	25.31191255317025	14	friends	02	034	s05e02b	
cerebellum	26.843105966367684	88	friends	02	034	s05e03a	
cortex_Cont	41.736399463708814	128	friends	02	034	s05e03a	
cortex_Default	38.75611570254646	209	friends	02	034	s05e03a	
cortex_DorsAttn	43.88644078203255	122	friends	02	034	s05e03a	
cortex_Limbic	19.51480603380913	60	friends	02	034	s05e03a	
cortex_SalVentAttn	40.61396980987289	121	friends	02	034	s05e03a	
cortex_SomMot	41.97313829452687	194	friends	02	034	s05e03a	
cortex_Vis	34.72503246149167	162	friends	02	034	s05e03a	
subcortex_CAU	29.919313051753964	8	friends	02	034	s05e03a	
subcortex_PUT	28.910469131713484	8	friends	02	034	s05e03a	
subcortex_THA	25.461662053822106	14	friends	02	034	s05e03a	
cerebellum	27.06064863043098	88	friends	02	034	s05e03b	
cortex_Cont	37.85286708870207	128	friends	02	034	s05e03b	
cortex_Default	35.330672282297	209	friends	02	034	s05e03b	
cortex_DorsAttn	41.954684557056055	122	friends	02	034	s05e03b	
cortex_Limbic	17.952435062323346	60	friends	02	034	s05e03b	
cortex_SalVentAttn	37.298019441936596	121	friends	02	034	s05e03b	
cortex_SomMot	38.81449127400047	194	friends	02	034	s05e03b	
cortex_Vis	34.4007211792423	162	friends	02	034	s05e03b	
subcortex_CAU	28.936848912040908	8	friends	02	034	s05e03b	
subcortex_PUT	27.94990039956091	8	friends	02	034	s05e03b	
subcortex_THA	24.70751818435905	14	friends	02	034	s05e03b	
cerebellum	28.59060272328495	88	friends	02	035	s05e04a	
cortex_Cont	37.31380468877495	128	friends	02	035	s05e04a	
cortex_Default	35.720089500696524	209	friends	02	035	s05e04a	
cortex_DorsAttn	40.62038491711059	122	friends	02	035	s05e04a	
cortex_Limbic	18.053048191324137	60	friends	02	035	s05e04a	
cortex_SalVentAttn	38.31841069281522	121	friends	02	035	s05e04a	
cortex_SomMot	38.77415855909726	194	friends	02	035	s05e04a	
cortex_Vis	33.68774796949098	162	friends	02	035	s05e04a	
subcortex_CAU	29.60856896338579	8	friends	02	035	s05e04a	
subcortex_PUT	29.34396833450412	8	friends	02	035	s05e04a	
subcortex_THA	26.322572530897272	14	friends	02	035	s05e04a	
cerebellum	28.090551868906243	88	friends	02	035	s05e04b	
cortex_Cont	40.29578250481155	128	friends	02	035	s05e04b	
cortex_Default	37.159643564757836	209	friends	02	035	s05e04b	
cortex_DorsAttn	41.98193440859928	122	friends	02	035	s05e04b	
cortex_Limbic	19.01336227726286	60	friends	02	035	s05e04b	
cortex_SalVentAttn	39.7615131944888	121	friends	02	035	s05e04b	
cortex_SomMot	40.31045244796871	194	friends	02	035	s05e04b	
cortex_Vis	33.16005594516002	162	friends	02	035	s05e04b	
subcortex_CAU	30.940034844310212	8	friends	02	035	s05e04b	
subcortex_PUT	29.78496916159751	8	friends	02	035	s05e04b	
subcortex_THA	26.671894276593466	14	friends	02	035	s05e04b	
cerebellum	26.63322258673895	88	friends	02	035	s05e05a	
cortex_Cont	37.037575328054615	128	friends	02	035	s05e05a	
cortex_Default	34.59659696950935	209	friends	02	035	s05e05a	
cortex_DorsAttn	39.53795783946323	122	friends	02	035	s05e05a	
cortex_Limbic	17.651825849339048	60	friends	02	035	s05e05a	
cortex_SalVentAttn	37.222230296110546	121	friends	02	035	s05e05a	
cortex_SomMot	37.86179036744681	194	friends	02	035	s05e05a	
cortex_Vis	31.696700292021102	162	friends	02	035	s05e05a	
subcortex_CAU	29.14883275151191	8	friends	02	035	s05e05a	
subcortex_PUT	28.73151906443805	8	friends	02	035	s05e05a	
subcortex_THA	25.503285844839077	14	friends	02	035	s05e05a	
cerebellum	26.466884336244686	88	friends	02	035	s05e05b	
cortex_Cont	37.51648057630329	128	friends	02	035	s05e05b	
cortex_Default	35.23696398697791	209	friends	02	035	s05e05b	
cortex_DorsAttn	38.51611932219235	122	friends	02	035	s05e05b	
cortex_Limbic	18.143190380055035	60	friends	02	035	s05e05b	
cortex_SalVentAttn	37.34518203670769	121	friends	02	035	s05e05b	
cortex_SomMot	36.90779456733267	194	friends	02	035	s05e05b	
cortex_Vis	31.497770500630413	162	friends	02	035	s05e05b	
subcortex_CAU	29.894577726212102	8	friends	02	035	s05e05b	
subcortex_PUT	28.646564243755773	8	friends	02	035	s05e05b	
subcortex_THA	25.469595043706416	14	friends	02	035	s05e05b	
cerebellum	26.25239393709577	88	friends	02	035	s05e06a	
cortex_Cont	37.36242444485516	128	friends	02	035	s05e06a	
cortex_Default	35.32432694461724	209	friends	02	035	s05e06a	
cortex_DorsAttn	39.842954366630124	122	friends	02	035	s05e06a	
cortex_Limbic	18.129019777316174	60	friends	02	035	s05e06a	
cortex_SalVentAttn	37.194124554606915	121	friends	02	035	s05e06a	
cortex_SomMot	38.170732104150375	194	friends	02	035	s05e06a	
cortex_Vis	31.75017051616429	162	friends	02	035	s05e06a	
subcortex_CAU	29.706516062689474	8	friends	02	035	s05e06a	
subcortex_PUT	28.53614936471427	8	friends	02	035	s05e06a	
subcortex_THA	25.63174675843641	14	friends	02	035	s05e06a	
cerebellum	23.485170521992202	88	friends	02	035	s05e06b	
cortex_Cont	32.0861482713752	128	friends	02	035	s05e06b	
cortex_Default	30.59947160036414	209	friends	02	035	s05e06b	
cortex_DorsAttn	32.96854148253836	122	friends	02	035	s05e06b	
cortex_Limbic	16.401272559430247	60	friends	02	035	s05e06b	
cortex_SalVentAttn	32.87202056485448	121	friends	02	035	s05e06b	
cortex_SomMot	32.94963852203524	194	friends	02	035	s05e06b	
cortex_Vis	26.878684480686207	162	friends	02	035	s05e06b	
subcortex_CAU	27.996569128093803	8	friends	02	035	s05e06b	
subcortex_PUT	27.723794199334666	8	friends	02	035	s05e06b	
subcortex_THA	23.978887177279432	14	friends	02	035	s05e06b	
cerebellum	23.8927115216096	88	friends	02	036	s05e07a	
cortex_Cont	36.89166110901948	128	friends	02	036	s05e07a	
cortex_Default	34.192403541983204	209	friends	02	036	s05e07a	
cortex_DorsAttn	36.95289634576006	122	friends	02	036	s05e07a	
cortex_Limbic	18.33977921880128	60	friends	02	036	s05e07a	
cortex_SalVentAttn	37.78317926653016	121	friends	02	036	s05e07a	
cortex_SomMot	37.882094915164814	194	friends	02	036	s05e07a	
cortex_Vis	29.61370734115349	162	friends	02	036	s05e07a	
subcortex_CAU	31.099214219906536	8	friends	02	036	s05e07a	
subcortex_PUT	30.026090778488445	8	friends	02	036	s05e07a	
subcortex_THA	25.87879506070355	14	friends	02	036	s05e07a	
cerebellum	25.637515996306885	88	friends	02	036	s05e07b	
cortex_Cont	39.996760002374316	128	friends	02	036	s05e07b	
cortex_Default	36.840024064513884	209	friends	02	036	s05e07b	
cortex_DorsAttn	41.68373016468921	122	friends	02	036	s05e07b	
cortex_Limbic	18.139428293104412	60	friends	02	036	s05e07b	
cortex_SalVentAttn	40.14655626529081	121	friends	02	036	s05e07b	
cortex_SomMot	41.88714392081953	194	friends	02	036	s05e07b	
cortex_Vis	32.7527651012329	162	friends	02	036	s05e07b	
subcortex_CAU	31.299519185148107	8	friends	02	036	s05e07b	
subcortex_PUT	29.864698467059277	8	friends	02	036	s05e07b	
subcortex_THA	26.6295039700087	14	friends	02	036	s05e07b	
cerebellum	26.05233192389488	88	friends	02	036	s05e08a	
cortex_Cont	39.33679746971072	128	friends	02	036	s05e08a	
cortex_Default	36.71860232260889	209	friends	02	036	s05e08a	
cortex_DorsAttn	40.231855401125124	122	friends	02	036	s05e08a	
cortex_Limbic	18.805241751679723	60	friends	02	036	s05e08a	
cortex_SalVentAttn	39.04977668347806	121	friends	02	036	s05e08a	
cortex_SomMot	39.252680141051094	194	friends	02	036	s05e08a	
cortex_Vis	32.36537852147077	162	friends	02	036	s05e08a	
subcortex_CAU	31.609871629505935	8	friends	02	036	s05e08a	
subcortex_PUT	30.23333372750438	8	friends	02	036	s05e08a	
subcortex_THA	26.506840727175774	14	friends	02	036	s05e08a	
cerebellum	28.4497687492278	88	friends	02	036	s05e08b	
cortex_Cont	42.85796218627053	128	friends	02	036	s05e08b	
cortex_Default	38.88415495816997	209	friends	02	036	s05e08b	
cortex_DorsAttn	46.881639507913704	122	friends	02	036	s05e08b	
cortex_Limbic	18.909258489153874	60	friends	02	036	s05e08b	
cortex_SalVentAttn	40.521910909219656	121	friends	02	036	s05e08b	
cortex_SomMot	42.30729720336204	194	friends	02	036	s05e08b	
cortex_Vis	37.15938580690538	162	friends	02	036	s05e08b	
subcortex_CAU	31.266105464793664	8	friends	02	036	s05e08b	
subcortex_PUT	29.609519939779865	8	friends	02	036	s05e08b	
subcortex_THA	26.53215956098842	14	friends	02	036	s05e08b	
cerebellum	27.76588308207564	88	friends	02	036	s05e09a	
cortex_Cont	43.16799049599988	128	friends	02	036	s05e09a	
cortex_Default	38.99301151421025	209	friends	02	036	s05e09a	
cortex_DorsAttn	47.9079047252048	122	friends	02	036	s05e09a	
cortex_Limbic	18.56581972988711	60	friends	02	036	s05e09a	
cortex_SalVentAttn	41.48657363336927	121	friends	02	036	s05e09a	
cortex_SomMot	44.0561868393387	194	friends	02	036	s05e09a	
cortex_Vis	36.4869797371401	162	friends	02	036	s05e09a	
subcortex_CAU	31.498956281004617	8	friends	02	036	s05e09a	
subcortex_PUT	29.669564092899385	8	friends	02	036	s05e09a	
subcortex_THA	26.516353458578745	14	friends	02	036	s05e09a	
cerebellum	26.40538937416012	88	friends	02	036	s05e09b	
cortex_Cont	40.275691295170965	128	friends	02	036	s05e09b	
cortex_Default	37.180448730726	209	friends	02	036	s05e09b	
cortex_DorsAttn	43.36713416080842	122	friends	02	036	s05e09b	
cortex_Limbic	18.326078703927145	60	friends	02	036	s05e09b	
cortex_SalVentAttn	39.94909404530896	121	friends	02	036	s05e09b	
cortex_SomMot	41.49531516283337	194	friends	02	036	s05e09b	
cortex_Vis	33.842801441411495	162	friends	02	036	s05e09b	
subcortex_CAU	31.103252072608903	8	friends	02	036	s05e09b	
subcortex_PUT	29.545340111566627	8	friends	02	036	s05e09b	
subcortex_THA	26.1946591583048	14	friends	02	036	s05e09b	
cerebellum	33.847338445284386	88	friends	02	037	s05e09a	
cortex_Cont	48.79122507092647	128	friends	02	037	s05e09a	
cortex_Default	43.744058250981915	209	friends	02	037	s05e09a	
cortex_DorsAttn	53.26008192211342	122	friends	02	037	s05e09a	
cortex_Limbic	21.97324270093724	60	friends	02	037	s05e09a	
cortex_SalVentAttn	47.883110710155414	121	friends	02	037	s05e09a	
cortex_SomMot	49.63631684121441	194	friends	02	037	s05e09a	
cortex_Vis	41.05002434024179	162	friends	02	037	s05e09a	
subcortex_CAU	34.186085534233136	8	friends	02	037	s05e09a	
subcortex_PUT	32.70075502904571	8	friends	02	037	s05e09a	
subcortex_THA	29.445720819036517	14	friends	02	037	s05e09a	
cerebellum	22.668539138525624	88	friends	02	037	s05e10a	
cortex_Cont	35.42233262617887	128	friends	02	037	s05e10a	
cortex_Default	32.661417727550926	209	friends	02	037	s05e10a	
cortex_DorsAttn	36.47814456062783	122	friends	02	037	s05e10a	
cortex_Limbic	17.193494978198945	60	friends	02	037	s05e10a	
cortex_SalVentAttn	37.16534275944886	121	friends	02	037	s05e10a	
cortex_SomMot	38.585736513142756	194	friends	02	037	s05e10a	
cortex_Vis	28.468424784500673	162	friends	02	037	s05e10a	
subcortex_CAU	30.294630381451682	8	friends	02	037	s05e10a	
subcortex_PUT	29.876634972373527	8	friends	02	037	s05e10a	
subcortex_THA	25.884704321529792	14	friends	02	037	s05e10a	
cerebellum	25.66412887774607	88	friends	02	037	s05e10b	
cortex_Cont	41.50148411151405	128	friends	02	037	s05e10b	
cortex_Default	37.82447705564807	209	friends	02	037	s05e10b	
cortex_DorsAttn	43.22347417415961	122	friends	02	037	s05e10b	
cortex_Limbic	19.249814065790158	60	friends	02	037	s05e10b	
cortex_SalVentAttn	40.60558143162918	121	friends	02	037	s05e10b	
cortex_SomMot	41.378395933579455	194	friends	02	037	s05e10b	
cortex_Vis	33.59594031349604	162	friends	02	037	s05e10b	
subcortex_CAU	31.671420824168077	8	friends	02	037	s05e10b	
subcortex_PUT	30.355881849807982	8	friends	02	037	s05e10b	
subcortex_THA	26.61466203016056	14	friends	02	037	s05e10b	
cerebellum	24.657717502798462	88	friends	02	037	s05e11a	
cortex_Cont	40.44783068428233	128	friends	02	037	s05e11a	
cortex_Default	36.58809644320196	209	friends	02	037	s05e11a	
cortex_DorsAttn	41.36956466926042	122	friends	02	037	s05e11a	
cortex_Limbic	19.13973784549552	60	friends	02	037	s05e11a	
cortex_SalVentAttn	40.146468338193586	121	friends	02	037	s05e11a	
cortex_SomMot	40.948297835388864	194	friends	02	037	s05e11a	
cortex_Vis	32.36915356460048	162	friends	02	037	s05e11a	
subcortex_CAU	31.633678710585453	8	friends	02	037	s05e11a	
subcortex_PUT	30.237795166138053	8	friends	02	037	s05e11a	
subcortex_THA	26.192015656334245	14	friends	02	037	s05e11a	
cerebellum	26.264167705610358	88	friends	02	037	s05e11b	
cortex_Cont	43.24578739293893	128	friends	02	037	s05e11b	
cortex_Default	38.93192683314839	209	friends	02	037	s05e11b	
cortex_DorsAttn	43.82620471226673	122	friends	02	037	s05e11b	
cortex_Limbic	19.723234245019604	60	friends	02	037	s05e11b	
cortex_SalVentAttn	41.49881242294009	121	friends	02	037	s05e11b	
cortex_SomMot	42.89981513397592	194	friends	02	037	s05e11b	
cortex_Vis	33.584819142527614	162	friends	02	037	s05e11b	
subcortex_CAU	31.993035338418117	8	friends	02	037	s05e11b	
subcortex_PUT	30.351004733425192	8	friends	02	037	s05e11b	
subcortex_THA	26.790322742590853	14	friends	02	037	s05e11b	
cerebellum	22.448477316335445	88	friends	02	038	s05e12a	
cortex_Cont	36.36710612032298	128	friends	02	038	s05e12a	
cortex_Default	33.14447330432251	209	friends	02	038	s05e12a	
cortex_DorsAttn	35.31717271895877	122	friends	02	038	s05e12a	
cortex_Limbic	18.14809755154719	60	friends	02	038	s05e12a	
cortex_SalVentAttn	37.428481613449456	121	friends	02	038	s05e12a	
cortex_SomMot	37.226548290425	194	friends	02	038	s05e12a	
cortex_Vis	28.2501360203622	162	friends	02	038	s05e12a	
subcortex_CAU	31.350305980572436	8	friends	02	038	s05e12a	
subcortex_PUT	30.283604866626913	8	friends	02	038	s05e12a	
subcortex_THA	25.28445449594771	14	friends	02	038	s05e12a	
cerebellum	25.485578683538957	88	friends	02	038	s05e12b	
cortex_Cont	43.616645799451284	128	friends	02	038	s05e12b	
cortex_Default	39.00351633650087	209	friends	02	038	s05e12b	
cortex_DorsAttn	43.45116435020963	122	friends	02	038	s05e12b	
cortex_Limbic	19.712803768018397	60	friends	02	038	s05e12b	
cortex_SalVentAttn	41.42503976506631	121	friends	02	038	s05e12b	
cortex_SomMot	42.61984222389832	194	friends	02	038	s05e12b	
cortex_Vis	33.69002122959528	162	friends	02	038	s05e12b	
subcortex_CAU	31.741715253957086	8	friends	02	038	s05e12b	
subcortex_PUT	30.52252118804501	8	friends	02	038	s05e12b	
subcortex_THA	26.24014365989765	14	friends	02	038	s05e12b	
cerebellum	25.97738921790688	88	friends	02	038	s05e13a	
cortex_Cont	43.202317554157155	128	friends	02	038	s05e13a	
cortex_Default	38.418332756851626	209	friends	02	038	s05e13a	
cortex_DorsAttn	44.754161678718965	122	friends	02	038	s05e13a	
cortex_Limbic	19.55763301886534	60	friends	02	038	s05e13a	
cortex_SalVentAttn	41.02547742568573	121	friends	02	038	s05e13a	
cortex_SomMot	43.058059746553965	194	friends	02	038	s05e13a	
cortex_Vis	34.05246052108434	162	friends	02	038	s05e13a	
subcortex_CAU	31.152931551263535	8	friends	02	038	s05e13a	
subcortex_PUT	30.222224500956806	8	friends	02	038	s05e13a	
subcortex_THA	25.947716709677316	14	friends	02	038	s05e13a	
cerebellum	24.92974146916223	88	friends	02	038	s05e13b	
cortex_Cont	40.76422638474246	128	friends	02	038	s05e13b	
cortex_Default	36.671330935521084	209	friends	02	038	s05e13b	
cortex_DorsAttn	41.841116199267766	122	friends	02	038	s05e13b	
cortex_Limbic	18.866425390499163	60	friends	02	038	s05e13b	
cortex_SalVentAttn	39.62368510632326	121	friends	02	038	s05e13b	
cortex_SomMot	40.78723371349739	194	friends	02	038	s05e13b	
cortex_Vis	31.749195387254016	162	friends	02	038	s05e13b	
subcortex_CAU	31.124869403508235	8	friends	02	038	s05e13b	
subcortex_PUT	29.54526396582853	8	friends	02	038	s05e13b	
subcortex_THA	25.73326427621218	14	friends	02	038	s05e13b	
cerebellum	28.023300546364286	88	friends	02	039	s05e14a	
cortex_Cont	45.056161781743185	128	friends	02	039	s05e14a	
cortex_Default	39.6081964007304	209	friends	02	039	s05e14a	
cortex_DorsAttn	46.98015308466957	122	friends	02	039	s05e14a	
cortex_Limbic	18.100448686773664	60	friends	02	039	s05e14a	
cortex_SalVentAttn	42.53800172323705	121	friends	02	039	s05e14a	
cortex_SomMot	44.18155716686563	194	friends	02	039	s05e14a	
cortex_Vis	33.5824023468697	162	friends	02	039	s05e14a	
subcortex_CAU	32.5388651276207	8	friends	02	039	s05e14a	
subcortex_PUT	30.190045079907836	8	friends	02	039	s05e14a	
subcortex_THA	26.18749551657262	14	friends	02	039	s05e14a	
cerebellum	27.530341868840583	88	friends	02	039	s05e14b	
cortex_Cont	39.905919528135854	128	friends	02	039	s05e14b	
cortex_Default	36.0185735049893	209	friends	02	039	s05e14b	
cortex_DorsAttn	44.328316030114564	122	friends	02	039	s05e14b	
cortex_Limbic	16.880289375633254	60	friends	02	039	s05e14b	
cortex_SalVentAttn	38.811910135820476	121	friends	02	039	s05e14b	
cortex_SomMot	39.98188790075983	194	friends	02	039	s05e14b	
cortex_Vis	33.1040114084799	162	friends	02	039	s05e14b	
subcortex_CAU	31.28417950261232	8	friends	02	039	s05e14b	
subcortex_PUT	29.45891572655124	8	friends	02	039	s05e14b	
subcortex_THA	25.858854145231792	14	friends	02	039	s05e14b	
cerebellum	30.363873029738212	88	friends	02	040	s05e15a	
cortex_Cont	45.0943866197445	128	friends	02	040	s05e15a	
cortex_Default	40.818376662296295	209	friends	02	040	s05e15a	
cortex_DorsAttn	48.45166687046103	122	friends	02	040	s05e15a	
cortex_Limbic	20.558259031902082	60	friends	02	040	s05e15a	
cortex_SalVentAttn	43.38622308622744	121	friends	02	040	s05e15a	
cortex_SomMot	44.836857621201105	194	friends	02	040	s05e15a	
cortex_Vis	38.091797364626395	162	friends	02	040	s05e15a	
subcortex_CAU	32.38079935163518	8	friends	02	040	s05e15a	
subcortex_PUT	30.66671188329302	8	friends	02	040	s05e15a	
subcortex_THA	27.08871482051973	14	friends	02	040	s05e15a	
cerebellum	29.771558619799873	88	friends	02	040	s05e15b	
cortex_Cont	43.07046980710508	128	friends	02	040	s05e15b	
cortex_Default	39.478169910536174	209	friends	02	040	s05e15b	
cortex_DorsAttn	44.920888768323515	122	friends	02	040	s05e15b	
cortex_Limbic	20.26631734537322	60	friends	02	040	s05e15b	
cortex_SalVentAttn	41.96070125202695	121	friends	02	040	s05e15b	
cortex_SomMot	41.93438055517096	194	friends	02	040	s05e15b	
cortex_Vis	36.631249140847935	162	friends	02	040	s05e15b	
subcortex_CAU	32.735200231528225	8	friends	02	040	s05e15b	
subcortex_PUT	30.61198410626496	8	friends	02	040	s05e15b	
subcortex_THA	27.52093401132433	14	friends	02	040	s05e15b	
cerebellum	32.30563166729588	88	friends	02	040	s05e16a	
cortex_Cont	47.466610243326016	128	friends	02	040	s05e16a	
cortex_Default	42.71918236595845	209	friends	02	040	s05e16a	
cortex_DorsAttn	52.90502955652033	122	friends	02	040	s05e16a	
cortex_Limbic	20.942868817410332	60	friends	02	040	s05e16a	
cortex_SalVentAttn	44.17280892391326	121	friends	02	040	s05e16a	
cortex_SomMot	47.66414302529521	194	friends	02	040	s05e16a	
cortex_Vis	40.55718680516759	162	friends	02	040	s05e16a	
subcortex_CAU	32.61986911858348	8	friends	02	040	s05e16a	
subcortex_PUT	30.453143273247196	8	friends	02	040	s05e16a	
subcortex_THA	27.68945886069838	14	friends	02	040	s05e16a	
cerebellum	27.79089864757789	88	friends	02	040	s05e17a	
cortex_Cont	39.318214065332306	128	friends	02	040	s05e17a	
cortex_Default	36.44395671779529	209	friends	02	040	s05e17a	
cortex_DorsAttn	42.29938553713675	122	friends	02	040	s05e17a	
cortex_Limbic	18.467273848659435	60	friends	02	040	s05e17a	
cortex_SalVentAttn	38.90039801424245	121	friends	02	040	s05e17a	
cortex_SomMot	40.39430066076371	194	friends	02	040	s05e17a	
cortex_Vis	33.672284717785494	162	friends	02	040	s05e17a	
subcortex_CAU	31.103046676757025	8	friends	02	040	s05e17a	
subcortex_PUT	29.509501098287842	8	friends	02	040	s05e17a	
subcortex_THA	26.438086106271054	14	friends	02	040	s05e17a	
cerebellum	28.244647194338164	88	friends	02	040	s05e17b	
cortex_Cont	40.4255934298394	128	friends	02	040	s05e17b	
cortex_Default	36.946558251101905	209	friends	02	040	s05e17b	
cortex_DorsAttn	43.817769339024814	122	friends	02	040	s05e17b	
cortex_Limbic	19.150079137802784	60	friends	02	040	s05e17b	
cortex_SalVentAttn	39.61376010501916	121	friends	02	040	s05e17b	
cortex_SomMot	40.828699097276186	194	friends	02	040	s05e17b	
cortex_Vis	34.43286260050445	162	friends	02	040	s05e17b	
subcortex_CAU	31.300837275239928	8	friends	02	040	s05e17b	
subcortex_PUT	29.676599030792115	8	friends	02	040	s05e17b	
subcortex_THA	26.32476151123848	14	friends	02	040	s05e17b	
cerebellum	25.959900789213087	88	friends	02	041	s05e18a	
cortex_Cont	36.779817026092395	128	friends	02	041	s05e18a	
cortex_Default	34.1253264303004	209	friends	02	041	s05e18a	
cortex_DorsAttn	41.00223618673399	122	friends	02	041	s05e18a	
cortex_Limbic	16.28959306107736	60	friends	02	041	s05e18a	
cortex_SalVentAttn	37.36372826432627	121	friends	02	041	s05e18a	
cortex_SomMot	38.31415002108278	194	friends	02	041	s05e18a	
cortex_Vis	32.59976711045423	162	friends	02	041	s05e18a	
subcortex_CAU	29.43426026308301	8	friends	02	041	s05e18a	
subcortex_PUT	29.02725576124397	8	friends	02	041	s05e18a	
subcortex_THA	25.649501308350874	14	friends	02	041	s05e18a	
cerebellum	30.058179011585697	88	friends	02	041	s05e18b	
cortex_Cont	45.73181197197566	128	friends	02	041	s05e18b	
cortex_Default	40.72901611949422	209	friends	02	041	s05e18b	
cortex_DorsAttn	50.07908210502811	122	friends	02	041	s05e18b	
cortex_Limbic	18.952020247107807	60	friends	02	041	s05e18b	
cortex_SalVentAttn	42.88658796919712	121	friends	02	041	s05e18b	
cortex_SomMot	45.514739965012716	194	friends	02	041	s05e18b	
cortex_Vis	38.01544415394049	162	friends	02	041	s05e18b	
subcortex_CAU	31.71458687664115	8	friends	02	041	s05e18b	
subcortex_PUT	29.82918151084668	8	friends	02	041	s05e18b	
subcortex_THA	26.804607088632487	14	friends	02	041	s05e18b	
cerebellum	29.088236244713787	88	friends	02	041	s05e19a	
cortex_Cont	45.20529799856658	128	friends	02	041	s05e19a	
cortex_Default	40.27192012876159	209	friends	02	041	s05e19a	
cortex_DorsAttn	49.785246499860456	122	friends	02	041	s05e19a	
cortex_Limbic	19.337553346423807	60	friends	02	041	s05e19a	
cortex_SalVentAttn	42.9154626578786	121	friends	02	041	s05e19a	
cortex_SomMot	45.90466423177417	194	friends	02	041	s05e19a	
cortex_Vis	37.45462196993587	162	friends	02	041	s05e19a	
subcortex_CAU	31.547654428589215	8	friends	02	041	s05e19a	
subcortex_PUT	29.820432378533358	8	friends	02	041	s05e19a	
subcortex_THA	26.87671330878015	14	friends	02	041	s05e19a	
cerebellum	29.152648911313687	88	friends	02	041	s05e19b	
cortex_Cont	44.340668858454094	128	friends	02	041	s05e19b	
cortex_Default	39.819093494496336	209	friends	02	041	s05e19b	
cortex_DorsAttn	48.27817626318777	122	friends	02	041	s05e19b	
cortex_Limbic	19.381667961505325	60	friends	02	041	s05e19b	
cortex_SalVentAttn	42.09739927280031	121	friends	02	041	s05e19b	
cortex_SomMot	44.3560309353098	194	friends	02	041	s05e19b	
cortex_Vis	37.27919516821212	162	friends	02	041	s05e19b	
subcortex_CAU	31.226064389077187	8	friends	02	041	s05e19b	
subcortex_PUT	29.57899014672452	8	friends	02	041	s05e19b	
subcortex_THA	26.571813468128898	14	friends	02	041	s05e19b	
cerebellum	27.567934285693795	88	friends	02	041	s05e20a	
cortex_Cont	42.85399236721007	128	friends	02	041	s05e20a	
cortex_Default	38.47521687345866	209	friends	02	041	s05e20a	
cortex_DorsAttn	43.7738494354903	122	friends	02	041	s05e20a	
cortex_Limbic	19.401058438591665	60	friends	02	041	s05e20a	
cortex_SalVentAttn	40.57952617473837	121	friends	02	041	s05e20a	
cortex_SomMot	42.02286719784587	194	friends	02	041	s05e20a	
cortex_Vis	33.06430760128254	162	friends	02	041	s05e20a	
subcortex_CAU	31.112499162710776	8	friends	02	041	s05e20a	
subcortex_PUT	29.58543950606499	8	friends	02	041	s05e20a	
subcortex_THA	26.152133114296227	14	friends	02	041	s05e20a	
cerebellum	24.782961039661696	88	friends	02	041	s05e20b	
cortex_Cont	38.216680326817304	128	friends	02	041	s05e20b	
cortex_Default	34.55116824153392	209	friends	02	041	s05e20b	
cortex_DorsAttn	38.99167281961443	122	friends	02	041	s05e20b	
cortex_Limbic	17.780831665313695	60	friends	02	041	s05e20b	
cortex_SalVentAttn	37.831401767438614	121	friends	02	041	s05e20b	
cortex_SomMot	38.96571999424675	194	friends	02	041	s05e20b	
cortex_Vis	29.131055793521195	162	friends	02	041	s05e20b	
subcortex_CAU	30.334498564083514	8	friends	02	041	s05e20b	
subcortex_PUT	28.9405168331154	8	friends	02	041	s05e20b	
subcortex_THA	25.13488128102028	14	friends	02	041	s05e20b	
cerebellum	27.54723346665612	88	friends	02	042	s05e21a	
cortex_Cont	37.3890483342763	128	friends	02	042	s05e21a	
cortex_Default	35.03650750230295	209	friends	02	042	s05e21a	
cortex_DorsAttn	41.20040632207234	122	friends	02	042	s05e21a	
cortex_Limbic	17.221513587798317	60	friends	02	042	s05e21a	
cortex_SalVentAttn	38.31897313234853	121	friends	02	042	s05e21a	
cortex_SomMot	38.467700304565305	194	friends	02	042	s05e21a	
cortex_Vis	34.155447447585374	162	friends	02	042	s05e21a	
subcortex_CAU	30.365219088472283	8	friends	02	042	s05e21a	
subcortex_PUT	29.674105677712898	8	friends	02	042	s05e21a	
subcortex_THA	26.45334438155803	14	friends	02	042	s05e21a	
cerebellum	28.41019783647124	88	friends	02	042	s05e21b	
cortex_Cont	45.593393127455585	128	friends	02	042	s05e21b	
cortex_Default	41.04946297715357	209	friends	02	042	s05e21b	
cortex_DorsAttn	47.85277198944659	122	friends	02	042	s05e21b	
cortex_Limbic	20.176855896261102	60	friends	02	042	s05e21b	
cortex_SalVentAttn	43.84768714535677	121	friends	02	042	s05e21b	
cortex_SomMot	46.155066405369155	194	friends	02	042	s05e21b	
cortex_Vis	36.587082227734726	162	friends	02	042	s05e21b	
subcortex_CAU	32.1201157267615	8	friends	02	042	s05e21b	
subcortex_PUT	30.330597347799873	8	friends	02	042	s05e21b	
subcortex_THA	27.37035138061407	14	friends	02	042	s05e21b	
cerebellum	30.428472538615754	88	friends	02	042	s05e22a	
cortex_Cont	46.744311697818226	128	friends	02	042	s05e22a	
cortex_Default	42.104476463553546	209	friends	02	042	s05e22a	
cortex_DorsAttn	49.96103374850097	122	friends	02	042	s05e22a	
cortex_Limbic	20.84466039227279	60	friends	02	042	s05e22a	
cortex_SalVentAttn	43.90445054413236	121	friends	02	042	s05e22a	
cortex_SomMot	45.84709859816784	194	friends	02	042	s05e22a	
cortex_Vis	38.60227724451857	162	friends	02	042	s05e22a	
subcortex_CAU	32.37774606181357	8	friends	02	042	s05e22a	
subcortex_PUT	30.42432024596653	8	friends	02	042	s05e22a	
subcortex_THA	27.365389522827122	14	friends	02	042	s05e22a	
cerebellum	27.470712238467566	88	friends	02	042	s05e22b	
cortex_Cont	43.31526129589524	128	friends	02	042	s05e22b	
cortex_Default	39.572144340352395	209	friends	02	042	s05e22b	
cortex_DorsAttn	44.758593605591216	122	friends	02	042	s05e22b	
cortex_Limbic	20.084738028751392	60	friends	02	042	s05e22b	
cortex_SalVentAttn	42.010584474697204	121	friends	02	042	s05e22b	
cortex_SomMot	43.020474270357404	194	friends	02	042	s05e22b	
cortex_Vis	34.60821762711466	162	friends	02	042	s05e22b	
subcortex_CAU	32.10441466258322	8	friends	02	042	s05e22b	
subcortex_PUT	30.328480197356438	8	friends	02	042	s05e22b	
subcortex_THA	27.073660763004007	14	friends	02	042	s05e22b	
cerebellum	31.481589281839845	88	friends	02	043	s05e23a	
cortex_Cont	42.33151700420157	128	friends	02	043	s05e23a	
cortex_Default	38.77514641214953	209	friends	02	043	s05e23a	
cortex_DorsAttn	47.515993957092	122	friends	02	043	s05e23a	
cortex_Limbic	18.820599464614418	60	friends	02	043	s05e23a	
cortex_SalVentAttn	41.191901760845745	121	friends	02	043	s05e23a	
cortex_SomMot	42.53062175217848	194	friends	02	043	s05e23a	
cortex_Vis	38.887648775998606	162	friends	02	043	s05e23a	
subcortex_CAU	31.40580881828511	8	friends	02	043	s05e23a	
subcortex_PUT	29.920716129464054	8	friends	02	043	s05e23a	
subcortex_THA	27.16807911022385	14	friends	02	043	s05e23a	
cerebellum	27.931615047070782	88	friends	02	043	s05e23b	
cortex_Cont	42.668072418796186	128	friends	02	043	s05e23b	
cortex_Default	39.10576572781426	209	friends	02	043	s05e23b	
cortex_DorsAttn	44.89269251980897	122	friends	02	043	s05e23b	
cortex_Limbic	20.031260308039517	60	friends	02	043	s05e23b	
cortex_SalVentAttn	41.167289570113965	121	friends	02	043	s05e23b	
cortex_SomMot	42.06855132079307	194	friends	02	043	s05e23b	
cortex_Vis	35.668966692394505	162	friends	02	043	s05e23b	
subcortex_CAU	32.07670863039377	8	friends	02	043	s05e23b	
subcortex_PUT	30.346888643460247	8	friends	02	043	s05e23b	
subcortex_THA	27.33005124560921	14	friends	02	043	s05e23b	
cerebellum	28.910246248626514	88	friends	02	043	s05e23c	
cortex_Cont	46.384703476150605	128	friends	02	043	s05e23c	
cortex_Default	42.22131423601175	209	friends	02	043	s05e23c	
cortex_DorsAttn	47.9549463953875	122	friends	02	043	s05e23c	
cortex_Limbic	20.781737702325902	60	friends	02	043	s05e23c	
cortex_SalVentAttn	43.14476823762263	121	friends	02	043	s05e23c	
cortex_SomMot	45.50617636120075	194	friends	02	043	s05e23c	
cortex_Vis	36.018964240699596	162	friends	02	043	s05e23c	
subcortex_CAU	32.208454754379574	8	friends	02	043	s05e23c	
subcortex_PUT	30.01146068952187	8	friends	02	043	s05e23c	
subcortex_THA	27.293345376013633	14	friends	02	043	s05e23c	
cerebellum	28.583171680559133	88	friends	02	043	s05e23d	
cortex_Cont	45.39500429345849	128	friends	02	043	s05e23d	
cortex_Default	40.658738490272945	209	friends	02	043	s05e23d	
cortex_DorsAttn	47.134333215374106	122	friends	02	043	s05e23d	
cortex_Limbic	20.451793872524043	60	friends	02	043	s05e23d	
cortex_SalVentAttn	42.14169343441851	121	friends	02	043	s05e23d	
cortex_SomMot	44.25816400222696	194	friends	02	043	s05e23d	
cortex_Vis	36.40763265656084	162	friends	02	043	s05e23d	
subcortex_CAU	32.85284186024193	8	friends	02	043	s05e23d	
subcortex_PUT	30.05854499724208	8	friends	02	043	s05e23d	
subcortex_THA	26.885847850863463	14	friends	02	043	s05e23d	
cerebellum	23.817260620998784	88	friends	02	046	s06e01a	
cortex_Cont	36.9751037154564	128	friends	02	046	s06e01a	
cortex_Default	33.64956852144949	209	friends	02	046	s06e01a	
cortex_DorsAttn	36.92478158241605	122	friends	02	046	s06e01a	
cortex_Limbic	18.209557925842788	60	friends	02	046	s06e01a	
cortex_SalVentAttn	37.92995608685905	121	friends	02	046	s06e01a	
cortex_SomMot	38.77050420164102	194	friends	02	046	s06e01a	
cortex_Vis	29.57303500304028	162	friends	02	046	s06e01a	
subcortex_CAU	30.861845332305684	8	friends	02	046	s06e01a	
subcortex_PUT	29.870558391921108	8	friends	02	046	s06e01a	
subcortex_THA	25.910938549154388	14	friends	02	046	s06e01a	
cerebellum	25.194942208257974	88	friends	02	046	s06e01b	
cortex_Cont	43.485508434322206	128	friends	02	046	s06e01b	
cortex_Default	38.55660168754717	209	friends	02	046	s06e01b	
cortex_DorsAttn	43.09365490924026	122	friends	02	046	s06e01b	
cortex_Limbic	19.766161062994176	60	friends	02	046	s06e01b	
cortex_SalVentAttn	41.46759778585583	121	friends	02	046	s06e01b	
cortex_SomMot	42.228037133675514	194	friends	02	046	s06e01b	
cortex_Vis	33.454740831213954	162	friends	02	046	s06e01b	
subcortex_CAU	31.677011757140292	8	friends	02	046	s06e01b	
subcortex_PUT	30.182383657644678	8	friends	02	046	s06e01b	
subcortex_THA	26.27311955335937	14	friends	02	046	s06e01b	
cerebellum	27.19501773982637	88	friends	02	046	s06e02a	
cortex_Cont	46.24608918761809	128	friends	02	046	s06e02a	
cortex_Default	40.74432933365272	209	friends	02	046	s06e02a	
cortex_DorsAttn	46.41656352541776	122	friends	02	046	s06e02a	
cortex_Limbic	20.68472411836832	60	friends	02	046	s06e02a	
cortex_SalVentAttn	42.96555487787663	121	friends	02	046	s06e02a	
cortex_SomMot	43.81528393500758	194	friends	02	046	s06e02a	
cortex_Vis	36.55161654858278	162	friends	02	046	s06e02a	
subcortex_CAU	31.892988186631	8	friends	02	046	s06e02a	
subcortex_PUT	30.159406281287666	8	friends	02	046	s06e02a	
subcortex_THA	26.672237929314225	14	friends	02	046	s06e02a	
cerebellum	29.061539999457317	88	friends	02	046	s06e02b	
cortex_Cont	51.034569789419066	128	friends	02	046	s06e02b	
cortex_Default	44.344003574927214	209	friends	02	046	s06e02b	
cortex_DorsAttn	54.7165842175946	122	friends	02	046	s06e02b	
cortex_Limbic	21.106658271349662	60	friends	02	046	s06e02b	
cortex_SalVentAttn	46.26753588243111	121	friends	02	046	s06e02b	
cortex_SomMot	50.10642138882324	194	friends	02	046	s06e02b	
cortex_Vis	40.613447734700166	162	friends	02	046	s06e02b	
subcortex_CAU	32.22925214826268	8	friends	02	046	s06e02b	
subcortex_PUT	30.064473963748803	8	friends	02	046	s06e02b	
subcortex_THA	27.13480291144966	14	friends	02	046	s06e02b	
cerebellum	23.378707854515632	88	friends	02	047	s06e03a	
cortex_Cont	34.83507958979288	128	friends	02	047	s06e03a	
cortex_Default	31.770932619369912	209	friends	02	047	s06e03a	
cortex_DorsAttn	34.81291423783012	122	friends	02	047	s06e03a	
cortex_Limbic	16.440362512960792	60	friends	02	047	s06e03a	
cortex_SalVentAttn	35.62724644300539	121	friends	02	047	s06e03a	
cortex_SomMot	35.870146827732405	194	friends	02	047	s06e03a	
cortex_Vis	27.757633048176782	162	friends	02	047	s06e03a	
subcortex_CAU	30.187514159222623	8	friends	02	047	s06e03a	
subcortex_PUT	29.299532670662494	8	friends	02	047	s06e03a	
subcortex_THA	24.530576522106763	14	friends	02	047	s06e03a	
cerebellum	27.643833969709533	88	friends	02	047	s06e03b	
cortex_Cont	44.96325381660343	128	friends	02	047	s06e03b	
cortex_Default	39.9189070387607	209	friends	02	047	s06e03b	
cortex_DorsAttn	46.50675121140603	122	friends	02	047	s06e03b	
cortex_Limbic	19.989593077475124	60	friends	02	047	s06e03b	
cortex_SalVentAttn	41.82198138183164	121	friends	02	047	s06e03b	
cortex_SomMot	43.680660970003046	194	friends	02	047	s06e03b	
cortex_Vis	35.927449002551604	162	friends	02	047	s06e03b	
subcortex_CAU	31.783574982400427	8	friends	02	047	s06e03b	
subcortex_PUT	30.086640930564396	8	friends	02	047	s06e03b	
subcortex_THA	26.405216985045996	14	friends	02	047	s06e03b	
cerebellum	28.479400012919992	88	friends	02	047	s06e04a	
cortex_Cont	45.723160112903166	128	friends	02	047	s06e04a	
cortex_Default	40.20060471738306	209	friends	02	047	s06e04a	
cortex_DorsAttn	48.94182857552935	122	friends	02	047	s06e04a	
cortex_Limbic	19.95473872774958	60	friends	02	047	s06e04a	
cortex_SalVentAttn	42.34404210525507	121	friends	02	047	s06e04a	
cortex_SomMot	44.0393918306478	194	friends	02	047	s06e04a	
cortex_Vis	38.30509879364631	162	friends	02	047	s06e04a	
subcortex_CAU	31.98012981571033	8	friends	02	047	s06e04a	
subcortex_PUT	30.02383275309172	8	friends	02	047	s06e04a	
subcortex_THA	26.572637060761043	14	friends	02	047	s06e04a	
cerebellum	26.871797273363722	88	friends	02	047	s06e04b	
cortex_Cont	43.11843138170332	128	friends	02	047	s06e04b	
cortex_Default	38.316096756347946	209	friends	02	047	s06e04b	
cortex_DorsAttn	46.98503158190143	122	friends	02	047	s06e04b	
cortex_Limbic	18.584919568031015	60	friends	02	047	s06e04b	
cortex_SalVentAttn	41.23548267211422	121	friends	02	047	s06e04b	
cortex_SomMot	43.398410443576104	194	friends	02	047	s06e04b	
cortex_Vis	35.78451096438505	162	friends	02	047	s06e04b	
subcortex_CAU	31.542637589346285	8	friends	02	047	s06e04b	
subcortex_PUT	29.60375640536693	8	friends	02	047	s06e04b	
subcortex_THA	26.235784929017598	14	friends	02	047	s06e04b	
cerebellum	29.60899387058224	88	friends	02	048	s06e05a	
cortex_Cont	43.249995489531585	128	friends	02	048	s06e05a	
cortex_Default	39.06669108748762	209	friends	02	048	s06e05a	
cortex_DorsAttn	47.305463474445446	122	friends	02	048	s06e05a	
cortex_Limbic	18.4382613970476	60	friends	02	048	s06e05a	
cortex_SalVentAttn	41.719213135701025	121	friends	02	048	s06e05a	
cortex_SomMot	43.479913208692345	194	friends	02	048	s06e05a	
cortex_Vis	38.79241865433641	162	friends	02	048	s06e05a	
subcortex_CAU	31.27844463741061	8	friends	02	048	s06e05a	
subcortex_PUT	30.363662844079744	8	friends	02	048	s06e05a	
subcortex_THA	26.643174518851374	14	friends	02	048	s06e05a	
cerebellum	25.163020287762617	88	friends	02	048	s06e05b	
cortex_Cont	41.21117213951647	128	friends	02	048	s06e05b	
cortex_Default	37.294688087221814	209	friends	02	048	s06e05b	
cortex_DorsAttn	42.24780916340058	122	friends	02	048	s06e05b	
cortex_Limbic	18.86996214900827	60	friends	02	048	s06e05b	
cortex_SalVentAttn	40.71305835964596	121	friends	02	048	s06e05b	
cortex_SomMot	41.44795666032793	194	friends	02	048	s06e05b	
cortex_Vis	33.74988455889258	162	friends	02	048	s06e05b	
subcortex_CAU	31.375529145808397	8	friends	02	048	s06e05b	
subcortex_PUT	30.25373794279964	8	friends	02	048	s06e05b	
subcortex_THA	26.27159095887459	14	friends	02	048	s06e05b	
cerebellum	27.20752623226152	88	friends	02	048	s06e06a	
cortex_Cont	44.16202216371759	128	friends	02	048	s06e06a	
cortex_Default	39.61282064487796	209	friends	02	048	s06e06a	
cortex_DorsAttn	46.43156220622945	122	friends	02	048	s06e06a	
cortex_Limbic	19.619063668683133	60	friends	02	048	s06e06a	
cortex_SalVentAttn	41.05620610829576	121	friends	02	048	s06e06a	
cortex_SomMot	42.57223337488532	194	friends	02	048	s06e06a	
cortex_Vis	37.32905345296852	162	friends	02	048	s06e06a	
subcortex_CAU	31.29137116286732	8	friends	02	048	s06e06a	
subcortex_PUT	30.041431957303075	8	friends	02	048	s06e06a	
subcortex_THA	26.17097457413171	14	friends	02	048	s06e06a	
cerebellum	25.35745656853452	88	friends	02	048	s06e06b	
cortex_Cont	40.286128732044055	128	friends	02	048	s06e06b	
cortex_Default	36.502778060315215	209	friends	02	048	s06e06b	
cortex_DorsAttn	42.20763766163639	122	friends	02	048	s06e06b	
cortex_Limbic	18.755780969397613	60	friends	02	048	s06e06b	
cortex_SalVentAttn	38.501578768279586	121	friends	02	048	s06e06b	
cortex_SomMot	39.59240213762028	194	friends	02	048	s06e06b	
cortex_Vis	34.34394283508927	162	friends	02	048	s06e06b	
subcortex_CAU	30.827189631193303	8	friends	02	048	s06e06b	
subcortex_PUT	29.445077899199937	8	friends	02	048	s06e06b	
subcortex_THA	25.61139556715207	14	friends	02	048	s06e06b	
cerebellum	31.662313703634744	88	friends	02	049	s06e07a	
cortex_Cont	46.04814004729617	128	friends	02	049	s06e07a	
cortex_Default	41.864987699441464	209	friends	02	049	s06e07a	
cortex_DorsAttn	50.843994068827584	122	friends	02	049	s06e07a	
cortex_Limbic	20.07246643636409	60	friends	02	049	s06e07a	
cortex_SalVentAttn	43.752539115198985	121	friends	02	049	s06e07a	
cortex_SomMot	46.499471368976046	194	friends	02	049	s06e07a	
cortex_Vis	41.69449465644144	162	friends	02	049	s06e07a	
subcortex_CAU	31.005136954295153	8	friends	02	049	s06e07a	
subcortex_PUT	29.642417944132696	8	friends	02	049	s06e07a	
subcortex_THA	26.56413141207403	14	friends	02	049	s06e07a	
cerebellum	32.19613375210262	88	friends	02	049	s06e07b	
cortex_Cont	49.306028821137346	128	friends	02	049	s06e07b	
cortex_Default	43.780468664450346	209	friends	02	049	s06e07b	
cortex_DorsAttn	53.244799143886056	122	friends	02	049	s06e07b	
cortex_Limbic	20.537075651723022	60	friends	02	049	s06e07b	
cortex_SalVentAttn	45.14224053474664	121	friends	02	049	s06e07b	
cortex_SomMot	48.29860874676299	194	friends	02	049	s06e07b	
cortex_Vis	42.850474788836635	162	friends	02	049	s06e07b	
subcortex_CAU	31.19756055499993	8	friends	02	049	s06e07b	
subcortex_PUT	29.56348684213956	8	friends	02	049	s06e07b	
subcortex_THA	26.458261324592996	14	friends	02	049	s06e07b	
cerebellum	29.403369072134147	88	friends	02	049	s06e08a	
cortex_Cont	42.82059699219756	128	friends	02	049	s06e08a	
cortex_Default	38.74395480846903	209	friends	02	049	s06e08a	
cortex_DorsAttn	45.21179511009672	122	friends	02	049	s06e08a	
cortex_Limbic	19.187829977050868	60	friends	02	049	s06e08a	
cortex_SalVentAttn	40.731763702680205	121	friends	02	049	s06e08a	
cortex_SomMot	42.36071668841437	194	friends	02	049	s06e08a	
cortex_Vis	36.749240955325234	162	friends	02	049	s06e08a	
subcortex_CAU	30.163798439197116	8	friends	02	049	s06e08a	
subcortex_PUT	28.82790467905071	8	friends	02	049	s06e08a	
subcortex_THA	25.629702236105704	14	friends	02	049	s06e08a	
cerebellum	28.65523725147261	88	friends	02	049	s06e08b	
cortex_Cont	41.89851916552328	128	friends	02	049	s06e08b	
cortex_Default	38.386057655459716	209	friends	02	049	s06e08b	
cortex_DorsAttn	43.259922763468914	122	friends	02	049	s06e08b	
cortex_Limbic	19.508207417184373	60	friends	02	049	s06e08b	
cortex_SalVentAttn	39.791135959059034	121	friends	02	049	s06e08b	
cortex_SomMot	40.008479424851465	194	friends	02	049	s06e08b	
cortex_Vis	35.34826140608181	162	friends	02	049	s06e08b	
subcortex_CAU	30.04552332592281	8	friends	02	049	s06e08b	
subcortex_PUT	29.04240421617507	8	friends	02	049	s06e08b	
subcortex_THA	25.615754484126136	14	friends	02	049	s06e08b	
cerebellum	30.132666141801405	88	friends	02	050	s06e09a	
cortex_Cont	43.867884839778604	128	friends	02	050	s06e09a	
cortex_Default	39.76590311974394	209	friends	02	050	s06e09a	
cortex_DorsAttn	46.749585096661015	122	friends	02	050	s06e09a	
cortex_Limbic	19.589503868991855	60	friends	02	050	s06e09a	
cortex_SalVentAttn	40.85605002121986	121	friends	02	050	s06e09a	
cortex_SomMot	42.520008198110624	194	friends	02	050	s06e09a	
cortex_Vis	38.643545565115566	162	friends	02	050	s06e09a	
subcortex_CAU	30.41089890562134	8	friends	02	050	s06e09a	
subcortex_PUT	29.238246081029352	8	friends	02	050	s06e09a	
subcortex_THA	26.316087506819372	14	friends	02	050	s06e09a	
cerebellum	28.380052787583487	88	friends	02	050	s06e09b	
cortex_Cont	42.517554029930224	128	friends	02	050	s06e09b	
cortex_Default	38.46487709172825	209	friends	02	050	s06e09b	
cortex_DorsAttn	45.803049353728525	122	friends	02	050	s06e09b	
cortex_Limbic	18.942823713041534	60	friends	02	050	s06e09b	
cortex_SalVentAttn	40.2076575207228	121	friends	02	050	s06e09b	
cortex_SomMot	42.2707764060022	194	friends	02	050	s06e09b	
cortex_Vis	35.991970633768695	162	friends	02	050	s06e09b	
subcortex_CAU	29.85773740041693	8	friends	02	050	s06e09b	
subcortex_PUT	28.84378999459926	8	friends	02	050	s06e09b	
subcortex_THA	25.54695452108394	14	friends	02	050	s06e09b	
cerebellum	26.9299836938804	88	friends	02	050	s06e10a	
cortex_Cont	40.44581557261536	128	friends	02	050	s06e10a	
cortex_Default	36.942757667156556	209	friends	02	050	s06e10a	
cortex_DorsAttn	41.89431327115592	122	friends	02	050	s06e10a	
cortex_Limbic	18.62472650140957	60	friends	02	050	s06e10a	
cortex_SalVentAttn	38.4464448009699	121	friends	02	050	s06e10a	
cortex_SomMot	39.55049988544079	194	friends	02	050	s06e10a	
cortex_Vis	33.45334984313358	162	friends	02	050	s06e10a	
subcortex_CAU	29.503550435076942	8	friends	02	050	s06e10a	
subcortex_PUT	28.55124521926369	8	friends	02	050	s06e10a	
subcortex_THA	25.17525440605795	14	friends	02	050	s06e10a	
cerebellum	27.11295211604572	88	friends	02	050	s06e10b	
cortex_Cont	39.020817970269	128	friends	02	050	s06e10b	
cortex_Default	35.76269679877619	209	friends	02	050	s06e10b	
cortex_DorsAttn	42.07146043466064	122	friends	02	050	s06e10b	
cortex_Limbic	17.896883784636934	60	friends	02	050	s06e10b	
cortex_SalVentAttn	37.92417206953921	121	friends	02	050	s06e10b	
cortex_SomMot	38.91960926510467	194	friends	02	050	s06e10b	
cortex_Vis	33.96411832095299	162	friends	02	050	s06e10b	
subcortex_CAU	29.17639114839178	8	friends	02	050	s06e10b	
subcortex_PUT	28.529407015949374	8	friends	02	050	s06e10b	
subcortex_THA	25.375707074968897	14	friends	02	050	s06e10b	
cerebellum	24.12332333734164	88	friends	02	051	s06e11a	
cortex_Cont	36.858168650900055	128	friends	02	051	s06e11a	
cortex_Default	33.36343275314826	209	friends	02	051	s06e11a	
cortex_DorsAttn	37.24859538034794	122	friends	02	051	s06e11a	
cortex_Limbic	17.49665039765568	60	friends	02	051	s06e11a	
cortex_SalVentAttn	37.631791342583284	121	friends	02	051	s06e11a	
cortex_SomMot	38.245472878537264	194	friends	02	051	s06e11a	
cortex_Vis	29.53833116149564	162	friends	02	051	s06e11a	
subcortex_CAU	30.897308316342887	8	friends	02	051	s06e11a	
subcortex_PUT	29.50322607153023	8	friends	02	051	s06e11a	
subcortex_THA	25.805465044872246	14	friends	02	051	s06e11a	
cerebellum	29.97302261986415	88	friends	02	051	s06e11b	
cortex_Cont	48.37286044032682	128	friends	02	051	s06e11b	
cortex_Default	42.17590344538692	209	friends	02	051	s06e11b	
cortex_DorsAttn	52.70215381926901	122	friends	02	051	s06e11b	
cortex_Limbic	19.791414181371284	60	friends	02	051	s06e11b	
cortex_SalVentAttn	45.00594726768767	121	friends	02	051	s06e11b	
cortex_SomMot	47.758363155424234	194	friends	02	051	s06e11b	
cortex_Vis	40.70395971887668	162	friends	02	051	s06e11b	
subcortex_CAU	32.034420092691825	8	friends	02	051	s06e11b	
subcortex_PUT	30.012714592214156	8	friends	02	051	s06e11b	
subcortex_THA	26.95250180315168	14	friends	02	051	s06e11b	
cerebellum	31.168557248995423	88	friends	02	051	s06e12a	
cortex_Cont	50.06038054753611	128	friends	02	051	s06e12a	
cortex_Default	43.41984652245298	209	friends	02	051	s06e12a	
cortex_DorsAttn	54.339902114494464	122	friends	02	051	s06e12a	
cortex_Limbic	20.640323450684125	60	friends	02	051	s06e12a	
cortex_SalVentAttn	45.605676966637255	121	friends	02	051	s06e12a	
cortex_SomMot	49.29004160513311	194	friends	02	051	s06e12a	
cortex_Vis	41.82145353971872	162	friends	02	051	s06e12a	
subcortex_CAU	32.167955979670865	8	friends	02	051	s06e12a	
subcortex_PUT	30.231280614432254	8	friends	02	051	s06e12a	
subcortex_THA	27.039378846605796	14	friends	02	051	s06e12a	
cerebellum	29.758116990404286	88	friends	02	051	s06e12b	
cortex_Cont	48.02618533281999	128	friends	02	051	s06e12b	
cortex_Default	41.72716145543845	209	friends	02	051	s06e12b	
cortex_DorsAttn	51.96458351018379	122	friends	02	051	s06e12b	
cortex_Limbic	20.577872911184002	60	friends	02	051	s06e12b	
cortex_SalVentAttn	43.74867719778744	121	friends	02	051	s06e12b	
cortex_SomMot	46.17421228474787	194	friends	02	051	s06e12b	
cortex_Vis	39.78497560207998	162	friends	02	051	s06e12b	
subcortex_CAU	32.223350340794866	8	friends	02	051	s06e12b	
subcortex_PUT	30.15619591863123	8	friends	02	051	s06e12b	
subcortex_THA	26.957238416754	14	friends	02	051	s06e12b	
cerebellum	25.703118685945014	88	friends	02	052	s06e13a	
cortex_Cont	39.68660432476665	128	friends	02	052	s06e13a	
cortex_Default	36.03802028471085	209	friends	02	052	s06e13a	
cortex_DorsAttn	38.69252279716055	122	friends	02	052	s06e13a	
cortex_Limbic	18.137885265254106	60	friends	02	052	s06e13a	
cortex_SalVentAttn	37.68091357800872	121	friends	02	052	s06e13a	
cortex_SomMot	38.33652814731491	194	friends	02	052	s06e13a	
cortex_Vis	30.827620469154468	162	friends	02	052	s06e13a	
subcortex_CAU	30.523327241828927	8	friends	02	052	s06e13a	
subcortex_PUT	29.330868248942863	8	friends	02	052	s06e13a	
subcortex_THA	25.60750760385602	14	friends	02	052	s06e13a	
cerebellum	29.234671921411323	88	friends	02	052	s06e13b	
cortex_Cont	42.60650768014509	128	friends	02	052	s06e13b	
cortex_Default	38.26279255822945	209	friends	02	052	s06e13b	
cortex_DorsAttn	46.84971278533421	122	friends	02	052	s06e13b	
cortex_Limbic	18.96164536780058	60	friends	02	052	s06e13b	
cortex_SalVentAttn	39.855986086735854	121	friends	02	052	s06e13b	
cortex_SomMot	41.93534524989822	194	friends	02	052	s06e13b	
cortex_Vis	37.150901011345	162	friends	02	052	s06e13b	
subcortex_CAU	30.487229739011344	8	friends	02	052	s06e13b	
subcortex_PUT	29.145780811434133	8	friends	02	052	s06e13b	
subcortex_THA	26.142734324512894	14	friends	02	052	s06e13b	
cerebellum	22.089626233216485	88	friends	02	053	s06e14a	
cortex_Cont	36.61179997255521	128	friends	02	053	s06e14a	
cortex_Default	33.06457443484352	209	friends	02	053	s06e14a	
cortex_DorsAttn	35.53916916801324	122	friends	02	053	s06e14a	
cortex_Limbic	17.799678498419027	60	friends	02	053	s06e14a	
cortex_SalVentAttn	36.1913762564969	121	friends	02	053	s06e14a	
cortex_SomMot	36.39134897850095	194	friends	02	053	s06e14a	
cortex_Vis	28.339745407167726	162	friends	02	053	s06e14a	
subcortex_CAU	31.136817029885215	8	friends	02	053	s06e14a	
subcortex_PUT	29.715328237201987	8	friends	02	053	s06e14a	
subcortex_THA	25.214839625779184	14	friends	02	053	s06e14a	
cerebellum	27.899760811060307	88	friends	02	053	s06e14b	
cortex_Cont	45.935222968425016	128	friends	02	053	s06e14b	
cortex_Default	40.253128542538924	209	friends	02	053	s06e14b	
cortex_DorsAttn	49.80655771700447	122	friends	02	053	s06e14b	
cortex_Limbic	19.71327946842599	60	friends	02	053	s06e14b	
cortex_SalVentAttn	41.95572607370368	121	friends	02	053	s06e14b	
cortex_SomMot	44.13025822256519	194	friends	02	053	s06e14b	
cortex_Vis	38.597159187726064	162	friends	02	053	s06e14b	
subcortex_CAU	32.30262924696069	8	friends	02	053	s06e14b	
subcortex_PUT	29.983428574908398	8	friends	02	053	s06e14b	
subcortex_THA	26.90834009409485	14	friends	02	053	s06e14b	
cerebellum	24.999344235641335	88	friends	02	054	s06e15a	
cortex_Cont	39.405504444222935	128	friends	02	054	s06e15a	
cortex_Default	35.6685487145065	209	friends	02	054	s06e15a	
cortex_DorsAttn	40.85346520793775	122	friends	02	054	s06e15a	
cortex_Limbic	18.47000613568949	60	friends	02	054	s06e15a	
cortex_SalVentAttn	39.74665567047456	121	friends	02	054	s06e15a	
cortex_SomMot	41.06068435507521	194	friends	02	054	s06e15a	
cortex_Vis	31.557902852048613	162	friends	02	054	s06e15a	
subcortex_CAU	31.000050469543197	8	friends	02	054	s06e15a	
subcortex_PUT	29.816416350439756	8	friends	02	054	s06e15a	
subcortex_THA	26.51153133089065	14	friends	02	054	s06e15a	
cerebellum	28.599369783104184	88	friends	02	054	s06e15b	
cortex_Cont	47.35363067224768	128	friends	02	054	s06e15b	
cortex_Default	41.74843134423765	209	friends	02	054	s06e15b	
cortex_DorsAttn	49.56735257021422	122	friends	02	054	s06e15b	
cortex_Limbic	20.45199060842956	60	friends	02	054	s06e15b	
cortex_SalVentAttn	43.24146327841583	121	friends	02	054	s06e15b	
cortex_SomMot	45.458421124198956	194	friends	02	054	s06e15b	
cortex_Vis	37.99323860507244	162	friends	02	054	s06e15b	
subcortex_CAU	31.627720280558723	8	friends	02	054	s06e15b	
subcortex_PUT	29.926366918086476	8	friends	02	054	s06e15b	
subcortex_THA	26.828566883503804	14	friends	02	054	s06e15b	
cerebellum	27.993028688178125	88	friends	02	054	s06e15c	
cortex_Cont	45.31590965071615	128	friends	02	054	s06e15c	
cortex_Default	40.12081207462728	209	friends	02	054	s06e15c	
cortex_DorsAttn	48.673403489643235	122	friends	02	054	s06e15c	
cortex_Limbic	20.21166107515864	60	friends	02	054	s06e15c	
cortex_SalVentAttn	42.88887991212751	121	friends	02	054	s06e15c	
cortex_SomMot	44.81079007048977	194	friends	02	054	s06e15c	
cortex_Vis	37.39052419599496	162	friends	02	054	s06e15c	
subcortex_CAU	32.163990174933886	8	friends	02	054	s06e15c	
subcortex_PUT	29.9803489962278	8	friends	02	054	s06e15c	
subcortex_THA	27.125490465048017	14	friends	02	054	s06e15c	
cerebellum	27.636098367561928	88	friends	02	054	s06e15d	
cortex_Cont	44.05128563080184	128	friends	02	054	s06e15d	
cortex_Default	38.835279796426406	209	friends	02	054	s06e15d	
cortex_DorsAttn	47.23536523579937	122	friends	02	054	s06e15d	
cortex_Limbic	19.401241776842877	60	friends	02	054	s06e15d	
cortex_SalVentAttn	41.68882341977821	121	friends	02	054	s06e15d	
cortex_SomMot	43.958322218131656	194	friends	02	054	s06e15d	
cortex_Vis	35.73311895990192	162	friends	02	054	s06e15d	
subcortex_CAU	31.00366496819033	8	friends	02	054	s06e15d	
subcortex_PUT	29.51389692153661	8	friends	02	054	s06e15d	
subcortex_THA	26.45005642841183	14	friends	02	054	s06e15d	
cerebellum	23.72944055109939	88	friends	02	055	s06e17a	
cortex_Cont	36.64316379668478	128	friends	02	055	s06e17a	
cortex_Default	33.28262966833314	209	friends	02	055	s06e17a	
cortex_DorsAttn	37.301049831521446	122	friends	02	055	s06e17a	
cortex_Limbic	17.07348441848935	60	friends	02	055	s06e17a	
cortex_SalVentAttn	37.662871275986795	121	friends	02	055	s06e17a	
cortex_SomMot	38.71656363586557	194	friends	02	055	s06e17a	
cortex_Vis	30.417880404536845	162	friends	02	055	s06e17a	
subcortex_CAU	30.60560784575896	8	friends	02	055	s06e17a	
subcortex_PUT	29.768593241986345	8	friends	02	055	s06e17a	
subcortex_THA	26.248645922179502	14	friends	02	055	s06e17a	
cerebellum	29.5928471587294	88	friends	02	055	s06e17b	
cortex_Cont	48.77533377658641	128	friends	02	055	s06e17b	
cortex_Default	42.940064441840995	209	friends	02	055	s06e17b	
cortex_DorsAttn	52.63039112303554	122	friends	02	055	s06e17b	
cortex_Limbic	20.350900863672653	60	friends	02	055	s06e17b	
cortex_SalVentAttn	44.698310347607254	121	friends	02	055	s06e17b	
cortex_SomMot	47.64968877142822	194	friends	02	055	s06e17b	
cortex_Vis	41.06956876419529	162	friends	02	055	s06e17b	
subcortex_CAU	32.729653545354	8	friends	02	055	s06e17b	
subcortex_PUT	30.538907892987794	8	friends	02	055	s06e17b	
subcortex_THA	27.535754702763306	14	friends	02	055	s06e17b	
cerebellum	29.789777021316635	88	friends	02	055	s06e18a	
cortex_Cont	45.89888175713736	128	friends	02	055	s06e18a	
cortex_Default	40.78718312661584	209	friends	02	055	s06e18a	
cortex_DorsAttn	48.21502557221479	122	friends	02	055	s06e18a	
cortex_Limbic	20.41517808714872	60	friends	02	055	s06e18a	
cortex_SalVentAttn	42.55939331339595	121	friends	02	055	s06e18a	
cortex_SomMot	44.216491306311724	194	friends	02	055	s06e18a	
cortex_Vis	38.611190141165345	162	friends	02	055	s06e18a	
subcortex_CAU	31.634531986296462	8	friends	02	055	s06e18a	
subcortex_PUT	29.941012637246374	8	friends	02	055	s06e18a	
subcortex_THA	27.01908636910002	14	friends	02	055	s06e18a	
cerebellum	26.85545141679859	88	friends	02	055	s06e18b	
cortex_Cont	44.64475950965132	128	friends	02	055	s06e18b	
cortex_Default	39.260039842043504	209	friends	02	055	s06e18b	
cortex_DorsAttn	47.93237934492723	122	friends	02	055	s06e18b	
cortex_Limbic	19.233362076547724	60	friends	02	055	s06e18b	
cortex_SalVentAttn	41.71144987258391	121	friends	02	055	s06e18b	
cortex_SomMot	43.5431644978721	194	friends	02	055	s06e18b	
cortex_Vis	36.832960261879705	162	friends	02	055	s06e18b	
subcortex_CAU	31.23163879146099	8	friends	02	055	s06e18b	
subcortex_PUT	29.577226180076586	8	friends	02	055	s06e18b	
subcortex_THA	26.22758487983941	14	friends	02	055	s06e18b	
cerebellum	25.890407946858513	88	friends	02	056	s06e19a	
cortex_Cont	38.63114766407448	128	friends	02	056	s06e19a	
cortex_Default	35.204969418242214	209	friends	02	056	s06e19a	
cortex_DorsAttn	40.159742587686466	122	friends	02	056	s06e19a	
cortex_Limbic	17.768730939901836	60	friends	02	056	s06e19a	
cortex_SalVentAttn	39.52478014920051	121	friends	02	056	s06e19a	
cortex_SomMot	40.12796258842609	194	friends	02	056	s06e19a	
cortex_Vis	32.31270475534179	162	friends	02	056	s06e19a	
subcortex_CAU	30.720555168889312	8	friends	02	056	s06e19a	
subcortex_PUT	29.29099534437138	8	friends	02	056	s06e19a	
subcortex_THA	25.68179706049133	14	friends	02	056	s06e19a	
cerebellum	31.128653393889007	88	friends	02	056	s06e19b	
cortex_Cont	51.30604190973107	128	friends	02	056	s06e19b	
cortex_Default	44.35327814070421	209	friends	02	056	s06e19b	
cortex_DorsAttn	55.08546759242118	122	friends	02	056	s06e19b	
cortex_Limbic	19.98140400652751	60	friends	02	056	s06e19b	
cortex_SalVentAttn	46.67105375980663	121	friends	02	056	s06e19b	
cortex_SomMot	50.6705874004557	194	friends	02	056	s06e19b	
cortex_Vis	41.97354352209408	162	friends	02	056	s06e19b	
subcortex_CAU	32.117905836277686	8	friends	02	056	s06e19b	
subcortex_PUT	29.992228679536897	8	friends	02	056	s06e19b	
subcortex_THA	26.472390462078984	14	friends	02	056	s06e19b	
cerebellum	30.438050423506397	88	friends	02	056	s06e20a	
cortex_Cont	48.99076482715886	128	friends	02	056	s06e20a	
cortex_Default	42.724676964845	209	friends	02	056	s06e20a	
cortex_DorsAttn	52.13930703569149	122	friends	02	056	s06e20a	
cortex_Limbic	20.014663938038172	60	friends	02	056	s06e20a	
cortex_SalVentAttn	45.08057512451458	121	friends	02	056	s06e20a	
cortex_SomMot	46.95929186271805	194	friends	02	056	s06e20a	
cortex_Vis	40.62152247632208	162	friends	02	056	s06e20a	
subcortex_CAU	32.032741414961244	8	friends	02	056	s06e20a	
subcortex_PUT	29.867210577787326	8	friends	02	056	s06e20a	
subcortex_THA	26.340767679064097	14	friends	02	056	s06e20a	
cerebellum	29.946218420645973	88	friends	02	056	s06e20b	
cortex_Cont	47.80723973363306	128	friends	02	056	s06e20b	
cortex_Default	41.81755095440266	209	friends	02	056	s06e20b	
cortex_DorsAttn	51.179041443137024	122	friends	02	056	s06e20b	
cortex_Limbic	20.063879330608636	60	friends	02	056	s06e20b	
cortex_SalVentAttn	44.517047566012835	121	friends	02	056	s06e20b	
cortex_SomMot	47.8645224539113	194	friends	02	056	s06e20b	
cortex_Vis	39.13079735299014	162	friends	02	056	s06e20b	
subcortex_CAU	31.748473292105594	8	friends	02	056	s06e20b	
subcortex_PUT	29.704104021952023	8	friends	02	056	s06e20b	
subcortex_THA	26.160882844915925	14	friends	02	056	s06e20b	
cerebellum	28.36758590605614	88	friends	02	057	s06e21a	
cortex_Cont	40.709804191719016	128	friends	02	057	s06e21a	
cortex_Default	37.69208714248934	209	friends	02	057	s06e21a	
cortex_DorsAttn	42.64643204204802	122	friends	02	057	s06e21a	
cortex_Limbic	19.35775081910998	60	friends	02	057	s06e21a	
cortex_SalVentAttn	39.81922055572019	121	friends	02	057	s06e21a	
cortex_SomMot	39.93418788391679	194	friends	02	057	s06e21a	
cortex_Vis	35.60989230846843	162	friends	02	057	s06e21a	
subcortex_CAU	30.970396287353452	8	friends	02	057	s06e21a	
subcortex_PUT	29.466652601814374	8	friends	02	057	s06e21a	
subcortex_THA	26.50958484834337	14	friends	02	057	s06e21a	
cerebellum	28.174865549338527	88	friends	02	057	s06e21b	
cortex_Cont	43.83017820444125	128	friends	02	057	s06e21b	
cortex_Default	39.62728021706854	209	friends	02	057	s06e21b	
cortex_DorsAttn	47.19215225539556	122	friends	02	057	s06e21b	
cortex_Limbic	20.081466844422682	60	friends	02	057	s06e21b	
cortex_SalVentAttn	41.81499035322853	121	friends	02	057	s06e21b	
cortex_SomMot	42.97449437234593	194	friends	02	057	s06e21b	
cortex_Vis	37.24869196258562	162	friends	02	057	s06e21b	
subcortex_CAU	30.929738711905713	8	friends	02	057	s06e21b	
subcortex_PUT	29.558860088409027	8	friends	02	057	s06e21b	
subcortex_THA	26.36917971540577	14	friends	02	057	s06e21b	
cerebellum	28.690760256702866	88	friends	02	057	s06e22a	
cortex_Cont	45.78987004448973	128	friends	02	057	s06e22a	
cortex_Default	40.67957504027321	209	friends	02	057	s06e22a	
cortex_DorsAttn	48.47018509254379	122	friends	02	057	s06e22a	
cortex_Limbic	20.282855609530895	60	friends	02	057	s06e22a	
cortex_SalVentAttn	42.6173898657062	121	friends	02	057	s06e22a	
cortex_SomMot	44.7321222980412	194	friends	02	057	s06e22a	
cortex_Vis	37.66813054641348	162	friends	02	057	s06e22a	
subcortex_CAU	31.26399791375917	8	friends	02	057	s06e22a	
subcortex_PUT	29.59788009065016	8	friends	02	057	s06e22a	
subcortex_THA	26.789102385965673	14	friends	02	057	s06e22a	
cerebellum	27.55239825614149	88	friends	02	057	s06e22b	
cortex_Cont	43.52294859579348	128	friends	02	057	s06e22b	
cortex_Default	38.90331263449608	209	friends	02	057	s06e22b	
cortex_DorsAttn	45.591640841150394	122	friends	02	057	s06e22b	
cortex_Limbic	19.69820767139702	60	friends	02	057	s06e22b	
cortex_SalVentAttn	40.543388053423165	121	friends	02	057	s06e22b	
cortex_SomMot	42.55930980985959	194	friends	02	057	s06e22b	
cortex_Vis	34.98586466583828	162	friends	02	057	s06e22b	
subcortex_CAU	31.841376552513474	8	friends	02	057	s06e22b	
subcortex_PUT	29.58216691547923	8	friends	02	057	s06e22b	
subcortex_THA	25.82368194789269	14	friends	02	057	s06e22b	
cerebellum	24.406349483432844	88	friends	02	058	s06e23a	
cortex_Cont	37.39356083915939	128	friends	02	058	s06e23a	
cortex_Default	33.74745842101317	209	friends	02	058	s06e23a	
cortex_DorsAttn	38.000392557467976	122	friends	02	058	s06e23a	
cortex_Limbic	17.554489725986652	60	friends	02	058	s06e23a	
cortex_SalVentAttn	37.81425288709095	121	friends	02	058	s06e23a	
cortex_SomMot	38.710750431295814	194	friends	02	058	s06e23a	
cortex_Vis	29.51445114548581	162	friends	02	058	s06e23a	
subcortex_CAU	31.453317893468906	8	friends	02	058	s06e23a	
subcortex_PUT	29.424551913597398	8	friends	02	058	s06e23a	
subcortex_THA	26.048914621571754	14	friends	02	058	s06e23a	
cerebellum	27.461618098761303	88	friends	02	058	s06e23b	
cortex_Cont	45.124328268900776	128	friends	02	058	s06e23b	
cortex_Default	39.69413866085797	209	friends	02	058	s06e23b	
cortex_DorsAttn	45.247019688108914	122	friends	02	058	s06e23b	
cortex_Limbic	19.726903747647157	60	friends	02	058	s06e23b	
cortex_SalVentAttn	41.40210901158491	121	friends	02	058	s06e23b	
cortex_SomMot	42.42603309360386	194	friends	02	058	s06e23b	
cortex_Vis	34.683641507707044	162	friends	02	058	s06e23b	
subcortex_CAU	32.075083361957034	8	friends	02	058	s06e23b	
subcortex_PUT	29.351845267149542	8	friends	02	058	s06e23b	
subcortex_THA	26.451351703194838	14	friends	02	058	s06e23b	
cerebellum	27.852862984035383	88	friends	02	058	s06e24a	
cortex_Cont	43.889539210138445	128	friends	02	058	s06e24a	
cortex_Default	39.17066826513197	209	friends	02	058	s06e24a	
cortex_DorsAttn	44.59481960611454	122	friends	02	058	s06e24a	
cortex_Limbic	19.829975059418288	60	friends	02	058	s06e24a	
cortex_SalVentAttn	40.748596624351116	121	friends	02	058	s06e24a	
cortex_SomMot	41.494216398579624	194	friends	02	058	s06e24a	
cortex_Vis	34.931830804135494	162	friends	02	058	s06e24a	
subcortex_CAU	31.703240163985225	8	friends	02	058	s06e24a	
subcortex_PUT	29.21792933949009	8	friends	02	058	s06e24a	
subcortex_THA	26.16235035317364	14	friends	02	058	s06e24a	
cerebellum	23.93790900168165	88	friends	02	058	s06e24b	
cortex_Cont	36.20251389417048	128	friends	02	058	s06e24b	
cortex_Default	32.299855864554814	209	friends	02	058	s06e24b	
cortex_DorsAttn	36.291988664503236	122	friends	02	058	s06e24b	
cortex_Limbic	16.564393571209305	60	friends	02	058	s06e24b	
cortex_SalVentAttn	35.60809340866706	121	friends	02	058	s06e24b	
cortex_SomMot	36.00890062256992	194	friends	02	058	s06e24b	
cortex_Vis	28.167678069141683	162	friends	02	058	s06e24b	
subcortex_CAU	30.752649995361676	8	friends	02	058	s06e24b	
subcortex_PUT	28.533899502707833	8	friends	02	058	s06e24b	
subcortex_THA	24.145818603978647	14	friends	02	058	s06e24b	
cerebellum	27.349204732391012	88	friends	02	058	s06e24c	
cortex_Cont	40.56418946163631	128	friends	02	058	s06e24c	
cortex_Default	36.23744931324621	209	friends	02	058	s06e24c	
cortex_DorsAttn	43.158558977532394	122	friends	02	058	s06e24c	
cortex_Limbic	18.946361539992196	60	friends	02	058	s06e24c	
cortex_SalVentAttn	38.37710216922103	121	friends	02	058	s06e24c	
cortex_SomMot	39.87820660168603	194	friends	02	058	s06e24c	
cortex_Vis	34.00554770449653	162	friends	02	058	s06e24c	
subcortex_CAU	31.162927146947993	8	friends	02	058	s06e24c	
subcortex_PUT	28.85896521751768	8	friends	02	058	s06e24c	
subcortex_THA	25.769108318450623	14	friends	02	058	s06e24c	
cerebellum	23.79914202896684	88	friends	02	058	s06e24d	
cortex_Cont	37.12829492235835	128	friends	02	058	s06e24d	
cortex_Default	33.20392107982622	209	friends	02	058	s06e24d	
cortex_DorsAttn	39.171183546180266	122	friends	02	058	s06e24d	
cortex_Limbic	17.659598318461807	60	friends	02	058	s06e24d	
cortex_SalVentAttn	36.36984721700337	121	friends	02	058	s06e24d	
cortex_SomMot	37.34312683468267	194	friends	02	058	s06e24d	
cortex_Vis	30.232273763879608	162	friends	02	058	s06e24d	
subcortex_CAU	29.756967034135073	8	friends	02	058	s06e24d	
subcortex_PUT	28.11297887856085	8	friends	02	058	s06e24d	
subcortex_THA	24.38920204090465	14	friends	02	058	s06e24d	
cerebellum	34.10518911822703	88	friends	03	001	s01e02a	
cortex_Cont	44.5180904217347	128	friends	03	001	s01e02a	
cortex_Default	42.89496906359959	209	friends	03	001	s01e02a	
cortex_DorsAttn	48.656050465097216	122	friends	03	001	s01e02a	
cortex_Limbic	20.29937556528395	60	friends	03	001	s01e02a	
cortex_SalVentAttn	43.514195811232746	121	friends	03	001	s01e02a	
cortex_SomMot	44.50593040639803	194	friends	03	001	s01e02a	
cortex_Vis	41.74202723674798	162	friends	03	001	s01e02a	
subcortex_CAU	26.579475022384973	8	friends	03	001	s01e02a	
subcortex_PUT	28.20376715999002	8	friends	03	001	s01e02a	
subcortex_THA	27.87296202094665	14	friends	03	001	s01e02a	
cerebellum	35.71653345319251	88	friends	03	001	s01e02b	
cortex_Cont	46.424947658220695	128	friends	03	001	s01e02b	
cortex_Default	43.39094890919616	209	friends	03	001	s01e02b	
cortex_DorsAttn	51.250493369425406	122	friends	03	001	s01e02b	
cortex_Limbic	19.88884869990259	60	friends	03	001	s01e02b	
cortex_SalVentAttn	44.12488569987508	121	friends	03	001	s01e02b	
cortex_SomMot	46.13104948693018	194	friends	03	001	s01e02b	
cortex_Vis	43.78298961908479	162	friends	03	001	s01e02b	
subcortex_CAU	25.98749858425883	8	friends	03	001	s01e02b	
subcortex_PUT	27.90996093862458	8	friends	03	001	s01e02b	
subcortex_THA	27.48543720177605	14	friends	03	001	s01e02b	
cerebellum	30.557884054044994	88	friends	03	001	s01e03a	
cortex_Cont	38.28756578272332	128	friends	03	001	s01e03a	
cortex_Default	37.082365804798286	209	friends	03	001	s01e03a	
cortex_DorsAttn	43.60849912037818	122	friends	03	001	s01e03a	
cortex_Limbic	16.90005250071024	60	friends	03	001	s01e03a	
cortex_SalVentAttn	39.2267095765623	121	friends	03	001	s01e03a	
cortex_SomMot	39.71573903724643	194	friends	03	001	s01e03a	
cortex_Vis	35.410711728063006	162	friends	03	001	s01e03a	
subcortex_CAU	24.083968483568	8	friends	03	001	s01e03a	
subcortex_PUT	26.53194864396511	8	friends	03	001	s01e03a	
subcortex_THA	26.282467942909246	14	friends	03	001	s01e03a	
cerebellum	34.30911571171978	88	friends	03	001	s01e03b	
cortex_Cont	44.84790167440837	128	friends	03	001	s01e03b	
cortex_Default	41.8501224339	209	friends	03	001	s01e03b	
cortex_DorsAttn	49.90865536732078	122	friends	03	001	s01e03b	
cortex_Limbic	19.66227871097131	60	friends	03	001	s01e03b	
cortex_SalVentAttn	43.240167180530264	121	friends	03	001	s01e03b	
cortex_SomMot	45.55936544550364	194	friends	03	001	s01e03b	
cortex_Vis	40.31682287205155	162	friends	03	001	s01e03b	
subcortex_CAU	25.98432643130376	8	friends	03	001	s01e03b	
subcortex_PUT	27.860313386658138	8	friends	03	001	s01e03b	
subcortex_THA	26.963103645690605	14	friends	03	001	s01e03b	
cerebellum	35.4877068588714	88	friends	03	002	s01e04a	
cortex_Cont	47.71428191496649	128	friends	03	002	s01e04a	
cortex_Default	44.68433229942975	209	friends	03	002	s01e04a	
cortex_DorsAttn	52.877385923775705	122	friends	03	002	s01e04a	
cortex_Limbic	20.529464016899272	60	friends	03	002	s01e04a	
cortex_SalVentAttn	44.697591177368025	121	friends	03	002	s01e04a	
cortex_SomMot	48.0167358679722	194	friends	03	002	s01e04a	
cortex_Vis	43.30271286046722	162	friends	03	002	s01e04a	
subcortex_CAU	25.75690132327707	8	friends	03	002	s01e04a	
subcortex_PUT	27.067595304038043	8	friends	03	002	s01e04a	
subcortex_THA	26.60775839977838	14	friends	03	002	s01e04a	
cerebellum	32.735342306781476	88	friends	03	002	s01e04b	
cortex_Cont	41.31324573806821	128	friends	03	002	s01e04b	
cortex_Default	39.51291884865999	209	friends	03	002	s01e04b	
cortex_DorsAttn	45.778107335673326	122	friends	03	002	s01e04b	
cortex_Limbic	18.599226088869493	60	friends	03	002	s01e04b	
cortex_SalVentAttn	40.25557859048457	121	friends	03	002	s01e04b	
cortex_SomMot	41.25980425349058	194	friends	03	002	s01e04b	
cortex_Vis	38.656095180234466	162	friends	03	002	s01e04b	
subcortex_CAU	25.089910700294386	8	friends	03	002	s01e04b	
subcortex_PUT	27.04725743129947	8	friends	03	002	s01e04b	
subcortex_THA	26.38075772024507	14	friends	03	002	s01e04b	
cerebellum	34.17976254660219	88	friends	03	002	s01e05a	
cortex_Cont	42.452011186334126	128	friends	03	002	s01e05a	
cortex_Default	40.43360923236603	209	friends	03	002	s01e05a	
cortex_DorsAttn	48.52914387334852	122	friends	03	002	s01e05a	
cortex_Limbic	18.799711765967256	60	friends	03	002	s01e05a	
cortex_SalVentAttn	41.59472634319136	121	friends	03	002	s01e05a	
cortex_SomMot	43.90725517208997	194	friends	03	002	s01e05a	
cortex_Vis	40.28659900321689	162	friends	03	002	s01e05a	
subcortex_CAU	25.587797616940335	8	friends	03	002	s01e05a	
subcortex_PUT	27.105050790295266	8	friends	03	002	s01e05a	
subcortex_THA	26.589651251608192	14	friends	03	002	s01e05a	
cerebellum	31.922535780983704	88	friends	03	002	s01e05b	
cortex_Cont	37.84112789748153	128	friends	03	002	s01e05b	
cortex_Default	36.728674144265995	209	friends	03	002	s01e05b	
cortex_DorsAttn	42.77018721598442	122	friends	03	002	s01e05b	
cortex_Limbic	16.886163719507365	60	friends	03	002	s01e05b	
cortex_SalVentAttn	38.24370368463228	121	friends	03	002	s01e05b	
cortex_SomMot	37.92846291776686	194	friends	03	002	s01e05b	
cortex_Vis	36.630154507392305	162	friends	03	002	s01e05b	
subcortex_CAU	24.431635974440283	8	friends	03	002	s01e05b	
subcortex_PUT	26.51461288648562	8	friends	03	002	s01e05b	
subcortex_THA	26.107317316362224	14	friends	03	002	s01e05b	
cerebellum	30.75071126435034	88	friends	03	003	s01e01a	
cortex_Cont	42.448223937956996	128	friends	03	003	s01e01a	
cortex_Default	39.96935335041234	209	friends	03	003	s01e01a	
cortex_DorsAttn	44.1967777996387	122	friends	03	003	s01e01a	
cortex_Limbic	18.51086461810745	60	friends	03	003	s01e01a	
cortex_SalVentAttn	41.68779531866562	121	friends	03	003	s01e01a	
cortex_SomMot	42.08387280851497	194	friends	03	003	s01e01a	
cortex_Vis	35.01018693197165	162	friends	03	003	s01e01a	
subcortex_CAU	25.51208893858317	8	friends	03	003	s01e01a	
subcortex_PUT	27.6273498088284	8	friends	03	003	s01e01a	
subcortex_THA	26.987552834697734	14	friends	03	003	s01e01a	
cerebellum	31.49177601463276	88	friends	03	003	s01e01b	
cortex_Cont	41.05022295906485	128	friends	03	003	s01e01b	
cortex_Default	39.20814472492031	209	friends	03	003	s01e01b	
cortex_DorsAttn	44.30395463522429	122	friends	03	003	s01e01b	
cortex_Limbic	18.36045049240287	60	friends	03	003	s01e01b	
cortex_SalVentAttn	41.47544170890772	121	friends	03	003	s01e01b	
cortex_SomMot	42.34631794982876	194	friends	03	003	s01e01b	
cortex_Vis	34.96231239995166	162	friends	03	003	s01e01b	
subcortex_CAU	25.37663835338316	8	friends	03	003	s01e01b	
subcortex_PUT	27.258493942326577	8	friends	03	003	s01e01b	
subcortex_THA	27.20303591008394	14	friends	03	003	s01e01b	
cerebellum	34.430186587537975	88	friends	03	003	s01e06a	
cortex_Cont	47.41072578307779	128	friends	03	003	s01e06a	
cortex_Default	44.81133208514639	209	friends	03	003	s01e06a	
cortex_DorsAttn	50.86537012811106	122	friends	03	003	s01e06a	
cortex_Limbic	19.918863547646456	60	friends	03	003	s01e06a	
cortex_SalVentAttn	44.786191208212436	121	friends	03	003	s01e06a	
cortex_SomMot	46.25320379600911	194	friends	03	003	s01e06a	
cortex_Vis	41.462425883615	162	friends	03	003	s01e06a	
subcortex_CAU	26.28732723556822	8	friends	03	003	s01e06a	
subcortex_PUT	28.103638181189996	8	friends	03	003	s01e06a	
subcortex_THA	27.633162260909618	14	friends	03	003	s01e06a	
cerebellum	36.957156820015484	88	friends	03	003	s01e06b	
cortex_Cont	48.77184119148301	128	friends	03	003	s01e06b	
cortex_Default	45.13338067388555	209	friends	03	003	s01e06b	
cortex_DorsAttn	53.90067805895766	122	friends	03	003	s01e06b	
cortex_Limbic	20.19319005639904	60	friends	03	003	s01e06b	
cortex_SalVentAttn	45.84167867482396	121	friends	03	003	s01e06b	
cortex_SomMot	49.2917639096516	194	friends	03	003	s01e06b	
cortex_Vis	43.81330718938079	162	friends	03	003	s01e06b	
subcortex_CAU	26.178360444704854	8	friends	03	003	s01e06b	
subcortex_PUT	28.022082059506612	8	friends	03	003	s01e06b	
subcortex_THA	27.82868343712221	14	friends	03	003	s01e06b	
cerebellum	31.387481937129465	88	friends	03	004	s01e07a	
cortex_Cont	41.862935558527006	128	friends	03	004	s01e07a	
cortex_Default	40.28061286429658	209	friends	03	004	s01e07a	
cortex_DorsAttn	45.22225224243562	122	friends	03	004	s01e07a	
cortex_Limbic	18.84213920974106	60	friends	03	004	s01e07a	
cortex_SalVentAttn	41.64865161156586	121	friends	03	004	s01e07a	
cortex_SomMot	42.69739869794681	194	friends	03	004	s01e07a	
cortex_Vis	36.29678415145622	162	friends	03	004	s01e07a	
subcortex_CAU	26.134699759272927	8	friends	03	004	s01e07a	
subcortex_PUT	27.707802453213546	8	friends	03	004	s01e07a	
subcortex_THA	26.918536776005755	14	friends	03	004	s01e07a	
cerebellum	28.643884038613873	88	friends	03	004	s01e07b	
cortex_Cont	39.177596674966516	128	friends	03	004	s01e07b	
cortex_Default	37.06559858751991	209	friends	03	004	s01e07b	
cortex_DorsAttn	43.45885113860448	122	friends	03	004	s01e07b	
cortex_Limbic	17.459792938087567	60	friends	03	004	s01e07b	
cortex_SalVentAttn	38.22261235338258	121	friends	03	004	s01e07b	
cortex_SomMot	38.7047647370118	194	friends	03	004	s01e07b	
cortex_Vis	35.0111754963047	162	friends	03	004	s01e07b	
subcortex_CAU	24.807789053272	8	friends	03	004	s01e07b	
subcortex_PUT	26.72681588789966	8	friends	03	004	s01e07b	
subcortex_THA	26.056202981974444	14	friends	03	004	s01e07b	
cerebellum	27.321667135128397	88	friends	03	004	s01e08a	
cortex_Cont	40.98437629775161	128	friends	03	004	s01e08a	
cortex_Default	38.255826816243776	209	friends	03	004	s01e08a	
cortex_DorsAttn	43.10540486289158	122	friends	03	004	s01e08a	
cortex_Limbic	18.393119562512208	60	friends	03	004	s01e08a	
cortex_SalVentAttn	40.020992312110316	121	friends	03	004	s01e08a	
cortex_SomMot	40.08170850221894	194	friends	03	004	s01e08a	
cortex_Vis	32.82890128924831	162	friends	03	004	s01e08a	
subcortex_CAU	25.747438124987507	8	friends	03	004	s01e08a	
subcortex_PUT	26.895984315241666	8	friends	03	004	s01e08a	
subcortex_THA	26.126574824958634	14	friends	03	004	s01e08a	
cerebellum	27.97115181539976	88	friends	03	004	s01e08b	
cortex_Cont	40.61648377412081	128	friends	03	004	s01e08b	
cortex_Default	38.052907834072904	209	friends	03	004	s01e08b	
cortex_DorsAttn	43.915466538286246	122	friends	03	004	s01e08b	
cortex_Limbic	18.309016901238877	60	friends	03	004	s01e08b	
cortex_SalVentAttn	39.50220478482308	121	friends	03	004	s01e08b	
cortex_SomMot	40.12557104843871	194	friends	03	004	s01e08b	
cortex_Vis	33.52377300285248	162	friends	03	004	s01e08b	
subcortex_CAU	25.579034764858534	8	friends	03	004	s01e08b	
subcortex_PUT	27.131387621289715	8	friends	03	004	s01e08b	
subcortex_THA	26.097397818447977	14	friends	03	004	s01e08b	
cerebellum	33.64050867171159	88	friends	03	005	s01e09a	
cortex_Cont	45.894952730206036	128	friends	03	005	s01e09a	
cortex_Default	43.91887074966733	209	friends	03	005	s01e09a	
cortex_DorsAttn	49.50990837043205	122	friends	03	005	s01e09a	
cortex_Limbic	20.67688437960026	60	friends	03	005	s01e09a	
cortex_SalVentAttn	44.018742446873816	121	friends	03	005	s01e09a	
cortex_SomMot	45.66214174509455	194	friends	03	005	s01e09a	
cortex_Vis	40.08954251077987	162	friends	03	005	s01e09a	
subcortex_CAU	27.853962547147713	8	friends	03	005	s01e09a	
subcortex_PUT	28.877889079650167	8	friends	03	005	s01e09a	
subcortex_THA	27.630381637163875	14	friends	03	005	s01e09a	
cerebellum	28.83399782342757	88	friends	03	005	s01e09b	
cortex_Cont	38.232786297406086	128	friends	03	005	s01e09b	
cortex_Default	37.337176596236596	209	friends	03	005	s01e09b	
cortex_DorsAttn	41.57332682451024	122	friends	03	005	s01e09b	
cortex_Limbic	18.35081021618034	60	friends	03	005	s01e09b	
cortex_SalVentAttn	39.674941310220504	121	friends	03	005	s01e09b	
cortex_SomMot	39.8725357261888	194	friends	03	005	s01e09b	
cortex_Vis	33.06088598255462	162	friends	03	005	s01e09b	
subcortex_CAU	25.916498413918905	8	friends	03	005	s01e09b	
subcortex_PUT	27.373260713359585	8	friends	03	005	s01e09b	
subcortex_THA	27.200408887581926	14	friends	03	005	s01e09b	
cerebellum	33.432895919670734	88	friends	03	005	s01e10a	
cortex_Cont	45.78838973507567	128	friends	03	005	s01e10a	
cortex_Default	43.862324894650406	209	friends	03	005	s01e10a	
cortex_DorsAttn	51.22117980713117	122	friends	03	005	s01e10a	
cortex_Limbic	19.991137310306623	60	friends	03	005	s01e10a	
cortex_SalVentAttn	44.73752197896024	121	friends	03	005	s01e10a	
cortex_SomMot	46.661438534947834	194	friends	03	005	s01e10a	
cortex_Vis	41.18648774760921	162	friends	03	005	s01e10a	
subcortex_CAU	27.405150886946775	8	friends	03	005	s01e10a	
subcortex_PUT	28.472167745647845	8	friends	03	005	s01e10a	
subcortex_THA	27.536146232906436	14	friends	03	005	s01e10a	
cerebellum	30.86299644006833	88	friends	03	005	s01e10b	
cortex_Cont	40.191442723643455	128	friends	03	005	s01e10b	
cortex_Default	39.2745740772449	209	friends	03	005	s01e10b	
cortex_DorsAttn	44.583765928127875	122	friends	03	005	s01e10b	
cortex_Limbic	17.778116608672306	60	friends	03	005	s01e10b	
cortex_SalVentAttn	41.48412192642394	121	friends	03	005	s01e10b	
cortex_SomMot	41.95617640105049	194	friends	03	005	s01e10b	
cortex_Vis	36.24249285120123	162	friends	03	005	s01e10b	
subcortex_CAU	26.591858586012044	8	friends	03	005	s01e10b	
subcortex_PUT	28.049119772901886	8	friends	03	005	s01e10b	
subcortex_THA	27.291758267185035	14	friends	03	005	s01e10b	
cerebellum	36.334554660893815	88	friends	03	006	s01e11a	
cortex_Cont	46.71889543934232	128	friends	03	006	s01e11a	
cortex_Default	43.830765819755925	209	friends	03	006	s01e11a	
cortex_DorsAttn	53.201713087123146	122	friends	03	006	s01e11a	
cortex_Limbic	20.07922617406341	60	friends	03	006	s01e11a	
cortex_SalVentAttn	44.598448120368744	121	friends	03	006	s01e11a	
cortex_SomMot	48.41118636466147	194	friends	03	006	s01e11a	
cortex_Vis	43.51246102257031	162	friends	03	006	s01e11a	
subcortex_CAU	25.94529107982328	8	friends	03	006	s01e11a	
subcortex_PUT	28.006886438757668	8	friends	03	006	s01e11a	
subcortex_THA	27.69571471616499	14	friends	03	006	s01e11a	
cerebellum	33.044771163105075	88	friends	03	006	s01e11b	
cortex_Cont	39.702394702789995	128	friends	03	006	s01e11b	
cortex_Default	37.88180238129686	209	friends	03	006	s01e11b	
cortex_DorsAttn	46.18948042977955	122	friends	03	006	s01e11b	
cortex_Limbic	17.159736482589715	60	friends	03	006	s01e11b	
cortex_SalVentAttn	40.13022815175218	121	friends	03	006	s01e11b	
cortex_SomMot	41.49065081698014	194	friends	03	006	s01e11b	
cortex_Vis	38.346002892921625	162	friends	03	006	s01e11b	
subcortex_CAU	24.199351345493103	8	friends	03	006	s01e11b	
subcortex_PUT	27.090593714370602	8	friends	03	006	s01e11b	
subcortex_THA	26.872609831079764	14	friends	03	006	s01e11b	
cerebellum	32.73459430896986	88	friends	03	006	s01e12a	
cortex_Cont	39.149361819006536	128	friends	03	006	s01e12a	
cortex_Default	37.52045958498424	209	friends	03	006	s01e12a	
cortex_DorsAttn	44.1758094341878	122	friends	03	006	s01e12a	
cortex_Limbic	17.35247016739223	60	friends	03	006	s01e12a	
cortex_SalVentAttn	39.99455814588482	121	friends	03	006	s01e12a	
cortex_SomMot	41.54431321629234	194	friends	03	006	s01e12a	
cortex_Vis	35.04411861538351	162	friends	03	006	s01e12a	
subcortex_CAU	24.26944288143048	8	friends	03	006	s01e12a	
subcortex_PUT	26.902424382768974	8	friends	03	006	s01e12a	
subcortex_THA	26.94481911481366	14	friends	03	006	s01e12a	
cerebellum	28.578539866628883	88	friends	03	006	s01e12b	
cortex_Cont	36.786067162004464	128	friends	03	006	s01e12b	
cortex_Default	35.04791408332013	209	friends	03	006	s01e12b	
cortex_DorsAttn	39.853311655071785	122	friends	03	006	s01e12b	
cortex_Limbic	16.87561936665566	60	friends	03	006	s01e12b	
cortex_SalVentAttn	37.238989258880146	121	friends	03	006	s01e12b	
cortex_SomMot	37.005373820093034	194	friends	03	006	s01e12b	
cortex_Vis	31.477973623690744	162	friends	03	006	s01e12b	
subcortex_CAU	23.417699536889952	8	friends	03	006	s01e12b	
subcortex_PUT	25.97291809799794	8	friends	03	006	s01e12b	
subcortex_THA	25.94620395502231	14	friends	03	006	s01e12b	
cerebellum	36.151422016214795	88	friends	03	007	s01e13a	
cortex_Cont	46.98711581845347	128	friends	03	007	s01e13a	
cortex_Default	43.54614717350051	209	friends	03	007	s01e13a	
cortex_DorsAttn	52.33920916529311	122	friends	03	007	s01e13a	
cortex_Limbic	19.735345251490664	60	friends	03	007	s01e13a	
cortex_SalVentAttn	43.970781482662325	121	friends	03	007	s01e13a	
cortex_SomMot	46.564385825779965	194	friends	03	007	s01e13a	
cortex_Vis	43.5319711799992	162	friends	03	007	s01e13a	
subcortex_CAU	25.469461544325064	8	friends	03	007	s01e13a	
subcortex_PUT	27.68455629585972	8	friends	03	007	s01e13a	
subcortex_THA	27.251301372530342	14	friends	03	007	s01e13a	
cerebellum	33.039004025698326	88	friends	03	007	s01e13b	
cortex_Cont	43.80690784556295	128	friends	03	007	s01e13b	
cortex_Default	40.913431118077106	209	friends	03	007	s01e13b	
cortex_DorsAttn	48.1511890040055	122	friends	03	007	s01e13b	
cortex_Limbic	19.201599593336482	60	friends	03	007	s01e13b	
cortex_SalVentAttn	42.32602661370881	121	friends	03	007	s01e13b	
cortex_SomMot	44.44325488091493	194	friends	03	007	s01e13b	
cortex_Vis	37.6157227213423	162	friends	03	007	s01e13b	
subcortex_CAU	25.47367923410668	8	friends	03	007	s01e13b	
subcortex_PUT	27.812939852894807	8	friends	03	007	s01e13b	
subcortex_THA	26.712027265805634	14	friends	03	007	s01e13b	
cerebellum	33.054718086327604	88	friends	03	007	s01e14a	
cortex_Cont	42.54180288178015	128	friends	03	007	s01e14a	
cortex_Default	40.41839716525885	209	friends	03	007	s01e14a	
cortex_DorsAttn	47.45944946650363	122	friends	03	007	s01e14a	
cortex_Limbic	19.799304941988474	60	friends	03	007	s01e14a	
cortex_SalVentAttn	41.949880238597764	121	friends	03	007	s01e14a	
cortex_SomMot	43.91805905063381	194	friends	03	007	s01e14a	
cortex_Vis	37.54750210892898	162	friends	03	007	s01e14a	
subcortex_CAU	25.701010135828913	8	friends	03	007	s01e14a	
subcortex_PUT	27.766306287501827	8	friends	03	007	s01e14a	
subcortex_THA	26.962256091311467	14	friends	03	007	s01e14a	
cerebellum	31.016960120290108	88	friends	03	007	s01e14b	
cortex_Cont	40.733079761954585	128	friends	03	007	s01e14b	
cortex_Default	38.765381533814505	209	friends	03	007	s01e14b	
cortex_DorsAttn	45.640277686377324	122	friends	03	007	s01e14b	
cortex_Limbic	18.59026940141087	60	friends	03	007	s01e14b	
cortex_SalVentAttn	39.9269258274237	121	friends	03	007	s01e14b	
cortex_SomMot	40.57644625668516	194	friends	03	007	s01e14b	
cortex_Vis	36.20880019617783	162	friends	03	007	s01e14b	
subcortex_CAU	25.11556199890452	8	friends	03	007	s01e14b	
subcortex_PUT	27.089935130521887	8	friends	03	007	s01e14b	
subcortex_THA	26.50912505921249	14	friends	03	007	s01e14b	
cerebellum	35.30026338904715	88	friends	03	008	s01e15a	
cortex_Cont	44.85948327063699	128	friends	03	008	s01e15a	
cortex_Default	42.357490239117865	209	friends	03	008	s01e15a	
cortex_DorsAttn	48.48280980608837	122	friends	03	008	s01e15a	
cortex_Limbic	20.81017976249445	60	friends	03	008	s01e15a	
cortex_SalVentAttn	42.79427942182827	121	friends	03	008	s01e15a	
cortex_SomMot	43.660136138162144	194	friends	03	008	s01e15a	
cortex_Vis	39.76887585881824	162	friends	03	008	s01e15a	
subcortex_CAU	25.900136779102166	8	friends	03	008	s01e15a	
subcortex_PUT	28.1829037009266	8	friends	03	008	s01e15a	
subcortex_THA	27.09659704006715	14	friends	03	008	s01e15a	
cerebellum	31.59405713271874	88	friends	03	008	s01e15b	
cortex_Cont	43.1006058754054	128	friends	03	008	s01e15b	
cortex_Default	40.401656186050964	209	friends	03	008	s01e15b	
cortex_DorsAttn	44.386863059253415	122	friends	03	008	s01e15b	
cortex_Limbic	19.27427537022091	60	friends	03	008	s01e15b	
cortex_SalVentAttn	41.393842679637046	121	friends	03	008	s01e15b	
cortex_SomMot	41.25935718692643	194	friends	03	008	s01e15b	
cortex_Vis	36.00845722121885	162	friends	03	008	s01e15b	
subcortex_CAU	25.35276775024876	8	friends	03	008	s01e15b	
subcortex_PUT	27.472668563986307	8	friends	03	008	s01e15b	
subcortex_THA	26.96756818744808	14	friends	03	008	s01e15b	
cerebellum	31.843073846392667	88	friends	03	008	s01e16a	
cortex_Cont	37.67976328022659	128	friends	03	008	s01e16a	
cortex_Default	35.97728999752611	209	friends	03	008	s01e16a	
cortex_DorsAttn	42.863060446740576	122	friends	03	008	s01e16a	
cortex_Limbic	16.94691230046642	60	friends	03	008	s01e16a	
cortex_SalVentAttn	38.09637236637549	121	friends	03	008	s01e16a	
cortex_SomMot	38.12872986272547	194	friends	03	008	s01e16a	
cortex_Vis	35.37462058413469	162	friends	03	008	s01e16a	
subcortex_CAU	23.85042762644907	8	friends	03	008	s01e16a	
subcortex_PUT	26.59808023449635	8	friends	03	008	s01e16a	
subcortex_THA	26.391423575830935	14	friends	03	008	s01e16a	
cerebellum	29.677392903143627	88	friends	03	008	s01e16b	
cortex_Cont	35.18963629049349	128	friends	03	008	s01e16b	
cortex_Default	33.762080774825066	209	friends	03	008	s01e16b	
cortex_DorsAttn	39.14640121551542	122	friends	03	008	s01e16b	
cortex_Limbic	16.114792567714186	60	friends	03	008	s01e16b	
cortex_SalVentAttn	35.73511043664449	121	friends	03	008	s01e16b	
cortex_SomMot	34.6850065929805	194	friends	03	008	s01e16b	
cortex_Vis	32.432919728704206	162	friends	03	008	s01e16b	
subcortex_CAU	22.759099824244206	8	friends	03	008	s01e16b	
subcortex_PUT	25.937974739752114	8	friends	03	008	s01e16b	
subcortex_THA	25.615980518617246	14	friends	03	008	s01e16b	
cerebellum	33.74734715464032	88	friends	03	009	s01e17a	
cortex_Cont	44.77705758653971	128	friends	03	009	s01e17a	
cortex_Default	42.10423122121895	209	friends	03	009	s01e17a	
cortex_DorsAttn	49.11397787462808	122	friends	03	009	s01e17a	
cortex_Limbic	20.04131082492806	60	friends	03	009	s01e17a	
cortex_SalVentAttn	43.79632339216991	121	friends	03	009	s01e17a	
cortex_SomMot	45.64876976277075	194	friends	03	009	s01e17a	
cortex_Vis	38.705337542004116	162	friends	03	009	s01e17a	
subcortex_CAU	27.25562806674389	8	friends	03	009	s01e17a	
subcortex_PUT	28.914857263208834	8	friends	03	009	s01e17a	
subcortex_THA	28.15807022247179	14	friends	03	009	s01e17a	
cerebellum	32.37536983500101	88	friends	03	009	s01e17b	
cortex_Cont	41.63253323116755	128	friends	03	009	s01e17b	
cortex_Default	39.28887912379171	209	friends	03	009	s01e17b	
cortex_DorsAttn	46.34418481031396	122	friends	03	009	s01e17b	
cortex_Limbic	18.38220595655135	60	friends	03	009	s01e17b	
cortex_SalVentAttn	41.534731178344316	121	friends	03	009	s01e17b	
cortex_SomMot	42.50035125395085	194	friends	03	009	s01e17b	
cortex_Vis	36.37944895862715	162	friends	03	009	s01e17b	
subcortex_CAU	25.57408785027049	8	friends	03	009	s01e17b	
subcortex_PUT	28.071082460685556	8	friends	03	009	s01e17b	
subcortex_THA	27.167096027313615	14	friends	03	009	s01e17b	
cerebellum	26.895864382257574	88	friends	03	009	s01e18a	
cortex_Cont	30.099227655159734	128	friends	03	009	s01e18a	
cortex_Default	29.86909073324141	209	friends	03	009	s01e18a	
cortex_DorsAttn	33.86109546245271	122	friends	03	009	s01e18a	
cortex_Limbic	15.936753575495358	60	friends	03	009	s01e18a	
cortex_SalVentAttn	31.82973244045969	121	friends	03	009	s01e18a	
cortex_SomMot	30.883356814583685	194	friends	03	009	s01e18a	
cortex_Vis	28.000532326801295	162	friends	03	009	s01e18a	
subcortex_CAU	22.413317377416206	8	friends	03	009	s01e18a	
subcortex_PUT	25.013328750976	8	friends	03	009	s01e18a	
subcortex_THA	25.090840772617053	14	friends	03	009	s01e18a	
cerebellum	28.658788669892523	88	friends	03	009	s01e18b	
cortex_Cont	36.50195476017475	128	friends	03	009	s01e18b	
cortex_Default	35.385538716682596	209	friends	03	009	s01e18b	
cortex_DorsAttn	40.38862910961027	122	friends	03	009	s01e18b	
cortex_Limbic	16.034379027160735	60	friends	03	009	s01e18b	
cortex_SalVentAttn	38.67346792503626	121	friends	03	009	s01e18b	
cortex_SomMot	38.15697067982423	194	friends	03	009	s01e18b	
cortex_Vis	31.652351004982453	162	friends	03	009	s01e18b	
subcortex_CAU	25.208577006615677	8	friends	03	009	s01e18b	
subcortex_PUT	28.04500388920195	8	friends	03	009	s01e18b	
subcortex_THA	27.301940265511067	14	friends	03	009	s01e18b	
cerebellum	31.636798404100826	88	friends	03	010	s01e19a	
cortex_Cont	37.7311263861362	128	friends	03	010	s01e19a	
cortex_Default	36.760289013329235	209	friends	03	010	s01e19a	
cortex_DorsAttn	42.78416845380474	122	friends	03	010	s01e19a	
cortex_Limbic	16.024428496348655	60	friends	03	010	s01e19a	
cortex_SalVentAttn	38.25580195088613	121	friends	03	010	s01e19a	
cortex_SomMot	37.50896896606097	194	friends	03	010	s01e19a	
cortex_Vis	35.90363629233978	162	friends	03	010	s01e19a	
subcortex_CAU	24.784682037578822	8	friends	03	010	s01e19a	
subcortex_PUT	27.640582301566308	8	friends	03	010	s01e19a	
subcortex_THA	27.447508592665937	14	friends	03	010	s01e19a	
cerebellum	26.257965917862272	88	friends	03	010	s01e19b	
cortex_Cont	34.93284117910621	128	friends	03	010	s01e19b	
cortex_Default	33.527807247854305	209	friends	03	010	s01e19b	
cortex_DorsAttn	37.38957366798099	122	friends	03	010	s01e19b	
cortex_Limbic	16.191885670418042	60	friends	03	010	s01e19b	
cortex_SalVentAttn	37.005773417676785	121	friends	03	010	s01e19b	
cortex_SomMot	35.62369711285005	194	friends	03	010	s01e19b	
cortex_Vis	29.641000864905497	162	friends	03	010	s01e19b	
subcortex_CAU	24.858821161143073	8	friends	03	010	s01e19b	
subcortex_PUT	27.255622725041587	8	friends	03	010	s01e19b	
subcortex_THA	26.756684223405237	14	friends	03	010	s01e19b	
cerebellum	34.47592018931743	88	friends	03	010	s01e20a	
cortex_Cont	43.585193358973775	128	friends	03	010	s01e20a	
cortex_Default	41.85454278628376	209	friends	03	010	s01e20a	
cortex_DorsAttn	48.92109128504387	122	friends	03	010	s01e20a	
cortex_Limbic	20.223608613958785	60	friends	03	010	s01e20a	
cortex_SalVentAttn	43.09103211900559	121	friends	03	010	s01e20a	
cortex_SomMot	44.6409903260006	194	friends	03	010	s01e20a	
cortex_Vis	40.32618885314305	162	friends	03	010	s01e20a	
subcortex_CAU	27.801953017677103	8	friends	03	010	s01e20a	
subcortex_PUT	29.302101371192823	8	friends	03	010	s01e20a	
subcortex_THA	28.603117513268387	14	friends	03	010	s01e20a	
cerebellum	32.97549120896839	88	friends	03	010	s01e20b	
cortex_Cont	43.74328412067472	128	friends	03	010	s01e20b	
cortex_Default	41.25909064422381	209	friends	03	010	s01e20b	
cortex_DorsAttn	49.213483740817146	122	friends	03	010	s01e20b	
cortex_Limbic	19.69285469858045	60	friends	03	010	s01e20b	
cortex_SalVentAttn	43.47923158591663	121	friends	03	010	s01e20b	
cortex_SomMot	44.863388378705345	194	friends	03	010	s01e20b	
cortex_Vis	38.650124564326006	162	friends	03	010	s01e20b	
subcortex_CAU	27.71755103219379	8	friends	03	010	s01e20b	
subcortex_PUT	29.496313498942754	8	friends	03	010	s01e20b	
subcortex_THA	28.707049599686936	14	friends	03	010	s01e20b	
cerebellum	34.99451525165185	88	friends	03	011	s01e21a	
cortex_Cont	45.79832579977088	128	friends	03	011	s01e21a	
cortex_Default	42.92326146779576	209	friends	03	011	s01e21a	
cortex_DorsAttn	50.34429583665876	122	friends	03	011	s01e21a	
cortex_Limbic	20.732990159175607	60	friends	03	011	s01e21a	
cortex_SalVentAttn	43.86225320033183	121	friends	03	011	s01e21a	
cortex_SomMot	45.874278145749365	194	friends	03	011	s01e21a	
cortex_Vis	40.22990148821292	162	friends	03	011	s01e21a	
subcortex_CAU	27.052597468219677	8	friends	03	011	s01e21a	
subcortex_PUT	29.580395978002677	8	friends	03	011	s01e21a	
subcortex_THA	28.849856915962214	14	friends	03	011	s01e21a	
cerebellum	31.61338073472207	88	friends	03	011	s01e21b	
cortex_Cont	42.37948805288864	128	friends	03	011	s01e21b	
cortex_Default	40.012737807298954	209	friends	03	011	s01e21b	
cortex_DorsAttn	46.20575178937339	122	friends	03	011	s01e21b	
cortex_Limbic	19.657510355745178	60	friends	03	011	s01e21b	
cortex_SalVentAttn	43.248331615336625	121	friends	03	011	s01e21b	
cortex_SomMot	45.673419641404614	194	friends	03	011	s01e21b	
cortex_Vis	35.260074943420406	162	friends	03	011	s01e21b	
subcortex_CAU	27.635609939874634	8	friends	03	011	s01e21b	
subcortex_PUT	29.876843131734155	8	friends	03	011	s01e21b	
subcortex_THA	28.866642584250137	14	friends	03	011	s01e21b	
cerebellum	33.20002873317155	88	friends	03	011	s01e22a	
cortex_Cont	42.702067373494735	128	friends	03	011	s01e22a	
cortex_Default	40.44467438536082	209	friends	03	011	s01e22a	
cortex_DorsAttn	47.772533770668176	122	friends	03	011	s01e22a	
cortex_Limbic	18.32793353287558	60	friends	03	011	s01e22a	
cortex_SalVentAttn	41.976028064297196	121	friends	03	011	s01e22a	
cortex_SomMot	43.407958856884875	194	friends	03	011	s01e22a	
cortex_Vis	38.60369700704233	162	friends	03	011	s01e22a	
subcortex_CAU	26.34321840840834	8	friends	03	011	s01e22a	
subcortex_PUT	28.75270643859302	8	friends	03	011	s01e22a	
subcortex_THA	28.58325176280595	14	friends	03	011	s01e22a	
cerebellum	36.10662495736692	88	friends	03	011	s01e22b	
cortex_Cont	43.69166330407846	128	friends	03	011	s01e22b	
cortex_Default	41.33791167924098	209	friends	03	011	s01e22b	
cortex_DorsAttn	49.44370926325118	122	friends	03	011	s01e22b	
cortex_Limbic	19.041849658944894	60	friends	03	011	s01e22b	
cortex_SalVentAttn	42.753649326430896	121	friends	03	011	s01e22b	
cortex_SomMot	44.75039167119961	194	friends	03	011	s01e22b	
cortex_Vis	41.566670360697586	162	friends	03	011	s01e22b	
subcortex_CAU	25.911262388333917	8	friends	03	011	s01e22b	
subcortex_PUT	28.90863709838534	8	friends	03	011	s01e22b	
subcortex_THA	28.1897345076406	14	friends	03	011	s01e22b	
cerebellum	34.09260174421334	88	friends	03	012	s01e23a	
cortex_Cont	45.377618879940684	128	friends	03	012	s01e23a	
cortex_Default	42.808785064193486	209	friends	03	012	s01e23a	
cortex_DorsAttn	49.339201410545996	122	friends	03	012	s01e23a	
cortex_Limbic	20.250737301487238	60	friends	03	012	s01e23a	
cortex_SalVentAttn	44.15689407689782	121	friends	03	012	s01e23a	
cortex_SomMot	45.12382584693857	194	friends	03	012	s01e23a	
cortex_Vis	39.992681703077	162	friends	03	012	s01e23a	
subcortex_CAU	27.116328349110756	8	friends	03	012	s01e23a	
subcortex_PUT	29.060634789374248	8	friends	03	012	s01e23a	
subcortex_THA	28.084825249330716	14	friends	03	012	s01e23a	
cerebellum	35.399482940704644	88	friends	03	012	s01e23b	
cortex_Cont	46.13602375683558	128	friends	03	012	s01e23b	
cortex_Default	43.787998850814304	209	friends	03	012	s01e23b	
cortex_DorsAttn	49.598005446248926	122	friends	03	012	s01e23b	
cortex_Limbic	21.086482625611186	60	friends	03	012	s01e23b	
cortex_SalVentAttn	45.29332792980645	121	friends	03	012	s01e23b	
cortex_SomMot	47.6145978430594	194	friends	03	012	s01e23b	
cortex_Vis	39.562060296997124	162	friends	03	012	s01e23b	
subcortex_CAU	28.498619354795323	8	friends	03	012	s01e23b	
subcortex_PUT	30.143876027442595	8	friends	03	012	s01e23b	
subcortex_THA	28.775253127693677	14	friends	03	012	s01e23b	
cerebellum	35.366348809023	88	friends	03	012	s01e24a	
cortex_Cont	44.60799702263949	128	friends	03	012	s01e24a	
cortex_Default	42.838001761377775	209	friends	03	012	s01e24a	
cortex_DorsAttn	48.960955155627786	122	friends	03	012	s01e24a	
cortex_Limbic	20.042359744662456	60	friends	03	012	s01e24a	
cortex_SalVentAttn	44.305675240887325	121	friends	03	012	s01e24a	
cortex_SomMot	45.00683028124857	194	friends	03	012	s01e24a	
cortex_Vis	40.20576680355989	162	friends	03	012	s01e24a	
subcortex_CAU	27.445019905424118	8	friends	03	012	s01e24a	
subcortex_PUT	29.224704356383654	8	friends	03	012	s01e24a	
subcortex_THA	28.402228219176045	14	friends	03	012	s01e24a	
cerebellum	32.75278705166252	88	friends	03	012	s01e24b	
cortex_Cont	40.45670870868244	128	friends	03	012	s01e24b	
cortex_Default	38.962977076764716	209	friends	03	012	s01e24b	
cortex_DorsAttn	44.301883366953135	122	friends	03	012	s01e24b	
cortex_Limbic	18.713280451568643	60	friends	03	012	s01e24b	
cortex_SalVentAttn	41.020365568413006	121	friends	03	012	s01e24b	
cortex_SomMot	41.078992438749246	194	friends	03	012	s01e24b	
cortex_Vis	36.86482724978218	162	friends	03	012	s01e24b	
subcortex_CAU	26.36906128310599	8	friends	03	012	s01e24b	
subcortex_PUT	28.707937900023442	8	friends	03	012	s01e24b	
subcortex_THA	28.052545795397382	14	friends	03	012	s01e24b	
cerebellum	33.36077940059507	88	friends	03	013	s02e05b	
cortex_Cont	45.74948092468493	128	friends	03	013	s02e05b	
cortex_Default	42.55868798468142	209	friends	03	013	s02e05b	
cortex_DorsAttn	50.52517263293983	122	friends	03	013	s02e05b	
cortex_Limbic	19.65579164054924	60	friends	03	013	s02e05b	
cortex_SalVentAttn	44.2618931216075	121	friends	03	013	s02e05b	
cortex_SomMot	45.309883311664194	194	friends	03	013	s02e05b	
cortex_Vis	40.70160948192605	162	friends	03	013	s02e05b	
subcortex_CAU	26.893429197782034	8	friends	03	013	s02e05b	
subcortex_PUT	28.83222807279585	8	friends	03	013	s02e05b	
subcortex_THA	28.151024379334668	14	friends	03	013	s02e05b	
cerebellum	29.376539359036006	88	friends	03	013	s02e06a	
cortex_Cont	40.58469414120456	128	friends	03	013	s02e06a	
cortex_Default	38.6518221016089	209	friends	03	013	s02e06a	
cortex_DorsAttn	46.11236796147859	122	friends	03	013	s02e06a	
cortex_Limbic	18.254816438141756	60	friends	03	013	s02e06a	
cortex_SalVentAttn	40.199440423964745	121	friends	03	013	s02e06a	
cortex_SomMot	40.75539821585865	194	friends	03	013	s02e06a	
cortex_Vis	36.85506079631835	162	friends	03	013	s02e06a	
subcortex_CAU	26.25326147739272	8	friends	03	013	s02e06a	
subcortex_PUT	27.83999351148589	8	friends	03	013	s02e06a	
subcortex_THA	27.47343219057337	14	friends	03	013	s02e06a	
cerebellum	26.866188169181886	88	friends	03	013	s02e06b	
cortex_Cont	38.9133954014692	128	friends	03	013	s02e06b	
cortex_Default	37.075120812971115	209	friends	03	013	s02e06b	
cortex_DorsAttn	41.46704613390957	122	friends	03	013	s02e06b	
cortex_Limbic	18.08307440573377	60	friends	03	013	s02e06b	
cortex_SalVentAttn	39.22327500611629	121	friends	03	013	s02e06b	
cortex_SomMot	38.71226285865777	194	friends	03	013	s02e06b	
cortex_Vis	30.6958080566881	162	friends	03	013	s02e06b	
subcortex_CAU	26.258866320600724	8	friends	03	013	s02e06b	
subcortex_PUT	27.629438319205324	8	friends	03	013	s02e06b	
subcortex_THA	26.92008068269803	14	friends	03	013	s02e06b	
cerebellum	33.29572256018437	88	friends	03	014	s02e01a	
cortex_Cont	43.54118257717007	128	friends	03	014	s02e01a	
cortex_Default	40.66460893233907	209	friends	03	014	s02e01a	
cortex_DorsAttn	49.08078251997668	122	friends	03	014	s02e01a	
cortex_Limbic	18.491980713947534	60	friends	03	014	s02e01a	
cortex_SalVentAttn	43.688314923837325	121	friends	03	014	s02e01a	
cortex_SomMot	46.10362866468486	194	friends	03	014	s02e01a	
cortex_Vis	37.97448546914383	162	friends	03	014	s02e01a	
subcortex_CAU	26.41241668957483	8	friends	03	014	s02e01a	
subcortex_PUT	29.081655329255597	8	friends	03	014	s02e01a	
subcortex_THA	28.499841706019982	14	friends	03	014	s02e01a	
cerebellum	34.69392872368511	88	friends	03	014	s02e01b	
cortex_Cont	46.977340318085375	128	friends	03	014	s02e01b	
cortex_Default	43.94856409559321	209	friends	03	014	s02e01b	
cortex_DorsAttn	51.14281869426008	122	friends	03	014	s02e01b	
cortex_Limbic	20.111760877711827	60	friends	03	014	s02e01b	
cortex_SalVentAttn	45.53598850974148	121	friends	03	014	s02e01b	
cortex_SomMot	46.93099746038117	194	friends	03	014	s02e01b	
cortex_Vis	41.54284472754134	162	friends	03	014	s02e01b	
subcortex_CAU	26.971459103692364	8	friends	03	014	s02e01b	
subcortex_PUT	29.38612702031995	8	friends	03	014	s02e01b	
subcortex_THA	28.64668832111754	14	friends	03	014	s02e01b	
cerebellum	33.19761926089895	88	friends	03	014	s02e02a	
cortex_Cont	46.695332555155225	128	friends	03	014	s02e02a	
cortex_Default	43.414465751053406	209	friends	03	014	s02e02a	
cortex_DorsAttn	52.09104907242776	122	friends	03	014	s02e02a	
cortex_Limbic	19.314340854055338	60	friends	03	014	s02e02a	
cortex_SalVentAttn	45.50696396040437	121	friends	03	014	s02e02a	
cortex_SomMot	47.67363785149284	194	friends	03	014	s02e02a	
cortex_Vis	39.14561279645513	162	friends	03	014	s02e02a	
subcortex_CAU	27.878237865289236	8	friends	03	014	s02e02a	
subcortex_PUT	29.04727768653479	8	friends	03	014	s02e02a	
subcortex_THA	28.55483931209033	14	friends	03	014	s02e02a	
cerebellum	34.51838582265992	88	friends	03	014	s02e02b	
cortex_Cont	44.89410354055061	128	friends	03	014	s02e02b	
cortex_Default	42.42453532223973	209	friends	03	014	s02e02b	
cortex_DorsAttn	49.94133164214466	122	friends	03	014	s02e02b	
cortex_Limbic	19.760469484679973	60	friends	03	014	s02e02b	
cortex_SalVentAttn	43.73424003849218	121	friends	03	014	s02e02b	
cortex_SomMot	44.113998919702006	194	friends	03	014	s02e02b	
cortex_Vis	39.68803869207008	162	friends	03	014	s02e02b	
subcortex_CAU	28.030432792184705	8	friends	03	014	s02e02b	
subcortex_PUT	29.32216305721794	8	friends	03	014	s02e02b	
subcortex_THA	28.63777001641632	14	friends	03	014	s02e02b	
cerebellum	35.90835457008365	88	friends	03	015	s02e03a	
cortex_Cont	47.12362349155582	128	friends	03	015	s02e03a	
cortex_Default	43.753947617418014	209	friends	03	015	s02e03a	
cortex_DorsAttn	51.69438053528758	122	friends	03	015	s02e03a	
cortex_Limbic	20.20286101817958	60	friends	03	015	s02e03a	
cortex_SalVentAttn	45.86757289245776	121	friends	03	015	s02e03a	
cortex_SomMot	47.147524192151806	194	friends	03	015	s02e03a	
cortex_Vis	41.413578160644064	162	friends	03	015	s02e03a	
subcortex_CAU	27.64224700923156	8	friends	03	015	s02e03a	
subcortex_PUT	29.40978071720297	8	friends	03	015	s02e03a	
subcortex_THA	28.816122252412445	14	friends	03	015	s02e03a	
cerebellum	35.626819454795786	88	friends	03	015	s02e03b	
cortex_Cont	47.26636255096356	128	friends	03	015	s02e03b	
cortex_Default	44.41868932155936	209	friends	03	015	s02e03b	
cortex_DorsAttn	51.0422093060179	122	friends	03	015	s02e03b	
cortex_Limbic	20.789136340022434	60	friends	03	015	s02e03b	
cortex_SalVentAttn	44.99071161869376	121	friends	03	015	s02e03b	
cortex_SomMot	44.465397249597245	194	friends	03	015	s02e03b	
cortex_Vis	41.623264568597804	162	friends	03	015	s02e03b	
subcortex_CAU	28.192783535287496	8	friends	03	015	s02e03b	
subcortex_PUT	29.334118700887586	8	friends	03	015	s02e03b	
subcortex_THA	28.63281699480142	14	friends	03	015	s02e03b	
cerebellum	32.85722600720601	88	friends	03	015	s02e04a	
cortex_Cont	42.633259963745715	128	friends	03	015	s02e04a	
cortex_Default	41.08865992006527	209	friends	03	015	s02e04a	
cortex_DorsAttn	45.33990140190973	122	friends	03	015	s02e04a	
cortex_Limbic	19.67353884330107	60	friends	03	015	s02e04a	
cortex_SalVentAttn	43.20293900057416	121	friends	03	015	s02e04a	
cortex_SomMot	43.520057393348985	194	friends	03	015	s02e04a	
cortex_Vis	36.92312889824706	162	friends	03	015	s02e04a	
subcortex_CAU	27.612561152357898	8	friends	03	015	s02e04a	
subcortex_PUT	28.768593835504284	8	friends	03	015	s02e04a	
subcortex_THA	28.649206439343157	14	friends	03	015	s02e04a	
cerebellum	31.313420750841548	88	friends	03	016	s02e08a	
cortex_Cont	42.88932900552823	128	friends	03	016	s02e08a	
cortex_Default	40.89247079907712	209	friends	03	016	s02e08a	
cortex_DorsAttn	46.81896971523594	122	friends	03	016	s02e08a	
cortex_Limbic	18.078274683073364	60	friends	03	016	s02e08a	
cortex_SalVentAttn	42.002103662075065	121	friends	03	016	s02e08a	
cortex_SomMot	42.875504631422224	194	friends	03	016	s02e08a	
cortex_Vis	37.887107674119235	162	friends	03	016	s02e08a	
subcortex_CAU	27.036190452647798	8	friends	03	016	s02e08a	
subcortex_PUT	28.288810163803753	8	friends	03	016	s02e08a	
subcortex_THA	27.745065039840682	14	friends	03	016	s02e08a	
cerebellum	32.770971336022384	88	friends	03	016	s02e08b	
cortex_Cont	44.16333403694279	128	friends	03	016	s02e08b	
cortex_Default	41.39681736517523	209	friends	03	016	s02e08b	
cortex_DorsAttn	49.069264375160046	122	friends	03	016	s02e08b	
cortex_Limbic	18.198740837006262	60	friends	03	016	s02e08b	
cortex_SalVentAttn	43.25083915506701	121	friends	03	016	s02e08b	
cortex_SomMot	44.52895669064308	194	friends	03	016	s02e08b	
cortex_Vis	39.62270952525435	162	friends	03	016	s02e08b	
subcortex_CAU	26.734204199580482	8	friends	03	016	s02e08b	
subcortex_PUT	28.587203842680687	8	friends	03	016	s02e08b	
subcortex_THA	27.889021186337896	14	friends	03	016	s02e08b	
cerebellum	30.672806407709654	88	friends	03	016	s02e09a	
cortex_Cont	44.73865593147706	128	friends	03	016	s02e09a	
cortex_Default	41.97109192826023	209	friends	03	016	s02e09a	
cortex_DorsAttn	45.47960699888441	122	friends	03	016	s02e09a	
cortex_Limbic	19.04845925020164	60	friends	03	016	s02e09a	
cortex_SalVentAttn	43.871796055247266	121	friends	03	016	s02e09a	
cortex_SomMot	44.202252229604824	194	friends	03	016	s02e09a	
cortex_Vis	35.55702315583864	162	friends	03	016	s02e09a	
subcortex_CAU	27.51691344300422	8	friends	03	016	s02e09a	
subcortex_PUT	29.056595869739628	8	friends	03	016	s02e09a	
subcortex_THA	27.9825209741667	14	friends	03	016	s02e09a	
cerebellum	29.86130484488923	88	friends	03	016	s02e09b	
cortex_Cont	42.65993577023188	128	friends	03	016	s02e09b	
cortex_Default	40.1685561628709	209	friends	03	016	s02e09b	
cortex_DorsAttn	45.88916850562284	122	friends	03	016	s02e09b	
cortex_Limbic	18.095346776907054	60	friends	03	016	s02e09b	
cortex_SalVentAttn	42.428980794611846	121	friends	03	016	s02e09b	
cortex_SomMot	43.56330363797088	194	friends	03	016	s02e09b	
cortex_Vis	35.21271899305789	162	friends	03	016	s02e09b	
subcortex_CAU	26.90608747393857	8	friends	03	016	s02e09b	
subcortex_PUT	28.255256398847962	8	friends	03	016	s02e09b	
subcortex_THA	27.992397309415082	14	friends	03	016	s02e09b	
cerebellum	34.2279642675355	88	friends	03	017	s02e10a	
cortex_Cont	46.87181934729979	128	friends	03	017	s02e10a	
cortex_Default	44.561006184250324	209	friends	03	017	s02e10a	
cortex_DorsAttn	51.27909100193601	122	friends	03	017	s02e10a	
cortex_Limbic	20.5143538938119	60	friends	03	017	s02e10a	
cortex_SalVentAttn	46.56481101622249	121	friends	03	017	s02e10a	
cortex_SomMot	48.62139396152655	194	friends	03	017	s02e10a	
cortex_Vis	39.50839697974622	162	friends	03	017	s02e10a	
subcortex_CAU	29.113468497511782	8	friends	03	017	s02e10a	
subcortex_PUT	30.763611138944857	8	friends	03	017	s02e10a	
subcortex_THA	29.246939577003598	14	friends	03	017	s02e10a	
cerebellum	31.84437524369685	88	friends	03	017	s02e10b	
cortex_Cont	47.79324628539027	128	friends	03	017	s02e10b	
cortex_Default	44.048496530618344	209	friends	03	017	s02e10b	
cortex_DorsAttn	53.56169158975666	122	friends	03	017	s02e10b	
cortex_Limbic	19.879986012015294	60	friends	03	017	s02e10b	
cortex_SalVentAttn	45.69568072200894	121	friends	03	017	s02e10b	
cortex_SomMot	48.5276749376806	194	friends	03	017	s02e10b	
cortex_Vis	38.8160025902198	162	friends	03	017	s02e10b	
subcortex_CAU	28.0740767314758	8	friends	03	017	s02e10b	
subcortex_PUT	29.948559931930745	8	friends	03	017	s02e10b	
subcortex_THA	28.159891519177474	14	friends	03	017	s02e10b	
cerebellum	30.5634499727818	88	friends	03	017	s02e11a	
cortex_Cont	42.39418726265779	128	friends	03	017	s02e11a	
cortex_Default	39.815254488048936	209	friends	03	017	s02e11a	
cortex_DorsAttn	47.72612403490171	122	friends	03	017	s02e11a	
cortex_Limbic	18.92601866160357	60	friends	03	017	s02e11a	
cortex_SalVentAttn	43.28726072016424	121	friends	03	017	s02e11a	
cortex_SomMot	45.08915439452277	194	friends	03	017	s02e11a	
cortex_Vis	36.51728659153141	162	friends	03	017	s02e11a	
subcortex_CAU	26.83121136812259	8	friends	03	017	s02e11a	
subcortex_PUT	29.05047050933397	8	friends	03	017	s02e11a	
subcortex_THA	28.473807770103583	14	friends	03	017	s02e11a	
cerebellum	30.30727867539772	88	friends	03	017	s02e11b	
cortex_Cont	42.681655129404874	128	friends	03	017	s02e11b	
cortex_Default	40.44868882687409	209	friends	03	017	s02e11b	
cortex_DorsAttn	48.58563520378952	122	friends	03	017	s02e11b	
cortex_Limbic	17.795041057200205	60	friends	03	017	s02e11b	
cortex_SalVentAttn	42.514780627986994	121	friends	03	017	s02e11b	
cortex_SomMot	43.95256373477211	194	friends	03	017	s02e11b	
cortex_Vis	37.312400272683185	162	friends	03	017	s02e11b	
subcortex_CAU	26.974561770660987	8	friends	03	017	s02e11b	
subcortex_PUT	28.581547547849077	8	friends	03	017	s02e11b	
subcortex_THA	28.11573775464796	14	friends	03	017	s02e11b	
cerebellum	35.349070290740876	88	friends	03	018	s02e12a	
cortex_Cont	48.377543559377976	128	friends	03	018	s02e12a	
cortex_Default	45.555451328364576	209	friends	03	018	s02e12a	
cortex_DorsAttn	53.68631328529362	122	friends	03	018	s02e12a	
cortex_Limbic	20.474466826546532	60	friends	03	018	s02e12a	
cortex_SalVentAttn	46.17486625687186	121	friends	03	018	s02e12a	
cortex_SomMot	49.18710071137522	194	friends	03	018	s02e12a	
cortex_Vis	43.10269749841295	162	friends	03	018	s02e12a	
subcortex_CAU	27.76271391041171	8	friends	03	018	s02e12a	
subcortex_PUT	29.180246583338725	8	friends	03	018	s02e12a	
subcortex_THA	28.519175727094556	14	friends	03	018	s02e12a	
cerebellum	34.79795650060674	88	friends	03	018	s02e12b	
cortex_Cont	46.52384578442207	128	friends	03	018	s02e12b	
cortex_Default	43.2831201665909	209	friends	03	018	s02e12b	
cortex_DorsAttn	51.08601705457277	122	friends	03	018	s02e12b	
cortex_Limbic	19.611119261184818	60	friends	03	018	s02e12b	
cortex_SalVentAttn	44.45292531995425	121	friends	03	018	s02e12b	
cortex_SomMot	46.4960798934172	194	friends	03	018	s02e12b	
cortex_Vis	41.421214756599056	162	friends	03	018	s02e12b	
subcortex_CAU	26.55914354781812	8	friends	03	018	s02e12b	
subcortex_PUT	28.609408667490026	8	friends	03	018	s02e12b	
subcortex_THA	28.330752963036463	14	friends	03	018	s02e12b	
cerebellum	32.732122773203926	88	friends	03	019	s02e13a	
cortex_Cont	43.57729508584833	128	friends	03	019	s02e13a	
cortex_Default	41.18672998702062	209	friends	03	019	s02e13a	
cortex_DorsAttn	46.623066698973304	122	friends	03	019	s02e13a	
cortex_Limbic	19.12652920247588	60	friends	03	019	s02e13a	
cortex_SalVentAttn	43.76269465522309	121	friends	03	019	s02e13a	
cortex_SomMot	45.22248294253732	194	friends	03	019	s02e13a	
cortex_Vis	36.97446281743547	162	friends	03	019	s02e13a	
subcortex_CAU	27.13016889189566	8	friends	03	019	s02e13a	
subcortex_PUT	28.758561770018378	8	friends	03	019	s02e13a	
subcortex_THA	28.46534407076414	14	friends	03	019	s02e13a	
cerebellum	34.251692786496456	88	friends	03	019	s02e13b	
cortex_Cont	46.26772097346125	128	friends	03	019	s02e13b	
cortex_Default	43.58280077400018	209	friends	03	019	s02e13b	
cortex_DorsAttn	50.2150452243574	122	friends	03	019	s02e13b	
cortex_Limbic	19.443374937831923	60	friends	03	019	s02e13b	
cortex_SalVentAttn	45.13570339117953	121	friends	03	019	s02e13b	
cortex_SomMot	46.46813385399372	194	friends	03	019	s02e13b	
cortex_Vis	41.981229491865605	162	friends	03	019	s02e13b	
subcortex_CAU	27.03207249398502	8	friends	03	019	s02e13b	
subcortex_PUT	29.139464775836295	8	friends	03	019	s02e13b	
subcortex_THA	28.79083456400684	14	friends	03	019	s02e13b	
cerebellum	31.385762325967843	88	friends	03	020	s02e14a	
cortex_Cont	42.004256210123714	128	friends	03	020	s02e14a	
cortex_Default	39.790173952680014	209	friends	03	020	s02e14a	
cortex_DorsAttn	47.397393554819864	122	friends	03	020	s02e14a	
cortex_Limbic	17.975000379996747	60	friends	03	020	s02e14a	
cortex_SalVentAttn	41.61151401259331	121	friends	03	020	s02e14a	
cortex_SomMot	43.66883524303194	194	friends	03	020	s02e14a	
cortex_Vis	36.87454240109049	162	friends	03	020	s02e14a	
subcortex_CAU	26.434114124612545	8	friends	03	020	s02e14a	
subcortex_PUT	28.56429368771766	8	friends	03	020	s02e14a	
subcortex_THA	27.936241722476943	14	friends	03	020	s02e14a	
cerebellum	30.717273612895873	88	friends	03	020	s02e14b	
cortex_Cont	41.140991987822346	128	friends	03	020	s02e14b	
cortex_Default	39.333949763464815	209	friends	03	020	s02e14b	
cortex_DorsAttn	44.93096131856314	122	friends	03	020	s02e14b	
cortex_Limbic	17.86894953579418	60	friends	03	020	s02e14b	
cortex_SalVentAttn	41.58116635625317	121	friends	03	020	s02e14b	
cortex_SomMot	42.533432928254825	194	friends	03	020	s02e14b	
cortex_Vis	34.995972922972854	162	friends	03	020	s02e14b	
subcortex_CAU	26.34730958229629	8	friends	03	020	s02e14b	
subcortex_PUT	28.727406799076547	8	friends	03	020	s02e14b	
subcortex_THA	28.223945881860583	14	friends	03	020	s02e14b	
cerebellum	33.72219737697631	88	friends	03	020	s02e15a	
cortex_Cont	43.99315766820745	128	friends	03	020	s02e15a	
cortex_Default	41.445656105071556	209	friends	03	020	s02e15a	
cortex_DorsAttn	50.45130816947161	122	friends	03	020	s02e15a	
cortex_Limbic	18.900901763882057	60	friends	03	020	s02e15a	
cortex_SalVentAttn	43.69962971658368	121	friends	03	020	s02e15a	
cortex_SomMot	46.99521774192946	194	friends	03	020	s02e15a	
cortex_Vis	38.51009575838942	162	friends	03	020	s02e15a	
subcortex_CAU	26.95577685461704	8	friends	03	020	s02e15a	
subcortex_PUT	29.126878098817958	8	friends	03	020	s02e15a	
subcortex_THA	28.573654766510167	14	friends	03	020	s02e15a	
cerebellum	29.339045226582986	88	friends	03	020	s02e15b	
cortex_Cont	40.508315742343434	128	friends	03	020	s02e15b	
cortex_Default	39.0696129316317	209	friends	03	020	s02e15b	
cortex_DorsAttn	43.897652779408304	122	friends	03	020	s02e15b	
cortex_Limbic	18.17643459546691	60	friends	03	020	s02e15b	
cortex_SalVentAttn	40.0803072645118	121	friends	03	020	s02e15b	
cortex_SomMot	40.226780415510525	194	friends	03	020	s02e15b	
cortex_Vis	34.234685883836676	162	friends	03	020	s02e15b	
subcortex_CAU	26.390795816487014	8	friends	03	020	s02e15b	
subcortex_PUT	28.847719707980083	8	friends	03	020	s02e15b	
subcortex_THA	27.55758733332136	14	friends	03	020	s02e15b	
cerebellum	31.720622789899792	88	friends	03	021	s02e16a	
cortex_Cont	42.16796020963364	128	friends	03	021	s02e16a	
cortex_Default	39.77539497846378	209	friends	03	021	s02e16a	
cortex_DorsAttn	46.16533732217573	122	friends	03	021	s02e16a	
cortex_Limbic	19.222899135649207	60	friends	03	021	s02e16a	
cortex_SalVentAttn	40.88975886319123	121	friends	03	021	s02e16a	
cortex_SomMot	41.190411103597654	194	friends	03	021	s02e16a	
cortex_Vis	38.13020986865994	162	friends	03	021	s02e16a	
subcortex_CAU	26.61259638915709	8	friends	03	021	s02e16a	
subcortex_PUT	28.452740093848426	8	friends	03	021	s02e16a	
subcortex_THA	28.117076851563564	14	friends	03	021	s02e16a	
cerebellum	32.78254368202045	88	friends	03	021	s02e16b	
cortex_Cont	45.45957654789354	128	friends	03	021	s02e16b	
cortex_Default	42.69997315509408	209	friends	03	021	s02e16b	
cortex_DorsAttn	48.46251341910999	122	friends	03	021	s02e16b	
cortex_Limbic	19.92616902435525	60	friends	03	021	s02e16b	
cortex_SalVentAttn	43.46495139556336	121	friends	03	021	s02e16b	
cortex_SomMot	45.372309697450575	194	friends	03	021	s02e16b	
cortex_Vis	37.3708540495362	162	friends	03	021	s02e16b	
subcortex_CAU	26.80916738330799	8	friends	03	021	s02e16b	
subcortex_PUT	28.874443021780696	8	friends	03	021	s02e16b	
subcortex_THA	27.972392429946996	14	friends	03	021	s02e16b	
cerebellum	35.4398729936274	88	friends	03	021	s02e17a	
cortex_Cont	45.556953257637325	128	friends	03	021	s02e17a	
cortex_Default	42.95988599009605	209	friends	03	021	s02e17a	
cortex_DorsAttn	50.40448028225767	122	friends	03	021	s02e17a	
cortex_Limbic	19.656103874476507	60	friends	03	021	s02e17a	
cortex_SalVentAttn	44.45888935997401	121	friends	03	021	s02e17a	
cortex_SomMot	46.40708857307448	194	friends	03	021	s02e17a	
cortex_Vis	40.50556666367524	162	friends	03	021	s02e17a	
subcortex_CAU	26.854261189981614	8	friends	03	021	s02e17a	
subcortex_PUT	28.86503369829817	8	friends	03	021	s02e17a	
subcortex_THA	28.452728555060645	14	friends	03	021	s02e17a	
cerebellum	30.905266983671403	88	friends	03	021	s02e17b	
cortex_Cont	37.216165322236506	128	friends	03	021	s02e17b	
cortex_Default	36.16122525318889	209	friends	03	021	s02e17b	
cortex_DorsAttn	43.1376291536952	122	friends	03	021	s02e17b	
cortex_Limbic	17.112365391783694	60	friends	03	021	s02e17b	
cortex_SalVentAttn	38.46082571673076	121	friends	03	021	s02e17b	
cortex_SomMot	38.65219029630833	194	friends	03	021	s02e17b	
cortex_Vis	34.197961564382226	162	friends	03	021	s02e17b	
subcortex_CAU	25.364112294408688	8	friends	03	021	s02e17b	
subcortex_PUT	27.57070239059872	8	friends	03	021	s02e17b	
subcortex_THA	27.35845715184468	14	friends	03	021	s02e17b	
cerebellum	34.16848990209326	88	friends	03	022	s02e18a	
cortex_Cont	45.44565548343881	128	friends	03	022	s02e18a	
cortex_Default	42.91146379525139	209	friends	03	022	s02e18a	
cortex_DorsAttn	49.162660573479506	122	friends	03	022	s02e18a	
cortex_Limbic	19.87424710806654	60	friends	03	022	s02e18a	
cortex_SalVentAttn	45.0749492650544	121	friends	03	022	s02e18a	
cortex_SomMot	47.17082758760472	194	friends	03	022	s02e18a	
cortex_Vis	39.15216292210366	162	friends	03	022	s02e18a	
subcortex_CAU	27.318225378085263	8	friends	03	022	s02e18a	
subcortex_PUT	29.15867917708678	8	friends	03	022	s02e18a	
subcortex_THA	28.551902913859998	14	friends	03	022	s02e18a	
cerebellum	36.36118420542309	88	friends	03	022	s02e18b	
cortex_Cont	48.75388058217539	128	friends	03	022	s02e18b	
cortex_Default	45.68840390770449	209	friends	03	022	s02e18b	
cortex_DorsAttn	53.69617230023025	122	friends	03	022	s02e18b	
cortex_Limbic	20.524031500175678	60	friends	03	022	s02e18b	
cortex_SalVentAttn	46.52262671243156	121	friends	03	022	s02e18b	
cortex_SomMot	49.315735828315745	194	friends	03	022	s02e18b	
cortex_Vis	44.189008997450344	162	friends	03	022	s02e18b	
subcortex_CAU	27.440434091243112	8	friends	03	022	s02e18b	
subcortex_PUT	29.232344698655922	8	friends	03	022	s02e18b	
subcortex_THA	28.51740719904227	14	friends	03	022	s02e18b	
cerebellum	36.53631508187115	88	friends	03	023	s02e19a	
cortex_Cont	48.532251520941806	128	friends	03	023	s02e19a	
cortex_Default	45.2981993251292	209	friends	03	023	s02e19a	
cortex_DorsAttn	54.46700396037353	122	friends	03	023	s02e19a	
cortex_Limbic	20.23999569808347	60	friends	03	023	s02e19a	
cortex_SalVentAttn	45.98695659467972	121	friends	03	023	s02e19a	
cortex_SomMot	48.77240565291606	194	friends	03	023	s02e19a	
cortex_Vis	45.15481236403073	162	friends	03	023	s02e19a	
subcortex_CAU	27.478525350116595	8	friends	03	023	s02e19a	
subcortex_PUT	29.23909384797633	8	friends	03	023	s02e19a	
subcortex_THA	28.790656173966074	14	friends	03	023	s02e19a	
cerebellum	37.05944536893992	88	friends	03	023	s02e19b	
cortex_Cont	49.90650061997123	128	friends	03	023	s02e19b	
cortex_Default	46.741987416926264	209	friends	03	023	s02e19b	
cortex_DorsAttn	53.994864006406566	122	friends	03	023	s02e19b	
cortex_Limbic	21.006185045221482	60	friends	03	023	s02e19b	
cortex_SalVentAttn	47.97993660505171	121	friends	03	023	s02e19b	
cortex_SomMot	50.771352108067134	194	friends	03	023	s02e19b	
cortex_Vis	43.15566563695488	162	friends	03	023	s02e19b	
subcortex_CAU	28.227860035721022	8	friends	03	023	s02e19b	
subcortex_PUT	29.71930996332537	8	friends	03	023	s02e19b	
subcortex_THA	29.140955117539608	14	friends	03	023	s02e19b	
cerebellum	36.55010931269688	88	friends	03	023	s02e20a	
cortex_Cont	46.966292531237784	128	friends	03	023	s02e20a	
cortex_Default	44.19907117627604	209	friends	03	023	s02e20a	
cortex_DorsAttn	51.73649749070288	122	friends	03	023	s02e20a	
cortex_Limbic	20.37290926981357	60	friends	03	023	s02e20a	
cortex_SalVentAttn	46.24595037280442	121	friends	03	023	s02e20a	
cortex_SomMot	48.55749528926982	194	friends	03	023	s02e20a	
cortex_Vis	41.88826212935818	162	friends	03	023	s02e20a	
subcortex_CAU	27.5997801644872	8	friends	03	023	s02e20a	
subcortex_PUT	29.07055413909509	8	friends	03	023	s02e20a	
subcortex_THA	29.008032542633032	14	friends	03	023	s02e20a	
cerebellum	33.47637192846598	88	friends	03	023	s02e20b	
cortex_Cont	39.21615539437349	128	friends	03	023	s02e20b	
cortex_Default	38.74106028913443	209	friends	03	023	s02e20b	
cortex_DorsAttn	45.27427299121121	122	friends	03	023	s02e20b	
cortex_Limbic	16.705574128499862	60	friends	03	023	s02e20b	
cortex_SalVentAttn	39.9038517383247	121	friends	03	023	s02e20b	
cortex_SomMot	39.92969865436267	194	friends	03	023	s02e20b	
cortex_Vis	38.63256812098335	162	friends	03	023	s02e20b	
subcortex_CAU	25.097914960384912	8	friends	03	023	s02e20b	
subcortex_PUT	27.84354077174046	8	friends	03	023	s02e20b	
subcortex_THA	28.022567363427264	14	friends	03	023	s02e20b	
cerebellum	36.42899255785729	88	friends	03	024	s02e21a	
cortex_Cont	47.56503458397093	128	friends	03	024	s02e21a	
cortex_Default	44.36450001580975	209	friends	03	024	s02e21a	
cortex_DorsAttn	53.06971206327388	122	friends	03	024	s02e21a	
cortex_Limbic	19.514587408024273	60	friends	03	024	s02e21a	
cortex_SalVentAttn	45.70923368594967	121	friends	03	024	s02e21a	
cortex_SomMot	48.32896903202701	194	friends	03	024	s02e21a	
cortex_Vis	42.628608553258786	162	friends	03	024	s02e21a	
subcortex_CAU	27.602931427964897	8	friends	03	024	s02e21a	
subcortex_PUT	29.20134732875281	8	friends	03	024	s02e21a	
subcortex_THA	28.973118039094857	14	friends	03	024	s02e21a	
cerebellum	32.06000977945319	88	friends	03	024	s02e21b	
cortex_Cont	43.54110681121808	128	friends	03	024	s02e21b	
cortex_Default	41.3643610971525	209	friends	03	024	s02e21b	
cortex_DorsAttn	46.23121210416342	122	friends	03	024	s02e21b	
cortex_Limbic	19.572023120552313	60	friends	03	024	s02e21b	
cortex_SalVentAttn	42.64932582090854	121	friends	03	024	s02e21b	
cortex_SomMot	43.015282974562446	194	friends	03	024	s02e21b	
cortex_Vis	36.023669156516505	162	friends	03	024	s02e21b	
subcortex_CAU	27.613727121765333	8	friends	03	024	s02e21b	
subcortex_PUT	29.31617662035298	8	friends	03	024	s02e21b	
subcortex_THA	28.557783482433283	14	friends	03	024	s02e21b	
cerebellum	37.529393071359365	88	friends	03	024	s02e22a	
cortex_Cont	50.29745138681482	128	friends	03	024	s02e22a	
cortex_Default	47.11114045505619	209	friends	03	024	s02e22a	
cortex_DorsAttn	53.66234250949334	122	friends	03	024	s02e22a	
cortex_Limbic	21.330478582109738	60	friends	03	024	s02e22a	
cortex_SalVentAttn	47.88381121508535	121	friends	03	024	s02e22a	
cortex_SomMot	50.8177908547166	194	friends	03	024	s02e22a	
cortex_Vis	42.86059442976735	162	friends	03	024	s02e22a	
subcortex_CAU	28.375298117100446	8	friends	03	024	s02e22a	
subcortex_PUT	29.988627166558143	8	friends	03	024	s02e22a	
subcortex_THA	29.236124878946452	14	friends	03	024	s02e22a	
cerebellum	34.267774721886205	88	friends	03	024	s02e22b	
cortex_Cont	42.05621137579028	128	friends	03	024	s02e22b	
cortex_Default	40.329088528856026	209	friends	03	024	s02e22b	
cortex_DorsAttn	47.0398726943495	122	friends	03	024	s02e22b	
cortex_Limbic	18.024053948355988	60	friends	03	024	s02e22b	
cortex_SalVentAttn	42.12373752919234	121	friends	03	024	s02e22b	
cortex_SomMot	42.26621872301601	194	friends	03	024	s02e22b	
cortex_Vis	38.72314068117447	162	friends	03	024	s02e22b	
subcortex_CAU	26.544413087261095	8	friends	03	024	s02e22b	
subcortex_PUT	28.886042434252897	8	friends	03	024	s02e22b	
subcortex_THA	28.690840872152894	14	friends	03	024	s02e22b	
cerebellum	33.79786824907677	88	friends	03	025	s02e23a	
cortex_Cont	45.08450203840198	128	friends	03	025	s02e23a	
cortex_Default	42.56921070738406	209	friends	03	025	s02e23a	
cortex_DorsAttn	48.9308186462995	122	friends	03	025	s02e23a	
cortex_Limbic	19.56018127312347	60	friends	03	025	s02e23a	
cortex_SalVentAttn	44.42261455369963	121	friends	03	025	s02e23a	
cortex_SomMot	46.54896952288665	194	friends	03	025	s02e23a	
cortex_Vis	39.012935957039595	162	friends	03	025	s02e23a	
subcortex_CAU	27.756623747842113	8	friends	03	025	s02e23a	
subcortex_PUT	29.152833658723907	8	friends	03	025	s02e23a	
subcortex_THA	28.567238740390767	14	friends	03	025	s02e23a	
cerebellum	30.602284484630243	88	friends	03	025	s02e23b	
cortex_Cont	39.11754952576669	128	friends	03	025	s02e23b	
cortex_Default	37.346267806793904	209	friends	03	025	s02e23b	
cortex_DorsAttn	44.2349476692938	122	friends	03	025	s02e23b	
cortex_Limbic	17.209515589684372	60	friends	03	025	s02e23b	
cortex_SalVentAttn	40.209975294974875	121	friends	03	025	s02e23b	
cortex_SomMot	40.49700225171149	194	friends	03	025	s02e23b	
cortex_Vis	36.240494889169675	162	friends	03	025	s02e23b	
subcortex_CAU	24.962032909549862	8	friends	03	025	s02e23b	
subcortex_PUT	27.394039770190457	8	friends	03	025	s02e23b	
subcortex_THA	27.802600854533768	14	friends	03	025	s02e23b	
cerebellum	33.097539578417056	88	friends	03	025	s02e24a	
cortex_Cont	40.826559938663486	128	friends	03	025	s02e24a	
cortex_Default	38.6561686050953	209	friends	03	025	s02e24a	
cortex_DorsAttn	45.234906768989376	122	friends	03	025	s02e24a	
cortex_Limbic	18.341713612303106	60	friends	03	025	s02e24a	
cortex_SalVentAttn	41.31299039792946	121	friends	03	025	s02e24a	
cortex_SomMot	42.027599954235136	194	friends	03	025	s02e24a	
cortex_Vis	36.962734627185434	162	friends	03	025	s02e24a	
subcortex_CAU	25.203595238480638	8	friends	03	025	s02e24a	
subcortex_PUT	27.789548368541272	8	friends	03	025	s02e24a	
subcortex_THA	27.75774501325486	14	friends	03	025	s02e24a	
cerebellum	33.49574724405764	88	friends	03	025	s02e24b	
cortex_Cont	41.24265510621639	128	friends	03	025	s02e24b	
cortex_Default	38.23671469238463	209	friends	03	025	s02e24b	
cortex_DorsAttn	46.703820649449305	122	friends	03	025	s02e24b	
cortex_Limbic	17.058817435162727	60	friends	03	025	s02e24b	
cortex_SalVentAttn	41.498724044792546	121	friends	03	025	s02e24b	
cortex_SomMot	42.57977273031255	194	friends	03	025	s02e24b	
cortex_Vis	37.61391057080127	162	friends	03	025	s02e24b	
subcortex_CAU	25.66491832691523	8	friends	03	025	s02e24b	
subcortex_PUT	27.981148315337887	8	friends	03	025	s02e24b	
subcortex_THA	27.98742726875813	14	friends	03	025	s02e24b	
cerebellum	34.93338437645812	88	friends	03	026	s02e07a	
cortex_Cont	42.902267825107565	128	friends	03	026	s02e07a	
cortex_Default	41.053765824328586	209	friends	03	026	s02e07a	
cortex_DorsAttn	48.294293635217166	122	friends	03	026	s02e07a	
cortex_Limbic	19.02813349333519	60	friends	03	026	s02e07a	
cortex_SalVentAttn	42.90267907970136	121	friends	03	026	s02e07a	
cortex_SomMot	44.42977910372006	194	friends	03	026	s02e07a	
cortex_Vis	38.56707266170417	162	friends	03	026	s02e07a	
subcortex_CAU	26.41588345017216	8	friends	03	026	s02e07a	
subcortex_PUT	28.962827943360764	8	friends	03	026	s02e07a	
subcortex_THA	28.910252722000276	14	friends	03	026	s02e07a	
cerebellum	31.485347155869064	88	friends	03	026	s02e07b	
cortex_Cont	39.934824322741065	128	friends	03	026	s02e07b	
cortex_Default	38.22323409654685	209	friends	03	026	s02e07b	
cortex_DorsAttn	44.37877288010951	122	friends	03	026	s02e07b	
cortex_Limbic	17.71151936983204	60	friends	03	026	s02e07b	
cortex_SalVentAttn	41.54300246216262	121	friends	03	026	s02e07b	
cortex_SomMot	42.44720410602395	194	friends	03	026	s02e07b	
cortex_Vis	34.82388739229296	162	friends	03	026	s02e07b	
subcortex_CAU	25.796108198036105	8	friends	03	026	s02e07b	
subcortex_PUT	28.594225336618987	8	friends	03	026	s02e07b	
subcortex_THA	28.797522329548148	14	friends	03	026	s02e07b	
cerebellum	27.9894934903275	88	friends	03	027	s03e01a	
cortex_Cont	36.533258720309206	128	friends	03	027	s03e01a	
cortex_Default	35.28486151823797	209	friends	03	027	s03e01a	
cortex_DorsAttn	39.93029385729412	122	friends	03	027	s03e01a	
cortex_Limbic	16.69868184699913	60	friends	03	027	s03e01a	
cortex_SalVentAttn	39.0772957969855	121	friends	03	027	s03e01a	
cortex_SomMot	37.93580307826101	194	friends	03	027	s03e01a	
cortex_Vis	32.20076646382464	162	friends	03	027	s03e01a	
subcortex_CAU	26.129741483016797	8	friends	03	027	s03e01a	
subcortex_PUT	28.4040334516161	8	friends	03	027	s03e01a	
subcortex_THA	28.012452441858507	14	friends	03	027	s03e01a	
cerebellum	32.16810650229289	88	friends	03	027	s03e01b	
cortex_Cont	45.5628981191533	128	friends	03	027	s03e01b	
cortex_Default	42.75678823340074	209	friends	03	027	s03e01b	
cortex_DorsAttn	50.894810915286534	122	friends	03	027	s03e01b	
cortex_Limbic	20.08779753880214	60	friends	03	027	s03e01b	
cortex_SalVentAttn	44.83050879286498	121	friends	03	027	s03e01b	
cortex_SomMot	46.79844705049322	194	friends	03	027	s03e01b	
cortex_Vis	39.26879464371646	162	friends	03	027	s03e01b	
subcortex_CAU	28.713871650580543	8	friends	03	027	s03e01b	
subcortex_PUT	29.791999145968916	8	friends	03	027	s03e01b	
subcortex_THA	29.09596255902292	14	friends	03	027	s03e01b	
cerebellum	36.201924665399126	88	friends	03	028	s03e02a	
cortex_Cont	45.849458076806386	128	friends	03	028	s03e02a	
cortex_Default	43.72914065023793	209	friends	03	028	s03e02a	
cortex_DorsAttn	52.557875745887	122	friends	03	028	s03e02a	
cortex_Limbic	20.09957968432581	60	friends	03	028	s03e02a	
cortex_SalVentAttn	44.59451199624566	121	friends	03	028	s03e02a	
cortex_SomMot	46.38977297919949	194	friends	03	028	s03e02a	
cortex_Vis	43.50018749456987	162	friends	03	028	s03e02a	
subcortex_CAU	26.79462143320683	8	friends	03	028	s03e02a	
subcortex_PUT	28.54788116088973	8	friends	03	028	s03e02a	
subcortex_THA	28.99079719318477	14	friends	03	028	s03e02a	
cerebellum	33.976113383190835	88	friends	03	028	s03e02b	
cortex_Cont	46.51460155974255	128	friends	03	028	s03e02b	
cortex_Default	44.47874234250873	209	friends	03	028	s03e02b	
cortex_DorsAttn	51.155320760197284	122	friends	03	028	s03e02b	
cortex_Limbic	20.290512063753468	60	friends	03	028	s03e02b	
cortex_SalVentAttn	46.02322427627007	121	friends	03	028	s03e02b	
cortex_SomMot	47.78211394915196	194	friends	03	028	s03e02b	
cortex_Vis	40.651110387684746	162	friends	03	028	s03e02b	
subcortex_CAU	27.88283006930503	8	friends	03	028	s03e02b	
subcortex_PUT	29.576609316917313	8	friends	03	028	s03e02b	
subcortex_THA	29.18206084820368	14	friends	03	028	s03e02b	
cerebellum	35.31199604409231	88	friends	03	028	s03e03a	
cortex_Cont	44.851553735517406	128	friends	03	028	s03e03a	
cortex_Default	42.85588490342536	209	friends	03	028	s03e03a	
cortex_DorsAttn	48.93837610757143	122	friends	03	028	s03e03a	
cortex_Limbic	20.252961654801066	60	friends	03	028	s03e03a	
cortex_SalVentAttn	44.97929465065386	121	friends	03	028	s03e03a	
cortex_SomMot	46.36702470963427	194	friends	03	028	s03e03a	
cortex_Vis	39.5248309935761	162	friends	03	028	s03e03a	
subcortex_CAU	28.024817286658262	8	friends	03	028	s03e03a	
subcortex_PUT	29.868548674139788	8	friends	03	028	s03e03a	
subcortex_THA	29.31527040526576	14	friends	03	028	s03e03a	
cerebellum	36.33093403472097	88	friends	03	028	s03e03b	
cortex_Cont	46.08901421277895	128	friends	03	028	s03e03b	
cortex_Default	43.35443493737302	209	friends	03	028	s03e03b	
cortex_DorsAttn	52.52260329377693	122	friends	03	028	s03e03b	
cortex_Limbic	19.54730837225622	60	friends	03	028	s03e03b	
cortex_SalVentAttn	45.24344272105939	121	friends	03	028	s03e03b	
cortex_SomMot	47.50126192978137	194	friends	03	028	s03e03b	
cortex_Vis	42.390889490129865	162	friends	03	028	s03e03b	
subcortex_CAU	27.666540740490156	8	friends	03	028	s03e03b	
subcortex_PUT	29.34702889444402	8	friends	03	028	s03e03b	
subcortex_THA	29.041594640383902	14	friends	03	028	s03e03b	
cerebellum	34.97381194376721	88	friends	03	029	s03e04a	
cortex_Cont	45.83178611800595	128	friends	03	029	s03e04a	
cortex_Default	43.63277677316342	209	friends	03	029	s03e04a	
cortex_DorsAttn	50.034456662647095	122	friends	03	029	s03e04a	
cortex_Limbic	20.527515481082723	60	friends	03	029	s03e04a	
cortex_SalVentAttn	44.25067240265542	121	friends	03	029	s03e04a	
cortex_SomMot	45.394120905624106	194	friends	03	029	s03e04a	
cortex_Vis	40.47966778893957	162	friends	03	029	s03e04a	
subcortex_CAU	26.307197339235152	8	friends	03	029	s03e04a	
subcortex_PUT	28.889257125482928	8	friends	03	029	s03e04a	
subcortex_THA	28.268896786047726	14	friends	03	029	s03e04a	
cerebellum	34.65974142044592	88	friends	03	029	s03e04b	
cortex_Cont	45.60803542019417	128	friends	03	029	s03e04b	
cortex_Default	43.07708871131722	209	friends	03	029	s03e04b	
cortex_DorsAttn	48.3672751180816	122	friends	03	029	s03e04b	
cortex_Limbic	20.524006111606056	60	friends	03	029	s03e04b	
cortex_SalVentAttn	43.98705064390063	121	friends	03	029	s03e04b	
cortex_SomMot	44.84818025266374	194	friends	03	029	s03e04b	
cortex_Vis	39.29687457622176	162	friends	03	029	s03e04b	
subcortex_CAU	26.757836382253053	8	friends	03	029	s03e04b	
subcortex_PUT	29.01470903137125	8	friends	03	029	s03e04b	
subcortex_THA	28.773359593781784	14	friends	03	029	s03e04b	
cerebellum	36.40077700222884	88	friends	03	029	s03e05a	
cortex_Cont	45.12227563250804	128	friends	03	029	s03e05a	
cortex_Default	42.75320578919042	209	friends	03	029	s03e05a	
cortex_DorsAttn	50.39461882031065	122	friends	03	029	s03e05a	
cortex_Limbic	20.03304782465931	60	friends	03	029	s03e05a	
cortex_SalVentAttn	44.31734582304391	121	friends	03	029	s03e05a	
cortex_SomMot	44.884438745705204	194	friends	03	029	s03e05a	
cortex_Vis	40.97266717981631	162	friends	03	029	s03e05a	
subcortex_CAU	26.44050196452465	8	friends	03	029	s03e05a	
subcortex_PUT	28.87911430576029	8	friends	03	029	s03e05a	
subcortex_THA	28.58214206364574	14	friends	03	029	s03e05a	
cerebellum	32.230689757095305	88	friends	03	029	s03e05b	
cortex_Cont	41.292035221045076	128	friends	03	029	s03e05b	
cortex_Default	38.99440118852094	209	friends	03	029	s03e05b	
cortex_DorsAttn	46.440699109003496	122	friends	03	029	s03e05b	
cortex_Limbic	18.173305292324034	60	friends	03	029	s03e05b	
cortex_SalVentAttn	40.340932193659036	121	friends	03	029	s03e05b	
cortex_SomMot	41.276219867704604	194	friends	03	029	s03e05b	
cortex_Vis	37.97591857416869	162	friends	03	029	s03e05b	
subcortex_CAU	25.76572915492285	8	friends	03	029	s03e05b	
subcortex_PUT	27.8983672680443	8	friends	03	029	s03e05b	
subcortex_THA	27.594203380167617	14	friends	03	029	s03e05b	
cerebellum	35.29923320952933	88	friends	03	030	s03e06a	
cortex_Cont	45.48325194536875	128	friends	03	030	s03e06a	
cortex_Default	42.901692190995874	209	friends	03	030	s03e06a	
cortex_DorsAttn	50.801401148397304	122	friends	03	030	s03e06a	
cortex_Limbic	19.238656650918863	60	friends	03	030	s03e06a	
cortex_SalVentAttn	44.12588101065063	121	friends	03	030	s03e06a	
cortex_SomMot	46.37962272279435	194	friends	03	030	s03e06a	
cortex_Vis	42.77756306937076	162	friends	03	030	s03e06a	
subcortex_CAU	26.17933651884716	8	friends	03	030	s03e06a	
subcortex_PUT	28.84155471482535	8	friends	03	030	s03e06a	
subcortex_THA	28.136088353418852	14	friends	03	030	s03e06a	
cerebellum	36.58501754074246	88	friends	03	030	s03e06b	
cortex_Cont	46.14158740712415	128	friends	03	030	s03e06b	
cortex_Default	42.9975313932541	209	friends	03	030	s03e06b	
cortex_DorsAttn	52.51235177215717	122	friends	03	030	s03e06b	
cortex_Limbic	19.064838522152773	60	friends	03	030	s03e06b	
cortex_SalVentAttn	44.80142567452269	121	friends	03	030	s03e06b	
cortex_SomMot	47.928183424259196	194	friends	03	030	s03e06b	
cortex_Vis	42.652493900738286	162	friends	03	030	s03e06b	
subcortex_CAU	26.236221407049186	8	friends	03	030	s03e06b	
subcortex_PUT	28.851308152829134	8	friends	03	030	s03e06b	
subcortex_THA	28.255277681283577	14	friends	03	030	s03e06b	
cerebellum	30.35845302502355	88	friends	03	030	s03e07a	
cortex_Cont	41.661823188541796	128	friends	03	030	s03e07a	
cortex_Default	38.898414087684564	209	friends	03	030	s03e07a	
cortex_DorsAttn	43.460879171583414	122	friends	03	030	s03e07a	
cortex_Limbic	18.29770262840125	60	friends	03	030	s03e07a	
cortex_SalVentAttn	41.117838315172555	121	friends	03	030	s03e07a	
cortex_SomMot	41.7931058988768	194	friends	03	030	s03e07a	
cortex_Vis	34.17965962351366	162	friends	03	030	s03e07a	
subcortex_CAU	25.280308777597842	8	friends	03	030	s03e07a	
subcortex_PUT	28.4157207964806	8	friends	03	030	s03e07a	
subcortex_THA	27.367157366217338	14	friends	03	030	s03e07a	
cerebellum	33.36622928332112	88	friends	03	030	s03e07b	
cortex_Cont	42.227065632295904	128	friends	03	030	s03e07b	
cortex_Default	39.78503982935984	209	friends	03	030	s03e07b	
cortex_DorsAttn	49.61761933141233	122	friends	03	030	s03e07b	
cortex_Limbic	16.581533602590177	60	friends	03	030	s03e07b	
cortex_SalVentAttn	42.20285350768528	121	friends	03	030	s03e07b	
cortex_SomMot	43.554481497439355	194	friends	03	030	s03e07b	
cortex_Vis	39.739273290583995	162	friends	03	030	s03e07b	
subcortex_CAU	25.135087477861717	8	friends	03	030	s03e07b	
subcortex_PUT	28.20657421194631	8	friends	03	030	s03e07b	
subcortex_THA	27.824824566169475	14	friends	03	030	s03e07b	
cerebellum	34.027977781877276	88	friends	03	031	s03e08a	
cortex_Cont	44.22730295375819	128	friends	03	031	s03e08a	
cortex_Default	41.99298448115929	209	friends	03	031	s03e08a	
cortex_DorsAttn	49.67557645780363	122	friends	03	031	s03e08a	
cortex_Limbic	19.22844100224747	60	friends	03	031	s03e08a	
cortex_SalVentAttn	44.30108610454172	121	friends	03	031	s03e08a	
cortex_SomMot	45.579819641682406	194	friends	03	031	s03e08a	
cortex_Vis	40.60163704641144	162	friends	03	031	s03e08a	
subcortex_CAU	26.063612816822072	8	friends	03	031	s03e08a	
subcortex_PUT	28.699324950505282	8	friends	03	031	s03e08a	
subcortex_THA	28.400305224441347	14	friends	03	031	s03e08a	
cerebellum	36.58484575063746	88	friends	03	031	s03e08b	
cortex_Cont	46.721477726513754	128	friends	03	031	s03e08b	
cortex_Default	43.92141572923585	209	friends	03	031	s03e08b	
cortex_DorsAttn	53.2650024615828	122	friends	03	031	s03e08b	
cortex_Limbic	19.688672374616818	60	friends	03	031	s03e08b	
cortex_SalVentAttn	45.14479030379101	121	friends	03	031	s03e08b	
cortex_SomMot	47.8806641836808	194	friends	03	031	s03e08b	
cortex_Vis	44.05536610687729	162	friends	03	031	s03e08b	
subcortex_CAU	26.558202057242205	8	friends	03	031	s03e08b	
subcortex_PUT	29.138247162755956	8	friends	03	031	s03e08b	
subcortex_THA	28.623512021532086	14	friends	03	031	s03e08b	
cerebellum	32.345146753776355	88	friends	03	031	s03e09a	
cortex_Cont	39.253951705082656	128	friends	03	031	s03e09a	
cortex_Default	37.86845874665851	209	friends	03	031	s03e09a	
cortex_DorsAttn	43.59810094301017	122	friends	03	031	s03e09a	
cortex_Limbic	16.813111146228504	60	friends	03	031	s03e09a	
cortex_SalVentAttn	39.65210289099466	121	friends	03	031	s03e09a	
cortex_SomMot	39.8387073251545	194	friends	03	031	s03e09a	
cortex_Vis	36.765336023191956	162	friends	03	031	s03e09a	
subcortex_CAU	26.709724349307603	8	friends	03	031	s03e09a	
subcortex_PUT	28.39371198829701	8	friends	03	031	s03e09a	
subcortex_THA	28.21584599598641	14	friends	03	031	s03e09a	
cerebellum	29.226827746375502	88	friends	03	031	s03e09b	
cortex_Cont	39.68273529393785	128	friends	03	031	s03e09b	
cortex_Default	37.97831400411651	209	friends	03	031	s03e09b	
cortex_DorsAttn	43.07449444951843	122	friends	03	031	s03e09b	
cortex_Limbic	17.410745001782704	60	friends	03	031	s03e09b	
cortex_SalVentAttn	39.08590778666681	121	friends	03	031	s03e09b	
cortex_SomMot	38.53119789744371	194	friends	03	031	s03e09b	
cortex_Vis	34.74150243083928	162	friends	03	031	s03e09b	
subcortex_CAU	26.66859638730856	8	friends	03	031	s03e09b	
subcortex_PUT	27.827403313025624	8	friends	03	031	s03e09b	
subcortex_THA	27.378189857682695	14	friends	03	031	s03e09b	
cerebellum	30.579975321247627	88	friends	03	032	s03e10a	
cortex_Cont	38.77482282593192	128	friends	03	032	s03e10a	
cortex_Default	37.04029267108259	209	friends	03	032	s03e10a	
cortex_DorsAttn	43.90636497174858	122	friends	03	032	s03e10a	
cortex_Limbic	16.583568146725888	60	friends	03	032	s03e10a	
cortex_SalVentAttn	39.763205912206274	121	friends	03	032	s03e10a	
cortex_SomMot	41.06574173536787	194	friends	03	032	s03e10a	
cortex_Vis	34.264598323760055	162	friends	03	032	s03e10a	
subcortex_CAU	24.574952918316207	8	friends	03	032	s03e10a	
subcortex_PUT	27.514081905626753	8	friends	03	032	s03e10a	
subcortex_THA	27.80481636981897	14	friends	03	032	s03e10a	
cerebellum	34.786440367553816	88	friends	03	032	s03e10b	
cortex_Cont	45.58498582023937	128	friends	03	032	s03e10b	
cortex_Default	42.32826363968772	209	friends	03	032	s03e10b	
cortex_DorsAttn	50.105001847979686	122	friends	03	032	s03e10b	
cortex_Limbic	18.969067653800916	60	friends	03	032	s03e10b	
cortex_SalVentAttn	44.59002549721979	121	friends	03	032	s03e10b	
cortex_SomMot	47.015434744422706	194	friends	03	032	s03e10b	
cortex_Vis	40.55932263804559	162	friends	03	032	s03e10b	
subcortex_CAU	26.36139080125648	8	friends	03	032	s03e10b	
subcortex_PUT	29.02881914809579	8	friends	03	032	s03e10b	
subcortex_THA	28.411789127691435	14	friends	03	032	s03e10b	
cerebellum	35.35790537625656	88	friends	03	032	s03e11a	
cortex_Cont	44.16018833643436	128	friends	03	032	s03e11a	
cortex_Default	41.54978076652119	209	friends	03	032	s03e11a	
cortex_DorsAttn	48.485269250347145	122	friends	03	032	s03e11a	
cortex_Limbic	18.61516330787526	60	friends	03	032	s03e11a	
cortex_SalVentAttn	43.741228385176036	121	friends	03	032	s03e11a	
cortex_SomMot	45.339315598241555	194	friends	03	032	s03e11a	
cortex_Vis	39.21390487923401	162	friends	03	032	s03e11a	
subcortex_CAU	26.761016719180365	8	friends	03	032	s03e11a	
subcortex_PUT	28.961414454745146	8	friends	03	032	s03e11a	
subcortex_THA	28.52743997837297	14	friends	03	032	s03e11a	
cerebellum	32.36302431678247	88	friends	03	032	s03e11b	
cortex_Cont	38.00809147638602	128	friends	03	032	s03e11b	
cortex_Default	36.71210099958276	209	friends	03	032	s03e11b	
cortex_DorsAttn	44.3397009920936	122	friends	03	032	s03e11b	
cortex_Limbic	15.40662707656148	60	friends	03	032	s03e11b	
cortex_SalVentAttn	38.93280862139555	121	friends	03	032	s03e11b	
cortex_SomMot	39.33485919535384	194	friends	03	032	s03e11b	
cortex_Vis	36.53461306863223	162	friends	03	032	s03e11b	
subcortex_CAU	24.250047014991022	8	friends	03	032	s03e11b	
subcortex_PUT	27.375053932447706	8	friends	03	032	s03e11b	
subcortex_THA	27.62038263878747	14	friends	03	032	s03e11b	
cerebellum	37.1675076365475	88	friends	03	033	s03e12a	
cortex_Cont	45.93084250553507	128	friends	03	033	s03e12a	
cortex_Default	43.62544025805481	209	friends	03	033	s03e12a	
cortex_DorsAttn	51.67682967872689	122	friends	03	033	s03e12a	
cortex_Limbic	19.90427911090692	60	friends	03	033	s03e12a	
cortex_SalVentAttn	44.30843463688291	121	friends	03	033	s03e12a	
cortex_SomMot	47.64407663860542	194	friends	03	033	s03e12a	
cortex_Vis	41.55588223509894	162	friends	03	033	s03e12a	
subcortex_CAU	27.483637115671254	8	friends	03	033	s03e12a	
subcortex_PUT	29.148005349001977	8	friends	03	033	s03e12a	
subcortex_THA	28.865423064984252	14	friends	03	033	s03e12a	
cerebellum	31.26182869673589	88	friends	03	033	s03e12b	
cortex_Cont	40.85160844218191	128	friends	03	033	s03e12b	
cortex_Default	38.53109237597326	209	friends	03	033	s03e12b	
cortex_DorsAttn	44.53528107363303	122	friends	03	033	s03e12b	
cortex_Limbic	18.979366427607083	60	friends	03	033	s03e12b	
cortex_SalVentAttn	41.82862693146125	121	friends	03	033	s03e12b	
cortex_SomMot	43.382298852847114	194	friends	03	033	s03e12b	
cortex_Vis	34.459835360818765	162	friends	03	033	s03e12b	
subcortex_CAU	27.04470055032254	8	friends	03	033	s03e12b	
subcortex_PUT	28.909831199337685	8	friends	03	033	s03e12b	
subcortex_THA	28.717118074191564	14	friends	03	033	s03e12b	
cerebellum	35.22004640110063	88	friends	03	033	s03e13a	
cortex_Cont	42.17170697688335	128	friends	03	033	s03e13a	
cortex_Default	40.271010523367444	209	friends	03	033	s03e13a	
cortex_DorsAttn	47.238328340660544	122	friends	03	033	s03e13a	
cortex_Limbic	19.50038657386762	60	friends	03	033	s03e13a	
cortex_SalVentAttn	42.4144001667804	121	friends	03	033	s03e13a	
cortex_SomMot	44.28616584149147	194	friends	03	033	s03e13a	
cortex_Vis	37.7542463254161	162	friends	03	033	s03e13a	
subcortex_CAU	26.979773032362726	8	friends	03	033	s03e13a	
subcortex_PUT	28.599994309691876	8	friends	03	033	s03e13a	
subcortex_THA	28.70976285941257	14	friends	03	033	s03e13a	
cerebellum	33.012365721118115	88	friends	03	033	s03e13b	
cortex_Cont	40.7450859582274	128	friends	03	033	s03e13b	
cortex_Default	38.45619306758226	209	friends	03	033	s03e13b	
cortex_DorsAttn	44.87269607850037	122	friends	03	033	s03e13b	
cortex_Limbic	18.007577451349555	60	friends	03	033	s03e13b	
cortex_SalVentAttn	40.6116985828824	121	friends	03	033	s03e13b	
cortex_SomMot	40.578930562336595	194	friends	03	033	s03e13b	
cortex_Vis	37.10084924084829	162	friends	03	033	s03e13b	
subcortex_CAU	26.098114487818187	8	friends	03	033	s03e13b	
subcortex_PUT	28.442599394527416	8	friends	03	033	s03e13b	
subcortex_THA	28.4502412781463	14	friends	03	033	s03e13b	
cerebellum	32.01023899648613	88	friends	03	034	s03e14a	
cortex_Cont	39.698962203138706	128	friends	03	034	s03e14a	
cortex_Default	37.87088592808173	209	friends	03	034	s03e14a	
cortex_DorsAttn	45.08365632935162	122	friends	03	034	s03e14a	
cortex_Limbic	18.15535326603982	60	friends	03	034	s03e14a	
cortex_SalVentAttn	39.81936399418025	121	friends	03	034	s03e14a	
cortex_SomMot	39.93104454476388	194	friends	03	034	s03e14a	
cortex_Vis	37.14445762648401	162	friends	03	034	s03e14a	
subcortex_CAU	25.619869939026106	8	friends	03	034	s03e14a	
subcortex_PUT	27.773661969144335	8	friends	03	034	s03e14a	
subcortex_THA	28.383728372298073	14	friends	03	034	s03e14a	
cerebellum	31.987254247171162	88	friends	03	034	s03e14b	
cortex_Cont	41.6011476653864	128	friends	03	034	s03e14b	
cortex_Default	39.71357415555936	209	friends	03	034	s03e14b	
cortex_DorsAttn	46.33362320863114	122	friends	03	034	s03e14b	
cortex_Limbic	18.103192091372826	60	friends	03	034	s03e14b	
cortex_SalVentAttn	41.80211611305436	121	friends	03	034	s03e14b	
cortex_SomMot	43.06179308759762	194	friends	03	034	s03e14b	
cortex_Vis	37.19163327458563	162	friends	03	034	s03e14b	
subcortex_CAU	26.348541296656126	8	friends	03	034	s03e14b	
subcortex_PUT	28.52255759373569	8	friends	03	034	s03e14b	
subcortex_THA	28.376490019812234	14	friends	03	034	s03e14b	
cerebellum	29.60743796050281	88	friends	03	034	s03e15a	
cortex_Cont	38.59841852441423	128	friends	03	034	s03e15a	
cortex_Default	36.69752957702062	209	friends	03	034	s03e15a	
cortex_DorsAttn	42.73781746367519	122	friends	03	034	s03e15a	
cortex_Limbic	16.25118656490799	60	friends	03	034	s03e15a	
cortex_SalVentAttn	38.59510878043013	121	friends	03	034	s03e15a	
cortex_SomMot	39.073787925230704	194	friends	03	034	s03e15a	
cortex_Vis	34.66539192648465	162	friends	03	034	s03e15a	
subcortex_CAU	24.81381610861746	8	friends	03	034	s03e15a	
subcortex_PUT	27.20587098319694	8	friends	03	034	s03e15a	
subcortex_THA	27.17029011431257	14	friends	03	034	s03e15a	
cerebellum	32.08077085895905	88	friends	03	034	s03e15b	
cortex_Cont	41.34711223185277	128	friends	03	034	s03e15b	
cortex_Default	39.805933230279436	209	friends	03	034	s03e15b	
cortex_DorsAttn	44.96813318187469	122	friends	03	034	s03e15b	
cortex_Limbic	17.421879817901846	60	friends	03	034	s03e15b	
cortex_SalVentAttn	40.421295870503656	121	friends	03	034	s03e15b	
cortex_SomMot	39.88263243384229	194	friends	03	034	s03e15b	
cortex_Vis	38.287562970678515	162	friends	03	034	s03e15b	
subcortex_CAU	26.368921655870956	8	friends	03	034	s03e15b	
subcortex_PUT	28.338714677582185	8	friends	03	034	s03e15b	
subcortex_THA	28.008696188021126	14	friends	03	034	s03e15b	
cerebellum	34.08371818160653	88	friends	03	035	s03e16a	
cortex_Cont	43.81428314803436	128	friends	03	035	s03e16a	
cortex_Default	42.142931110900044	209	friends	03	035	s03e16a	
cortex_DorsAttn	48.268596014064585	122	friends	03	035	s03e16a	
cortex_Limbic	19.998071046362785	60	friends	03	035	s03e16a	
cortex_SalVentAttn	42.83712532993087	121	friends	03	035	s03e16a	
cortex_SomMot	43.92852802337712	194	friends	03	035	s03e16a	
cortex_Vis	40.8534799689422	162	friends	03	035	s03e16a	
subcortex_CAU	27.411669540148225	8	friends	03	035	s03e16a	
subcortex_PUT	28.838957123080004	8	friends	03	035	s03e16a	
subcortex_THA	28.62170191792149	14	friends	03	035	s03e16a	
cerebellum	34.79656799212496	88	friends	03	035	s03e16b	
cortex_Cont	43.96626976888609	128	friends	03	035	s03e16b	
cortex_Default	41.42143204272722	209	friends	03	035	s03e16b	
cortex_DorsAttn	49.61401383476987	122	friends	03	035	s03e16b	
cortex_Limbic	19.302014683153622	60	friends	03	035	s03e16b	
cortex_SalVentAttn	44.08714616280733	121	friends	03	035	s03e16b	
cortex_SomMot	46.73824134236055	194	friends	03	035	s03e16b	
cortex_Vis	39.136419323660434	162	friends	03	035	s03e16b	
subcortex_CAU	26.993212130001023	8	friends	03	035	s03e16b	
subcortex_PUT	28.79813616380626	8	friends	03	035	s03e16b	
subcortex_THA	28.7098619733194	14	friends	03	035	s03e16b	
cerebellum	31.095840033948775	88	friends	03	035	s03e17a	
cortex_Cont	39.20666555167634	128	friends	03	035	s03e17a	
cortex_Default	37.696802739641804	209	friends	03	035	s03e17a	
cortex_DorsAttn	42.83530299428616	122	friends	03	035	s03e17a	
cortex_Limbic	17.25543481968202	60	friends	03	035	s03e17a	
cortex_SalVentAttn	39.69651995778086	121	friends	03	035	s03e17a	
cortex_SomMot	39.83160719202974	194	friends	03	035	s03e17a	
cortex_Vis	35.11697832466899	162	friends	03	035	s03e17a	
subcortex_CAU	26.825770450814485	8	friends	03	035	s03e17a	
subcortex_PUT	28.02360697883126	8	friends	03	035	s03e17a	
subcortex_THA	28.134959743070528	14	friends	03	035	s03e17a	
cerebellum	33.88368835835695	88	friends	03	035	s03e17b	
cortex_Cont	42.75872594940273	128	friends	03	035	s03e17b	
cortex_Default	41.06518908636338	209	friends	03	035	s03e17b	
cortex_DorsAttn	46.851729040543624	122	friends	03	035	s03e17b	
cortex_Limbic	17.875731766985783	60	friends	03	035	s03e17b	
cortex_SalVentAttn	41.881928092941486	121	friends	03	035	s03e17b	
cortex_SomMot	43.18863551595882	194	friends	03	035	s03e17b	
cortex_Vis	39.40280577551979	162	friends	03	035	s03e17b	
subcortex_CAU	27.623590310547605	8	friends	03	035	s03e17b	
subcortex_PUT	28.249002603800005	8	friends	03	035	s03e17b	
subcortex_THA	28.39543434974997	14	friends	03	035	s03e17b	
cerebellum	32.50465895904507	88	friends	03	035	s03e18a	
cortex_Cont	42.28450150799793	128	friends	03	035	s03e18a	
cortex_Default	40.108621275177256	209	friends	03	035	s03e18a	
cortex_DorsAttn	47.12272794416062	122	friends	03	035	s03e18a	
cortex_Limbic	18.613047552694063	60	friends	03	035	s03e18a	
cortex_SalVentAttn	41.488084544181376	121	friends	03	035	s03e18a	
cortex_SomMot	42.511487267705	194	friends	03	035	s03e18a	
cortex_Vis	37.99414725923114	162	friends	03	035	s03e18a	
subcortex_CAU	27.659884799164562	8	friends	03	035	s03e18a	
subcortex_PUT	28.251603378035036	8	friends	03	035	s03e18a	
subcortex_THA	28.326641696017475	14	friends	03	035	s03e18a	
cerebellum	35.1268148066165	88	friends	03	035	s03e18b	
cortex_Cont	45.39965089531828	128	friends	03	035	s03e18b	
cortex_Default	42.83249730776256	209	friends	03	035	s03e18b	
cortex_DorsAttn	50.05333131966218	122	friends	03	035	s03e18b	
cortex_Limbic	20.08885121366133	60	friends	03	035	s03e18b	
cortex_SalVentAttn	44.31206250898234	121	friends	03	035	s03e18b	
cortex_SomMot	46.31159489716059	194	friends	03	035	s03e18b	
cortex_Vis	39.44661316393663	162	friends	03	035	s03e18b	
subcortex_CAU	27.78276656989618	8	friends	03	035	s03e18b	
subcortex_PUT	28.998878355194677	8	friends	03	035	s03e18b	
subcortex_THA	28.755882879474388	14	friends	03	035	s03e18b	
cerebellum	24.7701887030795	88	friends	03	036	s03e19b	
cortex_Cont	36.43514721331011	128	friends	03	036	s03e19b	
cortex_Default	34.21307797763202	209	friends	03	036	s03e19b	
cortex_DorsAttn	38.400211652067306	122	friends	03	036	s03e19b	
cortex_Limbic	17.17732489851738	60	friends	03	036	s03e19b	
cortex_SalVentAttn	37.29095796496185	121	friends	03	036	s03e19b	
cortex_SomMot	36.061964301347984	194	friends	03	036	s03e19b	
cortex_Vis	28.59077290833695	162	friends	03	036	s03e19b	
subcortex_CAU	26.416700940849445	8	friends	03	036	s03e19b	
subcortex_PUT	27.649344711125657	8	friends	03	036	s03e19b	
subcortex_THA	26.75747609986601	14	friends	03	036	s03e19b	
cerebellum	31.74348279324911	88	friends	03	036	s03e20a	
cortex_Cont	40.63543980748778	128	friends	03	036	s03e20a	
cortex_Default	38.54413012074166	209	friends	03	036	s03e20a	
cortex_DorsAttn	45.84407061405668	122	friends	03	036	s03e20a	
cortex_Limbic	18.019174263909875	60	friends	03	036	s03e20a	
cortex_SalVentAttn	41.60570698432332	121	friends	03	036	s03e20a	
cortex_SomMot	42.89330134380325	194	friends	03	036	s03e20a	
cortex_Vis	35.551128062851205	162	friends	03	036	s03e20a	
subcortex_CAU	26.51625424372005	8	friends	03	036	s03e20a	
subcortex_PUT	28.742214711653343	8	friends	03	036	s03e20a	
subcortex_THA	28.575376980830665	14	friends	03	036	s03e20a	
cerebellum	29.63197339791014	88	friends	03	036	s03e20b	
cortex_Cont	38.343633947915954	128	friends	03	036	s03e20b	
cortex_Default	36.6575218097249	209	friends	03	036	s03e20b	
cortex_DorsAttn	42.70620673934285	122	friends	03	036	s03e20b	
cortex_Limbic	17.866319043124896	60	friends	03	036	s03e20b	
cortex_SalVentAttn	38.95139119388755	121	friends	03	036	s03e20b	
cortex_SomMot	38.20012091521452	194	friends	03	036	s03e20b	
cortex_Vis	34.14024292995115	162	friends	03	036	s03e20b	
subcortex_CAU	26.649001540354355	8	friends	03	036	s03e20b	
subcortex_PUT	28.506506749388326	8	friends	03	036	s03e20b	
subcortex_THA	27.685327670834294	14	friends	03	036	s03e20b	
cerebellum	36.21296391359079	88	friends	03	037	s03e21a	
cortex_Cont	46.35909867858456	128	friends	03	037	s03e21a	
cortex_Default	43.21789643321932	209	friends	03	037	s03e21a	
cortex_DorsAttn	50.85525556495346	122	friends	03	037	s03e21a	
cortex_Limbic	19.358157115705414	60	friends	03	037	s03e21a	
cortex_SalVentAttn	44.17735125747342	121	friends	03	037	s03e21a	
cortex_SomMot	46.90502938066791	194	friends	03	037	s03e21a	
cortex_Vis	41.208342899409175	162	friends	03	037	s03e21a	
subcortex_CAU	27.70434977008078	8	friends	03	037	s03e21a	
subcortex_PUT	29.247951964032627	8	friends	03	037	s03e21a	
subcortex_THA	28.819819754790267	14	friends	03	037	s03e21a	
cerebellum	34.27403639657245	88	friends	03	037	s03e21b	
cortex_Cont	42.628368384810436	128	friends	03	037	s03e21b	
cortex_Default	40.46572148615543	209	friends	03	037	s03e21b	
cortex_DorsAttn	47.800922153527345	122	friends	03	037	s03e21b	
cortex_Limbic	18.621237245558543	60	friends	03	037	s03e21b	
cortex_SalVentAttn	41.732922299337105	121	friends	03	037	s03e21b	
cortex_SomMot	42.37780127904707	194	friends	03	037	s03e21b	
cortex_Vis	40.14142528051272	162	friends	03	037	s03e21b	
subcortex_CAU	27.19253604774755	8	friends	03	037	s03e21b	
subcortex_PUT	29.089558100864316	8	friends	03	037	s03e21b	
subcortex_THA	28.676564582463453	14	friends	03	037	s03e21b	
cerebellum	32.86227426788881	88	friends	03	037	s03e22a	
cortex_Cont	42.55490738246595	128	friends	03	037	s03e22a	
cortex_Default	40.33349353736103	209	friends	03	037	s03e22a	
cortex_DorsAttn	46.95418613179446	122	friends	03	037	s03e22a	
cortex_Limbic	19.217096833525673	60	friends	03	037	s03e22a	
cortex_SalVentAttn	42.02222009229798	121	friends	03	037	s03e22a	
cortex_SomMot	43.50493616374497	194	friends	03	037	s03e22a	
cortex_Vis	37.214915457735174	162	friends	03	037	s03e22a	
subcortex_CAU	28.00723993280253	8	friends	03	037	s03e22a	
subcortex_PUT	29.392591155493896	8	friends	03	037	s03e22a	
subcortex_THA	28.545579881582594	14	friends	03	037	s03e22a	
cerebellum	32.65597725768592	88	friends	03	037	s03e22b	
cortex_Cont	42.48449589609554	128	friends	03	037	s03e22b	
cortex_Default	40.323214283794854	209	friends	03	037	s03e22b	
cortex_DorsAttn	48.89683940582723	122	friends	03	037	s03e22b	
cortex_Limbic	18.490767317293084	60	friends	03	037	s03e22b	
cortex_SalVentAttn	41.56222401862311	121	friends	03	037	s03e22b	
cortex_SomMot	43.48712012863929	194	friends	03	037	s03e22b	
cortex_Vis	37.97596834641264	162	friends	03	037	s03e22b	
subcortex_CAU	26.87079920117305	8	friends	03	037	s03e22b	
subcortex_PUT	28.765292833229786	8	friends	03	037	s03e22b	
subcortex_THA	28.22178190593228	14	friends	03	037	s03e22b	
cerebellum	35.598113059141966	88	friends	03	038	s03e23a	
cortex_Cont	44.00549771623439	128	friends	03	038	s03e23a	
cortex_Default	41.370342765313396	209	friends	03	038	s03e23a	
cortex_DorsAttn	49.85506295025383	122	friends	03	038	s03e23a	
cortex_Limbic	18.761231396472645	60	friends	03	038	s03e23a	
cortex_SalVentAttn	43.203773560381016	121	friends	03	038	s03e23a	
cortex_SomMot	45.773289602129005	194	friends	03	038	s03e23a	
cortex_Vis	40.25593210725083	162	friends	03	038	s03e23a	
subcortex_CAU	26.870838384033693	8	friends	03	038	s03e23a	
subcortex_PUT	28.883031463309482	8	friends	03	038	s03e23a	
subcortex_THA	28.589482655399767	14	friends	03	038	s03e23a	
cerebellum	34.91033175918638	88	friends	03	038	s03e23b	
cortex_Cont	42.52565740935541	128	friends	03	038	s03e23b	
cortex_Default	40.64649567551999	209	friends	03	038	s03e23b	
cortex_DorsAttn	46.94455343727254	122	friends	03	038	s03e23b	
cortex_Limbic	18.134713919528064	60	friends	03	038	s03e23b	
cortex_SalVentAttn	42.61756863181501	121	friends	03	038	s03e23b	
cortex_SomMot	43.60971524089569	194	friends	03	038	s03e23b	
cortex_Vis	38.4486092352844	162	friends	03	038	s03e23b	
subcortex_CAU	26.969169484684876	8	friends	03	038	s03e23b	
subcortex_PUT	28.794645642334125	8	friends	03	038	s03e23b	
subcortex_THA	28.525044799595655	14	friends	03	038	s03e23b	
cerebellum	34.68579122827655	88	friends	03	038	s03e24a	
cortex_Cont	44.1650450732918	128	friends	03	038	s03e24a	
cortex_Default	41.453410433517156	209	friends	03	038	s03e24a	
cortex_DorsAttn	49.408185195149	122	friends	03	038	s03e24a	
cortex_Limbic	18.54875033305298	60	friends	03	038	s03e24a	
cortex_SalVentAttn	42.95107112339371	121	friends	03	038	s03e24a	
cortex_SomMot	44.39348150653689	194	friends	03	038	s03e24a	
cortex_Vis	39.11242498234119	162	friends	03	038	s03e24a	
subcortex_CAU	26.348411996897486	8	friends	03	038	s03e24a	
subcortex_PUT	28.455619539817757	8	friends	03	038	s03e24a	
subcortex_THA	28.307006246254836	14	friends	03	038	s03e24a	
cerebellum	28.917532979716455	88	friends	03	038	s03e24b	
cortex_Cont	34.88255065935793	128	friends	03	038	s03e24b	
cortex_Default	33.65738499906132	209	friends	03	038	s03e24b	
cortex_DorsAttn	38.53974784228663	122	friends	03	038	s03e24b	
cortex_Limbic	15.766715870622495	60	friends	03	038	s03e24b	
cortex_SalVentAttn	36.12297377496533	121	friends	03	038	s03e24b	
cortex_SomMot	34.87106091587895	194	friends	03	038	s03e24b	
cortex_Vis	31.084647067979827	162	friends	03	038	s03e24b	
subcortex_CAU	24.45404606352976	8	friends	03	038	s03e24b	
subcortex_PUT	27.47038321989733	8	friends	03	038	s03e24b	
subcortex_THA	26.679157808941085	14	friends	03	038	s03e24b	
cerebellum	33.627165552844424	88	friends	03	039	s03e25a	
cortex_Cont	42.237576848392855	128	friends	03	039	s03e25a	
cortex_Default	39.89287163840802	209	friends	03	039	s03e25a	
cortex_DorsAttn	48.068037056124055	122	friends	03	039	s03e25a	
cortex_Limbic	18.51868568044373	60	friends	03	039	s03e25a	
cortex_SalVentAttn	42.18170320167964	121	friends	03	039	s03e25a	
cortex_SomMot	43.61592138505618	194	friends	03	039	s03e25a	
cortex_Vis	40.18323940497178	162	friends	03	039	s03e25a	
subcortex_CAU	26.602074941926084	8	friends	03	039	s03e25a	
subcortex_PUT	28.551242147750823	8	friends	03	039	s03e25a	
subcortex_THA	28.781223725863303	14	friends	03	039	s03e25a	
cerebellum	34.009881508704346	88	friends	03	039	s03e25b	
cortex_Cont	41.494729529517265	128	friends	03	039	s03e25b	
cortex_Default	39.4282380171524	209	friends	03	039	s03e25b	
cortex_DorsAttn	48.77092413714124	122	friends	03	039	s03e25b	
cortex_Limbic	17.857893862189247	60	friends	03	039	s03e25b	
cortex_SalVentAttn	41.67478185342875	121	friends	03	039	s03e25b	
cortex_SomMot	43.13190181765444	194	friends	03	039	s03e25b	
cortex_Vis	40.81930936994634	162	friends	03	039	s03e25b	
subcortex_CAU	25.885303534216735	8	friends	03	039	s03e25b	
subcortex_PUT	28.27053867475595	8	friends	03	039	s03e25b	
subcortex_THA	28.649973143648044	14	friends	03	039	s03e25b	
cerebellum	27.808014393434757	88	friends	03	039	s04e01a	
cortex_Cont	33.2529871021665	128	friends	03	039	s04e01a	
cortex_Default	32.53481380181397	209	friends	03	039	s04e01a	
cortex_DorsAttn	37.09522156565455	122	friends	03	039	s04e01a	
cortex_Limbic	14.164956077879229	60	friends	03	039	s04e01a	
cortex_SalVentAttn	34.10767252924241	121	friends	03	039	s04e01a	
cortex_SomMot	31.710716704325886	194	friends	03	039	s04e01a	
cortex_Vis	32.788125878264644	162	friends	03	039	s04e01a	
subcortex_CAU	22.87026463842596	8	friends	03	039	s04e01a	
subcortex_PUT	25.985479424435766	8	friends	03	039	s04e01a	
subcortex_THA	25.959403957896434	14	friends	03	039	s04e01a	
cerebellum	28.895213437037548	88	friends	03	039	s04e01b	
cortex_Cont	36.37954580212534	128	friends	03	039	s04e01b	
cortex_Default	35.5587689036076	209	friends	03	039	s04e01b	
cortex_DorsAttn	40.82765144477288	122	friends	03	039	s04e01b	
cortex_Limbic	16.697759170844783	60	friends	03	039	s04e01b	
cortex_SalVentAttn	38.242535205673434	121	friends	03	039	s04e01b	
cortex_SomMot	37.84330249560232	194	friends	03	039	s04e01b	
cortex_Vis	32.48561440768258	162	friends	03	039	s04e01b	
subcortex_CAU	24.4086517827175	8	friends	03	039	s04e01b	
subcortex_PUT	26.722981366787067	8	friends	03	039	s04e01b	
subcortex_THA	27.78951313941128	14	friends	03	039	s04e01b	
cerebellum	32.85915513078871	88	friends	03	040	s04e02a	
cortex_Cont	44.41488629322434	128	friends	03	040	s04e02a	
cortex_Default	41.35817401614872	209	friends	03	040	s04e02a	
cortex_DorsAttn	48.58550780907235	122	friends	03	040	s04e02a	
cortex_Limbic	18.464795914105853	60	friends	03	040	s04e02a	
cortex_SalVentAttn	42.955504737728155	121	friends	03	040	s04e02a	
cortex_SomMot	44.47523954439209	194	friends	03	040	s04e02a	
cortex_Vis	39.674391497472634	162	friends	03	040	s04e02a	
subcortex_CAU	26.474338370121213	8	friends	03	040	s04e02a	
subcortex_PUT	28.074464602292995	8	friends	03	040	s04e02a	
subcortex_THA	27.698004002956427	14	friends	03	040	s04e02a	
cerebellum	34.25417293427567	88	friends	03	040	s04e02b	
cortex_Cont	43.28095044505248	128	friends	03	040	s04e02b	
cortex_Default	40.47223388148256	209	friends	03	040	s04e02b	
cortex_DorsAttn	48.803280405614835	122	friends	03	040	s04e02b	
cortex_Limbic	18.64470666002943	60	friends	03	040	s04e02b	
cortex_SalVentAttn	41.96482798134436	121	friends	03	040	s04e02b	
cortex_SomMot	42.918865042349786	194	friends	03	040	s04e02b	
cortex_Vis	41.9358652530131	162	friends	03	040	s04e02b	
subcortex_CAU	25.977826366839682	8	friends	03	040	s04e02b	
subcortex_PUT	28.148380183516885	8	friends	03	040	s04e02b	
subcortex_THA	27.880637252169066	14	friends	03	040	s04e02b	
cerebellum	32.443926316518066	88	friends	03	040	s04e03a	
cortex_Cont	42.49849737668187	128	friends	03	040	s04e03a	
cortex_Default	40.07611292516874	209	friends	03	040	s04e03a	
cortex_DorsAttn	46.95651915596032	122	friends	03	040	s04e03a	
cortex_Limbic	18.093908309364515	60	friends	03	040	s04e03a	
cortex_SalVentAttn	41.636231594183	121	friends	03	040	s04e03a	
cortex_SomMot	43.6256891391838	194	friends	03	040	s04e03a	
cortex_Vis	37.27734012956172	162	friends	03	040	s04e03a	
subcortex_CAU	25.93168964418713	8	friends	03	040	s04e03a	
subcortex_PUT	27.88458077209051	8	friends	03	040	s04e03a	
subcortex_THA	27.782986223333246	14	friends	03	040	s04e03a	
cerebellum	31.96954301877003	88	friends	03	040	s04e03b	
cortex_Cont	40.29463658135057	128	friends	03	040	s04e03b	
cortex_Default	38.58163034051996	209	friends	03	040	s04e03b	
cortex_DorsAttn	44.88880236385029	122	friends	03	040	s04e03b	
cortex_Limbic	17.715921324301384	60	friends	03	040	s04e03b	
cortex_SalVentAttn	40.6172077015842	121	friends	03	040	s04e03b	
cortex_SomMot	41.59068972949548	194	friends	03	040	s04e03b	
cortex_Vis	36.94244798298849	162	friends	03	040	s04e03b	
subcortex_CAU	25.779167165526772	8	friends	03	040	s04e03b	
subcortex_PUT	27.60289876819743	8	friends	03	040	s04e03b	
subcortex_THA	27.71879396184143	14	friends	03	040	s04e03b	
cerebellum	36.45919550303755	88	friends	03	041	s04e04a	
cortex_Cont	45.83974693271703	128	friends	03	041	s04e04a	
cortex_Default	44.10415916497838	209	friends	03	041	s04e04a	
cortex_DorsAttn	50.466115437535635	122	friends	03	041	s04e04a	
cortex_Limbic	19.84453922820363	60	friends	03	041	s04e04a	
cortex_SalVentAttn	45.13017700072332	121	friends	03	041	s04e04a	
cortex_SomMot	47.20653691590978	194	friends	03	041	s04e04a	
cortex_Vis	45.09096089274993	162	friends	03	041	s04e04a	
subcortex_CAU	34.21863296997997	8	friends	03	041	s04e04a	
subcortex_PUT	32.289848656073595	8	friends	03	041	s04e04a	
subcortex_THA	28.89004968114866	14	friends	03	041	s04e04a	
cerebellum	36.456941686023725	88	friends	03	041	s04e04b	
cortex_Cont	44.40127706936024	128	friends	03	041	s04e04b	
cortex_Default	42.429920694012175	209	friends	03	041	s04e04b	
cortex_DorsAttn	49.13304451931031	122	friends	03	041	s04e04b	
cortex_Limbic	19.392175452429164	60	friends	03	041	s04e04b	
cortex_SalVentAttn	43.860746377917806	121	friends	03	041	s04e04b	
cortex_SomMot	45.13116972060836	194	friends	03	041	s04e04b	
cortex_Vis	43.466858068192586	162	friends	03	041	s04e04b	
subcortex_CAU	32.92040937410202	8	friends	03	041	s04e04b	
subcortex_PUT	31.84606771704903	8	friends	03	041	s04e04b	
subcortex_THA	28.848211647969435	14	friends	03	041	s04e04b	
cerebellum	37.15245695505367	88	friends	03	041	s04e05a	
cortex_Cont	45.565860349359504	128	friends	03	041	s04e05a	
cortex_Default	43.139239502955384	209	friends	03	041	s04e05a	
cortex_DorsAttn	51.8856904937122	122	friends	03	041	s04e05a	
cortex_Limbic	19.119495487551397	60	friends	03	041	s04e05a	
cortex_SalVentAttn	45.2933498302629	121	friends	03	041	s04e05a	
cortex_SomMot	48.034627313018014	194	friends	03	041	s04e05a	
cortex_Vis	45.31635152659604	162	friends	03	041	s04e05a	
subcortex_CAU	28.012910083577534	8	friends	03	041	s04e05a	
subcortex_PUT	29.00101289347125	8	friends	03	041	s04e05a	
subcortex_THA	29.510909657574498	14	friends	03	041	s04e05a	
cerebellum	34.068031814312825	88	friends	03	041	s04e05b	
cortex_Cont	39.8163502773581	128	friends	03	041	s04e05b	
cortex_Default	38.78331549480713	209	friends	03	041	s04e05b	
cortex_DorsAttn	45.110549833272735	122	friends	03	041	s04e05b	
cortex_Limbic	17.202810367996303	60	friends	03	041	s04e05b	
cortex_SalVentAttn	40.87965409131165	121	friends	03	041	s04e05b	
cortex_SomMot	42.066136703933125	194	friends	03	041	s04e05b	
cortex_Vis	38.99664852873767	162	friends	03	041	s04e05b	
subcortex_CAU	27.459673170087783	8	friends	03	041	s04e05b	
subcortex_PUT	30.401104498599544	8	friends	03	041	s04e05b	
subcortex_THA	29.666853151780177	14	friends	03	041	s04e05b	
cerebellum	33.736577400596175	88	friends	03	042	s04e06a	
cortex_Cont	42.623427260954195	128	friends	03	042	s04e06a	
cortex_Default	40.66470621941276	209	friends	03	042	s04e06a	
cortex_DorsAttn	48.301640562806	122	friends	03	042	s04e06a	
cortex_Limbic	18.568456000626156	60	friends	03	042	s04e06a	
cortex_SalVentAttn	41.67782455181023	121	friends	03	042	s04e06a	
cortex_SomMot	43.31468335729198	194	friends	03	042	s04e06a	
cortex_Vis	40.52849752121754	162	friends	03	042	s04e06a	
subcortex_CAU	25.696228867101212	8	friends	03	042	s04e06a	
subcortex_PUT	27.58161646033542	8	friends	03	042	s04e06a	
subcortex_THA	27.682882679492813	14	friends	03	042	s04e06a	
cerebellum	31.052498836345364	88	friends	03	042	s04e06b	
cortex_Cont	39.72010594688604	128	friends	03	042	s04e06b	
cortex_Default	37.52350834975872	209	friends	03	042	s04e06b	
cortex_DorsAttn	44.456658568776454	122	friends	03	042	s04e06b	
cortex_Limbic	17.61635419823457	60	friends	03	042	s04e06b	
cortex_SalVentAttn	39.46465412404312	121	friends	03	042	s04e06b	
cortex_SomMot	40.07089306583102	194	friends	03	042	s04e06b	
cortex_Vis	36.24044685005495	162	friends	03	042	s04e06b	
subcortex_CAU	25.573216399946922	8	friends	03	042	s04e06b	
subcortex_PUT	27.521310147228842	8	friends	03	042	s04e06b	
subcortex_THA	27.484041993455275	14	friends	03	042	s04e06b	
cerebellum	32.746415356201105	88	friends	03	042	s04e07a	
cortex_Cont	40.22810026242713	128	friends	03	042	s04e07a	
cortex_Default	38.458681186807965	209	friends	03	042	s04e07a	
cortex_DorsAttn	43.27780730526825	122	friends	03	042	s04e07a	
cortex_Limbic	17.695585335865854	60	friends	03	042	s04e07a	
cortex_SalVentAttn	39.36925634943911	121	friends	03	042	s04e07a	
cortex_SomMot	39.16341698506657	194	friends	03	042	s04e07a	
cortex_Vis	37.49984964361737	162	friends	03	042	s04e07a	
subcortex_CAU	25.861575810850038	8	friends	03	042	s04e07a	
subcortex_PUT	27.80474592615103	8	friends	03	042	s04e07a	
subcortex_THA	27.898853103482907	14	friends	03	042	s04e07a	
cerebellum	34.7212965355389	88	friends	03	042	s04e07b	
cortex_Cont	43.21958999839896	128	friends	03	042	s04e07b	
cortex_Default	41.14623615821484	209	friends	03	042	s04e07b	
cortex_DorsAttn	46.89390330783037	122	friends	03	042	s04e07b	
cortex_Limbic	19.302962397103965	60	friends	03	042	s04e07b	
cortex_SalVentAttn	42.37135049398975	121	friends	03	042	s04e07b	
cortex_SomMot	43.461411040271635	194	friends	03	042	s04e07b	
cortex_Vis	39.785612762980406	162	friends	03	042	s04e07b	
subcortex_CAU	26.253822435385548	8	friends	03	042	s04e07b	
subcortex_PUT	28.102455614993122	8	friends	03	042	s04e07b	
subcortex_THA	28.052590013885034	14	friends	03	042	s04e07b	
cerebellum	33.31993183731798	88	friends	03	043	s04e08a	
cortex_Cont	43.843014657171274	128	friends	03	043	s04e08a	
cortex_Default	41.77389180571693	209	friends	03	043	s04e08a	
cortex_DorsAttn	49.167485024771096	122	friends	03	043	s04e08a	
cortex_Limbic	19.268397092375945	60	friends	03	043	s04e08a	
cortex_SalVentAttn	43.279744955040755	121	friends	03	043	s04e08a	
cortex_SomMot	44.2711890576205	194	friends	03	043	s04e08a	
cortex_Vis	41.42020417862993	162	friends	03	043	s04e08a	
subcortex_CAU	27.09298573307081	8	friends	03	043	s04e08a	
subcortex_PUT	28.279450746603693	8	friends	03	043	s04e08a	
subcortex_THA	28.67208458514232	14	friends	03	043	s04e08a	
cerebellum	35.36015123375627	88	friends	03	043	s04e08b	
cortex_Cont	40.74688029315896	128	friends	03	043	s04e08b	
cortex_Default	39.29123366754743	209	friends	03	043	s04e08b	
cortex_DorsAttn	47.14268741929723	122	friends	03	043	s04e08b	
cortex_Limbic	18.225684059832684	60	friends	03	043	s04e08b	
cortex_SalVentAttn	41.53126404767652	121	friends	03	043	s04e08b	
cortex_SomMot	42.740019603744756	194	friends	03	043	s04e08b	
cortex_Vis	39.068494393252514	162	friends	03	043	s04e08b	
subcortex_CAU	26.251399271997144	8	friends	03	043	s04e08b	
subcortex_PUT	28.419710949886834	8	friends	03	043	s04e08b	
subcortex_THA	29.199464240751045	14	friends	03	043	s04e08b	
cerebellum	34.6902253324209	88	friends	03	043	s04e09a	
cortex_Cont	42.56450706527198	128	friends	03	043	s04e09a	
cortex_Default	39.766096750622296	209	friends	03	043	s04e09a	
cortex_DorsAttn	46.363550142413914	122	friends	03	043	s04e09a	
cortex_Limbic	18.147476163554195	60	friends	03	043	s04e09a	
cortex_SalVentAttn	42.472579146367764	121	friends	03	043	s04e09a	
cortex_SomMot	42.7317857399977	194	friends	03	043	s04e09a	
cortex_Vis	39.91408689560797	162	friends	03	043	s04e09a	
subcortex_CAU	26.64949051023306	8	friends	03	043	s04e09a	
subcortex_PUT	28.28270559196204	8	friends	03	043	s04e09a	
subcortex_THA	28.7429725987901	14	friends	03	043	s04e09a	
cerebellum	34.18707216437951	88	friends	03	043	s04e09b	
cortex_Cont	42.18753964902927	128	friends	03	043	s04e09b	
cortex_Default	40.21443563244143	209	friends	03	043	s04e09b	
cortex_DorsAttn	46.390481752442724	122	friends	03	043	s04e09b	
cortex_Limbic	18.68121443825243	60	friends	03	043	s04e09b	
cortex_SalVentAttn	42.99004413900516	121	friends	03	043	s04e09b	
cortex_SomMot	43.13288351280699	194	friends	03	043	s04e09b	
cortex_Vis	39.31188774403282	162	friends	03	043	s04e09b	
subcortex_CAU	26.719545562245088	8	friends	03	043	s04e09b	
subcortex_PUT	28.175915694278487	8	friends	03	043	s04e09b	
subcortex_THA	28.804591584679965	14	friends	03	043	s04e09b	
cerebellum	36.60512659870548	88	friends	03	044	s04e10a	
cortex_Cont	45.409487033239714	128	friends	03	044	s04e10a	
cortex_Default	43.02712564349304	209	friends	03	044	s04e10a	
cortex_DorsAttn	51.44617150401301	122	friends	03	044	s04e10a	
cortex_Limbic	19.562243249129974	60	friends	03	044	s04e10a	
cortex_SalVentAttn	45.179142497545875	121	friends	03	044	s04e10a	
cortex_SomMot	47.40895019788833	194	friends	03	044	s04e10a	
cortex_Vis	43.97227454430405	162	friends	03	044	s04e10a	
subcortex_CAU	27.499078119452143	8	friends	03	044	s04e10a	
subcortex_PUT	28.58784546117965	8	friends	03	044	s04e10a	
subcortex_THA	28.873652795477977	14	friends	03	044	s04e10a	
cerebellum	31.275417461800586	88	friends	03	044	s04e10b	
cortex_Cont	41.014765998242844	128	friends	03	044	s04e10b	
cortex_Default	39.30275001507854	209	friends	03	044	s04e10b	
cortex_DorsAttn	45.35964699407671	122	friends	03	044	s04e10b	
cortex_Limbic	17.63371200624359	60	friends	03	044	s04e10b	
cortex_SalVentAttn	42.22307387268665	121	friends	03	044	s04e10b	
cortex_SomMot	42.91943272734157	194	friends	03	044	s04e10b	
cortex_Vis	37.16451279937625	162	friends	03	044	s04e10b	
subcortex_CAU	27.00987248474961	8	friends	03	044	s04e10b	
subcortex_PUT	28.227153530762724	8	friends	03	044	s04e10b	
subcortex_THA	28.327848436988063	14	friends	03	044	s04e10b	
cerebellum	36.07530655999474	88	friends	03	044	s04e11a	
cortex_Cont	45.16884063981047	128	friends	03	044	s04e11a	
cortex_Default	42.84751812885155	209	friends	03	044	s04e11a	
cortex_DorsAttn	50.12864241137977	122	friends	03	044	s04e11a	
cortex_Limbic	19.74122056191896	60	friends	03	044	s04e11a	
cortex_SalVentAttn	44.857056025559906	121	friends	03	044	s04e11a	
cortex_SomMot	46.28523454055254	194	friends	03	044	s04e11a	
cortex_Vis	42.06327554894495	162	friends	03	044	s04e11a	
subcortex_CAU	27.337679476031397	8	friends	03	044	s04e11a	
subcortex_PUT	28.899309802072565	8	friends	03	044	s04e11a	
subcortex_THA	28.963805423028028	14	friends	03	044	s04e11a	
cerebellum	32.815295550825184	88	friends	03	044	s04e11b	
cortex_Cont	38.92106762479285	128	friends	03	044	s04e11b	
cortex_Default	36.84082355155134	209	friends	03	044	s04e11b	
cortex_DorsAttn	44.35808787301101	122	friends	03	044	s04e11b	
cortex_Limbic	17.044538843590882	60	friends	03	044	s04e11b	
cortex_SalVentAttn	39.306236404508724	121	friends	03	044	s04e11b	
cortex_SomMot	39.3453775001304	194	friends	03	044	s04e11b	
cortex_Vis	39.32789898597788	162	friends	03	044	s04e11b	
subcortex_CAU	25.518823064076294	8	friends	03	044	s04e11b	
subcortex_PUT	27.41806337763409	8	friends	03	044	s04e11b	
subcortex_THA	27.799012603834576	14	friends	03	044	s04e11b	
cerebellum	32.84247398406428	88	friends	03	045	s04e12a	
cortex_Cont	44.94845087623485	128	friends	03	045	s04e12a	
cortex_Default	42.26982845872436	209	friends	03	045	s04e12a	
cortex_DorsAttn	48.72080148157902	122	friends	03	045	s04e12a	
cortex_Limbic	19.788463245165694	60	friends	03	045	s04e12a	
cortex_SalVentAttn	44.02349166695186	121	friends	03	045	s04e12a	
cortex_SomMot	45.04538078179344	194	friends	03	045	s04e12a	
cortex_Vis	39.343121349854904	162	friends	03	045	s04e12a	
subcortex_CAU	26.899421500937787	8	friends	03	045	s04e12a	
subcortex_PUT	28.45488460766855	8	friends	03	045	s04e12a	
subcortex_THA	28.460503055276007	14	friends	03	045	s04e12a	
cerebellum	31.59979074544169	88	friends	03	045	s04e12b	
cortex_Cont	40.629903528316206	128	friends	03	045	s04e12b	
cortex_Default	38.320970426317764	209	friends	03	045	s04e12b	
cortex_DorsAttn	45.771704137771806	122	friends	03	045	s04e12b	
cortex_Limbic	17.72826904040933	60	friends	03	045	s04e12b	
cortex_SalVentAttn	39.98705514373808	121	friends	03	045	s04e12b	
cortex_SomMot	41.02309648528902	194	friends	03	045	s04e12b	
cortex_Vis	37.35789657458768	162	friends	03	045	s04e12b	
subcortex_CAU	25.475732322067028	8	friends	03	045	s04e12b	
subcortex_PUT	28.147243448346746	8	friends	03	045	s04e12b	
subcortex_THA	28.042840019786297	14	friends	03	045	s04e12b	
cerebellum	33.773362405612865	88	friends	03	045	s04e13a	
cortex_Cont	44.60171364431916	128	friends	03	045	s04e13a	
cortex_Default	41.52448984795609	209	friends	03	045	s04e13a	
cortex_DorsAttn	49.713714593811	122	friends	03	045	s04e13a	
cortex_Limbic	19.33402576872593	60	friends	03	045	s04e13a	
cortex_SalVentAttn	43.41917221479237	121	friends	03	045	s04e13a	
cortex_SomMot	45.3477013533003	194	friends	03	045	s04e13a	
cortex_Vis	39.64376038824431	162	friends	03	045	s04e13a	
subcortex_CAU	27.32895690088336	8	friends	03	045	s04e13a	
subcortex_PUT	29.18355303659668	8	friends	03	045	s04e13a	
subcortex_THA	28.98391289597483	14	friends	03	045	s04e13a	
cerebellum	29.872119692070633	88	friends	03	045	s04e13b	
cortex_Cont	35.601589019799114	128	friends	03	045	s04e13b	
cortex_Default	33.73703475656463	209	friends	03	045	s04e13b	
cortex_DorsAttn	40.734859978338015	122	friends	03	045	s04e13b	
cortex_Limbic	14.757597203190358	60	friends	03	045	s04e13b	
cortex_SalVentAttn	35.294638293566315	121	friends	03	045	s04e13b	
cortex_SomMot	35.02998061173047	194	friends	03	045	s04e13b	
cortex_Vis	34.87066878692086	162	friends	03	045	s04e13b	
subcortex_CAU	23.220784561150378	8	friends	03	045	s04e13b	
subcortex_PUT	25.8027205026873	8	friends	03	045	s04e13b	
subcortex_THA	26.054779256839478	14	friends	03	045	s04e13b	
cerebellum	30.324845296078873	88	friends	03	046	s04e14a	
cortex_Cont	38.183853460602855	128	friends	03	046	s04e14a	
cortex_Default	37.05722044797435	209	friends	03	046	s04e14a	
cortex_DorsAttn	42.582606785847425	122	friends	03	046	s04e14a	
cortex_Limbic	18.0643048124974	60	friends	03	046	s04e14a	
cortex_SalVentAttn	39.081622105107215	121	friends	03	046	s04e14a	
cortex_SomMot	38.28579224711386	194	friends	03	046	s04e14a	
cortex_Vis	36.50285592611236	162	friends	03	046	s04e14a	
subcortex_CAU	26.978552616224547	8	friends	03	046	s04e14a	
subcortex_PUT	28.12257508781585	8	friends	03	046	s04e14a	
subcortex_THA	28.17636885654766	14	friends	03	046	s04e14a	
cerebellum	33.400734613158335	88	friends	03	046	s04e14b	
cortex_Cont	45.67727568198638	128	friends	03	046	s04e14b	
cortex_Default	43.150489533866256	209	friends	03	046	s04e14b	
cortex_DorsAttn	50.6070066475696	122	friends	03	046	s04e14b	
cortex_Limbic	20.04632325968245	60	friends	03	046	s04e14b	
cortex_SalVentAttn	44.174376512913035	121	friends	03	046	s04e14b	
cortex_SomMot	45.87161825139013	194	friends	03	046	s04e14b	
cortex_Vis	41.421173295883875	162	friends	03	046	s04e14b	
subcortex_CAU	28.35539166497353	8	friends	03	046	s04e14b	
subcortex_PUT	29.651930228042954	8	friends	03	046	s04e14b	
subcortex_THA	29.071313930220168	14	friends	03	046	s04e14b	
cerebellum	33.17320173869621	88	friends	03	046	s04e15a	
cortex_Cont	43.21530292292683	128	friends	03	046	s04e15a	
cortex_Default	41.09211922845641	209	friends	03	046	s04e15a	
cortex_DorsAttn	49.46186155676073	122	friends	03	046	s04e15a	
cortex_Limbic	19.055381374438483	60	friends	03	046	s04e15a	
cortex_SalVentAttn	43.86231328573851	121	friends	03	046	s04e15a	
cortex_SomMot	46.092737670015296	194	friends	03	046	s04e15a	
cortex_Vis	39.59214689851792	162	friends	03	046	s04e15a	
subcortex_CAU	28.321938012817377	8	friends	03	046	s04e15a	
subcortex_PUT	29.402711695726886	8	friends	03	046	s04e15a	
subcortex_THA	29.33926613397287	14	friends	03	046	s04e15a	
cerebellum	34.01193412105812	88	friends	03	046	s04e15b	
cortex_Cont	43.25994615097854	128	friends	03	046	s04e15b	
cortex_Default	41.65423910006688	209	friends	03	046	s04e15b	
cortex_DorsAttn	47.23989275717991	122	friends	03	046	s04e15b	
cortex_Limbic	19.478736828776267	60	friends	03	046	s04e15b	
cortex_SalVentAttn	42.36042151361792	121	friends	03	046	s04e15b	
cortex_SomMot	42.40613254285788	194	friends	03	046	s04e15b	
cortex_Vis	40.495576252434354	162	friends	03	046	s04e15b	
subcortex_CAU	28.647399375619788	8	friends	03	046	s04e15b	
subcortex_PUT	29.682648240347895	8	friends	03	046	s04e15b	
subcortex_THA	29.17836191288967	14	friends	03	046	s04e15b	
cerebellum	28.62033839672257	88	friends	03	047	s04e16a	
cortex_Cont	36.61743614258309	128	friends	03	047	s04e16a	
cortex_Default	34.951307930026374	209	friends	03	047	s04e16a	
cortex_DorsAttn	41.3545969450496	122	friends	03	047	s04e16a	
cortex_Limbic	16.542950478232008	60	friends	03	047	s04e16a	
cortex_SalVentAttn	36.16534854714687	121	friends	03	047	s04e16a	
cortex_SomMot	36.06357321075176	194	friends	03	047	s04e16a	
cortex_Vis	35.52133094263601	162	friends	03	047	s04e16a	
subcortex_CAU	24.639012722165745	8	friends	03	047	s04e16a	
subcortex_PUT	26.667117646543325	8	friends	03	047	s04e16a	
subcortex_THA	26.55393280131852	14	friends	03	047	s04e16a	
cerebellum	32.930657297244856	88	friends	03	047	s04e16b	
cortex_Cont	43.91969967503817	128	friends	03	047	s04e16b	
cortex_Default	41.571239798852666	209	friends	03	047	s04e16b	
cortex_DorsAttn	49.098204112221595	122	friends	03	047	s04e16b	
cortex_Limbic	18.082132263710207	60	friends	03	047	s04e16b	
cortex_SalVentAttn	42.490466234613734	121	friends	03	047	s04e16b	
cortex_SomMot	44.09444835975375	194	friends	03	047	s04e16b	
cortex_Vis	40.677742372054944	162	friends	03	047	s04e16b	
subcortex_CAU	27.191524075786674	8	friends	03	047	s04e16b	
subcortex_PUT	28.87073375706962	8	friends	03	047	s04e16b	
subcortex_THA	28.33111283975233	14	friends	03	047	s04e16b	
cerebellum	28.35010619442915	88	friends	03	047	s04e17b	
cortex_Cont	37.02372388726982	128	friends	03	047	s04e17b	
cortex_Default	35.89309963955315	209	friends	03	047	s04e17b	
cortex_DorsAttn	39.90437717292873	122	friends	03	047	s04e17b	
cortex_Limbic	16.59196563270751	60	friends	03	047	s04e17b	
cortex_SalVentAttn	37.7028850587046	121	friends	03	047	s04e17b	
cortex_SomMot	36.256269188064486	194	friends	03	047	s04e17b	
cortex_Vis	31.74349925053604	162	friends	03	047	s04e17b	
subcortex_CAU	26.22802968923119	8	friends	03	047	s04e17b	
subcortex_PUT	27.619505985811248	8	friends	03	047	s04e17b	
subcortex_THA	27.66293952466849	14	friends	03	047	s04e17b	
cerebellum	35.1563504875236	88	friends	03	048	s04e18a	
cortex_Cont	43.345039650175536	128	friends	03	048	s04e18a	
cortex_Default	41.53615231709882	209	friends	03	048	s04e18a	
cortex_DorsAttn	49.34970277743247	122	friends	03	048	s04e18a	
cortex_Limbic	18.369061243307275	60	friends	03	048	s04e18a	
cortex_SalVentAttn	43.143205947312985	121	friends	03	048	s04e18a	
cortex_SomMot	45.61092136213849	194	friends	03	048	s04e18a	
cortex_Vis	41.365607586941316	162	friends	03	048	s04e18a	
subcortex_CAU	27.032672839969724	8	friends	03	048	s04e18a	
subcortex_PUT	28.83938928892368	8	friends	03	048	s04e18a	
subcortex_THA	28.880851206828797	14	friends	03	048	s04e18a	
cerebellum	34.18549144194457	88	friends	03	048	s04e18b	
cortex_Cont	41.33666055302015	128	friends	03	048	s04e18b	
cortex_Default	39.83643554364442	209	friends	03	048	s04e18b	
cortex_DorsAttn	47.53591211772792	122	friends	03	048	s04e18b	
cortex_Limbic	17.860076944601026	60	friends	03	048	s04e18b	
cortex_SalVentAttn	41.735698010175135	121	friends	03	048	s04e18b	
cortex_SomMot	42.678871641726474	194	friends	03	048	s04e18b	
cortex_Vis	41.314928125709834	162	friends	03	048	s04e18b	
subcortex_CAU	25.971291492768128	8	friends	03	048	s04e18b	
subcortex_PUT	27.70199378701532	8	friends	03	048	s04e18b	
subcortex_THA	28.59186420227279	14	friends	03	048	s04e18b	
cerebellum	37.520230458172506	88	friends	03	048	s04e19a	
cortex_Cont	46.85687753430761	128	friends	03	048	s04e19a	
cortex_Default	43.912432560930604	209	friends	03	048	s04e19a	
cortex_DorsAttn	51.63002232988293	122	friends	03	048	s04e19a	
cortex_Limbic	19.705351015949578	60	friends	03	048	s04e19a	
cortex_SalVentAttn	45.700496596351165	121	friends	03	048	s04e19a	
cortex_SomMot	47.473177762379144	194	friends	03	048	s04e19a	
cortex_Vis	44.50661432552616	162	friends	03	048	s04e19a	
subcortex_CAU	27.58857332406326	8	friends	03	048	s04e19a	
subcortex_PUT	28.560187464215254	8	friends	03	048	s04e19a	
subcortex_THA	29.302128076539567	14	friends	03	048	s04e19a	
cerebellum	34.193884666837306	88	friends	03	048	s04e19b	
cortex_Cont	42.112037265860344	128	friends	03	048	s04e19b	
cortex_Default	40.626779885721284	209	friends	03	048	s04e19b	
cortex_DorsAttn	45.97384511587323	122	friends	03	048	s04e19b	
cortex_Limbic	18.480780167033927	60	friends	03	048	s04e19b	
cortex_SalVentAttn	42.50273774039701	121	friends	03	048	s04e19b	
cortex_SomMot	42.864461862311096	194	friends	03	048	s04e19b	
cortex_Vis	39.28706157033921	162	friends	03	048	s04e19b	
subcortex_CAU	26.613916699077038	8	friends	03	048	s04e19b	
subcortex_PUT	28.690668818126195	8	friends	03	048	s04e19b	
subcortex_THA	28.902693249644933	14	friends	03	048	s04e19b	
cerebellum	31.409375509585324	88	friends	03	049	s04e20a	
cortex_Cont	38.02991304815846	128	friends	03	049	s04e20a	
cortex_Default	36.19985581697795	209	friends	03	049	s04e20a	
cortex_DorsAttn	43.44428851130628	122	friends	03	049	s04e20a	
cortex_Limbic	16.433561333951637	60	friends	03	049	s04e20a	
cortex_SalVentAttn	37.19777015522037	121	friends	03	049	s04e20a	
cortex_SomMot	37.15279604486547	194	friends	03	049	s04e20a	
cortex_Vis	38.42145246616516	162	friends	03	049	s04e20a	
subcortex_CAU	24.747510556271266	8	friends	03	049	s04e20a	
subcortex_PUT	27.031787138311763	8	friends	03	049	s04e20a	
subcortex_THA	26.955856846316518	14	friends	03	049	s04e20a	
cerebellum	27.238518787991847	88	friends	03	049	s04e20b	
cortex_Cont	38.33626783206113	128	friends	03	049	s04e20b	
cortex_Default	36.18007755963364	209	friends	03	049	s04e20b	
cortex_DorsAttn	40.6894587695335	122	friends	03	049	s04e20b	
cortex_Limbic	16.79913620220038	60	friends	03	049	s04e20b	
cortex_SalVentAttn	38.70258521567774	121	friends	03	049	s04e20b	
cortex_SomMot	38.003150404171386	194	friends	03	049	s04e20b	
cortex_Vis	32.99955853864975	162	friends	03	049	s04e20b	
subcortex_CAU	25.83186699307364	8	friends	03	049	s04e20b	
subcortex_PUT	28.121101571360636	8	friends	03	049	s04e20b	
subcortex_THA	27.31831440831144	14	friends	03	049	s04e20b	
cerebellum	26.55771504064952	88	friends	03	049	s04e21a	
cortex_Cont	35.78696720742851	128	friends	03	049	s04e21a	
cortex_Default	34.16375179243954	209	friends	03	049	s04e21a	
cortex_DorsAttn	37.8071297516782	122	friends	03	049	s04e21a	
cortex_Limbic	15.173286729325119	60	friends	03	049	s04e21a	
cortex_SalVentAttn	35.57981782099596	121	friends	03	049	s04e21a	
cortex_SomMot	34.325028686831864	194	friends	03	049	s04e21a	
cortex_Vis	31.2455453323018	162	friends	03	049	s04e21a	
subcortex_CAU	24.622656664342557	8	friends	03	049	s04e21a	
subcortex_PUT	26.834008069480983	8	friends	03	049	s04e21a	
subcortex_THA	26.254662826234675	14	friends	03	049	s04e21a	
cerebellum	30.856928032730085	88	friends	03	049	s04e21b	
cortex_Cont	41.199965217881484	128	friends	03	049	s04e21b	
cortex_Default	38.95372933686015	209	friends	03	049	s04e21b	
cortex_DorsAttn	44.7539543100713	122	friends	03	049	s04e21b	
cortex_Limbic	18.10286645258109	60	friends	03	049	s04e21b	
cortex_SalVentAttn	41.608581028058616	121	friends	03	049	s04e21b	
cortex_SomMot	42.08471684487472	194	friends	03	049	s04e21b	
cortex_Vis	36.01881519985033	162	friends	03	049	s04e21b	
subcortex_CAU	26.549493185418697	8	friends	03	049	s04e21b	
subcortex_PUT	28.800855245113148	8	friends	03	049	s04e21b	
subcortex_THA	28.539785440434116	14	friends	03	049	s04e21b	
cerebellum	35.52693015916746	88	friends	03	050	s04e22a	
cortex_Cont	43.73922618715307	128	friends	03	050	s04e22a	
cortex_Default	41.0499009360637	209	friends	03	050	s04e22a	
cortex_DorsAttn	49.04509450773019	122	friends	03	050	s04e22a	
cortex_Limbic	19.915376918290562	60	friends	03	050	s04e22a	
cortex_SalVentAttn	42.95142166875567	121	friends	03	050	s04e22a	
cortex_SomMot	43.83150827798438	194	friends	03	050	s04e22a	
cortex_Vis	40.81766582431057	162	friends	03	050	s04e22a	
subcortex_CAU	27.877137739653165	8	friends	03	050	s04e22a	
subcortex_PUT	28.931061979004415	8	friends	03	050	s04e22a	
subcortex_THA	28.896070070641706	14	friends	03	050	s04e22a	
cerebellum	36.02649584529896	88	friends	03	050	s04e22b	
cortex_Cont	45.41050653047364	128	friends	03	050	s04e22b	
cortex_Default	42.718600587608414	209	friends	03	050	s04e22b	
cortex_DorsAttn	50.049608760678645	122	friends	03	050	s04e22b	
cortex_Limbic	20.03989983002002	60	friends	03	050	s04e22b	
cortex_SalVentAttn	43.84846483241113	121	friends	03	050	s04e22b	
cortex_SomMot	45.03312268154014	194	friends	03	050	s04e22b	
cortex_Vis	42.437303388085	162	friends	03	050	s04e22b	
subcortex_CAU	28.42653016123846	8	friends	03	050	s04e22b	
subcortex_PUT	29.186789052949248	8	friends	03	050	s04e22b	
subcortex_THA	29.11615943873878	14	friends	03	050	s04e22b	
cerebellum	36.212423445673956	88	friends	03	052	s04e23a	
cortex_Cont	44.20316620277357	128	friends	03	052	s04e23a	
cortex_Default	41.968582631870234	209	friends	03	052	s04e23a	
cortex_DorsAttn	50.269992084804514	122	friends	03	052	s04e23a	
cortex_Limbic	19.67861205641348	60	friends	03	052	s04e23a	
cortex_SalVentAttn	43.95116973953811	121	friends	03	052	s04e23a	
cortex_SomMot	46.79094572261131	194	friends	03	052	s04e23a	
cortex_Vis	42.35321397001038	162	friends	03	052	s04e23a	
subcortex_CAU	27.220990514744695	8	friends	03	052	s04e23a	
subcortex_PUT	28.38562731888294	8	friends	03	052	s04e23a	
subcortex_THA	29.074740235565343	14	friends	03	052	s04e23a	
cerebellum	35.07973778831527	88	friends	03	052	s04e23b	
cortex_Cont	40.93075439445715	128	friends	03	052	s04e23b	
cortex_Default	39.77480398185916	209	friends	03	052	s04e23b	
cortex_DorsAttn	45.49105432373536	122	friends	03	052	s04e23b	
cortex_Limbic	19.03980957782726	60	friends	03	052	s04e23b	
cortex_SalVentAttn	41.51676264234853	121	friends	03	052	s04e23b	
cortex_SomMot	40.93254928741166	194	friends	03	052	s04e23b	
cortex_Vis	41.06985843490481	162	friends	03	052	s04e23b	
subcortex_CAU	26.893952173982107	8	friends	03	052	s04e23b	
subcortex_PUT	28.50653185614068	8	friends	03	052	s04e23b	
subcortex_THA	28.918634820215157	14	friends	03	052	s04e23b	
cerebellum	28.399953667783176	88	friends	03	052	s04e23c	
cortex_Cont	35.74234199799904	128	friends	03	052	s04e23c	
cortex_Default	34.39648206788869	209	friends	03	052	s04e23c	
cortex_DorsAttn	38.134957709429756	122	friends	03	052	s04e23c	
cortex_Limbic	16.566181949822692	60	friends	03	052	s04e23c	
cortex_SalVentAttn	37.41174932065421	121	friends	03	052	s04e23c	
cortex_SomMot	36.084737054907684	194	friends	03	052	s04e23c	
cortex_Vis	32.02507264239788	162	friends	03	052	s04e23c	
subcortex_CAU	25.30905502127396	8	friends	03	052	s04e23c	
subcortex_PUT	27.318001544699243	8	friends	03	052	s04e23c	
subcortex_THA	27.591115882134776	14	friends	03	052	s04e23c	
cerebellum	27.076745674479586	88	friends	03	052	s04e23d	
cortex_Cont	36.883908763250886	128	friends	03	052	s04e23d	
cortex_Default	35.120636417758156	209	friends	03	052	s04e23d	
cortex_DorsAttn	38.9763272549536	122	friends	03	052	s04e23d	
cortex_Limbic	16.862861200983033	60	friends	03	052	s04e23d	
cortex_SalVentAttn	38.53998495154686	121	friends	03	052	s04e23d	
cortex_SomMot	37.184238286835225	194	friends	03	052	s04e23d	
cortex_Vis	31.55431109554157	162	friends	03	052	s04e23d	
subcortex_CAU	26.074863341691927	8	friends	03	052	s04e23d	
subcortex_PUT	27.52524648717003	8	friends	03	052	s04e23d	
subcortex_THA	27.353468919801113	14	friends	03	052	s04e23d	
cerebellum	31.204179653899043	88	friends	03	053	s05e01a	
cortex_Cont	38.100231283058136	128	friends	03	053	s05e01a	
cortex_Default	37.42123829541375	209	friends	03	053	s05e01a	
cortex_DorsAttn	42.938566051939354	122	friends	03	053	s05e01a	
cortex_Limbic	17.65540190142408	60	friends	03	053	s05e01a	
cortex_SalVentAttn	40.1605748204363	121	friends	03	053	s05e01a	
cortex_SomMot	39.69808624652747	194	friends	03	053	s05e01a	
cortex_Vis	37.901049401222956	162	friends	03	053	s05e01a	
subcortex_CAU	26.098909384555956	8	friends	03	053	s05e01a	
subcortex_PUT	27.493370512163374	8	friends	03	053	s05e01a	
subcortex_THA	27.98285672967655	14	friends	03	053	s05e01a	
cerebellum	36.82241175011899	88	friends	03	053	s05e01b	
cortex_Cont	44.679715214333875	128	friends	03	053	s05e01b	
cortex_Default	42.04342543877191	209	friends	03	053	s05e01b	
cortex_DorsAttn	50.97166652150722	122	friends	03	053	s05e01b	
cortex_Limbic	19.10860812158845	60	friends	03	053	s05e01b	
cortex_SalVentAttn	43.58227664694179	121	friends	03	053	s05e01b	
cortex_SomMot	44.984996842506355	194	friends	03	053	s05e01b	
cortex_Vis	44.11169370447858	162	friends	03	053	s05e01b	
subcortex_CAU	26.93441130157298	8	friends	03	053	s05e01b	
subcortex_PUT	28.384078276732275	8	friends	03	053	s05e01b	
subcortex_THA	28.38434355311244	14	friends	03	053	s05e01b	
cerebellum	30.43544677688833	88	friends	03	053	s05e02a	
cortex_Cont	35.19688732526213	128	friends	03	053	s05e02a	
cortex_Default	34.96768914429746	209	friends	03	053	s05e02a	
cortex_DorsAttn	39.67235468445177	122	friends	03	053	s05e02a	
cortex_Limbic	16.23384332011793	60	friends	03	053	s05e02a	
cortex_SalVentAttn	36.8306309770945	121	friends	03	053	s05e02a	
cortex_SomMot	35.80252940337326	194	friends	03	053	s05e02a	
cortex_Vis	35.985747973164166	162	friends	03	053	s05e02a	
subcortex_CAU	25.691755478764666	8	friends	03	053	s05e02a	
subcortex_PUT	27.62936281932884	8	friends	03	053	s05e02a	
subcortex_THA	27.335314608549456	14	friends	03	053	s05e02a	
cerebellum	29.743204837802594	88	friends	03	053	s05e02b	
cortex_Cont	35.91746810558454	128	friends	03	053	s05e02b	
cortex_Default	35.078721442415	209	friends	03	053	s05e02b	
cortex_DorsAttn	39.56331333217819	122	friends	03	053	s05e02b	
cortex_Limbic	16.3487559501466	60	friends	03	053	s05e02b	
cortex_SalVentAttn	36.70178557691947	121	friends	03	053	s05e02b	
cortex_SomMot	35.880041366099746	194	friends	03	053	s05e02b	
cortex_Vis	33.89541992095912	162	friends	03	053	s05e02b	
subcortex_CAU	24.937581894696187	8	friends	03	053	s05e02b	
subcortex_PUT	26.811132616336007	8	friends	03	053	s05e02b	
subcortex_THA	26.77339459693557	14	friends	03	053	s05e02b	
cerebellum	35.3560054233728	88	friends	03	054	s05e03a	
cortex_Cont	40.367088322209035	128	friends	03	054	s05e03a	
cortex_Default	39.53376154342839	209	friends	03	054	s05e03a	
cortex_DorsAttn	46.312401932329415	122	friends	03	054	s05e03a	
cortex_Limbic	17.39046494110893	60	friends	03	054	s05e03a	
cortex_SalVentAttn	42.206010342768074	121	friends	03	054	s05e03a	
cortex_SomMot	42.22586104063082	194	friends	03	054	s05e03a	
cortex_Vis	39.798994177731004	162	friends	03	054	s05e03a	
subcortex_CAU	26.69903707407873	8	friends	03	054	s05e03a	
subcortex_PUT	28.3555990600481	8	friends	03	054	s05e03a	
subcortex_THA	28.769814813410417	14	friends	03	054	s05e03a	
cerebellum	36.079626455119566	88	friends	03	054	s05e03b	
cortex_Cont	42.50864107442483	128	friends	03	054	s05e03b	
cortex_Default	40.80711465931474	209	friends	03	054	s05e03b	
cortex_DorsAttn	48.25730700192553	122	friends	03	054	s05e03b	
cortex_Limbic	18.62389230241014	60	friends	03	054	s05e03b	
cortex_SalVentAttn	43.73502339754412	121	friends	03	054	s05e03b	
cortex_SomMot	44.84482118517657	194	friends	03	054	s05e03b	
cortex_Vis	40.79447164752094	162	friends	03	054	s05e03b	
subcortex_CAU	27.1881605094064	8	friends	03	054	s05e03b	
subcortex_PUT	28.57859629163672	8	friends	03	054	s05e03b	
subcortex_THA	28.778354923395465	14	friends	03	054	s05e03b	
cerebellum	34.83170158234118	88	friends	03	054	s05e04a	
cortex_Cont	43.988054456760054	128	friends	03	054	s05e04a	
cortex_Default	42.25016198773832	209	friends	03	054	s05e04a	
cortex_DorsAttn	49.71733526323516	122	friends	03	054	s05e04a	
cortex_Limbic	19.165411452671922	60	friends	03	054	s05e04a	
cortex_SalVentAttn	44.59463745098942	121	friends	03	054	s05e04a	
cortex_SomMot	46.4264877157323	194	friends	03	054	s05e04a	
cortex_Vis	41.15246549951652	162	friends	03	054	s05e04a	
subcortex_CAU	27.76896609250336	8	friends	03	054	s05e04a	
subcortex_PUT	29.059093077665448	8	friends	03	054	s05e04a	
subcortex_THA	28.84364557127248	14	friends	03	054	s05e04a	
cerebellum	33.311756296347	88	friends	03	054	s05e04b	
cortex_Cont	39.64352419675945	128	friends	03	054	s05e04b	
cortex_Default	38.49994827652326	209	friends	03	054	s05e04b	
cortex_DorsAttn	45.674486754357034	122	friends	03	054	s05e04b	
cortex_Limbic	16.982247068171628	60	friends	03	054	s05e04b	
cortex_SalVentAttn	40.67788849537545	121	friends	03	054	s05e04b	
cortex_SomMot	41.24011622630064	194	friends	03	054	s05e04b	
cortex_Vis	39.23470739691482	162	friends	03	054	s05e04b	
subcortex_CAU	25.816756843027125	8	friends	03	054	s05e04b	
subcortex_PUT	27.44039752416007	8	friends	03	054	s05e04b	
subcortex_THA	27.92048150549653	14	friends	03	054	s05e04b	
cerebellum	35.22139718862795	88	friends	03	055	s05e05a	
cortex_Cont	42.338679917161265	128	friends	03	055	s05e05a	
cortex_Default	40.64473910883328	209	friends	03	055	s05e05a	
cortex_DorsAttn	49.475540161415076	122	friends	03	055	s05e05a	
cortex_Limbic	18.53160792424426	60	friends	03	055	s05e05a	
cortex_SalVentAttn	43.367349160374275	121	friends	03	055	s05e05a	
cortex_SomMot	45.74312380028301	194	friends	03	055	s05e05a	
cortex_Vis	40.966197881700495	162	friends	03	055	s05e05a	
subcortex_CAU	27.001180187062022	8	friends	03	055	s05e05a	
subcortex_PUT	28.773820374330157	8	friends	03	055	s05e05a	
subcortex_THA	28.86753019477523	14	friends	03	055	s05e05a	
cerebellum	31.828333589428038	88	friends	03	055	s05e05b	
cortex_Cont	36.76618361654453	128	friends	03	055	s05e05b	
cortex_Default	35.67743046335571	209	friends	03	055	s05e05b	
cortex_DorsAttn	41.65053041917376	122	friends	03	055	s05e05b	
cortex_Limbic	16.46541050191318	60	friends	03	055	s05e05b	
cortex_SalVentAttn	38.77420188541011	121	friends	03	055	s05e05b	
cortex_SomMot	38.504682739482256	194	friends	03	055	s05e05b	
cortex_Vis	36.16558328142315	162	friends	03	055	s05e05b	
subcortex_CAU	26.561241092495873	8	friends	03	055	s05e05b	
subcortex_PUT	27.71401189246017	8	friends	03	055	s05e05b	
subcortex_THA	28.166645473714482	14	friends	03	055	s05e05b	
cerebellum	30.187269992511343	88	friends	03	055	s05e06a	
cortex_Cont	36.877941838822025	128	friends	03	055	s05e06a	
cortex_Default	36.6647918722244	209	friends	03	055	s05e06a	
cortex_DorsAttn	41.055949912041086	122	friends	03	055	s05e06a	
cortex_Limbic	16.208868022470494	60	friends	03	055	s05e06a	
cortex_SalVentAttn	39.455252341654464	121	friends	03	055	s05e06a	
cortex_SomMot	39.38058228822766	194	friends	03	055	s05e06a	
cortex_Vis	34.622511221152365	162	friends	03	055	s05e06a	
subcortex_CAU	26.45338780722418	8	friends	03	055	s05e06a	
subcortex_PUT	27.759639940775514	8	friends	03	055	s05e06a	
subcortex_THA	28.10033236979178	14	friends	03	055	s05e06a	
cerebellum	26.67735313703189	88	friends	03	055	s05e06b	
cortex_Cont	32.060481864229814	128	friends	03	055	s05e06b	
cortex_Default	32.07045953708953	209	friends	03	055	s05e06b	
cortex_DorsAttn	36.106548559329454	122	friends	03	055	s05e06b	
cortex_Limbic	14.804359759927685	60	friends	03	055	s05e06b	
cortex_SalVentAttn	34.66650712641151	121	friends	03	055	s05e06b	
cortex_SomMot	33.647161747604045	194	friends	03	055	s05e06b	
cortex_Vis	30.48791134176203	162	friends	03	055	s05e06b	
subcortex_CAU	24.720184752592484	8	friends	03	055	s05e06b	
subcortex_PUT	25.852841630356256	8	friends	03	055	s05e06b	
subcortex_THA	26.639598835633734	14	friends	03	055	s05e06b	
cerebellum	36.29794762854112	88	friends	03	056	s05e07a	
cortex_Cont	44.37035314528951	128	friends	03	056	s05e07a	
cortex_Default	42.472376540141596	209	friends	03	056	s05e07a	
cortex_DorsAttn	51.595691722293644	122	friends	03	056	s05e07a	
cortex_Limbic	19.59684016164059	60	friends	03	056	s05e07a	
cortex_SalVentAttn	44.2444763959059	121	friends	03	056	s05e07a	
cortex_SomMot	46.856440544788306	194	friends	03	056	s05e07a	
cortex_Vis	43.85024597334184	162	friends	03	056	s05e07a	
subcortex_CAU	27.33091853584917	8	friends	03	056	s05e07a	
subcortex_PUT	28.420999819252554	8	friends	03	056	s05e07a	
subcortex_THA	28.687435999179023	14	friends	03	056	s05e07a	
cerebellum	36.86080922498598	88	friends	03	056	s05e07b	
cortex_Cont	45.77416683383435	128	friends	03	056	s05e07b	
cortex_Default	43.44111126049916	209	friends	03	056	s05e07b	
cortex_DorsAttn	50.82520463689907	122	friends	03	056	s05e07b	
cortex_Limbic	20.041164423328073	60	friends	03	056	s05e07b	
cortex_SalVentAttn	45.102368253146906	121	friends	03	056	s05e07b	
cortex_SomMot	46.259005271594525	194	friends	03	056	s05e07b	
cortex_Vis	43.660030818479704	162	friends	03	056	s05e07b	
subcortex_CAU	28.89429623890497	8	friends	03	056	s05e07b	
subcortex_PUT	29.81093360399285	8	friends	03	056	s05e07b	
subcortex_THA	29.280797451895463	14	friends	03	056	s05e07b	
cerebellum	31.12656018691165	88	friends	03	056	s05e08a	
cortex_Cont	35.93364564934055	128	friends	03	056	s05e08a	
cortex_Default	35.6365879139804	209	friends	03	056	s05e08a	
cortex_DorsAttn	38.8697021831107	122	friends	03	056	s05e08a	
cortex_Limbic	16.692016877437002	60	friends	03	056	s05e08a	
cortex_SalVentAttn	37.57804662140204	121	friends	03	056	s05e08a	
cortex_SomMot	37.044324051863526	194	friends	03	056	s05e08a	
cortex_Vis	34.40313162077356	162	friends	03	056	s05e08a	
subcortex_CAU	26.31434625384448	8	friends	03	056	s05e08a	
subcortex_PUT	27.39954700008811	8	friends	03	056	s05e08a	
subcortex_THA	27.944177000502048	14	friends	03	056	s05e08a	
cerebellum	34.23015780984618	88	friends	03	056	s05e08b	
cortex_Cont	38.73087200294352	128	friends	03	056	s05e08b	
cortex_Default	37.24060956494509	209	friends	03	056	s05e08b	
cortex_DorsAttn	43.85286621914491	122	friends	03	056	s05e08b	
cortex_Limbic	17.456016328562168	60	friends	03	056	s05e08b	
cortex_SalVentAttn	40.24392391621577	121	friends	03	056	s05e08b	
cortex_SomMot	40.51734761201206	194	friends	03	056	s05e08b	
cortex_Vis	38.97636690531758	162	friends	03	056	s05e08b	
subcortex_CAU	26.056958823851527	8	friends	03	056	s05e08b	
subcortex_PUT	27.666718154871962	8	friends	03	056	s05e08b	
subcortex_THA	28.236003357760588	14	friends	03	056	s05e08b	
cerebellum	34.50142755227335	88	friends	03	057	s05e09a	
cortex_Cont	40.53914607195002	128	friends	03	057	s05e09a	
cortex_Default	39.56990026584422	209	friends	03	057	s05e09a	
cortex_DorsAttn	46.997599250256265	122	friends	03	057	s05e09a	
cortex_Limbic	18.037246554327815	60	friends	03	057	s05e09a	
cortex_SalVentAttn	42.060937474695365	121	friends	03	057	s05e09a	
cortex_SomMot	43.07537057310251	194	friends	03	057	s05e09a	
cortex_Vis	40.50759868377165	162	friends	03	057	s05e09a	
subcortex_CAU	26.005226442142757	8	friends	03	057	s05e09a	
subcortex_PUT	27.810575780506106	8	friends	03	057	s05e09a	
subcortex_THA	28.474072164180004	14	friends	03	057	s05e09a	
cerebellum	36.12839813578238	88	friends	03	057	s05e09b	
cortex_Cont	42.7059067531365	128	friends	03	057	s05e09b	
cortex_Default	40.904402139791955	209	friends	03	057	s05e09b	
cortex_DorsAttn	47.718227329725316	122	friends	03	057	s05e09b	
cortex_Limbic	18.612228865428026	60	friends	03	057	s05e09b	
cortex_SalVentAttn	43.149503999301984	121	friends	03	057	s05e09b	
cortex_SomMot	43.746733265264325	194	friends	03	057	s05e09b	
cortex_Vis	41.541503634624995	162	friends	03	057	s05e09b	
subcortex_CAU	27.37882826877473	8	friends	03	057	s05e09b	
subcortex_PUT	27.98922254954847	8	friends	03	057	s05e09b	
subcortex_THA	28.8970924870217	14	friends	03	057	s05e09b	
cerebellum	34.70627615764186	88	friends	03	057	s05e10a	
cortex_Cont	39.63903353709085	128	friends	03	057	s05e10a	
cortex_Default	38.164747494438444	209	friends	03	057	s05e10a	
cortex_DorsAttn	43.25171905390796	122	friends	03	057	s05e10a	
cortex_Limbic	16.751479352729266	60	friends	03	057	s05e10a	
cortex_SalVentAttn	40.430488068177645	121	friends	03	057	s05e10a	
cortex_SomMot	40.52768847668302	194	friends	03	057	s05e10a	
cortex_Vis	38.9610845960808	162	friends	03	057	s05e10a	
subcortex_CAU	26.39965391895835	8	friends	03	057	s05e10a	
subcortex_PUT	27.832369793738202	8	friends	03	057	s05e10a	
subcortex_THA	28.460022744918046	14	friends	03	057	s05e10a	
cerebellum	31.855474707618498	88	friends	03	057	s05e10b	
cortex_Cont	35.744294274932756	128	friends	03	057	s05e10b	
cortex_Default	35.53284084983611	209	friends	03	057	s05e10b	
cortex_DorsAttn	39.71950372719328	122	friends	03	057	s05e10b	
cortex_Limbic	16.218180672126618	60	friends	03	057	s05e10b	
cortex_SalVentAttn	36.89225311218567	121	friends	03	057	s05e10b	
cortex_SomMot	35.00239619837425	194	friends	03	057	s05e10b	
cortex_Vis	38.02369266656827	162	friends	03	057	s05e10b	
subcortex_CAU	25.534211407829744	8	friends	03	057	s05e10b	
subcortex_PUT	27.42731360633668	8	friends	03	057	s05e10b	
subcortex_THA	27.823886358282966	14	friends	03	057	s05e10b	
cerebellum	34.227706736488805	88	friends	03	058	s05e11a	
cortex_Cont	44.52510227987534	128	friends	03	058	s05e11a	
cortex_Default	41.47907902769341	209	friends	03	058	s05e11a	
cortex_DorsAttn	50.35981679890538	122	friends	03	058	s05e11a	
cortex_Limbic	19.40437650571462	60	friends	03	058	s05e11a	
cortex_SalVentAttn	44.2573700090471	121	friends	03	058	s05e11a	
cortex_SomMot	45.72139945412182	194	friends	03	058	s05e11a	
cortex_Vis	40.258556166062405	162	friends	03	058	s05e11a	
subcortex_CAU	27.026468854612208	8	friends	03	058	s05e11a	
subcortex_PUT	29.21097512700382	8	friends	03	058	s05e11a	
subcortex_THA	28.952249258513444	14	friends	03	058	s05e11a	
cerebellum	36.98228798133219	88	friends	03	058	s05e11b	
cortex_Cont	46.90531702729675	128	friends	03	058	s05e11b	
cortex_Default	44.106292565384756	209	friends	03	058	s05e11b	
cortex_DorsAttn	52.04707559027318	122	friends	03	058	s05e11b	
cortex_Limbic	20.36625742667247	60	friends	03	058	s05e11b	
cortex_SalVentAttn	45.83657278275804	121	friends	03	058	s05e11b	
cortex_SomMot	47.59211889142454	194	friends	03	058	s05e11b	
cortex_Vis	43.41056941104169	162	friends	03	058	s05e11b	
subcortex_CAU	28.317157027658823	8	friends	03	058	s05e11b	
subcortex_PUT	29.72091576688497	8	friends	03	058	s05e11b	
subcortex_THA	29.70887741527859	14	friends	03	058	s05e11b	
cerebellum	34.231815505296794	88	friends	03	059	s05e12a	
cortex_Cont	45.035530001858824	128	friends	03	059	s05e12a	
cortex_Default	42.30425835406146	209	friends	03	059	s05e12a	
cortex_DorsAttn	49.86331262195415	122	friends	03	059	s05e12a	
cortex_Limbic	18.970669729723834	60	friends	03	059	s05e12a	
cortex_SalVentAttn	44.02278223288847	121	friends	03	059	s05e12a	
cortex_SomMot	45.67213778187388	194	friends	03	059	s05e12a	
cortex_Vis	40.62014065953502	162	friends	03	059	s05e12a	
subcortex_CAU	26.816548179240115	8	friends	03	059	s05e12a	
subcortex_PUT	28.36215823998365	8	friends	03	059	s05e12a	
subcortex_THA	28.285289442196817	14	friends	03	059	s05e12a	
cerebellum	31.7887556932165	88	friends	03	059	s05e12b	
cortex_Cont	42.96368852690719	128	friends	03	059	s05e12b	
cortex_Default	40.39723791395201	209	friends	03	059	s05e12b	
cortex_DorsAttn	46.808634827116194	122	friends	03	059	s05e12b	
cortex_Limbic	18.939691565301953	60	friends	03	059	s05e12b	
cortex_SalVentAttn	41.56660222234101	121	friends	03	059	s05e12b	
cortex_SomMot	41.85956012391892	194	friends	03	059	s05e12b	
cortex_Vis	38.0631836906863	162	friends	03	059	s05e12b	
subcortex_CAU	26.747303097315847	8	friends	03	059	s05e12b	
subcortex_PUT	28.102681325384065	8	friends	03	059	s05e12b	
subcortex_THA	27.620845918919787	14	friends	03	059	s05e12b	
cerebellum	35.45137966099031	88	friends	03	060	s05e13a	
cortex_Cont	43.07352931894203	128	friends	03	060	s05e13a	
cortex_Default	42.194180744289646	209	friends	03	060	s05e13a	
cortex_DorsAttn	47.56549894899793	122	friends	03	060	s05e13a	
cortex_Limbic	19.907565195901626	60	friends	03	060	s05e13a	
cortex_SalVentAttn	43.2008356299888	121	friends	03	060	s05e13a	
cortex_SomMot	43.51696345335002	194	friends	03	060	s05e13a	
cortex_Vis	42.480700823839804	162	friends	03	060	s05e13a	
subcortex_CAU	27.40997730059462	8	friends	03	060	s05e13a	
subcortex_PUT	28.74885524685294	8	friends	03	060	s05e13a	
subcortex_THA	28.627380635628224	14	friends	03	060	s05e13a	
cerebellum	30.024904023016237	88	friends	03	060	s05e13b	
cortex_Cont	36.00964108067305	128	friends	03	060	s05e13b	
cortex_Default	36.202840857794655	209	friends	03	060	s05e13b	
cortex_DorsAttn	41.548027425636555	122	friends	03	060	s05e13b	
cortex_Limbic	16.25071073653519	60	friends	03	060	s05e13b	
cortex_SalVentAttn	38.87897910372629	121	friends	03	060	s05e13b	
cortex_SomMot	38.22930693359211	194	friends	03	060	s05e13b	
cortex_Vis	34.973756239584574	162	friends	03	060	s05e13b	
subcortex_CAU	24.5516761296231	8	friends	03	060	s05e13b	
subcortex_PUT	26.575564851013244	8	friends	03	060	s05e13b	
subcortex_THA	27.484081909844438	14	friends	03	060	s05e13b	
cerebellum	32.57834371974362	88	friends	03	060	s05e14a	
cortex_Cont	41.99450475838242	128	friends	03	060	s05e14a	
cortex_Default	39.57758939552719	209	friends	03	060	s05e14a	
cortex_DorsAttn	46.2184828029203	122	friends	03	060	s05e14a	
cortex_Limbic	18.823123029764453	60	friends	03	060	s05e14a	
cortex_SalVentAttn	43.205825162137586	121	friends	03	060	s05e14a	
cortex_SomMot	44.459154747830915	194	friends	03	060	s05e14a	
cortex_Vis	37.363396038363256	162	friends	03	060	s05e14a	
subcortex_CAU	27.05283166825008	8	friends	03	060	s05e14a	
subcortex_PUT	28.294852446793215	8	friends	03	060	s05e14a	
subcortex_THA	28.468836054264496	14	friends	03	060	s05e14a	
cerebellum	30.779787048917477	88	friends	03	060	s05e14b	
cortex_Cont	36.458692598644696	128	friends	03	060	s05e14b	
cortex_Default	34.96467459331593	209	friends	03	060	s05e14b	
cortex_DorsAttn	40.506733084858006	122	friends	03	060	s05e14b	
cortex_Limbic	15.334486135361875	60	friends	03	060	s05e14b	
cortex_SalVentAttn	36.79399021466123	121	friends	03	060	s05e14b	
cortex_SomMot	36.72181998155084	194	friends	03	060	s05e14b	
cortex_Vis	36.51594840103755	162	friends	03	060	s05e14b	
subcortex_CAU	24.663784759315092	8	friends	03	060	s05e14b	
subcortex_PUT	26.244620979024887	8	friends	03	060	s05e14b	
subcortex_THA	27.324525547766445	14	friends	03	060	s05e14b	
cerebellum	31.84079713853018	88	friends	03	061	s05e15a	
cortex_Cont	40.99607051909775	128	friends	03	061	s05e15a	
cortex_Default	39.769572447302124	209	friends	03	061	s05e15a	
cortex_DorsAttn	46.56834066890237	122	friends	03	061	s05e15a	
cortex_Limbic	17.834715251932945	60	friends	03	061	s05e15a	
cortex_SalVentAttn	42.85868329492618	121	friends	03	061	s05e15a	
cortex_SomMot	43.61523946446922	194	friends	03	061	s05e15a	
cortex_Vis	38.85483216540116	162	friends	03	061	s05e15a	
subcortex_CAU	28.129501721559325	8	friends	03	061	s05e15a	
subcortex_PUT	28.85626368158784	8	friends	03	061	s05e15a	
subcortex_THA	28.945849784502435	14	friends	03	061	s05e15a	
cerebellum	24.792353830637577	88	friends	03	061	s05e15b	
cortex_Cont	32.06837327107251	128	friends	03	061	s05e15b	
cortex_Default	31.591732562521795	209	friends	03	061	s05e15b	
cortex_DorsAttn	34.82009011269633	122	friends	03	061	s05e15b	
cortex_Limbic	13.922569907121778	60	friends	03	061	s05e15b	
cortex_SalVentAttn	34.723475920174664	121	friends	03	061	s05e15b	
cortex_SomMot	33.09395239857603	194	friends	03	061	s05e15b	
cortex_Vis	29.40849032363629	162	friends	03	061	s05e15b	
subcortex_CAU	25.672589545870416	8	friends	03	061	s05e15b	
subcortex_PUT	27.082038015233397	8	friends	03	061	s05e15b	
subcortex_THA	27.05882233362173	14	friends	03	061	s05e15b	
cerebellum	26.616901724434765	88	friends	03	061	s05e16a	
cortex_Cont	37.055858890972374	128	friends	03	061	s05e16a	
cortex_Default	35.37287928893307	209	friends	03	061	s05e16a	
cortex_DorsAttn	39.7570848812546	122	friends	03	061	s05e16a	
cortex_Limbic	16.749447373341457	60	friends	03	061	s05e16a	
cortex_SalVentAttn	38.95868837459462	121	friends	03	061	s05e16a	
cortex_SomMot	38.54561112464017	194	friends	03	061	s05e16a	
cortex_Vis	30.737585449221598	162	friends	03	061	s05e16a	
subcortex_CAU	27.707844949193074	8	friends	03	061	s05e16a	
subcortex_PUT	28.107461547273914	8	friends	03	061	s05e16a	
subcortex_THA	27.489870545438922	14	friends	03	061	s05e16a	
cerebellum	25.247785369778036	88	friends	03	061	s05e16b	
cortex_Cont	37.39613416516306	128	friends	03	061	s05e16b	
cortex_Default	35.48678193377771	209	friends	03	061	s05e16b	
cortex_DorsAttn	39.025201445528005	122	friends	03	061	s05e16b	
cortex_Limbic	16.237635163544034	60	friends	03	061	s05e16b	
cortex_SalVentAttn	38.470542417577185	121	friends	03	061	s05e16b	
cortex_SomMot	37.07620990864894	194	friends	03	061	s05e16b	
cortex_Vis	30.09450700515714	162	friends	03	061	s05e16b	
subcortex_CAU	28.053256702500097	8	friends	03	061	s05e16b	
subcortex_PUT	28.240284752651522	8	friends	03	061	s05e16b	
subcortex_THA	26.929452090730447	14	friends	03	061	s05e16b	
cerebellum	29.296494250334703	88	friends	03	062	s05e17a	
cortex_Cont	41.73212768795277	128	friends	03	062	s05e17a	
cortex_Default	40.21592422190629	209	friends	03	062	s05e17a	
cortex_DorsAttn	45.53486469344993	122	friends	03	062	s05e17a	
cortex_Limbic	18.203796955419527	60	friends	03	062	s05e17a	
cortex_SalVentAttn	42.96411798647082	121	friends	03	062	s05e17a	
cortex_SomMot	43.50139944487053	194	friends	03	062	s05e17a	
cortex_Vis	36.60594948312809	162	friends	03	062	s05e17a	
subcortex_CAU	26.893534991995523	8	friends	03	062	s05e17a	
subcortex_PUT	27.77999868312843	8	friends	03	062	s05e17a	
subcortex_THA	27.721968577336533	14	friends	03	062	s05e17a	
cerebellum	33.87494605887956	88	friends	03	062	s05e17b	
cortex_Cont	45.15201099749146	128	friends	03	062	s05e17b	
cortex_Default	42.41748469678663	209	friends	03	062	s05e17b	
cortex_DorsAttn	50.33698341508689	122	friends	03	062	s05e17b	
cortex_Limbic	18.99797415042025	60	friends	03	062	s05e17b	
cortex_SalVentAttn	44.657407146041564	121	friends	03	062	s05e17b	
cortex_SomMot	46.303947550005844	194	friends	03	062	s05e17b	
cortex_Vis	41.82281843238518	162	friends	03	062	s05e17b	
subcortex_CAU	27.805900238095052	8	friends	03	062	s05e17b	
subcortex_PUT	28.550622249412772	8	friends	03	062	s05e17b	
subcortex_THA	28.81621284613099	14	friends	03	062	s05e17b	
cerebellum	35.85898233259448	88	friends	03	062	s05e18a	
cortex_Cont	46.102974844269035	128	friends	03	062	s05e18a	
cortex_Default	43.363354907234495	209	friends	03	062	s05e18a	
cortex_DorsAttn	50.538935395062275	122	friends	03	062	s05e18a	
cortex_Limbic	18.934251125435903	60	friends	03	062	s05e18a	
cortex_SalVentAttn	45.34558765850747	121	friends	03	062	s05e18a	
cortex_SomMot	47.403945310162335	194	friends	03	062	s05e18a	
cortex_Vis	42.156754792491476	162	friends	03	062	s05e18a	
subcortex_CAU	27.533302640165953	8	friends	03	062	s05e18a	
subcortex_PUT	28.231970538629472	8	friends	03	062	s05e18a	
subcortex_THA	28.79531816678722	14	friends	03	062	s05e18a	
cerebellum	30.884129412200686	88	friends	03	062	s05e18b	
cortex_Cont	41.53119765182583	128	friends	03	062	s05e18b	
cortex_Default	39.51850526957702	209	friends	03	062	s05e18b	
cortex_DorsAttn	45.345399764983085	122	friends	03	062	s05e18b	
cortex_Limbic	17.63847493987124	60	friends	03	062	s05e18b	
cortex_SalVentAttn	42.288624814972586	121	friends	03	062	s05e18b	
cortex_SomMot	42.69359919883481	194	friends	03	062	s05e18b	
cortex_Vis	37.50325075339858	162	friends	03	062	s05e18b	
subcortex_CAU	26.976176052422517	8	friends	03	062	s05e18b	
subcortex_PUT	27.860405881511145	8	friends	03	062	s05e18b	
subcortex_THA	28.098580675976024	14	friends	03	062	s05e18b	
cerebellum	33.75548474785064	88	friends	03	063	s05e19a	
cortex_Cont	42.89709513201451	128	friends	03	063	s05e19a	
cortex_Default	40.342627841024786	209	friends	03	063	s05e19a	
cortex_DorsAttn	49.28649348270366	122	friends	03	063	s05e19a	
cortex_Limbic	18.74620270552067	60	friends	03	063	s05e19a	
cortex_SalVentAttn	43.20991530934621	121	friends	03	063	s05e19a	
cortex_SomMot	44.75868478726683	194	friends	03	063	s05e19a	
cortex_Vis	38.71359944431	162	friends	03	063	s05e19a	
subcortex_CAU	26.343599462199172	8	friends	03	063	s05e19a	
subcortex_PUT	28.64702642599992	8	friends	03	063	s05e19a	
subcortex_THA	28.598669330435108	14	friends	03	063	s05e19a	
cerebellum	32.117706281464	88	friends	03	063	s05e19b	
cortex_Cont	38.62689510975708	128	friends	03	063	s05e19b	
cortex_Default	37.54098734874987	209	friends	03	063	s05e19b	
cortex_DorsAttn	41.74266343211588	122	friends	03	063	s05e19b	
cortex_Limbic	16.443768124220487	60	friends	03	063	s05e19b	
cortex_SalVentAttn	38.73071948872063	121	friends	03	063	s05e19b	
cortex_SomMot	37.785765130856355	194	friends	03	063	s05e19b	
cortex_Vis	37.304041629764434	162	friends	03	063	s05e19b	
subcortex_CAU	25.82008935920031	8	friends	03	063	s05e19b	
subcortex_PUT	27.936513644453477	8	friends	03	063	s05e19b	
subcortex_THA	28.001882997188726	14	friends	03	063	s05e19b	
cerebellum	35.97898332252908	88	friends	03	065	s05e20b	
cortex_Cont	45.6130979186886	128	friends	03	065	s05e20b	
cortex_Default	43.016983297741106	209	friends	03	065	s05e20b	
cortex_DorsAttn	51.216356726748856	122	friends	03	065	s05e20b	
cortex_Limbic	19.4287989583259	60	friends	03	065	s05e20b	
cortex_SalVentAttn	45.48006126839699	121	friends	03	065	s05e20b	
cortex_SomMot	47.55835725258115	194	friends	03	065	s05e20b	
cortex_Vis	42.429514450386066	162	friends	03	065	s05e20b	
subcortex_CAU	26.97796656504241	8	friends	03	065	s05e20b	
subcortex_PUT	28.450616172023604	8	friends	03	065	s05e20b	
subcortex_THA	28.5023857105727	14	friends	03	065	s05e20b	
cerebellum	32.608442069032535	88	friends	03	066	s05e21a	
cortex_Cont	42.46081048857974	128	friends	03	066	s05e21a	
cortex_Default	40.73525849210614	209	friends	03	066	s05e21a	
cortex_DorsAttn	47.900993291209296	122	friends	03	066	s05e21a	
cortex_Limbic	18.69527085829062	60	friends	03	066	s05e21a	
cortex_SalVentAttn	42.60217555566766	121	friends	03	066	s05e21a	
cortex_SomMot	43.44409047685836	194	friends	03	066	s05e21a	
cortex_Vis	41.764113192762004	162	friends	03	066	s05e21a	
subcortex_CAU	27.394959935945085	8	friends	03	066	s05e21a	
subcortex_PUT	28.334391943677627	8	friends	03	066	s05e21a	
subcortex_THA	28.765205207560342	14	friends	03	066	s05e21a	
cerebellum	34.14011319519167	88	friends	03	066	s05e21b	
cortex_Cont	45.77778920434478	128	friends	03	066	s05e21b	
cortex_Default	42.766293905017974	209	friends	03	066	s05e21b	
cortex_DorsAttn	49.9585094184874	122	friends	03	066	s05e21b	
cortex_Limbic	19.45132297724306	60	friends	03	066	s05e21b	
cortex_SalVentAttn	44.16759072258803	121	friends	03	066	s05e21b	
cortex_SomMot	46.09354430367089	194	friends	03	066	s05e21b	
cortex_Vis	42.032723612896234	162	friends	03	066	s05e21b	
subcortex_CAU	28.45253656544278	8	friends	03	066	s05e21b	
subcortex_PUT	28.734393092485888	8	friends	03	066	s05e21b	
subcortex_THA	28.841318618100157	14	friends	03	066	s05e21b	
cerebellum	36.74053657253949	88	friends	03	066	s05e22a	
cortex_Cont	46.980738431886564	128	friends	03	066	s05e22a	
cortex_Default	44.31487236374264	209	friends	03	066	s05e22a	
cortex_DorsAttn	53.19640718301744	122	friends	03	066	s05e22a	
cortex_Limbic	19.66547587369367	60	friends	03	066	s05e22a	
cortex_SalVentAttn	45.16885399472576	121	friends	03	066	s05e22a	
cortex_SomMot	47.9526939722779	194	friends	03	066	s05e22a	
cortex_Vis	44.86993237436013	162	friends	03	066	s05e22a	
subcortex_CAU	28.59461910485015	8	friends	03	066	s05e22a	
subcortex_PUT	29.15725349150051	8	friends	03	066	s05e22a	
subcortex_THA	29.366514051302897	14	friends	03	066	s05e22a	
cerebellum	28.35552766755361	88	friends	03	066	s05e22b	
cortex_Cont	36.1493766890322	128	friends	03	066	s05e22b	
cortex_Default	35.32887400477065	209	friends	03	066	s05e22b	
cortex_DorsAttn	40.09717005623533	122	friends	03	066	s05e22b	
cortex_Limbic	16.17998057598658	60	friends	03	066	s05e22b	
cortex_SalVentAttn	38.54317555208234	121	friends	03	066	s05e22b	
cortex_SomMot	38.6691472181087	194	friends	03	066	s05e22b	
cortex_Vis	33.32369429797242	162	friends	03	066	s05e22b	
subcortex_CAU	25.21725783481723	8	friends	03	066	s05e22b	
subcortex_PUT	26.896489952592717	8	friends	03	066	s05e22b	
subcortex_THA	27.8184015455561	14	friends	03	066	s05e22b	
cerebellum	35.006736045677115	88	friends	03	067	s05e23a	
cortex_Cont	42.5245990289514	128	friends	03	067	s05e23a	
cortex_Default	40.7692567097418	209	friends	03	067	s05e23a	
cortex_DorsAttn	47.190986391373315	122	friends	03	067	s05e23a	
cortex_Limbic	19.408353091698256	60	friends	03	067	s05e23a	
cortex_SalVentAttn	43.790789254622055	121	friends	03	067	s05e23a	
cortex_SomMot	43.66487923296705	194	friends	03	067	s05e23a	
cortex_Vis	40.15272152207671	162	friends	03	067	s05e23a	
subcortex_CAU	28.475938155745947	8	friends	03	067	s05e23a	
subcortex_PUT	29.290314861206003	8	friends	03	067	s05e23a	
subcortex_THA	29.368687654057005	14	friends	03	067	s05e23a	
cerebellum	31.841805462786223	88	friends	03	067	s05e23b	
cortex_Cont	40.70663148278023	128	friends	03	067	s05e23b	
cortex_Default	39.8504881898158	209	friends	03	067	s05e23b	
cortex_DorsAttn	44.437211664303476	122	friends	03	067	s05e23b	
cortex_Limbic	19.17471680013757	60	friends	03	067	s05e23b	
cortex_SalVentAttn	42.977804582835645	121	friends	03	067	s05e23b	
cortex_SomMot	43.540362652074336	194	friends	03	067	s05e23b	
cortex_Vis	36.45058404435358	162	friends	03	067	s05e23b	
subcortex_CAU	27.8431825020511	8	friends	03	067	s05e23b	
subcortex_PUT	28.852483598491684	8	friends	03	067	s05e23b	
subcortex_THA	28.922648708582	14	friends	03	067	s05e23b	
cerebellum	31.377771562169958	88	friends	03	067	s05e23d	
cortex_Cont	37.63201357027346	128	friends	03	067	s05e23d	
cortex_Default	37.10234695888285	209	friends	03	067	s05e23d	
cortex_DorsAttn	40.95113351324856	122	friends	03	067	s05e23d	
cortex_Limbic	17.443105842310032	60	friends	03	067	s05e23d	
cortex_SalVentAttn	38.74229116569706	121	friends	03	067	s05e23d	
cortex_SomMot	37.482767647185504	194	friends	03	067	s05e23d	
cortex_Vis	37.337972814881745	162	friends	03	067	s05e23d	
subcortex_CAU	27.31099178241449	8	friends	03	067	s05e23d	
subcortex_PUT	28.446406664823904	8	friends	03	067	s05e23d	
subcortex_THA	28.56231394894186	14	friends	03	067	s05e23d	
cerebellum	29.70221808350076	88	friends	03	070	s06e01a	
cortex_Cont	42.887871521233706	128	friends	03	070	s06e01a	
cortex_Default	40.632108297575876	209	friends	03	070	s06e01a	
cortex_DorsAttn	44.8922770582735	122	friends	03	070	s06e01a	
cortex_Limbic	18.613516556260024	60	friends	03	070	s06e01a	
cortex_SalVentAttn	42.11108446578383	121	friends	03	070	s06e01a	
cortex_SomMot	42.274782749408594	194	friends	03	070	s06e01a	
cortex_Vis	35.37433018488958	162	friends	03	070	s06e01a	
subcortex_CAU	27.2275589744204	8	friends	03	070	s06e01a	
subcortex_PUT	28.38883274707588	8	friends	03	070	s06e01a	
subcortex_THA	27.588567072662652	14	friends	03	070	s06e01a	
cerebellum	35.37740329558654	88	friends	03	070	s06e01b	
cortex_Cont	46.961205686230045	128	friends	03	070	s06e01b	
cortex_Default	43.50885231896326	209	friends	03	070	s06e01b	
cortex_DorsAttn	51.65270086287343	122	friends	03	070	s06e01b	
cortex_Limbic	19.53446910826002	60	friends	03	070	s06e01b	
cortex_SalVentAttn	44.37393454300451	121	friends	03	070	s06e01b	
cortex_SomMot	46.21095043778617	194	friends	03	070	s06e01b	
cortex_Vis	42.83948984157871	162	friends	03	070	s06e01b	
subcortex_CAU	26.675961397823933	8	friends	03	070	s06e01b	
subcortex_PUT	28.11184589302225	8	friends	03	070	s06e01b	
subcortex_THA	28.163197221316953	14	friends	03	070	s06e01b	
cerebellum	33.46006444264246	88	friends	03	070	s06e02b	
cortex_Cont	42.354805357232635	128	friends	03	070	s06e02b	
cortex_Default	39.727132971597754	209	friends	03	070	s06e02b	
cortex_DorsAttn	46.44250883254522	122	friends	03	070	s06e02b	
cortex_Limbic	18.127483181553245	60	friends	03	070	s06e02b	
cortex_SalVentAttn	42.13093367075009	121	friends	03	070	s06e02b	
cortex_SomMot	41.97663976018993	194	friends	03	070	s06e02b	
cortex_Vis	39.07824174501532	162	friends	03	070	s06e02b	
subcortex_CAU	25.783880399065055	8	friends	03	070	s06e02b	
subcortex_PUT	27.573773912656247	8	friends	03	070	s06e02b	
subcortex_THA	27.624815652407012	14	friends	03	070	s06e02b	
cerebellum	34.79219726859872	88	friends	03	071	s06e03a	
cortex_Cont	42.159390818264214	128	friends	03	071	s06e03a	
cortex_Default	41.02649759729448	209	friends	03	071	s06e03a	
cortex_DorsAttn	46.632389089678675	122	friends	03	071	s06e03a	
cortex_Limbic	18.53974394949607	60	friends	03	071	s06e03a	
cortex_SalVentAttn	42.18890246656948	121	friends	03	071	s06e03a	
cortex_SomMot	43.02077494849384	194	friends	03	071	s06e03a	
cortex_Vis	40.26589699548232	162	friends	03	071	s06e03a	
subcortex_CAU	26.544041577653818	8	friends	03	071	s06e03a	
subcortex_PUT	28.533536067311367	8	friends	03	071	s06e03a	
subcortex_THA	28.052364950354093	14	friends	03	071	s06e03a	
cerebellum	33.74666668204572	88	friends	03	071	s06e03b	
cortex_Cont	42.68082059951119	128	friends	03	071	s06e03b	
cortex_Default	41.08836248713811	209	friends	03	071	s06e03b	
cortex_DorsAttn	48.08800606902504	122	friends	03	071	s06e03b	
cortex_Limbic	18.39569269895849	60	friends	03	071	s06e03b	
cortex_SalVentAttn	43.15860298652802	121	friends	03	071	s06e03b	
cortex_SomMot	44.08404780967401	194	friends	03	071	s06e03b	
cortex_Vis	40.051241106497606	162	friends	03	071	s06e03b	
subcortex_CAU	26.041483506524372	8	friends	03	071	s06e03b	
subcortex_PUT	28.053964021714158	8	friends	03	071	s06e03b	
subcortex_THA	27.66195736206311	14	friends	03	071	s06e03b	
cerebellum	33.910017710467336	88	friends	03	071	s06e04a	
cortex_Cont	44.80571517169549	128	friends	03	071	s06e04a	
cortex_Default	42.03999534650723	209	friends	03	071	s06e04a	
cortex_DorsAttn	47.8656573684291	122	friends	03	071	s06e04a	
cortex_Limbic	19.57071993315454	60	friends	03	071	s06e04a	
cortex_SalVentAttn	43.41297906456667	121	friends	03	071	s06e04a	
cortex_SomMot	44.25210511487372	194	friends	03	071	s06e04a	
cortex_Vis	39.78178088449933	162	friends	03	071	s06e04a	
subcortex_CAU	26.18378000921436	8	friends	03	071	s06e04a	
subcortex_PUT	28.106504975910774	8	friends	03	071	s06e04a	
subcortex_THA	27.779357883139934	14	friends	03	071	s06e04a	
cerebellum	29.67435262184466	88	friends	03	071	s06e04b	
cortex_Cont	37.57084304349658	128	friends	03	071	s06e04b	
cortex_Default	36.034407285321755	209	friends	03	071	s06e04b	
cortex_DorsAttn	42.20307711382808	122	friends	03	071	s06e04b	
cortex_Limbic	16.996581957969735	60	friends	03	071	s06e04b	
cortex_SalVentAttn	38.34935046048373	121	friends	03	071	s06e04b	
cortex_SomMot	38.135270449853095	194	friends	03	071	s06e04b	
cortex_Vis	34.5139525946639	162	friends	03	071	s06e04b	
subcortex_CAU	24.566530750858664	8	friends	03	071	s06e04b	
subcortex_PUT	26.961730646074685	8	friends	03	071	s06e04b	
subcortex_THA	27.413583922886154	14	friends	03	071	s06e04b	
cerebellum	34.75427925426831	88	friends	03	072	s06e05a	
cortex_Cont	43.79152614748156	128	friends	03	072	s06e05a	
cortex_Default	41.51910606961057	209	friends	03	072	s06e05a	
cortex_DorsAttn	48.692495181976945	122	friends	03	072	s06e05a	
cortex_Limbic	19.348504088135414	60	friends	03	072	s06e05a	
cortex_SalVentAttn	43.00603058730173	121	friends	03	072	s06e05a	
cortex_SomMot	43.781972734956355	194	friends	03	072	s06e05a	
cortex_Vis	40.54270251506936	162	friends	03	072	s06e05a	
subcortex_CAU	26.525939140414767	8	friends	03	072	s06e05a	
subcortex_PUT	28.551585246045462	8	friends	03	072	s06e05a	
subcortex_THA	28.248933639547655	14	friends	03	072	s06e05a	
cerebellum	34.369140787574416	88	friends	03	072	s06e05b	
cortex_Cont	42.04554566934645	128	friends	03	072	s06e05b	
cortex_Default	40.29059152049534	209	friends	03	072	s06e05b	
cortex_DorsAttn	45.72596904403271	122	friends	03	072	s06e05b	
cortex_Limbic	18.314436749159718	60	friends	03	072	s06e05b	
cortex_SalVentAttn	41.386061943439294	121	friends	03	072	s06e05b	
cortex_SomMot	41.53572164266974	194	friends	03	072	s06e05b	
cortex_Vis	39.20978121764042	162	friends	03	072	s06e05b	
subcortex_CAU	26.62611259704561	8	friends	03	072	s06e05b	
subcortex_PUT	28.097200569112708	8	friends	03	072	s06e05b	
subcortex_THA	28.231443900908022	14	friends	03	072	s06e05b	
cerebellum	35.26003284467928	88	friends	03	072	s06e06a	
cortex_Cont	42.602114917230175	128	friends	03	072	s06e06a	
cortex_Default	40.64753123714775	209	friends	03	072	s06e06a	
cortex_DorsAttn	47.605287373592255	122	friends	03	072	s06e06a	
cortex_Limbic	19.435742633464013	60	friends	03	072	s06e06a	
cortex_SalVentAttn	41.82771923759247	121	friends	03	072	s06e06a	
cortex_SomMot	42.60846452539192	194	friends	03	072	s06e06a	
cortex_Vis	40.48372652334684	162	friends	03	072	s06e06a	
subcortex_CAU	26.273662546655448	8	friends	03	072	s06e06a	
subcortex_PUT	28.287710642697178	8	friends	03	072	s06e06a	
subcortex_THA	28.385479953656784	14	friends	03	072	s06e06a	
cerebellum	23.75034518312149	88	friends	03	072	s06e06b	
cortex_Cont	29.030267865759697	128	friends	03	072	s06e06b	
cortex_Default	28.723949849774044	209	friends	03	072	s06e06b	
cortex_DorsAttn	30.365970555833353	122	friends	03	072	s06e06b	
cortex_Limbic	13.939698976393434	60	friends	03	072	s06e06b	
cortex_SalVentAttn	31.039219575038302	121	friends	03	072	s06e06b	
cortex_SomMot	28.225550732852998	194	friends	03	072	s06e06b	
cortex_Vis	24.55577022771873	162	friends	03	072	s06e06b	
subcortex_CAU	21.98304406919759	8	friends	03	072	s06e06b	
subcortex_PUT	25.062734567394244	8	friends	03	072	s06e06b	
subcortex_THA	24.046030325907118	14	friends	03	072	s06e06b	
cerebellum	35.48978773587922	88	friends	03	074	s06e07a	
cortex_Cont	43.9114886818509	128	friends	03	074	s06e07a	
cortex_Default	41.80351105932991	209	friends	03	074	s06e07a	
cortex_DorsAttn	49.15420838371185	122	friends	03	074	s06e07a	
cortex_Limbic	19.624865716197217	60	friends	03	074	s06e07a	
cortex_SalVentAttn	42.98250249131313	121	friends	03	074	s06e07a	
cortex_SomMot	44.75958650602819	194	friends	03	074	s06e07a	
cortex_Vis	40.38209751984651	162	friends	03	074	s06e07a	
subcortex_CAU	26.443250864650945	8	friends	03	074	s06e07a	
subcortex_PUT	28.511164105223035	8	friends	03	074	s06e07a	
subcortex_THA	28.327733018634273	14	friends	03	074	s06e07a	
cerebellum	32.56046080506362	88	friends	03	074	s06e07b	
cortex_Cont	41.516907654766754	128	friends	03	074	s06e07b	
cortex_Default	40.04564674212687	209	friends	03	074	s06e07b	
cortex_DorsAttn	45.5355417567834	122	friends	03	074	s06e07b	
cortex_Limbic	18.384560375545547	60	friends	03	074	s06e07b	
cortex_SalVentAttn	41.506856883953645	121	friends	03	074	s06e07b	
cortex_SomMot	41.95202514035778	194	friends	03	074	s06e07b	
cortex_Vis	36.867942241193326	162	friends	03	074	s06e07b	
subcortex_CAU	26.19370214000808	8	friends	03	074	s06e07b	
subcortex_PUT	28.28603915977506	8	friends	03	074	s06e07b	
subcortex_THA	28.114553943944593	14	friends	03	074	s06e07b	
cerebellum	35.56605878892023	88	friends	03	074	s06e08a	
cortex_Cont	44.383987457922984	128	friends	03	074	s06e08a	
cortex_Default	42.0699577740989	209	friends	03	074	s06e08a	
cortex_DorsAttn	49.093455756814	122	friends	03	074	s06e08a	
cortex_Limbic	19.100220652180045	60	friends	03	074	s06e08a	
cortex_SalVentAttn	43.10718502175454	121	friends	03	074	s06e08a	
cortex_SomMot	44.334015190053286	194	friends	03	074	s06e08a	
cortex_Vis	40.4706689394789	162	friends	03	074	s06e08a	
subcortex_CAU	26.385489544378103	8	friends	03	074	s06e08a	
subcortex_PUT	28.260556779190914	8	friends	03	074	s06e08a	
subcortex_THA	28.106130641786226	14	friends	03	074	s06e08a	
cerebellum	36.30386988238585	88	friends	03	074	s06e08b	
cortex_Cont	44.05079053325701	128	friends	03	074	s06e08b	
cortex_Default	41.56001908949447	209	friends	03	074	s06e08b	
cortex_DorsAttn	50.911535051357845	122	friends	03	074	s06e08b	
cortex_Limbic	18.586428350882517	60	friends	03	074	s06e08b	
cortex_SalVentAttn	42.974339085951854	121	friends	03	074	s06e08b	
cortex_SomMot	44.85373977395812	194	friends	03	074	s06e08b	
cortex_Vis	41.97265996332227	162	friends	03	074	s06e08b	
subcortex_CAU	25.72278003012399	8	friends	03	074	s06e08b	
subcortex_PUT	28.013137426953783	8	friends	03	074	s06e08b	
subcortex_THA	27.976734449195106	14	friends	03	074	s06e08b	
cerebellum	35.30113603380146	88	friends	03	075	s06e09a	
cortex_Cont	46.616712656165376	128	friends	03	075	s06e09a	
cortex_Default	43.594426885673364	209	friends	03	075	s06e09a	
cortex_DorsAttn	51.04721753114167	122	friends	03	075	s06e09a	
cortex_Limbic	19.96435391702255	60	friends	03	075	s06e09a	
cortex_SalVentAttn	45.297049038495594	121	friends	03	075	s06e09a	
cortex_SomMot	48.06174241001541	194	friends	03	075	s06e09a	
cortex_Vis	41.06223708855241	162	friends	03	075	s06e09a	
subcortex_CAU	27.177578118659106	8	friends	03	075	s06e09a	
subcortex_PUT	28.97686926980285	8	friends	03	075	s06e09a	
subcortex_THA	28.59808920692165	14	friends	03	075	s06e09a	
cerebellum	31.077536889668735	88	friends	03	075	s06e09b	
cortex_Cont	36.478929955840265	128	friends	03	075	s06e09b	
cortex_Default	35.707246899092354	209	friends	03	075	s06e09b	
cortex_DorsAttn	39.31875171964864	122	friends	03	075	s06e09b	
cortex_Limbic	16.180296098595978	60	friends	03	075	s06e09b	
cortex_SalVentAttn	37.17459669166091	121	friends	03	075	s06e09b	
cortex_SomMot	36.11296863755828	194	friends	03	075	s06e09b	
cortex_Vis	34.91543678706524	162	friends	03	075	s06e09b	
subcortex_CAU	25.72585346579625	8	friends	03	075	s06e09b	
subcortex_PUT	27.49561556701214	8	friends	03	075	s06e09b	
subcortex_THA	27.911023119495585	14	friends	03	075	s06e09b	
cerebellum	28.670398927790554	88	friends	03	075	s06e10a	
cortex_Cont	34.079349369492725	128	friends	03	075	s06e10a	
cortex_Default	33.70298670389823	209	friends	03	075	s06e10a	
cortex_DorsAttn	37.13002388612677	122	friends	03	075	s06e10a	
cortex_Limbic	17.04824298308058	60	friends	03	075	s06e10a	
cortex_SalVentAttn	35.75538369249661	121	friends	03	075	s06e10a	
cortex_SomMot	34.62722846710721	194	friends	03	075	s06e10a	
cortex_Vis	31.181151780008463	162	friends	03	075	s06e10a	
subcortex_CAU	24.288117130041215	8	friends	03	075	s06e10a	
subcortex_PUT	26.888784604934326	8	friends	03	075	s06e10a	
subcortex_THA	26.75328927825287	14	friends	03	075	s06e10a	
cerebellum	25.00946309708529	88	friends	03	075	s06e10b	
cortex_Cont	31.015203211494043	128	friends	03	075	s06e10b	
cortex_Default	30.186761293081663	209	friends	03	075	s06e10b	
cortex_DorsAttn	32.34525988402708	122	friends	03	075	s06e10b	
cortex_Limbic	14.033052576662072	60	friends	03	075	s06e10b	
cortex_SalVentAttn	31.888818382487415	121	friends	03	075	s06e10b	
cortex_SomMot	29.12667383435033	194	friends	03	075	s06e10b	
cortex_Vis	25.980979697356805	162	friends	03	075	s06e10b	
subcortex_CAU	22.167253020822134	8	friends	03	075	s06e10b	
subcortex_PUT	24.81016658507913	8	friends	03	075	s06e10b	
subcortex_THA	24.305464824255722	14	friends	03	075	s06e10b	
cerebellum	35.4492080621443	88	friends	03	076	s06e11a	
cortex_Cont	45.38474255414485	128	friends	03	076	s06e11a	
cortex_Default	42.46024957568484	209	friends	03	076	s06e11a	
cortex_DorsAttn	52.48505384990215	122	friends	03	076	s06e11a	
cortex_Limbic	17.863284554526235	60	friends	03	076	s06e11a	
cortex_SalVentAttn	43.475255461592596	121	friends	03	076	s06e11a	
cortex_SomMot	46.004153956669015	194	friends	03	076	s06e11a	
cortex_Vis	43.31821926908901	162	friends	03	076	s06e11a	
subcortex_CAU	25.91743254817991	8	friends	03	076	s06e11a	
subcortex_PUT	28.21396596563452	8	friends	03	076	s06e11a	
subcortex_THA	27.71017145018639	14	friends	03	076	s06e11a	
cerebellum	33.57427104127246	88	friends	03	076	s06e11b	
cortex_Cont	42.79288670777697	128	friends	03	076	s06e11b	
cortex_Default	40.69473934445025	209	friends	03	076	s06e11b	
cortex_DorsAttn	46.901620834676976	122	friends	03	076	s06e11b	
cortex_Limbic	18.93118450172121	60	friends	03	076	s06e11b	
cortex_SalVentAttn	41.94525741762925	121	friends	03	076	s06e11b	
cortex_SomMot	41.78043374239529	194	friends	03	076	s06e11b	
cortex_Vis	39.394294535393044	162	friends	03	076	s06e11b	
subcortex_CAU	27.318699565551114	8	friends	03	076	s06e11b	
subcortex_PUT	28.668284480792494	8	friends	03	076	s06e11b	
subcortex_THA	28.007802968641702	14	friends	03	076	s06e11b	
cerebellum	33.69669182172939	88	friends	03	076	s06e12a	
cortex_Cont	41.88448064260933	128	friends	03	076	s06e12a	
cortex_Default	39.89931708737593	209	friends	03	076	s06e12a	
cortex_DorsAttn	44.20838396855297	122	friends	03	076	s06e12a	
cortex_Limbic	17.485096846980106	60	friends	03	076	s06e12a	
cortex_SalVentAttn	40.21919901249955	121	friends	03	076	s06e12a	
cortex_SomMot	39.357930989405766	194	friends	03	076	s06e12a	
cortex_Vis	39.50888047330099	162	friends	03	076	s06e12a	
subcortex_CAU	26.53693778247088	8	friends	03	076	s06e12a	
subcortex_PUT	27.969534273544006	8	friends	03	076	s06e12a	
subcortex_THA	27.92757617560643	14	friends	03	076	s06e12a	
cerebellum	26.951314982309224	88	friends	03	076	s06e12b	
cortex_Cont	34.02270879938781	128	friends	03	076	s06e12b	
cortex_Default	33.02085920375533	209	friends	03	076	s06e12b	
cortex_DorsAttn	34.726719513647495	122	friends	03	076	s06e12b	
cortex_Limbic	16.202328037409423	60	friends	03	076	s06e12b	
cortex_SalVentAttn	35.833772149705545	121	friends	03	076	s06e12b	
cortex_SomMot	33.13373698573582	194	friends	03	076	s06e12b	
cortex_Vis	28.984385627618327	162	friends	03	076	s06e12b	
subcortex_CAU	24.459700046915415	8	friends	03	076	s06e12b	
subcortex_PUT	26.594449586535102	8	friends	03	076	s06e12b	
subcortex_THA	26.027392833976656	14	friends	03	076	s06e12b	
cerebellum	34.49938389623341	88	friends	03	077	s06e13a	
cortex_Cont	46.20880807143587	128	friends	03	077	s06e13a	
cortex_Default	42.948746057514306	209	friends	03	077	s06e13a	
cortex_DorsAttn	51.312829193874784	122	friends	03	077	s06e13a	
cortex_Limbic	18.976000144489674	60	friends	03	077	s06e13a	
cortex_SalVentAttn	44.24823968760346	121	friends	03	077	s06e13a	
cortex_SomMot	47.43885291088125	194	friends	03	077	s06e13a	
cortex_Vis	41.64229961186874	162	friends	03	077	s06e13a	
subcortex_CAU	26.037959151473085	8	friends	03	077	s06e13a	
subcortex_PUT	27.514741284220122	8	friends	03	077	s06e13a	
subcortex_THA	27.332601881446685	14	friends	03	077	s06e13a	
cerebellum	33.47238157535411	88	friends	03	077	s06e13b	
cortex_Cont	43.15890295096038	128	friends	03	077	s06e13b	
cortex_Default	40.46080292928839	209	friends	03	077	s06e13b	
cortex_DorsAttn	47.01532293099095	122	friends	03	077	s06e13b	
cortex_Limbic	17.744168407562576	60	friends	03	077	s06e13b	
cortex_SalVentAttn	41.6814636780188	121	friends	03	077	s06e13b	
cortex_SomMot	42.65055599775006	194	friends	03	077	s06e13b	
cortex_Vis	39.612929008975236	162	friends	03	077	s06e13b	
subcortex_CAU	25.72382648469677	8	friends	03	077	s06e13b	
subcortex_PUT	27.421033274570604	8	friends	03	077	s06e13b	
subcortex_THA	27.17430807107039	14	friends	03	077	s06e13b	
cerebellum	33.95085686538456	88	friends	03	077	s06e14a	
cortex_Cont	41.89550906775628	128	friends	03	077	s06e14a	
cortex_Default	39.74680812676223	209	friends	03	077	s06e14a	
cortex_DorsAttn	45.655653638283376	122	friends	03	077	s06e14a	
cortex_Limbic	17.858016622130826	60	friends	03	077	s06e14a	
cortex_SalVentAttn	41.08606340983866	121	friends	03	077	s06e14a	
cortex_SomMot	42.057011459025155	194	friends	03	077	s06e14a	
cortex_Vis	38.1843623713158	162	friends	03	077	s06e14a	
subcortex_CAU	26.048500767657067	8	friends	03	077	s06e14a	
subcortex_PUT	27.304763017030133	8	friends	03	077	s06e14a	
subcortex_THA	27.309572611594074	14	friends	03	077	s06e14a	
cerebellum	32.184520447744106	88	friends	03	077	s06e14b	
cortex_Cont	39.91377550435715	128	friends	03	077	s06e14b	
cortex_Default	38.53184595529091	209	friends	03	077	s06e14b	
cortex_DorsAttn	43.58760492671228	122	friends	03	077	s06e14b	
cortex_Limbic	17.897963367527957	60	friends	03	077	s06e14b	
cortex_SalVentAttn	39.53763628629754	121	friends	03	077	s06e14b	
cortex_SomMot	39.12464598685339	194	friends	03	077	s06e14b	
cortex_Vis	37.21918190101122	162	friends	03	077	s06e14b	
subcortex_CAU	24.855449654840633	8	friends	03	077	s06e14b	
subcortex_PUT	26.884463340252815	8	friends	03	077	s06e14b	
subcortex_THA	27.020849375575185	14	friends	03	077	s06e14b	
cerebellum	30.852791353338628	88	friends	03	078	s06e15a	
cortex_Cont	42.09110114426397	128	friends	03	078	s06e15a	
cortex_Default	39.73725316404316	209	friends	03	078	s06e15a	
cortex_DorsAttn	43.89649922199078	122	friends	03	078	s06e15a	
cortex_Limbic	18.040825894829442	60	friends	03	078	s06e15a	
cortex_SalVentAttn	41.693203223186025	121	friends	03	078	s06e15a	
cortex_SomMot	41.185337650986966	194	friends	03	078	s06e15a	
cortex_Vis	35.997535967248524	162	friends	03	078	s06e15a	
subcortex_CAU	25.55811802147207	8	friends	03	078	s06e15a	
subcortex_PUT	27.46110229172849	8	friends	03	078	s06e15a	
subcortex_THA	27.010472979615137	14	friends	03	078	s06e15a	
cerebellum	35.83456472203437	88	friends	03	078	s06e15b	
cortex_Cont	47.20649181474269	128	friends	03	078	s06e15b	
cortex_Default	43.934314795619116	209	friends	03	078	s06e15b	
cortex_DorsAttn	51.195974821732634	122	friends	03	078	s06e15b	
cortex_Limbic	19.770078378697658	60	friends	03	078	s06e15b	
cortex_SalVentAttn	44.85041642969143	121	friends	03	078	s06e15b	
cortex_SomMot	46.71924940438584	194	friends	03	078	s06e15b	
cortex_Vis	41.59433158583163	162	friends	03	078	s06e15b	
subcortex_CAU	27.274014952423798	8	friends	03	078	s06e15b	
subcortex_PUT	28.33100755716347	8	friends	03	078	s06e15b	
subcortex_THA	27.870347072036445	14	friends	03	078	s06e15b	
cerebellum	34.585880994807226	88	friends	03	078	s06e15c	
cortex_Cont	44.59720484584936	128	friends	03	078	s06e15c	
cortex_Default	41.158366005987205	209	friends	03	078	s06e15c	
cortex_DorsAttn	50.038100687485645	122	friends	03	078	s06e15c	
cortex_Limbic	17.746567509511237	60	friends	03	078	s06e15c	
cortex_SalVentAttn	43.57111900329525	121	friends	03	078	s06e15c	
cortex_SomMot	46.28950103361545	194	friends	03	078	s06e15c	
cortex_Vis	39.65312518695482	162	friends	03	078	s06e15c	
subcortex_CAU	25.762309893511535	8	friends	03	078	s06e15c	
subcortex_PUT	27.481519939783652	8	friends	03	078	s06e15c	
subcortex_THA	27.359373648223595	14	friends	03	078	s06e15c	
cerebellum	29.98045428530347	88	friends	03	078	s06e15d	
cortex_Cont	39.3012604225282	128	friends	03	078	s06e15d	
cortex_Default	37.24128457594426	209	friends	03	078	s06e15d	
cortex_DorsAttn	42.518812893807464	122	friends	03	078	s06e15d	
cortex_Limbic	17.04276481278566	60	friends	03	078	s06e15d	
cortex_SalVentAttn	40.123015321599055	121	friends	03	078	s06e15d	
cortex_SomMot	40.77382453517051	194	friends	03	078	s06e15d	
cortex_Vis	33.44336459289794	162	friends	03	078	s06e15d	
subcortex_CAU	24.659867127464388	8	friends	03	078	s06e15d	
subcortex_PUT	26.84584302848693	8	friends	03	078	s06e15d	
subcortex_THA	26.860350457859358	14	friends	03	078	s06e15d	
cerebellum	34.28427050813352	88	friends	03	078	s06e17a	
cortex_Cont	42.5066244112022	128	friends	03	078	s06e17a	
cortex_Default	40.41246476864418	209	friends	03	078	s06e17a	
cortex_DorsAttn	45.658108701236216	122	friends	03	078	s06e17a	
cortex_Limbic	18.382415491631892	60	friends	03	078	s06e17a	
cortex_SalVentAttn	41.160822569774346	121	friends	03	078	s06e17a	
cortex_SomMot	40.909817013954	194	friends	03	078	s06e17a	
cortex_Vis	39.902768424301186	162	friends	03	078	s06e17a	
subcortex_CAU	25.74771547363661	8	friends	03	078	s06e17a	
subcortex_PUT	27.447306884107636	8	friends	03	078	s06e17a	
subcortex_THA	27.404964791808645	14	friends	03	078	s06e17a	
cerebellum	32.864188621336346	88	friends	03	079	s06e17b	
cortex_Cont	41.834520167762996	128	friends	03	079	s06e17b	
cortex_Default	40.21497939482392	209	friends	03	079	s06e17b	
cortex_DorsAttn	46.00519875835379	122	friends	03	079	s06e17b	
cortex_Limbic	17.80459020981062	60	friends	03	079	s06e17b	
cortex_SalVentAttn	41.732733907690296	121	friends	03	079	s06e17b	
cortex_SomMot	42.181364428481416	194	friends	03	079	s06e17b	
cortex_Vis	39.06175511710156	162	friends	03	079	s06e17b	
subcortex_CAU	26.819589957484144	8	friends	03	079	s06e17b	
subcortex_PUT	27.9549207727611	8	friends	03	079	s06e17b	
subcortex_THA	27.87671230553667	14	friends	03	079	s06e17b	
cerebellum	32.53935481694656	88	friends	03	079	s06e18a	
cortex_Cont	42.755609465375734	128	friends	03	079	s06e18a	
cortex_Default	39.83110120127744	209	friends	03	079	s06e18a	
cortex_DorsAttn	47.416223171236226	122	friends	03	079	s06e18a	
cortex_Limbic	18.095736590621883	60	friends	03	079	s06e18a	
cortex_SalVentAttn	41.97452413990647	121	friends	03	079	s06e18a	
cortex_SomMot	43.066652352479004	194	friends	03	079	s06e18a	
cortex_Vis	39.476086122091246	162	friends	03	079	s06e18a	
subcortex_CAU	26.64032215275376	8	friends	03	079	s06e18a	
subcortex_PUT	28.112365468701963	8	friends	03	079	s06e18a	
subcortex_THA	27.499075902764922	14	friends	03	079	s06e18a	
cerebellum	27.648143908086446	88	friends	03	079	s06e18b	
cortex_Cont	34.57715144896485	128	friends	03	079	s06e18b	
cortex_Default	34.12790136851617	209	friends	03	079	s06e18b	
cortex_DorsAttn	37.075427319223905	122	friends	03	079	s06e18b	
cortex_Limbic	15.94274792030973	60	friends	03	079	s06e18b	
cortex_SalVentAttn	37.22624938008796	121	friends	03	079	s06e18b	
cortex_SomMot	36.43171744535161	194	friends	03	079	s06e18b	
cortex_Vis	30.31140050487304	162	friends	03	079	s06e18b	
subcortex_CAU	25.907195693590108	8	friends	03	079	s06e18b	
subcortex_PUT	27.38351752529084	8	friends	03	079	s06e18b	
subcortex_THA	26.880581086965975	14	friends	03	079	s06e18b	
cerebellum	26.989049071758725	88	friends	03	079	s06e19a	
cortex_Cont	32.983632615848734	128	friends	03	079	s06e19a	
cortex_Default	32.405617421681946	209	friends	03	079	s06e19a	
cortex_DorsAttn	34.9468312112942	122	friends	03	079	s06e19a	
cortex_Limbic	16.39542231263864	60	friends	03	079	s06e19a	
cortex_SalVentAttn	35.037459891315436	121	friends	03	079	s06e19a	
cortex_SomMot	33.07167995572782	194	friends	03	079	s06e19a	
cortex_Vis	29.38713249631901	162	friends	03	079	s06e19a	
subcortex_CAU	25.024475989945863	8	friends	03	079	s06e19a	
subcortex_PUT	26.898753963689618	8	friends	03	079	s06e19a	
subcortex_THA	26.23352217252908	14	friends	03	079	s06e19a	
cerebellum	32.001449225901105	88	friends	03	080	s06e19b	
cortex_Cont	43.490176744918664	128	friends	03	080	s06e19b	
cortex_Default	40.84009971551599	209	friends	03	080	s06e19b	
cortex_DorsAttn	47.15517937706495	122	friends	03	080	s06e19b	
cortex_Limbic	18.872496272757775	60	friends	03	080	s06e19b	
cortex_SalVentAttn	41.89443796785454	121	friends	03	080	s06e19b	
cortex_SomMot	41.49527325289342	194	friends	03	080	s06e19b	
cortex_Vis	39.81537879285691	162	friends	03	080	s06e19b	
subcortex_CAU	25.618899523306546	8	friends	03	080	s06e19b	
subcortex_PUT	26.58782882734942	8	friends	03	080	s06e19b	
subcortex_THA	27.048542532601335	14	friends	03	080	s06e19b	
cerebellum	32.80923269284356	88	friends	03	080	s06e20a	
cortex_Cont	41.75382436178516	128	friends	03	080	s06e20a	
cortex_Default	39.085902546232305	209	friends	03	080	s06e20a	
cortex_DorsAttn	45.176328620022176	122	friends	03	080	s06e20a	
cortex_Limbic	17.554638604127767	60	friends	03	080	s06e20a	
cortex_SalVentAttn	41.07336601106458	121	friends	03	080	s06e20a	
cortex_SomMot	40.7617112535976	194	friends	03	080	s06e20a	
cortex_Vis	37.87070251359962	162	friends	03	080	s06e20a	
subcortex_CAU	25.04181913363051	8	friends	03	080	s06e20a	
subcortex_PUT	26.526076802377993	8	friends	03	080	s06e20a	
subcortex_THA	26.64712134967248	14	friends	03	080	s06e20a	
cerebellum	26.879652487769064	88	friends	03	080	s06e20b	
cortex_Cont	33.130187251649865	128	friends	03	080	s06e20b	
cortex_Default	32.299104421796216	209	friends	03	080	s06e20b	
cortex_DorsAttn	34.76739834595824	122	friends	03	080	s06e20b	
cortex_Limbic	15.35363564284936	60	friends	03	080	s06e20b	
cortex_SalVentAttn	33.81745748165049	121	friends	03	080	s06e20b	
cortex_SomMot	31.558508920121852	194	friends	03	080	s06e20b	
cortex_Vis	29.32525385516119	162	friends	03	080	s06e20b	
subcortex_CAU	23.628953731585735	8	friends	03	080	s06e20b	
subcortex_PUT	25.542893327141762	8	friends	03	080	s06e20b	
subcortex_THA	24.83031665033211	14	friends	03	080	s06e20b	
cerebellum	31.101525967474313	88	friends	03	080	s06e21a	
cortex_Cont	39.371027466738376	128	friends	03	080	s06e21a	
cortex_Default	37.62960640039231	209	friends	03	080	s06e21a	
cortex_DorsAttn	42.24915911904828	122	friends	03	080	s06e21a	
cortex_Limbic	17.69149899005542	60	friends	03	080	s06e21a	
cortex_SalVentAttn	39.76823824701691	121	friends	03	080	s06e21a	
cortex_SomMot	39.29500985163664	194	friends	03	080	s06e21a	
cortex_Vis	34.6057398374721	162	friends	03	080	s06e21a	
subcortex_CAU	24.68844098581415	8	friends	03	080	s06e21a	
subcortex_PUT	26.88096362045119	8	friends	03	080	s06e21a	
subcortex_THA	26.85400938934644	14	friends	03	080	s06e21a	
cerebellum	28.02848227151919	88	friends	03	080	s06e21b	
cortex_Cont	36.93316402373814	128	friends	03	080	s06e21b	
cortex_Default	34.93131980983629	209	friends	03	080	s06e21b	
cortex_DorsAttn	38.74954860222939	122	friends	03	080	s06e21b	
cortex_Limbic	16.213613265502794	60	friends	03	080	s06e21b	
cortex_SalVentAttn	37.07785359344681	121	friends	03	080	s06e21b	
cortex_SomMot	35.97545081235399	194	friends	03	080	s06e21b	
cortex_Vis	30.68366483750033	162	friends	03	080	s06e21b	
subcortex_CAU	24.420686410945198	8	friends	03	080	s06e21b	
subcortex_PUT	26.32948801675273	8	friends	03	080	s06e21b	
subcortex_THA	25.99620100859376	14	friends	03	080	s06e21b	
cerebellum	30.55891176107251	88	friends	03	081	s06e22a	
cortex_Cont	42.16084399935936	128	friends	03	081	s06e22a	
cortex_Default	39.15641011715816	209	friends	03	081	s06e22a	
cortex_DorsAttn	44.67095410069438	122	friends	03	081	s06e22a	
cortex_Limbic	17.776673902170753	60	friends	03	081	s06e22a	
cortex_SalVentAttn	40.81917424920175	121	friends	03	081	s06e22a	
cortex_SomMot	41.50683115615622	194	friends	03	081	s06e22a	
cortex_Vis	36.14773243358717	162	friends	03	081	s06e22a	
subcortex_CAU	25.137663015772716	8	friends	03	081	s06e22a	
subcortex_PUT	26.71010524907936	8	friends	03	081	s06e22a	
subcortex_THA	26.59303303769362	14	friends	03	081	s06e22a	
cerebellum	26.588416063991584	88	friends	03	081	s06e22b	
cortex_Cont	36.451986901483984	128	friends	03	081	s06e22b	
cortex_Default	34.328904482824356	209	friends	03	081	s06e22b	
cortex_DorsAttn	36.99878790959025	122	friends	03	081	s06e22b	
cortex_Limbic	16.37270955547224	60	friends	03	081	s06e22b	
cortex_SalVentAttn	37.0905841039279	121	friends	03	081	s06e22b	
cortex_SomMot	35.94396984486468	194	friends	03	081	s06e22b	
cortex_Vis	29.612101073927118	162	friends	03	081	s06e22b	
subcortex_CAU	24.453277012646303	8	friends	03	081	s06e22b	
subcortex_PUT	26.309872409332108	8	friends	03	081	s06e22b	
subcortex_THA	25.679514807576897	14	friends	03	081	s06e22b	
cerebellum	24.46338879512125	88	friends	03	081	s06e23a	
cortex_Cont	34.146875968436824	128	friends	03	081	s06e23a	
cortex_Default	31.81090915107561	209	friends	03	081	s06e23a	
cortex_DorsAttn	34.73744265698047	122	friends	03	081	s06e23a	
cortex_Limbic	15.239956270202118	60	friends	03	081	s06e23a	
cortex_SalVentAttn	34.27194569619249	121	friends	03	081	s06e23a	
cortex_SomMot	31.304449403443257	194	friends	03	081	s06e23a	
cortex_Vis	27.222537522842433	162	friends	03	081	s06e23a	
subcortex_CAU	24.02584297934144	8	friends	03	081	s06e23a	
subcortex_PUT	24.960135684595624	8	friends	03	081	s06e23a	
subcortex_THA	24.178606257505887	14	friends	03	081	s06e23a	
cerebellum	30.94769811831657	88	friends	03	082	s06e23b	
cortex_Cont	39.00070612118494	128	friends	03	082	s06e23b	
cortex_Default	37.495927730155216	209	friends	03	082	s06e23b	
cortex_DorsAttn	43.88607546867141	122	friends	03	082	s06e23b	
cortex_Limbic	16.93351671604036	60	friends	03	082	s06e23b	
cortex_SalVentAttn	40.56622185653276	121	friends	03	082	s06e23b	
cortex_SomMot	40.82452591855998	194	friends	03	082	s06e23b	
cortex_Vis	35.271748059612314	162	friends	03	082	s06e23b	
subcortex_CAU	26.075927752554897	8	friends	03	082	s06e23b	
subcortex_PUT	27.71141066782965	8	friends	03	082	s06e23b	
subcortex_THA	27.778148069027395	14	friends	03	082	s06e23b	
cerebellum	26.478214958113742	88	friends	03	082	s06e24a	
cortex_Cont	33.073647085178635	128	friends	03	082	s06e24a	
cortex_Default	32.22307205416246	209	friends	03	082	s06e24a	
cortex_DorsAttn	34.87049062182538	122	friends	03	082	s06e24a	
cortex_Limbic	15.141123692484173	60	friends	03	082	s06e24a	
cortex_SalVentAttn	35.108850573691164	121	friends	03	082	s06e24a	
cortex_SomMot	33.31329577079031	194	friends	03	082	s06e24a	
cortex_Vis	27.879046550892575	162	friends	03	082	s06e24a	
subcortex_CAU	24.220110510085952	8	friends	03	082	s06e24a	
subcortex_PUT	26.27867454700577	8	friends	03	082	s06e24a	
subcortex_THA	26.001139676406172	14	friends	03	082	s06e24a	
cerebellum	27.60790920186953	88	friends	03	083	s06e24b	
cortex_Cont	35.357695077224946	128	friends	03	083	s06e24b	
cortex_Default	34.58885598185582	209	friends	03	083	s06e24b	
cortex_DorsAttn	36.75861418945446	122	friends	03	083	s06e24b	
cortex_Limbic	17.283170408494406	60	friends	03	083	s06e24b	
cortex_SalVentAttn	36.344339872709604	121	friends	03	083	s06e24b	
cortex_SomMot	34.095522347458335	194	friends	03	083	s06e24b	
cortex_Vis	30.274896033078335	162	friends	03	083	s06e24b	
subcortex_CAU	25.702418813600648	8	friends	03	083	s06e24b	
subcortex_PUT	26.820518486952587	8	friends	03	083	s06e24b	
subcortex_THA	26.209078563223695	14	friends	03	083	s06e24b	
cerebellum	23.066888951567552	88	friends	03	083	s06e24c	
cortex_Cont	28.38166965751301	128	friends	03	083	s06e24c	
cortex_Default	27.983238342394138	209	friends	03	083	s06e24c	
cortex_DorsAttn	29.131519432043028	122	friends	03	083	s06e24c	
cortex_Limbic	13.83166638515839	60	friends	03	083	s06e24c	
cortex_SalVentAttn	30.51951835923958	121	friends	03	083	s06e24c	
cortex_SomMot	27.30375223995835	194	friends	03	083	s06e24c	
cortex_Vis	24.492272997405152	162	friends	03	083	s06e24c	
subcortex_CAU	22.431743475543684	8	friends	03	083	s06e24c	
subcortex_PUT	25.086364354550767	8	friends	03	083	s06e24c	
subcortex_THA	24.461767609260562	14	friends	03	083	s06e24c	
cerebellum	26.90648096764088	88	friends	03	083	s06e24d	
cortex_Cont	32.57386213609906	128	friends	03	083	s06e24d	
cortex_Default	32.00712740878772	209	friends	03	083	s06e24d	
cortex_DorsAttn	34.20633829313904	122	friends	03	083	s06e24d	
cortex_Limbic	16.10398296025394	60	friends	03	083	s06e24d	
cortex_SalVentAttn	34.83482737291125	121	friends	03	083	s06e24d	
cortex_SomMot	33.51115347332592	194	friends	03	083	s06e24d	
cortex_Vis	28.159400541762988	162	friends	03	083	s06e24d	
subcortex_CAU	23.1804338998159	8	friends	03	083	s06e24d	
subcortex_PUT	25.63070891859153	8	friends	03	083	s06e24d	
subcortex_THA	25.972457481463454	14	friends	03	083	s06e24d	
cerebellum	23.986589037770205	88	friends	05	001	s01e02a	
cortex_Cont	31.581657595409865	128	friends	05	001	s01e02a	
cortex_Default	30.67033073861843	209	friends	05	001	s01e02a	
cortex_DorsAttn	35.01060239145306	122	friends	05	001	s01e02a	
cortex_Limbic	14.524349260200639	60	friends	05	001	s01e02a	
cortex_SalVentAttn	30.916832191793517	121	friends	05	001	s01e02a	
cortex_SomMot	30.421320639641152	194	friends	05	001	s01e02a	
cortex_Vis	30.11630169018341	162	friends	05	001	s01e02a	
subcortex_CAU	23.226075881391953	8	friends	05	001	s01e02a	
subcortex_PUT	22.048489369482443	8	friends	05	001	s01e02a	
subcortex_THA	22.737827125433927	14	friends	05	001	s01e02a	
cerebellum	24.897724878492593	88	friends	05	001	s01e02b	
cortex_Cont	35.561598633571386	128	friends	05	001	s01e02b	
cortex_Default	33.78602298037022	209	friends	05	001	s01e02b	
cortex_DorsAttn	40.12111462040037	122	friends	05	001	s01e02b	
cortex_Limbic	15.735949453366853	60	friends	05	001	s01e02b	
cortex_SalVentAttn	34.427953749058766	121	friends	05	001	s01e02b	
cortex_SomMot	34.39755313768507	194	friends	05	001	s01e02b	
cortex_Vis	33.43587142093429	162	friends	05	001	s01e02b	
subcortex_CAU	24.1854841409442	8	friends	05	001	s01e02b	
subcortex_PUT	22.902527892146125	8	friends	05	001	s01e02b	
subcortex_THA	24.18275915869793	14	friends	05	001	s01e02b	
cerebellum	19.72331655749613	88	friends	05	002	s01e01a	
cortex_Cont	31.525358387665694	128	friends	05	002	s01e01a	
cortex_Default	29.938908125600307	209	friends	05	002	s01e01a	
cortex_DorsAttn	33.47835965436661	122	friends	05	002	s01e01a	
cortex_Limbic	15.168914963046548	60	friends	05	002	s01e01a	
cortex_SalVentAttn	31.636008529813733	121	friends	05	002	s01e01a	
cortex_SomMot	30.577363603832747	194	friends	05	002	s01e01a	
cortex_Vis	26.62671203492717	162	friends	05	002	s01e01a	
subcortex_CAU	22.40458555441097	8	friends	05	002	s01e01a	
subcortex_PUT	22.36663607950015	8	friends	05	002	s01e01a	
subcortex_THA	22.920124379481233	14	friends	05	002	s01e01a	
cerebellum	20.374904598502496	88	friends	05	002	s01e01b	
cortex_Cont	31.322059785281393	128	friends	05	002	s01e01b	
cortex_Default	29.903918369070194	209	friends	05	002	s01e01b	
cortex_DorsAttn	33.064588225601504	122	friends	05	002	s01e01b	
cortex_Limbic	15.942284567805224	60	friends	05	002	s01e01b	
cortex_SalVentAttn	31.448419651821347	121	friends	05	002	s01e01b	
cortex_SomMot	30.284083050981693	194	friends	05	002	s01e01b	
cortex_Vis	25.99313686625239	162	friends	05	002	s01e01b	
subcortex_CAU	22.3377615323018	8	friends	05	002	s01e01b	
subcortex_PUT	22.035293458337065	8	friends	05	002	s01e01b	
subcortex_THA	22.682927969434683	14	friends	05	002	s01e01b	
cerebellum	23.310491514175624	88	friends	05	002	s01e05a	
cortex_Cont	33.93847801289001	128	friends	05	002	s01e05a	
cortex_Default	32.24102136159923	209	friends	05	002	s01e05a	
cortex_DorsAttn	37.28064916968409	122	friends	05	002	s01e05a	
cortex_Limbic	15.756326318708723	60	friends	05	002	s01e05a	
cortex_SalVentAttn	33.35476467243852	121	friends	05	002	s01e05a	
cortex_SomMot	32.325386216193564	194	friends	05	002	s01e05a	
cortex_Vis	30.04898216108677	162	friends	05	002	s01e05a	
subcortex_CAU	23.28609124339294	8	friends	05	002	s01e05a	
subcortex_PUT	22.626958862199356	8	friends	05	002	s01e05a	
subcortex_THA	23.48362933756417	14	friends	05	002	s01e05a	
cerebellum	25.597634496677372	88	friends	05	002	s01e05b	
cortex_Cont	35.31907468999674	128	friends	05	002	s01e05b	
cortex_Default	33.54673473151259	209	friends	05	002	s01e05b	
cortex_DorsAttn	39.21774371558452	122	friends	05	002	s01e05b	
cortex_Limbic	16.45072155889657	60	friends	05	002	s01e05b	
cortex_SalVentAttn	34.965294901045	121	friends	05	002	s01e05b	
cortex_SomMot	35.115966066437586	194	friends	05	002	s01e05b	
cortex_Vis	32.25394554019321	162	friends	05	002	s01e05b	
subcortex_CAU	23.458994921778523	8	friends	05	002	s01e05b	
subcortex_PUT	23.221496914441968	8	friends	05	002	s01e05b	
subcortex_THA	24.075416118187054	14	friends	05	002	s01e05b	
cerebellum	20.10170768082428	88	friends	05	002	s01e06a	
cortex_Cont	29.5148721474326	128	friends	05	002	s01e06a	
cortex_Default	28.032408536572245	209	friends	05	002	s01e06a	
cortex_DorsAttn	32.02788461252466	122	friends	05	002	s01e06a	
cortex_Limbic	14.550261762763046	60	friends	05	002	s01e06a	
cortex_SalVentAttn	30.154612244544538	121	friends	05	002	s01e06a	
cortex_SomMot	28.80978994190845	194	friends	05	002	s01e06a	
cortex_Vis	24.45168061243467	162	friends	05	002	s01e06a	
subcortex_CAU	21.52440018820416	8	friends	05	002	s01e06a	
subcortex_PUT	21.665992746555112	8	friends	05	002	s01e06a	
subcortex_THA	22.434884610096265	14	friends	05	002	s01e06a	
cerebellum	20.903832679684612	88	friends	05	002	s01e06b	
cortex_Cont	34.792473436862004	128	friends	05	002	s01e06b	
cortex_Default	32.569590524365	209	friends	05	002	s01e06b	
cortex_DorsAttn	36.84815406309398	122	friends	05	002	s01e06b	
cortex_Limbic	16.381437529856793	60	friends	05	002	s01e06b	
cortex_SalVentAttn	34.06205204675017	121	friends	05	002	s01e06b	
cortex_SomMot	33.49763548271259	194	friends	05	002	s01e06b	
cortex_Vis	27.175587039939842	162	friends	05	002	s01e06b	
subcortex_CAU	23.371587649858878	8	friends	05	002	s01e06b	
subcortex_PUT	23.025387292009405	8	friends	05	002	s01e06b	
subcortex_THA	23.353723216578707	14	friends	05	002	s01e06b	
cerebellum	24.695695228717863	88	friends	05	002	s01e07a	
cortex_Cont	34.71345346228024	128	friends	05	002	s01e07a	
cortex_Default	33.104663350503394	209	friends	05	002	s01e07a	
cortex_DorsAttn	38.42817743718942	122	friends	05	002	s01e07a	
cortex_Limbic	16.261782650192707	60	friends	05	002	s01e07a	
cortex_SalVentAttn	34.1863596453146	121	friends	05	002	s01e07a	
cortex_SomMot	33.74347913548818	194	friends	05	002	s01e07a	
cortex_Vis	31.234801706971353	162	friends	05	002	s01e07a	
subcortex_CAU	24.319286079412436	8	friends	05	002	s01e07a	
subcortex_PUT	23.56216102378657	8	friends	05	002	s01e07a	
subcortex_THA	24.1484687866419	14	friends	05	002	s01e07a	
cerebellum	26.192692745419823	88	friends	05	002	s01e07b	
cortex_Cont	37.37272170044958	128	friends	05	002	s01e07b	
cortex_Default	35.304075035233566	209	friends	05	002	s01e07b	
cortex_DorsAttn	38.862180173309795	122	friends	05	002	s01e07b	
cortex_Limbic	17.800790847045274	60	friends	05	002	s01e07b	
cortex_SalVentAttn	36.49857638182621	121	friends	05	002	s01e07b	
cortex_SomMot	36.432532921522906	194	friends	05	002	s01e07b	
cortex_Vis	29.91416499819908	162	friends	05	002	s01e07b	
subcortex_CAU	25.696935455440745	8	friends	05	002	s01e07b	
subcortex_PUT	24.432425853810997	8	friends	05	002	s01e07b	
subcortex_THA	25.389976229829216	14	friends	05	002	s01e07b	
cerebellum	22.741988047121858	88	friends	05	003	s01e08a	
cortex_Cont	33.32327667032407	128	friends	05	003	s01e08a	
cortex_Default	31.353791583166704	209	friends	05	003	s01e08a	
cortex_DorsAttn	36.38197300831385	122	friends	05	003	s01e08a	
cortex_Limbic	15.794432319326402	60	friends	05	003	s01e08a	
cortex_SalVentAttn	33.0284551807597	121	friends	05	003	s01e08a	
cortex_SomMot	32.018169435831936	194	friends	05	003	s01e08a	
cortex_Vis	28.707355096267527	162	friends	05	003	s01e08a	
subcortex_CAU	24.184982018513335	8	friends	05	003	s01e08a	
subcortex_PUT	23.890850518297263	8	friends	05	003	s01e08a	
subcortex_THA	23.739287371704126	14	friends	05	003	s01e08a	
cerebellum	24.947278835845506	88	friends	05	003	s01e08b	
cortex_Cont	35.783195128876066	128	friends	05	003	s01e08b	
cortex_Default	33.75447861336289	209	friends	05	003	s01e08b	
cortex_DorsAttn	38.87978486408403	122	friends	05	003	s01e08b	
cortex_Limbic	16.80646523199425	60	friends	05	003	s01e08b	
cortex_SalVentAttn	35.031671895691	121	friends	05	003	s01e08b	
cortex_SomMot	34.122429460520166	194	friends	05	003	s01e08b	
cortex_Vis	29.993366855220053	162	friends	05	003	s01e08b	
subcortex_CAU	24.796671664366134	8	friends	05	003	s01e08b	
subcortex_PUT	24.07431015884548	8	friends	05	003	s01e08b	
subcortex_THA	24.709176523195648	14	friends	05	003	s01e08b	
cerebellum	25.676140006336997	88	friends	05	003	s01e09a	
cortex_Cont	35.34051210676415	128	friends	05	003	s01e09a	
cortex_Default	33.98522790518555	209	friends	05	003	s01e09a	
cortex_DorsAttn	38.59992743574019	122	friends	05	003	s01e09a	
cortex_Limbic	16.70580166129159	60	friends	05	003	s01e09a	
cortex_SalVentAttn	34.91297936144632	121	friends	05	003	s01e09a	
cortex_SomMot	33.725859252119676	194	friends	05	003	s01e09a	
cortex_Vis	29.99259475056231	162	friends	05	003	s01e09a	
subcortex_CAU	24.88899606220312	8	friends	05	003	s01e09a	
subcortex_PUT	24.013486937431495	8	friends	05	003	s01e09a	
subcortex_THA	24.864318502219923	14	friends	05	003	s01e09a	
cerebellum	25.7862500727682	88	friends	05	003	s01e09b	
cortex_Cont	32.28042907108601	128	friends	05	003	s01e09b	
cortex_Default	31.157698748636317	209	friends	05	003	s01e09b	
cortex_DorsAttn	36.43988926546923	122	friends	05	003	s01e09b	
cortex_Limbic	15.308219368299275	60	friends	05	003	s01e09b	
cortex_SalVentAttn	32.112551487267524	121	friends	05	003	s01e09b	
cortex_SomMot	31.361218335985836	194	friends	05	003	s01e09b	
cortex_Vis	30.60353244527115	162	friends	05	003	s01e09b	
subcortex_CAU	23.337427170876197	8	friends	05	003	s01e09b	
subcortex_PUT	22.906583651263357	8	friends	05	003	s01e09b	
subcortex_THA	23.979987320710645	14	friends	05	003	s01e09b	
cerebellum	29.240549129268235	88	friends	05	003	s01e10a	
cortex_Cont	36.520090871399674	128	friends	05	003	s01e10a	
cortex_Default	34.76885224594553	209	friends	05	003	s01e10a	
cortex_DorsAttn	40.959797807818575	122	friends	05	003	s01e10a	
cortex_Limbic	16.943174260188417	60	friends	05	003	s01e10a	
cortex_SalVentAttn	36.14930209762176	121	friends	05	003	s01e10a	
cortex_SomMot	36.12552747658227	194	friends	05	003	s01e10a	
cortex_Vis	33.33087410785636	162	friends	05	003	s01e10a	
subcortex_CAU	25.099505450257645	8	friends	05	003	s01e10a	
subcortex_PUT	24.275074124729237	8	friends	05	003	s01e10a	
subcortex_THA	25.399839496028846	14	friends	05	003	s01e10a	
cerebellum	27.880329310691465	88	friends	05	003	s01e10b	
cortex_Cont	37.24533199362491	128	friends	05	003	s01e10b	
cortex_Default	35.085559541702224	209	friends	05	003	s01e10b	
cortex_DorsAttn	41.00271052109286	122	friends	05	003	s01e10b	
cortex_Limbic	17.365185033893308	60	friends	05	003	s01e10b	
cortex_SalVentAttn	36.554119019539364	121	friends	05	003	s01e10b	
cortex_SomMot	36.35481196630017	194	friends	05	003	s01e10b	
cortex_Vis	32.28117600449873	162	friends	05	003	s01e10b	
subcortex_CAU	26.210109853998024	8	friends	05	003	s01e10b	
subcortex_PUT	24.882505152943004	8	friends	05	003	s01e10b	
subcortex_THA	25.607094805406245	14	friends	05	003	s01e10b	
cerebellum	22.999252767513784	88	friends	05	003	s01e11a	
cortex_Cont	30.260278941945636	128	friends	05	003	s01e11a	
cortex_Default	29.12391354521218	209	friends	05	003	s01e11a	
cortex_DorsAttn	33.06805748153239	122	friends	05	003	s01e11a	
cortex_Limbic	15.073879818012582	60	friends	05	003	s01e11a	
cortex_SalVentAttn	31.326275755344703	121	friends	05	003	s01e11a	
cortex_SomMot	30.127678628024526	194	friends	05	003	s01e11a	
cortex_Vis	27.038733775611405	162	friends	05	003	s01e11a	
subcortex_CAU	23.454347629471386	8	friends	05	003	s01e11a	
subcortex_PUT	22.985914229042304	8	friends	05	003	s01e11a	
subcortex_THA	23.675396894883697	14	friends	05	003	s01e11a	
cerebellum	26.53843272952433	88	friends	05	003	s01e11b	
cortex_Cont	36.16087466736933	128	friends	05	003	s01e11b	
cortex_Default	33.962795734795584	209	friends	05	003	s01e11b	
cortex_DorsAttn	39.19126348050597	122	friends	05	003	s01e11b	
cortex_Limbic	17.076467115164043	60	friends	05	003	s01e11b	
cortex_SalVentAttn	35.49816573308097	121	friends	05	003	s01e11b	
cortex_SomMot	34.59351791036601	194	friends	05	003	s01e11b	
cortex_Vis	30.87569506297646	162	friends	05	003	s01e11b	
subcortex_CAU	25.1409800389085	8	friends	05	003	s01e11b	
subcortex_PUT	24.16194306931353	8	friends	05	003	s01e11b	
subcortex_THA	24.795286124782248	14	friends	05	003	s01e11b	
cerebellum	24.027748935338817	88	friends	05	003	s01e12a	
cortex_Cont	31.80836823171109	128	friends	05	003	s01e12a	
cortex_Default	30.572802978034932	209	friends	05	003	s01e12a	
cortex_DorsAttn	35.36414525126719	122	friends	05	003	s01e12a	
cortex_Limbic	15.590513927069505	60	friends	05	003	s01e12a	
cortex_SalVentAttn	31.887302618157157	121	friends	05	003	s01e12a	
cortex_SomMot	30.604711654356844	194	friends	05	003	s01e12a	
cortex_Vis	28.6282142487727	162	friends	05	003	s01e12a	
subcortex_CAU	23.199314812072622	8	friends	05	003	s01e12a	
subcortex_PUT	22.743786098276562	8	friends	05	003	s01e12a	
subcortex_THA	23.763622122389503	14	friends	05	003	s01e12a	
cerebellum	28.681302159261598	88	friends	05	003	s01e12b	
cortex_Cont	38.055635575162995	128	friends	05	003	s01e12b	
cortex_Default	35.69952822638934	209	friends	05	003	s01e12b	
cortex_DorsAttn	43.01970297515889	122	friends	05	003	s01e12b	
cortex_Limbic	17.345880832911504	60	friends	05	003	s01e12b	
cortex_SalVentAttn	37.35570106478077	121	friends	05	003	s01e12b	
cortex_SomMot	37.523390812148186	194	friends	05	003	s01e12b	
cortex_Vis	34.1294991209015	162	friends	05	003	s01e12b	
subcortex_CAU	25.63116955783393	8	friends	05	003	s01e12b	
subcortex_PUT	24.316373493640974	8	friends	05	003	s01e12b	
subcortex_THA	25.84996181736138	14	friends	05	003	s01e12b	
cerebellum	23.377272408045943	88	friends	05	004	s01e13a	
cortex_Cont	28.794410856010064	128	friends	05	004	s01e13a	
cortex_Default	28.173234703196822	209	friends	05	004	s01e13a	
cortex_DorsAttn	33.09837121092827	122	friends	05	004	s01e13a	
cortex_Limbic	14.938807247913372	60	friends	05	004	s01e13a	
cortex_SalVentAttn	29.740076976337924	121	friends	05	004	s01e13a	
cortex_SomMot	28.85122584564925	194	friends	05	004	s01e13a	
cortex_Vis	27.40233942536947	162	friends	05	004	s01e13a	
subcortex_CAU	22.090406491795786	8	friends	05	004	s01e13a	
subcortex_PUT	22.222142841499345	8	friends	05	004	s01e13a	
subcortex_THA	23.015019287063417	14	friends	05	004	s01e13a	
cerebellum	23.230011940445678	88	friends	05	004	s01e13b	
cortex_Cont	31.492514500839185	128	friends	05	004	s01e13b	
cortex_Default	29.876370140029863	209	friends	05	004	s01e13b	
cortex_DorsAttn	35.84154892294794	122	friends	05	004	s01e13b	
cortex_Limbic	15.104777042783846	60	friends	05	004	s01e13b	
cortex_SalVentAttn	31.9787806803005	121	friends	05	004	s01e13b	
cortex_SomMot	31.562336846588217	194	friends	05	004	s01e13b	
cortex_Vis	28.860308378190098	162	friends	05	004	s01e13b	
subcortex_CAU	23.477290862345566	8	friends	05	004	s01e13b	
subcortex_PUT	23.09123180771971	8	friends	05	004	s01e13b	
subcortex_THA	23.44234797383055	14	friends	05	004	s01e13b	
cerebellum	25.78293718927355	88	friends	05	004	s01e14a	
cortex_Cont	34.66566120250092	128	friends	05	004	s01e14a	
cortex_Default	32.95590623721917	209	friends	05	004	s01e14a	
cortex_DorsAttn	40.09711973379248	122	friends	05	004	s01e14a	
cortex_Limbic	16.139235861157413	60	friends	05	004	s01e14a	
cortex_SalVentAttn	34.23690308845611	121	friends	05	004	s01e14a	
cortex_SomMot	34.019952496716485	194	friends	05	004	s01e14a	
cortex_Vis	32.178172270908355	162	friends	05	004	s01e14a	
subcortex_CAU	24.002524040746085	8	friends	05	004	s01e14a	
subcortex_PUT	23.438876886382086	8	friends	05	004	s01e14a	
subcortex_THA	24.548583990323007	14	friends	05	004	s01e14a	
cerebellum	26.65191447482823	88	friends	05	004	s01e14b	
cortex_Cont	37.055046155527684	128	friends	05	004	s01e14b	
cortex_Default	35.46942910516964	209	friends	05	004	s01e14b	
cortex_DorsAttn	42.22404971712497	122	friends	05	004	s01e14b	
cortex_Limbic	17.57556382902834	60	friends	05	004	s01e14b	
cortex_SalVentAttn	36.07934245478485	121	friends	05	004	s01e14b	
cortex_SomMot	36.61931452590656	194	friends	05	004	s01e14b	
cortex_Vis	33.6246599374532	162	friends	05	004	s01e14b	
subcortex_CAU	25.094001717515155	8	friends	05	004	s01e14b	
subcortex_PUT	24.275315955574605	8	friends	05	004	s01e14b	
subcortex_THA	25.27703390663344	14	friends	05	004	s01e14b	
cerebellum	25.7006623962894	88	friends	05	004	s01e15a	
cortex_Cont	35.296580692815475	128	friends	05	004	s01e15a	
cortex_Default	33.640482259031074	209	friends	05	004	s01e15a	
cortex_DorsAttn	40.110660596298196	122	friends	05	004	s01e15a	
cortex_Limbic	17.311151270588443	60	friends	05	004	s01e15a	
cortex_SalVentAttn	35.31572849296815	121	friends	05	004	s01e15a	
cortex_SomMot	36.01763283049985	194	friends	05	004	s01e15a	
cortex_Vis	31.590195405969244	162	friends	05	004	s01e15a	
subcortex_CAU	25.058719125902478	8	friends	05	004	s01e15a	
subcortex_PUT	24.203981765414163	8	friends	05	004	s01e15a	
subcortex_THA	25.306314745618838	14	friends	05	004	s01e15a	
cerebellum	25.02916821100058	88	friends	05	004	s01e15b	
cortex_Cont	30.6545236059281	128	friends	05	004	s01e15b	
cortex_Default	29.952212200903777	209	friends	05	004	s01e15b	
cortex_DorsAttn	35.994774806313096	122	friends	05	004	s01e15b	
cortex_Limbic	15.061574045053492	60	friends	05	004	s01e15b	
cortex_SalVentAttn	31.20521777861048	121	friends	05	004	s01e15b	
cortex_SomMot	31.10536317471269	194	friends	05	004	s01e15b	
cortex_Vis	30.28118398232777	162	friends	05	004	s01e15b	
subcortex_CAU	22.475271386279328	8	friends	05	004	s01e15b	
subcortex_PUT	22.32897800955111	8	friends	05	004	s01e15b	
subcortex_THA	23.83441590773305	14	friends	05	004	s01e15b	
cerebellum	27.443246768859094	88	friends	05	004	s01e16a	
cortex_Cont	38.28276201730733	128	friends	05	004	s01e16a	
cortex_Default	35.95119599150186	209	friends	05	004	s01e16a	
cortex_DorsAttn	43.88613702981202	122	friends	05	004	s01e16a	
cortex_Limbic	18.182085946523266	60	friends	05	004	s01e16a	
cortex_SalVentAttn	37.3978243726148	121	friends	05	004	s01e16a	
cortex_SomMot	38.68808008196935	194	friends	05	004	s01e16a	
cortex_Vis	33.65440051267398	162	friends	05	004	s01e16a	
subcortex_CAU	25.552365276520604	8	friends	05	004	s01e16a	
subcortex_PUT	24.480950678994212	8	friends	05	004	s01e16a	
subcortex_THA	25.731298781287325	14	friends	05	004	s01e16a	
cerebellum	27.803687596862233	88	friends	05	004	s01e16b	
cortex_Cont	39.1788760204329	128	friends	05	004	s01e16b	
cortex_Default	36.711894529165846	209	friends	05	004	s01e16b	
cortex_DorsAttn	44.83988392389155	122	friends	05	004	s01e16b	
cortex_Limbic	17.998818527290382	60	friends	05	004	s01e16b	
cortex_SalVentAttn	38.151007726040056	121	friends	05	004	s01e16b	
cortex_SomMot	39.571232826417564	194	friends	05	004	s01e16b	
cortex_Vis	34.92661484017027	162	friends	05	004	s01e16b	
subcortex_CAU	24.979573628497402	8	friends	05	004	s01e16b	
subcortex_PUT	23.97073980321688	8	friends	05	004	s01e16b	
subcortex_THA	25.722629531076365	14	friends	05	004	s01e16b	
cerebellum	24.596987660302034	88	friends	05	004	s01e17a	
cortex_Cont	32.684567106526394	128	friends	05	004	s01e17a	
cortex_Default	31.47854437283548	209	friends	05	004	s01e17a	
cortex_DorsAttn	37.27957317555422	122	friends	05	004	s01e17a	
cortex_Limbic	15.57517702499244	60	friends	05	004	s01e17a	
cortex_SalVentAttn	33.01860752371183	121	friends	05	004	s01e17a	
cortex_SomMot	33.04378542683229	194	friends	05	004	s01e17a	
cortex_Vis	30.37438419082824	162	friends	05	004	s01e17a	
subcortex_CAU	23.474676341522652	8	friends	05	004	s01e17a	
subcortex_PUT	23.041508820721543	8	friends	05	004	s01e17a	
subcortex_THA	24.04806756357172	14	friends	05	004	s01e17a	
cerebellum	27.37601154352154	88	friends	05	004	s01e17b	
cortex_Cont	35.002507707623614	128	friends	05	004	s01e17b	
cortex_Default	33.743506382763165	209	friends	05	004	s01e17b	
cortex_DorsAttn	40.18755721088844	122	friends	05	004	s01e17b	
cortex_Limbic	16.202010824378238	60	friends	05	004	s01e17b	
cortex_SalVentAttn	35.11872594071679	121	friends	05	004	s01e17b	
cortex_SomMot	35.33511291056217	194	friends	05	004	s01e17b	
cortex_Vis	34.14278872470938	162	friends	05	004	s01e17b	
subcortex_CAU	23.88003968006379	8	friends	05	004	s01e17b	
subcortex_PUT	23.565004521046337	8	friends	05	004	s01e17b	
subcortex_THA	24.87330928205076	14	friends	05	004	s01e17b	
cerebellum	27.972294773145098	88	friends	05	005	s01e18a	
cortex_Cont	37.0204646714482	128	friends	05	005	s01e18a	
cortex_Default	35.07018421542654	209	friends	05	005	s01e18a	
cortex_DorsAttn	41.24168337309098	122	friends	05	005	s01e18a	
cortex_Limbic	17.38598067233948	60	friends	05	005	s01e18a	
cortex_SalVentAttn	36.21193749849978	121	friends	05	005	s01e18a	
cortex_SomMot	35.972471802674946	194	friends	05	005	s01e18a	
cortex_Vis	32.8332193123971	162	friends	05	005	s01e18a	
subcortex_CAU	24.42690035632836	8	friends	05	005	s01e18a	
subcortex_PUT	24.054640056919688	8	friends	05	005	s01e18a	
subcortex_THA	25.145155531964516	14	friends	05	005	s01e18a	
cerebellum	24.541713781545294	88	friends	05	005	s01e18b	
cortex_Cont	30.35223744599218	128	friends	05	005	s01e18b	
cortex_Default	29.688318604799292	209	friends	05	005	s01e18b	
cortex_DorsAttn	32.531221040316204	122	friends	05	005	s01e18b	
cortex_Limbic	15.720816997362887	60	friends	05	005	s01e18b	
cortex_SalVentAttn	30.59080215877036	121	friends	05	005	s01e18b	
cortex_SomMot	28.560368838147173	194	friends	05	005	s01e18b	
cortex_Vis	26.719162023460065	162	friends	05	005	s01e18b	
subcortex_CAU	24.145417178938526	8	friends	05	005	s01e18b	
subcortex_PUT	23.67262521858708	8	friends	05	005	s01e18b	
subcortex_THA	23.24434640329397	14	friends	05	005	s01e18b	
cerebellum	26.719707624804222	88	friends	05	005	s01e19a	
cortex_Cont	34.80677824139883	128	friends	05	005	s01e19a	
cortex_Default	33.30149230700814	209	friends	05	005	s01e19a	
cortex_DorsAttn	36.74080581239353	122	friends	05	005	s01e19a	
cortex_Limbic	17.458715885091838	60	friends	05	005	s01e19a	
cortex_SalVentAttn	34.66684494360363	121	friends	05	005	s01e19a	
cortex_SomMot	33.299464691471	194	friends	05	005	s01e19a	
cortex_Vis	28.804335836064283	162	friends	05	005	s01e19a	
subcortex_CAU	24.67411475608854	8	friends	05	005	s01e19a	
subcortex_PUT	23.93796389260402	8	friends	05	005	s01e19a	
subcortex_THA	24.770811191153218	14	friends	05	005	s01e19a	
cerebellum	25.60126702921173	88	friends	05	005	s01e19b	
cortex_Cont	31.01567907318579	128	friends	05	005	s01e19b	
cortex_Default	29.938632000097595	209	friends	05	005	s01e19b	
cortex_DorsAttn	32.55411121581564	122	friends	05	005	s01e19b	
cortex_Limbic	16.099857226224284	60	friends	05	005	s01e19b	
cortex_SalVentAttn	31.007576480638036	121	friends	05	005	s01e19b	
cortex_SomMot	28.943708166388586	194	friends	05	005	s01e19b	
cortex_Vis	26.431398980054006	162	friends	05	005	s01e19b	
subcortex_CAU	22.992139166867194	8	friends	05	005	s01e19b	
subcortex_PUT	23.027636502233655	8	friends	05	005	s01e19b	
subcortex_THA	22.870476020952704	14	friends	05	005	s01e19b	
cerebellum	26.96678010692873	88	friends	05	005	s01e20a	
cortex_Cont	34.25938172744621	128	friends	05	005	s01e20a	
cortex_Default	32.670357229373266	209	friends	05	005	s01e20a	
cortex_DorsAttn	36.501969202601444	122	friends	05	005	s01e20a	
cortex_Limbic	16.855139359967033	60	friends	05	005	s01e20a	
cortex_SalVentAttn	34.38857457542037	121	friends	05	005	s01e20a	
cortex_SomMot	32.940091421573214	194	friends	05	005	s01e20a	
cortex_Vis	29.357080161285147	162	friends	05	005	s01e20a	
subcortex_CAU	24.114388337245536	8	friends	05	005	s01e20a	
subcortex_PUT	23.68118030208468	8	friends	05	005	s01e20a	
subcortex_THA	24.48098878784251	14	friends	05	005	s01e20a	
cerebellum	25.526247270284784	88	friends	05	005	s01e20b	
cortex_Cont	33.05715502458125	128	friends	05	005	s01e20b	
cortex_Default	31.25414034740934	209	friends	05	005	s01e20b	
cortex_DorsAttn	34.99944794510817	122	friends	05	005	s01e20b	
cortex_Limbic	16.225096823743513	60	friends	05	005	s01e20b	
cortex_SalVentAttn	32.87860415719949	121	friends	05	005	s01e20b	
cortex_SomMot	31.49084797306957	194	friends	05	005	s01e20b	
cortex_Vis	27.184612507238313	162	friends	05	005	s01e20b	
subcortex_CAU	23.67229893085162	8	friends	05	005	s01e20b	
subcortex_PUT	23.29052604536616	8	friends	05	005	s01e20b	
subcortex_THA	23.291250456587	14	friends	05	005	s01e20b	
cerebellum	25.97992179246497	88	friends	05	005	s01e21a	
cortex_Cont	31.813065808626874	128	friends	05	005	s01e21a	
cortex_Default	30.62919329599347	209	friends	05	005	s01e21a	
cortex_DorsAttn	34.32333808133766	122	friends	05	005	s01e21a	
cortex_Limbic	16.1383907609174	60	friends	05	005	s01e21a	
cortex_SalVentAttn	32.57687026214119	121	friends	05	005	s01e21a	
cortex_SomMot	30.5505403429124	194	friends	05	005	s01e21a	
cortex_Vis	28.303761613808316	162	friends	05	005	s01e21a	
subcortex_CAU	23.4051518260263	8	friends	05	005	s01e21a	
subcortex_PUT	23.2871363472462	8	friends	05	005	s01e21a	
subcortex_THA	23.4546708861362	14	friends	05	005	s01e21a	
cerebellum	25.974454691146583	88	friends	05	005	s01e21b	
cortex_Cont	31.60203025460077	128	friends	05	005	s01e21b	
cortex_Default	30.695651021089986	209	friends	05	005	s01e21b	
cortex_DorsAttn	33.55183107247889	122	friends	05	005	s01e21b	
cortex_Limbic	15.888309000436752	60	friends	05	005	s01e21b	
cortex_SalVentAttn	32.07934183548432	121	friends	05	005	s01e21b	
cortex_SomMot	30.038434525025934	194	friends	05	005	s01e21b	
cortex_Vis	26.75045736826609	162	friends	05	005	s01e21b	
subcortex_CAU	23.425854580984907	8	friends	05	005	s01e21b	
subcortex_PUT	23.270857144038303	8	friends	05	005	s01e21b	
subcortex_THA	23.505513601636697	14	friends	05	005	s01e21b	
cerebellum	26.74164615036162	88	friends	05	006	s01e22a	
cortex_Cont	36.32452797926226	128	friends	05	006	s01e22a	
cortex_Default	34.58267211376475	209	friends	05	006	s01e22a	
cortex_DorsAttn	40.67431454066959	122	friends	05	006	s01e22a	
cortex_Limbic	16.8821261768628	60	friends	05	006	s01e22a	
cortex_SalVentAttn	36.00810274082036	121	friends	05	006	s01e22a	
cortex_SomMot	35.64189458927076	194	friends	05	006	s01e22a	
cortex_Vis	32.64506963385273	162	friends	05	006	s01e22a	
subcortex_CAU	24.470109882717562	8	friends	05	006	s01e22a	
subcortex_PUT	24.394126337509032	8	friends	05	006	s01e22a	
subcortex_THA	25.20801277203892	14	friends	05	006	s01e22a	
cerebellum	27.258217906802553	88	friends	05	006	s01e22b	
cortex_Cont	39.7275709249263	128	friends	05	006	s01e22b	
cortex_Default	36.8374020695468	209	friends	05	006	s01e22b	
cortex_DorsAttn	40.7970431303146	122	friends	05	006	s01e22b	
cortex_Limbic	18.834866709882874	60	friends	05	006	s01e22b	
cortex_SalVentAttn	38.31190283049971	121	friends	05	006	s01e22b	
cortex_SomMot	37.75855434344847	194	friends	05	006	s01e22b	
cortex_Vis	31.323966463759906	162	friends	05	006	s01e22b	
subcortex_CAU	25.726390430158663	8	friends	05	006	s01e22b	
subcortex_PUT	24.663335594340516	8	friends	05	006	s01e22b	
subcortex_THA	25.832068334424598	14	friends	05	006	s01e22b	
cerebellum	24.711045047772316	88	friends	05	006	s01e23a	
cortex_Cont	31.260300298123454	128	friends	05	006	s01e23a	
cortex_Default	29.970313963353505	209	friends	05	006	s01e23a	
cortex_DorsAttn	33.67780842319302	122	friends	05	006	s01e23a	
cortex_Limbic	15.924579616735707	60	friends	05	006	s01e23a	
cortex_SalVentAttn	31.51383374280519	121	friends	05	006	s01e23a	
cortex_SomMot	29.639398401708124	194	friends	05	006	s01e23a	
cortex_Vis	27.4499228195762	162	friends	05	006	s01e23a	
subcortex_CAU	22.986038294589033	8	friends	05	006	s01e23a	
subcortex_PUT	23.155936281921033	8	friends	05	006	s01e23a	
subcortex_THA	23.664846066519278	14	friends	05	006	s01e23a	
cerebellum	25.13165667404148	88	friends	05	006	s01e23b	
cortex_Cont	33.31313432048516	128	friends	05	006	s01e23b	
cortex_Default	31.562575235039922	209	friends	05	006	s01e23b	
cortex_DorsAttn	36.3963411405495	122	friends	05	006	s01e23b	
cortex_Limbic	15.800458004110233	60	friends	05	006	s01e23b	
cortex_SalVentAttn	32.87456004622093	121	friends	05	006	s01e23b	
cortex_SomMot	31.8983824845224	194	friends	05	006	s01e23b	
cortex_Vis	28.609993675016973	162	friends	05	006	s01e23b	
subcortex_CAU	23.14165268068985	8	friends	05	006	s01e23b	
subcortex_PUT	22.860082548534184	8	friends	05	006	s01e23b	
subcortex_THA	24.20550987608886	14	friends	05	006	s01e23b	
cerebellum	25.737931400929245	88	friends	05	006	s01e24a	
cortex_Cont	34.01553533361185	128	friends	05	006	s01e24a	
cortex_Default	32.2539845949109	209	friends	05	006	s01e24a	
cortex_DorsAttn	35.86944380329162	122	friends	05	006	s01e24a	
cortex_Limbic	16.768699427996026	60	friends	05	006	s01e24a	
cortex_SalVentAttn	33.83704694889414	121	friends	05	006	s01e24a	
cortex_SomMot	31.958781494736936	194	friends	05	006	s01e24a	
cortex_Vis	28.556205641802244	162	friends	05	006	s01e24a	
subcortex_CAU	23.897499080734185	8	friends	05	006	s01e24a	
subcortex_PUT	23.76371001494917	8	friends	05	006	s01e24a	
subcortex_THA	24.2787256095349	14	friends	05	006	s01e24a	
cerebellum	26.320729524910828	88	friends	05	006	s01e24b	
cortex_Cont	34.848936071988774	128	friends	05	006	s01e24b	
cortex_Default	32.69980606028147	209	friends	05	006	s01e24b	
cortex_DorsAttn	38.40303267918178	122	friends	05	006	s01e24b	
cortex_Limbic	16.37490053666772	60	friends	05	006	s01e24b	
cortex_SalVentAttn	34.358195025434846	121	friends	05	006	s01e24b	
cortex_SomMot	33.029621168124855	194	friends	05	006	s01e24b	
cortex_Vis	30.441027587178308	162	friends	05	006	s01e24b	
subcortex_CAU	23.63273066775691	8	friends	05	006	s01e24b	
subcortex_PUT	23.49527037398875	8	friends	05	006	s01e24b	
subcortex_THA	24.378167090151617	14	friends	05	006	s01e24b	
cerebellum	25.900751956244918	88	friends	05	006	s02e01a	
cortex_Cont	34.22504504934451	128	friends	05	006	s02e01a	
cortex_Default	32.21992813405053	209	friends	05	006	s02e01a	
cortex_DorsAttn	36.49023867920578	122	friends	05	006	s02e01a	
cortex_Limbic	16.43938907093209	60	friends	05	006	s02e01a	
cortex_SalVentAttn	33.59375392991876	121	friends	05	006	s02e01a	
cortex_SomMot	32.27962750491194	194	friends	05	006	s02e01a	
cortex_Vis	29.38899184127897	162	friends	05	006	s02e01a	
subcortex_CAU	23.51977379446798	8	friends	05	006	s02e01a	
subcortex_PUT	23.517100643872062	8	friends	05	006	s02e01a	
subcortex_THA	24.233178415383236	14	friends	05	006	s02e01a	
cerebellum	28.349655197642047	88	friends	05	006	s02e01b	
cortex_Cont	35.525966567841856	128	friends	05	006	s02e01b	
cortex_Default	34.31673449044644	209	friends	05	006	s02e01b	
cortex_DorsAttn	38.023444312776114	122	friends	05	006	s02e01b	
cortex_Limbic	17.821347360203323	60	friends	05	006	s02e01b	
cortex_SalVentAttn	35.677004369535005	121	friends	05	006	s02e01b	
cortex_SomMot	34.295783234483096	194	friends	05	006	s02e01b	
cortex_Vis	31.12205367977492	162	friends	05	006	s02e01b	
subcortex_CAU	24.51973675829189	8	friends	05	006	s02e01b	
subcortex_PUT	24.194805252607647	8	friends	05	006	s02e01b	
subcortex_THA	25.634119249746654	14	friends	05	006	s02e01b	
cerebellum	23.3017319116369	88	friends	05	007	s02e02a	
cortex_Cont	32.90207789905861	128	friends	05	007	s02e02a	
cortex_Default	31.751441169956976	209	friends	05	007	s02e02a	
cortex_DorsAttn	34.85978693698807	122	friends	05	007	s02e02a	
cortex_Limbic	16.602761153181852	60	friends	05	007	s02e02a	
cortex_SalVentAttn	32.883256252265824	121	friends	05	007	s02e02a	
cortex_SomMot	31.625955317458782	194	friends	05	007	s02e02a	
cortex_Vis	29.05672299109511	162	friends	05	007	s02e02a	
subcortex_CAU	24.92413163908696	8	friends	05	007	s02e02a	
subcortex_PUT	24.982339857812743	8	friends	05	007	s02e02a	
subcortex_THA	24.27863931729799	14	friends	05	007	s02e02a	
cerebellum	24.643144906254864	88	friends	05	007	s02e02b	
cortex_Cont	37.954828761162425	128	friends	05	007	s02e02b	
cortex_Default	35.3895906787289	209	friends	05	007	s02e02b	
cortex_DorsAttn	41.67624918424856	122	friends	05	007	s02e02b	
cortex_Limbic	17.027252783334742	60	friends	05	007	s02e02b	
cortex_SalVentAttn	36.807552403091805	121	friends	05	007	s02e02b	
cortex_SomMot	36.22126712658532	194	friends	05	007	s02e02b	
cortex_Vis	32.57660169492213	162	friends	05	007	s02e02b	
subcortex_CAU	25.31440390044428	8	friends	05	007	s02e02b	
subcortex_PUT	24.94542378867568	8	friends	05	007	s02e02b	
subcortex_THA	25.427216863097982	14	friends	05	007	s02e02b	
cerebellum	22.203734723195524	88	friends	05	007	s02e03a	
cortex_Cont	31.78322027962534	128	friends	05	007	s02e03a	
cortex_Default	30.367280716624528	209	friends	05	007	s02e03a	
cortex_DorsAttn	34.98853411352561	122	friends	05	007	s02e03a	
cortex_Limbic	15.552837335844808	60	friends	05	007	s02e03a	
cortex_SalVentAttn	32.13703975341166	121	friends	05	007	s02e03a	
cortex_SomMot	30.821888127433073	194	friends	05	007	s02e03a	
cortex_Vis	27.267483046121768	162	friends	05	007	s02e03a	
subcortex_CAU	24.14998435307962	8	friends	05	007	s02e03a	
subcortex_PUT	24.077918089598974	8	friends	05	007	s02e03a	
subcortex_THA	23.916137718764467	14	friends	05	007	s02e03a	
cerebellum	23.212065737019678	88	friends	05	007	s02e03b	
cortex_Cont	35.10899204095865	128	friends	05	007	s02e03b	
cortex_Default	33.253584157625134	209	friends	05	007	s02e03b	
cortex_DorsAttn	38.674791025693075	122	friends	05	007	s02e03b	
cortex_Limbic	16.32856998665443	60	friends	05	007	s02e03b	
cortex_SalVentAttn	34.55005621160007	121	friends	05	007	s02e03b	
cortex_SomMot	34.064964703375864	194	friends	05	007	s02e03b	
cortex_Vis	31.440197989235834	162	friends	05	007	s02e03b	
subcortex_CAU	24.229633202034357	8	friends	05	007	s02e03b	
subcortex_PUT	24.348037788707458	8	friends	05	007	s02e03b	
subcortex_THA	24.70399473057413	14	friends	05	007	s02e03b	
cerebellum	22.806018743506996	88	friends	05	007	s02e04a	
cortex_Cont	28.54453637249429	128	friends	05	007	s02e04a	
cortex_Default	27.689054598146583	209	friends	05	007	s02e04a	
cortex_DorsAttn	30.2826772130389	122	friends	05	007	s02e04a	
cortex_Limbic	14.697591048306842	60	friends	05	007	s02e04a	
cortex_SalVentAttn	29.195951639109442	121	friends	05	007	s02e04a	
cortex_SomMot	27.422356357211353	194	friends	05	007	s02e04a	
cortex_Vis	24.283668350867327	162	friends	05	007	s02e04a	
subcortex_CAU	22.439485297996622	8	friends	05	007	s02e04a	
subcortex_PUT	22.795255023283122	8	friends	05	007	s02e04a	
subcortex_THA	22.754038880036745	14	friends	05	007	s02e04a	
cerebellum	23.448628014681137	88	friends	05	007	s02e04b	
cortex_Cont	29.192770292267145	128	friends	05	007	s02e04b	
cortex_Default	28.539027036446864	209	friends	05	007	s02e04b	
cortex_DorsAttn	31.915377641621813	122	friends	05	007	s02e04b	
cortex_Limbic	14.957251582111796	60	friends	05	007	s02e04b	
cortex_SalVentAttn	29.912777976619743	121	friends	05	007	s02e04b	
cortex_SomMot	28.10333742487617	194	friends	05	007	s02e04b	
cortex_Vis	25.608639980385963	162	friends	05	007	s02e04b	
subcortex_CAU	22.42442019781846	8	friends	05	007	s02e04b	
subcortex_PUT	22.837772743855897	8	friends	05	007	s02e04b	
subcortex_THA	23.206470669277817	14	friends	05	007	s02e04b	
cerebellum	26.73504079351926	88	friends	05	007	s02e05a	
cortex_Cont	35.127097145716654	128	friends	05	007	s02e05a	
cortex_Default	33.463009481394	209	friends	05	007	s02e05a	
cortex_DorsAttn	39.63535574133466	122	friends	05	007	s02e05a	
cortex_Limbic	16.643100381992635	60	friends	05	007	s02e05a	
cortex_SalVentAttn	34.7319535963998	121	friends	05	007	s02e05a	
cortex_SomMot	33.89834248564062	194	friends	05	007	s02e05a	
cortex_Vis	32.07356047043883	162	friends	05	007	s02e05a	
subcortex_CAU	24.762113159141077	8	friends	05	007	s02e05a	
subcortex_PUT	24.4687310843984	8	friends	05	007	s02e05a	
subcortex_THA	24.795621295664684	14	friends	05	007	s02e05a	
cerebellum	28.87229185592938	88	friends	05	007	s02e05b	
cortex_Cont	38.90678180835347	128	friends	05	007	s02e05b	
cortex_Default	36.497200864313854	209	friends	05	007	s02e05b	
cortex_DorsAttn	43.28810565887106	122	friends	05	007	s02e05b	
cortex_Limbic	17.890906580427153	60	friends	05	007	s02e05b	
cortex_SalVentAttn	37.48944731435898	121	friends	05	007	s02e05b	
cortex_SomMot	37.55387737109094	194	friends	05	007	s02e05b	
cortex_Vis	34.83532764008794	162	friends	05	007	s02e05b	
subcortex_CAU	25.527596962046925	8	friends	05	007	s02e05b	
subcortex_PUT	24.49021796868775	8	friends	05	007	s02e05b	
subcortex_THA	25.68676047302281	14	friends	05	007	s02e05b	
cerebellum	24.274293537310147	88	friends	05	007	s02e06a	
cortex_Cont	32.25549020583617	128	friends	05	007	s02e06a	
cortex_Default	31.173315130658416	209	friends	05	007	s02e06a	
cortex_DorsAttn	34.06923060090057	122	friends	05	007	s02e06a	
cortex_Limbic	16.135378985774384	60	friends	05	007	s02e06a	
cortex_SalVentAttn	31.943159200000554	121	friends	05	007	s02e06a	
cortex_SomMot	30.345201190740383	194	friends	05	007	s02e06a	
cortex_Vis	27.595637473729088	162	friends	05	007	s02e06a	
subcortex_CAU	23.474679522955277	8	friends	05	007	s02e06a	
subcortex_PUT	23.53290167125887	8	friends	05	007	s02e06a	
subcortex_THA	23.67032078443637	14	friends	05	007	s02e06a	
cerebellum	28.282926510236155	88	friends	05	007	s02e06b	
cortex_Cont	35.2512189870091	128	friends	05	007	s02e06b	
cortex_Default	33.91508989694146	209	friends	05	007	s02e06b	
cortex_DorsAttn	39.53158458864288	122	friends	05	007	s02e06b	
cortex_Limbic	16.80456516935766	60	friends	05	007	s02e06b	
cortex_SalVentAttn	34.87655782804191	121	friends	05	007	s02e06b	
cortex_SomMot	34.525989898554826	194	friends	05	007	s02e06b	
cortex_Vis	31.802024216678568	162	friends	05	007	s02e06b	
subcortex_CAU	24.51387563408831	8	friends	05	007	s02e06b	
subcortex_PUT	23.744411633549213	8	friends	05	007	s02e06b	
subcortex_THA	25.325570343901937	14	friends	05	007	s02e06b	
cerebellum	27.610015721237662	88	friends	05	008	s02e07a	
cortex_Cont	36.63176415465308	128	friends	05	008	s02e07a	
cortex_Default	35.136800799617575	209	friends	05	008	s02e07a	
cortex_DorsAttn	39.87901018954433	122	friends	05	008	s02e07a	
cortex_Limbic	16.609957878722224	60	friends	05	008	s02e07a	
cortex_SalVentAttn	35.747743371712126	121	friends	05	008	s02e07a	
cortex_SomMot	34.64088486489358	194	friends	05	008	s02e07a	
cortex_Vis	33.846088220730046	162	friends	05	008	s02e07a	
subcortex_CAU	25.041887566143593	8	friends	05	008	s02e07a	
subcortex_PUT	24.645425356291742	8	friends	05	008	s02e07a	
subcortex_THA	25.19951092880392	14	friends	05	008	s02e07a	
cerebellum	30.346484850258136	88	friends	05	008	s02e07b	
cortex_Cont	41.20407382624058	128	friends	05	008	s02e07b	
cortex_Default	38.476163880472896	209	friends	05	008	s02e07b	
cortex_DorsAttn	45.44538598853585	122	friends	05	008	s02e07b	
cortex_Limbic	18.378798600293752	60	friends	05	008	s02e07b	
cortex_SalVentAttn	39.70089095484467	121	friends	05	008	s02e07b	
cortex_SomMot	40.979342128437004	194	friends	05	008	s02e07b	
cortex_Vis	36.465794581683134	162	friends	05	008	s02e07b	
subcortex_CAU	25.622021749676254	8	friends	05	008	s02e07b	
subcortex_PUT	25.09596973938527	8	friends	05	008	s02e07b	
subcortex_THA	26.478971618418345	14	friends	05	008	s02e07b	
cerebellum	24.852814925998686	88	friends	05	008	s02e08a	
cortex_Cont	34.54304533620994	128	friends	05	008	s02e08a	
cortex_Default	32.719582985951995	209	friends	05	008	s02e08a	
cortex_DorsAttn	37.612459929433705	122	friends	05	008	s02e08a	
cortex_Limbic	15.705042064288213	60	friends	05	008	s02e08a	
cortex_SalVentAttn	34.046335397383864	121	friends	05	008	s02e08a	
cortex_SomMot	32.86749234408349	194	friends	05	008	s02e08a	
cortex_Vis	29.932127050934383	162	friends	05	008	s02e08a	
subcortex_CAU	23.649780723998237	8	friends	05	008	s02e08a	
subcortex_PUT	23.280816326429253	8	friends	05	008	s02e08a	
subcortex_THA	24.391585151021246	14	friends	05	008	s02e08a	
cerebellum	30.77632863146796	88	friends	05	008	s02e08b	
cortex_Cont	40.70243174057945	128	friends	05	008	s02e08b	
cortex_Default	38.122277672156365	209	friends	05	008	s02e08b	
cortex_DorsAttn	43.334967142671104	122	friends	05	008	s02e08b	
cortex_Limbic	18.833087796307936	60	friends	05	008	s02e08b	
cortex_SalVentAttn	39.43502015762715	121	friends	05	008	s02e08b	
cortex_SomMot	39.221754503885215	194	friends	05	008	s02e08b	
cortex_Vis	34.48043590127104	162	friends	05	008	s02e08b	
subcortex_CAU	25.761637598323045	8	friends	05	008	s02e08b	
subcortex_PUT	24.926994074553015	8	friends	05	008	s02e08b	
subcortex_THA	26.464792662518477	14	friends	05	008	s02e08b	
cerebellum	28.755626261843727	88	friends	05	008	s02e09a	
cortex_Cont	39.27113377729197	128	friends	05	008	s02e09a	
cortex_Default	36.9355790274205	209	friends	05	008	s02e09a	
cortex_DorsAttn	42.2594321015472	122	friends	05	008	s02e09a	
cortex_Limbic	17.991193551477775	60	friends	05	008	s02e09a	
cortex_SalVentAttn	38.075221523480565	121	friends	05	008	s02e09a	
cortex_SomMot	37.93106605729494	194	friends	05	008	s02e09a	
cortex_Vis	33.34233348034223	162	friends	05	008	s02e09a	
subcortex_CAU	25.12974606063401	8	friends	05	008	s02e09a	
subcortex_PUT	24.519651595229874	8	friends	05	008	s02e09a	
subcortex_THA	25.871235232967148	14	friends	05	008	s02e09a	
cerebellum	25.53645341238723	88	friends	05	008	s02e09b	
cortex_Cont	32.281196265401896	128	friends	05	008	s02e09b	
cortex_Default	31.150202967264672	209	friends	05	008	s02e09b	
cortex_DorsAttn	35.27993392683702	122	friends	05	008	s02e09b	
cortex_Limbic	15.233448865270653	60	friends	05	008	s02e09b	
cortex_SalVentAttn	32.35327208773768	121	friends	05	008	s02e09b	
cortex_SomMot	31.151145676392453	194	friends	05	008	s02e09b	
cortex_Vis	29.122534206169657	162	friends	05	008	s02e09b	
subcortex_CAU	23.355434645115906	8	friends	05	008	s02e09b	
subcortex_PUT	22.75506296691856	8	friends	05	008	s02e09b	
subcortex_THA	24.020331462245913	14	friends	05	008	s02e09b	
cerebellum	26.892489141118986	88	friends	05	008	s02e10a	
cortex_Cont	34.60055089932197	128	friends	05	008	s02e10a	
cortex_Default	33.337991594846024	209	friends	05	008	s02e10a	
cortex_DorsAttn	37.663142912823915	122	friends	05	008	s02e10a	
cortex_Limbic	16.201785269517885	60	friends	05	008	s02e10a	
cortex_SalVentAttn	34.766983934141	121	friends	05	008	s02e10a	
cortex_SomMot	33.67922372897643	194	friends	05	008	s02e10a	
cortex_Vis	31.07212122488289	162	friends	05	008	s02e10a	
subcortex_CAU	24.07016302657632	8	friends	05	008	s02e10a	
subcortex_PUT	23.693794692243163	8	friends	05	008	s02e10a	
subcortex_THA	24.620815241525264	14	friends	05	008	s02e10a	
cerebellum	25.15932687673426	88	friends	05	008	s02e10b	
cortex_Cont	32.556067507095335	128	friends	05	008	s02e10b	
cortex_Default	31.17276120618451	209	friends	05	008	s02e10b	
cortex_DorsAttn	34.79653294838701	122	friends	05	008	s02e10b	
cortex_Limbic	16.098239908964402	60	friends	05	008	s02e10b	
cortex_SalVentAttn	32.82255399265685	121	friends	05	008	s02e10b	
cortex_SomMot	31.02323079286363	194	friends	05	008	s02e10b	
cortex_Vis	29.504095819253344	162	friends	05	008	s02e10b	
subcortex_CAU	23.40714618467845	8	friends	05	008	s02e10b	
subcortex_PUT	23.1429822379385	8	friends	05	008	s02e10b	
subcortex_THA	24.222997483412325	14	friends	05	008	s02e10b	
cerebellum	23.012424253920262	88	friends	05	008	s02e11a	
cortex_Cont	35.928755744126015	128	friends	05	008	s02e11a	
cortex_Default	33.620362582663944	209	friends	05	008	s02e11a	
cortex_DorsAttn	37.47883111961774	122	friends	05	008	s02e11a	
cortex_Limbic	16.388606536495377	60	friends	05	008	s02e11a	
cortex_SalVentAttn	35.58518820073831	121	friends	05	008	s02e11a	
cortex_SomMot	34.414921490857985	194	friends	05	008	s02e11a	
cortex_Vis	29.348214914018453	162	friends	05	008	s02e11a	
subcortex_CAU	24.36913706522726	8	friends	05	008	s02e11a	
subcortex_PUT	24.064782037951126	8	friends	05	008	s02e11a	
subcortex_THA	24.432133746595277	14	friends	05	008	s02e11a	
cerebellum	26.9982831939987	88	friends	05	008	s02e11b	
cortex_Cont	34.88599174144088	128	friends	05	008	s02e11b	
cortex_Default	32.90683243149773	209	friends	05	008	s02e11b	
cortex_DorsAttn	38.13544794096868	122	friends	05	008	s02e11b	
cortex_Limbic	16.608722343425136	60	friends	05	008	s02e11b	
cortex_SalVentAttn	34.43686697281784	121	friends	05	008	s02e11b	
cortex_SomMot	33.38639504471787	194	friends	05	008	s02e11b	
cortex_Vis	30.30687225507013	162	friends	05	008	s02e11b	
subcortex_CAU	23.8364438271989	8	friends	05	008	s02e11b	
subcortex_PUT	23.36144041787006	8	friends	05	008	s02e11b	
subcortex_THA	24.506232538304925	14	friends	05	008	s02e11b	
cerebellum	23.99673299463677	88	friends	05	008	s02e12a	
cortex_Cont	31.07451249286351	128	friends	05	008	s02e12a	
cortex_Default	30.05557488198098	209	friends	05	008	s02e12a	
cortex_DorsAttn	31.311929242001703	122	friends	05	008	s02e12a	
cortex_Limbic	15.892336448042942	60	friends	05	008	s02e12a	
cortex_SalVentAttn	30.803984129931237	121	friends	05	008	s02e12a	
cortex_SomMot	28.953985949058612	194	friends	05	008	s02e12a	
cortex_Vis	24.713495672847316	162	friends	05	008	s02e12a	
subcortex_CAU	23.129860018211804	8	friends	05	008	s02e12a	
subcortex_PUT	22.651829425799043	8	friends	05	008	s02e12a	
subcortex_THA	23.15095080583385	14	friends	05	008	s02e12a	
cerebellum	29.733923985077286	88	friends	05	008	s02e12b	
cortex_Cont	38.603703921000935	128	friends	05	008	s02e12b	
cortex_Default	36.233532412799626	209	friends	05	008	s02e12b	
cortex_DorsAttn	42.53167829310015	122	friends	05	008	s02e12b	
cortex_Limbic	17.907420785272247	60	friends	05	008	s02e12b	
cortex_SalVentAttn	37.460025328413906	121	friends	05	008	s02e12b	
cortex_SomMot	37.606060211604955	194	friends	05	008	s02e12b	
cortex_Vis	34.529518662308156	162	friends	05	008	s02e12b	
subcortex_CAU	24.98599568502758	8	friends	05	008	s02e12b	
subcortex_PUT	23.809476864117347	8	friends	05	008	s02e12b	
subcortex_THA	25.696301508577843	14	friends	05	008	s02e12b	
cerebellum	27.226081039557922	88	friends	05	009	s02e13a	
cortex_Cont	37.056385449076274	128	friends	05	009	s02e13a	
cortex_Default	35.14060943403548	209	friends	05	009	s02e13a	
cortex_DorsAttn	41.44246593843815	122	friends	05	009	s02e13a	
cortex_Limbic	17.03355693903283	60	friends	05	009	s02e13a	
cortex_SalVentAttn	36.21090877928019	121	friends	05	009	s02e13a	
cortex_SomMot	35.36562075383354	194	friends	05	009	s02e13a	
cortex_Vis	33.83732654975437	162	friends	05	009	s02e13a	
subcortex_CAU	24.58468576393881	8	friends	05	009	s02e13a	
subcortex_PUT	24.69537393327271	8	friends	05	009	s02e13a	
subcortex_THA	25.361111604028515	14	friends	05	009	s02e13a	
cerebellum	26.971210870950426	88	friends	05	009	s02e13b	
cortex_Cont	38.42332295828614	128	friends	05	009	s02e13b	
cortex_Default	36.08886512880897	209	friends	05	009	s02e13b	
cortex_DorsAttn	41.153487829786506	122	friends	05	009	s02e13b	
cortex_Limbic	18.503528539755656	60	friends	05	009	s02e13b	
cortex_SalVentAttn	37.641256770981826	121	friends	05	009	s02e13b	
cortex_SomMot	37.04919244089901	194	friends	05	009	s02e13b	
cortex_Vis	32.36532249754611	162	friends	05	009	s02e13b	
subcortex_CAU	25.87279943732294	8	friends	05	009	s02e13b	
subcortex_PUT	25.264087140523056	8	friends	05	009	s02e13b	
subcortex_THA	26.39345684098086	14	friends	05	009	s02e13b	
cerebellum	25.08370981850915	88	friends	05	009	s02e14a	
cortex_Cont	37.620179248010764	128	friends	05	009	s02e14a	
cortex_Default	35.25965173910878	209	friends	05	009	s02e14a	
cortex_DorsAttn	40.52474387168371	122	friends	05	009	s02e14a	
cortex_Limbic	17.74929900155764	60	friends	05	009	s02e14a	
cortex_SalVentAttn	36.89732051960455	121	friends	05	009	s02e14a	
cortex_SomMot	36.71348590871481	194	friends	05	009	s02e14a	
cortex_Vis	30.812248038307438	162	friends	05	009	s02e14a	
subcortex_CAU	25.448174298442737	8	friends	05	009	s02e14a	
subcortex_PUT	24.639510196362604	8	friends	05	009	s02e14a	
subcortex_THA	25.709568126808612	14	friends	05	009	s02e14a	
cerebellum	22.439584422332445	88	friends	05	009	s02e14b	
cortex_Cont	33.224135309627016	128	friends	05	009	s02e14b	
cortex_Default	31.59891253396118	209	friends	05	009	s02e14b	
cortex_DorsAttn	34.75814082144008	122	friends	05	009	s02e14b	
cortex_Limbic	17.219802559896927	60	friends	05	009	s02e14b	
cortex_SalVentAttn	33.703877491189374	121	friends	05	009	s02e14b	
cortex_SomMot	32.06259808058661	194	friends	05	009	s02e14b	
cortex_Vis	26.944008650724776	162	friends	05	009	s02e14b	
subcortex_CAU	24.155374364078714	8	friends	05	009	s02e14b	
subcortex_PUT	23.765466275562943	8	friends	05	009	s02e14b	
subcortex_THA	24.78422261235573	14	friends	05	009	s02e14b	
cerebellum	29.314710397710076	88	friends	05	009	s02e15a	
cortex_Cont	41.39238549753284	128	friends	05	009	s02e15a	
cortex_Default	39.02569191589135	209	friends	05	009	s02e15a	
cortex_DorsAttn	45.175738055993726	122	friends	05	009	s02e15a	
cortex_Limbic	19.30089262389391	60	friends	05	009	s02e15a	
cortex_SalVentAttn	40.38397003935544	121	friends	05	009	s02e15a	
cortex_SomMot	41.25242756403013	194	friends	05	009	s02e15a	
cortex_Vis	35.0781247741443	162	friends	05	009	s02e15a	
subcortex_CAU	26.96911372578601	8	friends	05	009	s02e15a	
subcortex_PUT	25.607461292236053	8	friends	05	009	s02e15a	
subcortex_THA	26.949739965050323	14	friends	05	009	s02e15a	
cerebellum	27.735888376036566	88	friends	05	009	s02e15b	
cortex_Cont	38.69937648204656	128	friends	05	009	s02e15b	
cortex_Default	36.499497959955086	209	friends	05	009	s02e15b	
cortex_DorsAttn	43.089702737962455	122	friends	05	009	s02e15b	
cortex_Limbic	18.139304696361727	60	friends	05	009	s02e15b	
cortex_SalVentAttn	37.767264811912554	121	friends	05	009	s02e15b	
cortex_SomMot	38.541415205226116	194	friends	05	009	s02e15b	
cortex_Vis	34.66859852667676	162	friends	05	009	s02e15b	
subcortex_CAU	26.00794354959793	8	friends	05	009	s02e15b	
subcortex_PUT	24.72629280926217	8	friends	05	009	s02e15b	
subcortex_THA	25.912497025047767	14	friends	05	009	s02e15b	
cerebellum	26.032305531440304	88	friends	05	009	s02e16a	
cortex_Cont	36.549614352245044	128	friends	05	009	s02e16a	
cortex_Default	34.85075945196054	209	friends	05	009	s02e16a	
cortex_DorsAttn	40.81890289540705	122	friends	05	009	s02e16a	
cortex_Limbic	17.660236036409835	60	friends	05	009	s02e16a	
cortex_SalVentAttn	36.10107178615977	121	friends	05	009	s02e16a	
cortex_SomMot	35.99385669704831	194	friends	05	009	s02e16a	
cortex_Vis	33.27871139904924	162	friends	05	009	s02e16a	
subcortex_CAU	25.495670495143155	8	friends	05	009	s02e16a	
subcortex_PUT	24.899193541512137	8	friends	05	009	s02e16a	
subcortex_THA	25.691964307976885	14	friends	05	009	s02e16a	
cerebellum	23.95715546951171	88	friends	05	009	s02e16b	
cortex_Cont	35.90258589266545	128	friends	05	009	s02e16b	
cortex_Default	33.61397890037114	209	friends	05	009	s02e16b	
cortex_DorsAttn	39.248591400745575	122	friends	05	009	s02e16b	
cortex_Limbic	17.140076912845064	60	friends	05	009	s02e16b	
cortex_SalVentAttn	35.62529169432234	121	friends	05	009	s02e16b	
cortex_SomMot	35.66845333195234	194	friends	05	009	s02e16b	
cortex_Vis	29.630569447281164	162	friends	05	009	s02e16b	
subcortex_CAU	25.140932785846026	8	friends	05	009	s02e16b	
subcortex_PUT	24.137033148669936	8	friends	05	009	s02e16b	
subcortex_THA	25.40544806146452	14	friends	05	009	s02e16b	
cerebellum	27.589396740202975	88	friends	05	009	s02e17a	
cortex_Cont	42.32190458530384	128	friends	05	009	s02e17a	
cortex_Default	39.55311995350298	209	friends	05	009	s02e17a	
cortex_DorsAttn	46.40722390385269	122	friends	05	009	s02e17a	
cortex_Limbic	19.21844312867124	60	friends	05	009	s02e17a	
cortex_SalVentAttn	40.61122426356712	121	friends	05	009	s02e17a	
cortex_SomMot	42.00359337994054	194	friends	05	009	s02e17a	
cortex_Vis	35.73996036468017	162	friends	05	009	s02e17a	
subcortex_CAU	26.69528098807885	8	friends	05	009	s02e17a	
subcortex_PUT	25.138114439555213	8	friends	05	009	s02e17a	
subcortex_THA	26.761420237047908	14	friends	05	009	s02e17a	
cerebellum	24.37442684152793	88	friends	05	009	s02e17b	
cortex_Cont	36.69187184670785	128	friends	05	009	s02e17b	
cortex_Default	34.38278475943181	209	friends	05	009	s02e17b	
cortex_DorsAttn	39.19416955677852	122	friends	05	009	s02e17b	
cortex_Limbic	17.398622397463317	60	friends	05	009	s02e17b	
cortex_SalVentAttn	36.024102154195276	121	friends	05	009	s02e17b	
cortex_SomMot	35.88952944592349	194	friends	05	009	s02e17b	
cortex_Vis	29.737051044928183	162	friends	05	009	s02e17b	
subcortex_CAU	24.87167256414128	8	friends	05	009	s02e17b	
subcortex_PUT	24.061459473403705	8	friends	05	009	s02e17b	
subcortex_THA	24.854056802111618	14	friends	05	009	s02e17b	
cerebellum	25.976136273271006	88	friends	05	009	s02e18a	
cortex_Cont	37.17784785309043	128	friends	05	009	s02e18a	
cortex_Default	35.42366962977026	209	friends	05	009	s02e18a	
cortex_DorsAttn	42.264467498637885	122	friends	05	009	s02e18a	
cortex_Limbic	17.430963424689505	60	friends	05	009	s02e18a	
cortex_SalVentAttn	36.86260077961568	121	friends	05	009	s02e18a	
cortex_SomMot	37.38595679337301	194	friends	05	009	s02e18a	
cortex_Vis	32.74942564686381	162	friends	05	009	s02e18a	
subcortex_CAU	25.20377057758293	8	friends	05	009	s02e18a	
subcortex_PUT	24.120976840631073	8	friends	05	009	s02e18a	
subcortex_THA	25.86463616966915	14	friends	05	009	s02e18a	
cerebellum	23.559269064372405	88	friends	05	009	s02e18b	
cortex_Cont	35.10736193653182	128	friends	05	009	s02e18b	
cortex_Default	33.37303469314962	209	friends	05	009	s02e18b	
cortex_DorsAttn	36.77455380675718	122	friends	05	009	s02e18b	
cortex_Limbic	17.65708386218393	60	friends	05	009	s02e18b	
cortex_SalVentAttn	35.142538119500536	121	friends	05	009	s02e18b	
cortex_SomMot	34.200928192886266	194	friends	05	009	s02e18b	
cortex_Vis	28.162766934426273	162	friends	05	009	s02e18b	
subcortex_CAU	25.75443982848906	8	friends	05	009	s02e18b	
subcortex_PUT	24.970051301745958	8	friends	05	009	s02e18b	
subcortex_THA	25.4806362585638	14	friends	05	009	s02e18b	
cerebellum	26.132488365621427	88	friends	05	010	s02e19a	
cortex_Cont	35.994240265402574	128	friends	05	010	s02e19a	
cortex_Default	33.96606588740236	209	friends	05	010	s02e19a	
cortex_DorsAttn	38.85915978098528	122	friends	05	010	s02e19a	
cortex_Limbic	16.773364592777178	60	friends	05	010	s02e19a	
cortex_SalVentAttn	34.99325709445515	121	friends	05	010	s02e19a	
cortex_SomMot	33.97894939865179	194	friends	05	010	s02e19a	
cortex_Vis	32.7104308553602	162	friends	05	010	s02e19a	
subcortex_CAU	24.3337657118657	8	friends	05	010	s02e19a	
subcortex_PUT	23.663018597440832	8	friends	05	010	s02e19a	
subcortex_THA	24.403163482004476	14	friends	05	010	s02e19a	
cerebellum	30.410346845152127	88	friends	05	010	s02e19b	
cortex_Cont	38.75090997556585	128	friends	05	010	s02e19b	
cortex_Default	36.950224386222054	209	friends	05	010	s02e19b	
cortex_DorsAttn	43.02414650396206	122	friends	05	010	s02e19b	
cortex_Limbic	18.029105210713094	60	friends	05	010	s02e19b	
cortex_SalVentAttn	38.213663035318554	121	friends	05	010	s02e19b	
cortex_SomMot	38.59896082870296	194	friends	05	010	s02e19b	
cortex_Vis	36.182352054146776	162	friends	05	010	s02e19b	
subcortex_CAU	25.284045710085042	8	friends	05	010	s02e19b	
subcortex_PUT	24.38825316691789	8	friends	05	010	s02e19b	
subcortex_THA	26.063125203220604	14	friends	05	010	s02e19b	
cerebellum	27.65179513381406	88	friends	05	010	s02e20a	
cortex_Cont	39.279870534076075	128	friends	05	010	s02e20a	
cortex_Default	36.871803365020966	209	friends	05	010	s02e20a	
cortex_DorsAttn	42.54060794123279	122	friends	05	010	s02e20a	
cortex_Limbic	18.25901233477783	60	friends	05	010	s02e20a	
cortex_SalVentAttn	37.6608753569116	121	friends	05	010	s02e20a	
cortex_SomMot	37.795771794453984	194	friends	05	010	s02e20a	
cortex_Vis	33.54733030330171	162	friends	05	010	s02e20a	
subcortex_CAU	25.415579143122823	8	friends	05	010	s02e20a	
subcortex_PUT	24.47836911123586	8	friends	05	010	s02e20a	
subcortex_THA	25.72495538582312	14	friends	05	010	s02e20a	
cerebellum	29.212796731164676	88	friends	05	011	s02e21a	
cortex_Cont	38.650413983339284	128	friends	05	011	s02e21a	
cortex_Default	36.69847686971275	209	friends	05	011	s02e21a	
cortex_DorsAttn	42.20879802573875	122	friends	05	011	s02e21a	
cortex_Limbic	17.818494415716984	60	friends	05	011	s02e21a	
cortex_SalVentAttn	37.82053243198004	121	friends	05	011	s02e21a	
cortex_SomMot	38.04240629496463	194	friends	05	011	s02e21a	
cortex_Vis	35.74723246976262	162	friends	05	011	s02e21a	
subcortex_CAU	24.734738517635662	8	friends	05	011	s02e21a	
subcortex_PUT	24.80056158933696	8	friends	05	011	s02e21a	
subcortex_THA	25.478555750991784	14	friends	05	011	s02e21a	
cerebellum	27.107909045058822	88	friends	05	011	s02e21b	
cortex_Cont	32.59669513786504	128	friends	05	011	s02e21b	
cortex_Default	31.943565813610007	209	friends	05	011	s02e21b	
cortex_DorsAttn	35.28933586665473	122	friends	05	011	s02e21b	
cortex_Limbic	15.983592797792573	60	friends	05	011	s02e21b	
cortex_SalVentAttn	32.61872272122449	121	friends	05	011	s02e21b	
cortex_SomMot	31.007760263532536	194	friends	05	011	s02e21b	
cortex_Vis	30.969418700554094	162	friends	05	011	s02e21b	
subcortex_CAU	23.631856563026577	8	friends	05	011	s02e21b	
subcortex_PUT	23.700209141822917	8	friends	05	011	s02e21b	
subcortex_THA	24.29296163616986	14	friends	05	011	s02e21b	
cerebellum	26.52811960899445	88	friends	05	011	s02e22a	
cortex_Cont	35.00220760581436	128	friends	05	011	s02e22a	
cortex_Default	33.48685928245936	209	friends	05	011	s02e22a	
cortex_DorsAttn	35.90351928709733	122	friends	05	011	s02e22a	
cortex_Limbic	16.792370134659937	60	friends	05	011	s02e22a	
cortex_SalVentAttn	34.34376897156546	121	friends	05	011	s02e22a	
cortex_SomMot	32.48659142836344	194	friends	05	011	s02e22a	
cortex_Vis	28.748467717095227	162	friends	05	011	s02e22a	
subcortex_CAU	24.239502054312663	8	friends	05	011	s02e22a	
subcortex_PUT	23.731945640318237	8	friends	05	011	s02e22a	
subcortex_THA	24.296538637199202	14	friends	05	011	s02e22a	
cerebellum	26.609299542211087	88	friends	05	011	s02e22b	
cortex_Cont	33.30018732257491	128	friends	05	011	s02e22b	
cortex_Default	31.82315018471439	209	friends	05	011	s02e22b	
cortex_DorsAttn	35.26727075557305	122	friends	05	011	s02e22b	
cortex_Limbic	16.91431383246301	60	friends	05	011	s02e22b	
cortex_SalVentAttn	33.43971281456366	121	friends	05	011	s02e22b	
cortex_SomMot	31.981522911853588	194	friends	05	011	s02e22b	
cortex_Vis	30.145683609186534	162	friends	05	011	s02e22b	
subcortex_CAU	23.887535321594424	8	friends	05	011	s02e22b	
subcortex_PUT	23.66592335609323	8	friends	05	011	s02e22b	
subcortex_THA	24.35986440905047	14	friends	05	011	s02e22b	
cerebellum	28.665719896797782	88	friends	05	011	s02e23a	
cortex_Cont	37.52477895789642	128	friends	05	011	s02e23a	
cortex_Default	35.46632885727792	209	friends	05	011	s02e23a	
cortex_DorsAttn	41.32388920568643	122	friends	05	011	s02e23a	
cortex_Limbic	17.0390838329893	60	friends	05	011	s02e23a	
cortex_SalVentAttn	36.78438750438087	121	friends	05	011	s02e23a	
cortex_SomMot	36.44633484709346	194	friends	05	011	s02e23a	
cortex_Vis	33.14685526050127	162	friends	05	011	s02e23a	
subcortex_CAU	24.79750163923819	8	friends	05	011	s02e23a	
subcortex_PUT	23.978027671097536	8	friends	05	011	s02e23a	
subcortex_THA	25.29568257494534	14	friends	05	011	s02e23a	
cerebellum	25.17731705313614	88	friends	05	011	s02e23b	
cortex_Cont	29.56543357669008	128	friends	05	011	s02e23b	
cortex_Default	29.139380207608994	209	friends	05	011	s02e23b	
cortex_DorsAttn	31.29005631340511	122	friends	05	011	s02e23b	
cortex_Limbic	15.46397243362059	60	friends	05	011	s02e23b	
cortex_SalVentAttn	29.859699643311313	121	friends	05	011	s02e23b	
cortex_SomMot	27.59692691885872	194	friends	05	011	s02e23b	
cortex_Vis	27.195081085740437	162	friends	05	011	s02e23b	
subcortex_CAU	23.208436010362654	8	friends	05	011	s02e23b	
subcortex_PUT	22.86501144011406	8	friends	05	011	s02e23b	
subcortex_THA	23.17786257916054	14	friends	05	011	s02e23b	
cerebellum	25.815889253529345	88	friends	05	011	s02e24a	
cortex_Cont	31.414369764176016	128	friends	05	011	s02e24a	
cortex_Default	30.584549452206033	209	friends	05	011	s02e24a	
cortex_DorsAttn	33.15539107931988	122	friends	05	011	s02e24a	
cortex_Limbic	15.63576412584148	60	friends	05	011	s02e24a	
cortex_SalVentAttn	31.764324410695725	121	friends	05	011	s02e24a	
cortex_SomMot	29.99524220169345	194	friends	05	011	s02e24a	
cortex_Vis	29.452878864284898	162	friends	05	011	s02e24a	
subcortex_CAU	23.24339530439852	8	friends	05	011	s02e24a	
subcortex_PUT	23.224054246453406	8	friends	05	011	s02e24a	
subcortex_THA	23.673837906929332	14	friends	05	011	s02e24a	
cerebellum	25.130821672071026	88	friends	05	011	s02e24b	
cortex_Cont	32.06593960181777	128	friends	05	011	s02e24b	
cortex_Default	31.322199429422	209	friends	05	011	s02e24b	
cortex_DorsAttn	33.945658003435604	122	friends	05	011	s02e24b	
cortex_Limbic	15.956306610674163	60	friends	05	011	s02e24b	
cortex_SalVentAttn	32.31964609440518	121	friends	05	011	s02e24b	
cortex_SomMot	30.50237100900249	194	friends	05	011	s02e24b	
cortex_Vis	28.36127966448143	162	friends	05	011	s02e24b	
subcortex_CAU	23.970201333010063	8	friends	05	011	s02e24b	
subcortex_PUT	23.332395598579822	8	friends	05	011	s02e24b	
subcortex_THA	23.887147644859944	14	friends	05	011	s02e24b	
cerebellum	25.72695735066417	88	friends	05	012	s01e03a	
cortex_Cont	35.5596129189743	128	friends	05	012	s01e03a	
cortex_Default	34.01459764841302	209	friends	05	012	s01e03a	
cortex_DorsAttn	36.78676528862286	122	friends	05	012	s01e03a	
cortex_Limbic	16.81803925937528	60	friends	05	012	s01e03a	
cortex_SalVentAttn	35.54140343207096	121	friends	05	012	s01e03a	
cortex_SomMot	34.52973612864912	194	friends	05	012	s01e03a	
cortex_Vis	30.59968307824244	162	friends	05	012	s01e03a	
subcortex_CAU	25.481759656354352	8	friends	05	012	s01e03a	
subcortex_PUT	24.237283588710255	8	friends	05	012	s01e03a	
subcortex_THA	25.789034584745544	14	friends	05	012	s01e03a	
cerebellum	25.654537449776605	88	friends	05	012	s01e03b	
cortex_Cont	36.493849918256196	128	friends	05	012	s01e03b	
cortex_Default	34.808919616913265	209	friends	05	012	s01e03b	
cortex_DorsAttn	39.097071600181955	122	friends	05	012	s01e03b	
cortex_Limbic	16.53183754842295	60	friends	05	012	s01e03b	
cortex_SalVentAttn	35.70931975057766	121	friends	05	012	s01e03b	
cortex_SomMot	34.73097722994398	194	friends	05	012	s01e03b	
cortex_Vis	33.23478351329212	162	friends	05	012	s01e03b	
subcortex_CAU	24.96674291321164	8	friends	05	012	s01e03b	
subcortex_PUT	24.126904098360047	8	friends	05	012	s01e03b	
subcortex_THA	24.997395462897675	14	friends	05	012	s01e03b	
cerebellum	27.529540674159037	88	friends	05	012	s01e04a	
cortex_Cont	36.32607379580024	128	friends	05	012	s01e04a	
cortex_Default	34.95567929893037	209	friends	05	012	s01e04a	
cortex_DorsAttn	39.318564134505216	122	friends	05	012	s01e04a	
cortex_Limbic	17.482166453127086	60	friends	05	012	s01e04a	
cortex_SalVentAttn	35.71048775481284	121	friends	05	012	s01e04a	
cortex_SomMot	35.40053421502164	194	friends	05	012	s01e04a	
cortex_Vis	33.26637476842522	162	friends	05	012	s01e04a	
subcortex_CAU	25.446987155630453	8	friends	05	012	s01e04a	
subcortex_PUT	24.586371431046523	8	friends	05	012	s01e04a	
subcortex_THA	25.328420146223902	14	friends	05	012	s01e04a	
cerebellum	27.04088332248108	88	friends	05	012	s01e04b	
cortex_Cont	36.79419703019315	128	friends	05	012	s01e04b	
cortex_Default	35.595227148272244	209	friends	05	012	s01e04b	
cortex_DorsAttn	39.906029434589954	122	friends	05	012	s01e04b	
cortex_Limbic	18.255954352350425	60	friends	05	012	s01e04b	
cortex_SalVentAttn	35.97132362903551	121	friends	05	012	s01e04b	
cortex_SomMot	35.92058926351082	194	friends	05	012	s01e04b	
cortex_Vis	33.84692081332764	162	friends	05	012	s01e04b	
subcortex_CAU	27.253119839214794	8	friends	05	012	s01e04b	
subcortex_PUT	26.96344063195324	8	friends	05	012	s01e04b	
subcortex_THA	25.035546296826002	14	friends	05	012	s01e04b	
cerebellum	22.974883047889918	88	friends	05	013	s03e01a	
cortex_Cont	33.15208825859043	128	friends	05	013	s03e01a	
cortex_Default	31.748215156001702	209	friends	05	013	s03e01a	
cortex_DorsAttn	34.41578523079151	122	friends	05	013	s03e01a	
cortex_Limbic	15.822598968781664	60	friends	05	013	s03e01a	
cortex_SalVentAttn	32.52948192621393	121	friends	05	013	s03e01a	
cortex_SomMot	30.417125150132797	194	friends	05	013	s03e01a	
cortex_Vis	27.494150104049215	162	friends	05	013	s03e01a	
subcortex_CAU	24.485582330090676	8	friends	05	013	s03e01a	
subcortex_PUT	23.955741370411772	8	friends	05	013	s03e01a	
subcortex_THA	23.80826129180476	14	friends	05	013	s03e01a	
cerebellum	26.036974262541104	88	friends	05	013	s03e01b	
cortex_Cont	32.79498500379168	128	friends	05	013	s03e01b	
cortex_Default	31.440968333706873	209	friends	05	013	s03e01b	
cortex_DorsAttn	34.72991847964445	122	friends	05	013	s03e01b	
cortex_Limbic	15.355116018375874	60	friends	05	013	s03e01b	
cortex_SalVentAttn	32.772634230073386	121	friends	05	013	s03e01b	
cortex_SomMot	31.041756155046816	194	friends	05	013	s03e01b	
cortex_Vis	29.052962367124874	162	friends	05	013	s03e01b	
subcortex_CAU	23.596770917456684	8	friends	05	013	s03e01b	
subcortex_PUT	23.27276517994383	8	friends	05	013	s03e01b	
subcortex_THA	23.559317994407508	14	friends	05	013	s03e01b	
cerebellum	24.451086672749955	88	friends	05	013	s03e02a	
cortex_Cont	32.07438254581628	128	friends	05	013	s03e02a	
cortex_Default	30.755264272231585	209	friends	05	013	s03e02a	
cortex_DorsAttn	32.92906526809208	122	friends	05	013	s03e02a	
cortex_Limbic	15.567980265718639	60	friends	05	013	s03e02a	
cortex_SalVentAttn	32.04992009999086	121	friends	05	013	s03e02a	
cortex_SomMot	29.52524767823975	194	friends	05	013	s03e02a	
cortex_Vis	27.648916605108315	162	friends	05	013	s03e02a	
subcortex_CAU	23.362689166800372	8	friends	05	013	s03e02a	
subcortex_PUT	23.07128461083506	8	friends	05	013	s03e02a	
subcortex_THA	23.464256764241792	14	friends	05	013	s03e02a	
cerebellum	27.744290888208717	88	friends	05	013	s03e02b	
cortex_Cont	34.93489161155711	128	friends	05	013	s03e02b	
cortex_Default	33.44058040495321	209	friends	05	013	s03e02b	
cortex_DorsAttn	36.69724703232323	122	friends	05	013	s03e02b	
cortex_Limbic	16.194305481187815	60	friends	05	013	s03e02b	
cortex_SalVentAttn	34.21661633391345	121	friends	05	013	s03e02b	
cortex_SomMot	32.48463854256269	194	friends	05	013	s03e02b	
cortex_Vis	30.935276068966687	162	friends	05	013	s03e02b	
subcortex_CAU	24.346095628152227	8	friends	05	013	s03e02b	
subcortex_PUT	23.838672904096317	8	friends	05	013	s03e02b	
subcortex_THA	24.30163283193242	14	friends	05	013	s03e02b	
cerebellum	24.046462913245104	88	friends	05	013	s03e03a	
cortex_Cont	31.887494866504916	128	friends	05	013	s03e03a	
cortex_Default	30.509646929234695	209	friends	05	013	s03e03a	
cortex_DorsAttn	34.29485344058017	122	friends	05	013	s03e03a	
cortex_Limbic	15.08884857979435	60	friends	05	013	s03e03a	
cortex_SalVentAttn	32.039521114725936	121	friends	05	013	s03e03a	
cortex_SomMot	30.909552263601963	194	friends	05	013	s03e03a	
cortex_Vis	26.421204375667813	162	friends	05	013	s03e03a	
subcortex_CAU	23.465121196464658	8	friends	05	013	s03e03a	
subcortex_PUT	22.83678194774972	8	friends	05	013	s03e03a	
subcortex_THA	23.198574631995136	14	friends	05	013	s03e03a	
cerebellum	27.163080589263757	88	friends	05	013	s03e03b	
cortex_Cont	35.7818177832404	128	friends	05	013	s03e03b	
cortex_Default	33.81692765633875	209	friends	05	013	s03e03b	
cortex_DorsAttn	38.20383138645027	122	friends	05	013	s03e03b	
cortex_Limbic	16.832013651532748	60	friends	05	013	s03e03b	
cortex_SalVentAttn	35.17400922687188	121	friends	05	013	s03e03b	
cortex_SomMot	34.53665558714024	194	friends	05	013	s03e03b	
cortex_Vis	31.06534313140331	162	friends	05	013	s03e03b	
subcortex_CAU	25.38643389534865	8	friends	05	013	s03e03b	
subcortex_PUT	24.266081729460872	8	friends	05	013	s03e03b	
subcortex_THA	24.802882427329788	14	friends	05	013	s03e03b	
cerebellum	26.731837613038234	88	friends	05	013	s03e04a	
cortex_Cont	35.2022141281351	128	friends	05	013	s03e04a	
cortex_Default	33.31893590197001	209	friends	05	013	s03e04a	
cortex_DorsAttn	37.68430335571928	122	friends	05	013	s03e04a	
cortex_Limbic	16.636867818448433	60	friends	05	013	s03e04a	
cortex_SalVentAttn	35.32257929235177	121	friends	05	013	s03e04a	
cortex_SomMot	34.62117177839107	194	friends	05	013	s03e04a	
cortex_Vis	29.89289596721348	162	friends	05	013	s03e04a	
subcortex_CAU	24.99240236429999	8	friends	05	013	s03e04a	
subcortex_PUT	24.087287747217175	8	friends	05	013	s03e04a	
subcortex_THA	25.138451034074848	14	friends	05	013	s03e04a	
cerebellum	25.85984658830429	88	friends	05	013	s03e04b	
cortex_Cont	36.29126300901467	128	friends	05	013	s03e04b	
cortex_Default	34.23754002236443	209	friends	05	013	s03e04b	
cortex_DorsAttn	36.75937777864948	122	friends	05	013	s03e04b	
cortex_Limbic	17.127118942629767	60	friends	05	013	s03e04b	
cortex_SalVentAttn	35.72188668815182	121	friends	05	013	s03e04b	
cortex_SomMot	34.14237703630462	194	friends	05	013	s03e04b	
cortex_Vis	29.660807655902143	162	friends	05	013	s03e04b	
subcortex_CAU	24.824639662586037	8	friends	05	013	s03e04b	
subcortex_PUT	23.789201342658046	8	friends	05	013	s03e04b	
subcortex_THA	24.890992894678224	14	friends	05	013	s03e04b	
cerebellum	25.475484099297944	88	friends	05	013	s03e05a	
cortex_Cont	34.59029275688013	128	friends	05	013	s03e05a	
cortex_Default	32.759811790647106	209	friends	05	013	s03e05a	
cortex_DorsAttn	36.285877621555336	122	friends	05	013	s03e05a	
cortex_Limbic	16.22018847231481	60	friends	05	013	s03e05a	
cortex_SalVentAttn	34.04443017968467	121	friends	05	013	s03e05a	
cortex_SomMot	32.731094606666574	194	friends	05	013	s03e05a	
cortex_Vis	29.140863941592276	162	friends	05	013	s03e05a	
subcortex_CAU	24.860203998335393	8	friends	05	013	s03e05a	
subcortex_PUT	23.866648145663678	8	friends	05	013	s03e05a	
subcortex_THA	23.917338079549893	14	friends	05	013	s03e05a	
cerebellum	27.53502477574906	88	friends	05	013	s03e05b	
cortex_Cont	34.87317692100464	128	friends	05	013	s03e05b	
cortex_Default	32.88621708635338	209	friends	05	013	s03e05b	
cortex_DorsAttn	37.3678470434651	122	friends	05	013	s03e05b	
cortex_Limbic	15.88230439111113	60	friends	05	013	s03e05b	
cortex_SalVentAttn	33.7259428726797	121	friends	05	013	s03e05b	
cortex_SomMot	31.83771899379343	194	friends	05	013	s03e05b	
cortex_Vis	32.80144551597699	162	friends	05	013	s03e05b	
subcortex_CAU	24.032904195351126	8	friends	05	013	s03e05b	
subcortex_PUT	23.388344236152374	8	friends	05	013	s03e05b	
subcortex_THA	23.756952574808178	14	friends	05	013	s03e05b	
cerebellum	20.111903460885795	88	friends	05	014	s03e06a	
cortex_Cont	29.904278552726485	128	friends	05	014	s03e06a	
cortex_Default	28.78685606560557	209	friends	05	014	s03e06a	
cortex_DorsAttn	32.01809729963697	122	friends	05	014	s03e06a	
cortex_Limbic	14.900268115802115	60	friends	05	014	s03e06a	
cortex_SalVentAttn	30.575327641938575	121	friends	05	014	s03e06a	
cortex_SomMot	28.630518538156696	194	friends	05	014	s03e06a	
cortex_Vis	26.44378963980334	162	friends	05	014	s03e06a	
subcortex_CAU	22.94410468626939	8	friends	05	014	s03e06a	
subcortex_PUT	23.404268793091276	8	friends	05	014	s03e06a	
subcortex_THA	23.79534111250005	14	friends	05	014	s03e06a	
cerebellum	22.280759168698367	88	friends	05	014	s03e06b	
cortex_Cont	33.92898895621432	128	friends	05	014	s03e06b	
cortex_Default	32.320847999455694	209	friends	05	014	s03e06b	
cortex_DorsAttn	36.532023484908294	122	friends	05	014	s03e06b	
cortex_Limbic	15.979067647859603	60	friends	05	014	s03e06b	
cortex_SalVentAttn	33.62231257743415	121	friends	05	014	s03e06b	
cortex_SomMot	32.36830078182045	194	friends	05	014	s03e06b	
cortex_Vis	29.715199995657052	162	friends	05	014	s03e06b	
subcortex_CAU	24.96290290713018	8	friends	05	014	s03e06b	
subcortex_PUT	24.251988757685062	8	friends	05	014	s03e06b	
subcortex_THA	24.537300072262266	14	friends	05	014	s03e06b	
cerebellum	23.34881308240705	88	friends	05	014	s03e07a	
cortex_Cont	27.566304502685163	128	friends	05	014	s03e07a	
cortex_Default	26.671094827377875	209	friends	05	014	s03e07a	
cortex_DorsAttn	29.737847312690963	122	friends	05	014	s03e07a	
cortex_Limbic	14.012427485308459	60	friends	05	014	s03e07a	
cortex_SalVentAttn	28.34751545660097	121	friends	05	014	s03e07a	
cortex_SomMot	25.93574151321385	194	friends	05	014	s03e07a	
cortex_Vis	25.73047035914908	162	friends	05	014	s03e07a	
subcortex_CAU	22.124420818098418	8	friends	05	014	s03e07a	
subcortex_PUT	22.086686381128562	8	friends	05	014	s03e07a	
subcortex_THA	22.80080594999549	14	friends	05	014	s03e07a	
cerebellum	25.06345246399392	88	friends	05	014	s03e07b	
cortex_Cont	33.1586783082778	128	friends	05	014	s03e07b	
cortex_Default	31.534132747168155	209	friends	05	014	s03e07b	
cortex_DorsAttn	35.725772280315326	122	friends	05	014	s03e07b	
cortex_Limbic	15.897976606431294	60	friends	05	014	s03e07b	
cortex_SalVentAttn	33.162607302602645	121	friends	05	014	s03e07b	
cortex_SomMot	31.855174568328	194	friends	05	014	s03e07b	
cortex_Vis	28.858101007027898	162	friends	05	014	s03e07b	
subcortex_CAU	23.98782399325561	8	friends	05	014	s03e07b	
subcortex_PUT	23.36507089424381	8	friends	05	014	s03e07b	
subcortex_THA	23.983646561713673	14	friends	05	014	s03e07b	
cerebellum	24.398485174182785	88	friends	05	014	s03e08a	
cortex_Cont	32.08029962657904	128	friends	05	014	s03e08a	
cortex_Default	30.54236242739522	209	friends	05	014	s03e08a	
cortex_DorsAttn	35.33427628612005	122	friends	05	014	s03e08a	
cortex_Limbic	15.23525064722739	60	friends	05	014	s03e08a	
cortex_SalVentAttn	32.3832315161915	121	friends	05	014	s03e08a	
cortex_SomMot	30.900846436584523	194	friends	05	014	s03e08a	
cortex_Vis	28.525234502824304	162	friends	05	014	s03e08a	
subcortex_CAU	23.13293943594303	8	friends	05	014	s03e08a	
subcortex_PUT	22.87143305373315	8	friends	05	014	s03e08a	
subcortex_THA	23.42386162990474	14	friends	05	014	s03e08a	
cerebellum	26.49956912593357	88	friends	05	014	s03e08b	
cortex_Cont	34.2898534924843	128	friends	05	014	s03e08b	
cortex_Default	32.565186763823135	209	friends	05	014	s03e08b	
cortex_DorsAttn	36.4958764069907	122	friends	05	014	s03e08b	
cortex_Limbic	15.952468448135855	60	friends	05	014	s03e08b	
cortex_SalVentAttn	34.11119831207167	121	friends	05	014	s03e08b	
cortex_SomMot	32.58822382788662	194	friends	05	014	s03e08b	
cortex_Vis	29.37345545420179	162	friends	05	014	s03e08b	
subcortex_CAU	23.921824259158328	8	friends	05	014	s03e08b	
subcortex_PUT	23.56690990902889	8	friends	05	014	s03e08b	
subcortex_THA	24.354385387639866	14	friends	05	014	s03e08b	
cerebellum	26.3124616849322	88	friends	05	014	s03e09a	
cortex_Cont	34.69751444599891	128	friends	05	014	s03e09a	
cortex_Default	32.71213381452603	209	friends	05	014	s03e09a	
cortex_DorsAttn	38.24220978305557	122	friends	05	014	s03e09a	
cortex_Limbic	15.723296553318091	60	friends	05	014	s03e09a	
cortex_SalVentAttn	34.085493461814494	121	friends	05	014	s03e09a	
cortex_SomMot	33.60273786396784	194	friends	05	014	s03e09a	
cortex_Vis	30.037649933290133	162	friends	05	014	s03e09a	
subcortex_CAU	23.872164228634617	8	friends	05	014	s03e09a	
subcortex_PUT	23.08700446892672	8	friends	05	014	s03e09a	
subcortex_THA	24.203706081158067	14	friends	05	014	s03e09a	
cerebellum	25.074967633702684	88	friends	05	014	s03e09b	
cortex_Cont	33.700732639581155	128	friends	05	014	s03e09b	
cortex_Default	32.00201582699572	209	friends	05	014	s03e09b	
cortex_DorsAttn	37.082973987536555	122	friends	05	014	s03e09b	
cortex_Limbic	15.4010997909033	60	friends	05	014	s03e09b	
cortex_SalVentAttn	33.252307358939376	121	friends	05	014	s03e09b	
cortex_SomMot	32.188862432812854	194	friends	05	014	s03e09b	
cortex_Vis	30.317188987156644	162	friends	05	014	s03e09b	
subcortex_CAU	23.484399973444276	8	friends	05	014	s03e09b	
subcortex_PUT	22.989405567553714	8	friends	05	014	s03e09b	
subcortex_THA	23.978649931580495	14	friends	05	014	s03e09b	
cerebellum	25.424787360434934	88	friends	05	014	s03e10a	
cortex_Cont	34.20036834251686	128	friends	05	014	s03e10a	
cortex_Default	32.32627590701123	209	friends	05	014	s03e10a	
cortex_DorsAttn	35.2718150493485	122	friends	05	014	s03e10a	
cortex_Limbic	16.119141847833927	60	friends	05	014	s03e10a	
cortex_SalVentAttn	33.9837932293987	121	friends	05	014	s03e10a	
cortex_SomMot	32.533173982939985	194	friends	05	014	s03e10a	
cortex_Vis	27.92225971364379	162	friends	05	014	s03e10a	
subcortex_CAU	23.93984655107186	8	friends	05	014	s03e10a	
subcortex_PUT	23.31360913801889	8	friends	05	014	s03e10a	
subcortex_THA	24.267710176678243	14	friends	05	014	s03e10a	
cerebellum	26.665304763149383	88	friends	05	014	s03e10b	
cortex_Cont	36.52804145998938	128	friends	05	014	s03e10b	
cortex_Default	34.158039069991005	209	friends	05	014	s03e10b	
cortex_DorsAttn	38.59407648506397	122	friends	05	014	s03e10b	
cortex_Limbic	16.971587300318753	60	friends	05	014	s03e10b	
cortex_SalVentAttn	35.66248985120559	121	friends	05	014	s03e10b	
cortex_SomMot	34.63985715085261	194	friends	05	014	s03e10b	
cortex_Vis	30.640704375516385	162	friends	05	014	s03e10b	
subcortex_CAU	25.167573811430938	8	friends	05	014	s03e10b	
subcortex_PUT	24.11295085582811	8	friends	05	014	s03e10b	
subcortex_THA	24.71428491105433	14	friends	05	014	s03e10b	
cerebellum	25.23594548588063	88	friends	05	014	s03e11a	
cortex_Cont	35.75077458758571	128	friends	05	014	s03e11a	
cortex_Default	33.82041626343248	209	friends	05	014	s03e11a	
cortex_DorsAttn	36.69393258278726	122	friends	05	014	s03e11a	
cortex_Limbic	16.96795841526476	60	friends	05	014	s03e11a	
cortex_SalVentAttn	35.07367165959722	121	friends	05	014	s03e11a	
cortex_SomMot	33.91317632418998	194	friends	05	014	s03e11a	
cortex_Vis	28.40905042597105	162	friends	05	014	s03e11a	
subcortex_CAU	24.983924987895627	8	friends	05	014	s03e11a	
subcortex_PUT	23.928781178895512	8	friends	05	014	s03e11a	
subcortex_THA	24.458273828326732	14	friends	05	014	s03e11a	
cerebellum	26.411489656139405	88	friends	05	014	s03e11b	
cortex_Cont	34.862560964649624	128	friends	05	014	s03e11b	
cortex_Default	32.882295854813556	209	friends	05	014	s03e11b	
cortex_DorsAttn	36.71809145016131	122	friends	05	014	s03e11b	
cortex_Limbic	16.25740583396273	60	friends	05	014	s03e11b	
cortex_SalVentAttn	33.537229997762346	121	friends	05	014	s03e11b	
cortex_SomMot	32.05875195225864	194	friends	05	014	s03e11b	
cortex_Vis	28.479164160304006	162	friends	05	014	s03e11b	
subcortex_CAU	24.395655962931535	8	friends	05	014	s03e11b	
subcortex_PUT	23.482527169291725	8	friends	05	014	s03e11b	
subcortex_THA	24.184700288194872	14	friends	05	014	s03e11b	
cerebellum	26.560053115996457	88	friends	05	015	s03e12a	
cortex_Cont	34.510002106024565	128	friends	05	015	s03e12a	
cortex_Default	33.430961235704515	209	friends	05	015	s03e12a	
cortex_DorsAttn	36.6475030928873	122	friends	05	015	s03e12a	
cortex_Limbic	16.05334580237144	60	friends	05	015	s03e12a	
cortex_SalVentAttn	34.099214310245905	121	friends	05	015	s03e12a	
cortex_SomMot	32.893924612908236	194	friends	05	015	s03e12a	
cortex_Vis	31.707286289474656	162	friends	05	015	s03e12a	
subcortex_CAU	24.99597905923412	8	friends	05	015	s03e12a	
subcortex_PUT	24.822998193752262	8	friends	05	015	s03e12a	
subcortex_THA	24.309634173591974	14	friends	05	015	s03e12a	
cerebellum	25.400753246841248	88	friends	05	015	s03e12b	
cortex_Cont	32.98752916196639	128	friends	05	015	s03e12b	
cortex_Default	32.100046570581725	209	friends	05	015	s03e12b	
cortex_DorsAttn	35.38389957242843	122	friends	05	015	s03e12b	
cortex_Limbic	16.193686605325023	60	friends	05	015	s03e12b	
cortex_SalVentAttn	33.56069961568388	121	friends	05	015	s03e12b	
cortex_SomMot	32.99285946815441	194	friends	05	015	s03e12b	
cortex_Vis	29.600272032635	162	friends	05	015	s03e12b	
subcortex_CAU	24.837313986171807	8	friends	05	015	s03e12b	
subcortex_PUT	24.3422704066341	8	friends	05	015	s03e12b	
subcortex_THA	24.736006304130996	14	friends	05	015	s03e12b	
cerebellum	26.16076151226939	88	friends	05	015	s03e13a	
cortex_Cont	35.37217567956914	128	friends	05	015	s03e13a	
cortex_Default	33.66088068368403	209	friends	05	015	s03e13a	
cortex_DorsAttn	36.50900296706669	122	friends	05	015	s03e13a	
cortex_Limbic	17.37296260062767	60	friends	05	015	s03e13a	
cortex_SalVentAttn	35.29792181521834	121	friends	05	015	s03e13a	
cortex_SomMot	34.285584608665516	194	friends	05	015	s03e13a	
cortex_Vis	29.695325569247455	162	friends	05	015	s03e13a	
subcortex_CAU	25.198401384517513	8	friends	05	015	s03e13a	
subcortex_PUT	24.469492785670525	8	friends	05	015	s03e13a	
subcortex_THA	25.321288528646182	14	friends	05	015	s03e13a	
cerebellum	24.936669604346523	88	friends	05	015	s03e13b	
cortex_Cont	34.688898099034276	128	friends	05	015	s03e13b	
cortex_Default	32.92021734312553	209	friends	05	015	s03e13b	
cortex_DorsAttn	35.71694453059591	122	friends	05	015	s03e13b	
cortex_Limbic	16.584684211036752	60	friends	05	015	s03e13b	
cortex_SalVentAttn	34.62077134670001	121	friends	05	015	s03e13b	
cortex_SomMot	33.863614757793265	194	friends	05	015	s03e13b	
cortex_Vis	28.248415280684416	162	friends	05	015	s03e13b	
subcortex_CAU	24.458580283194152	8	friends	05	015	s03e13b	
subcortex_PUT	24.10132917730122	8	friends	05	015	s03e13b	
subcortex_THA	24.343559507371776	14	friends	05	015	s03e13b	
cerebellum	25.04701305132988	88	friends	05	016	s03e14a	
cortex_Cont	33.2335649618849	128	friends	05	016	s03e14a	
cortex_Default	31.971849328132553	209	friends	05	016	s03e14a	
cortex_DorsAttn	35.865827870157375	122	friends	05	016	s03e14a	
cortex_Limbic	16.082071546081597	60	friends	05	016	s03e14a	
cortex_SalVentAttn	33.048325819160425	121	friends	05	016	s03e14a	
cortex_SomMot	31.6468518096884	194	friends	05	016	s03e14a	
cortex_Vis	29.388350636442603	162	friends	05	016	s03e14a	
subcortex_CAU	24.891439055802323	8	friends	05	016	s03e14a	
subcortex_PUT	24.448904452199706	8	friends	05	016	s03e14a	
subcortex_THA	24.128096663370826	14	friends	05	016	s03e14a	
cerebellum	25.588808046115375	88	friends	05	016	s03e14b	
cortex_Cont	32.194150773506124	128	friends	05	016	s03e14b	
cortex_Default	31.377306584442238	209	friends	05	016	s03e14b	
cortex_DorsAttn	34.56336398507717	122	friends	05	016	s03e14b	
cortex_Limbic	16.155456890063345	60	friends	05	016	s03e14b	
cortex_SalVentAttn	32.07550035768746	121	friends	05	016	s03e14b	
cortex_SomMot	30.657216909558837	194	friends	05	016	s03e14b	
cortex_Vis	29.535769426291182	162	friends	05	016	s03e14b	
subcortex_CAU	24.791795750395597	8	friends	05	016	s03e14b	
subcortex_PUT	24.49892184192561	8	friends	05	016	s03e14b	
subcortex_THA	23.956972084389037	14	friends	05	016	s03e14b	
cerebellum	24.600710489033546	88	friends	05	016	s03e15a	
cortex_Cont	33.35704108529359	128	friends	05	016	s03e15a	
cortex_Default	31.62911848080965	209	friends	05	016	s03e15a	
cortex_DorsAttn	35.39732661296038	122	friends	05	016	s03e15a	
cortex_Limbic	16.409726007566622	60	friends	05	016	s03e15a	
cortex_SalVentAttn	32.75925100989839	121	friends	05	016	s03e15a	
cortex_SomMot	31.441045363242534	194	friends	05	016	s03e15a	
cortex_Vis	27.819968012827324	162	friends	05	016	s03e15a	
subcortex_CAU	24.626638464127993	8	friends	05	016	s03e15a	
subcortex_PUT	23.872767700698876	8	friends	05	016	s03e15a	
subcortex_THA	23.85041905001933	14	friends	05	016	s03e15a	
cerebellum	26.74045297631307	88	friends	05	016	s03e15b	
cortex_Cont	34.281141673759926	128	friends	05	016	s03e15b	
cortex_Default	32.80023070983342	209	friends	05	016	s03e15b	
cortex_DorsAttn	37.89362424681542	122	friends	05	016	s03e15b	
cortex_Limbic	16.307731389679276	60	friends	05	016	s03e15b	
cortex_SalVentAttn	33.856406620643305	121	friends	05	016	s03e15b	
cortex_SomMot	33.03314660801108	194	friends	05	016	s03e15b	
cortex_Vis	30.68534514936959	162	friends	05	016	s03e15b	
subcortex_CAU	24.389220596006645	8	friends	05	016	s03e15b	
subcortex_PUT	23.751173446025852	8	friends	05	016	s03e15b	
subcortex_THA	24.277997166406823	14	friends	05	016	s03e15b	
cerebellum	26.732137952579112	88	friends	05	017	s03e16a	
cortex_Cont	33.75286892236893	128	friends	05	017	s03e16a	
cortex_Default	31.962628196940152	209	friends	05	017	s03e16a	
cortex_DorsAttn	36.12579712586638	122	friends	05	017	s03e16a	
cortex_Limbic	16.37582609741012	60	friends	05	017	s03e16a	
cortex_SalVentAttn	33.60926812109055	121	friends	05	017	s03e16a	
cortex_SomMot	31.97954753767076	194	friends	05	017	s03e16a	
cortex_Vis	28.87800060948176	162	friends	05	017	s03e16a	
subcortex_CAU	24.344172954763316	8	friends	05	017	s03e16a	
subcortex_PUT	24.194614087431514	8	friends	05	017	s03e16a	
subcortex_THA	24.152439792347504	14	friends	05	017	s03e16a	
cerebellum	29.095158503804907	88	friends	05	017	s03e16b	
cortex_Cont	35.18206393812446	128	friends	05	017	s03e16b	
cortex_Default	33.781187557451496	209	friends	05	017	s03e16b	
cortex_DorsAttn	37.54498932100801	122	friends	05	017	s03e16b	
cortex_Limbic	16.632013529129342	60	friends	05	017	s03e16b	
cortex_SalVentAttn	35.45106354504618	121	friends	05	017	s03e16b	
cortex_SomMot	33.26801140702776	194	friends	05	017	s03e16b	
cortex_Vis	31.38658408894822	162	friends	05	017	s03e16b	
subcortex_CAU	24.369155101000946	8	friends	05	017	s03e16b	
subcortex_PUT	24.043716514826293	8	friends	05	017	s03e16b	
subcortex_THA	25.22056966305319	14	friends	05	017	s03e16b	
cerebellum	29.676823890966674	88	friends	05	017	s03e17a	
cortex_Cont	36.75197358379148	128	friends	05	017	s03e17a	
cortex_Default	35.07416145445542	209	friends	05	017	s03e17a	
cortex_DorsAttn	39.307363026660454	122	friends	05	017	s03e17a	
cortex_Limbic	17.356188106509805	60	friends	05	017	s03e17a	
cortex_SalVentAttn	36.588472725032666	121	friends	05	017	s03e17a	
cortex_SomMot	35.40569954541491	194	friends	05	017	s03e17a	
cortex_Vis	32.01387202447989	162	friends	05	017	s03e17a	
subcortex_CAU	24.848838108505596	8	friends	05	017	s03e17a	
subcortex_PUT	24.188406934142982	8	friends	05	017	s03e17a	
subcortex_THA	25.422871306194946	14	friends	05	017	s03e17a	
cerebellum	25.409046320441902	88	friends	05	017	s03e17b	
cortex_Cont	32.5042165414925	128	friends	05	017	s03e17b	
cortex_Default	31.1780971388493	209	friends	05	017	s03e17b	
cortex_DorsAttn	33.88629171234157	122	friends	05	017	s03e17b	
cortex_Limbic	15.882231116576094	60	friends	05	017	s03e17b	
cortex_SalVentAttn	33.24657359340981	121	friends	05	017	s03e17b	
cortex_SomMot	30.728530340436464	194	friends	05	017	s03e17b	
cortex_Vis	27.528633725019205	162	friends	05	017	s03e17b	
subcortex_CAU	23.3446406525218	8	friends	05	017	s03e17b	
subcortex_PUT	23.534512690556298	8	friends	05	017	s03e17b	
subcortex_THA	24.00017536471817	14	friends	05	017	s03e17b	
cerebellum	25.734154851106084	88	friends	05	017	s03e18a	
cortex_Cont	33.68559888975417	128	friends	05	017	s03e18a	
cortex_Default	32.03880969478525	209	friends	05	017	s03e18a	
cortex_DorsAttn	34.606076804989655	122	friends	05	017	s03e18a	
cortex_Limbic	16.260494528645022	60	friends	05	017	s03e18a	
cortex_SalVentAttn	33.551420747506505	121	friends	05	017	s03e18a	
cortex_SomMot	30.925844854661257	194	friends	05	017	s03e18a	
cortex_Vis	27.134788964135	162	friends	05	017	s03e18a	
subcortex_CAU	23.57927837426536	8	friends	05	017	s03e18a	
subcortex_PUT	23.45182469616807	8	friends	05	017	s03e18a	
subcortex_THA	23.858875821350217	14	friends	05	017	s03e18a	
cerebellum	24.12347667733253	88	friends	05	017	s03e18b	
cortex_Cont	30.81746989320192	128	friends	05	017	s03e18b	
cortex_Default	29.422424750378514	209	friends	05	017	s03e18b	
cortex_DorsAttn	32.422711936340406	122	friends	05	017	s03e18b	
cortex_Limbic	15.075675003608392	60	friends	05	017	s03e18b	
cortex_SalVentAttn	31.361606134125815	121	friends	05	017	s03e18b	
cortex_SomMot	28.761278541429068	194	friends	05	017	s03e18b	
cortex_Vis	25.95288312089011	162	friends	05	017	s03e18b	
subcortex_CAU	22.78465602980876	8	friends	05	017	s03e18b	
subcortex_PUT	22.852697602773087	8	friends	05	017	s03e18b	
subcortex_THA	23.29071339044574	14	friends	05	017	s03e18b	
cerebellum	23.76750715853119	88	friends	05	017	s03e19a	
cortex_Cont	29.832001129203356	128	friends	05	017	s03e19a	
cortex_Default	28.675036613618012	209	friends	05	017	s03e19a	
cortex_DorsAttn	30.17224463880168	122	friends	05	017	s03e19a	
cortex_Limbic	14.710553439115076	60	friends	05	017	s03e19a	
cortex_SalVentAttn	30.22133539448272	121	friends	05	017	s03e19a	
cortex_SomMot	27.036173874143813	194	friends	05	017	s03e19a	
cortex_Vis	24.03527789249226	162	friends	05	017	s03e19a	
subcortex_CAU	22.50011302967338	8	friends	05	017	s03e19a	
subcortex_PUT	22.41794753954236	8	friends	05	017	s03e19a	
subcortex_THA	22.449799797790696	14	friends	05	017	s03e19a	
cerebellum	24.998516913542456	88	friends	05	017	s03e19b	
cortex_Cont	33.99833349149989	128	friends	05	017	s03e19b	
cortex_Default	32.23783827732864	209	friends	05	017	s03e19b	
cortex_DorsAttn	34.764287279245394	122	friends	05	017	s03e19b	
cortex_Limbic	16.122908474256082	60	friends	05	017	s03e19b	
cortex_SalVentAttn	33.841672843360406	121	friends	05	017	s03e19b	
cortex_SomMot	31.116600936740024	194	friends	05	017	s03e19b	
cortex_Vis	27.319226656005913	162	friends	05	017	s03e19b	
subcortex_CAU	23.823096135240704	8	friends	05	017	s03e19b	
subcortex_PUT	23.566569133150036	8	friends	05	017	s03e19b	
subcortex_THA	23.91490253554444	14	friends	05	017	s03e19b	
cerebellum	25.302550921912133	88	friends	05	017	s03e20a	
cortex_Cont	32.715063200583934	128	friends	05	017	s03e20a	
cortex_Default	31.117372572155542	209	friends	05	017	s03e20a	
cortex_DorsAttn	34.06268231674503	122	friends	05	017	s03e20a	
cortex_Limbic	15.684650708602451	60	friends	05	017	s03e20a	
cortex_SalVentAttn	32.56568811925186	121	friends	05	017	s03e20a	
cortex_SomMot	30.04738661897111	194	friends	05	017	s03e20a	
cortex_Vis	26.85467403644477	162	friends	05	017	s03e20a	
subcortex_CAU	23.01703785603076	8	friends	05	017	s03e20a	
subcortex_PUT	22.70001189189832	8	friends	05	017	s03e20a	
subcortex_THA	23.20697207046137	14	friends	05	017	s03e20a	
cerebellum	26.26321972733733	88	friends	05	017	s03e20b	
cortex_Cont	34.816421691533314	128	friends	05	017	s03e20b	
cortex_Default	32.851889291256064	209	friends	05	017	s03e20b	
cortex_DorsAttn	36.429609336795686	122	friends	05	017	s03e20b	
cortex_Limbic	16.048397525647744	60	friends	05	017	s03e20b	
cortex_SalVentAttn	34.253901922734904	121	friends	05	017	s03e20b	
cortex_SomMot	31.97478941826408	194	friends	05	017	s03e20b	
cortex_Vis	28.86909041186588	162	friends	05	017	s03e20b	
subcortex_CAU	23.78499922075118	8	friends	05	017	s03e20b	
subcortex_PUT	23.071678897740878	8	friends	05	017	s03e20b	
subcortex_THA	23.97503031989197	14	friends	05	017	s03e20b	
cerebellum	26.011057622142324	88	friends	05	017	s03e21a	
cortex_Cont	34.37547952726004	128	friends	05	017	s03e21a	
cortex_Default	32.649041171457334	209	friends	05	017	s03e21a	
cortex_DorsAttn	36.00510391380547	122	friends	05	017	s03e21a	
cortex_Limbic	16.589995384302952	60	friends	05	017	s03e21a	
cortex_SalVentAttn	34.54471224895233	121	friends	05	017	s03e21a	
cortex_SomMot	32.362727998029584	194	friends	05	017	s03e21a	
cortex_Vis	28.306038378473698	162	friends	05	017	s03e21a	
subcortex_CAU	24.027329924135955	8	friends	05	017	s03e21a	
subcortex_PUT	23.185366924226564	8	friends	05	017	s03e21a	
subcortex_THA	24.404167118364743	14	friends	05	017	s03e21a	
cerebellum	27.686975532005658	88	friends	05	017	s03e21b	
cortex_Cont	35.85880580929273	128	friends	05	017	s03e21b	
cortex_Default	34.234104108429094	209	friends	05	017	s03e21b	
cortex_DorsAttn	38.07501574650486	122	friends	05	017	s03e21b	
cortex_Limbic	16.285589495870912	60	friends	05	017	s03e21b	
cortex_SalVentAttn	35.148689017519594	121	friends	05	017	s03e21b	
cortex_SomMot	33.357425229125276	194	friends	05	017	s03e21b	
cortex_Vis	30.918615621768154	162	friends	05	017	s03e21b	
subcortex_CAU	23.75702456518415	8	friends	05	017	s03e21b	
subcortex_PUT	23.44911873703012	8	friends	05	017	s03e21b	
subcortex_THA	24.083100362231153	14	friends	05	017	s03e21b	
cerebellum	25.42227651944145	88	friends	05	018	s03e22a	
cortex_Cont	33.47988267135858	128	friends	05	018	s03e22a	
cortex_Default	32.66266546980005	209	friends	05	018	s03e22a	
cortex_DorsAttn	34.34138959595569	122	friends	05	018	s03e22a	
cortex_Limbic	16.257946591699	60	friends	05	018	s03e22a	
cortex_SalVentAttn	34.42638179829769	121	friends	05	018	s03e22a	
cortex_SomMot	32.476796095432874	194	friends	05	018	s03e22a	
cortex_Vis	28.716894383567325	162	friends	05	018	s03e22a	
subcortex_CAU	25.174332401118598	8	friends	05	018	s03e22a	
subcortex_PUT	24.481755079992954	8	friends	05	018	s03e22a	
subcortex_THA	24.87933574537133	14	friends	05	018	s03e22a	
cerebellum	27.947299365986588	88	friends	05	018	s03e22b	
cortex_Cont	36.46782237663719	128	friends	05	018	s03e22b	
cortex_Default	35.30255451305697	209	friends	05	018	s03e22b	
cortex_DorsAttn	39.047793832597236	122	friends	05	018	s03e22b	
cortex_Limbic	16.937462380013994	60	friends	05	018	s03e22b	
cortex_SalVentAttn	36.14703847077703	121	friends	05	018	s03e22b	
cortex_SomMot	34.90953152226368	194	friends	05	018	s03e22b	
cortex_Vis	33.4138455451305	162	friends	05	018	s03e22b	
subcortex_CAU	25.415260946405205	8	friends	05	018	s03e22b	
subcortex_PUT	24.34504051626192	8	friends	05	018	s03e22b	
subcortex_THA	25.673257258491965	14	friends	05	018	s03e22b	
cerebellum	27.37887906821379	88	friends	05	018	s03e23a	
cortex_Cont	33.969252557411174	128	friends	05	018	s03e23a	
cortex_Default	32.66552286553835	209	friends	05	018	s03e23a	
cortex_DorsAttn	36.78329871206446	122	friends	05	018	s03e23a	
cortex_Limbic	16.739709821601874	60	friends	05	018	s03e23a	
cortex_SalVentAttn	33.92945294857913	121	friends	05	018	s03e23a	
cortex_SomMot	32.92330228355228	194	friends	05	018	s03e23a	
cortex_Vis	31.417179352060664	162	friends	05	018	s03e23a	
subcortex_CAU	25.40867902572469	8	friends	05	018	s03e23a	
subcortex_PUT	25.583931189838744	8	friends	05	018	s03e23a	
subcortex_THA	24.856860514835432	14	friends	05	018	s03e23a	
cerebellum	24.887409129306764	88	friends	05	018	s03e23b	
cortex_Cont	34.642891098363506	128	friends	05	018	s03e23b	
cortex_Default	33.0325067563322	209	friends	05	018	s03e23b	
cortex_DorsAttn	36.81867705043969	122	friends	05	018	s03e23b	
cortex_Limbic	16.00038762439626	60	friends	05	018	s03e23b	
cortex_SalVentAttn	34.05045156721455	121	friends	05	018	s03e23b	
cortex_SomMot	32.655327227945484	194	friends	05	018	s03e23b	
cortex_Vis	30.65374349977164	162	friends	05	018	s03e23b	
subcortex_CAU	24.97888177776956	8	friends	05	018	s03e23b	
subcortex_PUT	24.066687764389048	8	friends	05	018	s03e23b	
subcortex_THA	24.42686302577742	14	friends	05	018	s03e23b	
cerebellum	24.77314458339795	88	friends	05	019	s03e24a	
cortex_Cont	34.425535414155064	128	friends	05	019	s03e24a	
cortex_Default	33.245032238062564	209	friends	05	019	s03e24a	
cortex_DorsAttn	36.75174837869284	122	friends	05	019	s03e24a	
cortex_Limbic	15.48998066896477	60	friends	05	019	s03e24a	
cortex_SalVentAttn	35.071793686008256	121	friends	05	019	s03e24a	
cortex_SomMot	34.39054156698225	194	friends	05	019	s03e24a	
cortex_Vis	28.996606151181965	162	friends	05	019	s03e24a	
subcortex_CAU	25.09486217210641	8	friends	05	019	s03e24a	
subcortex_PUT	24.215366745024188	8	friends	05	019	s03e24a	
subcortex_THA	24.786261590400763	14	friends	05	019	s03e24a	
cerebellum	25.762532194364532	88	friends	05	019	s03e24b	
cortex_Cont	39.15226636852794	128	friends	05	019	s03e24b	
cortex_Default	36.8865567575959	209	friends	05	019	s03e24b	
cortex_DorsAttn	39.77076985523144	122	friends	05	019	s03e24b	
cortex_Limbic	18.133611000848514	60	friends	05	019	s03e24b	
cortex_SalVentAttn	38.32407238104663	121	friends	05	019	s03e24b	
cortex_SomMot	38.22208013161519	194	friends	05	019	s03e24b	
cortex_Vis	30.016651081412345	162	friends	05	019	s03e24b	
subcortex_CAU	27.653482622580853	8	friends	05	019	s03e24b	
subcortex_PUT	26.309360871259294	8	friends	05	019	s03e24b	
subcortex_THA	26.665613300971806	14	friends	05	019	s03e24b	
cerebellum	23.53459000525186	88	friends	05	019	s03e25a	
cortex_Cont	32.76862462962661	128	friends	05	019	s03e25a	
cortex_Default	31.460323131678926	209	friends	05	019	s03e25a	
cortex_DorsAttn	33.963371314779415	122	friends	05	019	s03e25a	
cortex_Limbic	15.859921515980027	60	friends	05	019	s03e25a	
cortex_SalVentAttn	34.01106541430233	121	friends	05	019	s03e25a	
cortex_SomMot	33.132756872617776	194	friends	05	019	s03e25a	
cortex_Vis	26.556426506977665	162	friends	05	019	s03e25a	
subcortex_CAU	25.251171793235496	8	friends	05	019	s03e25a	
subcortex_PUT	24.140596359327496	8	friends	05	019	s03e25a	
subcortex_THA	25.195143826912478	14	friends	05	019	s03e25a	
cerebellum	26.33218011415706	88	friends	05	019	s03e25b	
cortex_Cont	37.240886471436724	128	friends	05	019	s03e25b	
cortex_Default	35.776241443369884	209	friends	05	019	s03e25b	
cortex_DorsAttn	38.6324838498517	122	friends	05	019	s03e25b	
cortex_Limbic	16.858293947368033	60	friends	05	019	s03e25b	
cortex_SalVentAttn	36.604593269928884	121	friends	05	019	s03e25b	
cortex_SomMot	35.650021324821516	194	friends	05	019	s03e25b	
cortex_Vis	31.308800396406358	162	friends	05	019	s03e25b	
subcortex_CAU	25.99972685909281	8	friends	05	019	s03e25b	
subcortex_PUT	24.470987621192148	8	friends	05	019	s03e25b	
subcortex_THA	25.520626883118062	14	friends	05	019	s03e25b	
cerebellum	21.192656050359684	88	friends	05	020	s04e02a	
cortex_Cont	30.814547073213244	128	friends	05	020	s04e02a	
cortex_Default	29.493757021961105	209	friends	05	020	s04e02a	
cortex_DorsAttn	31.99888300695816	122	friends	05	020	s04e02a	
cortex_Limbic	14.385054819644612	60	friends	05	020	s04e02a	
cortex_SalVentAttn	31.219151981681627	121	friends	05	020	s04e02a	
cortex_SomMot	29.940411221027396	194	friends	05	020	s04e02a	
cortex_Vis	26.444512755403586	162	friends	05	020	s04e02a	
subcortex_CAU	23.963337824951758	8	friends	05	020	s04e02a	
subcortex_PUT	23.201415819110018	8	friends	05	020	s04e02a	
subcortex_THA	23.232480185675378	14	friends	05	020	s04e02a	
cerebellum	25.35716447663889	88	friends	05	020	s04e02b	
cortex_Cont	36.57397283539714	128	friends	05	020	s04e02b	
cortex_Default	34.54620586857783	209	friends	05	020	s04e02b	
cortex_DorsAttn	38.90576143838762	122	friends	05	020	s04e02b	
cortex_Limbic	16.347872085632314	60	friends	05	020	s04e02b	
cortex_SalVentAttn	36.767470028575836	121	friends	05	020	s04e02b	
cortex_SomMot	36.54496780996484	194	friends	05	020	s04e02b	
cortex_Vis	31.123794835463123	162	friends	05	020	s04e02b	
subcortex_CAU	25.689989996326656	8	friends	05	020	s04e02b	
subcortex_PUT	24.10086426831789	8	friends	05	020	s04e02b	
subcortex_THA	25.47355410685276	14	friends	05	020	s04e02b	
cerebellum	22.52403157241687	88	friends	05	021	s04e03a	
cortex_Cont	33.32149295767546	128	friends	05	021	s04e03a	
cortex_Default	32.0718984316257	209	friends	05	021	s04e03a	
cortex_DorsAttn	34.10087425539472	122	friends	05	021	s04e03a	
cortex_Limbic	15.238178336592899	60	friends	05	021	s04e03a	
cortex_SalVentAttn	33.236262308115485	121	friends	05	021	s04e03a	
cortex_SomMot	31.261288729669893	194	friends	05	021	s04e03a	
cortex_Vis	29.48492707993243	162	friends	05	021	s04e03a	
subcortex_CAU	25.09297775249526	8	friends	05	021	s04e03a	
subcortex_PUT	24.189987548460383	8	friends	05	021	s04e03a	
subcortex_THA	23.55271655924825	14	friends	05	021	s04e03a	
cerebellum	24.07581158214757	88	friends	05	021	s04e03b	
cortex_Cont	33.74362204115677	128	friends	05	021	s04e03b	
cortex_Default	32.36557151957605	209	friends	05	021	s04e03b	
cortex_DorsAttn	35.455024538236664	122	friends	05	021	s04e03b	
cortex_Limbic	15.098867164374603	60	friends	05	021	s04e03b	
cortex_SalVentAttn	32.71504336751226	121	friends	05	021	s04e03b	
cortex_SomMot	31.550479565870436	194	friends	05	021	s04e03b	
cortex_Vis	29.614913621199264	162	friends	05	021	s04e03b	
subcortex_CAU	24.61856207232786	8	friends	05	021	s04e03b	
subcortex_PUT	23.795787025651215	8	friends	05	021	s04e03b	
subcortex_THA	23.52567124716923	14	friends	05	021	s04e03b	
cerebellum	22.255118852576814	88	friends	05	022	s04e04a	
cortex_Cont	30.37778451044752	128	friends	05	022	s04e04a	
cortex_Default	29.3298534980694	209	friends	05	022	s04e04a	
cortex_DorsAttn	31.85167466263441	122	friends	05	022	s04e04a	
cortex_Limbic	13.977480991901619	60	friends	05	022	s04e04a	
cortex_SalVentAttn	31.03715063920215	121	friends	05	022	s04e04a	
cortex_SomMot	29.47397234811461	194	friends	05	022	s04e04a	
cortex_Vis	26.773825481819042	162	friends	05	022	s04e04a	
subcortex_CAU	23.784548963315782	8	friends	05	022	s04e04a	
subcortex_PUT	23.588172384945327	8	friends	05	022	s04e04a	
subcortex_THA	23.288101870802404	14	friends	05	022	s04e04a	
cerebellum	24.047059245722643	88	friends	05	022	s04e04b	
cortex_Cont	35.38660704459925	128	friends	05	022	s04e04b	
cortex_Default	33.25267700838847	209	friends	05	022	s04e04b	
cortex_DorsAttn	36.63420444278573	122	friends	05	022	s04e04b	
cortex_Limbic	15.332240586044758	60	friends	05	022	s04e04b	
cortex_SalVentAttn	34.46544570756791	121	friends	05	022	s04e04b	
cortex_SomMot	33.316952767155044	194	friends	05	022	s04e04b	
cortex_Vis	28.771224831384945	162	friends	05	022	s04e04b	
subcortex_CAU	25.291678106290078	8	friends	05	022	s04e04b	
subcortex_PUT	24.184797788223438	8	friends	05	022	s04e04b	
subcortex_THA	24.049778436319777	14	friends	05	022	s04e04b	
cerebellum	23.342600957889637	88	friends	05	022	s04e05a	
cortex_Cont	30.978424142255857	128	friends	05	022	s04e05a	
cortex_Default	29.676902701744943	209	friends	05	022	s04e05a	
cortex_DorsAttn	32.09869912887136	122	friends	05	022	s04e05a	
cortex_Limbic	15.084721589590748	60	friends	05	022	s04e05a	
cortex_SalVentAttn	31.09945252850124	121	friends	05	022	s04e05a	
cortex_SomMot	29.14834540690985	194	friends	05	022	s04e05a	
cortex_Vis	25.7376507483865	162	friends	05	022	s04e05a	
subcortex_CAU	23.76734120284042	8	friends	05	022	s04e05a	
subcortex_PUT	23.13602250074036	8	friends	05	022	s04e05a	
subcortex_THA	23.546297772887915	14	friends	05	022	s04e05a	
cerebellum	25.43854426253996	88	friends	05	022	s04e05b	
cortex_Cont	33.84215383554622	128	friends	05	022	s04e05b	
cortex_Default	31.994575918944847	209	friends	05	022	s04e05b	
cortex_DorsAttn	35.73646252990099	122	friends	05	022	s04e05b	
cortex_Limbic	15.300481514378252	60	friends	05	022	s04e05b	
cortex_SalVentAttn	33.66690934490425	121	friends	05	022	s04e05b	
cortex_SomMot	32.34728278958938	194	friends	05	022	s04e05b	
cortex_Vis	29.636206810400925	162	friends	05	022	s04e05b	
subcortex_CAU	24.248037036026574	8	friends	05	022	s04e05b	
subcortex_PUT	23.641313908869503	8	friends	05	022	s04e05b	
subcortex_THA	24.200119792214554	14	friends	05	022	s04e05b	
cerebellum	24.988266411246	88	friends	05	022	s04e06a	
cortex_Cont	33.617650160189775	128	friends	05	022	s04e06a	
cortex_Default	31.753068903168547	209	friends	05	022	s04e06a	
cortex_DorsAttn	35.479071627369244	122	friends	05	022	s04e06a	
cortex_Limbic	15.53859270990729	60	friends	05	022	s04e06a	
cortex_SalVentAttn	33.66778624617327	121	friends	05	022	s04e06a	
cortex_SomMot	32.37738222175732	194	friends	05	022	s04e06a	
cortex_Vis	29.27143265216602	162	friends	05	022	s04e06a	
subcortex_CAU	25.400522219089204	8	friends	05	022	s04e06a	
subcortex_PUT	24.27932220928268	8	friends	05	022	s04e06a	
subcortex_THA	24.328982228200868	14	friends	05	022	s04e06a	
cerebellum	23.6682628650039	88	friends	05	022	s04e06b	
cortex_Cont	30.834726490151073	128	friends	05	022	s04e06b	
cortex_Default	29.66321758742477	209	friends	05	022	s04e06b	
cortex_DorsAttn	32.38939477158707	122	friends	05	022	s04e06b	
cortex_Limbic	14.54946743300786	60	friends	05	022	s04e06b	
cortex_SalVentAttn	31.03993305295462	121	friends	05	022	s04e06b	
cortex_SomMot	28.9687533750514	194	friends	05	022	s04e06b	
cortex_Vis	27.064398494604333	162	friends	05	022	s04e06b	
subcortex_CAU	24.193918510961243	8	friends	05	022	s04e06b	
subcortex_PUT	23.235140460922782	8	friends	05	022	s04e06b	
subcortex_THA	23.56926582109437	14	friends	05	022	s04e06b	
cerebellum	24.76322446688257	88	friends	05	022	s04e07a	
cortex_Cont	33.03980128578093	128	friends	05	022	s04e07a	
cortex_Default	31.705628563451103	209	friends	05	022	s04e07a	
cortex_DorsAttn	34.602634400173265	122	friends	05	022	s04e07a	
cortex_Limbic	15.19157980974356	60	friends	05	022	s04e07a	
cortex_SalVentAttn	33.456165462667165	121	friends	05	022	s04e07a	
cortex_SomMot	31.56883147954071	194	friends	05	022	s04e07a	
cortex_Vis	28.807693845839655	162	friends	05	022	s04e07a	
subcortex_CAU	24.751947923151462	8	friends	05	022	s04e07a	
subcortex_PUT	23.69749711015724	8	friends	05	022	s04e07a	
subcortex_THA	24.395448126585226	14	friends	05	022	s04e07a	
cerebellum	25.522311731804983	88	friends	05	022	s04e07b	
cortex_Cont	33.141669197767456	128	friends	05	022	s04e07b	
cortex_Default	31.770948242171507	209	friends	05	022	s04e07b	
cortex_DorsAttn	35.100703901233665	122	friends	05	022	s04e07b	
cortex_Limbic	15.292710203765846	60	friends	05	022	s04e07b	
cortex_SalVentAttn	33.062763615770095	121	friends	05	022	s04e07b	
cortex_SomMot	31.3544581418198	194	friends	05	022	s04e07b	
cortex_Vis	30.053598613315124	162	friends	05	022	s04e07b	
subcortex_CAU	23.755899918118494	8	friends	05	022	s04e07b	
subcortex_PUT	23.104114973129555	8	friends	05	022	s04e07b	
subcortex_THA	23.921227604419318	14	friends	05	022	s04e07b	
cerebellum	26.866536737057917	88	friends	05	022	s04e08a	
cortex_Cont	35.75225037263239	128	friends	05	022	s04e08a	
cortex_Default	33.88507952596678	209	friends	05	022	s04e08a	
cortex_DorsAttn	38.16014543942791	122	friends	05	022	s04e08a	
cortex_Limbic	16.77531434651807	60	friends	05	022	s04e08a	
cortex_SalVentAttn	35.72379065704973	121	friends	05	022	s04e08a	
cortex_SomMot	34.92065841813603	194	friends	05	022	s04e08a	
cortex_Vis	30.64583761295534	162	friends	05	022	s04e08a	
subcortex_CAU	25.331169516747213	8	friends	05	022	s04e08a	
subcortex_PUT	23.720007365676448	8	friends	05	022	s04e08a	
subcortex_THA	24.8856405334889	14	friends	05	022	s04e08a	
cerebellum	24.803394762998177	88	friends	05	022	s04e08b	
cortex_Cont	33.75499433654693	128	friends	05	022	s04e08b	
cortex_Default	32.418845835816384	209	friends	05	022	s04e08b	
cortex_DorsAttn	33.438279498477094	122	friends	05	022	s04e08b	
cortex_Limbic	16.33765447147341	60	friends	05	022	s04e08b	
cortex_SalVentAttn	33.181409492165905	121	friends	05	022	s04e08b	
cortex_SomMot	30.800842984557914	194	friends	05	022	s04e08b	
cortex_Vis	27.423956566506586	162	friends	05	022	s04e08b	
subcortex_CAU	25.866756636283604	8	friends	05	022	s04e08b	
subcortex_PUT	23.933120971885458	8	friends	05	022	s04e08b	
subcortex_THA	24.0286120057278	14	friends	05	022	s04e08b	
cerebellum	24.724716316610053	88	friends	05	023	s04e09a	
cortex_Cont	30.731743873202795	128	friends	05	023	s04e09a	
cortex_Default	29.892800062271096	209	friends	05	023	s04e09a	
cortex_DorsAttn	31.800457660485957	122	friends	05	023	s04e09a	
cortex_Limbic	14.722413943112507	60	friends	05	023	s04e09a	
cortex_SalVentAttn	30.961545288998146	121	friends	05	023	s04e09a	
cortex_SomMot	28.987606769324447	194	friends	05	023	s04e09a	
cortex_Vis	27.496382772199766	162	friends	05	023	s04e09a	
subcortex_CAU	24.1311745080132	8	friends	05	023	s04e09a	
subcortex_PUT	23.147625212465694	8	friends	05	023	s04e09a	
subcortex_THA	22.675786721208823	14	friends	05	023	s04e09a	
cerebellum	24.670251132851515	88	friends	05	023	s04e09b	
cortex_Cont	32.955664283927824	128	friends	05	023	s04e09b	
cortex_Default	31.64425736942051	209	friends	05	023	s04e09b	
cortex_DorsAttn	34.22934957477056	122	friends	05	023	s04e09b	
cortex_Limbic	15.550315454008825	60	friends	05	023	s04e09b	
cortex_SalVentAttn	32.896443335734354	121	friends	05	023	s04e09b	
cortex_SomMot	30.66363000459482	194	friends	05	023	s04e09b	
cortex_Vis	28.13772650924893	162	friends	05	023	s04e09b	
subcortex_CAU	24.778687885365496	8	friends	05	023	s04e09b	
subcortex_PUT	23.73482089178201	8	friends	05	023	s04e09b	
subcortex_THA	23.506852554782103	14	friends	05	023	s04e09b	
cerebellum	24.649328029139724	88	friends	05	023	s04e10a	
cortex_Cont	32.24684088624471	128	friends	05	023	s04e10a	
cortex_Default	31.196284444170367	209	friends	05	023	s04e10a	
cortex_DorsAttn	33.3845648969189	122	friends	05	023	s04e10a	
cortex_Limbic	15.853225094322621	60	friends	05	023	s04e10a	
cortex_SalVentAttn	32.22823266694497	121	friends	05	023	s04e10a	
cortex_SomMot	29.861050851409843	194	friends	05	023	s04e10a	
cortex_Vis	28.27088131818623	162	friends	05	023	s04e10a	
subcortex_CAU	25.423166011888434	8	friends	05	023	s04e10a	
subcortex_PUT	24.12463273157008	8	friends	05	023	s04e10a	
subcortex_THA	23.202668507978853	14	friends	05	023	s04e10a	
cerebellum	24.709539438376343	88	friends	05	023	s04e10b	
cortex_Cont	31.432556632505914	128	friends	05	023	s04e10b	
cortex_Default	30.553746450564795	209	friends	05	023	s04e10b	
cortex_DorsAttn	33.17728396495178	122	friends	05	023	s04e10b	
cortex_Limbic	15.77863143438376	60	friends	05	023	s04e10b	
cortex_SalVentAttn	31.603989280731575	121	friends	05	023	s04e10b	
cortex_SomMot	29.06663703741654	194	friends	05	023	s04e10b	
cortex_Vis	28.408466206148745	162	friends	05	023	s04e10b	
subcortex_CAU	24.74142689288966	8	friends	05	023	s04e10b	
subcortex_PUT	23.90795756204974	8	friends	05	023	s04e10b	
subcortex_THA	23.25053313253786	14	friends	05	023	s04e10b	
cerebellum	26.855508886960727	88	friends	05	024	s04e11a	
cortex_Cont	36.32638619683769	128	friends	05	024	s04e11a	
cortex_Default	35.21871369244913	209	friends	05	024	s04e11a	
cortex_DorsAttn	38.402905963836794	122	friends	05	024	s04e11a	
cortex_Limbic	16.5127479157212	60	friends	05	024	s04e11a	
cortex_SalVentAttn	36.17182943833692	121	friends	05	024	s04e11a	
cortex_SomMot	35.0604197431041	194	friends	05	024	s04e11a	
cortex_Vis	32.60889078005951	162	friends	05	024	s04e11a	
subcortex_CAU	25.280352677808185	8	friends	05	024	s04e11a	
subcortex_PUT	24.515483825267314	8	friends	05	024	s04e11a	
subcortex_THA	24.954577460465973	14	friends	05	024	s04e11a	
cerebellum	26.182489579700214	88	friends	05	024	s04e11b	
cortex_Cont	32.51981456761865	128	friends	05	024	s04e11b	
cortex_Default	31.695737339745165	209	friends	05	024	s04e11b	
cortex_DorsAttn	35.63826608651287	122	friends	05	024	s04e11b	
cortex_Limbic	15.644210017224445	60	friends	05	024	s04e11b	
cortex_SalVentAttn	33.27386014721033	121	friends	05	024	s04e11b	
cortex_SomMot	32.42224120861529	194	friends	05	024	s04e11b	
cortex_Vis	30.38215812899984	162	friends	05	024	s04e11b	
subcortex_CAU	24.342438585319297	8	friends	05	024	s04e11b	
subcortex_PUT	23.28792343422692	8	friends	05	024	s04e11b	
subcortex_THA	24.48837789539383	14	friends	05	024	s04e11b	
cerebellum	22.90171370317175	88	friends	05	024	s04e12a	
cortex_Cont	30.482154450279886	128	friends	05	024	s04e12a	
cortex_Default	29.53848435377918	209	friends	05	024	s04e12a	
cortex_DorsAttn	32.54018837997131	122	friends	05	024	s04e12a	
cortex_Limbic	14.953197523282244	60	friends	05	024	s04e12a	
cortex_SalVentAttn	31.183930831558172	121	friends	05	024	s04e12a	
cortex_SomMot	30.079471154994724	194	friends	05	024	s04e12a	
cortex_Vis	26.400277373680886	162	friends	05	024	s04e12a	
subcortex_CAU	23.21643818725163	8	friends	05	024	s04e12a	
subcortex_PUT	22.46616420401125	8	friends	05	024	s04e12a	
subcortex_THA	23.199494092798698	14	friends	05	024	s04e12a	
cerebellum	25.22282547366297	88	friends	05	024	s04e12b	
cortex_Cont	37.59892312200408	128	friends	05	024	s04e12b	
cortex_Default	35.263465943593346	209	friends	05	024	s04e12b	
cortex_DorsAttn	38.69989716069465	122	friends	05	024	s04e12b	
cortex_Limbic	16.480939321668902	60	friends	05	024	s04e12b	
cortex_SalVentAttn	36.59328611148208	121	friends	05	024	s04e12b	
cortex_SomMot	36.393052327749324	194	friends	05	024	s04e12b	
cortex_Vis	29.819760900403804	162	friends	05	024	s04e12b	
subcortex_CAU	25.59930583080905	8	friends	05	024	s04e12b	
subcortex_PUT	24.11719006259982	8	friends	05	024	s04e12b	
subcortex_THA	24.573304946610666	14	friends	05	024	s04e12b	
cerebellum	25.782566005610956	88	friends	05	024	s04e13a	
cortex_Cont	36.0020064051305	128	friends	05	024	s04e13a	
cortex_Default	34.430922630434004	209	friends	05	024	s04e13a	
cortex_DorsAttn	38.39105536816521	122	friends	05	024	s04e13a	
cortex_Limbic	16.41343979110562	60	friends	05	024	s04e13a	
cortex_SalVentAttn	35.78378940681946	121	friends	05	024	s04e13a	
cortex_SomMot	35.856606038436986	194	friends	05	024	s04e13a	
cortex_Vis	30.532649667093963	162	friends	05	024	s04e13a	
subcortex_CAU	25.031928302564495	8	friends	05	024	s04e13a	
subcortex_PUT	23.992104221164947	8	friends	05	024	s04e13a	
subcortex_THA	24.965537497747267	14	friends	05	024	s04e13a	
cerebellum	20.64154578145187	88	friends	05	025	s04e14a	
cortex_Cont	29.52378202065648	128	friends	05	025	s04e14a	
cortex_Default	29.181239280535877	209	friends	05	025	s04e14a	
cortex_DorsAttn	30.500152768230944	122	friends	05	025	s04e14a	
cortex_Limbic	14.91198279488839	60	friends	05	025	s04e14a	
cortex_SalVentAttn	30.486918457590402	121	friends	05	025	s04e14a	
cortex_SomMot	28.40254173734811	194	friends	05	025	s04e14a	
cortex_Vis	25.53538755240734	162	friends	05	025	s04e14a	
subcortex_CAU	23.97698630154386	8	friends	05	025	s04e14a	
subcortex_PUT	23.53901906565376	8	friends	05	025	s04e14a	
subcortex_THA	23.289113427249497	14	friends	05	025	s04e14a	
cerebellum	20.432414594978464	88	friends	05	025	s04e14b	
cortex_Cont	31.523816767058676	128	friends	05	025	s04e14b	
cortex_Default	30.522071451276307	209	friends	05	025	s04e14b	
cortex_DorsAttn	32.99961434964351	122	friends	05	025	s04e14b	
cortex_Limbic	14.928344476457939	60	friends	05	025	s04e14b	
cortex_SalVentAttn	32.11649296721669	121	friends	05	025	s04e14b	
cortex_SomMot	30.593376907874582	194	friends	05	025	s04e14b	
cortex_Vis	26.940435894387733	162	friends	05	025	s04e14b	
subcortex_CAU	24.001149337426128	8	friends	05	025	s04e14b	
subcortex_PUT	23.468309588997297	8	friends	05	025	s04e14b	
subcortex_THA	24.126128182023802	14	friends	05	025	s04e14b	
cerebellum	22.242985667958685	88	friends	05	025	s04e15a	
cortex_Cont	33.24616187629262	128	friends	05	025	s04e15a	
cortex_Default	32.01577287600168	209	friends	05	025	s04e15a	
cortex_DorsAttn	35.56357593806304	122	friends	05	025	s04e15a	
cortex_Limbic	15.416594003181764	60	friends	05	025	s04e15a	
cortex_SalVentAttn	33.37148504790401	121	friends	05	025	s04e15a	
cortex_SomMot	32.32393018599613	194	friends	05	025	s04e15a	
cortex_Vis	28.348180766119285	162	friends	05	025	s04e15a	
subcortex_CAU	25.3081059981059	8	friends	05	025	s04e15a	
subcortex_PUT	24.077400334444317	8	friends	05	025	s04e15a	
subcortex_THA	24.359459945565412	14	friends	05	025	s04e15a	
cerebellum	22.762727584444722	88	friends	05	025	s04e15b	
cortex_Cont	32.56230185455252	128	friends	05	025	s04e15b	
cortex_Default	31.385516512891748	209	friends	05	025	s04e15b	
cortex_DorsAttn	33.22325593946036	122	friends	05	025	s04e15b	
cortex_Limbic	15.53011810391782	60	friends	05	025	s04e15b	
cortex_SalVentAttn	31.99757841766645	121	friends	05	025	s04e15b	
cortex_SomMot	30.277143217812952	194	friends	05	025	s04e15b	
cortex_Vis	26.930126736441032	162	friends	05	025	s04e15b	
subcortex_CAU	24.073767362291598	8	friends	05	025	s04e15b	
subcortex_PUT	23.298042271190624	8	friends	05	025	s04e15b	
subcortex_THA	23.614318174404925	14	friends	05	025	s04e15b	
cerebellum	21.43895952335869	88	friends	05	025	s04e16a	
cortex_Cont	32.92275126937236	128	friends	05	025	s04e16a	
cortex_Default	31.33451734013244	209	friends	05	025	s04e16a	
cortex_DorsAttn	35.03197470232704	122	friends	05	025	s04e16a	
cortex_Limbic	15.447384659186058	60	friends	05	025	s04e16a	
cortex_SalVentAttn	32.24554477769151	121	friends	05	025	s04e16a	
cortex_SomMot	31.01636056813569	194	friends	05	025	s04e16a	
cortex_Vis	28.235303903664686	162	friends	05	025	s04e16a	
subcortex_CAU	24.599430772265983	8	friends	05	025	s04e16a	
subcortex_PUT	23.64740708296868	8	friends	05	025	s04e16a	
subcortex_THA	24.12677544831835	14	friends	05	025	s04e16a	
cerebellum	22.06352220866264	88	friends	05	025	s04e16b	
cortex_Cont	32.683542098749975	128	friends	05	025	s04e16b	
cortex_Default	31.357172550028768	209	friends	05	025	s04e16b	
cortex_DorsAttn	34.50725560085901	122	friends	05	025	s04e16b	
cortex_Limbic	15.87652702772172	60	friends	05	025	s04e16b	
cortex_SalVentAttn	32.71491316136348	121	friends	05	025	s04e16b	
cortex_SomMot	31.528257190450216	194	friends	05	025	s04e16b	
cortex_Vis	27.978079172433336	162	friends	05	025	s04e16b	
subcortex_CAU	25.0573176470858	8	friends	05	025	s04e16b	
subcortex_PUT	23.53123889206697	8	friends	05	025	s04e16b	
subcortex_THA	24.386995079516172	14	friends	05	025	s04e16b	
cerebellum	20.830198157357884	88	friends	05	025	s04e17a	
cortex_Cont	23.856027269611864	128	friends	05	025	s04e17a	
cortex_Default	23.63593428665261	209	friends	05	025	s04e17a	
cortex_DorsAttn	29.13838447266361	122	friends	05	025	s04e17a	
cortex_Limbic	11.993861878888378	60	friends	05	025	s04e17a	
cortex_SalVentAttn	25.984835815896147	121	friends	05	025	s04e17a	
cortex_SomMot	27.075008778793435	194	friends	05	025	s04e17a	
cortex_Vis	24.158132206939456	162	friends	05	025	s04e17a	
subcortex_CAU	17.095995725565007	8	friends	05	025	s04e17a	
subcortex_PUT	17.079749250940118	8	friends	05	025	s04e17a	
subcortex_THA	20.788375327639688	14	friends	05	025	s04e17a	
cerebellum	23.97075316382801	88	friends	05	025	s04e17b	
cortex_Cont	35.009652556702534	128	friends	05	025	s04e17b	
cortex_Default	33.64853136087579	209	friends	05	025	s04e17b	
cortex_DorsAttn	35.85364163667029	122	friends	05	025	s04e17b	
cortex_Limbic	18.599695746655605	60	friends	05	025	s04e17b	
cortex_SalVentAttn	34.065698388799845	121	friends	05	025	s04e17b	
cortex_SomMot	33.16357654364814	194	friends	05	025	s04e17b	
cortex_Vis	28.55738856523722	162	friends	05	025	s04e17b	
subcortex_CAU	25.49272564367341	8	friends	05	025	s04e17b	
subcortex_PUT	24.65842555977163	8	friends	05	025	s04e17b	
subcortex_THA	25.311570643018513	14	friends	05	025	s04e17b	
cerebellum	22.163415658061428	88	friends	05	025	s04e18a	
cortex_Cont	31.914535162065107	128	friends	05	025	s04e18a	
cortex_Default	31.0716532084637	209	friends	05	025	s04e18a	
cortex_DorsAttn	33.8357992101928	122	friends	05	025	s04e18a	
cortex_Limbic	16.19466178671315	60	friends	05	025	s04e18a	
cortex_SalVentAttn	32.19166915164218	121	friends	05	025	s04e18a	
cortex_SomMot	31.045805576971283	194	friends	05	025	s04e18a	
cortex_Vis	27.042129401444587	162	friends	05	025	s04e18a	
subcortex_CAU	24.715636582896952	8	friends	05	025	s04e18a	
subcortex_PUT	23.918603321782214	8	friends	05	025	s04e18a	
subcortex_THA	23.979596619289104	14	friends	05	025	s04e18a	
cerebellum	28.557118351627036	88	friends	05	025	s04e18b	
cortex_Cont	36.24512591096067	128	friends	05	025	s04e18b	
cortex_Default	34.6796924662831	209	friends	05	025	s04e18b	
cortex_DorsAttn	31.12284240062453	122	friends	05	025	s04e18b	
cortex_Limbic	18.722210713828144	60	friends	05	025	s04e18b	
cortex_SalVentAttn	34.69209131617191	121	friends	05	025	s04e18b	
cortex_SomMot	26.354469808651956	194	friends	05	025	s04e18b	
cortex_Vis	30.975455369028	162	friends	05	025	s04e18b	
subcortex_CAU	26.086129076348954	8	friends	05	025	s04e18b	
subcortex_PUT	24.53373896692464	8	friends	05	025	s04e18b	
subcortex_THA	25.964683062909724	14	friends	05	025	s04e18b	
cerebellum	24.423093090732173	88	friends	05	026	s04e19a	
cortex_Cont	35.00876672478152	128	friends	05	026	s04e19a	
cortex_Default	33.62321624156541	209	friends	05	026	s04e19a	
cortex_DorsAttn	35.689945806250556	122	friends	05	026	s04e19a	
cortex_Limbic	16.207489068448375	60	friends	05	026	s04e19a	
cortex_SalVentAttn	35.23010430520024	121	friends	05	026	s04e19a	
cortex_SomMot	34.144919006281754	194	friends	05	026	s04e19a	
cortex_Vis	28.679414799127855	162	friends	05	026	s04e19a	
subcortex_CAU	25.726172964433143	8	friends	05	026	s04e19a	
subcortex_PUT	24.761535607161107	8	friends	05	026	s04e19a	
subcortex_THA	24.761276055873786	14	friends	05	026	s04e19a	
cerebellum	25.27370631698027	88	friends	05	026	s04e19b	
cortex_Cont	35.39834204485983	128	friends	05	026	s04e19b	
cortex_Default	34.18461767842623	209	friends	05	026	s04e19b	
cortex_DorsAttn	37.098904697962105	122	friends	05	026	s04e19b	
cortex_Limbic	15.955641060065492	60	friends	05	026	s04e19b	
cortex_SalVentAttn	35.129377173935836	121	friends	05	026	s04e19b	
cortex_SomMot	34.24115424462987	194	friends	05	026	s04e19b	
cortex_Vis	31.3866172763629	162	friends	05	026	s04e19b	
subcortex_CAU	25.126317267787343	8	friends	05	026	s04e19b	
subcortex_PUT	24.179116690569476	8	friends	05	026	s04e19b	
subcortex_THA	24.27864318104281	14	friends	05	026	s04e19b	
cerebellum	22.813966778386018	88	friends	05	026	s04e20a	
cortex_Cont	31.264762185327093	128	friends	05	026	s04e20a	
cortex_Default	30.5173246605512	209	friends	05	026	s04e20a	
cortex_DorsAttn	32.8248654111595	122	friends	05	026	s04e20a	
cortex_Limbic	14.780795110096328	60	friends	05	026	s04e20a	
cortex_SalVentAttn	31.582670820690335	121	friends	05	026	s04e20a	
cortex_SomMot	29.928313379173012	194	friends	05	026	s04e20a	
cortex_Vis	27.25936833745762	162	friends	05	026	s04e20a	
subcortex_CAU	24.406263394894918	8	friends	05	026	s04e20a	
subcortex_PUT	23.5541841244193	8	friends	05	026	s04e20a	
subcortex_THA	23.26795154640089	14	friends	05	026	s04e20a	
cerebellum	25.629597517973853	88	friends	05	026	s04e20b	
cortex_Cont	34.26558949184911	128	friends	05	026	s04e20b	
cortex_Default	32.510222712272025	209	friends	05	026	s04e20b	
cortex_DorsAttn	35.365033512825605	122	friends	05	026	s04e20b	
cortex_Limbic	16.570860933697375	60	friends	05	026	s04e20b	
cortex_SalVentAttn	33.8993365969171	121	friends	05	026	s04e20b	
cortex_SomMot	33.24736226995531	194	friends	05	026	s04e20b	
cortex_Vis	29.270831312322688	162	friends	05	026	s04e20b	
subcortex_CAU	25.85357956356458	8	friends	05	026	s04e20b	
subcortex_PUT	25.59217693787483	8	friends	05	026	s04e20b	
subcortex_THA	24.446761772767378	14	friends	05	026	s04e20b	
cerebellum	23.022052309438156	88	friends	05	026	s04e21a	
cortex_Cont	32.59764789437259	128	friends	05	026	s04e21a	
cortex_Default	31.200895688307078	209	friends	05	026	s04e21a	
cortex_DorsAttn	35.141546383372564	122	friends	05	026	s04e21a	
cortex_Limbic	14.81079590277034	60	friends	05	026	s04e21a	
cortex_SalVentAttn	32.36004139940869	121	friends	05	026	s04e21a	
cortex_SomMot	31.176491284772393	194	friends	05	026	s04e21a	
cortex_Vis	29.051993794819168	162	friends	05	026	s04e21a	
subcortex_CAU	24.065933303825823	8	friends	05	026	s04e21a	
subcortex_PUT	23.515381107642597	8	friends	05	026	s04e21a	
subcortex_THA	23.152827514852046	14	friends	05	026	s04e21a	
cerebellum	27.774132369398032	88	friends	05	026	s04e21b	
cortex_Cont	35.35469871782888	128	friends	05	026	s04e21b	
cortex_Default	33.93403740843693	209	friends	05	026	s04e21b	
cortex_DorsAttn	38.507214721620365	122	friends	05	026	s04e21b	
cortex_Limbic	16.287673638131874	60	friends	05	026	s04e21b	
cortex_SalVentAttn	34.72457172208179	121	friends	05	026	s04e21b	
cortex_SomMot	34.485960867044795	194	friends	05	026	s04e21b	
cortex_Vis	32.57792686077345	162	friends	05	026	s04e21b	
subcortex_CAU	25.440778325230365	8	friends	05	026	s04e21b	
subcortex_PUT	25.388121764703037	8	friends	05	026	s04e21b	
subcortex_THA	24.51340343130065	14	friends	05	026	s04e21b	
cerebellum	22.302318063840957	88	friends	05	026	s04e22a	
cortex_Cont	32.175891836613864	128	friends	05	026	s04e22a	
cortex_Default	31.193175188866533	209	friends	05	026	s04e22a	
cortex_DorsAttn	32.918512568022535	122	friends	05	026	s04e22a	
cortex_Limbic	15.563416546852899	60	friends	05	026	s04e22a	
cortex_SalVentAttn	32.378740337851646	121	friends	05	026	s04e22a	
cortex_SomMot	30.863660814486728	194	friends	05	026	s04e22a	
cortex_Vis	27.36897292082656	162	friends	05	026	s04e22a	
subcortex_CAU	25.525555281291684	8	friends	05	026	s04e22a	
subcortex_PUT	24.894832754956195	8	friends	05	026	s04e22a	
subcortex_THA	22.988322749555596	14	friends	05	026	s04e22a	
cerebellum	23.369242549179003	88	friends	05	026	s04e22b	
cortex_Cont	31.47880013609271	128	friends	05	026	s04e22b	
cortex_Default	30.71224349257405	209	friends	05	026	s04e22b	
cortex_DorsAttn	32.85601010373687	122	friends	05	026	s04e22b	
cortex_Limbic	15.017377704409265	60	friends	05	026	s04e22b	
cortex_SalVentAttn	31.979149962247813	121	friends	05	026	s04e22b	
cortex_SomMot	30.231562507374704	194	friends	05	026	s04e22b	
cortex_Vis	28.245636469064113	162	friends	05	026	s04e22b	
subcortex_CAU	24.166138473541675	8	friends	05	026	s04e22b	
subcortex_PUT	23.412912498199127	8	friends	05	026	s04e22b	
subcortex_THA	23.145295296319535	14	friends	05	026	s04e22b	
cerebellum	22.730616128167426	88	friends	05	026	s04e23a	
cortex_Cont	29.6327569026203	128	friends	05	026	s04e23a	
cortex_Default	28.96643165021693	209	friends	05	026	s04e23a	
cortex_DorsAttn	31.735888467727435	122	friends	05	026	s04e23a	
cortex_Limbic	14.606627694186091	60	friends	05	026	s04e23a	
cortex_SalVentAttn	30.511929245910604	121	friends	05	026	s04e23a	
cortex_SomMot	29.066534290698886	194	friends	05	026	s04e23a	
cortex_Vis	26.866075000114545	162	friends	05	026	s04e23a	
subcortex_CAU	23.57811902742286	8	friends	05	026	s04e23a	
subcortex_PUT	23.017626179583367	8	friends	05	026	s04e23a	
subcortex_THA	22.97632196134936	14	friends	05	026	s04e23a	
cerebellum	22.818497324523005	88	friends	05	026	s04e23b	
cortex_Cont	32.736420518104296	128	friends	05	026	s04e23b	
cortex_Default	31.514786827197273	209	friends	05	026	s04e23b	
cortex_DorsAttn	34.95870112938592	122	friends	05	026	s04e23b	
cortex_Limbic	15.33268993188069	60	friends	05	026	s04e23b	
cortex_SalVentAttn	32.74671285697032	121	friends	05	026	s04e23b	
cortex_SomMot	31.656668391149605	194	friends	05	026	s04e23b	
cortex_Vis	28.401706952320463	162	friends	05	026	s04e23b	
subcortex_CAU	24.847958480795704	8	friends	05	026	s04e23b	
subcortex_PUT	24.835937046045654	8	friends	05	026	s04e23b	
subcortex_THA	23.399741697536058	14	friends	05	026	s04e23b	
cerebellum	26.868419537702948	88	friends	05	026	s04e23c	
cortex_Cont	36.243611681748554	128	friends	05	026	s04e23c	
cortex_Default	34.17954229016612	209	friends	05	026	s04e23c	
cortex_DorsAttn	38.91382452898859	122	friends	05	026	s04e23c	
cortex_Limbic	16.68259485056266	60	friends	05	026	s04e23c	
cortex_SalVentAttn	35.24046392625914	121	friends	05	026	s04e23c	
cortex_SomMot	35.0513022438722	194	friends	05	026	s04e23c	
cortex_Vis	31.95469279614934	162	friends	05	026	s04e23c	
subcortex_CAU	25.8239167712693	8	friends	05	026	s04e23c	
subcortex_PUT	25.599192120546967	8	friends	05	026	s04e23c	
subcortex_THA	24.555875620031173	14	friends	05	026	s04e23c	
cerebellum	24.07444132282959	88	friends	05	026	s04e23d	
cortex_Cont	33.53073638971868	128	friends	05	026	s04e23d	
cortex_Default	32.21878560859326	209	friends	05	026	s04e23d	
cortex_DorsAttn	36.22121127399107	122	friends	05	026	s04e23d	
cortex_Limbic	15.577228621397143	60	friends	05	026	s04e23d	
cortex_SalVentAttn	33.68787522278278	121	friends	05	026	s04e23d	
cortex_SomMot	32.93262410601767	194	friends	05	026	s04e23d	
cortex_Vis	30.139202600872938	162	friends	05	026	s04e23d	
subcortex_CAU	24.133811158776325	8	friends	05	026	s04e23d	
subcortex_PUT	23.63104792066735	8	friends	05	026	s04e23d	
subcortex_THA	24.267768342205358	14	friends	05	026	s04e23d	
cerebellum	24.042974363700672	88	friends	05	027	s05e01a	
cortex_Cont	32.070766241925504	128	friends	05	027	s05e01a	
cortex_Default	30.98436382842144	209	friends	05	027	s05e01a	
cortex_DorsAttn	33.89051929307918	122	friends	05	027	s05e01a	
cortex_Limbic	15.239356081021949	60	friends	05	027	s05e01a	
cortex_SalVentAttn	32.535006697255014	121	friends	05	027	s05e01a	
cortex_SomMot	31.30027086345022	194	friends	05	027	s05e01a	
cortex_Vis	28.231418234301028	162	friends	05	027	s05e01a	
subcortex_CAU	25.628306185533464	8	friends	05	027	s05e01a	
subcortex_PUT	24.35171341939674	8	friends	05	027	s05e01a	
subcortex_THA	24.054369958906797	14	friends	05	027	s05e01a	
cerebellum	29.117845485465615	88	friends	05	027	s05e01b	
cortex_Cont	40.17064135341815	128	friends	05	027	s05e01b	
cortex_Default	38.37796202303867	209	friends	05	027	s05e01b	
cortex_DorsAttn	42.74907225120733	122	friends	05	027	s05e01b	
cortex_Limbic	18.17330196009122	60	friends	05	027	s05e01b	
cortex_SalVentAttn	39.688485462081815	121	friends	05	027	s05e01b	
cortex_SomMot	39.993366650054604	194	friends	05	027	s05e01b	
cortex_Vis	33.81412378015031	162	friends	05	027	s05e01b	
subcortex_CAU	27.50866855199469	8	friends	05	027	s05e01b	
subcortex_PUT	25.51945377811507	8	friends	05	027	s05e01b	
subcortex_THA	26.70070127215215	14	friends	05	027	s05e01b	
cerebellum	25.332856877865275	88	friends	05	027	s05e02a	
cortex_Cont	33.47615313786399	128	friends	05	027	s05e02a	
cortex_Default	32.53049498880606	209	friends	05	027	s05e02a	
cortex_DorsAttn	36.01784167405697	122	friends	05	027	s05e02a	
cortex_Limbic	16.145995865399986	60	friends	05	027	s05e02a	
cortex_SalVentAttn	34.51310315350301	121	friends	05	027	s05e02a	
cortex_SomMot	32.83495215663387	194	friends	05	027	s05e02a	
cortex_Vis	30.4486925970654	162	friends	05	027	s05e02a	
subcortex_CAU	25.470174952480914	8	friends	05	027	s05e02a	
subcortex_PUT	24.33280754646454	8	friends	05	027	s05e02a	
subcortex_THA	25.145708688124436	14	friends	05	027	s05e02a	
cerebellum	26.26458684419937	88	friends	05	027	s05e02b	
cortex_Cont	35.50315881361744	128	friends	05	027	s05e02b	
cortex_Default	34.21211989286431	209	friends	05	027	s05e02b	
cortex_DorsAttn	39.0441075332676	122	friends	05	027	s05e02b	
cortex_Limbic	16.39298895381818	60	friends	05	027	s05e02b	
cortex_SalVentAttn	35.53278071008953	121	friends	05	027	s05e02b	
cortex_SomMot	34.60205035732285	194	friends	05	027	s05e02b	
cortex_Vis	32.261190473628005	162	friends	05	027	s05e02b	
subcortex_CAU	25.95717399651703	8	friends	05	027	s05e02b	
subcortex_PUT	24.387551627004886	8	friends	05	027	s05e02b	
subcortex_THA	25.00877216709413	14	friends	05	027	s05e02b	
cerebellum	27.061681386177217	88	friends	05	027	s05e03a	
cortex_Cont	36.87790344876729	128	friends	05	027	s05e03a	
cortex_Default	35.32384323210958	209	friends	05	027	s05e03a	
cortex_DorsAttn	40.238415761288366	122	friends	05	027	s05e03a	
cortex_Limbic	16.362569469959883	60	friends	05	027	s05e03a	
cortex_SalVentAttn	36.71348148279736	121	friends	05	027	s05e03a	
cortex_SomMot	36.582225142632986	194	friends	05	027	s05e03a	
cortex_Vis	32.94585836938027	162	friends	05	027	s05e03a	
subcortex_CAU	25.941771972474164	8	friends	05	027	s05e03a	
subcortex_PUT	24.36158322720652	8	friends	05	027	s05e03a	
subcortex_THA	25.42554607556836	14	friends	05	027	s05e03a	
cerebellum	28.630955176060954	88	friends	05	027	s05e03b	
cortex_Cont	36.23381413305071	128	friends	05	027	s05e03b	
cortex_Default	34.96644122571059	209	friends	05	027	s05e03b	
cortex_DorsAttn	39.63402536787189	122	friends	05	027	s05e03b	
cortex_Limbic	16.486667796550226	60	friends	05	027	s05e03b	
cortex_SalVentAttn	36.75913272197798	121	friends	05	027	s05e03b	
cortex_SomMot	36.345931150284	194	friends	05	027	s05e03b	
cortex_Vis	33.09147477914804	162	friends	05	027	s05e03b	
subcortex_CAU	25.542639770120637	8	friends	05	027	s05e03b	
subcortex_PUT	24.204212239234685	8	friends	05	027	s05e03b	
subcortex_THA	25.74773123514274	14	friends	05	027	s05e03b	
cerebellum	23.776527580257937	88	friends	05	027	s05e04a	
cortex_Cont	32.5105160727778	128	friends	05	027	s05e04a	
cortex_Default	31.772048785258242	209	friends	05	027	s05e04a	
cortex_DorsAttn	35.43763735808108	122	friends	05	027	s05e04a	
cortex_Limbic	15.055986408701482	60	friends	05	027	s05e04a	
cortex_SalVentAttn	32.9510082493909	121	friends	05	027	s05e04a	
cortex_SomMot	31.39798787367074	194	friends	05	027	s05e04a	
cortex_Vis	30.196252031577647	162	friends	05	027	s05e04a	
subcortex_CAU	24.34855739579536	8	friends	05	027	s05e04a	
subcortex_PUT	23.56122976092383	8	friends	05	027	s05e04a	
subcortex_THA	24.074860593532637	14	friends	05	027	s05e04a	
cerebellum	26.175554199667985	88	friends	05	027	s05e04b	
cortex_Cont	37.38564935190021	128	friends	05	027	s05e04b	
cortex_Default	35.872328418946914	209	friends	05	027	s05e04b	
cortex_DorsAttn	40.4860364850378	122	friends	05	027	s05e04b	
cortex_Limbic	17.243206170211213	60	friends	05	027	s05e04b	
cortex_SalVentAttn	36.856115179854406	121	friends	05	027	s05e04b	
cortex_SomMot	36.40010156993337	194	friends	05	027	s05e04b	
cortex_Vis	33.76404993090459	162	friends	05	027	s05e04b	
subcortex_CAU	25.95072025001058	8	friends	05	027	s05e04b	
subcortex_PUT	24.303729561039926	8	friends	05	027	s05e04b	
subcortex_THA	25.4885880113809	14	friends	05	027	s05e04b	
cerebellum	25.845718831093503	88	friends	05	027	s05e05a	
cortex_Cont	38.36951133637326	128	friends	05	027	s05e05a	
cortex_Default	36.42648199192151	209	friends	05	027	s05e05a	
cortex_DorsAttn	40.83125018045357	122	friends	05	027	s05e05a	
cortex_Limbic	16.971037890473106	60	friends	05	027	s05e05a	
cortex_SalVentAttn	38.07719223569616	121	friends	05	027	s05e05a	
cortex_SomMot	38.30099371908367	194	friends	05	027	s05e05a	
cortex_Vis	32.01438199620961	162	friends	05	027	s05e05a	
subcortex_CAU	26.181420446445603	8	friends	05	027	s05e05a	
subcortex_PUT	24.480568916746705	8	friends	05	027	s05e05a	
subcortex_THA	25.848238923649895	14	friends	05	027	s05e05a	
cerebellum	26.167700893038262	88	friends	05	027	s05e05b	
cortex_Cont	35.72224969097707	128	friends	05	027	s05e05b	
cortex_Default	34.215268413868344	209	friends	05	027	s05e05b	
cortex_DorsAttn	37.453679528467305	122	friends	05	027	s05e05b	
cortex_Limbic	17.28467208430813	60	friends	05	027	s05e05b	
cortex_SalVentAttn	36.10511534603265	121	friends	05	027	s05e05b	
cortex_SomMot	35.25570241098315	194	friends	05	027	s05e05b	
cortex_Vis	31.115391987850575	162	friends	05	027	s05e05b	
subcortex_CAU	26.932922283104798	8	friends	05	027	s05e05b	
subcortex_PUT	26.259282146961176	8	friends	05	027	s05e05b	
subcortex_THA	25.48922855415866	14	friends	05	027	s05e05b	
cerebellum	22.440533620986454	88	friends	05	027	s05e06a	
cortex_Cont	33.06484278992862	128	friends	05	027	s05e06a	
cortex_Default	32.230547005271106	209	friends	05	027	s05e06a	
cortex_DorsAttn	34.857515943063454	122	friends	05	027	s05e06a	
cortex_Limbic	15.482697528021456	60	friends	05	027	s05e06a	
cortex_SalVentAttn	34.3034390841304	121	friends	05	027	s05e06a	
cortex_SomMot	33.140816280678266	194	friends	05	027	s05e06a	
cortex_Vis	28.24576753016461	162	friends	05	027	s05e06a	
subcortex_CAU	24.54026103492868	8	friends	05	027	s05e06a	
subcortex_PUT	23.836552358340114	8	friends	05	027	s05e06a	
subcortex_THA	24.692104991410577	14	friends	05	027	s05e06a	
cerebellum	24.725459225406766	88	friends	05	027	s05e06b	
cortex_Cont	37.32864101331852	128	friends	05	027	s05e06b	
cortex_Default	35.49926635808752	209	friends	05	027	s05e06b	
cortex_DorsAttn	39.917400318114744	122	friends	05	027	s05e06b	
cortex_Limbic	17.43944613666644	60	friends	05	027	s05e06b	
cortex_SalVentAttn	37.38382764990294	121	friends	05	027	s05e06b	
cortex_SomMot	37.07807629770918	194	friends	05	027	s05e06b	
cortex_Vis	31.693703041622516	162	friends	05	027	s05e06b	
subcortex_CAU	25.89555307862648	8	friends	05	027	s05e06b	
subcortex_PUT	24.384042190424957	8	friends	05	027	s05e06b	
subcortex_THA	25.550099357050943	14	friends	05	027	s05e06b	
cerebellum	18.361861340040402	88	friends	05	030	s05e07a	
cortex_Cont	29.634716856003546	128	friends	05	030	s05e07a	
cortex_Default	28.482886837861898	209	friends	05	030	s05e07a	
cortex_DorsAttn	30.736516753053365	122	friends	05	030	s05e07a	
cortex_Limbic	14.43887866154122	60	friends	05	030	s05e07a	
cortex_SalVentAttn	29.450331333962552	121	friends	05	030	s05e07a	
cortex_SomMot	27.76465405222466	194	friends	05	030	s05e07a	
cortex_Vis	24.125903147966905	162	friends	05	030	s05e07a	
subcortex_CAU	23.736182571899448	8	friends	05	030	s05e07a	
subcortex_PUT	22.851497459106337	8	friends	05	030	s05e07a	
subcortex_THA	22.955798715335447	14	friends	05	030	s05e07a	
cerebellum	22.951839054754245	88	friends	05	030	s05e07b	
cortex_Cont	34.97192270776938	128	friends	05	030	s05e07b	
cortex_Default	33.354968266599315	209	friends	05	030	s05e07b	
cortex_DorsAttn	38.35035251064876	122	friends	05	030	s05e07b	
cortex_Limbic	15.80032170356131	60	friends	05	030	s05e07b	
cortex_SalVentAttn	34.41668102930465	121	friends	05	030	s05e07b	
cortex_SomMot	33.9724876018774	194	friends	05	030	s05e07b	
cortex_Vis	31.12021384870046	162	friends	05	030	s05e07b	
subcortex_CAU	25.247113313700368	8	friends	05	030	s05e07b	
subcortex_PUT	23.725700532540024	8	friends	05	030	s05e07b	
subcortex_THA	24.720986857955918	14	friends	05	030	s05e07b	
cerebellum	18.759706276915	88	friends	05	030	s05e08a	
cortex_Cont	30.052429884495588	128	friends	05	030	s05e08a	
cortex_Default	28.76435330949563	209	friends	05	030	s05e08a	
cortex_DorsAttn	31.063587807839472	122	friends	05	030	s05e08a	
cortex_Limbic	15.02885486364862	60	friends	05	030	s05e08a	
cortex_SalVentAttn	30.46540665968028	121	friends	05	030	s05e08a	
cortex_SomMot	28.770057053984512	194	friends	05	030	s05e08a	
cortex_Vis	24.381816497566227	162	friends	05	030	s05e08a	
subcortex_CAU	24.159085832316293	8	friends	05	030	s05e08a	
subcortex_PUT	23.106703479902784	8	friends	05	030	s05e08a	
subcortex_THA	23.377327602868345	14	friends	05	030	s05e08a	
cerebellum	21.37715365473875	88	friends	05	030	s05e08b	
cortex_Cont	35.03579597378929	128	friends	05	030	s05e08b	
cortex_Default	33.222858267562124	209	friends	05	030	s05e08b	
cortex_DorsAttn	37.659611680238	122	friends	05	030	s05e08b	
cortex_Limbic	16.210889166792402	60	friends	05	030	s05e08b	
cortex_SalVentAttn	34.60246741573257	121	friends	05	030	s05e08b	
cortex_SomMot	34.27201530336208	194	friends	05	030	s05e08b	
cortex_Vis	28.939901917574474	162	friends	05	030	s05e08b	
subcortex_CAU	25.319425088556322	8	friends	05	030	s05e08b	
subcortex_PUT	23.61569529476266	8	friends	05	030	s05e08b	
subcortex_THA	24.79152120433863	14	friends	05	030	s05e08b	
cerebellum	27.12336793738818	88	friends	05	031	s05e09a	
cortex_Cont	31.87220386365719	128	friends	05	031	s05e09a	
cortex_Default	31.039709498882875	209	friends	05	031	s05e09a	
cortex_DorsAttn	34.7126452976407	122	friends	05	031	s05e09a	
cortex_Limbic	16.673034319735873	60	friends	05	031	s05e09a	
cortex_SalVentAttn	32.07486846010589	121	friends	05	031	s05e09a	
cortex_SomMot	31.430806321162006	194	friends	05	031	s05e09a	
cortex_Vis	30.488870932292397	162	friends	05	031	s05e09a	
subcortex_CAU	24.738950287753713	8	friends	05	031	s05e09a	
subcortex_PUT	23.764791605187476	8	friends	05	031	s05e09a	
subcortex_THA	24.633224201408666	14	friends	05	031	s05e09a	
cerebellum	21.880551410733894	88	friends	05	031	s05e10a	
cortex_Cont	28.293412859822244	128	friends	05	031	s05e10a	
cortex_Default	27.467825559535594	209	friends	05	031	s05e10a	
cortex_DorsAttn	31.158364496420216	122	friends	05	031	s05e10a	
cortex_Limbic	14.924922831965157	60	friends	05	031	s05e10a	
cortex_SalVentAttn	28.657835527436628	121	friends	05	031	s05e10a	
cortex_SomMot	27.62172597642299	194	friends	05	031	s05e10a	
cortex_Vis	26.2106224520844	162	friends	05	031	s05e10a	
subcortex_CAU	22.80992782022469	8	friends	05	031	s05e10a	
subcortex_PUT	22.311744655381453	8	friends	05	031	s05e10a	
subcortex_THA	22.843171190739355	14	friends	05	031	s05e10a	
cerebellum	21.90867232152573	88	friends	05	031	s05e10b	
cortex_Cont	29.090476548116783	128	friends	05	031	s05e10b	
cortex_Default	27.786097673606232	209	friends	05	031	s05e10b	
cortex_DorsAttn	32.43659350194905	122	friends	05	031	s05e10b	
cortex_Limbic	14.57864012077208	60	friends	05	031	s05e10b	
cortex_SalVentAttn	29.2494853431196	121	friends	05	031	s05e10b	
cortex_SomMot	28.58492254620365	194	friends	05	031	s05e10b	
cortex_Vis	25.87690674334395	162	friends	05	031	s05e10b	
subcortex_CAU	22.034778457938714	8	friends	05	031	s05e10b	
subcortex_PUT	21.62806208133028	8	friends	05	031	s05e10b	
subcortex_THA	23.098087275183442	14	friends	05	031	s05e10b	
cerebellum	21.578800443655776	88	friends	05	031	s05e11a	
cortex_Cont	29.299825288371164	128	friends	05	031	s05e11a	
cortex_Default	28.039861410152188	209	friends	05	031	s05e11a	
cortex_DorsAttn	32.836291294842646	122	friends	05	031	s05e11a	
cortex_Limbic	14.115842686418652	60	friends	05	031	s05e11a	
cortex_SalVentAttn	29.805083683555516	121	friends	05	031	s05e11a	
cortex_SomMot	29.10949885521344	194	friends	05	031	s05e11a	
cortex_Vis	26.62699092556235	162	friends	05	031	s05e11a	
subcortex_CAU	22.019494937892365	8	friends	05	031	s05e11a	
subcortex_PUT	21.711206474606346	8	friends	05	031	s05e11a	
subcortex_THA	22.67296392388399	14	friends	05	031	s05e11a	
cerebellum	24.877060330911	88	friends	05	031	s05e11b	
cortex_Cont	32.02491509461624	128	friends	05	031	s05e11b	
cortex_Default	30.86925274523003	209	friends	05	031	s05e11b	
cortex_DorsAttn	36.074131041595095	122	friends	05	031	s05e11b	
cortex_Limbic	15.388020964586358	60	friends	05	031	s05e11b	
cortex_SalVentAttn	31.91797283769747	121	friends	05	031	s05e11b	
cortex_SomMot	31.55357302880076	194	friends	05	031	s05e11b	
cortex_Vis	29.464957596244545	162	friends	05	031	s05e11b	
subcortex_CAU	22.949321041356953	8	friends	05	031	s05e11b	
subcortex_PUT	22.491356526794778	8	friends	05	031	s05e11b	
subcortex_THA	23.912165092514677	14	friends	05	031	s05e11b	
cerebellum	29.358179021267915	88	friends	05	032	s05e12a	
cortex_Cont	37.40353866304529	128	friends	05	032	s05e12a	
cortex_Default	35.58973068296852	209	friends	05	032	s05e12a	
cortex_DorsAttn	40.217225121284876	122	friends	05	032	s05e12a	
cortex_Limbic	17.50580987934065	60	friends	05	032	s05e12a	
cortex_SalVentAttn	35.88695882885099	121	friends	05	032	s05e12a	
cortex_SomMot	35.37566527058441	194	friends	05	032	s05e12a	
cortex_Vis	33.59742980484608	162	friends	05	032	s05e12a	
subcortex_CAU	25.545077943753267	8	friends	05	032	s05e12a	
subcortex_PUT	24.07659758502257	8	friends	05	032	s05e12a	
subcortex_THA	24.887930802914713	14	friends	05	032	s05e12a	
cerebellum	27.759886493767343	88	friends	05	032	s05e12b	
cortex_Cont	35.993131019923	128	friends	05	032	s05e12b	
cortex_Default	34.02156278452168	209	friends	05	032	s05e12b	
cortex_DorsAttn	39.876841574134595	122	friends	05	032	s05e12b	
cortex_Limbic	16.234590328898403	60	friends	05	032	s05e12b	
cortex_SalVentAttn	34.59287928624134	121	friends	05	032	s05e12b	
cortex_SomMot	34.225524062607406	194	friends	05	032	s05e12b	
cortex_Vis	32.87732556564749	162	friends	05	032	s05e12b	
subcortex_CAU	24.444559662517737	8	friends	05	032	s05e12b	
subcortex_PUT	23.980947961516833	8	friends	05	032	s05e12b	
subcortex_THA	24.119091466365717	14	friends	05	032	s05e12b	
cerebellum	28.977828740570462	88	friends	05	032	s05e13a	
cortex_Cont	37.1820774123468	128	friends	05	032	s05e13a	
cortex_Default	34.94550066142637	209	friends	05	032	s05e13a	
cortex_DorsAttn	41.24431581997514	122	friends	05	032	s05e13a	
cortex_Limbic	17.671363138077613	60	friends	05	032	s05e13a	
cortex_SalVentAttn	36.29649707761623	121	friends	05	032	s05e13a	
cortex_SomMot	36.46361943160165	194	friends	05	032	s05e13a	
cortex_Vis	33.43783625662978	162	friends	05	032	s05e13a	
subcortex_CAU	25.075234176143873	8	friends	05	032	s05e13a	
subcortex_PUT	23.995961619823134	8	friends	05	032	s05e13a	
subcortex_THA	24.886876405169257	14	friends	05	032	s05e13a	
cerebellum	26.873803917524427	88	friends	05	032	s05e13b	
cortex_Cont	33.878536290568945	128	friends	05	032	s05e13b	
cortex_Default	32.34731362201786	209	friends	05	032	s05e13b	
cortex_DorsAttn	37.75646798150662	122	friends	05	032	s05e13b	
cortex_Limbic	15.681299148881935	60	friends	05	032	s05e13b	
cortex_SalVentAttn	32.95235558328277	121	friends	05	032	s05e13b	
cortex_SomMot	32.4747039773069	194	friends	05	032	s05e13b	
cortex_Vis	31.81573470700441	162	friends	05	032	s05e13b	
subcortex_CAU	23.860038696410783	8	friends	05	032	s05e13b	
subcortex_PUT	23.017262713595667	8	friends	05	032	s05e13b	
subcortex_THA	23.5480895116804	14	friends	05	032	s05e13b	
cerebellum	29.56753539609999	88	friends	05	032	s05e14a	
cortex_Cont	40.32272251661796	128	friends	05	032	s05e14a	
cortex_Default	37.45757640238319	209	friends	05	032	s05e14a	
cortex_DorsAttn	42.08286847060892	122	friends	05	032	s05e14a	
cortex_Limbic	18.78993106905159	60	friends	05	032	s05e14a	
cortex_SalVentAttn	38.51536119260353	121	friends	05	032	s05e14a	
cortex_SomMot	38.680645853756076	194	friends	05	032	s05e14a	
cortex_Vis	33.52369349722154	162	friends	05	032	s05e14a	
subcortex_CAU	25.99053441654436	8	friends	05	032	s05e14a	
subcortex_PUT	24.461690150743014	8	friends	05	032	s05e14a	
subcortex_THA	25.73921150105624	14	friends	05	032	s05e14a	
cerebellum	26.774893502585986	88	friends	05	032	s05e14b	
cortex_Cont	33.806897183418336	128	friends	05	032	s05e14b	
cortex_Default	32.0788918917773	209	friends	05	032	s05e14b	
cortex_DorsAttn	37.33513894997289	122	friends	05	032	s05e14b	
cortex_Limbic	15.808811098643961	60	friends	05	032	s05e14b	
cortex_SalVentAttn	32.98331738503932	121	friends	05	032	s05e14b	
cortex_SomMot	32.370698557847234	194	friends	05	032	s05e14b	
cortex_Vis	32.27084377629796	162	friends	05	032	s05e14b	
subcortex_CAU	23.468050183205186	8	friends	05	032	s05e14b	
subcortex_PUT	23.125655835576058	8	friends	05	032	s05e14b	
subcortex_THA	23.480854694201042	14	friends	05	032	s05e14b	
cerebellum	27.318491789095937	88	friends	05	033	s05e15a	
cortex_Cont	37.94610509395314	128	friends	05	033	s05e15a	
cortex_Default	35.984509861378775	209	friends	05	033	s05e15a	
cortex_DorsAttn	40.01676515948838	122	friends	05	033	s05e15a	
cortex_Limbic	17.350444491108412	60	friends	05	033	s05e15a	
cortex_SalVentAttn	37.35400977203831	121	friends	05	033	s05e15a	
cortex_SomMot	37.6197070080166	194	friends	05	033	s05e15a	
cortex_Vis	31.12146364359211	162	friends	05	033	s05e15a	
subcortex_CAU	25.686484125664563	8	friends	05	033	s05e15a	
subcortex_PUT	24.37358924900185	8	friends	05	033	s05e15a	
subcortex_THA	26.161196268424003	14	friends	05	033	s05e15a	
cerebellum	26.867963566887145	88	friends	05	033	s05e15b	
cortex_Cont	37.669626541966956	128	friends	05	033	s05e15b	
cortex_Default	35.37551854548742	209	friends	05	033	s05e15b	
cortex_DorsAttn	41.30158324181819	122	friends	05	033	s05e15b	
cortex_Limbic	16.90281148133577	60	friends	05	033	s05e15b	
cortex_SalVentAttn	36.49950644703438	121	friends	05	033	s05e15b	
cortex_SomMot	36.272343019735274	194	friends	05	033	s05e15b	
cortex_Vis	33.1209185684014	162	friends	05	033	s05e15b	
subcortex_CAU	25.395303031294254	8	friends	05	033	s05e15b	
subcortex_PUT	24.09402264568809	8	friends	05	033	s05e15b	
subcortex_THA	25.74122337896834	14	friends	05	033	s05e15b	
cerebellum	26.124722730245402	88	friends	05	033	s05e16a	
cortex_Cont	32.52766828914575	128	friends	05	033	s05e16a	
cortex_Default	31.842272526779176	209	friends	05	033	s05e16a	
cortex_DorsAttn	33.61705616083457	122	friends	05	033	s05e16a	
cortex_Limbic	16.5329540797208	60	friends	05	033	s05e16a	
cortex_SalVentAttn	33.30794494248427	121	friends	05	033	s05e16a	
cortex_SomMot	32.38015385513062	194	friends	05	033	s05e16a	
cortex_Vis	28.893793308628354	162	friends	05	033	s05e16a	
subcortex_CAU	24.652443440679384	8	friends	05	033	s05e16a	
subcortex_PUT	23.771011864095218	8	friends	05	033	s05e16a	
subcortex_THA	25.518721877299793	14	friends	05	033	s05e16a	
cerebellum	24.38637216141509	88	friends	05	033	s05e16b	
cortex_Cont	31.642092299556953	128	friends	05	033	s05e16b	
cortex_Default	30.941514706837577	209	friends	05	033	s05e16b	
cortex_DorsAttn	32.3972435338759	122	friends	05	033	s05e16b	
cortex_Limbic	15.878586482701788	60	friends	05	033	s05e16b	
cortex_SalVentAttn	32.29522674424035	121	friends	05	033	s05e16b	
cortex_SomMot	30.58753765671055	194	friends	05	033	s05e16b	
cortex_Vis	27.54424637169321	162	friends	05	033	s05e16b	
subcortex_CAU	24.50028902563453	8	friends	05	033	s05e16b	
subcortex_PUT	23.322985660194124	8	friends	05	033	s05e16b	
subcortex_THA	24.60301489666293	14	friends	05	033	s05e16b	
cerebellum	24.42962375862174	88	friends	05	034	s05e17b	
cortex_Cont	36.52746775459275	128	friends	05	034	s05e17b	
cortex_Default	33.78158462590009	209	friends	05	034	s05e17b	
cortex_DorsAttn	40.17621667239611	122	friends	05	034	s05e17b	
cortex_Limbic	16.442411105060142	60	friends	05	034	s05e17b	
cortex_SalVentAttn	36.247487514692146	121	friends	05	034	s05e17b	
cortex_SomMot	36.53877540270679	194	friends	05	034	s05e17b	
cortex_Vis	31.892937692626372	162	friends	05	034	s05e17b	
subcortex_CAU	25.212572891923323	8	friends	05	034	s05e17b	
subcortex_PUT	23.922961140336298	8	friends	05	034	s05e17b	
subcortex_THA	24.834853910022296	14	friends	05	034	s05e17b	
cerebellum	24.153265000001205	88	friends	05	034	s05e18a	
cortex_Cont	35.84217739582861	128	friends	05	034	s05e18a	
cortex_Default	34.01499921859347	209	friends	05	034	s05e18a	
cortex_DorsAttn	37.954040047732654	122	friends	05	034	s05e18a	
cortex_Limbic	16.80616179002354	60	friends	05	034	s05e18a	
cortex_SalVentAttn	35.72005547406968	121	friends	05	034	s05e18a	
cortex_SomMot	34.51906482836933	194	friends	05	034	s05e18a	
cortex_Vis	31.21666169189972	162	friends	05	034	s05e18a	
subcortex_CAU	25.928998860802167	8	friends	05	034	s05e18a	
subcortex_PUT	24.625261778899052	8	friends	05	034	s05e18a	
subcortex_THA	24.876730181391082	14	friends	05	034	s05e18a	
cerebellum	23.86123534988886	88	friends	05	034	s05e18b	
cortex_Cont	33.699397564621215	128	friends	05	034	s05e18b	
cortex_Default	32.50343177662959	209	friends	05	034	s05e18b	
cortex_DorsAttn	36.96319985274083	122	friends	05	034	s05e18b	
cortex_Limbic	15.11927026265198	60	friends	05	034	s05e18b	
cortex_SalVentAttn	33.36517043823006	121	friends	05	034	s05e18b	
cortex_SomMot	32.44706551752445	194	friends	05	034	s05e18b	
cortex_Vis	31.576184210802996	162	friends	05	034	s05e18b	
subcortex_CAU	23.617945861727872	8	friends	05	034	s05e18b	
subcortex_PUT	23.057637455726827	8	friends	05	034	s05e18b	
subcortex_THA	23.68418664243806	14	friends	05	034	s05e18b	
cerebellum	26.544597644307036	88	friends	05	034	s05e19a	
cortex_Cont	39.05422226810092	128	friends	05	034	s05e19a	
cortex_Default	37.092028957087535	209	friends	05	034	s05e19a	
cortex_DorsAttn	42.85869888187465	122	friends	05	034	s05e19a	
cortex_Limbic	17.536307900215608	60	friends	05	034	s05e19a	
cortex_SalVentAttn	37.73512878084007	121	friends	05	034	s05e19a	
cortex_SomMot	37.79249177670507	194	friends	05	034	s05e19a	
cortex_Vis	36.16623039193084	162	friends	05	034	s05e19a	
subcortex_CAU	25.518693463127388	8	friends	05	034	s05e19a	
subcortex_PUT	24.454132306729285	8	friends	05	034	s05e19a	
subcortex_THA	25.161131063586343	14	friends	05	034	s05e19a	
cerebellum	24.353245565125373	88	friends	05	034	s05e19b	
cortex_Cont	35.952871661682515	128	friends	05	034	s05e19b	
cortex_Default	34.51171193751961	209	friends	05	034	s05e19b	
cortex_DorsAttn	37.6714796505224	122	friends	05	034	s05e19b	
cortex_Limbic	16.642255442144506	60	friends	05	034	s05e19b	
cortex_SalVentAttn	35.428396172500975	121	friends	05	034	s05e19b	
cortex_SomMot	34.381915062708764	194	friends	05	034	s05e19b	
cortex_Vis	31.008272533537678	162	friends	05	034	s05e19b	
subcortex_CAU	24.645618453501953	8	friends	05	034	s05e19b	
subcortex_PUT	24.0707739121404	8	friends	05	034	s05e19b	
subcortex_THA	24.62029588752652	14	friends	05	034	s05e19b	
cerebellum	26.654700741455905	88	friends	05	035	s05e20a	
cortex_Cont	38.06217889106802	128	friends	05	035	s05e20a	
cortex_Default	35.38881432074784	209	friends	05	035	s05e20a	
cortex_DorsAttn	39.98103736188088	122	friends	05	035	s05e20a	
cortex_Limbic	17.288868273866786	60	friends	05	035	s05e20a	
cortex_SalVentAttn	36.97270019545225	121	friends	05	035	s05e20a	
cortex_SomMot	36.66887020156966	194	friends	05	035	s05e20a	
cortex_Vis	30.745253042631568	162	friends	05	035	s05e20a	
subcortex_CAU	25.5843017868816	8	friends	05	035	s05e20a	
subcortex_PUT	24.244732354486977	8	friends	05	035	s05e20a	
subcortex_THA	25.50294676287727	14	friends	05	035	s05e20a	
cerebellum	25.987265866375047	88	friends	05	035	s05e20b	
cortex_Cont	36.565320506614654	128	friends	05	035	s05e20b	
cortex_Default	34.123040584078836	209	friends	05	035	s05e20b	
cortex_DorsAttn	38.977950473665835	122	friends	05	035	s05e20b	
cortex_Limbic	17.281981744367	60	friends	05	035	s05e20b	
cortex_SalVentAttn	36.61837898812398	121	friends	05	035	s05e20b	
cortex_SomMot	36.156706499052454	194	friends	05	035	s05e20b	
cortex_Vis	30.306093106465713	162	friends	05	035	s05e20b	
subcortex_CAU	25.241056980865466	8	friends	05	035	s05e20b	
subcortex_PUT	24.02333576625173	8	friends	05	035	s05e20b	
subcortex_THA	25.38078255485833	14	friends	05	035	s05e20b	
cerebellum	21.85023272015554	88	friends	05	035	s05e21a	
cortex_Cont	30.42774239957419	128	friends	05	035	s05e21a	
cortex_Default	29.07051625848281	209	friends	05	035	s05e21a	
cortex_DorsAttn	31.76186854807547	122	friends	05	035	s05e21a	
cortex_Limbic	14.79109641952	60	friends	05	035	s05e21a	
cortex_SalVentAttn	31.55913310591287	121	friends	05	035	s05e21a	
cortex_SomMot	29.74662539986959	194	friends	05	035	s05e21a	
cortex_Vis	25.756861739119767	162	friends	05	035	s05e21a	
subcortex_CAU	23.90393342228486	8	friends	05	035	s05e21a	
subcortex_PUT	22.99327881643105	8	friends	05	035	s05e21a	
subcortex_THA	23.79741780484296	14	friends	05	035	s05e21a	
cerebellum	26.262711656692613	88	friends	05	035	s05e21b	
cortex_Cont	38.12928927442296	128	friends	05	035	s05e21b	
cortex_Default	35.75399801246221	209	friends	05	035	s05e21b	
cortex_DorsAttn	41.51377266216858	122	friends	05	035	s05e21b	
cortex_Limbic	16.708946203324942	60	friends	05	035	s05e21b	
cortex_SalVentAttn	37.0616704104823	121	friends	05	035	s05e21b	
cortex_SomMot	36.88256320428577	194	friends	05	035	s05e21b	
cortex_Vis	32.633624432932145	162	friends	05	035	s05e21b	
subcortex_CAU	25.693468698930317	8	friends	05	035	s05e21b	
subcortex_PUT	24.63559503215764	8	friends	05	035	s05e21b	
subcortex_THA	25.502804567309575	14	friends	05	035	s05e21b	
cerebellum	24.89794595933503	88	friends	05	035	s05e22a	
cortex_Cont	38.27518204361933	128	friends	05	035	s05e22a	
cortex_Default	35.57136620584299	209	friends	05	035	s05e22a	
cortex_DorsAttn	40.98735968562568	122	friends	05	035	s05e22a	
cortex_Limbic	16.95097680868757	60	friends	05	035	s05e22a	
cortex_SalVentAttn	37.0320541544364	121	friends	05	035	s05e22a	
cortex_SomMot	37.947750223981444	194	friends	05	035	s05e22a	
cortex_Vis	31.49018457773356	162	friends	05	035	s05e22a	
subcortex_CAU	25.679416365992545	8	friends	05	035	s05e22a	
subcortex_PUT	24.29942661014171	8	friends	05	035	s05e22a	
subcortex_THA	25.036639929190365	14	friends	05	035	s05e22a	
cerebellum	25.20026105112959	88	friends	05	035	s05e22b	
cortex_Cont	36.82919892913122	128	friends	05	035	s05e22b	
cortex_Default	34.468521236776816	209	friends	05	035	s05e22b	
cortex_DorsAttn	41.11357986021792	122	friends	05	035	s05e22b	
cortex_Limbic	16.126857822165395	60	friends	05	035	s05e22b	
cortex_SalVentAttn	35.71034286812943	121	friends	05	035	s05e22b	
cortex_SomMot	35.88982566617493	194	friends	05	035	s05e22b	
cortex_Vis	33.023680484789075	162	friends	05	035	s05e22b	
subcortex_CAU	25.08448333627776	8	friends	05	035	s05e22b	
subcortex_PUT	24.101325764525676	8	friends	05	035	s05e22b	
subcortex_THA	24.721086941393803	14	friends	05	035	s05e22b	
cerebellum	24.34154933814777	88	friends	05	036	s05e23a	
cortex_Cont	35.51289263952921	128	friends	05	036	s05e23a	
cortex_Default	33.56540797570711	209	friends	05	036	s05e23a	
cortex_DorsAttn	36.09355321632563	122	friends	05	036	s05e23a	
cortex_Limbic	17.393919960495516	60	friends	05	036	s05e23a	
cortex_SalVentAttn	35.68155165886141	121	friends	05	036	s05e23a	
cortex_SomMot	34.09029279416875	194	friends	05	036	s05e23a	
cortex_Vis	29.131795664159604	162	friends	05	036	s05e23a	
subcortex_CAU	25.892111221813252	8	friends	05	036	s05e23a	
subcortex_PUT	24.158282748718428	8	friends	05	036	s05e23a	
subcortex_THA	24.916849708473787	14	friends	05	036	s05e23a	
cerebellum	24.49446359241279	88	friends	05	036	s05e23b	
cortex_Cont	34.850648121174764	128	friends	05	036	s05e23b	
cortex_Default	32.624196116518135	209	friends	05	036	s05e23b	
cortex_DorsAttn	37.47822488082129	122	friends	05	036	s05e23b	
cortex_Limbic	15.976199386706144	60	friends	05	036	s05e23b	
cortex_SalVentAttn	33.99733780955495	121	friends	05	036	s05e23b	
cortex_SomMot	33.09291432563689	194	friends	05	036	s05e23b	
cortex_Vis	30.622419177637425	162	friends	05	036	s05e23b	
subcortex_CAU	24.254091514041985	8	friends	05	036	s05e23b	
subcortex_PUT	23.5385542248382	8	friends	05	036	s05e23b	
subcortex_THA	24.035470391308525	14	friends	05	036	s05e23b	
cerebellum	24.29420515778598	88	friends	05	036	s05e23c	
cortex_Cont	34.84856768765264	128	friends	05	036	s05e23c	
cortex_Default	32.693744651218196	209	friends	05	036	s05e23c	
cortex_DorsAttn	37.16534148225191	122	friends	05	036	s05e23c	
cortex_Limbic	16.71786494074076	60	friends	05	036	s05e23c	
cortex_SalVentAttn	34.03585932366842	121	friends	05	036	s05e23c	
cortex_SomMot	33.21268015621996	194	friends	05	036	s05e23c	
cortex_Vis	30.836595280648037	162	friends	05	036	s05e23c	
subcortex_CAU	24.629225662644142	8	friends	05	036	s05e23c	
subcortex_PUT	23.618931240564322	8	friends	05	036	s05e23c	
subcortex_THA	24.16692922142459	14	friends	05	036	s05e23c	
cerebellum	19.82987616180413	88	friends	05	036	s05e23d	
cortex_Cont	29.32770955430655	128	friends	05	036	s05e23d	
cortex_Default	27.950243734069343	209	friends	05	036	s05e23d	
cortex_DorsAttn	31.694914192024118	122	friends	05	036	s05e23d	
cortex_Limbic	14.679397633005431	60	friends	05	036	s05e23d	
cortex_SalVentAttn	29.729435781917836	121	friends	05	036	s05e23d	
cortex_SomMot	28.314201504549747	194	friends	05	036	s05e23d	
cortex_Vis	25.307298916052982	162	friends	05	036	s05e23d	
subcortex_CAU	22.925601772425203	8	friends	05	036	s05e23d	
subcortex_PUT	22.052364843709384	8	friends	05	036	s05e23d	
subcortex_THA	22.728823484725513	14	friends	05	036	s05e23d	
cerebellum	28.153444475778997	88	friends	05	037	s06e01a	
cortex_Cont	36.877038834715115	128	friends	05	037	s06e01a	
cortex_Default	34.6206276855957	209	friends	05	037	s06e01a	
cortex_DorsAttn	38.64472917601846	122	friends	05	037	s06e01a	
cortex_Limbic	17.784290335720563	60	friends	05	037	s06e01a	
cortex_SalVentAttn	35.90266596175306	121	friends	05	037	s06e01a	
cortex_SomMot	35.6568242034443	194	friends	05	037	s06e01a	
cortex_Vis	31.35650840151455	162	friends	05	037	s06e01a	
subcortex_CAU	24.95175412024645	8	friends	05	037	s06e01a	
subcortex_PUT	23.643294978503395	8	friends	05	037	s06e01a	
subcortex_THA	25.03080119344009	14	friends	05	037	s06e01a	
cerebellum	26.345806929473405	88	friends	05	037	s06e01b	
cortex_Cont	36.609492479525706	128	friends	05	037	s06e01b	
cortex_Default	34.43873375528463	209	friends	05	037	s06e01b	
cortex_DorsAttn	37.76874359398725	122	friends	05	037	s06e01b	
cortex_Limbic	17.57165863158936	60	friends	05	037	s06e01b	
cortex_SalVentAttn	35.7133846739337	121	friends	05	037	s06e01b	
cortex_SomMot	35.020466482485816	194	friends	05	037	s06e01b	
cortex_Vis	30.202790108307696	162	friends	05	037	s06e01b	
subcortex_CAU	25.77009549998307	8	friends	05	037	s06e01b	
subcortex_PUT	24.397480750174065	8	friends	05	037	s06e01b	
subcortex_THA	24.885472051218244	14	friends	05	037	s06e01b	
cerebellum	26.36959736000907	88	friends	05	038	s06e02a	
cortex_Cont	36.20056567057318	128	friends	05	038	s06e02a	
cortex_Default	34.04504408288862	209	friends	05	038	s06e02a	
cortex_DorsAttn	37.28254176748011	122	friends	05	038	s06e02a	
cortex_Limbic	17.002398927955134	60	friends	05	038	s06e02a	
cortex_SalVentAttn	35.615172405052334	121	friends	05	038	s06e02a	
cortex_SomMot	34.9951433321433	194	friends	05	038	s06e02a	
cortex_Vis	29.33144937739371	162	friends	05	038	s06e02a	
subcortex_CAU	24.2823100286014	8	friends	05	038	s06e02a	
subcortex_PUT	23.275710744985286	8	friends	05	038	s06e02a	
subcortex_THA	24.849101825379773	14	friends	05	038	s06e02a	
cerebellum	27.939867762164248	88	friends	05	038	s06e02b	
cortex_Cont	39.49627440413198	128	friends	05	038	s06e02b	
cortex_Default	36.476070466337084	209	friends	05	038	s06e02b	
cortex_DorsAttn	42.32799897074332	122	friends	05	038	s06e02b	
cortex_Limbic	17.667952776419252	60	friends	05	038	s06e02b	
cortex_SalVentAttn	37.55340062251613	121	friends	05	038	s06e02b	
cortex_SomMot	37.89064644447766	194	friends	05	038	s06e02b	
cortex_Vis	33.31486273587279	162	friends	05	038	s06e02b	
subcortex_CAU	25.126539642538777	8	friends	05	038	s06e02b	
subcortex_PUT	24.0102946508784	8	friends	05	038	s06e02b	
subcortex_THA	25.316960835886025	14	friends	05	038	s06e02b	
cerebellum	29.84618772873863	88	friends	05	038	s06e03a	
cortex_Cont	40.692494254513136	128	friends	05	038	s06e03a	
cortex_Default	37.62065446636882	209	friends	05	038	s06e03a	
cortex_DorsAttn	44.40157493336008	122	friends	05	038	s06e03a	
cortex_Limbic	18.361767071234656	60	friends	05	038	s06e03a	
cortex_SalVentAttn	38.98223357217431	121	friends	05	038	s06e03a	
cortex_SomMot	39.054453176652146	194	friends	05	038	s06e03a	
cortex_Vis	35.48072445931066	162	friends	05	038	s06e03a	
subcortex_CAU	25.058247957449844	8	friends	05	038	s06e03a	
subcortex_PUT	23.404220213925754	8	friends	05	038	s06e03a	
subcortex_THA	25.4639705350677	14	friends	05	038	s06e03a	
cerebellum	27.960142011838716	88	friends	05	038	s06e03b	
cortex_Cont	39.817927517769476	128	friends	05	038	s06e03b	
cortex_Default	36.80064840776164	209	friends	05	038	s06e03b	
cortex_DorsAttn	41.87160505066968	122	friends	05	038	s06e03b	
cortex_Limbic	18.551361748486123	60	friends	05	038	s06e03b	
cortex_SalVentAttn	38.2023200356458	121	friends	05	038	s06e03b	
cortex_SomMot	37.927259058149374	194	friends	05	038	s06e03b	
cortex_Vis	32.9599835097473	162	friends	05	038	s06e03b	
subcortex_CAU	25.030595945026224	8	friends	05	038	s06e03b	
subcortex_PUT	23.604783280804135	8	friends	05	038	s06e03b	
subcortex_THA	25.63462788041824	14	friends	05	038	s06e03b	
cerebellum	26.384648070378628	88	friends	05	039	s06e04a	
cortex_Cont	35.53137152702903	128	friends	05	039	s06e04a	
cortex_Default	33.649317939801286	209	friends	05	039	s06e04a	
cortex_DorsAttn	37.09242557944681	122	friends	05	039	s06e04a	
cortex_Limbic	16.617294147558997	60	friends	05	039	s06e04a	
cortex_SalVentAttn	35.43135926942628	121	friends	05	039	s06e04a	
cortex_SomMot	34.30215712170926	194	friends	05	039	s06e04a	
cortex_Vis	29.196589843207374	162	friends	05	039	s06e04a	
subcortex_CAU	25.197316462128146	8	friends	05	039	s06e04a	
subcortex_PUT	24.201318285298154	8	friends	05	039	s06e04a	
subcortex_THA	24.937707339522706	14	friends	05	039	s06e04a	
cerebellum	28.477511381145327	88	friends	05	039	s06e04b	
cortex_Cont	37.02663185329383	128	friends	05	039	s06e04b	
cortex_Default	34.65971617866928	209	friends	05	039	s06e04b	
cortex_DorsAttn	39.4487918704442	122	friends	05	039	s06e04b	
cortex_Limbic	17.58660103988062	60	friends	05	039	s06e04b	
cortex_SalVentAttn	36.422814117941925	121	friends	05	039	s06e04b	
cortex_SomMot	35.687875665646914	194	friends	05	039	s06e04b	
cortex_Vis	30.778127094780505	162	friends	05	039	s06e04b	
subcortex_CAU	25.312677447582182	8	friends	05	039	s06e04b	
subcortex_PUT	23.9601411479848	8	friends	05	039	s06e04b	
subcortex_THA	25.442979623999054	14	friends	05	039	s06e04b	
cerebellum	26.86488652698656	88	friends	05	039	s06e05a	
cortex_Cont	34.96480709899444	128	friends	05	039	s06e05a	
cortex_Default	33.2185209778917	209	friends	05	039	s06e05a	
cortex_DorsAttn	38.751347547958964	122	friends	05	039	s06e05a	
cortex_Limbic	17.2277914611961	60	friends	05	039	s06e05a	
cortex_SalVentAttn	34.922905340644	121	friends	05	039	s06e05a	
cortex_SomMot	34.24453736356562	194	friends	05	039	s06e05a	
cortex_Vis	30.610040923656864	162	friends	05	039	s06e05a	
subcortex_CAU	24.737356550477728	8	friends	05	039	s06e05a	
subcortex_PUT	23.988657573126606	8	friends	05	039	s06e05a	
subcortex_THA	25.089832417789978	14	friends	05	039	s06e05a	
cerebellum	26.081689586050775	88	friends	05	039	s06e05b	
cortex_Cont	36.034487175274855	128	friends	05	039	s06e05b	
cortex_Default	33.72830664001107	209	friends	05	039	s06e05b	
cortex_DorsAttn	38.86036273867924	122	friends	05	039	s06e05b	
cortex_Limbic	16.91382156366729	60	friends	05	039	s06e05b	
cortex_SalVentAttn	35.3039089929441	121	friends	05	039	s06e05b	
cortex_SomMot	34.515310051065214	194	friends	05	039	s06e05b	
cortex_Vis	30.321755182237055	162	friends	05	039	s06e05b	
subcortex_CAU	24.836097756621005	8	friends	05	039	s06e05b	
subcortex_PUT	23.708469374181508	8	friends	05	039	s06e05b	
subcortex_THA	24.731633532242718	14	friends	05	039	s06e05b	
cerebellum	27.013437439519688	88	friends	05	039	s06e06a	
cortex_Cont	35.217874495927894	128	friends	05	039	s06e06a	
cortex_Default	33.45405790912983	209	friends	05	039	s06e06a	
cortex_DorsAttn	37.573418532459435	122	friends	05	039	s06e06a	
cortex_Limbic	17.09072068024461	60	friends	05	039	s06e06a	
cortex_SalVentAttn	34.98171823426435	121	friends	05	039	s06e06a	
cortex_SomMot	34.25328911323127	194	friends	05	039	s06e06a	
cortex_Vis	30.44681630153035	162	friends	05	039	s06e06a	
subcortex_CAU	25.128732361122587	8	friends	05	039	s06e06a	
subcortex_PUT	23.864672933456163	8	friends	05	039	s06e06a	
subcortex_THA	24.861230548724883	14	friends	05	039	s06e06a	
cerebellum	28.162473571657703	88	friends	05	039	s06e06b	
cortex_Cont	36.786417829671535	128	friends	05	039	s06e06b	
cortex_Default	35.00116546573332	209	friends	05	039	s06e06b	
cortex_DorsAttn	40.76679123668627	122	friends	05	039	s06e06b	
cortex_Limbic	16.84110954852384	60	friends	05	039	s06e06b	
cortex_SalVentAttn	36.23662110890959	121	friends	05	039	s06e06b	
cortex_SomMot	36.074513721398574	194	friends	05	039	s06e06b	
cortex_Vis	32.6383719327662	162	friends	05	039	s06e06b	
subcortex_CAU	24.52076544764647	8	friends	05	039	s06e06b	
subcortex_PUT	23.73977235127146	8	friends	05	039	s06e06b	
subcortex_THA	25.127854205102675	14	friends	05	039	s06e06b	
cerebellum	28.465513010548303	88	friends	05	040	s06e07a	
cortex_Cont	35.804124985535246	128	friends	05	040	s06e07a	
cortex_Default	34.22149442508444	209	friends	05	040	s06e07a	
cortex_DorsAttn	39.45257262129292	122	friends	05	040	s06e07a	
cortex_Limbic	17.031913318739974	60	friends	05	040	s06e07a	
cortex_SalVentAttn	35.380280449699804	121	friends	05	040	s06e07a	
cortex_SomMot	34.832685357232215	194	friends	05	040	s06e07a	
cortex_Vis	32.318510714405825	162	friends	05	040	s06e07a	
subcortex_CAU	23.87971225976303	8	friends	05	040	s06e07a	
subcortex_PUT	23.307202534435987	8	friends	05	040	s06e07a	
subcortex_THA	24.73549907008471	14	friends	05	040	s06e07a	
cerebellum	27.237206611950516	88	friends	05	040	s06e07b	
cortex_Cont	38.01169999558368	128	friends	05	040	s06e07b	
cortex_Default	35.47047749299529	209	friends	05	040	s06e07b	
cortex_DorsAttn	40.378744243855316	122	friends	05	040	s06e07b	
cortex_Limbic	17.67518774268141	60	friends	05	040	s06e07b	
cortex_SalVentAttn	36.738402030681605	121	friends	05	040	s06e07b	
cortex_SomMot	36.2885633135493	194	friends	05	040	s06e07b	
cortex_Vis	32.143083770170115	162	friends	05	040	s06e07b	
subcortex_CAU	24.36789001927454	8	friends	05	040	s06e07b	
subcortex_PUT	23.5726028299235	8	friends	05	040	s06e07b	
subcortex_THA	25.02732875511273	14	friends	05	040	s06e07b	
cerebellum	28.63887234236852	88	friends	05	040	s06e08a	
cortex_Cont	39.847986660580894	128	friends	05	040	s06e08a	
cortex_Default	37.13067063608539	209	friends	05	040	s06e08a	
cortex_DorsAttn	43.321183762178656	122	friends	05	040	s06e08a	
cortex_Limbic	18.055534887229147	60	friends	05	040	s06e08a	
cortex_SalVentAttn	38.61828788536528	121	friends	05	040	s06e08a	
cortex_SomMot	38.87857526224281	194	friends	05	040	s06e08a	
cortex_Vis	33.41730889554369	162	friends	05	040	s06e08a	
subcortex_CAU	25.04899711409613	8	friends	05	040	s06e08a	
subcortex_PUT	23.623339120916782	8	friends	05	040	s06e08a	
subcortex_THA	25.35108616823384	14	friends	05	040	s06e08a	
cerebellum	28.21316543796854	88	friends	05	040	s06e08b	
cortex_Cont	39.043161419349424	128	friends	05	040	s06e08b	
cortex_Default	36.512356685908756	209	friends	05	040	s06e08b	
cortex_DorsAttn	42.56773281129814	122	friends	05	040	s06e08b	
cortex_Limbic	17.640258282682495	60	friends	05	040	s06e08b	
cortex_SalVentAttn	37.63042468050428	121	friends	05	040	s06e08b	
cortex_SomMot	37.87734265655651	194	friends	05	040	s06e08b	
cortex_Vis	33.34589813201858	162	friends	05	040	s06e08b	
subcortex_CAU	24.636605098691696	8	friends	05	040	s06e08b	
subcortex_PUT	23.502100240319436	8	friends	05	040	s06e08b	
subcortex_THA	25.322300565250554	14	friends	05	040	s06e08b	
cerebellum	27.507913602970703	88	friends	05	040	s06e09a	
cortex_Cont	37.832608195285665	128	friends	05	040	s06e09a	
cortex_Default	35.44974735391394	209	friends	05	040	s06e09a	
cortex_DorsAttn	41.83653545599083	122	friends	05	040	s06e09a	
cortex_Limbic	17.448245335683897	60	friends	05	040	s06e09a	
cortex_SalVentAttn	37.2053796794999	121	friends	05	040	s06e09a	
cortex_SomMot	37.02439071554163	194	friends	05	040	s06e09a	
cortex_Vis	32.734129850529435	162	friends	05	040	s06e09a	
subcortex_CAU	24.379686421456494	8	friends	05	040	s06e09a	
subcortex_PUT	23.168908339848194	8	friends	05	040	s06e09a	
subcortex_THA	25.203251091496956	14	friends	05	040	s06e09a	
cerebellum	27.02123464888756	88	friends	05	040	s06e09b	
cortex_Cont	37.08548982517135	128	friends	05	040	s06e09b	
cortex_Default	34.786440292918776	209	friends	05	040	s06e09b	
cortex_DorsAttn	40.28442224479428	122	friends	05	040	s06e09b	
cortex_Limbic	17.401324196861804	60	friends	05	040	s06e09b	
cortex_SalVentAttn	36.342553243066114	121	friends	05	040	s06e09b	
cortex_SomMot	36.0576344738354	194	friends	05	040	s06e09b	
cortex_Vis	32.130074022995025	162	friends	05	040	s06e09b	
subcortex_CAU	24.107974906220388	8	friends	05	040	s06e09b	
subcortex_PUT	23.38233693965746	8	friends	05	040	s06e09b	
subcortex_THA	24.78457745324882	14	friends	05	040	s06e09b	
cerebellum	21.88239494866625	88	friends	05	041	s06e10a	
cortex_Cont	40.23095762731895	128	friends	05	041	s06e10a	
cortex_Default	37.03788875267117	209	friends	05	041	s06e10a	
cortex_DorsAttn	39.48357019142292	122	friends	05	041	s06e10a	
cortex_Limbic	17.53316992790078	60	friends	05	041	s06e10a	
cortex_SalVentAttn	38.00192643350492	121	friends	05	041	s06e10a	
cortex_SomMot	37.74028372048993	194	friends	05	041	s06e10a	
cortex_Vis	30.77609798230213	162	friends	05	041	s06e10a	
subcortex_CAU	26.376792066880576	8	friends	05	041	s06e10a	
subcortex_PUT	25.074563491225234	8	friends	05	041	s06e10a	
subcortex_THA	25.531831766225075	14	friends	05	041	s06e10a	
cerebellum	22.07713034461416	88	friends	05	041	s06e10b	
cortex_Cont	40.21715678344248	128	friends	05	041	s06e10b	
cortex_Default	37.266497365742225	209	friends	05	041	s06e10b	
cortex_DorsAttn	42.00848982247495	122	friends	05	041	s06e10b	
cortex_Limbic	17.219110597760032	60	friends	05	041	s06e10b	
cortex_SalVentAttn	37.913524197699786	121	friends	05	041	s06e10b	
cortex_SomMot	38.23589399939092	194	friends	05	041	s06e10b	
cortex_Vis	32.73605832949851	162	friends	05	041	s06e10b	
subcortex_CAU	26.80667159452912	8	friends	05	041	s06e10b	
subcortex_PUT	25.290670355833115	8	friends	05	041	s06e10b	
subcortex_THA	25.721301298050143	14	friends	05	041	s06e10b	
cerebellum	21.289438842808075	88	friends	05	041	s06e11a	
cortex_Cont	39.224032613618206	128	friends	05	041	s06e11a	
cortex_Default	36.386637068527705	209	friends	05	041	s06e11a	
cortex_DorsAttn	41.283151825888055	122	friends	05	041	s06e11a	
cortex_Limbic	16.779605439663023	60	friends	05	041	s06e11a	
cortex_SalVentAttn	37.11752004286585	121	friends	05	041	s06e11a	
cortex_SomMot	36.906816152375804	194	friends	05	041	s06e11a	
cortex_Vis	32.63738694129383	162	friends	05	041	s06e11a	
subcortex_CAU	26.661813009106687	8	friends	05	041	s06e11a	
subcortex_PUT	24.889450379772885	8	friends	05	041	s06e11a	
subcortex_THA	24.996732573324277	14	friends	05	041	s06e11a	
cerebellum	24.259610315014072	88	friends	05	041	s06e11b	
cortex_Cont	42.797328666356286	128	friends	05	041	s06e11b	
cortex_Default	39.82304738343523	209	friends	05	041	s06e11b	
cortex_DorsAttn	44.866052419209744	122	friends	05	041	s06e11b	
cortex_Limbic	18.03710535196069	60	friends	05	041	s06e11b	
cortex_SalVentAttn	40.11162361569554	121	friends	05	041	s06e11b	
cortex_SomMot	40.945197982715875	194	friends	05	041	s06e11b	
cortex_Vis	35.98630666418759	162	friends	05	041	s06e11b	
subcortex_CAU	26.4518187204783	8	friends	05	041	s06e11b	
subcortex_PUT	24.993571841315614	8	friends	05	041	s06e11b	
subcortex_THA	26.120645169303803	14	friends	05	041	s06e11b	
cerebellum	25.082309654075594	88	friends	05	042	s06e12a	
cortex_Cont	31.464571601822566	128	friends	05	042	s06e12a	
cortex_Default	31.038040792401322	209	friends	05	042	s06e12a	
cortex_DorsAttn	33.31587530227264	122	friends	05	042	s06e12a	
cortex_Limbic	16.44552613074104	60	friends	05	042	s06e12a	
cortex_SalVentAttn	32.38679235614098	121	friends	05	042	s06e12a	
cortex_SomMot	31.31163932189146	194	friends	05	042	s06e12a	
cortex_Vis	29.600391047181223	162	friends	05	042	s06e12a	
subcortex_CAU	25.34460747107277	8	friends	05	042	s06e12a	
subcortex_PUT	23.82984870814865	8	friends	05	042	s06e12a	
subcortex_THA	25.520706450688273	14	friends	05	042	s06e12a	
cerebellum	24.981089457215106	88	friends	05	042	s06e12b	
cortex_Cont	36.13049461487028	128	friends	05	042	s06e12b	
cortex_Default	34.42021918334071	209	friends	05	042	s06e12b	
cortex_DorsAttn	39.82057297252013	122	friends	05	042	s06e12b	
cortex_Limbic	16.464307926264404	60	friends	05	042	s06e12b	
cortex_SalVentAttn	34.54034203993016	121	friends	05	042	s06e12b	
cortex_SomMot	35.14904362939351	194	friends	05	042	s06e12b	
cortex_Vis	32.47680349214782	162	friends	05	042	s06e12b	
subcortex_CAU	26.74358577746225	8	friends	05	042	s06e12b	
subcortex_PUT	25.1231727718366	8	friends	05	042	s06e12b	
subcortex_THA	24.141935223584902	14	friends	05	042	s06e12b	
cerebellum	24.044790187558217	88	friends	05	042	s06e13a	
cortex_Cont	28.108037932568465	128	friends	05	042	s06e13a	
cortex_Default	28.369057313899848	209	friends	05	042	s06e13a	
cortex_DorsAttn	29.718042604442132	122	friends	05	042	s06e13a	
cortex_Limbic	15.700055021315109	60	friends	05	042	s06e13a	
cortex_SalVentAttn	28.718294524773928	121	friends	05	042	s06e13a	
cortex_SomMot	26.797421927540533	194	friends	05	042	s06e13a	
cortex_Vis	29.813836705264148	162	friends	05	042	s06e13a	
subcortex_CAU	25.268795370307075	8	friends	05	042	s06e13a	
subcortex_PUT	23.846173328060246	8	friends	05	042	s06e13a	
subcortex_THA	23.737635386676022	14	friends	05	042	s06e13a	
cerebellum	25.316858739665715	88	friends	05	042	s06e13b	
cortex_Cont	41.33175926262437	128	friends	05	042	s06e13b	
cortex_Default	38.285030373129715	209	friends	05	042	s06e13b	
cortex_DorsAttn	42.10344054659179	122	friends	05	042	s06e13b	
cortex_Limbic	18.168619824825292	60	friends	05	042	s06e13b	
cortex_SalVentAttn	38.64281600471159	121	friends	05	042	s06e13b	
cortex_SomMot	39.29722662268995	194	friends	05	042	s06e13b	
cortex_Vis	32.43448914265766	162	friends	05	042	s06e13b	
subcortex_CAU	28.82805882885924	8	friends	05	042	s06e13b	
subcortex_PUT	25.886110751736148	8	friends	05	042	s06e13b	
subcortex_THA	25.5917835846222	14	friends	05	042	s06e13b	
cerebellum	25.781315329904213	88	friends	05	042	s06e14a	
cortex_Cont	32.39784223051411	128	friends	05	042	s06e14a	
cortex_Default	31.735171353663453	209	friends	05	042	s06e14a	
cortex_DorsAttn	32.296625198119266	122	friends	05	042	s06e14a	
cortex_Limbic	18.63442221460433	60	friends	05	042	s06e14a	
cortex_SalVentAttn	32.66232699669812	121	friends	05	042	s06e14a	
cortex_SomMot	30.66741749009804	194	friends	05	042	s06e14a	
cortex_Vis	30.15312415947618	162	friends	05	042	s06e14a	
subcortex_CAU	26.7993307511407	8	friends	05	042	s06e14a	
subcortex_PUT	24.471158634574213	8	friends	05	042	s06e14a	
subcortex_THA	25.58788736664945	14	friends	05	042	s06e14a	
cerebellum	25.273974680835078	88	friends	05	042	s06e14b	
cortex_Cont	34.82357879382104	128	friends	05	042	s06e14b	
cortex_Default	33.377246173081936	209	friends	05	042	s06e14b	
cortex_DorsAttn	37.65680513165544	122	friends	05	042	s06e14b	
cortex_Limbic	17.69257476299597	60	friends	05	042	s06e14b	
cortex_SalVentAttn	34.20805652970362	121	friends	05	042	s06e14b	
cortex_SomMot	33.18361724465183	194	friends	05	042	s06e14b	
cortex_Vis	31.66362288053258	162	friends	05	042	s06e14b	
subcortex_CAU	25.892751468752266	8	friends	05	042	s06e14b	
subcortex_PUT	25.277630922578442	8	friends	05	042	s06e14b	
subcortex_THA	25.372882612323934	14	friends	05	042	s06e14b	
cerebellum	19.157724544941075	88	friends	05	043	s06e15a	
cortex_Cont	35.06100108474409	128	friends	05	043	s06e15a	
cortex_Default	33.001510762905276	209	friends	05	043	s06e15a	
cortex_DorsAttn	37.57873983387915	122	friends	05	043	s06e15a	
cortex_Limbic	15.334124745588802	60	friends	05	043	s06e15a	
cortex_SalVentAttn	33.848405443391705	121	friends	05	043	s06e15a	
cortex_SomMot	32.98192768377659	194	friends	05	043	s06e15a	
cortex_Vis	30.356556112275534	162	friends	05	043	s06e15a	
subcortex_CAU	24.63393855687912	8	friends	05	043	s06e15a	
subcortex_PUT	23.55115884403009	8	friends	05	043	s06e15a	
subcortex_THA	24.03594444101096	14	friends	05	043	s06e15a	
cerebellum	17.417531741511613	88	friends	05	043	s06e15b	
cortex_Cont	32.7633257989845	128	friends	05	043	s06e15b	
cortex_Default	31.044161448933657	209	friends	05	043	s06e15b	
cortex_DorsAttn	35.60180359565608	122	friends	05	043	s06e15b	
cortex_Limbic	13.981815893531456	60	friends	05	043	s06e15b	
cortex_SalVentAttn	32.39998992196267	121	friends	05	043	s06e15b	
cortex_SomMot	31.354997958389827	194	friends	05	043	s06e15b	
cortex_Vis	28.898836527450783	162	friends	05	043	s06e15b	
subcortex_CAU	22.878243451581742	8	friends	05	043	s06e15b	
subcortex_PUT	22.38230755143648	8	friends	05	043	s06e15b	
subcortex_THA	23.338478303893023	14	friends	05	043	s06e15b	
cerebellum	18.31529243862644	88	friends	05	043	s06e15c	
cortex_Cont	34.81230351811737	128	friends	05	043	s06e15c	
cortex_Default	32.55058277009308	209	friends	05	043	s06e15c	
cortex_DorsAttn	37.8334792774002	122	friends	05	043	s06e15c	
cortex_Limbic	14.384025379653062	60	friends	05	043	s06e15c	
cortex_SalVentAttn	34.14052349761135	121	friends	05	043	s06e15c	
cortex_SomMot	33.76788330006111	194	friends	05	043	s06e15c	
cortex_Vis	29.850463745703102	162	friends	05	043	s06e15c	
subcortex_CAU	23.90146305541176	8	friends	05	043	s06e15c	
subcortex_PUT	23.307958595456064	8	friends	05	043	s06e15c	
subcortex_THA	24.009971640624567	14	friends	05	043	s06e15c	
cerebellum	18.981119189326673	88	friends	05	043	s06e15d	
cortex_Cont	35.422890457610805	128	friends	05	043	s06e15d	
cortex_Default	33.53530879467673	209	friends	05	043	s06e15d	
cortex_DorsAttn	38.69051519687607	122	friends	05	043	s06e15d	
cortex_Limbic	15.333827133626416	60	friends	05	043	s06e15d	
cortex_SalVentAttn	34.904286205668676	121	friends	05	043	s06e15d	
cortex_SomMot	34.38003664394535	194	friends	05	043	s06e15d	
cortex_Vis	30.90278895168676	162	friends	05	043	s06e15d	
subcortex_CAU	24.013438391661683	8	friends	05	043	s06e15d	
subcortex_PUT	23.062555024024405	8	friends	05	043	s06e15d	
subcortex_THA	24.37614099224427	14	friends	05	043	s06e15d	
cerebellum	20.181931416565284	88	friends	05	043	s06e17a	
cortex_Cont	38.41475583865921	128	friends	05	043	s06e17a	
cortex_Default	35.56855024320154	209	friends	05	043	s06e17a	
cortex_DorsAttn	40.76445422125476	122	friends	05	043	s06e17a	
cortex_Limbic	16.416904399612253	60	friends	05	043	s06e17a	
cortex_SalVentAttn	37.25500239894595	121	friends	05	043	s06e17a	
cortex_SomMot	36.8588456013802	194	friends	05	043	s06e17a	
cortex_Vis	32.39935156865927	162	friends	05	043	s06e17a	
subcortex_CAU	24.945627336352786	8	friends	05	043	s06e17a	
subcortex_PUT	23.46341416694756	8	friends	05	043	s06e17a	
subcortex_THA	25.093412061673796	14	friends	05	043	s06e17a	
cerebellum	19.345683867970017	88	friends	05	043	s06e17b	
cortex_Cont	38.616616575611594	128	friends	05	043	s06e17b	
cortex_Default	35.45206011838108	209	friends	05	043	s06e17b	
cortex_DorsAttn	39.928215477832175	122	friends	05	043	s06e17b	
cortex_Limbic	16.325616862353414	60	friends	05	043	s06e17b	
cortex_SalVentAttn	37.43212492657846	121	friends	05	043	s06e17b	
cortex_SomMot	37.40021929326695	194	friends	05	043	s06e17b	
cortex_Vis	30.578493520171893	162	friends	05	043	s06e17b	
subcortex_CAU	24.473198661589684	8	friends	05	043	s06e17b	
subcortex_PUT	23.623746327674013	8	friends	05	043	s06e17b	
subcortex_THA	24.86637897789904	14	friends	05	043	s06e17b	
cerebellum	30.37350206254341	88	friends	05	044	s06e18a	
cortex_Cont	39.39614499367586	128	friends	05	044	s06e18a	
cortex_Default	36.923555740524066	209	friends	05	044	s06e18a	
cortex_DorsAttn	43.10250857596013	122	friends	05	044	s06e18a	
cortex_Limbic	17.6551371402877	60	friends	05	044	s06e18a	
cortex_SalVentAttn	37.85096077363032	121	friends	05	044	s06e18a	
cortex_SomMot	37.619438666702834	194	friends	05	044	s06e18a	
cortex_Vis	35.056613672359845	162	friends	05	044	s06e18a	
subcortex_CAU	24.67087195374497	8	friends	05	044	s06e18a	
subcortex_PUT	23.620222124774422	8	friends	05	044	s06e18a	
subcortex_THA	25.01003552994095	14	friends	05	044	s06e18a	
cerebellum	27.71991806238061	88	friends	05	044	s06e18b	
cortex_Cont	40.97503387443028	128	friends	05	044	s06e18b	
cortex_Default	37.8359070918557	209	friends	05	044	s06e18b	
cortex_DorsAttn	43.63854836661812	122	friends	05	044	s06e18b	
cortex_Limbic	18.86908561558668	60	friends	05	044	s06e18b	
cortex_SalVentAttn	38.748291808854034	121	friends	05	044	s06e18b	
cortex_SomMot	39.55104310728715	194	friends	05	044	s06e18b	
cortex_Vis	33.49075649955271	162	friends	05	044	s06e18b	
subcortex_CAU	26.761202379420222	8	friends	05	044	s06e18b	
subcortex_PUT	24.828208763645176	8	friends	05	044	s06e18b	
subcortex_THA	25.700250668741965	14	friends	05	044	s06e18b	
cerebellum	26.63987487276839	88	friends	05	044	s06e19a	
cortex_Cont	34.52748677726899	128	friends	05	044	s06e19a	
cortex_Default	32.990454645316206	209	friends	05	044	s06e19a	
cortex_DorsAttn	37.57254094128081	122	friends	05	044	s06e19a	
cortex_Limbic	16.213253869427554	60	friends	05	044	s06e19a	
cortex_SalVentAttn	34.07268502287995	121	friends	05	044	s06e19a	
cortex_SomMot	33.25863741113865	194	friends	05	044	s06e19a	
cortex_Vis	31.885815876585756	162	friends	05	044	s06e19a	
subcortex_CAU	23.88855964831803	8	friends	05	044	s06e19a	
subcortex_PUT	22.92190241818931	8	friends	05	044	s06e19a	
subcortex_THA	24.254519607497677	14	friends	05	044	s06e19a	
cerebellum	26.403216248296893	88	friends	05	044	s06e19b	
cortex_Cont	40.61901456105047	128	friends	05	044	s06e19b	
cortex_Default	37.16812719744234	209	friends	05	044	s06e19b	
cortex_DorsAttn	41.29884351610098	122	friends	05	044	s06e19b	
cortex_Limbic	18.62635867667634	60	friends	05	044	s06e19b	
cortex_SalVentAttn	38.15409881925578	121	friends	05	044	s06e19b	
cortex_SomMot	38.12018958222361	194	friends	05	044	s06e19b	
cortex_Vis	31.245775467163096	162	friends	05	044	s06e19b	
subcortex_CAU	25.447826482803766	8	friends	05	044	s06e19b	
subcortex_PUT	23.96787381387566	8	friends	05	044	s06e19b	
subcortex_THA	24.93502724924586	14	friends	05	044	s06e19b	
cerebellum	27.355179967649118	88	friends	05	044	s06e20a	
cortex_Cont	38.75120992291216	128	friends	05	044	s06e20a	
cortex_Default	36.403232534572645	209	friends	05	044	s06e20a	
cortex_DorsAttn	42.22537237553486	122	friends	05	044	s06e20a	
cortex_Limbic	17.617533950164997	60	friends	05	044	s06e20a	
cortex_SalVentAttn	37.02241289034274	121	friends	05	044	s06e20a	
cortex_SomMot	37.01191045844058	194	friends	05	044	s06e20a	
cortex_Vis	33.39881618298546	162	friends	05	044	s06e20a	
subcortex_CAU	25.166112901153276	8	friends	05	044	s06e20a	
subcortex_PUT	23.890401192426125	8	friends	05	044	s06e20a	
subcortex_THA	25.295409561873903	14	friends	05	044	s06e20a	
cerebellum	29.216838379689936	88	friends	05	044	s06e20b	
cortex_Cont	41.88794660496806	128	friends	05	044	s06e20b	
cortex_Default	39.23632663259064	209	friends	05	044	s06e20b	
cortex_DorsAttn	44.50851201869616	122	friends	05	044	s06e20b	
cortex_Limbic	19.066547459860438	60	friends	05	044	s06e20b	
cortex_SalVentAttn	39.81803721970685	121	friends	05	044	s06e20b	
cortex_SomMot	40.22542735566136	194	friends	05	044	s06e20b	
cortex_Vis	35.11548634770486	162	friends	05	044	s06e20b	
subcortex_CAU	26.877124571365865	8	friends	05	044	s06e20b	
subcortex_PUT	24.526859726563053	8	friends	05	044	s06e20b	
subcortex_THA	26.204386665166872	14	friends	05	044	s06e20b	
cerebellum	19.525991805753947	88	friends	05	045	s06e21a	
cortex_Cont	36.07686912306059	128	friends	05	045	s06e21a	
cortex_Default	33.730779988699	209	friends	05	045	s06e21a	
cortex_DorsAttn	38.380982810035036	122	friends	05	045	s06e21a	
cortex_Limbic	15.880959678767422	60	friends	05	045	s06e21a	
cortex_SalVentAttn	35.35018087718263	121	friends	05	045	s06e21a	
cortex_SomMot	34.33422609575532	194	friends	05	045	s06e21a	
cortex_Vis	30.753510167469404	162	friends	05	045	s06e21a	
subcortex_CAU	26.20704197254909	8	friends	05	045	s06e21a	
subcortex_PUT	24.931570167130833	8	friends	05	045	s06e21a	
subcortex_THA	24.843902051033087	14	friends	05	045	s06e21a	
cerebellum	21.089195889721264	88	friends	05	045	s06e21b	
cortex_Cont	36.29744025308522	128	friends	05	045	s06e21b	
cortex_Default	34.559522616154794	209	friends	05	045	s06e21b	
cortex_DorsAttn	39.75106827589657	122	friends	05	045	s06e21b	
cortex_Limbic	15.801803456463203	60	friends	05	045	s06e21b	
cortex_SalVentAttn	35.621794267352385	121	friends	05	045	s06e21b	
cortex_SomMot	34.34401284198768	194	friends	05	045	s06e21b	
cortex_Vis	32.82281547625349	162	friends	05	045	s06e21b	
subcortex_CAU	25.723157282356794	8	friends	05	045	s06e21b	
subcortex_PUT	24.821082375889432	8	friends	05	045	s06e21b	
subcortex_THA	25.417845231326282	14	friends	05	045	s06e21b	
cerebellum	20.21193665607415	88	friends	05	045	s06e22a	
cortex_Cont	37.76788247506869	128	friends	05	045	s06e22a	
cortex_Default	35.40714922501772	209	friends	05	045	s06e22a	
cortex_DorsAttn	38.56765034099758	122	friends	05	045	s06e22a	
cortex_Limbic	16.63581680445122	60	friends	05	045	s06e22a	
cortex_SalVentAttn	37.906830047171084	121	friends	05	045	s06e22a	
cortex_SomMot	36.38756971251297	194	friends	05	045	s06e22a	
cortex_Vis	30.93133950466118	162	friends	05	045	s06e22a	
subcortex_CAU	26.673530365374248	8	friends	05	045	s06e22a	
subcortex_PUT	24.965151714399422	8	friends	05	045	s06e22a	
subcortex_THA	26.113090245315703	14	friends	05	045	s06e22a	
cerebellum	20.629526002125417	88	friends	05	045	s06e22b	
cortex_Cont	36.262613129767345	128	friends	05	045	s06e22b	
cortex_Default	33.85766242657469	209	friends	05	045	s06e22b	
cortex_DorsAttn	39.29927378266014	122	friends	05	045	s06e22b	
cortex_Limbic	14.788331409291567	60	friends	05	045	s06e22b	
cortex_SalVentAttn	35.440061845613435	121	friends	05	045	s06e22b	
cortex_SomMot	35.0702323456868	194	friends	05	045	s06e22b	
cortex_Vis	31.76926769563967	162	friends	05	045	s06e22b	
subcortex_CAU	24.9320128267191	8	friends	05	045	s06e22b	
subcortex_PUT	23.44944306758267	8	friends	05	045	s06e22b	
subcortex_THA	24.44076915350476	14	friends	05	045	s06e22b	
cerebellum	21.982389658687662	88	friends	05	045	s06e23a	
cortex_Cont	40.72405068537822	128	friends	05	045	s06e23a	
cortex_Default	37.941365799754706	209	friends	05	045	s06e23a	
cortex_DorsAttn	43.54308295982987	122	friends	05	045	s06e23a	
cortex_Limbic	17.153070017953443	60	friends	05	045	s06e23a	
cortex_SalVentAttn	39.048210174604506	121	friends	05	045	s06e23a	
cortex_SomMot	39.820770556333784	194	friends	05	045	s06e23a	
cortex_Vis	34.15963268962984	162	friends	05	045	s06e23a	
subcortex_CAU	26.916983374124595	8	friends	05	045	s06e23a	
subcortex_PUT	25.19532237276561	8	friends	05	045	s06e23a	
subcortex_THA	26.284849507693785	14	friends	05	045	s06e23a	
cerebellum	21.27970718686922	88	friends	05	045	s06e23b	
cortex_Cont	39.58974981069143	128	friends	05	045	s06e23b	
cortex_Default	36.707753169478444	209	friends	05	045	s06e23b	
cortex_DorsAttn	42.47827773461713	122	friends	05	045	s06e23b	
cortex_Limbic	16.650928674542175	60	friends	05	045	s06e23b	
cortex_SalVentAttn	38.05594196011628	121	friends	05	045	s06e23b	
cortex_SomMot	38.22832903566516	194	friends	05	045	s06e23b	
cortex_Vis	34.0673904614624	162	friends	05	045	s06e23b	
subcortex_CAU	26.3861123304985	8	friends	05	045	s06e23b	
subcortex_PUT	24.72082447578405	8	friends	05	045	s06e23b	
subcortex_THA	25.45616136337626	14	friends	05	045	s06e23b	
cerebellum	22.8032281741549	88	friends	05	046	s06e24b	
cortex_Cont	37.80887063647933	128	friends	05	046	s06e24b	
cortex_Default	35.72213657395922	209	friends	05	046	s06e24b	
cortex_DorsAttn	41.4647692273715	122	friends	05	046	s06e24b	
cortex_Limbic	16.959738080513258	60	friends	05	046	s06e24b	
cortex_SalVentAttn	37.02402836556162	121	friends	05	046	s06e24b	
cortex_SomMot	36.77678391035172	194	friends	05	046	s06e24b	
cortex_Vis	33.094842553787615	162	friends	05	046	s06e24b	
subcortex_CAU	25.30237077848543	8	friends	05	046	s06e24b	
subcortex_PUT	24.288073272365096	8	friends	05	046	s06e24b	
subcortex_THA	25.006924741617667	14	friends	05	046	s06e24b	
cerebellum	23.050456971184527	88	friends	05	046	s06e24c	
cortex_Cont	37.81532480964503	128	friends	05	046	s06e24c	
cortex_Default	35.73618975198215	209	friends	05	046	s06e24c	
cortex_DorsAttn	40.29887187950228	122	friends	05	046	s06e24c	
cortex_Limbic	17.33449277863401	60	friends	05	046	s06e24c	
cortex_SalVentAttn	37.24793474693497	121	friends	05	046	s06e24c	
cortex_SomMot	36.97796016564654	194	friends	05	046	s06e24c	
cortex_Vis	32.50267306306405	162	friends	05	046	s06e24c	
subcortex_CAU	26.440672670240183	8	friends	05	046	s06e24c	
subcortex_PUT	25.09117853369446	8	friends	05	046	s06e24c	
subcortex_THA	25.654819926065333	14	friends	05	046	s06e24c	
cerebellum	22.13707768203906	88	friends	05	046	s06e24d	
cortex_Cont	36.63532367077119	128	friends	05	046	s06e24d	
cortex_Default	34.694250914766805	209	friends	05	046	s06e24d	
cortex_DorsAttn	40.26016782390944	122	friends	05	046	s06e24d	
cortex_Limbic	17.19385286312589	60	friends	05	046	s06e24d	
cortex_SalVentAttn	35.71303347397117	121	friends	05	046	s06e24d	
cortex_SomMot	35.46788703119984	194	friends	05	046	s06e24d	
cortex_Vis	33.25235141024808	162	friends	05	046	s06e24d	
subcortex_CAU	25.181404412415596	8	friends	05	046	s06e24d	
subcortex_PUT	24.247885424631423	8	friends	05	046	s06e24d	
subcortex_THA	25.612775833940535	14	friends	05	046	s06e24d	
cerebellum	25.180152623952026	88	friends	06	001	s01e02a	
cortex_Cont	31.73223704535113	128	friends	06	001	s01e02a	
cortex_Default	30.860780248581015	209	friends	06	001	s01e02a	
cortex_DorsAttn	32.10757142856662	122	friends	06	001	s01e02a	
cortex_Limbic	14.485541218702794	60	friends	06	001	s01e02a	
cortex_SalVentAttn	32.69489302176016	121	friends	06	001	s01e02a	
cortex_SomMot	30.177792838589117	194	friends	06	001	s01e02a	
cortex_Vis	25.101573627274906	162	friends	06	001	s01e02a	
subcortex_CAU	26.31396355769305	8	friends	06	001	s01e02a	
subcortex_PUT	27.188972312090087	8	friends	06	001	s01e02a	
subcortex_THA	24.619412902383022	14	friends	06	001	s01e02a	
cerebellum	30.939727301869155	88	friends	06	001	s01e02b	
cortex_Cont	37.07645395446954	128	friends	06	001	s01e02b	
cortex_Default	36.11557966366981	209	friends	06	001	s01e02b	
cortex_DorsAttn	39.30662382801054	122	friends	06	001	s01e02b	
cortex_Limbic	17.060361002358	60	friends	06	001	s01e02b	
cortex_SalVentAttn	37.70395967755006	121	friends	06	001	s01e02b	
cortex_SomMot	37.68176825754613	194	friends	06	001	s01e02b	
cortex_Vis	30.61800864880691	162	friends	06	001	s01e02b	
subcortex_CAU	27.801861185762974	8	friends	06	001	s01e02b	
subcortex_PUT	28.3926740957462	8	friends	06	001	s01e02b	
subcortex_THA	26.743017659586638	14	friends	06	001	s01e02b	
cerebellum	28.964031081457723	88	friends	06	001	s01e03a	
cortex_Cont	35.615449230733866	128	friends	06	001	s01e03a	
cortex_Default	34.22128896050966	209	friends	06	001	s01e03a	
cortex_DorsAttn	38.286625692814	122	friends	06	001	s01e03a	
cortex_Limbic	16.139251439111447	60	friends	06	001	s01e03a	
cortex_SalVentAttn	36.906942615853524	121	friends	06	001	s01e03a	
cortex_SomMot	36.41033036326883	194	friends	06	001	s01e03a	
cortex_Vis	28.43030311846739	162	friends	06	001	s01e03a	
subcortex_CAU	28.56996761777167	8	friends	06	001	s01e03a	
subcortex_PUT	27.69867355859685	8	friends	06	001	s01e03a	
subcortex_THA	26.38561712763158	14	friends	06	001	s01e03a	
cerebellum	30.0202014853745	88	friends	06	001	s01e03b	
cortex_Cont	36.40043708645144	128	friends	06	001	s01e03b	
cortex_Default	34.37250613189361	209	friends	06	001	s01e03b	
cortex_DorsAttn	40.19344314721158	122	friends	06	001	s01e03b	
cortex_Limbic	15.611432900381914	60	friends	06	001	s01e03b	
cortex_SalVentAttn	36.58140838066851	121	friends	06	001	s01e03b	
cortex_SomMot	36.268338867828284	194	friends	06	001	s01e03b	
cortex_Vis	31.119193199032086	162	friends	06	001	s01e03b	
subcortex_CAU	27.359917184339587	8	friends	06	001	s01e03b	
subcortex_PUT	27.625891305084767	8	friends	06	001	s01e03b	
subcortex_THA	26.38021579711802	14	friends	06	001	s01e03b	
cerebellum	31.575900579720898	88	friends	06	001	s01e04a	
cortex_Cont	38.224639960545176	128	friends	06	001	s01e04a	
cortex_Default	37.90143045966381	209	friends	06	001	s01e04a	
cortex_DorsAttn	41.29000625486701	122	friends	06	001	s01e04a	
cortex_Limbic	17.420819137255805	60	friends	06	001	s01e04a	
cortex_SalVentAttn	39.49131306186352	121	friends	06	001	s01e04a	
cortex_SomMot	39.85975568568909	194	friends	06	001	s01e04a	
cortex_Vis	32.430122403704154	162	friends	06	001	s01e04a	
subcortex_CAU	28.50540666082797	8	friends	06	001	s01e04a	
subcortex_PUT	28.43257999197944	8	friends	06	001	s01e04a	
subcortex_THA	27.369481734234625	14	friends	06	001	s01e04a	
cerebellum	27.638036971980387	88	friends	06	001	s01e04b	
cortex_Cont	36.151259094698744	128	friends	06	001	s01e04b	
cortex_Default	35.38694925117833	209	friends	06	001	s01e04b	
cortex_DorsAttn	36.97235590741964	122	friends	06	001	s01e04b	
cortex_Limbic	16.49064918153733	60	friends	06	001	s01e04b	
cortex_SalVentAttn	36.28956950869305	121	friends	06	001	s01e04b	
cortex_SomMot	35.992867081699785	194	friends	06	001	s01e04b	
cortex_Vis	28.30972070601832	162	friends	06	001	s01e04b	
subcortex_CAU	29.20802766273164	8	friends	06	001	s01e04b	
subcortex_PUT	28.29532249138846	8	friends	06	001	s01e04b	
subcortex_THA	26.39020768820751	14	friends	06	001	s01e04b	
cerebellum	32.765162974614015	88	friends	06	001	s01e05a	
cortex_Cont	39.1554060041355	128	friends	06	001	s01e05a	
cortex_Default	36.548994694066664	209	friends	06	001	s01e05a	
cortex_DorsAttn	43.972851806235404	122	friends	06	001	s01e05a	
cortex_Limbic	16.463469224991666	60	friends	06	001	s01e05a	
cortex_SalVentAttn	39.221120991014544	121	friends	06	001	s01e05a	
cortex_SomMot	40.50847695483732	194	friends	06	001	s01e05a	
cortex_Vis	33.28664121310954	162	friends	06	001	s01e05a	
subcortex_CAU	27.596163976767443	8	friends	06	001	s01e05a	
subcortex_PUT	27.628391380083002	8	friends	06	001	s01e05a	
subcortex_THA	26.464371417979834	14	friends	06	001	s01e05a	
cerebellum	25.4007652757508	88	friends	06	001	s01e05b	
cortex_Cont	31.790020291603593	128	friends	06	001	s01e05b	
cortex_Default	30.568061967831945	209	friends	06	001	s01e05b	
cortex_DorsAttn	33.943769975262796	122	friends	06	001	s01e05b	
cortex_Limbic	13.900046085627146	60	friends	06	001	s01e05b	
cortex_SalVentAttn	33.5356398684546	121	friends	06	001	s01e05b	
cortex_SomMot	32.06410995521626	194	friends	06	001	s01e05b	
cortex_Vis	25.4333766182319	162	friends	06	001	s01e05b	
subcortex_CAU	24.9285638164941	8	friends	06	001	s01e05b	
subcortex_PUT	26.39455208886186	8	friends	06	001	s01e05b	
subcortex_THA	25.084920471519588	14	friends	06	001	s01e05b	
cerebellum	35.39343705238058	88	friends	06	001	s01e06a	
cortex_Cont	42.2348838117335	128	friends	06	001	s01e06a	
cortex_Default	39.84224032594814	209	friends	06	001	s01e06a	
cortex_DorsAttn	46.07907769326795	122	friends	06	001	s01e06a	
cortex_Limbic	18.323524115496316	60	friends	06	001	s01e06a	
cortex_SalVentAttn	41.624920860967464	121	friends	06	001	s01e06a	
cortex_SomMot	43.47732978342872	194	friends	06	001	s01e06a	
cortex_Vis	35.00940698217473	162	friends	06	001	s01e06a	
subcortex_CAU	28.77732308532164	8	friends	06	001	s01e06a	
subcortex_PUT	28.337133920998472	8	friends	06	001	s01e06a	
subcortex_THA	27.1846976661386	14	friends	06	001	s01e06a	
cerebellum	28.3513459771748	88	friends	06	001	s01e06b	
cortex_Cont	36.44677022132088	128	friends	06	001	s01e06b	
cortex_Default	34.47429771789622	209	friends	06	001	s01e06b	
cortex_DorsAttn	38.064356474830426	122	friends	06	001	s01e06b	
cortex_Limbic	16.2782198005999	60	friends	06	001	s01e06b	
cortex_SalVentAttn	37.356020773663886	121	friends	06	001	s01e06b	
cortex_SomMot	36.391432247341	194	friends	06	001	s01e06b	
cortex_Vis	28.64144809426987	162	friends	06	001	s01e06b	
subcortex_CAU	28.398961558273317	8	friends	06	001	s01e06b	
subcortex_PUT	27.972006602358217	8	friends	06	001	s01e06b	
subcortex_THA	26.508112544648696	14	friends	06	001	s01e06b	
cerebellum	35.91176614534435	88	friends	06	002	s01e01a	
cortex_Cont	44.36420242613289	128	friends	06	002	s01e01a	
cortex_Default	41.35837696474243	209	friends	06	002	s01e01a	
cortex_DorsAttn	48.064579246764154	122	friends	06	002	s01e01a	
cortex_Limbic	18.63273082179472	60	friends	06	002	s01e01a	
cortex_SalVentAttn	43.0584392809977	121	friends	06	002	s01e01a	
cortex_SomMot	45.422601390545765	194	friends	06	002	s01e01a	
cortex_Vis	36.508561712364205	162	friends	06	002	s01e01a	
subcortex_CAU	29.95763563296799	8	friends	06	002	s01e01a	
subcortex_PUT	29.430314793404268	8	friends	06	002	s01e01a	
subcortex_THA	28.392307446141665	14	friends	06	002	s01e01a	
cerebellum	29.352254286420898	88	friends	06	002	s01e01b	
cortex_Cont	38.57317623105797	128	friends	06	002	s01e01b	
cortex_Default	36.36207798923202	209	friends	06	002	s01e01b	
cortex_DorsAttn	39.849205197404565	122	friends	06	002	s01e01b	
cortex_Limbic	17.707575400885684	60	friends	06	002	s01e01b	
cortex_SalVentAttn	38.67849801370369	121	friends	06	002	s01e01b	
cortex_SomMot	37.91495921289279	194	friends	06	002	s01e01b	
cortex_Vis	29.47380009781626	162	friends	06	002	s01e01b	
subcortex_CAU	30.25115890859314	8	friends	06	002	s01e01b	
subcortex_PUT	29.468138656125337	8	friends	06	002	s01e01b	
subcortex_THA	27.734550908392585	14	friends	06	002	s01e01b	
cerebellum	27.39833906717971	88	friends	06	002	s01e07a	
cortex_Cont	35.91717249059473	128	friends	06	002	s01e07a	
cortex_Default	34.110112181872275	209	friends	06	002	s01e07a	
cortex_DorsAttn	37.221431180537	122	friends	06	002	s01e07a	
cortex_Limbic	16.669282127376835	60	friends	06	002	s01e07a	
cortex_SalVentAttn	36.94495577661814	121	friends	06	002	s01e07a	
cortex_SomMot	36.473167349999926	194	friends	06	002	s01e07a	
cortex_Vis	27.121337892947576	162	friends	06	002	s01e07a	
subcortex_CAU	29.084165029653317	8	friends	06	002	s01e07a	
subcortex_PUT	28.594354502305993	8	friends	06	002	s01e07a	
subcortex_THA	26.804099243981078	14	friends	06	002	s01e07a	
cerebellum	26.897911962514012	88	friends	06	002	s01e07b	
cortex_Cont	33.934691857673094	128	friends	06	002	s01e07b	
cortex_Default	32.30404693595052	209	friends	06	002	s01e07b	
cortex_DorsAttn	35.918965356650745	122	friends	06	002	s01e07b	
cortex_Limbic	14.388966856020469	60	friends	06	002	s01e07b	
cortex_SalVentAttn	34.30340711687483	121	friends	06	002	s01e07b	
cortex_SomMot	32.912887211209544	194	friends	06	002	s01e07b	
cortex_Vis	27.01243011686682	162	friends	06	002	s01e07b	
subcortex_CAU	25.327080252641515	8	friends	06	002	s01e07b	
subcortex_PUT	26.79148876179815	8	friends	06	002	s01e07b	
subcortex_THA	25.7530823454315	14	friends	06	002	s01e07b	
cerebellum	28.605846775933244	88	friends	06	002	s01e08a	
cortex_Cont	38.065435254004846	128	friends	06	002	s01e08a	
cortex_Default	35.78634031015605	209	friends	06	002	s01e08a	
cortex_DorsAttn	39.60184388510354	122	friends	06	002	s01e08a	
cortex_Limbic	17.30417287958195	60	friends	06	002	s01e08a	
cortex_SalVentAttn	38.287483481575286	121	friends	06	002	s01e08a	
cortex_SomMot	37.743311001106726	194	friends	06	002	s01e08a	
cortex_Vis	29.590341318816133	162	friends	06	002	s01e08a	
subcortex_CAU	29.854346276343566	8	friends	06	002	s01e08a	
subcortex_PUT	28.64717744657768	8	friends	06	002	s01e08a	
subcortex_THA	27.329984465360507	14	friends	06	002	s01e08a	
cerebellum	29.236979030922683	88	friends	06	002	s01e08b	
cortex_Cont	38.39564241614374	128	friends	06	002	s01e08b	
cortex_Default	35.844881915743144	209	friends	06	002	s01e08b	
cortex_DorsAttn	40.61495735504353	122	friends	06	002	s01e08b	
cortex_Limbic	16.730423092029955	60	friends	06	002	s01e08b	
cortex_SalVentAttn	38.17918813820203	121	friends	06	002	s01e08b	
cortex_SomMot	38.67858566330045	194	friends	06	002	s01e08b	
cortex_Vis	29.854850511673956	162	friends	06	002	s01e08b	
subcortex_CAU	28.050412947071546	8	friends	06	002	s01e08b	
subcortex_PUT	28.07792400071985	8	friends	06	002	s01e08b	
subcortex_THA	26.716253794368924	14	friends	06	002	s01e08b	
cerebellum	30.84162154437114	88	friends	06	002	s01e09a	
cortex_Cont	38.04636014092982	128	friends	06	002	s01e09a	
cortex_Default	36.299643884022764	209	friends	06	002	s01e09a	
cortex_DorsAttn	40.763562518219594	122	friends	06	002	s01e09a	
cortex_Limbic	17.25482678110638	60	friends	06	002	s01e09a	
cortex_SalVentAttn	38.80387412860608	121	friends	06	002	s01e09a	
cortex_SomMot	38.57249748901274	194	friends	06	002	s01e09a	
cortex_Vis	31.251313189723156	162	friends	06	002	s01e09a	
subcortex_CAU	28.722618582016764	8	friends	06	002	s01e09a	
subcortex_PUT	28.42135233594091	8	friends	06	002	s01e09a	
subcortex_THA	27.459210951247	14	friends	06	002	s01e09a	
cerebellum	29.84281881171717	88	friends	06	002	s01e09b	
cortex_Cont	34.525793426755236	128	friends	06	002	s01e09b	
cortex_Default	33.29900354404574	209	friends	06	002	s01e09b	
cortex_DorsAttn	37.696624625818444	122	friends	06	002	s01e09b	
cortex_Limbic	15.143879595199966	60	friends	06	002	s01e09b	
cortex_SalVentAttn	34.438801373325525	121	friends	06	002	s01e09b	
cortex_SomMot	33.017793742765804	194	friends	06	002	s01e09b	
cortex_Vis	31.006297312693366	162	friends	06	002	s01e09b	
subcortex_CAU	26.145717252700955	8	friends	06	002	s01e09b	
subcortex_PUT	27.27412779778124	8	friends	06	002	s01e09b	
subcortex_THA	26.05990238338822	14	friends	06	002	s01e09b	
cerebellum	28.79290522018715	88	friends	06	003	s01e10a	
cortex_Cont	37.63299620351823	128	friends	06	003	s01e10a	
cortex_Default	35.88239792728524	209	friends	06	003	s01e10a	
cortex_DorsAttn	38.350147321568905	122	friends	06	003	s01e10a	
cortex_Limbic	17.320460410274624	60	friends	06	003	s01e10a	
cortex_SalVentAttn	38.71399316002536	121	friends	06	003	s01e10a	
cortex_SomMot	38.09061826198992	194	friends	06	003	s01e10a	
cortex_Vis	28.241679190576132	162	friends	06	003	s01e10a	
subcortex_CAU	28.8198198690238	8	friends	06	003	s01e10a	
subcortex_PUT	29.496565110613336	8	friends	06	003	s01e10a	
subcortex_THA	27.648268576527204	14	friends	06	003	s01e10a	
cerebellum	36.56696561554315	88	friends	06	003	s01e10b	
cortex_Cont	43.26000277524138	128	friends	06	003	s01e10b	
cortex_Default	41.26293166093052	209	friends	06	003	s01e10b	
cortex_DorsAttn	46.158012065926044	122	friends	06	003	s01e10b	
cortex_Limbic	19.618831733802136	60	friends	06	003	s01e10b	
cortex_SalVentAttn	42.37013861017494	121	friends	06	003	s01e10b	
cortex_SomMot	43.367437749378986	194	friends	06	003	s01e10b	
cortex_Vis	36.3337706329362	162	friends	06	003	s01e10b	
subcortex_CAU	29.54215193263168	8	friends	06	003	s01e10b	
subcortex_PUT	29.61331935307417	8	friends	06	003	s01e10b	
subcortex_THA	28.60519903736165	14	friends	06	003	s01e10b	
cerebellum	29.343920568467937	88	friends	06	003	s01e11a	
cortex_Cont	34.87770960864194	128	friends	06	003	s01e11a	
cortex_Default	34.148783903573595	209	friends	06	003	s01e11a	
cortex_DorsAttn	38.84776724919027	122	friends	06	003	s01e11a	
cortex_Limbic	15.932163828674422	60	friends	06	003	s01e11a	
cortex_SalVentAttn	36.03247570925686	121	friends	06	003	s01e11a	
cortex_SomMot	35.93592306795062	194	friends	06	003	s01e11a	
cortex_Vis	29.274355583852877	162	friends	06	003	s01e11a	
subcortex_CAU	26.73069707858738	8	friends	06	003	s01e11a	
subcortex_PUT	27.926551266785502	8	friends	06	003	s01e11a	
subcortex_THA	27.030152746189373	14	friends	06	003	s01e11a	
cerebellum	35.0995643506415	88	friends	06	003	s01e11b	
cortex_Cont	39.9752664711923	128	friends	06	003	s01e11b	
cortex_Default	38.65154363076866	209	friends	06	003	s01e11b	
cortex_DorsAttn	44.341377555666156	122	friends	06	003	s01e11b	
cortex_Limbic	18.41519441899119	60	friends	06	003	s01e11b	
cortex_SalVentAttn	39.96751875566792	121	friends	06	003	s01e11b	
cortex_SomMot	40.781616689462815	194	friends	06	003	s01e11b	
cortex_Vis	35.68278341916114	162	friends	06	003	s01e11b	
subcortex_CAU	29.06177388015225	8	friends	06	003	s01e11b	
subcortex_PUT	29.202678241460042	8	friends	06	003	s01e11b	
subcortex_THA	28.021317637207893	14	friends	06	003	s01e11b	
cerebellum	29.792129380178952	88	friends	06	003	s01e12a	
cortex_Cont	33.59618656203898	128	friends	06	003	s01e12a	
cortex_Default	32.99948108902335	209	friends	06	003	s01e12a	
cortex_DorsAttn	36.36069581314984	122	friends	06	003	s01e12a	
cortex_Limbic	16.414004748479503	60	friends	06	003	s01e12a	
cortex_SalVentAttn	35.64599425508092	121	friends	06	003	s01e12a	
cortex_SomMot	33.844996561087854	194	friends	06	003	s01e12a	
cortex_Vis	28.59026862889801	162	friends	06	003	s01e12a	
subcortex_CAU	27.254782771867756	8	friends	06	003	s01e12a	
subcortex_PUT	28.298003888862553	8	friends	06	003	s01e12a	
subcortex_THA	27.061431458704167	14	friends	06	003	s01e12a	
cerebellum	34.94205863785578	88	friends	06	003	s01e12b	
cortex_Cont	40.038773105769465	128	friends	06	003	s01e12b	
cortex_Default	38.3513580131458	209	friends	06	003	s01e12b	
cortex_DorsAttn	43.36046288187189	122	friends	06	003	s01e12b	
cortex_Limbic	17.207712081540414	60	friends	06	003	s01e12b	
cortex_SalVentAttn	39.96357665889749	121	friends	06	003	s01e12b	
cortex_SomMot	39.852389210235344	194	friends	06	003	s01e12b	
cortex_Vis	34.49954644759117	162	friends	06	003	s01e12b	
subcortex_CAU	28.908237208738626	8	friends	06	003	s01e12b	
subcortex_PUT	28.886145450111858	8	friends	06	003	s01e12b	
subcortex_THA	27.259712708184257	14	friends	06	003	s01e12b	
cerebellum	30.54442875979493	88	friends	06	003	s01e13a	
cortex_Cont	36.993590982312	128	friends	06	003	s01e13a	
cortex_Default	35.52853148379345	209	friends	06	003	s01e13a	
cortex_DorsAttn	39.005800721348365	122	friends	06	003	s01e13a	
cortex_Limbic	16.644154802448412	60	friends	06	003	s01e13a	
cortex_SalVentAttn	38.495258720654704	121	friends	06	003	s01e13a	
cortex_SomMot	37.681854148508805	194	friends	06	003	s01e13a	
cortex_Vis	29.91517404561393	162	friends	06	003	s01e13a	
subcortex_CAU	28.8325573607544	8	friends	06	003	s01e13a	
subcortex_PUT	28.97595472686518	8	friends	06	003	s01e13a	
subcortex_THA	27.432138304721047	14	friends	06	003	s01e13a	
cerebellum	27.832534607296317	88	friends	06	003	s01e13b	
cortex_Cont	32.79184580887843	128	friends	06	003	s01e13b	
cortex_Default	31.687634769953235	209	friends	06	003	s01e13b	
cortex_DorsAttn	36.34666119625824	122	friends	06	003	s01e13b	
cortex_Limbic	14.439552907754189	60	friends	06	003	s01e13b	
cortex_SalVentAttn	33.80444583996054	121	friends	06	003	s01e13b	
cortex_SomMot	32.17545371765063	194	friends	06	003	s01e13b	
cortex_Vis	27.877252131441214	162	friends	06	003	s01e13b	
subcortex_CAU	25.72585057608014	8	friends	06	003	s01e13b	
subcortex_PUT	26.874796823726367	8	friends	06	003	s01e13b	
subcortex_THA	25.666469602374285	14	friends	06	003	s01e13b	
cerebellum	28.30058346378885	88	friends	06	003	s01e14a	
cortex_Cont	33.56794661651974	128	friends	06	003	s01e14a	
cortex_Default	32.298028342026996	209	friends	06	003	s01e14a	
cortex_DorsAttn	35.93078660995209	122	friends	06	003	s01e14a	
cortex_Limbic	14.653171375182062	60	friends	06	003	s01e14a	
cortex_SalVentAttn	34.67955778130168	121	friends	06	003	s01e14a	
cortex_SomMot	33.01520675045607	194	friends	06	003	s01e14a	
cortex_Vis	27.322703823866746	162	friends	06	003	s01e14a	
subcortex_CAU	25.51685943622816	8	friends	06	003	s01e14a	
subcortex_PUT	27.188197842828036	8	friends	06	003	s01e14a	
subcortex_THA	26.038760329495595	14	friends	06	003	s01e14a	
cerebellum	27.992530403543583	88	friends	06	003	s01e14b	
cortex_Cont	31.594332668910194	128	friends	06	003	s01e14b	
cortex_Default	31.328267243615024	209	friends	06	003	s01e14b	
cortex_DorsAttn	34.1491344788181	122	friends	06	003	s01e14b	
cortex_Limbic	15.113006284003696	60	friends	06	003	s01e14b	
cortex_SalVentAttn	34.14978464422157	121	friends	06	003	s01e14b	
cortex_SomMot	32.402427360950085	194	friends	06	003	s01e14b	
cortex_Vis	26.942507691842344	162	friends	06	003	s01e14b	
subcortex_CAU	25.416437111729852	8	friends	06	003	s01e14b	
subcortex_PUT	27.330372109210288	8	friends	06	003	s01e14b	
subcortex_THA	26.14423085913995	14	friends	06	003	s01e14b	
cerebellum	25.489993898105663	88	friends	06	004	s01e15a	
cortex_Cont	31.88843385606259	128	friends	06	004	s01e15a	
cortex_Default	30.820317868290854	209	friends	06	004	s01e15a	
cortex_DorsAttn	32.576762166415804	122	friends	06	004	s01e15a	
cortex_Limbic	14.275667620973397	60	friends	06	004	s01e15a	
cortex_SalVentAttn	33.11887276812593	121	friends	06	004	s01e15a	
cortex_SomMot	30.50611996933534	194	friends	06	004	s01e15a	
cortex_Vis	25.43661229758917	162	friends	06	004	s01e15a	
subcortex_CAU	27.060272381413167	8	friends	06	004	s01e15a	
subcortex_PUT	27.618841561445915	8	friends	06	004	s01e15a	
subcortex_THA	26.322725072212734	14	friends	06	004	s01e15a	
cerebellum	29.593165442656936	88	friends	06	004	s01e15b	
cortex_Cont	36.20325451585585	128	friends	06	004	s01e15b	
cortex_Default	35.29607206035071	209	friends	06	004	s01e15b	
cortex_DorsAttn	38.54673031487618	122	friends	06	004	s01e15b	
cortex_Limbic	16.592338195161798	60	friends	06	004	s01e15b	
cortex_SalVentAttn	37.54064991623616	121	friends	06	004	s01e15b	
cortex_SomMot	35.605785402458274	194	friends	06	004	s01e15b	
cortex_Vis	30.199323367771857	162	friends	06	004	s01e15b	
subcortex_CAU	29.33234270474223	8	friends	06	004	s01e15b	
subcortex_PUT	28.9815346796107	8	friends	06	004	s01e15b	
subcortex_THA	27.814702810549743	14	friends	06	004	s01e15b	
cerebellum	27.268030584418884	88	friends	06	004	s01e16a	
cortex_Cont	31.994912341140225	128	friends	06	004	s01e16a	
cortex_Default	31.72083702839091	209	friends	06	004	s01e16a	
cortex_DorsAttn	34.30974132893802	122	friends	06	004	s01e16a	
cortex_Limbic	15.13809777998277	60	friends	06	004	s01e16a	
cortex_SalVentAttn	34.08068301920608	121	friends	06	004	s01e16a	
cortex_SomMot	32.69995934766554	194	friends	06	004	s01e16a	
cortex_Vis	26.072869807000703	162	friends	06	004	s01e16a	
subcortex_CAU	25.490105776229587	8	friends	06	004	s01e16a	
subcortex_PUT	27.297383565954092	8	friends	06	004	s01e16a	
subcortex_THA	26.010795747111143	14	friends	06	004	s01e16a	
cerebellum	30.308552343290458	88	friends	06	004	s01e16b	
cortex_Cont	33.77587854127494	128	friends	06	004	s01e16b	
cortex_Default	32.53055063296954	209	friends	06	004	s01e16b	
cortex_DorsAttn	36.491898744492445	122	friends	06	004	s01e16b	
cortex_Limbic	15.344387375199096	60	friends	06	004	s01e16b	
cortex_SalVentAttn	34.74876232974132	121	friends	06	004	s01e16b	
cortex_SomMot	33.79596424558045	194	friends	06	004	s01e16b	
cortex_Vis	29.09435322812717	162	friends	06	004	s01e16b	
subcortex_CAU	25.27921886519768	8	friends	06	004	s01e16b	
subcortex_PUT	26.904245535201838	8	friends	06	004	s01e16b	
subcortex_THA	25.803617291874833	14	friends	06	004	s01e16b	
cerebellum	25.139196543772016	88	friends	06	004	s01e17a	
cortex_Cont	28.36449690083443	128	friends	06	004	s01e17a	
cortex_Default	27.93595797760933	209	friends	06	004	s01e17a	
cortex_DorsAttn	30.032206496065807	122	friends	06	004	s01e17a	
cortex_Limbic	12.669030219066636	60	friends	06	004	s01e17a	
cortex_SalVentAttn	29.677877704633683	121	friends	06	004	s01e17a	
cortex_SomMot	26.813641169851	194	friends	06	004	s01e17a	
cortex_Vis	24.392645342139325	162	friends	06	004	s01e17a	
subcortex_CAU	23.109600966701777	8	friends	06	004	s01e17a	
subcortex_PUT	24.827785505633866	8	friends	06	004	s01e17a	
subcortex_THA	23.477928910145927	14	friends	06	004	s01e17a	
cerebellum	28.76771802730475	88	friends	06	004	s01e17b	
cortex_Cont	30.25005646965664	128	friends	06	004	s01e17b	
cortex_Default	30.374004152801763	209	friends	06	004	s01e17b	
cortex_DorsAttn	33.13024429638795	122	friends	06	004	s01e17b	
cortex_Limbic	14.719081468576352	60	friends	06	004	s01e17b	
cortex_SalVentAttn	31.63263199606451	121	friends	06	004	s01e17b	
cortex_SomMot	29.668755610073877	194	friends	06	004	s01e17b	
cortex_Vis	28.76534652127798	162	friends	06	004	s01e17b	
subcortex_CAU	24.22804803994439	8	friends	06	004	s01e17b	
subcortex_PUT	26.40773026691575	8	friends	06	004	s01e17b	
subcortex_THA	25.587048376451516	14	friends	06	004	s01e17b	
cerebellum	28.47827720758189	88	friends	06	004	s01e18a	
cortex_Cont	32.21612318666099	128	friends	06	004	s01e18a	
cortex_Default	31.995021011362162	209	friends	06	004	s01e18a	
cortex_DorsAttn	33.76271153753846	122	friends	06	004	s01e18a	
cortex_Limbic	14.76889553377877	60	friends	06	004	s01e18a	
cortex_SalVentAttn	32.92104809382121	121	friends	06	004	s01e18a	
cortex_SomMot	30.46043989742184	194	friends	06	004	s01e18a	
cortex_Vis	27.925027839951394	162	friends	06	004	s01e18a	
subcortex_CAU	24.858855023420613	8	friends	06	004	s01e18a	
subcortex_PUT	26.669526946022806	8	friends	06	004	s01e18a	
subcortex_THA	25.301938321039017	14	friends	06	004	s01e18a	
cerebellum	26.90911738693166	88	friends	06	004	s01e18b	
cortex_Cont	30.719957961838624	128	friends	06	004	s01e18b	
cortex_Default	30.47634275832264	209	friends	06	004	s01e18b	
cortex_DorsAttn	32.58783842447374	122	friends	06	004	s01e18b	
cortex_Limbic	14.152189702529727	60	friends	06	004	s01e18b	
cortex_SalVentAttn	31.789288890487132	121	friends	06	004	s01e18b	
cortex_SomMot	29.826323593443554	194	friends	06	004	s01e18b	
cortex_Vis	26.50795609574412	162	friends	06	004	s01e18b	
subcortex_CAU	24.04851197028886	8	friends	06	004	s01e18b	
subcortex_PUT	26.217188998289107	8	friends	06	004	s01e18b	
subcortex_THA	24.88602050495888	14	friends	06	004	s01e18b	
cerebellum	28.38847038939347	88	friends	06	005	s01e19a	
cortex_Cont	34.593651301536134	128	friends	06	005	s01e19a	
cortex_Default	33.13068975310006	209	friends	06	005	s01e19a	
cortex_DorsAttn	35.72601568064125	122	friends	06	005	s01e19a	
cortex_Limbic	15.901130318040849	60	friends	06	005	s01e19a	
cortex_SalVentAttn	35.54473706387414	121	friends	06	005	s01e19a	
cortex_SomMot	33.900618606248514	194	friends	06	005	s01e19a	
cortex_Vis	27.15135076228432	162	friends	06	005	s01e19a	
subcortex_CAU	27.259784743045103	8	friends	06	005	s01e19a	
subcortex_PUT	28.240113715268713	8	friends	06	005	s01e19a	
subcortex_THA	26.27671181032698	14	friends	06	005	s01e19a	
cerebellum	28.333367772779596	88	friends	06	005	s01e19b	
cortex_Cont	36.06626328494899	128	friends	06	005	s01e19b	
cortex_Default	34.063960150876476	209	friends	06	005	s01e19b	
cortex_DorsAttn	36.209952815664	122	friends	06	005	s01e19b	
cortex_Limbic	16.490627334863184	60	friends	06	005	s01e19b	
cortex_SalVentAttn	36.26319832464635	121	friends	06	005	s01e19b	
cortex_SomMot	34.54039819383236	194	friends	06	005	s01e19b	
cortex_Vis	27.440674368757012	162	friends	06	005	s01e19b	
subcortex_CAU	27.682286169329053	8	friends	06	005	s01e19b	
subcortex_PUT	28.317274978064603	8	friends	06	005	s01e19b	
subcortex_THA	26.21532285248798	14	friends	06	005	s01e19b	
cerebellum	28.467458431745502	88	friends	06	005	s01e20a	
cortex_Cont	34.47397658862436	128	friends	06	005	s01e20a	
cortex_Default	33.812537417941876	209	friends	06	005	s01e20a	
cortex_DorsAttn	35.86632533903801	122	friends	06	005	s01e20a	
cortex_Limbic	16.234086997749678	60	friends	06	005	s01e20a	
cortex_SalVentAttn	36.074006616648504	121	friends	06	005	s01e20a	
cortex_SomMot	34.03969541708651	194	friends	06	005	s01e20a	
cortex_Vis	28.214500574575013	162	friends	06	005	s01e20a	
subcortex_CAU	26.085658045329026	8	friends	06	005	s01e20a	
subcortex_PUT	27.756280322087623	8	friends	06	005	s01e20a	
subcortex_THA	26.47412971664846	14	friends	06	005	s01e20a	
cerebellum	27.692535552925506	88	friends	06	005	s01e20b	
cortex_Cont	33.48881806228091	128	friends	06	005	s01e20b	
cortex_Default	32.82210878400232	209	friends	06	005	s01e20b	
cortex_DorsAttn	35.29023102576794	122	friends	06	005	s01e20b	
cortex_Limbic	15.648624856161321	60	friends	06	005	s01e20b	
cortex_SalVentAttn	34.628961642736336	121	friends	06	005	s01e20b	
cortex_SomMot	32.020854412961924	194	friends	06	005	s01e20b	
cortex_Vis	27.994788677743735	162	friends	06	005	s01e20b	
subcortex_CAU	25.5492375675096	8	friends	06	005	s01e20b	
subcortex_PUT	27.309738205944996	8	friends	06	005	s01e20b	
subcortex_THA	26.149141790525487	14	friends	06	005	s01e20b	
cerebellum	23.59012012473652	88	friends	06	005	s01e21a	
cortex_Cont	28.74797018310422	128	friends	06	005	s01e21a	
cortex_Default	27.93474282623821	209	friends	06	005	s01e21a	
cortex_DorsAttn	29.66457453765706	122	friends	06	005	s01e21a	
cortex_Limbic	13.114420535906135	60	friends	06	005	s01e21a	
cortex_SalVentAttn	30.053428253762938	121	friends	06	005	s01e21a	
cortex_SomMot	27.912361511685166	194	friends	06	005	s01e21a	
cortex_Vis	23.38638775866355	162	friends	06	005	s01e21a	
subcortex_CAU	23.218196460879682	8	friends	06	005	s01e21a	
subcortex_PUT	25.431209982902345	8	friends	06	005	s01e21a	
subcortex_THA	23.995786396899117	14	friends	06	005	s01e21a	
cerebellum	23.71312999629578	88	friends	06	005	s01e21b	
cortex_Cont	29.543273760277287	128	friends	06	005	s01e21b	
cortex_Default	28.69643866138074	209	friends	06	005	s01e21b	
cortex_DorsAttn	31.249295653165493	122	friends	06	005	s01e21b	
cortex_Limbic	13.415494561286911	60	friends	06	005	s01e21b	
cortex_SalVentAttn	31.28076600446358	121	friends	06	005	s01e21b	
cortex_SomMot	29.549540474037332	194	friends	06	005	s01e21b	
cortex_Vis	23.674697399223945	162	friends	06	005	s01e21b	
subcortex_CAU	23.141175918475845	8	friends	06	005	s01e21b	
subcortex_PUT	25.487740119106945	8	friends	06	005	s01e21b	
subcortex_THA	24.199295886818202	14	friends	06	005	s01e21b	
cerebellum	24.20876045650253	88	friends	06	005	s01e22a	
cortex_Cont	28.781149112337676	128	friends	06	005	s01e22a	
cortex_Default	28.250244376408478	209	friends	06	005	s01e22a	
cortex_DorsAttn	29.69008250352083	122	friends	06	005	s01e22a	
cortex_Limbic	12.802961486293091	60	friends	06	005	s01e22a	
cortex_SalVentAttn	30.332319924319936	121	friends	06	005	s01e22a	
cortex_SomMot	28.172430013138623	194	friends	06	005	s01e22a	
cortex_Vis	23.316006049839874	162	friends	06	005	s01e22a	
subcortex_CAU	24.264530320159924	8	friends	06	005	s01e22a	
subcortex_PUT	25.847860602158917	8	friends	06	005	s01e22a	
subcortex_THA	24.368866213589797	14	friends	06	005	s01e22a	
cerebellum	28.446954079407092	88	friends	06	005	s01e22b	
cortex_Cont	31.62249036935622	128	friends	06	005	s01e22b	
cortex_Default	31.709047389752836	209	friends	06	005	s01e22b	
cortex_DorsAttn	33.849011788745145	122	friends	06	005	s01e22b	
cortex_Limbic	15.037574654650546	60	friends	06	005	s01e22b	
cortex_SalVentAttn	33.5214492852994	121	friends	06	005	s01e22b	
cortex_SomMot	31.013263086471593	194	friends	06	005	s01e22b	
cortex_Vis	27.739311213868664	162	friends	06	005	s01e22b	
subcortex_CAU	26.738475378742432	8	friends	06	005	s01e22b	
subcortex_PUT	28.16030968933025	8	friends	06	005	s01e22b	
subcortex_THA	26.943760229145067	14	friends	06	005	s01e22b	
cerebellum	28.113802361525657	88	friends	06	005	s01e23a	
cortex_Cont	33.50485138167206	128	friends	06	005	s01e23a	
cortex_Default	32.445062752505564	209	friends	06	005	s01e23a	
cortex_DorsAttn	35.08951228530365	122	friends	06	005	s01e23a	
cortex_Limbic	14.64924205875646	60	friends	06	005	s01e23a	
cortex_SalVentAttn	34.25914413129694	121	friends	06	005	s01e23a	
cortex_SomMot	32.73488782590428	194	friends	06	005	s01e23a	
cortex_Vis	27.017514675961024	162	friends	06	005	s01e23a	
subcortex_CAU	25.60980208169779	8	friends	06	005	s01e23a	
subcortex_PUT	27.197805540291874	8	friends	06	005	s01e23a	
subcortex_THA	25.963475694337102	14	friends	06	005	s01e23a	
cerebellum	27.516522451270454	88	friends	06	005	s01e23b	
cortex_Cont	31.259642401480594	128	friends	06	005	s01e23b	
cortex_Default	30.68827611206359	209	friends	06	005	s01e23b	
cortex_DorsAttn	33.95842077570724	122	friends	06	005	s01e23b	
cortex_Limbic	14.762041639939502	60	friends	06	005	s01e23b	
cortex_SalVentAttn	32.91994336134006	121	friends	06	005	s01e23b	
cortex_SomMot	30.86582455762158	194	friends	06	005	s01e23b	
cortex_Vis	27.814372748775646	162	friends	06	005	s01e23b	
subcortex_CAU	25.04224980488203	8	friends	06	005	s01e23b	
subcortex_PUT	27.20169182978133	8	friends	06	005	s01e23b	
subcortex_THA	26.16646680930493	14	friends	06	005	s01e23b	
cerebellum	26.108477535054888	88	friends	06	005	s01e24a	
cortex_Cont	30.53215262716672	128	friends	06	005	s01e24a	
cortex_Default	30.34678292362784	209	friends	06	005	s01e24a	
cortex_DorsAttn	32.955033070097706	122	friends	06	005	s01e24a	
cortex_Limbic	13.652682143733157	60	friends	06	005	s01e24a	
cortex_SalVentAttn	31.985119067387785	121	friends	06	005	s01e24a	
cortex_SomMot	29.488307894313092	194	friends	06	005	s01e24a	
cortex_Vis	26.480346001879308	162	friends	06	005	s01e24a	
subcortex_CAU	24.6788459241359	8	friends	06	005	s01e24a	
subcortex_PUT	26.631288447932725	8	friends	06	005	s01e24a	
subcortex_THA	24.982860307468606	14	friends	06	005	s01e24a	
cerebellum	27.46501089468312	88	friends	06	006	s01e24b	
cortex_Cont	34.66429667000721	128	friends	06	006	s01e24b	
cortex_Default	33.310436224146265	209	friends	06	006	s01e24b	
cortex_DorsAttn	36.05348008327289	122	friends	06	006	s01e24b	
cortex_Limbic	16.109633123859123	60	friends	06	006	s01e24b	
cortex_SalVentAttn	36.824406341383394	121	friends	06	006	s01e24b	
cortex_SomMot	35.197401236363426	194	friends	06	006	s01e24b	
cortex_Vis	27.74498090004908	162	friends	06	006	s01e24b	
subcortex_CAU	27.62652758932775	8	friends	06	006	s01e24b	
subcortex_PUT	28.430430827103972	8	friends	06	006	s01e24b	
subcortex_THA	27.014514627872952	14	friends	06	006	s01e24b	
cerebellum	25.899355944574644	88	friends	06	006	s02e01b	
cortex_Cont	32.17833685560933	128	friends	06	006	s02e01b	
cortex_Default	30.990293269926173	209	friends	06	006	s02e01b	
cortex_DorsAttn	33.08474706712214	122	friends	06	006	s02e01b	
cortex_Limbic	14.411468038646705	60	friends	06	006	s02e01b	
cortex_SalVentAttn	33.45325689132809	121	friends	06	006	s02e01b	
cortex_SomMot	31.517360300116792	194	friends	06	006	s02e01b	
cortex_Vis	26.132420382595974	162	friends	06	006	s02e01b	
subcortex_CAU	26.151378360405737	8	friends	06	006	s02e01b	
subcortex_PUT	27.540456801037365	8	friends	06	006	s02e01b	
subcortex_THA	25.57033077326779	14	friends	06	006	s02e01b	
cerebellum	27.634208854452357	88	friends	06	006	s02e02a	
cortex_Cont	33.91208695189008	128	friends	06	006	s02e02a	
cortex_Default	32.872759125234175	209	friends	06	006	s02e02a	
cortex_DorsAttn	35.47140848749445	122	friends	06	006	s02e02a	
cortex_Limbic	15.050976323933702	60	friends	06	006	s02e02a	
cortex_SalVentAttn	35.24276302442065	121	friends	06	006	s02e02a	
cortex_SomMot	33.4390793451813	194	friends	06	006	s02e02a	
cortex_Vis	28.05876887419019	162	friends	06	006	s02e02a	
subcortex_CAU	26.058135811538808	8	friends	06	006	s02e02a	
subcortex_PUT	27.724655328229804	8	friends	06	006	s02e02a	
subcortex_THA	26.00412492080029	14	friends	06	006	s02e02a	
cerebellum	26.140590158077597	88	friends	06	006	s02e03a	
cortex_Cont	32.20495617444087	128	friends	06	006	s02e03a	
cortex_Default	31.38537496368272	209	friends	06	006	s02e03a	
cortex_DorsAttn	34.62952833863146	122	friends	06	006	s02e03a	
cortex_Limbic	13.76278391444071	60	friends	06	006	s02e03a	
cortex_SalVentAttn	33.2450319792759	121	friends	06	006	s02e03a	
cortex_SomMot	31.581390018606964	194	friends	06	006	s02e03a	
cortex_Vis	27.30730882676802	162	friends	06	006	s02e03a	
subcortex_CAU	24.28884975891147	8	friends	06	006	s02e03a	
subcortex_PUT	26.270222400245608	8	friends	06	006	s02e03a	
subcortex_THA	25.19780310158196	14	friends	06	006	s02e03a	
cerebellum	24.338221931757936	88	friends	06	006	s02e03b	
cortex_Cont	30.893091298088628	128	friends	06	006	s02e03b	
cortex_Default	29.72439468840959	209	friends	06	006	s02e03b	
cortex_DorsAttn	32.892727857755155	122	friends	06	006	s02e03b	
cortex_Limbic	13.08054286254888	60	friends	06	006	s02e03b	
cortex_SalVentAttn	31.482681779462037	121	friends	06	006	s02e03b	
cortex_SomMot	29.541307622468285	194	friends	06	006	s02e03b	
cortex_Vis	26.181892436663514	162	friends	06	006	s02e03b	
subcortex_CAU	24.86925822661244	8	friends	06	006	s02e03b	
subcortex_PUT	26.12428183827789	8	friends	06	006	s02e03b	
subcortex_THA	24.73772272140622	14	friends	06	006	s02e03b	
cerebellum	25.110547360064576	88	friends	06	006	s02e04a	
cortex_Cont	29.883189497503306	128	friends	06	006	s02e04a	
cortex_Default	29.213336705799748	209	friends	06	006	s02e04a	
cortex_DorsAttn	32.2915556505386	122	friends	06	006	s02e04a	
cortex_Limbic	13.112126503687279	60	friends	06	006	s02e04a	
cortex_SalVentAttn	31.576772097480895	121	friends	06	006	s02e04a	
cortex_SomMot	29.599373927140718	194	friends	06	006	s02e04a	
cortex_Vis	26.313084636294043	162	friends	06	006	s02e04a	
subcortex_CAU	23.702816563699816	8	friends	06	006	s02e04a	
subcortex_PUT	25.61370081057678	8	friends	06	006	s02e04a	
subcortex_THA	24.77032071624654	14	friends	06	006	s02e04a	
cerebellum	26.701137179098165	88	friends	06	006	s02e04b	
cortex_Cont	33.02368170230054	128	friends	06	006	s02e04b	
cortex_Default	32.09727398834271	209	friends	06	006	s02e04b	
cortex_DorsAttn	35.34745725943025	122	friends	06	006	s02e04b	
cortex_Limbic	14.083254685918094	60	friends	06	006	s02e04b	
cortex_SalVentAttn	34.38938780512669	121	friends	06	006	s02e04b	
cortex_SomMot	32.69367608641874	194	friends	06	006	s02e04b	
cortex_Vis	27.40849090206159	162	friends	06	006	s02e04b	
subcortex_CAU	25.287162540413142	8	friends	06	006	s02e04b	
subcortex_PUT	26.957277193008448	8	friends	06	006	s02e04b	
subcortex_THA	26.02431485942791	14	friends	06	006	s02e04b	
cerebellum	28.892892609873055	88	friends	06	007	s02e05a	
cortex_Cont	36.98950462465347	128	friends	06	007	s02e05a	
cortex_Default	35.71166869336091	209	friends	06	007	s02e05a	
cortex_DorsAttn	38.55253003794858	122	friends	06	007	s02e05a	
cortex_Limbic	17.264173647588958	60	friends	06	007	s02e05a	
cortex_SalVentAttn	38.58465888999988	121	friends	06	007	s02e05a	
cortex_SomMot	37.80192410560937	194	friends	06	007	s02e05a	
cortex_Vis	28.613343106645043	162	friends	06	007	s02e05a	
subcortex_CAU	29.375224968243355	8	friends	06	007	s02e05a	
subcortex_PUT	29.265692102820278	8	friends	06	007	s02e05a	
subcortex_THA	27.70287841875587	14	friends	06	007	s02e05a	
cerebellum	28.722010725565532	88	friends	06	007	s02e05b	
cortex_Cont	39.041326229636105	128	friends	06	007	s02e05b	
cortex_Default	37.30422785352763	209	friends	06	007	s02e05b	
cortex_DorsAttn	38.61606904665817	122	friends	06	007	s02e05b	
cortex_Limbic	18.456825681039515	60	friends	06	007	s02e05b	
cortex_SalVentAttn	39.491514518635626	121	friends	06	007	s02e05b	
cortex_SomMot	38.19372882664786	194	friends	06	007	s02e05b	
cortex_Vis	29.325269368576507	162	friends	06	007	s02e05b	
subcortex_CAU	31.075571596573795	8	friends	06	007	s02e05b	
subcortex_PUT	29.856362754635853	8	friends	06	007	s02e05b	
subcortex_THA	27.78289745831432	14	friends	06	007	s02e05b	
cerebellum	28.074829177320535	88	friends	06	007	s02e06a	
cortex_Cont	34.272785368888236	128	friends	06	007	s02e06a	
cortex_Default	33.37152102823524	209	friends	06	007	s02e06a	
cortex_DorsAttn	36.45006244662021	122	friends	06	007	s02e06a	
cortex_Limbic	15.81786113773256	60	friends	06	007	s02e06a	
cortex_SalVentAttn	36.11532457035758	121	friends	06	007	s02e06a	
cortex_SomMot	34.50938727607701	194	friends	06	007	s02e06a	
cortex_Vis	28.285402985169124	162	friends	06	007	s02e06a	
subcortex_CAU	27.552271069333496	8	friends	06	007	s02e06a	
subcortex_PUT	28.226686230872676	8	friends	06	007	s02e06a	
subcortex_THA	26.99889784171426	14	friends	06	007	s02e06a	
cerebellum	28.244853689847204	88	friends	06	007	s02e06b	
cortex_Cont	35.18360262717334	128	friends	06	007	s02e06b	
cortex_Default	33.5600124550613	209	friends	06	007	s02e06b	
cortex_DorsAttn	38.251338261843095	122	friends	06	007	s02e06b	
cortex_Limbic	14.637116352897968	60	friends	06	007	s02e06b	
cortex_SalVentAttn	35.71798286833294	121	friends	06	007	s02e06b	
cortex_SomMot	35.0895200913498	194	friends	06	007	s02e06b	
cortex_Vis	28.750062945775966	162	friends	06	007	s02e06b	
subcortex_CAU	26.19584452377181	8	friends	06	007	s02e06b	
subcortex_PUT	27.2823334715586	8	friends	06	007	s02e06b	
subcortex_THA	26.172966996421174	14	friends	06	007	s02e06b	
cerebellum	25.791282484577376	88	friends	06	007	s02e07a	
cortex_Cont	31.968067804731874	128	friends	06	007	s02e07a	
cortex_Default	31.08008472442893	209	friends	06	007	s02e07a	
cortex_DorsAttn	34.08760463447516	122	friends	06	007	s02e07a	
cortex_Limbic	14.936719503694302	60	friends	06	007	s02e07a	
cortex_SalVentAttn	33.56510907761037	121	friends	06	007	s02e07a	
cortex_SomMot	31.44764577521517	194	friends	06	007	s02e07a	
cortex_Vis	26.065439579679424	162	friends	06	007	s02e07a	
subcortex_CAU	27.629754198820557	8	friends	06	007	s02e07a	
subcortex_PUT	27.749120635021896	8	friends	06	007	s02e07a	
subcortex_THA	26.10466070237016	14	friends	06	007	s02e07a	
cerebellum	28.42040086506124	88	friends	06	007	s02e07b	
cortex_Cont	35.38848073685388	128	friends	06	007	s02e07b	
cortex_Default	34.428794621502895	209	friends	06	007	s02e07b	
cortex_DorsAttn	36.32609583390518	122	friends	06	007	s02e07b	
cortex_Limbic	16.349722942728988	60	friends	06	007	s02e07b	
cortex_SalVentAttn	37.72409375487386	121	friends	06	007	s02e07b	
cortex_SomMot	35.798269035215604	194	friends	06	007	s02e07b	
cortex_Vis	28.24201312923891	162	friends	06	007	s02e07b	
subcortex_CAU	28.982875133802686	8	friends	06	007	s02e07b	
subcortex_PUT	28.27045547441906	8	friends	06	007	s02e07b	
subcortex_THA	27.246688170142335	14	friends	06	007	s02e07b	
cerebellum	26.272531235406902	88	friends	06	007	s02e08a	
cortex_Cont	32.749202182082854	128	friends	06	007	s02e08a	
cortex_Default	31.216533869408238	209	friends	06	007	s02e08a	
cortex_DorsAttn	34.27024602759384	122	friends	06	007	s02e08a	
cortex_Limbic	14.358111595487324	60	friends	06	007	s02e08a	
cortex_SalVentAttn	33.76631711699928	121	friends	06	007	s02e08a	
cortex_SomMot	32.44595932080327	194	friends	06	007	s02e08a	
cortex_Vis	25.87315493767328	162	friends	06	007	s02e08a	
subcortex_CAU	26.555148840374095	8	friends	06	007	s02e08a	
subcortex_PUT	26.657728569363293	8	friends	06	007	s02e08a	
subcortex_THA	25.48501525551094	14	friends	06	007	s02e08a	
cerebellum	27.803903546357954	88	friends	06	007	s02e08b	
cortex_Cont	33.4062060464738	128	friends	06	007	s02e08b	
cortex_Default	32.47226038902043	209	friends	06	007	s02e08b	
cortex_DorsAttn	35.85803796558867	122	friends	06	007	s02e08b	
cortex_Limbic	15.135451468655532	60	friends	06	007	s02e08b	
cortex_SalVentAttn	35.1191196667673	121	friends	06	007	s02e08b	
cortex_SomMot	33.783973736544404	194	friends	06	007	s02e08b	
cortex_Vis	28.477978077366537	162	friends	06	007	s02e08b	
subcortex_CAU	26.99604120976216	8	friends	06	007	s02e08b	
subcortex_PUT	27.66345961833993	8	friends	06	007	s02e08b	
subcortex_THA	26.523263961649565	14	friends	06	007	s02e08b	
cerebellum	31.441460608905153	88	friends	06	007	s02e09a	
cortex_Cont	40.40973581609525	128	friends	06	007	s02e09a	
cortex_Default	38.2278411532271	209	friends	06	007	s02e09a	
cortex_DorsAttn	42.534439614175206	122	friends	06	007	s02e09a	
cortex_Limbic	16.72725245345418	60	friends	06	007	s02e09a	
cortex_SalVentAttn	40.0450141333453	121	friends	06	007	s02e09a	
cortex_SomMot	40.19128253722011	194	friends	06	007	s02e09a	
cortex_Vis	32.81443272249791	162	friends	06	007	s02e09a	
subcortex_CAU	29.53806605103668	8	friends	06	007	s02e09a	
subcortex_PUT	28.498786621516395	8	friends	06	007	s02e09a	
subcortex_THA	27.416165386749576	14	friends	06	007	s02e09a	
cerebellum	28.01530158016476	88	friends	06	007	s02e09b	
cortex_Cont	34.06510026937428	128	friends	06	007	s02e09b	
cortex_Default	33.33285841072347	209	friends	06	007	s02e09b	
cortex_DorsAttn	35.97001169121065	122	friends	06	007	s02e09b	
cortex_Limbic	15.489339632116772	60	friends	06	007	s02e09b	
cortex_SalVentAttn	35.69685716950347	121	friends	06	007	s02e09b	
cortex_SomMot	34.020899251536356	194	friends	06	007	s02e09b	
cortex_Vis	28.758275900552082	162	friends	06	007	s02e09b	
subcortex_CAU	27.38090691497795	8	friends	06	007	s02e09b	
subcortex_PUT	27.746862962772727	8	friends	06	007	s02e09b	
subcortex_THA	26.730588033559396	14	friends	06	007	s02e09b	
cerebellum	31.082904409111382	88	friends	06	007	s02e10a	
cortex_Cont	38.22281833416146	128	friends	06	007	s02e10a	
cortex_Default	36.31112105195398	209	friends	06	007	s02e10a	
cortex_DorsAttn	41.73255626876233	122	friends	06	007	s02e10a	
cortex_Limbic	17.012454871375176	60	friends	06	007	s02e10a	
cortex_SalVentAttn	38.668464172222386	121	friends	06	007	s02e10a	
cortex_SomMot	38.04030850426725	194	friends	06	007	s02e10a	
cortex_Vis	32.68246038746645	162	friends	06	007	s02e10a	
subcortex_CAU	29.083434248389803	8	friends	06	007	s02e10a	
subcortex_PUT	28.441630440196487	8	friends	06	007	s02e10a	
subcortex_THA	27.57500598370857	14	friends	06	007	s02e10a	
cerebellum	29.223328608431725	88	friends	06	007	s02e10b	
cortex_Cont	35.28607059503926	128	friends	06	007	s02e10b	
cortex_Default	34.0279179849187	209	friends	06	007	s02e10b	
cortex_DorsAttn	39.0470756983012	122	friends	06	007	s02e10b	
cortex_Limbic	15.687782710811806	60	friends	06	007	s02e10b	
cortex_SalVentAttn	36.55410261932049	121	friends	06	007	s02e10b	
cortex_SomMot	35.93536835349899	194	friends	06	007	s02e10b	
cortex_Vis	30.271337288963984	162	friends	06	007	s02e10b	
subcortex_CAU	28.489839517760892	8	friends	06	007	s02e10b	
subcortex_PUT	28.258536945084373	8	friends	06	007	s02e10b	
subcortex_THA	26.94349397635046	14	friends	06	007	s02e10b	
cerebellum	33.873784147233124	88	friends	06	008	s02e11a	
cortex_Cont	39.43857847461946	128	friends	06	008	s02e11a	
cortex_Default	37.9525106221338	209	friends	06	008	s02e11a	
cortex_DorsAttn	44.40488931535789	122	friends	06	008	s02e11a	
cortex_Limbic	17.685984973647077	60	friends	06	008	s02e11a	
cortex_SalVentAttn	40.912124162165085	121	friends	06	008	s02e11a	
cortex_SomMot	42.78424971658796	194	friends	06	008	s02e11a	
cortex_Vis	33.54782162110416	162	friends	06	008	s02e11a	
subcortex_CAU	29.054597844262933	8	friends	06	008	s02e11a	
subcortex_PUT	30.14765526622237	8	friends	06	008	s02e11a	
subcortex_THA	29.635713830659068	14	friends	06	008	s02e11a	
cerebellum	32.39356056445177	88	friends	06	008	s02e11b	
cortex_Cont	38.200861161993224	128	friends	06	008	s02e11b	
cortex_Default	37.3014112498399	209	friends	06	008	s02e11b	
cortex_DorsAttn	42.21790561368179	122	friends	06	008	s02e11b	
cortex_Limbic	17.565448542526113	60	friends	06	008	s02e11b	
cortex_SalVentAttn	39.057146697497586	121	friends	06	008	s02e11b	
cortex_SomMot	39.37841535100213	194	friends	06	008	s02e11b	
cortex_Vis	32.3585637599352	162	friends	06	008	s02e11b	
subcortex_CAU	29.97351466307166	8	friends	06	008	s02e11b	
subcortex_PUT	30.633492703549198	8	friends	06	008	s02e11b	
subcortex_THA	29.258731059312076	14	friends	06	008	s02e11b	
cerebellum	31.077834001659383	88	friends	06	008	s02e12a	
cortex_Cont	38.219591937090975	128	friends	06	008	s02e12a	
cortex_Default	37.14289253276413	209	friends	06	008	s02e12a	
cortex_DorsAttn	41.27946200402167	122	friends	06	008	s02e12a	
cortex_Limbic	17.292830309495823	60	friends	06	008	s02e12a	
cortex_SalVentAttn	39.50681880638986	121	friends	06	008	s02e12a	
cortex_SomMot	39.95276722525349	194	friends	06	008	s02e12a	
cortex_Vis	31.241420439120496	162	friends	06	008	s02e12a	
subcortex_CAU	29.09518958443652	8	friends	06	008	s02e12a	
subcortex_PUT	30.153622880103747	8	friends	06	008	s02e12a	
subcortex_THA	29.034420761598856	14	friends	06	008	s02e12a	
cerebellum	31.024559579982085	88	friends	06	008	s02e12b	
cortex_Cont	33.88739352533949	128	friends	06	008	s02e12b	
cortex_Default	33.85959029625409	209	friends	06	008	s02e12b	
cortex_DorsAttn	39.060547681290394	122	friends	06	008	s02e12b	
cortex_Limbic	15.819433106851514	60	friends	06	008	s02e12b	
cortex_SalVentAttn	35.4849750915946	121	friends	06	008	s02e12b	
cortex_SomMot	35.82868352793573	194	friends	06	008	s02e12b	
cortex_Vis	31.46487109269383	162	friends	06	008	s02e12b	
subcortex_CAU	26.35449358126593	8	friends	06	008	s02e12b	
subcortex_PUT	28.278186276201527	8	friends	06	008	s02e12b	
subcortex_THA	28.281645220733186	14	friends	06	008	s02e12b	
cerebellum	26.336769801445335	88	friends	06	009	s02e13a	
cortex_Cont	33.14200374384515	128	friends	06	009	s02e13a	
cortex_Default	31.64062775467978	209	friends	06	009	s02e13a	
cortex_DorsAttn	35.25949424227712	122	friends	06	009	s02e13a	
cortex_Limbic	14.251675839435183	60	friends	06	009	s02e13a	
cortex_SalVentAttn	34.95632447276383	121	friends	06	009	s02e13a	
cortex_SomMot	34.959334949377585	194	friends	06	009	s02e13a	
cortex_Vis	26.301639802411607	162	friends	06	009	s02e13a	
subcortex_CAU	26.666201025348432	8	friends	06	009	s02e13a	
subcortex_PUT	27.60990581644946	8	friends	06	009	s02e13a	
subcortex_THA	25.975273410293223	14	friends	06	009	s02e13a	
cerebellum	32.15712392826417	88	friends	06	009	s02e13b	
cortex_Cont	37.95667206117087	128	friends	06	009	s02e13b	
cortex_Default	36.722742194893655	209	friends	06	009	s02e13b	
cortex_DorsAttn	40.939090520166545	122	friends	06	009	s02e13b	
cortex_Limbic	17.185388051036508	60	friends	06	009	s02e13b	
cortex_SalVentAttn	39.47496237323439	121	friends	06	009	s02e13b	
cortex_SomMot	38.734849118697355	194	friends	06	009	s02e13b	
cortex_Vis	32.21770471372061	162	friends	06	009	s02e13b	
subcortex_CAU	28.38255180520088	8	friends	06	009	s02e13b	
subcortex_PUT	29.397412256872908	8	friends	06	009	s02e13b	
subcortex_THA	28.527288732847722	14	friends	06	009	s02e13b	
cerebellum	28.655615802211514	88	friends	06	009	s02e14a	
cortex_Cont	33.66160957318807	128	friends	06	009	s02e14a	
cortex_Default	32.36291396954009	209	friends	06	009	s02e14a	
cortex_DorsAttn	36.20826555652643	122	friends	06	009	s02e14a	
cortex_Limbic	15.217982374912003	60	friends	06	009	s02e14a	
cortex_SalVentAttn	35.886891550202066	121	friends	06	009	s02e14a	
cortex_SomMot	35.2675810703305	194	friends	06	009	s02e14a	
cortex_Vis	27.152929690024692	162	friends	06	009	s02e14a	
subcortex_CAU	26.68561722851245	8	friends	06	009	s02e14a	
subcortex_PUT	28.224512178103897	8	friends	06	009	s02e14a	
subcortex_THA	27.1611232070851	14	friends	06	009	s02e14a	
cerebellum	26.56316562465278	88	friends	06	009	s02e14b	
cortex_Cont	31.781345986848653	128	friends	06	009	s02e14b	
cortex_Default	30.921062859448067	209	friends	06	009	s02e14b	
cortex_DorsAttn	32.280799778931765	122	friends	06	009	s02e14b	
cortex_Limbic	14.269453843237715	60	friends	06	009	s02e14b	
cortex_SalVentAttn	33.488275028386894	121	friends	06	009	s02e14b	
cortex_SomMot	31.190368603831907	194	friends	06	009	s02e14b	
cortex_Vis	25.502335160120214	162	friends	06	009	s02e14b	
subcortex_CAU	26.063337025051784	8	friends	06	009	s02e14b	
subcortex_PUT	27.590902921506494	8	friends	06	009	s02e14b	
subcortex_THA	26.610670571258034	14	friends	06	009	s02e14b	
cerebellum	26.208518924260797	88	friends	06	009	s02e15a	
cortex_Cont	29.843733215430074	128	friends	06	009	s02e15a	
cortex_Default	29.88855032925386	209	friends	06	009	s02e15a	
cortex_DorsAttn	33.586654569320864	122	friends	06	009	s02e15a	
cortex_Limbic	13.510474673817574	60	friends	06	009	s02e15a	
cortex_SalVentAttn	31.593514633721735	121	friends	06	009	s02e15a	
cortex_SomMot	30.139758492732305	194	friends	06	009	s02e15a	
cortex_Vis	26.391246726970564	162	friends	06	009	s02e15a	
subcortex_CAU	24.576899530142274	8	friends	06	009	s02e15a	
subcortex_PUT	26.77808872890233	8	friends	06	009	s02e15a	
subcortex_THA	26.53367355068949	14	friends	06	009	s02e15a	
cerebellum	27.45034681043728	88	friends	06	009	s02e15b	
cortex_Cont	32.15933634828824	128	friends	06	009	s02e15b	
cortex_Default	31.2879923082672	209	friends	06	009	s02e15b	
cortex_DorsAttn	35.00852483042954	122	friends	06	009	s02e15b	
cortex_Limbic	14.209508286963562	60	friends	06	009	s02e15b	
cortex_SalVentAttn	33.79593298096088	121	friends	06	009	s02e15b	
cortex_SomMot	31.884483829922626	194	friends	06	009	s02e15b	
cortex_Vis	27.22306286690568	162	friends	06	009	s02e15b	
subcortex_CAU	25.035467979191612	8	friends	06	009	s02e15b	
subcortex_PUT	27.01493598670588	8	friends	06	009	s02e15b	
subcortex_THA	26.05487881664204	14	friends	06	009	s02e15b	
cerebellum	26.406373452218933	88	friends	06	010	s02e16a	
cortex_Cont	32.038118261717074	128	friends	06	010	s02e16a	
cortex_Default	30.973069927605565	209	friends	06	010	s02e16a	
cortex_DorsAttn	34.37250765609606	122	friends	06	010	s02e16a	
cortex_Limbic	14.155475321143873	60	friends	06	010	s02e16a	
cortex_SalVentAttn	32.99522840646502	121	friends	06	010	s02e16a	
cortex_SomMot	31.23580607484124	194	friends	06	010	s02e16a	
cortex_Vis	26.168736679045537	162	friends	06	010	s02e16a	
subcortex_CAU	25.491611073609818	8	friends	06	010	s02e16a	
subcortex_PUT	27.317136319079943	8	friends	06	010	s02e16a	
subcortex_THA	26.510127708711668	14	friends	06	010	s02e16a	
cerebellum	33.937632150468524	88	friends	06	010	s02e16b	
cortex_Cont	38.467814982464404	128	friends	06	010	s02e16b	
cortex_Default	37.08419023462997	209	friends	06	010	s02e16b	
cortex_DorsAttn	42.47593028315407	122	friends	06	010	s02e16b	
cortex_Limbic	17.3598628253424	60	friends	06	010	s02e16b	
cortex_SalVentAttn	40.219091876079126	121	friends	06	010	s02e16b	
cortex_SomMot	39.223181792485306	194	friends	06	010	s02e16b	
cortex_Vis	33.954115326278405	162	friends	06	010	s02e16b	
subcortex_CAU	28.77924021587351	8	friends	06	010	s02e16b	
subcortex_PUT	29.894727168901476	8	friends	06	010	s02e16b	
subcortex_THA	28.948534330377782	14	friends	06	010	s02e16b	
cerebellum	29.88448707234818	88	friends	06	010	s02e17a	
cortex_Cont	35.59427223573924	128	friends	06	010	s02e17a	
cortex_Default	34.32204758800756	209	friends	06	010	s02e17a	
cortex_DorsAttn	38.30637773212105	122	friends	06	010	s02e17a	
cortex_Limbic	16.760621092782987	60	friends	06	010	s02e17a	
cortex_SalVentAttn	36.77012110495044	121	friends	06	010	s02e17a	
cortex_SomMot	35.181674719045624	194	friends	06	010	s02e17a	
cortex_Vis	30.66409151720368	162	friends	06	010	s02e17a	
subcortex_CAU	28.60355270703473	8	friends	06	010	s02e17a	
subcortex_PUT	29.49572236529546	8	friends	06	010	s02e17a	
subcortex_THA	28.46673031100106	14	friends	06	010	s02e17a	
cerebellum	28.45508755189907	88	friends	06	010	s02e17b	
cortex_Cont	34.754647962903896	128	friends	06	010	s02e17b	
cortex_Default	33.33512351027181	209	friends	06	010	s02e17b	
cortex_DorsAttn	38.02822915639297	122	friends	06	010	s02e17b	
cortex_Limbic	15.538728009627688	60	friends	06	010	s02e17b	
cortex_SalVentAttn	36.21575989403854	121	friends	06	010	s02e17b	
cortex_SomMot	35.783130516028294	194	friends	06	010	s02e17b	
cortex_Vis	27.92841812739371	162	friends	06	010	s02e17b	
subcortex_CAU	27.46338873354424	8	friends	06	010	s02e17b	
subcortex_PUT	28.86711940141652	8	friends	06	010	s02e17b	
subcortex_THA	27.652004008754144	14	friends	06	010	s02e17b	
cerebellum	28.12605915007821	88	friends	06	010	s02e18a	
cortex_Cont	33.56841039273894	128	friends	06	010	s02e18a	
cortex_Default	32.669651952131154	209	friends	06	010	s02e18a	
cortex_DorsAttn	36.99059206038115	122	friends	06	010	s02e18a	
cortex_Limbic	14.777032631001022	60	friends	06	010	s02e18a	
cortex_SalVentAttn	34.69548189335692	121	friends	06	010	s02e18a	
cortex_SomMot	33.35854004686676	194	friends	06	010	s02e18a	
cortex_Vis	28.010840341058852	162	friends	06	010	s02e18a	
subcortex_CAU	26.611740116224283	8	friends	06	010	s02e18a	
subcortex_PUT	28.40133033429123	8	friends	06	010	s02e18a	
subcortex_THA	27.21586098150485	14	friends	06	010	s02e18a	
cerebellum	27.84162207086624	88	friends	06	010	s02e18b	
cortex_Cont	31.83555510970425	128	friends	06	010	s02e18b	
cortex_Default	31.462668072170167	209	friends	06	010	s02e18b	
cortex_DorsAttn	35.169200684105185	122	friends	06	010	s02e18b	
cortex_Limbic	14.035485460396245	60	friends	06	010	s02e18b	
cortex_SalVentAttn	32.96104127284046	121	friends	06	010	s02e18b	
cortex_SomMot	31.281282098736924	194	friends	06	010	s02e18b	
cortex_Vis	27.28137055404515	162	friends	06	010	s02e18b	
subcortex_CAU	26.190665951591313	8	friends	06	010	s02e18b	
subcortex_PUT	28.05942753755061	8	friends	06	010	s02e18b	
subcortex_THA	26.65730560508764	14	friends	06	010	s02e18b	
cerebellum	25.93986935418283	88	friends	06	010	s02e19a	
cortex_Cont	30.505856750468723	128	friends	06	010	s02e19a	
cortex_Default	29.716799786393263	209	friends	06	010	s02e19a	
cortex_DorsAttn	32.96325261087661	122	friends	06	010	s02e19a	
cortex_Limbic	13.627941114882173	60	friends	06	010	s02e19a	
cortex_SalVentAttn	32.604477900620566	121	friends	06	010	s02e19a	
cortex_SomMot	31.843828604490287	194	friends	06	010	s02e19a	
cortex_Vis	25.35652666091041	162	friends	06	010	s02e19a	
subcortex_CAU	24.972418437505294	8	friends	06	010	s02e19a	
subcortex_PUT	27.272166302992552	8	friends	06	010	s02e19a	
subcortex_THA	26.376843080852996	14	friends	06	010	s02e19a	
cerebellum	25.464533645971482	88	friends	06	010	s02e19b	
cortex_Cont	29.951922149218472	128	friends	06	010	s02e19b	
cortex_Default	29.2577482961938	209	friends	06	010	s02e19b	
cortex_DorsAttn	32.60959740224493	122	friends	06	010	s02e19b	
cortex_Limbic	13.46052592702058	60	friends	06	010	s02e19b	
cortex_SalVentAttn	31.19865600482902	121	friends	06	010	s02e19b	
cortex_SomMot	29.980026953009887	194	friends	06	010	s02e19b	
cortex_Vis	25.019624670327268	162	friends	06	010	s02e19b	
subcortex_CAU	25.108268608351256	8	friends	06	010	s02e19b	
subcortex_PUT	27.243106777567903	8	friends	06	010	s02e19b	
subcortex_THA	25.836145078150256	14	friends	06	010	s02e19b	
cerebellum	28.540774949797786	88	friends	06	011	s02e20a	
cortex_Cont	34.78450129558665	128	friends	06	011	s02e20a	
cortex_Default	33.255970156037456	209	friends	06	011	s02e20a	
cortex_DorsAttn	36.33719329084323	122	friends	06	011	s02e20a	
cortex_Limbic	14.687505086258728	60	friends	06	011	s02e20a	
cortex_SalVentAttn	35.714949269238495	121	friends	06	011	s02e20a	
cortex_SomMot	34.23693510576951	194	friends	06	011	s02e20a	
cortex_Vis	27.941436670777982	162	friends	06	011	s02e20a	
subcortex_CAU	27.260845433618737	8	friends	06	011	s02e20a	
subcortex_PUT	28.44580833742578	8	friends	06	011	s02e20a	
subcortex_THA	27.55318888510819	14	friends	06	011	s02e20a	
cerebellum	27.026055885304878	88	friends	06	011	s02e20b	
cortex_Cont	33.72970402575612	128	friends	06	011	s02e20b	
cortex_Default	32.22805913097239	209	friends	06	011	s02e20b	
cortex_DorsAttn	35.93648852865208	122	friends	06	011	s02e20b	
cortex_Limbic	14.165386699512895	60	friends	06	011	s02e20b	
cortex_SalVentAttn	34.10660717084098	121	friends	06	011	s02e20b	
cortex_SomMot	32.222375371569576	194	friends	06	011	s02e20b	
cortex_Vis	27.353386779849558	162	friends	06	011	s02e20b	
subcortex_CAU	25.482382634158892	8	friends	06	011	s02e20b	
subcortex_PUT	27.403545031421224	8	friends	06	011	s02e20b	
subcortex_THA	26.31142944151274	14	friends	06	011	s02e20b	
cerebellum	28.3454161969245	88	friends	06	011	s02e21a	
cortex_Cont	35.31704984162646	128	friends	06	011	s02e21a	
cortex_Default	34.24316579219493	209	friends	06	011	s02e21a	
cortex_DorsAttn	37.23980696473088	122	friends	06	011	s02e21a	
cortex_Limbic	15.000495102154757	60	friends	06	011	s02e21a	
cortex_SalVentAttn	35.85531053278031	121	friends	06	011	s02e21a	
cortex_SomMot	33.47687650759175	194	friends	06	011	s02e21a	
cortex_Vis	29.177310393384822	162	friends	06	011	s02e21a	
subcortex_CAU	26.42946979953119	8	friends	06	011	s02e21a	
subcortex_PUT	28.31361371467519	8	friends	06	011	s02e21a	
subcortex_THA	27.020911701619855	14	friends	06	011	s02e21a	
cerebellum	28.461515397644522	88	friends	06	011	s02e21b	
cortex_Cont	35.06263670296197	128	friends	06	011	s02e21b	
cortex_Default	34.29362129555005	209	friends	06	011	s02e21b	
cortex_DorsAttn	37.76064774962795	122	friends	06	011	s02e21b	
cortex_Limbic	15.445671305989158	60	friends	06	011	s02e21b	
cortex_SalVentAttn	36.75784819013843	121	friends	06	011	s02e21b	
cortex_SomMot	35.66099293653202	194	friends	06	011	s02e21b	
cortex_Vis	29.77388774809895	162	friends	06	011	s02e21b	
subcortex_CAU	27.40047558127151	8	friends	06	011	s02e21b	
subcortex_PUT	28.4511689769639	8	friends	06	011	s02e21b	
subcortex_THA	27.28550260323164	14	friends	06	011	s02e21b	
cerebellum	26.725479578850376	88	friends	06	012	s02e22a	
cortex_Cont	31.31736983239876	128	friends	06	012	s02e22a	
cortex_Default	30.97035888184154	209	friends	06	012	s02e22a	
cortex_DorsAttn	34.01789841245265	122	friends	06	012	s02e22a	
cortex_Limbic	14.56203415156383	60	friends	06	012	s02e22a	
cortex_SalVentAttn	32.88609343320527	121	friends	06	012	s02e22a	
cortex_SomMot	30.66349383121157	194	friends	06	012	s02e22a	
cortex_Vis	27.136971582264806	162	friends	06	012	s02e22a	
subcortex_CAU	25.703291298982716	8	friends	06	012	s02e22a	
subcortex_PUT	27.449370363490026	8	friends	06	012	s02e22a	
subcortex_THA	27.06184895298403	14	friends	06	012	s02e22a	
cerebellum	27.70096287447901	88	friends	06	012	s02e22b	
cortex_Cont	33.386728918281506	128	friends	06	012	s02e22b	
cortex_Default	32.870399109666025	209	friends	06	012	s02e22b	
cortex_DorsAttn	36.016129063871155	122	friends	06	012	s02e22b	
cortex_Limbic	15.562068037893198	60	friends	06	012	s02e22b	
cortex_SalVentAttn	34.95324861989327	121	friends	06	012	s02e22b	
cortex_SomMot	32.734492530553986	194	friends	06	012	s02e22b	
cortex_Vis	28.495640467385577	162	friends	06	012	s02e22b	
subcortex_CAU	27.008413837833928	8	friends	06	012	s02e22b	
subcortex_PUT	28.83096321030455	8	friends	06	012	s02e22b	
subcortex_THA	27.950901177170635	14	friends	06	012	s02e22b	
cerebellum	27.92612810005223	88	friends	06	012	s02e23a	
cortex_Cont	33.029937534192584	128	friends	06	012	s02e23a	
cortex_Default	31.917772904805755	209	friends	06	012	s02e23a	
cortex_DorsAttn	35.9175477474138	122	friends	06	012	s02e23a	
cortex_Limbic	14.784356934666146	60	friends	06	012	s02e23a	
cortex_SalVentAttn	34.21884674661701	121	friends	06	012	s02e23a	
cortex_SomMot	32.264288859262436	194	friends	06	012	s02e23a	
cortex_Vis	28.15069706322357	162	friends	06	012	s02e23a	
subcortex_CAU	26.41798050991238	8	friends	06	012	s02e23a	
subcortex_PUT	28.513060494570016	8	friends	06	012	s02e23a	
subcortex_THA	27.458121723493516	14	friends	06	012	s02e23a	
cerebellum	27.090247846359077	88	friends	06	012	s02e23b	
cortex_Cont	32.22485928588943	128	friends	06	012	s02e23b	
cortex_Default	31.362006590128118	209	friends	06	012	s02e23b	
cortex_DorsAttn	34.662416610775594	122	friends	06	012	s02e23b	
cortex_Limbic	14.14069252246614	60	friends	06	012	s02e23b	
cortex_SalVentAttn	34.22954601825404	121	friends	06	012	s02e23b	
cortex_SomMot	32.432072029318086	194	friends	06	012	s02e23b	
cortex_Vis	27.12969049185211	162	friends	06	012	s02e23b	
subcortex_CAU	26.685134699482283	8	friends	06	012	s02e23b	
subcortex_PUT	29.075399990814006	8	friends	06	012	s02e23b	
subcortex_THA	27.82111069366712	14	friends	06	012	s02e23b	
cerebellum	27.274599011819078	88	friends	06	012	s02e24a	
cortex_Cont	32.10085941038109	128	friends	06	012	s02e24a	
cortex_Default	31.10392429643333	209	friends	06	012	s02e24a	
cortex_DorsAttn	35.08784854011175	122	friends	06	012	s02e24a	
cortex_Limbic	14.096116963692314	60	friends	06	012	s02e24a	
cortex_SalVentAttn	34.164441796062086	121	friends	06	012	s02e24a	
cortex_SomMot	32.5704007494009	194	friends	06	012	s02e24a	
cortex_Vis	27.133050279567406	162	friends	06	012	s02e24a	
subcortex_CAU	26.721651922432404	8	friends	06	012	s02e24a	
subcortex_PUT	28.3655027344533	8	friends	06	012	s02e24a	
subcortex_THA	27.349800611400344	14	friends	06	012	s02e24a	
cerebellum	28.789233397365503	88	friends	06	012	s02e24b	
cortex_Cont	34.06372458230616	128	friends	06	012	s02e24b	
cortex_Default	33.40282387449291	209	friends	06	012	s02e24b	
cortex_DorsAttn	38.05661559966144	122	friends	06	012	s02e24b	
cortex_Limbic	15.38798586611456	60	friends	06	012	s02e24b	
cortex_SalVentAttn	35.850744959910074	121	friends	06	012	s02e24b	
cortex_SomMot	34.72762595567937	194	friends	06	012	s02e24b	
cortex_Vis	28.95821320940764	162	friends	06	012	s02e24b	
subcortex_CAU	28.462673341090245	8	friends	06	012	s02e24b	
subcortex_PUT	29.1759895848896	8	friends	06	012	s02e24b	
subcortex_THA	28.735444157160774	14	friends	06	012	s02e24b	
cerebellum	27.795387548143392	88	friends	06	013	s03e01a	
cortex_Cont	36.42259888072353	128	friends	06	013	s03e01a	
cortex_Default	34.88476782235505	209	friends	06	013	s03e01a	
cortex_DorsAttn	38.18163845597534	122	friends	06	013	s03e01a	
cortex_Limbic	16.806164509408728	60	friends	06	013	s03e01a	
cortex_SalVentAttn	37.50311577393997	121	friends	06	013	s03e01a	
cortex_SomMot	36.04794646821602	194	friends	06	013	s03e01a	
cortex_Vis	29.08168288702876	162	friends	06	013	s03e01a	
subcortex_CAU	28.464146128640028	8	friends	06	013	s03e01a	
subcortex_PUT	29.346633683561674	8	friends	06	013	s03e01a	
subcortex_THA	28.036899515307685	14	friends	06	013	s03e01a	
cerebellum	25.8092114486503	88	friends	06	013	s03e01b	
cortex_Cont	32.14459472585806	128	friends	06	013	s03e01b	
cortex_Default	31.186390743473776	209	friends	06	013	s03e01b	
cortex_DorsAttn	32.68739504124837	122	friends	06	013	s03e01b	
cortex_Limbic	14.289437910120913	60	friends	06	013	s03e01b	
cortex_SalVentAttn	33.118935795114844	121	friends	06	013	s03e01b	
cortex_SomMot	30.246832839791765	194	friends	06	013	s03e01b	
cortex_Vis	25.686644853389012	162	friends	06	013	s03e01b	
subcortex_CAU	25.465640267854212	8	friends	06	013	s03e01b	
subcortex_PUT	27.5495146362047	8	friends	06	013	s03e01b	
subcortex_THA	26.081528478279836	14	friends	06	013	s03e01b	
cerebellum	26.181164633705546	88	friends	06	013	s03e02a	
cortex_Cont	31.714810090855956	128	friends	06	013	s03e02a	
cortex_Default	31.097133420738263	209	friends	06	013	s03e02a	
cortex_DorsAttn	33.383313900563856	122	friends	06	013	s03e02a	
cortex_Limbic	15.39776588690674	60	friends	06	013	s03e02a	
cortex_SalVentAttn	33.00265491875032	121	friends	06	013	s03e02a	
cortex_SomMot	30.6864162184997	194	friends	06	013	s03e02a	
cortex_Vis	26.66657479777029	162	friends	06	013	s03e02a	
subcortex_CAU	26.800587608523433	8	friends	06	013	s03e02a	
subcortex_PUT	28.64835705792846	8	friends	06	013	s03e02a	
subcortex_THA	26.54718576315927	14	friends	06	013	s03e02a	
cerebellum	28.320110455956023	88	friends	06	013	s03e02b	
cortex_Cont	33.94270664708647	128	friends	06	013	s03e02b	
cortex_Default	33.026296681394456	209	friends	06	013	s03e02b	
cortex_DorsAttn	35.42608945335724	122	friends	06	013	s03e02b	
cortex_Limbic	15.628421884744572	60	friends	06	013	s03e02b	
cortex_SalVentAttn	35.27908052759068	121	friends	06	013	s03e02b	
cortex_SomMot	33.39862070670388	194	friends	06	013	s03e02b	
cortex_Vis	28.133416541812526	162	friends	06	013	s03e02b	
subcortex_CAU	26.434662302661096	8	friends	06	013	s03e02b	
subcortex_PUT	28.482938315091342	8	friends	06	013	s03e02b	
subcortex_THA	27.06168226831041	14	friends	06	013	s03e02b	
cerebellum	27.777785153553204	88	friends	06	013	s03e03a	
cortex_Cont	32.8651468198531	128	friends	06	013	s03e03a	
cortex_Default	31.939837787112783	209	friends	06	013	s03e03a	
cortex_DorsAttn	34.54835793482993	122	friends	06	013	s03e03a	
cortex_Limbic	14.605152012969471	60	friends	06	013	s03e03a	
cortex_SalVentAttn	34.07116298412827	121	friends	06	013	s03e03a	
cortex_SomMot	31.95311788592668	194	friends	06	013	s03e03a	
cortex_Vis	28.12142371277911	162	friends	06	013	s03e03a	
subcortex_CAU	25.015031636893962	8	friends	06	013	s03e03a	
subcortex_PUT	27.3700350345664	8	friends	06	013	s03e03a	
subcortex_THA	26.21115235346929	14	friends	06	013	s03e03a	
cerebellum	25.937367343869994	88	friends	06	013	s03e03b	
cortex_Cont	31.320236581889887	128	friends	06	013	s03e03b	
cortex_Default	30.693344373580143	209	friends	06	013	s03e03b	
cortex_DorsAttn	32.691955009441855	122	friends	06	013	s03e03b	
cortex_Limbic	14.36651385752129	60	friends	06	013	s03e03b	
cortex_SalVentAttn	32.26793852092534	121	friends	06	013	s03e03b	
cortex_SomMot	30.094612744034215	194	friends	06	013	s03e03b	
cortex_Vis	26.608253390661783	162	friends	06	013	s03e03b	
subcortex_CAU	25.389154692342313	8	friends	06	013	s03e03b	
subcortex_PUT	27.5744723039508	8	friends	06	013	s03e03b	
subcortex_THA	25.54265650870916	14	friends	06	013	s03e03b	
cerebellum	27.96232729694306	88	friends	06	013	s03e04a	
cortex_Cont	33.617218964360504	128	friends	06	013	s03e04a	
cortex_Default	32.71719022534659	209	friends	06	013	s03e04a	
cortex_DorsAttn	34.953923380930085	122	friends	06	013	s03e04a	
cortex_Limbic	15.59641025438866	60	friends	06	013	s03e04a	
cortex_SalVentAttn	34.630102377371614	121	friends	06	013	s03e04a	
cortex_SomMot	33.00503106327166	194	friends	06	013	s03e04a	
cortex_Vis	27.818659562060958	162	friends	06	013	s03e04a	
subcortex_CAU	26.476556316058698	8	friends	06	013	s03e04a	
subcortex_PUT	28.432731589107892	8	friends	06	013	s03e04a	
subcortex_THA	26.857635538122338	14	friends	06	013	s03e04a	
cerebellum	27.308816090133497	88	friends	06	013	s03e04b	
cortex_Cont	34.735829360359446	128	friends	06	013	s03e04b	
cortex_Default	33.10574178678642	209	friends	06	013	s03e04b	
cortex_DorsAttn	36.80982360337867	122	friends	06	013	s03e04b	
cortex_Limbic	15.605622042432723	60	friends	06	013	s03e04b	
cortex_SalVentAttn	35.05552983573036	121	friends	06	013	s03e04b	
cortex_SomMot	33.65178454890577	194	friends	06	013	s03e04b	
cortex_Vis	28.30676042416146	162	friends	06	013	s03e04b	
subcortex_CAU	26.75364330885789	8	friends	06	013	s03e04b	
subcortex_PUT	28.162858882315067	8	friends	06	013	s03e04b	
subcortex_THA	26.92072845983208	14	friends	06	013	s03e04b	
cerebellum	31.260179699449182	88	friends	06	014	s03e05a	
cortex_Cont	37.1707063007212	128	friends	06	014	s03e05a	
cortex_Default	36.14314364541458	209	friends	06	014	s03e05a	
cortex_DorsAttn	40.191236508295525	122	friends	06	014	s03e05a	
cortex_Limbic	16.852196226435513	60	friends	06	014	s03e05a	
cortex_SalVentAttn	39.18514526270123	121	friends	06	014	s03e05a	
cortex_SomMot	38.37039877470952	194	friends	06	014	s03e05a	
cortex_Vis	31.951989230744054	162	friends	06	014	s03e05a	
subcortex_CAU	27.798640463625503	8	friends	06	014	s03e05a	
subcortex_PUT	28.977258842603938	8	friends	06	014	s03e05a	
subcortex_THA	28.35726805861915	14	friends	06	014	s03e05a	
cerebellum	27.677564905207706	88	friends	06	014	s03e05b	
cortex_Cont	34.69442132749149	128	friends	06	014	s03e05b	
cortex_Default	33.89786064903664	209	friends	06	014	s03e05b	
cortex_DorsAttn	36.802479408144215	122	friends	06	014	s03e05b	
cortex_Limbic	16.467071851081577	60	friends	06	014	s03e05b	
cortex_SalVentAttn	36.160997058548375	121	friends	06	014	s03e05b	
cortex_SomMot	34.12010383715264	194	friends	06	014	s03e05b	
cortex_Vis	29.79940333107969	162	friends	06	014	s03e05b	
subcortex_CAU	27.48376054517067	8	friends	06	014	s03e05b	
subcortex_PUT	28.580512015598593	8	friends	06	014	s03e05b	
subcortex_THA	27.800539837143543	14	friends	06	014	s03e05b	
cerebellum	25.655380630944546	88	friends	06	014	s03e06a	
cortex_Cont	35.77899734076356	128	friends	06	014	s03e06a	
cortex_Default	33.914986720471624	209	friends	06	014	s03e06a	
cortex_DorsAttn	35.95700415683589	122	friends	06	014	s03e06a	
cortex_Limbic	15.774326483396326	60	friends	06	014	s03e06a	
cortex_SalVentAttn	36.412097374310356	121	friends	06	014	s03e06a	
cortex_SomMot	34.73417935848469	194	friends	06	014	s03e06a	
cortex_Vis	26.99130244782281	162	friends	06	014	s03e06a	
subcortex_CAU	29.019462538395207	8	friends	06	014	s03e06a	
subcortex_PUT	29.241893885867118	8	friends	06	014	s03e06a	
subcortex_THA	27.27704133253436	14	friends	06	014	s03e06a	
cerebellum	29.03083997226237	88	friends	06	014	s03e06b	
cortex_Cont	34.79395757498393	128	friends	06	014	s03e06b	
cortex_Default	33.861043284299804	209	friends	06	014	s03e06b	
cortex_DorsAttn	37.200608141097035	122	friends	06	014	s03e06b	
cortex_Limbic	15.606513977192408	60	friends	06	014	s03e06b	
cortex_SalVentAttn	36.422259731600725	121	friends	06	014	s03e06b	
cortex_SomMot	35.29877086048202	194	friends	06	014	s03e06b	
cortex_Vis	29.953587643640063	162	friends	06	014	s03e06b	
subcortex_CAU	26.293299255145573	8	friends	06	014	s03e06b	
subcortex_PUT	28.324374792350692	8	friends	06	014	s03e06b	
subcortex_THA	27.160031866262354	14	friends	06	014	s03e06b	
cerebellum	27.65162280116988	88	friends	06	014	s03e07a	
cortex_Cont	32.88021788339375	128	friends	06	014	s03e07a	
cortex_Default	32.83715061518427	209	friends	06	014	s03e07a	
cortex_DorsAttn	35.514164961975865	122	friends	06	014	s03e07a	
cortex_Limbic	15.409571193058488	60	friends	06	014	s03e07a	
cortex_SalVentAttn	35.565038504633435	121	friends	06	014	s03e07a	
cortex_SomMot	34.79050966433739	194	friends	06	014	s03e07a	
cortex_Vis	27.75120369516964	162	friends	06	014	s03e07a	
subcortex_CAU	25.42633548675487	8	friends	06	014	s03e07a	
subcortex_PUT	27.711300975741636	8	friends	06	014	s03e07a	
subcortex_THA	27.098866739247075	14	friends	06	014	s03e07a	
cerebellum	29.51243523104116	88	friends	06	014	s03e07b	
cortex_Cont	35.612395260615926	128	friends	06	014	s03e07b	
cortex_Default	35.01404318391361	209	friends	06	014	s03e07b	
cortex_DorsAttn	38.4266383614912	122	friends	06	014	s03e07b	
cortex_Limbic	17.107595476729202	60	friends	06	014	s03e07b	
cortex_SalVentAttn	37.16291427860117	121	friends	06	014	s03e07b	
cortex_SomMot	35.56479391263715	194	friends	06	014	s03e07b	
cortex_Vis	30.168109577495116	162	friends	06	014	s03e07b	
subcortex_CAU	27.48089491520086	8	friends	06	014	s03e07b	
subcortex_PUT	29.00062227269494	8	friends	06	014	s03e07b	
subcortex_THA	27.769932529693	14	friends	06	014	s03e07b	
cerebellum	31.913050589180184	88	friends	06	015	s03e08a	
cortex_Cont	39.467790737921426	128	friends	06	015	s03e08a	
cortex_Default	37.709249019004474	209	friends	06	015	s03e08a	
cortex_DorsAttn	41.45395054136572	122	friends	06	015	s03e08a	
cortex_Limbic	18.547433231408885	60	friends	06	015	s03e08a	
cortex_SalVentAttn	40.52404423255359	121	friends	06	015	s03e08a	
cortex_SomMot	39.53082238098	194	friends	06	015	s03e08a	
cortex_Vis	32.32062563277409	162	friends	06	015	s03e08a	
subcortex_CAU	31.302035929537407	8	friends	06	015	s03e08a	
subcortex_PUT	30.86888477860423	8	friends	06	015	s03e08a	
subcortex_THA	29.796831791423624	14	friends	06	015	s03e08a	
cerebellum	29.33612551783368	88	friends	06	015	s03e08b	
cortex_Cont	38.556839110616195	128	friends	06	015	s03e08b	
cortex_Default	37.17401645292314	209	friends	06	015	s03e08b	
cortex_DorsAttn	38.738276987014636	122	friends	06	015	s03e08b	
cortex_Limbic	17.449747936170525	60	friends	06	015	s03e08b	
cortex_SalVentAttn	39.30885651577682	121	friends	06	015	s03e08b	
cortex_SomMot	37.37297889666666	194	friends	06	015	s03e08b	
cortex_Vis	29.295869324143553	162	friends	06	015	s03e08b	
subcortex_CAU	30.02849434660876	8	friends	06	015	s03e08b	
subcortex_PUT	29.94491307828457	8	friends	06	015	s03e08b	
subcortex_THA	28.49627697551525	14	friends	06	015	s03e08b	
cerebellum	33.02557452667582	88	friends	06	015	s03e09a	
cortex_Cont	41.31480027278995	128	friends	06	015	s03e09a	
cortex_Default	39.45464097107198	209	friends	06	015	s03e09a	
cortex_DorsAttn	45.50753078383836	122	friends	06	015	s03e09a	
cortex_Limbic	17.578307212543603	60	friends	06	015	s03e09a	
cortex_SalVentAttn	41.90101699130426	121	friends	06	015	s03e09a	
cortex_SomMot	42.262198702339234	194	friends	06	015	s03e09a	
cortex_Vis	34.96417858234762	162	friends	06	015	s03e09a	
subcortex_CAU	31.731810851057304	8	friends	06	015	s03e09a	
subcortex_PUT	30.315553193923332	8	friends	06	015	s03e09a	
subcortex_THA	29.60382207379356	14	friends	06	015	s03e09a	
cerebellum	31.687801899635204	88	friends	06	015	s03e09b	
cortex_Cont	38.08939488147947	128	friends	06	015	s03e09b	
cortex_Default	37.079702511940255	209	friends	06	015	s03e09b	
cortex_DorsAttn	41.48758446478195	122	friends	06	015	s03e09b	
cortex_Limbic	16.830776129054247	60	friends	06	015	s03e09b	
cortex_SalVentAttn	38.47052100743774	121	friends	06	015	s03e09b	
cortex_SomMot	37.462261689329836	194	friends	06	015	s03e09b	
cortex_Vis	33.839636827652114	162	friends	06	015	s03e09b	
subcortex_CAU	30.553835956861562	8	friends	06	015	s03e09b	
subcortex_PUT	29.631238296636212	8	friends	06	015	s03e09b	
subcortex_THA	28.937425669475854	14	friends	06	015	s03e09b	
cerebellum	28.26156167876042	88	friends	06	015	s03e10a	
cortex_Cont	35.74589568318442	128	friends	06	015	s03e10a	
cortex_Default	35.259006530665154	209	friends	06	015	s03e10a	
cortex_DorsAttn	38.23726528032994	122	friends	06	015	s03e10a	
cortex_Limbic	15.728119430464824	60	friends	06	015	s03e10a	
cortex_SalVentAttn	37.00704496679462	121	friends	06	015	s03e10a	
cortex_SomMot	35.47713213144921	194	friends	06	015	s03e10a	
cortex_Vis	29.150410353611765	162	friends	06	015	s03e10a	
subcortex_CAU	28.868606864135682	8	friends	06	015	s03e10a	
subcortex_PUT	28.927427220201164	8	friends	06	015	s03e10a	
subcortex_THA	28.07022294694571	14	friends	06	015	s03e10a	
cerebellum	27.186512574395067	88	friends	06	015	s03e10b	
cortex_Cont	33.42565224822427	128	friends	06	015	s03e10b	
cortex_Default	33.29625118002362	209	friends	06	015	s03e10b	
cortex_DorsAttn	36.40226162484881	122	friends	06	015	s03e10b	
cortex_Limbic	15.042881445596562	60	friends	06	015	s03e10b	
cortex_SalVentAttn	35.28276370547563	121	friends	06	015	s03e10b	
cortex_SomMot	33.55837382732404	194	friends	06	015	s03e10b	
cortex_Vis	28.809710655313665	162	friends	06	015	s03e10b	
subcortex_CAU	27.666116091843353	8	friends	06	015	s03e10b	
subcortex_PUT	28.20100274347571	8	friends	06	015	s03e10b	
subcortex_THA	27.03338973177617	14	friends	06	015	s03e10b	
cerebellum	34.835285057175824	88	friends	06	016	s03e11a	
cortex_Cont	42.41097649920926	128	friends	06	016	s03e11a	
cortex_Default	40.02492468724318	209	friends	06	016	s03e11a	
cortex_DorsAttn	46.34666041100462	122	friends	06	016	s03e11a	
cortex_Limbic	18.58199895910513	60	friends	06	016	s03e11a	
cortex_SalVentAttn	43.28143414249875	121	friends	06	016	s03e11a	
cortex_SomMot	44.485073911570375	194	friends	06	016	s03e11a	
cortex_Vis	34.31205010609664	162	friends	06	016	s03e11a	
subcortex_CAU	30.457942799623027	8	friends	06	016	s03e11a	
subcortex_PUT	31.000440815393265	8	friends	06	016	s03e11a	
subcortex_THA	29.483662913395143	14	friends	06	016	s03e11a	
cerebellum	31.497233452439875	88	friends	06	016	s03e11b	
cortex_Cont	40.36299135629194	128	friends	06	016	s03e11b	
cortex_Default	38.288402366916095	209	friends	06	016	s03e11b	
cortex_DorsAttn	43.94944389397291	122	friends	06	016	s03e11b	
cortex_Limbic	18.038550778525707	60	friends	06	016	s03e11b	
cortex_SalVentAttn	41.235062254776295	121	friends	06	016	s03e11b	
cortex_SomMot	41.15555486249951	194	friends	06	016	s03e11b	
cortex_Vis	32.604003771918634	162	friends	06	016	s03e11b	
subcortex_CAU	30.138305682439515	8	friends	06	016	s03e11b	
subcortex_PUT	30.545763690245753	8	friends	06	016	s03e11b	
subcortex_THA	29.07040497757805	14	friends	06	016	s03e11b	
cerebellum	26.851400629448964	88	friends	06	016	s03e12a	
cortex_Cont	33.01284733096759	128	friends	06	016	s03e12a	
cortex_Default	32.51291986660099	209	friends	06	016	s03e12a	
cortex_DorsAttn	37.4772973490854	122	friends	06	016	s03e12a	
cortex_Limbic	15.085520909487876	60	friends	06	016	s03e12a	
cortex_SalVentAttn	34.80639341482006	121	friends	06	016	s03e12a	
cortex_SomMot	33.72853858474203	194	friends	06	016	s03e12a	
cortex_Vis	28.17901093793971	162	friends	06	016	s03e12a	
subcortex_CAU	26.811481351528368	8	friends	06	016	s03e12a	
subcortex_PUT	28.291392043294373	8	friends	06	016	s03e12a	
subcortex_THA	27.53723890066119	14	friends	06	016	s03e12a	
cerebellum	28.302593935425264	88	friends	06	016	s03e12b	
cortex_Cont	35.624104222690924	128	friends	06	016	s03e12b	
cortex_Default	34.33428249704261	209	friends	06	016	s03e12b	
cortex_DorsAttn	38.851133237314144	122	friends	06	016	s03e12b	
cortex_Limbic	16.135309222854183	60	friends	06	016	s03e12b	
cortex_SalVentAttn	37.35984150451576	121	friends	06	016	s03e12b	
cortex_SomMot	36.8421322719401	194	friends	06	016	s03e12b	
cortex_Vis	27.467138951752094	162	friends	06	016	s03e12b	
subcortex_CAU	28.350067751187517	8	friends	06	016	s03e12b	
subcortex_PUT	29.178330309270077	8	friends	06	016	s03e12b	
subcortex_THA	27.868413183439223	14	friends	06	016	s03e12b	
cerebellum	25.9943052617059	88	friends	06	016	s03e13a	
cortex_Cont	32.77247031480654	128	friends	06	016	s03e13a	
cortex_Default	31.3610978500085	209	friends	06	016	s03e13a	
cortex_DorsAttn	35.08803940625265	122	friends	06	016	s03e13a	
cortex_Limbic	15.475194161743076	60	friends	06	016	s03e13a	
cortex_SalVentAttn	34.60352998557322	121	friends	06	016	s03e13a	
cortex_SomMot	33.058856703775824	194	friends	06	016	s03e13a	
cortex_Vis	26.19165121441105	162	friends	06	016	s03e13a	
subcortex_CAU	27.560244154445904	8	friends	06	016	s03e13a	
subcortex_PUT	28.733161602905994	8	friends	06	016	s03e13a	
subcortex_THA	27.025172820575573	14	friends	06	016	s03e13a	
cerebellum	27.001049981318978	88	friends	06	016	s03e13b	
cortex_Cont	33.88995398328356	128	friends	06	016	s03e13b	
cortex_Default	32.84357055012674	209	friends	06	016	s03e13b	
cortex_DorsAttn	35.50643097740512	122	friends	06	016	s03e13b	
cortex_Limbic	15.763691414235856	60	friends	06	016	s03e13b	
cortex_SalVentAttn	35.49899078055794	121	friends	06	016	s03e13b	
cortex_SomMot	34.16035371493057	194	friends	06	016	s03e13b	
cortex_Vis	26.732490144337522	162	friends	06	016	s03e13b	
subcortex_CAU	28.18922579848808	8	friends	06	016	s03e13b	
subcortex_PUT	28.996679861423413	8	friends	06	016	s03e13b	
subcortex_THA	27.41064495651289	14	friends	06	016	s03e13b	
cerebellum	34.2420004412641	88	friends	06	018	s03e14a	
cortex_Cont	42.66522571985647	128	friends	06	018	s03e14a	
cortex_Default	40.431476507723005	209	friends	06	018	s03e14a	
cortex_DorsAttn	45.857852664194965	122	friends	06	018	s03e14a	
cortex_Limbic	18.883884291539893	60	friends	06	018	s03e14a	
cortex_SalVentAttn	44.187485250654525	121	friends	06	018	s03e14a	
cortex_SomMot	44.381703600038705	194	friends	06	018	s03e14a	
cortex_Vis	34.53120085878657	162	friends	06	018	s03e14a	
subcortex_CAU	29.90709727086395	8	friends	06	018	s03e14a	
subcortex_PUT	30.54228014086193	8	friends	06	018	s03e14a	
subcortex_THA	29.14616939137696	14	friends	06	018	s03e14a	
cerebellum	29.547167686774483	88	friends	06	018	s03e14b	
cortex_Cont	36.30942212823462	128	friends	06	018	s03e14b	
cortex_Default	35.25574702618879	209	friends	06	018	s03e14b	
cortex_DorsAttn	38.73703581468482	122	friends	06	018	s03e14b	
cortex_Limbic	16.825322782916615	60	friends	06	018	s03e14b	
cortex_SalVentAttn	37.80272203688267	121	friends	06	018	s03e14b	
cortex_SomMot	35.34153049634447	194	friends	06	018	s03e14b	
cortex_Vis	30.425198445914198	162	friends	06	018	s03e14b	
subcortex_CAU	29.191310031675382	8	friends	06	018	s03e14b	
subcortex_PUT	29.971292027539945	8	friends	06	018	s03e14b	
subcortex_THA	28.632796357830305	14	friends	06	018	s03e14b	
cerebellum	28.00079849123232	88	friends	06	018	s03e15a	
cortex_Cont	34.32713650724275	128	friends	06	018	s03e15a	
cortex_Default	32.70978287058871	209	friends	06	018	s03e15a	
cortex_DorsAttn	36.57983113706422	122	friends	06	018	s03e15a	
cortex_Limbic	15.35076146620432	60	friends	06	018	s03e15a	
cortex_SalVentAttn	34.33616529572217	121	friends	06	018	s03e15a	
cortex_SomMot	33.21816353765406	194	friends	06	018	s03e15a	
cortex_Vis	27.003796540232493	162	friends	06	018	s03e15a	
subcortex_CAU	27.391443633096493	8	friends	06	018	s03e15a	
subcortex_PUT	28.69042174667194	8	friends	06	018	s03e15a	
subcortex_THA	27.449764383102803	14	friends	06	018	s03e15a	
cerebellum	27.38604682869724	88	friends	06	018	s03e15b	
cortex_Cont	32.093152720388446	128	friends	06	018	s03e15b	
cortex_Default	30.965622590642944	209	friends	06	018	s03e15b	
cortex_DorsAttn	34.842409367527914	122	friends	06	018	s03e15b	
cortex_Limbic	14.348395741044932	60	friends	06	018	s03e15b	
cortex_SalVentAttn	33.89370360675922	121	friends	06	018	s03e15b	
cortex_SomMot	32.51611665883367	194	friends	06	018	s03e15b	
cortex_Vis	26.542901267682474	162	friends	06	018	s03e15b	
subcortex_CAU	26.076950056375484	8	friends	06	018	s03e15b	
subcortex_PUT	27.86272243429893	8	friends	06	018	s03e15b	
subcortex_THA	26.571193771092446	14	friends	06	018	s03e15b	
cerebellum	31.424765332735227	88	friends	06	019	s03e16a	
cortex_Cont	40.31774098270519	128	friends	06	019	s03e16a	
cortex_Default	38.08113067585288	209	friends	06	019	s03e16a	
cortex_DorsAttn	42.69645958513854	122	friends	06	019	s03e16a	
cortex_Limbic	17.499093035687633	60	friends	06	019	s03e16a	
cortex_SalVentAttn	40.74555329818121	121	friends	06	019	s03e16a	
cortex_SomMot	40.66422748721161	194	friends	06	019	s03e16a	
cortex_Vis	32.08286006017789	162	friends	06	019	s03e16a	
subcortex_CAU	28.95869742226928	8	friends	06	019	s03e16a	
subcortex_PUT	29.58927805290112	8	friends	06	019	s03e16a	
subcortex_THA	28.182206331850217	14	friends	06	019	s03e16a	
cerebellum	33.24819393914242	88	friends	06	019	s03e16b	
cortex_Cont	42.462535139562036	128	friends	06	019	s03e16b	
cortex_Default	39.153146788879205	209	friends	06	019	s03e16b	
cortex_DorsAttn	45.96756997688208	122	friends	06	019	s03e16b	
cortex_Limbic	17.54143581405076	60	friends	06	019	s03e16b	
cortex_SalVentAttn	42.28023712412426	121	friends	06	019	s03e16b	
cortex_SomMot	42.75108261480953	194	friends	06	019	s03e16b	
cortex_Vis	34.1977492567943	162	friends	06	019	s03e16b	
subcortex_CAU	29.457124071755338	8	friends	06	019	s03e16b	
subcortex_PUT	29.415111024133925	8	friends	06	019	s03e16b	
subcortex_THA	28.223251355630932	14	friends	06	019	s03e16b	
cerebellum	31.837378243784915	88	friends	06	019	s03e17a	
cortex_Cont	41.38627826325298	128	friends	06	019	s03e17a	
cortex_Default	38.80959583134116	209	friends	06	019	s03e17a	
cortex_DorsAttn	45.50320514397684	122	friends	06	019	s03e17a	
cortex_Limbic	17.116800931677272	60	friends	06	019	s03e17a	
cortex_SalVentAttn	41.23918203946028	121	friends	06	019	s03e17a	
cortex_SomMot	41.621704234280905	194	friends	06	019	s03e17a	
cortex_Vis	33.39405857012706	162	friends	06	019	s03e17a	
subcortex_CAU	29.438815230111693	8	friends	06	019	s03e17a	
subcortex_PUT	29.61870283477562	8	friends	06	019	s03e17a	
subcortex_THA	28.166724263237207	14	friends	06	019	s03e17a	
cerebellum	28.76746273460084	88	friends	06	019	s03e17b	
cortex_Cont	35.45171496299946	128	friends	06	019	s03e17b	
cortex_Default	34.44781405528207	209	friends	06	019	s03e17b	
cortex_DorsAttn	38.524772761650354	122	friends	06	019	s03e17b	
cortex_Limbic	15.7689964685502	60	friends	06	019	s03e17b	
cortex_SalVentAttn	36.99096975948172	121	friends	06	019	s03e17b	
cortex_SomMot	35.13028985379114	194	friends	06	019	s03e17b	
cortex_Vis	30.342172230669444	162	friends	06	019	s03e17b	
subcortex_CAU	27.564949415563607	8	friends	06	019	s03e17b	
subcortex_PUT	28.603289376966075	8	friends	06	019	s03e17b	
subcortex_THA	27.412839684742043	14	friends	06	019	s03e17b	
cerebellum	24.97762177142026	88	friends	06	019	s03e18a	
cortex_Cont	32.62882843219823	128	friends	06	019	s03e18a	
cortex_Default	30.893486579949688	209	friends	06	019	s03e18a	
cortex_DorsAttn	36.02867128096965	122	friends	06	019	s03e18a	
cortex_Limbic	14.108497288662342	60	friends	06	019	s03e18a	
cortex_SalVentAttn	34.458599289403544	121	friends	06	019	s03e18a	
cortex_SomMot	33.176435488872244	194	friends	06	019	s03e18a	
cortex_Vis	26.298709769022167	162	friends	06	019	s03e18a	
subcortex_CAU	26.612283482698	8	friends	06	019	s03e18a	
subcortex_PUT	27.78985736100407	8	friends	06	019	s03e18a	
subcortex_THA	26.842496365123058	14	friends	06	019	s03e18a	
cerebellum	32.26417625493854	88	friends	06	019	s03e18b	
cortex_Cont	40.106394575612846	128	friends	06	019	s03e18b	
cortex_Default	37.74906671876018	209	friends	06	019	s03e18b	
cortex_DorsAttn	43.835753315036186	122	friends	06	019	s03e18b	
cortex_Limbic	16.938823332545986	60	friends	06	019	s03e18b	
cortex_SalVentAttn	40.440353053456946	121	friends	06	019	s03e18b	
cortex_SomMot	40.33631561901363	194	friends	06	019	s03e18b	
cortex_Vis	33.0643293536644	162	friends	06	019	s03e18b	
subcortex_CAU	28.93174633858105	8	friends	06	019	s03e18b	
subcortex_PUT	29.050634318755726	8	friends	06	019	s03e18b	
subcortex_THA	27.950532196101733	14	friends	06	019	s03e18b	
cerebellum	31.452092710203587	88	friends	06	020	s03e19a	
cortex_Cont	41.49970551139572	128	friends	06	020	s03e19a	
cortex_Default	39.19817387553095	209	friends	06	020	s03e19a	
cortex_DorsAttn	42.95402354115247	122	friends	06	020	s03e19a	
cortex_Limbic	18.58578156851647	60	friends	06	020	s03e19a	
cortex_SalVentAttn	41.02088863175128	121	friends	06	020	s03e19a	
cortex_SomMot	41.1710343549923	194	friends	06	020	s03e19a	
cortex_Vis	32.70355965158354	162	friends	06	020	s03e19a	
subcortex_CAU	31.762343917453364	8	friends	06	020	s03e19a	
subcortex_PUT	30.95226493869897	8	friends	06	020	s03e19a	
subcortex_THA	29.457642292675448	14	friends	06	020	s03e19a	
cerebellum	32.661423426328135	88	friends	06	020	s03e19b	
cortex_Cont	38.94674653932511	128	friends	06	020	s03e19b	
cortex_Default	38.004572827292606	209	friends	06	020	s03e19b	
cortex_DorsAttn	42.09254579044835	122	friends	06	020	s03e19b	
cortex_Limbic	17.468948933679194	60	friends	06	020	s03e19b	
cortex_SalVentAttn	40.658775238442935	121	friends	06	020	s03e19b	
cortex_SomMot	39.259358676626896	194	friends	06	020	s03e19b	
cortex_Vis	33.93486560673308	162	friends	06	020	s03e19b	
subcortex_CAU	30.452546788817628	8	friends	06	020	s03e19b	
subcortex_PUT	30.115338928173927	8	friends	06	020	s03e19b	
subcortex_THA	29.536734597367843	14	friends	06	020	s03e19b	
cerebellum	31.63054001650819	88	friends	06	020	s03e20a	
cortex_Cont	41.317893334250215	128	friends	06	020	s03e20a	
cortex_Default	39.763515889462994	209	friends	06	020	s03e20a	
cortex_DorsAttn	44.4307687256281	122	friends	06	020	s03e20a	
cortex_Limbic	17.957466736914007	60	friends	06	020	s03e20a	
cortex_SalVentAttn	41.56346680441439	121	friends	06	020	s03e20a	
cortex_SomMot	41.02428955528178	194	friends	06	020	s03e20a	
cortex_Vis	33.397794459420325	162	friends	06	020	s03e20a	
subcortex_CAU	31.893375046881484	8	friends	06	020	s03e20a	
subcortex_PUT	30.53038450376534	8	friends	06	020	s03e20a	
subcortex_THA	29.73781038548279	14	friends	06	020	s03e20a	
cerebellum	29.028050967507273	88	friends	06	020	s03e20b	
cortex_Cont	36.00796642065052	128	friends	06	020	s03e20b	
cortex_Default	34.825870387631895	209	friends	06	020	s03e20b	
cortex_DorsAttn	39.99842287781184	122	friends	06	020	s03e20b	
cortex_Limbic	15.650084357586387	60	friends	06	020	s03e20b	
cortex_SalVentAttn	36.22768423325968	121	friends	06	020	s03e20b	
cortex_SomMot	34.94427371313142	194	friends	06	020	s03e20b	
cortex_Vis	30.832769249119504	162	friends	06	020	s03e20b	
subcortex_CAU	28.54451132570857	8	friends	06	020	s03e20b	
subcortex_PUT	28.685862011910157	8	friends	06	020	s03e20b	
subcortex_THA	27.470978793799514	14	friends	06	020	s03e20b	
cerebellum	29.34011088625976	88	friends	06	020	s03e21a	
cortex_Cont	36.23341552432691	128	friends	06	020	s03e21a	
cortex_Default	34.5576885609218	209	friends	06	020	s03e21a	
cortex_DorsAttn	39.25816015836742	122	friends	06	020	s03e21a	
cortex_Limbic	15.868513705429184	60	friends	06	020	s03e21a	
cortex_SalVentAttn	36.0273522136934	121	friends	06	020	s03e21a	
cortex_SomMot	34.840612047724925	194	friends	06	020	s03e21a	
cortex_Vis	30.706173892001438	162	friends	06	020	s03e21a	
subcortex_CAU	27.84005899828196	8	friends	06	020	s03e21a	
subcortex_PUT	28.42917173521445	8	friends	06	020	s03e21a	
subcortex_THA	26.70356891525258	14	friends	06	020	s03e21a	
cerebellum	25.412220833740264	88	friends	06	020	s03e21b	
cortex_Cont	33.448416439784964	128	friends	06	020	s03e21b	
cortex_Default	31.860062445262773	209	friends	06	020	s03e21b	
cortex_DorsAttn	32.68462691445204	122	friends	06	020	s03e21b	
cortex_Limbic	15.057501300723418	60	friends	06	020	s03e21b	
cortex_SalVentAttn	33.12865930376759	121	friends	06	020	s03e21b	
cortex_SomMot	30.26076597817749	194	friends	06	020	s03e21b	
cortex_Vis	25.684188161080925	162	friends	06	020	s03e21b	
subcortex_CAU	27.5378270639218	8	friends	06	020	s03e21b	
subcortex_PUT	28.395610188154123	8	friends	06	020	s03e21b	
subcortex_THA	26.157357160894154	14	friends	06	020	s03e21b	
cerebellum	27.4462076289003	88	friends	06	020	s03e22a	
cortex_Cont	35.9698038728935	128	friends	06	020	s03e22a	
cortex_Default	34.567791155257545	209	friends	06	020	s03e22a	
cortex_DorsAttn	37.64733655837968	122	friends	06	020	s03e22a	
cortex_Limbic	15.587111838753803	60	friends	06	020	s03e22a	
cortex_SalVentAttn	36.61611296809674	121	friends	06	020	s03e22a	
cortex_SomMot	35.161106999274665	194	friends	06	020	s03e22a	
cortex_Vis	29.30964724986772	162	friends	06	020	s03e22a	
subcortex_CAU	28.23036810577357	8	friends	06	020	s03e22a	
subcortex_PUT	28.47711179995996	8	friends	06	020	s03e22a	
subcortex_THA	27.224198369473758	14	friends	06	020	s03e22a	
cerebellum	25.107329106170052	88	friends	06	020	s03e22b	
cortex_Cont	31.747768867220465	128	friends	06	020	s03e22b	
cortex_Default	30.589096741642585	209	friends	06	020	s03e22b	
cortex_DorsAttn	33.45304937634696	122	friends	06	020	s03e22b	
cortex_Limbic	13.633833440193001	60	friends	06	020	s03e22b	
cortex_SalVentAttn	32.38309092024109	121	friends	06	020	s03e22b	
cortex_SomMot	30.526539494238722	194	friends	06	020	s03e22b	
cortex_Vis	26.33337341314257	162	friends	06	020	s03e22b	
subcortex_CAU	26.070765062632546	8	friends	06	020	s03e22b	
subcortex_PUT	27.00303138921936	8	friends	06	020	s03e22b	
subcortex_THA	25.718818005191302	14	friends	06	020	s03e22b	
cerebellum	27.65374043845476	88	friends	06	020	s03e23a	
cortex_Cont	34.15035643775648	128	friends	06	020	s03e23a	
cortex_Default	33.72617289118496	209	friends	06	020	s03e23a	
cortex_DorsAttn	36.5326198291402	122	friends	06	020	s03e23a	
cortex_Limbic	15.41892168398827	60	friends	06	020	s03e23a	
cortex_SalVentAttn	35.90760004868855	121	friends	06	020	s03e23a	
cortex_SomMot	33.699129201106636	194	friends	06	020	s03e23a	
cortex_Vis	28.686863613094555	162	friends	06	020	s03e23a	
subcortex_CAU	27.28072379925871	8	friends	06	020	s03e23a	
subcortex_PUT	28.836023960526866	8	friends	06	020	s03e23a	
subcortex_THA	28.11380430958648	14	friends	06	020	s03e23a	
cerebellum	29.043552548757944	88	friends	06	020	s03e23b	
cortex_Cont	40.27123158730014	128	friends	06	020	s03e23b	
cortex_Default	37.93759418897705	209	friends	06	020	s03e23b	
cortex_DorsAttn	40.71145046367485	122	friends	06	020	s03e23b	
cortex_Limbic	17.419350197649013	60	friends	06	020	s03e23b	
cortex_SalVentAttn	40.47780100280296	121	friends	06	020	s03e23b	
cortex_SomMot	39.83001438057066	194	friends	06	020	s03e23b	
cortex_Vis	29.86069835586292	162	friends	06	020	s03e23b	
subcortex_CAU	30.141064225732826	8	friends	06	020	s03e23b	
subcortex_PUT	30.175285114973104	8	friends	06	020	s03e23b	
subcortex_THA	28.46428468779349	14	friends	06	020	s03e23b	
cerebellum	28.299510573782257	88	friends	06	020	s03e24a	
cortex_Cont	35.21870327267335	128	friends	06	020	s03e24a	
cortex_Default	34.79209342108185	209	friends	06	020	s03e24a	
cortex_DorsAttn	37.41269338006311	122	friends	06	020	s03e24a	
cortex_Limbic	15.76437779743945	60	friends	06	020	s03e24a	
cortex_SalVentAttn	36.64244659000447	121	friends	06	020	s03e24a	
cortex_SomMot	34.46644779709618	194	friends	06	020	s03e24a	
cortex_Vis	29.04542217197646	162	friends	06	020	s03e24a	
subcortex_CAU	28.70108733598423	8	friends	06	020	s03e24a	
subcortex_PUT	29.244279074456124	8	friends	06	020	s03e24a	
subcortex_THA	28.135239819090852	14	friends	06	020	s03e24a	
cerebellum	27.694836692512286	88	friends	06	020	s03e24b	
cortex_Cont	35.33337832124098	128	friends	06	020	s03e24b	
cortex_Default	34.522729638272494	209	friends	06	020	s03e24b	
cortex_DorsAttn	38.74083144112987	122	friends	06	020	s03e24b	
cortex_Limbic	15.144869177317132	60	friends	06	020	s03e24b	
cortex_SalVentAttn	36.309600998202995	121	friends	06	020	s03e24b	
cortex_SomMot	34.795076022333056	194	friends	06	020	s03e24b	
cortex_Vis	29.84994090219572	162	friends	06	020	s03e24b	
subcortex_CAU	28.39443409609347	8	friends	06	020	s03e24b	
subcortex_PUT	28.793921287798955	8	friends	06	020	s03e24b	
subcortex_THA	27.634705849523176	14	friends	06	020	s03e24b	
cerebellum	30.558719235430146	88	friends	06	021	s03e25b	
cortex_Cont	37.88983848794479	128	friends	06	021	s03e25b	
cortex_Default	36.79893353670769	209	friends	06	021	s03e25b	
cortex_DorsAttn	40.49230026632248	122	friends	06	021	s03e25b	
cortex_Limbic	16.974973339940757	60	friends	06	021	s03e25b	
cortex_SalVentAttn	39.09851222825739	121	friends	06	021	s03e25b	
cortex_SomMot	37.94529900592668	194	friends	06	021	s03e25b	
cortex_Vis	31.888125382330912	162	friends	06	021	s03e25b	
subcortex_CAU	29.108596850426096	8	friends	06	021	s03e25b	
subcortex_PUT	29.725228331781278	8	friends	06	021	s03e25b	
subcortex_THA	28.92496155406772	14	friends	06	021	s03e25b	
cerebellum	29.50903992225485	88	friends	06	021	s04e01a	
cortex_Cont	34.76888409699636	128	friends	06	021	s04e01a	
cortex_Default	34.0985561390352	209	friends	06	021	s04e01a	
cortex_DorsAttn	36.97080447609985	122	friends	06	021	s04e01a	
cortex_Limbic	16.122400897924155	60	friends	06	021	s04e01a	
cortex_SalVentAttn	35.74007894326656	121	friends	06	021	s04e01a	
cortex_SomMot	33.264119480970294	194	friends	06	021	s04e01a	
cortex_Vis	30.115161449995288	162	friends	06	021	s04e01a	
subcortex_CAU	27.27159727227181	8	friends	06	021	s04e01a	
subcortex_PUT	28.92252862698446	8	friends	06	021	s04e01a	
subcortex_THA	27.42507478628726	14	friends	06	021	s04e01a	
cerebellum	28.292634943327382	88	friends	06	021	s04e01b	
cortex_Cont	34.34808529457082	128	friends	06	021	s04e01b	
cortex_Default	33.47639537163237	209	friends	06	021	s04e01b	
cortex_DorsAttn	36.05069027060021	122	friends	06	021	s04e01b	
cortex_Limbic	15.77897310809318	60	friends	06	021	s04e01b	
cortex_SalVentAttn	35.91905525233081	121	friends	06	021	s04e01b	
cortex_SomMot	33.41041818238846	194	friends	06	021	s04e01b	
cortex_Vis	29.130606737904976	162	friends	06	021	s04e01b	
subcortex_CAU	27.889695818499078	8	friends	06	021	s04e01b	
subcortex_PUT	29.070111840453354	8	friends	06	021	s04e01b	
subcortex_THA	27.333376554451974	14	friends	06	021	s04e01b	
cerebellum	28.31706510011209	88	friends	06	021	s04e02a	
cortex_Cont	36.54144193924155	128	friends	06	021	s04e02a	
cortex_Default	35.388604862728165	209	friends	06	021	s04e02a	
cortex_DorsAttn	38.18842473569588	122	friends	06	021	s04e02a	
cortex_Limbic	17.275743193473506	60	friends	06	021	s04e02a	
cortex_SalVentAttn	38.007781311259045	121	friends	06	021	s04e02a	
cortex_SomMot	35.81023542372645	194	friends	06	021	s04e02a	
cortex_Vis	29.41646116991142	162	friends	06	021	s04e02a	
subcortex_CAU	29.49745829332383	8	friends	06	021	s04e02a	
subcortex_PUT	29.814441637918023	8	friends	06	021	s04e02a	
subcortex_THA	28.35436600574756	14	friends	06	021	s04e02a	
cerebellum	27.100982518289378	88	friends	06	021	s04e02b	
cortex_Cont	36.003494958513336	128	friends	06	021	s04e02b	
cortex_Default	34.56956131586535	209	friends	06	021	s04e02b	
cortex_DorsAttn	37.247720826997714	122	friends	06	021	s04e02b	
cortex_Limbic	16.833721920241477	60	friends	06	021	s04e02b	
cortex_SalVentAttn	36.67672643929909	121	friends	06	021	s04e02b	
cortex_SomMot	34.95663161581525	194	friends	06	021	s04e02b	
cortex_Vis	27.992147092339458	162	friends	06	021	s04e02b	
subcortex_CAU	29.317538655107565	8	friends	06	021	s04e02b	
subcortex_PUT	29.682832490123786	8	friends	06	021	s04e02b	
subcortex_THA	27.5494936734794	14	friends	06	021	s04e02b	
cerebellum	27.550996741390204	88	friends	06	021	s04e03a	
cortex_Cont	36.86743363574396	128	friends	06	021	s04e03a	
cortex_Default	35.1370871572167	209	friends	06	021	s04e03a	
cortex_DorsAttn	37.24584643023308	122	friends	06	021	s04e03a	
cortex_Limbic	16.91892098626077	60	friends	06	021	s04e03a	
cortex_SalVentAttn	37.90841094059307	121	friends	06	021	s04e03a	
cortex_SomMot	36.50304947899575	194	friends	06	021	s04e03a	
cortex_Vis	27.712754694760292	162	friends	06	021	s04e03a	
subcortex_CAU	29.095083044338093	8	friends	06	021	s04e03a	
subcortex_PUT	29.264922343212014	8	friends	06	021	s04e03a	
subcortex_THA	27.954606672438263	14	friends	06	021	s04e03a	
cerebellum	26.861739545706442	88	friends	06	021	s04e03b	
cortex_Cont	33.149766059134286	128	friends	06	021	s04e03b	
cortex_Default	32.56931560649518	209	friends	06	021	s04e03b	
cortex_DorsAttn	35.83037886001167	122	friends	06	021	s04e03b	
cortex_Limbic	15.211690259477034	60	friends	06	021	s04e03b	
cortex_SalVentAttn	35.38707062831596	121	friends	06	021	s04e03b	
cortex_SomMot	33.896617969313304	194	friends	06	021	s04e03b	
cortex_Vis	27.82916393207896	162	friends	06	021	s04e03b	
subcortex_CAU	27.120380481220185	8	friends	06	021	s04e03b	
subcortex_PUT	28.423065244087468	8	friends	06	021	s04e03b	
subcortex_THA	27.85160344538434	14	friends	06	021	s04e03b	
cerebellum	27.181075181645177	88	friends	06	021	s04e04a	
cortex_Cont	36.33265956434708	128	friends	06	021	s04e04a	
cortex_Default	35.03340413537695	209	friends	06	021	s04e04a	
cortex_DorsAttn	37.88754200197126	122	friends	06	021	s04e04a	
cortex_Limbic	16.433981198354903	60	friends	06	021	s04e04a	
cortex_SalVentAttn	38.12875268127086	121	friends	06	021	s04e04a	
cortex_SomMot	36.7598932209486	194	friends	06	021	s04e04a	
cortex_Vis	27.744754816863445	162	friends	06	021	s04e04a	
subcortex_CAU	30.28606361072668	8	friends	06	021	s04e04a	
subcortex_PUT	29.536013854226965	8	friends	06	021	s04e04a	
subcortex_THA	28.48362566226775	14	friends	06	021	s04e04a	
cerebellum	24.239036542689952	88	friends	06	021	s04e04b	
cortex_Cont	31.33750617611819	128	friends	06	021	s04e04b	
cortex_Default	30.47743595776213	209	friends	06	021	s04e04b	
cortex_DorsAttn	33.67914607656406	122	friends	06	021	s04e04b	
cortex_Limbic	14.09576312840604	60	friends	06	021	s04e04b	
cortex_SalVentAttn	33.007188009646384	121	friends	06	021	s04e04b	
cortex_SomMot	30.891328456550035	194	friends	06	021	s04e04b	
cortex_Vis	25.21041598266135	162	friends	06	021	s04e04b	
subcortex_CAU	26.341253442753274	8	friends	06	021	s04e04b	
subcortex_PUT	27.486892946340244	8	friends	06	021	s04e04b	
subcortex_THA	26.24509495629209	14	friends	06	021	s04e04b	
cerebellum	29.089791547969018	88	friends	06	022	s04e05b	
cortex_Cont	38.473202343866284	128	friends	06	022	s04e05b	
cortex_Default	36.692361784205886	209	friends	06	022	s04e05b	
cortex_DorsAttn	40.83930806357695	122	friends	06	022	s04e05b	
cortex_Limbic	17.2111622540292	60	friends	06	022	s04e05b	
cortex_SalVentAttn	39.644162304365665	121	friends	06	022	s04e05b	
cortex_SomMot	38.15311004447645	194	friends	06	022	s04e05b	
cortex_Vis	30.06808363544259	162	friends	06	022	s04e05b	
subcortex_CAU	28.943145923244437	8	friends	06	022	s04e05b	
subcortex_PUT	29.565772145416023	8	friends	06	022	s04e05b	
subcortex_THA	28.474383620129796	14	friends	06	022	s04e05b	
cerebellum	31.29727483371764	88	friends	06	023	s04e06a	
cortex_Cont	39.28255473763888	128	friends	06	023	s04e06a	
cortex_Default	38.21225234418916	209	friends	06	023	s04e06a	
cortex_DorsAttn	41.54137671256886	122	friends	06	023	s04e06a	
cortex_Limbic	17.803882928426948	60	friends	06	023	s04e06a	
cortex_SalVentAttn	40.98031480595889	121	friends	06	023	s04e06a	
cortex_SomMot	40.02812224739467	194	friends	06	023	s04e06a	
cortex_Vis	32.06772093568673	162	friends	06	023	s04e06a	
subcortex_CAU	29.88340443995129	8	friends	06	023	s04e06a	
subcortex_PUT	29.887511097955155	8	friends	06	023	s04e06a	
subcortex_THA	29.15587109711127	14	friends	06	023	s04e06a	
cerebellum	31.202017244521983	88	friends	06	023	s04e06b	
cortex_Cont	37.515735822639954	128	friends	06	023	s04e06b	
cortex_Default	37.06050443657792	209	friends	06	023	s04e06b	
cortex_DorsAttn	41.09255791585155	122	friends	06	023	s04e06b	
cortex_Limbic	16.993127434706523	60	friends	06	023	s04e06b	
cortex_SalVentAttn	38.03572005345303	121	friends	06	023	s04e06b	
cortex_SomMot	37.23329601438638	194	friends	06	023	s04e06b	
cortex_Vis	32.72238192067701	162	friends	06	023	s04e06b	
subcortex_CAU	28.655369501751736	8	friends	06	023	s04e06b	
subcortex_PUT	29.267739302400734	8	friends	06	023	s04e06b	
subcortex_THA	28.573964960339133	14	friends	06	023	s04e06b	
cerebellum	32.93704201236585	88	friends	06	023	s04e07a	
cortex_Cont	38.80783073457919	128	friends	06	023	s04e07a	
cortex_Default	37.60427494020686	209	friends	06	023	s04e07a	
cortex_DorsAttn	42.91550132018255	122	friends	06	023	s04e07a	
cortex_Limbic	16.891161964664388	60	friends	06	023	s04e07a	
cortex_SalVentAttn	39.14326395578561	121	friends	06	023	s04e07a	
cortex_SomMot	38.166267927752685	194	friends	06	023	s04e07a	
cortex_Vis	34.022497228896135	162	friends	06	023	s04e07a	
subcortex_CAU	28.37157269423457	8	friends	06	023	s04e07a	
subcortex_PUT	29.36514569477641	8	friends	06	023	s04e07a	
subcortex_THA	28.42102520016127	14	friends	06	023	s04e07a	
cerebellum	32.85444300061537	88	friends	06	023	s04e07b	
cortex_Cont	41.815855198832864	128	friends	06	023	s04e07b	
cortex_Default	39.899123372827134	209	friends	06	023	s04e07b	
cortex_DorsAttn	45.61181491229464	122	friends	06	023	s04e07b	
cortex_Limbic	18.011432824267864	60	friends	06	023	s04e07b	
cortex_SalVentAttn	42.08023617836017	121	friends	06	023	s04e07b	
cortex_SomMot	42.26427348768002	194	friends	06	023	s04e07b	
cortex_Vis	34.79956061421451	162	friends	06	023	s04e07b	
subcortex_CAU	28.93368273659221	8	friends	06	023	s04e07b	
subcortex_PUT	29.401824764130392	8	friends	06	023	s04e07b	
subcortex_THA	28.626916622846856	14	friends	06	023	s04e07b	
cerebellum	31.018125985348764	88	friends	06	023	s04e08a	
cortex_Cont	37.428748831897835	128	friends	06	023	s04e08a	
cortex_Default	36.660808275185204	209	friends	06	023	s04e08a	
cortex_DorsAttn	41.03251077533555	122	friends	06	023	s04e08a	
cortex_Limbic	16.91186239122158	60	friends	06	023	s04e08a	
cortex_SalVentAttn	38.44415759907368	121	friends	06	023	s04e08a	
cortex_SomMot	37.03541720185837	194	friends	06	023	s04e08a	
cortex_Vis	32.20894208510458	162	friends	06	023	s04e08a	
subcortex_CAU	28.349746761569627	8	friends	06	023	s04e08a	
subcortex_PUT	29.30528712430069	8	friends	06	023	s04e08a	
subcortex_THA	28.547827117068493	14	friends	06	023	s04e08a	
cerebellum	27.009173155718432	88	friends	06	023	s04e08b	
cortex_Cont	33.297543695215175	128	friends	06	023	s04e08b	
cortex_Default	32.854649116781076	209	friends	06	023	s04e08b	
cortex_DorsAttn	35.1419170870142	122	friends	06	023	s04e08b	
cortex_Limbic	15.553910993887298	60	friends	06	023	s04e08b	
cortex_SalVentAttn	34.81363558457691	121	friends	06	023	s04e08b	
cortex_SomMot	32.76433953968732	194	friends	06	023	s04e08b	
cortex_Vis	27.83959454308725	162	friends	06	023	s04e08b	
subcortex_CAU	26.489129211586707	8	friends	06	023	s04e08b	
subcortex_PUT	28.0599584456127	8	friends	06	023	s04e08b	
subcortex_THA	27.283267194577906	14	friends	06	023	s04e08b	
cerebellum	32.04189795040981	88	friends	06	023	s04e09a	
cortex_Cont	37.50183807580635	128	friends	06	023	s04e09a	
cortex_Default	36.384007501877264	209	friends	06	023	s04e09a	
cortex_DorsAttn	40.31171173550477	122	friends	06	023	s04e09a	
cortex_Limbic	16.673087246534333	60	friends	06	023	s04e09a	
cortex_SalVentAttn	38.774270647682116	121	friends	06	023	s04e09a	
cortex_SomMot	36.86251825109474	194	friends	06	023	s04e09a	
cortex_Vis	32.786425428457434	162	friends	06	023	s04e09a	
subcortex_CAU	28.162597064473335	8	friends	06	023	s04e09a	
subcortex_PUT	28.48389679788044	8	friends	06	023	s04e09a	
subcortex_THA	27.835162005193705	14	friends	06	023	s04e09a	
cerebellum	25.005624494567417	88	friends	06	023	s04e09b	
cortex_Cont	31.993442658256434	128	friends	06	023	s04e09b	
cortex_Default	31.728740415842207	209	friends	06	023	s04e09b	
cortex_DorsAttn	34.470758837570024	122	friends	06	023	s04e09b	
cortex_Limbic	15.394432562289982	60	friends	06	023	s04e09b	
cortex_SalVentAttn	33.69898738617137	121	friends	06	023	s04e09b	
cortex_SomMot	31.42406072322959	194	friends	06	023	s04e09b	
cortex_Vis	26.0952750774523	162	friends	06	023	s04e09b	
subcortex_CAU	27.833539189305917	8	friends	06	023	s04e09b	
subcortex_PUT	28.118358542639417	8	friends	06	023	s04e09b	
subcortex_THA	27.359355128132254	14	friends	06	023	s04e09b	
cerebellum	27.922655124820263	88	friends	06	023	s04e10a	
cortex_Cont	34.29724368123292	128	friends	06	023	s04e10a	
cortex_Default	33.97456005744827	209	friends	06	023	s04e10a	
cortex_DorsAttn	35.83762113857997	122	friends	06	023	s04e10a	
cortex_Limbic	16.74603426845034	60	friends	06	023	s04e10a	
cortex_SalVentAttn	36.340478251169806	121	friends	06	023	s04e10a	
cortex_SomMot	34.36637767283441	194	friends	06	023	s04e10a	
cortex_Vis	28.02768998676362	162	friends	06	023	s04e10a	
subcortex_CAU	28.06434763793981	8	friends	06	023	s04e10a	
subcortex_PUT	28.929608024469598	8	friends	06	023	s04e10a	
subcortex_THA	27.79545299050256	14	friends	06	023	s04e10a	
cerebellum	27.213392102137036	88	friends	06	023	s04e10b	
cortex_Cont	33.388224294528705	128	friends	06	023	s04e10b	
cortex_Default	33.0712407406218	209	friends	06	023	s04e10b	
cortex_DorsAttn	35.961992118845814	122	friends	06	023	s04e10b	
cortex_Limbic	15.810786641064835	60	friends	06	023	s04e10b	
cortex_SalVentAttn	35.28652006821902	121	friends	06	023	s04e10b	
cortex_SomMot	33.98793988731839	194	friends	06	023	s04e10b	
cortex_Vis	28.18353413999408	162	friends	06	023	s04e10b	
subcortex_CAU	27.98015556989505	8	friends	06	023	s04e10b	
subcortex_PUT	28.948842688230577	8	friends	06	023	s04e10b	
subcortex_THA	27.691145695023696	14	friends	06	023	s04e10b	
cerebellum	31.4924591593261	88	friends	06	023	s04e11a	
cortex_Cont	34.07002813435372	128	friends	06	023	s04e11a	
cortex_Default	34.46209988511886	209	friends	06	023	s04e11a	
cortex_DorsAttn	37.430812017920694	122	friends	06	023	s04e11a	
cortex_Limbic	15.987147836308672	60	friends	06	023	s04e11a	
cortex_SalVentAttn	36.03153403694801	121	friends	06	023	s04e11a	
cortex_SomMot	33.14003168909401	194	friends	06	023	s04e11a	
cortex_Vis	32.18199808198332	162	friends	06	023	s04e11a	
subcortex_CAU	27.001831364777196	8	friends	06	023	s04e11a	
subcortex_PUT	28.623507289044262	8	friends	06	023	s04e11a	
subcortex_THA	27.094878347865745	14	friends	06	023	s04e11a	
cerebellum	28.59675124103413	88	friends	06	023	s04e11b	
cortex_Cont	34.14925806454503	128	friends	06	023	s04e11b	
cortex_Default	33.83935983931823	209	friends	06	023	s04e11b	
cortex_DorsAttn	37.36388789855722	122	friends	06	023	s04e11b	
cortex_Limbic	15.703897115288092	60	friends	06	023	s04e11b	
cortex_SalVentAttn	35.273165651910496	121	friends	06	023	s04e11b	
cortex_SomMot	33.24221250326632	194	friends	06	023	s04e11b	
cortex_Vis	30.404012528759342	162	friends	06	023	s04e11b	
subcortex_CAU	27.710045488004987	8	friends	06	023	s04e11b	
subcortex_PUT	28.67353857697644	8	friends	06	023	s04e11b	
subcortex_THA	27.317634964350514	14	friends	06	023	s04e11b	
cerebellum	32.70451465126601	88	friends	06	024	s04e12a	
cortex_Cont	40.49513726319118	128	friends	06	024	s04e12a	
cortex_Default	40.02028894770468	209	friends	06	024	s04e12a	
cortex_DorsAttn	42.717331058145895	122	friends	06	024	s04e12a	
cortex_Limbic	18.113584480485812	60	friends	06	024	s04e12a	
cortex_SalVentAttn	41.18278333677057	121	friends	06	024	s04e12a	
cortex_SomMot	41.07377785726983	194	friends	06	024	s04e12a	
cortex_Vis	33.77726203699844	162	friends	06	024	s04e12a	
subcortex_CAU	29.62598366861144	8	friends	06	024	s04e12a	
subcortex_PUT	29.885141437681483	8	friends	06	024	s04e12a	
subcortex_THA	28.74449800208752	14	friends	06	024	s04e12a	
cerebellum	32.41829437180196	88	friends	06	024	s04e12b	
cortex_Cont	35.914273948205825	128	friends	06	024	s04e12b	
cortex_Default	36.19346032148081	209	friends	06	024	s04e12b	
cortex_DorsAttn	40.252070876018266	122	friends	06	024	s04e12b	
cortex_Limbic	16.227460217962523	60	friends	06	024	s04e12b	
cortex_SalVentAttn	37.919744281758035	121	friends	06	024	s04e12b	
cortex_SomMot	36.63180490119139	194	friends	06	024	s04e12b	
cortex_Vis	33.594235028104904	162	friends	06	024	s04e12b	
subcortex_CAU	29.16198647538588	8	friends	06	024	s04e12b	
subcortex_PUT	29.233992111055645	8	friends	06	024	s04e12b	
subcortex_THA	28.605045738513052	14	friends	06	024	s04e12b	
cerebellum	29.14726301427961	88	friends	06	024	s04e13a	
cortex_Cont	37.77484713648958	128	friends	06	024	s04e13a	
cortex_Default	36.959901515949426	209	friends	06	024	s04e13a	
cortex_DorsAttn	40.1109640430657	122	friends	06	024	s04e13a	
cortex_Limbic	17.037412619711723	60	friends	06	024	s04e13a	
cortex_SalVentAttn	39.151526658704036	121	friends	06	024	s04e13a	
cortex_SomMot	37.57457970103961	194	friends	06	024	s04e13a	
cortex_Vis	31.02568641493863	162	friends	06	024	s04e13a	
subcortex_CAU	28.413367055639043	8	friends	06	024	s04e13a	
subcortex_PUT	29.407411596026456	8	friends	06	024	s04e13a	
subcortex_THA	28.355129719760182	14	friends	06	024	s04e13a	
cerebellum	29.261108902892353	88	friends	06	024	s04e13b	
cortex_Cont	37.75784932776192	128	friends	06	024	s04e13b	
cortex_Default	36.04698966178685	209	friends	06	024	s04e13b	
cortex_DorsAttn	39.13458021981628	122	friends	06	024	s04e13b	
cortex_Limbic	16.99621190472341	60	friends	06	024	s04e13b	
cortex_SalVentAttn	38.607924987103985	121	friends	06	024	s04e13b	
cortex_SomMot	37.65087653672725	194	friends	06	024	s04e13b	
cortex_Vis	30.38175927057215	162	friends	06	024	s04e13b	
subcortex_CAU	28.64888302362008	8	friends	06	024	s04e13b	
subcortex_PUT	29.231738988772232	8	friends	06	024	s04e13b	
subcortex_THA	27.9392089201427	14	friends	06	024	s04e13b	
cerebellum	27.56195608736191	88	friends	06	024	s04e14a	
cortex_Cont	35.64652017388151	128	friends	06	024	s04e14a	
cortex_Default	34.65372680773011	209	friends	06	024	s04e14a	
cortex_DorsAttn	37.280501787250714	122	friends	06	024	s04e14a	
cortex_Limbic	15.834056481643815	60	friends	06	024	s04e14a	
cortex_SalVentAttn	36.91818179089723	121	friends	06	024	s04e14a	
cortex_SomMot	35.32588419507391	194	friends	06	024	s04e14a	
cortex_Vis	29.18906020402922	162	friends	06	024	s04e14a	
subcortex_CAU	28.427408185348703	8	friends	06	024	s04e14a	
subcortex_PUT	29.27855614916008	8	friends	06	024	s04e14a	
subcortex_THA	28.166798732962757	14	friends	06	024	s04e14a	
cerebellum	27.380150154245715	88	friends	06	024	s04e14b	
cortex_Cont	34.56216545819686	128	friends	06	024	s04e14b	
cortex_Default	33.542583144010145	209	friends	06	024	s04e14b	
cortex_DorsAttn	35.10442503965686	122	friends	06	024	s04e14b	
cortex_Limbic	15.73190090320907	60	friends	06	024	s04e14b	
cortex_SalVentAttn	36.33367745166112	121	friends	06	024	s04e14b	
cortex_SomMot	34.19159032734967	194	friends	06	024	s04e14b	
cortex_Vis	27.642477888545425	162	friends	06	024	s04e14b	
subcortex_CAU	27.631483344236464	8	friends	06	024	s04e14b	
subcortex_PUT	28.278469219293136	8	friends	06	024	s04e14b	
subcortex_THA	27.101046989114998	14	friends	06	024	s04e14b	
cerebellum	30.61862769483031	88	friends	06	024	s04e15a	
cortex_Cont	38.75884601960121	128	friends	06	024	s04e15a	
cortex_Default	37.03346375192674	209	friends	06	024	s04e15a	
cortex_DorsAttn	40.29337213651057	122	friends	06	024	s04e15a	
cortex_Limbic	17.741520419215156	60	friends	06	024	s04e15a	
cortex_SalVentAttn	39.71843711992886	121	friends	06	024	s04e15a	
cortex_SomMot	38.51718408907514	194	friends	06	024	s04e15a	
cortex_Vis	30.543054712227544	162	friends	06	024	s04e15a	
subcortex_CAU	30.878831122242534	8	friends	06	024	s04e15a	
subcortex_PUT	30.4783267753021	8	friends	06	024	s04e15a	
subcortex_THA	28.823611092766072	14	friends	06	024	s04e15a	
cerebellum	27.52074638490351	88	friends	06	024	s04e15b	
cortex_Cont	34.303402159801074	128	friends	06	024	s04e15b	
cortex_Default	33.5107556397157	209	friends	06	024	s04e15b	
cortex_DorsAttn	36.78331756168122	122	friends	06	024	s04e15b	
cortex_Limbic	15.904954582971008	60	friends	06	024	s04e15b	
cortex_SalVentAttn	37.153252363851564	121	friends	06	024	s04e15b	
cortex_SomMot	35.06569306474256	194	friends	06	024	s04e15b	
cortex_Vis	28.36045460700644	162	friends	06	024	s04e15b	
subcortex_CAU	28.59508617743721	8	friends	06	024	s04e15b	
subcortex_PUT	29.26461433509644	8	friends	06	024	s04e15b	
subcortex_THA	28.05931871402333	14	friends	06	024	s04e15b	
cerebellum	28.610477151845263	88	friends	06	024	s04e16a	
cortex_Cont	35.33113890333554	128	friends	06	024	s04e16a	
cortex_Default	34.635410827696944	209	friends	06	024	s04e16a	
cortex_DorsAttn	38.91506202891265	122	friends	06	024	s04e16a	
cortex_Limbic	15.938489156417242	60	friends	06	024	s04e16a	
cortex_SalVentAttn	36.72372048922421	121	friends	06	024	s04e16a	
cortex_SomMot	34.86567281368486	194	friends	06	024	s04e16a	
cortex_Vis	30.117180159416403	162	friends	06	024	s04e16a	
subcortex_CAU	29.15797876442453	8	friends	06	024	s04e16a	
subcortex_PUT	29.498300476581413	8	friends	06	024	s04e16a	
subcortex_THA	28.495046957854775	14	friends	06	024	s04e16a	
cerebellum	25.95011456621129	88	friends	06	024	s04e16b	
cortex_Cont	32.120326614139294	128	friends	06	024	s04e16b	
cortex_Default	31.687615892043937	209	friends	06	024	s04e16b	
cortex_DorsAttn	34.716930430815154	122	friends	06	024	s04e16b	
cortex_Limbic	14.838603656456554	60	friends	06	024	s04e16b	
cortex_SalVentAttn	34.09573531518487	121	friends	06	024	s04e16b	
cortex_SomMot	32.119364086481376	194	friends	06	024	s04e16b	
cortex_Vis	27.10688907879672	162	friends	06	024	s04e16b	
subcortex_CAU	26.210550118121397	8	friends	06	024	s04e16b	
subcortex_PUT	28.05945060728549	8	friends	06	024	s04e16b	
subcortex_THA	26.791451180677075	14	friends	06	024	s04e16b	
cerebellum	35.071991178838935	88	friends	06	025	s04e17a	
cortex_Cont	43.29575391586622	128	friends	06	025	s04e17a	
cortex_Default	41.01337703389965	209	friends	06	025	s04e17a	
cortex_DorsAttn	47.26432625752586	122	friends	06	025	s04e17a	
cortex_Limbic	18.95419186603192	60	friends	06	025	s04e17a	
cortex_SalVentAttn	43.24336468184606	121	friends	06	025	s04e17a	
cortex_SomMot	43.875042724154085	194	friends	06	025	s04e17a	
cortex_Vis	36.347388080145834	162	friends	06	025	s04e17a	
subcortex_CAU	30.74619840465095	8	friends	06	025	s04e17a	
subcortex_PUT	30.498244557879566	8	friends	06	025	s04e17a	
subcortex_THA	29.209945982585424	14	friends	06	025	s04e17a	
cerebellum	34.65529633588734	88	friends	06	025	s04e17b	
cortex_Cont	43.716819042714704	128	friends	06	025	s04e17b	
cortex_Default	40.98019153392878	209	friends	06	025	s04e17b	
cortex_DorsAttn	46.72160853307595	122	friends	06	025	s04e17b	
cortex_Limbic	17.984819315642632	60	friends	06	025	s04e17b	
cortex_SalVentAttn	42.99045115092894	121	friends	06	025	s04e17b	
cortex_SomMot	44.02599058781446	194	friends	06	025	s04e17b	
cortex_Vis	35.6180331816247	162	friends	06	025	s04e17b	
subcortex_CAU	30.13574147197842	8	friends	06	025	s04e17b	
subcortex_PUT	30.12764919674233	8	friends	06	025	s04e17b	
subcortex_THA	28.90865034065024	14	friends	06	025	s04e17b	
cerebellum	27.98836420444411	88	friends	06	025	s04e18a	
cortex_Cont	36.17841171122929	128	friends	06	025	s04e18a	
cortex_Default	33.85796375893095	209	friends	06	025	s04e18a	
cortex_DorsAttn	37.4274817916674	122	friends	06	025	s04e18a	
cortex_Limbic	16.329664256387556	60	friends	06	025	s04e18a	
cortex_SalVentAttn	37.05922699862726	121	friends	06	025	s04e18a	
cortex_SomMot	35.475678875757936	194	friends	06	025	s04e18a	
cortex_Vis	27.869767772011134	162	friends	06	025	s04e18a	
subcortex_CAU	28.139804475369125	8	friends	06	025	s04e18a	
subcortex_PUT	29.092668937711856	8	friends	06	025	s04e18a	
subcortex_THA	27.26437786226162	14	friends	06	025	s04e18a	
cerebellum	27.18100081663122	88	friends	06	025	s04e18b	
cortex_Cont	34.12825285306891	128	friends	06	025	s04e18b	
cortex_Default	32.55086306484818	209	friends	06	025	s04e18b	
cortex_DorsAttn	36.8752663073625	122	friends	06	025	s04e18b	
cortex_Limbic	15.180965914296348	60	friends	06	025	s04e18b	
cortex_SalVentAttn	35.8636386296467	121	friends	06	025	s04e18b	
cortex_SomMot	35.14873650948368	194	friends	06	025	s04e18b	
cortex_Vis	27.262496105496098	162	friends	06	025	s04e18b	
subcortex_CAU	26.47080481099871	8	friends	06	025	s04e18b	
subcortex_PUT	28.236606034144412	8	friends	06	025	s04e18b	
subcortex_THA	27.184907390285304	14	friends	06	025	s04e18b	
cerebellum	29.78588943502713	88	friends	06	025	s04e19a	
cortex_Cont	39.31259216533966	128	friends	06	025	s04e19a	
cortex_Default	36.666057966322526	209	friends	06	025	s04e19a	
cortex_DorsAttn	40.54692763163357	122	friends	06	025	s04e19a	
cortex_Limbic	16.438197806556722	60	friends	06	025	s04e19a	
cortex_SalVentAttn	39.36830402053836	121	friends	06	025	s04e19a	
cortex_SomMot	38.27562999460265	194	friends	06	025	s04e19a	
cortex_Vis	30.24299556617339	162	friends	06	025	s04e19a	
subcortex_CAU	29.054387645143812	8	friends	06	025	s04e19a	
subcortex_PUT	29.46750689494139	8	friends	06	025	s04e19a	
subcortex_THA	28.22852713399163	14	friends	06	025	s04e19a	
cerebellum	29.36997359659341	88	friends	06	025	s04e19b	
cortex_Cont	35.49954278282663	128	friends	06	025	s04e19b	
cortex_Default	34.47769711946647	209	friends	06	025	s04e19b	
cortex_DorsAttn	38.3060974721017	122	friends	06	025	s04e19b	
cortex_Limbic	15.34187246713407	60	friends	06	025	s04e19b	
cortex_SalVentAttn	36.7028898595293	121	friends	06	025	s04e19b	
cortex_SomMot	35.429509378292934	194	friends	06	025	s04e19b	
cortex_Vis	29.66905311459551	162	friends	06	025	s04e19b	
subcortex_CAU	27.484109221783463	8	friends	06	025	s04e19b	
subcortex_PUT	28.92710968275446	8	friends	06	025	s04e19b	
subcortex_THA	27.658953248337273	14	friends	06	025	s04e19b	
cerebellum	29.044724010599467	88	friends	06	026	s04e20b	
cortex_Cont	35.90438783821496	128	friends	06	026	s04e20b	
cortex_Default	34.3122155418349	209	friends	06	026	s04e20b	
cortex_DorsAttn	38.95869099458061	122	friends	06	026	s04e20b	
cortex_Limbic	15.705550990093245	60	friends	06	026	s04e20b	
cortex_SalVentAttn	36.41214857722422	121	friends	06	026	s04e20b	
cortex_SomMot	34.96341451246547	194	friends	06	026	s04e20b	
cortex_Vis	30.35494320119969	162	friends	06	026	s04e20b	
subcortex_CAU	27.95319336260701	8	friends	06	026	s04e20b	
subcortex_PUT	28.892986834886806	8	friends	06	026	s04e20b	
subcortex_THA	27.109112938789174	14	friends	06	026	s04e20b	
cerebellum	31.199183668979117	88	friends	06	026	s04e21a	
cortex_Cont	38.99090835781468	128	friends	06	026	s04e21a	
cortex_Default	36.44664332369887	209	friends	06	026	s04e21a	
cortex_DorsAttn	41.95086332191871	122	friends	06	026	s04e21a	
cortex_Limbic	16.362244501815205	60	friends	06	026	s04e21a	
cortex_SalVentAttn	39.08380477126679	121	friends	06	026	s04e21a	
cortex_SomMot	38.37501870786063	194	friends	06	026	s04e21a	
cortex_Vis	32.43908620757569	162	friends	06	026	s04e21a	
subcortex_CAU	28.637373382631914	8	friends	06	026	s04e21a	
subcortex_PUT	29.548579002943264	8	friends	06	026	s04e21a	
subcortex_THA	27.951430288773544	14	friends	06	026	s04e21a	
cerebellum	31.467714963228612	88	friends	06	026	s04e21b	
cortex_Cont	41.38510742532772	128	friends	06	026	s04e21b	
cortex_Default	38.85376773422341	209	friends	06	026	s04e21b	
cortex_DorsAttn	44.56150865574074	122	friends	06	026	s04e21b	
cortex_Limbic	17.57945541737842	60	friends	06	026	s04e21b	
cortex_SalVentAttn	41.064884031515064	121	friends	06	026	s04e21b	
cortex_SomMot	40.92353764088221	194	friends	06	026	s04e21b	
cortex_Vis	33.54786551959734	162	friends	06	026	s04e21b	
subcortex_CAU	28.862531660556176	8	friends	06	026	s04e21b	
subcortex_PUT	29.316170063876502	8	friends	06	026	s04e21b	
subcortex_THA	28.097919281118585	14	friends	06	026	s04e21b	
cerebellum	28.175495323265434	88	friends	06	026	s04e22a	
cortex_Cont	35.33915674999027	128	friends	06	026	s04e22a	
cortex_Default	34.13654379095759	209	friends	06	026	s04e22a	
cortex_DorsAttn	38.145675865493466	122	friends	06	026	s04e22a	
cortex_Limbic	14.660703924392298	60	friends	06	026	s04e22a	
cortex_SalVentAttn	35.37076436902491	121	friends	06	026	s04e22a	
cortex_SomMot	33.446877452449336	194	friends	06	026	s04e22a	
cortex_Vis	29.3499091920024	162	friends	06	026	s04e22a	
subcortex_CAU	26.84598768184498	8	friends	06	026	s04e22a	
subcortex_PUT	28.10226775115921	8	friends	06	026	s04e22a	
subcortex_THA	26.89860197869162	14	friends	06	026	s04e22a	
cerebellum	26.43491733943137	88	friends	06	026	s04e22b	
cortex_Cont	33.63087573934962	128	friends	06	026	s04e22b	
cortex_Default	32.27753909934765	209	friends	06	026	s04e22b	
cortex_DorsAttn	36.50681912890688	122	friends	06	026	s04e22b	
cortex_Limbic	14.80371620697766	60	friends	06	026	s04e22b	
cortex_SalVentAttn	35.16065313305069	121	friends	06	026	s04e22b	
cortex_SomMot	32.73670486039395	194	friends	06	026	s04e22b	
cortex_Vis	28.432884312976906	162	friends	06	026	s04e22b	
subcortex_CAU	26.447859589211536	8	friends	06	026	s04e22b	
subcortex_PUT	28.209009738726934	8	friends	06	026	s04e22b	
subcortex_THA	26.696046436726768	14	friends	06	026	s04e22b	
cerebellum	28.106023999432868	88	friends	06	027	s04e23a	
cortex_Cont	36.73206081413677	128	friends	06	027	s04e23a	
cortex_Default	34.86585741396573	209	friends	06	027	s04e23a	
cortex_DorsAttn	39.443016593180936	122	friends	06	027	s04e23a	
cortex_Limbic	16.474449150813633	60	friends	06	027	s04e23a	
cortex_SalVentAttn	38.22078714808318	121	friends	06	027	s04e23a	
cortex_SomMot	36.71900541644565	194	friends	06	027	s04e23a	
cortex_Vis	29.11363344421227	162	friends	06	027	s04e23a	
subcortex_CAU	30.17306665139171	8	friends	06	027	s04e23a	
subcortex_PUT	29.631351183845094	8	friends	06	027	s04e23a	
subcortex_THA	28.60007379737279	14	friends	06	027	s04e23a	
cerebellum	31.00074066296335	88	friends	06	027	s04e23b	
cortex_Cont	39.20780752956249	128	friends	06	027	s04e23b	
cortex_Default	37.606511516967664	209	friends	06	027	s04e23b	
cortex_DorsAttn	41.764912691935244	122	friends	06	027	s04e23b	
cortex_Limbic	17.572233963834286	60	friends	06	027	s04e23b	
cortex_SalVentAttn	40.61158937709445	121	friends	06	027	s04e23b	
cortex_SomMot	39.44209925325124	194	friends	06	027	s04e23b	
cortex_Vis	32.40905243958884	162	friends	06	027	s04e23b	
subcortex_CAU	30.817208597721276	8	friends	06	027	s04e23b	
subcortex_PUT	30.154716349598104	8	friends	06	027	s04e23b	
subcortex_THA	29.171654118220406	14	friends	06	027	s04e23b	
cerebellum	26.630046778303207	88	friends	06	027	s04e23c	
cortex_Cont	34.336351603500624	128	friends	06	027	s04e23c	
cortex_Default	33.50265333324648	209	friends	06	027	s04e23c	
cortex_DorsAttn	35.82439145682103	122	friends	06	027	s04e23c	
cortex_Limbic	15.846624004922568	60	friends	06	027	s04e23c	
cortex_SalVentAttn	36.05822527254009	121	friends	06	027	s04e23c	
cortex_SomMot	33.75230119527786	194	friends	06	027	s04e23c	
cortex_Vis	27.243515841568705	162	friends	06	027	s04e23c	
subcortex_CAU	28.944504695093656	8	friends	06	027	s04e23c	
subcortex_PUT	29.09201213313581	8	friends	06	027	s04e23c	
subcortex_THA	27.574444063262177	14	friends	06	027	s04e23c	
cerebellum	25.748240528370847	88	friends	06	027	s04e23d	
cortex_Cont	32.07116248641536	128	friends	06	027	s04e23d	
cortex_Default	31.186716482626156	209	friends	06	027	s04e23d	
cortex_DorsAttn	34.043863251752136	122	friends	06	027	s04e23d	
cortex_Limbic	13.75558857085745	60	friends	06	027	s04e23d	
cortex_SalVentAttn	33.11802552982661	121	friends	06	027	s04e23d	
cortex_SomMot	31.138936696183965	194	friends	06	027	s04e23d	
cortex_Vis	26.63537223391493	162	friends	06	027	s04e23d	
subcortex_CAU	26.22272575398686	8	friends	06	027	s04e23d	
subcortex_PUT	27.39187185948666	8	friends	06	027	s04e23d	
subcortex_THA	26.0921364826474	14	friends	06	027	s04e23d	
cerebellum	28.62308173834881	88	friends	06	028	s05e01a	
cortex_Cont	33.20158068250712	128	friends	06	028	s05e01a	
cortex_Default	33.46994502490043	209	friends	06	028	s05e01a	
cortex_DorsAttn	38.348631020390314	122	friends	06	028	s05e01a	
cortex_Limbic	15.48390200841646	60	friends	06	028	s05e01a	
cortex_SalVentAttn	34.81392123501463	121	friends	06	028	s05e01a	
cortex_SomMot	33.5815270547808	194	friends	06	028	s05e01a	
cortex_Vis	29.520214466322855	162	friends	06	028	s05e01a	
subcortex_CAU	26.44557009841216	8	friends	06	028	s05e01a	
subcortex_PUT	28.037524075541704	8	friends	06	028	s05e01a	
subcortex_THA	28.138138967726544	14	friends	06	028	s05e01a	
cerebellum	27.295311078352423	88	friends	06	028	s05e01b	
cortex_Cont	32.17544240227451	128	friends	06	028	s05e01b	
cortex_Default	32.558005016029625	209	friends	06	028	s05e01b	
cortex_DorsAttn	35.71951900682119	122	friends	06	028	s05e01b	
cortex_Limbic	15.51558302167082	60	friends	06	028	s05e01b	
cortex_SalVentAttn	34.08643050820557	121	friends	06	028	s05e01b	
cortex_SomMot	31.803248927347546	194	friends	06	028	s05e01b	
cortex_Vis	27.512701379448263	162	friends	06	028	s05e01b	
subcortex_CAU	28.07507837488178	8	friends	06	028	s05e01b	
subcortex_PUT	28.801145487837882	8	friends	06	028	s05e01b	
subcortex_THA	28.5344394642924	14	friends	06	028	s05e01b	
cerebellum	25.72157581624754	88	friends	06	028	s05e02a	
cortex_Cont	31.344872913267896	128	friends	06	028	s05e02a	
cortex_Default	31.074059422822547	209	friends	06	028	s05e02a	
cortex_DorsAttn	34.1956742208286	122	friends	06	028	s05e02a	
cortex_Limbic	14.748847696369543	60	friends	06	028	s05e02a	
cortex_SalVentAttn	32.40560503515705	121	friends	06	028	s05e02a	
cortex_SomMot	30.523954410280183	194	friends	06	028	s05e02a	
cortex_Vis	26.33078545939809	162	friends	06	028	s05e02a	
subcortex_CAU	26.602187302531945	8	friends	06	028	s05e02a	
subcortex_PUT	27.89830046353566	8	friends	06	028	s05e02a	
subcortex_THA	26.593851100090767	14	friends	06	028	s05e02a	
cerebellum	29.478163891792885	88	friends	06	028	s05e02b	
cortex_Cont	34.79087851835872	128	friends	06	028	s05e02b	
cortex_Default	34.01589907053416	209	friends	06	028	s05e02b	
cortex_DorsAttn	38.184262229059335	122	friends	06	028	s05e02b	
cortex_Limbic	15.444772184406203	60	friends	06	028	s05e02b	
cortex_SalVentAttn	36.66305542232321	121	friends	06	028	s05e02b	
cortex_SomMot	34.84558591631398	194	friends	06	028	s05e02b	
cortex_Vis	29.87614156693944	162	friends	06	028	s05e02b	
subcortex_CAU	27.90456514544246	8	friends	06	028	s05e02b	
subcortex_PUT	28.587795545746502	8	friends	06	028	s05e02b	
subcortex_THA	27.862299966178494	14	friends	06	028	s05e02b	
cerebellum	27.10441135050594	88	friends	06	028	s05e03a	
cortex_Cont	32.444255888557784	128	friends	06	028	s05e03a	
cortex_Default	32.009312636523255	209	friends	06	028	s05e03a	
cortex_DorsAttn	35.08342131771608	122	friends	06	028	s05e03a	
cortex_Limbic	15.26107929015712	60	friends	06	028	s05e03a	
cortex_SalVentAttn	35.07549166537478	121	friends	06	028	s05e03a	
cortex_SomMot	33.11652596445652	194	friends	06	028	s05e03a	
cortex_Vis	26.894387285076142	162	friends	06	028	s05e03a	
subcortex_CAU	27.512969149462634	8	friends	06	028	s05e03a	
subcortex_PUT	28.761747323994552	8	friends	06	028	s05e03a	
subcortex_THA	27.388499403751865	14	friends	06	028	s05e03a	
cerebellum	26.80221863249629	88	friends	06	028	s05e03b	
cortex_Cont	32.40968621768889	128	friends	06	028	s05e03b	
cortex_Default	31.904156828627823	209	friends	06	028	s05e03b	
cortex_DorsAttn	35.10780955316058	122	friends	06	028	s05e03b	
cortex_Limbic	15.133898624762168	60	friends	06	028	s05e03b	
cortex_SalVentAttn	34.945970819705266	121	friends	06	028	s05e03b	
cortex_SomMot	33.6913123024646	194	friends	06	028	s05e03b	
cortex_Vis	26.43879992211594	162	friends	06	028	s05e03b	
subcortex_CAU	26.892725590733022	8	friends	06	028	s05e03b	
subcortex_PUT	28.08226223357294	8	friends	06	028	s05e03b	
subcortex_THA	27.693578085739663	14	friends	06	028	s05e03b	
cerebellum	37.32248149259046	88	friends	06	029	s05e04a	
cortex_Cont	45.83722295842222	128	friends	06	029	s05e04a	
cortex_Default	43.369976326115605	209	friends	06	029	s05e04a	
cortex_DorsAttn	49.64569514994384	122	friends	06	029	s05e04a	
cortex_Limbic	19.65274377611244	60	friends	06	029	s05e04a	
cortex_SalVentAttn	45.46818290958479	121	friends	06	029	s05e04a	
cortex_SomMot	47.44513332772955	194	friends	06	029	s05e04a	
cortex_Vis	37.04670005815589	162	friends	06	029	s05e04a	
subcortex_CAU	31.736133363464905	8	friends	06	029	s05e04a	
subcortex_PUT	30.961193352462868	8	friends	06	029	s05e04a	
subcortex_THA	30.180794971967572	14	friends	06	029	s05e04a	
cerebellum	29.482996520914092	88	friends	06	029	s05e04b	
cortex_Cont	38.73233597611152	128	friends	06	029	s05e04b	
cortex_Default	37.194842547124566	209	friends	06	029	s05e04b	
cortex_DorsAttn	39.30992197449826	122	friends	06	029	s05e04b	
cortex_Limbic	17.94409370440128	60	friends	06	029	s05e04b	
cortex_SalVentAttn	39.80796846260063	121	friends	06	029	s05e04b	
cortex_SomMot	37.70353005146517	194	friends	06	029	s05e04b	
cortex_Vis	30.18827824452203	162	friends	06	029	s05e04b	
subcortex_CAU	29.759627256970237	8	friends	06	029	s05e04b	
subcortex_PUT	29.740111206371704	8	friends	06	029	s05e04b	
subcortex_THA	28.40602560481071	14	friends	06	029	s05e04b	
cerebellum	27.664140452901542	88	friends	06	029	s05e05a	
cortex_Cont	35.05230067019096	128	friends	06	029	s05e05a	
cortex_Default	34.181652560938915	209	friends	06	029	s05e05a	
cortex_DorsAttn	35.71176359248209	122	friends	06	029	s05e05a	
cortex_Limbic	16.56891239000539	60	friends	06	029	s05e05a	
cortex_SalVentAttn	37.313512715195735	121	friends	06	029	s05e05a	
cortex_SomMot	34.776466563921154	194	friends	06	029	s05e05a	
cortex_Vis	27.64151940443643	162	friends	06	029	s05e05a	
subcortex_CAU	29.58639232454823	8	friends	06	029	s05e05a	
subcortex_PUT	29.643957626023997	8	friends	06	029	s05e05a	
subcortex_THA	28.045492501925043	14	friends	06	029	s05e05a	
cerebellum	30.108465341772856	88	friends	06	029	s05e05b	
cortex_Cont	37.264722408754224	128	friends	06	029	s05e05b	
cortex_Default	35.671316944719436	209	friends	06	029	s05e05b	
cortex_DorsAttn	40.20929187917432	122	friends	06	029	s05e05b	
cortex_Limbic	16.524446761970943	60	friends	06	029	s05e05b	
cortex_SalVentAttn	38.0917159832118	121	friends	06	029	s05e05b	
cortex_SomMot	37.4428391741835	194	friends	06	029	s05e05b	
cortex_Vis	30.442948673938414	162	friends	06	029	s05e05b	
subcortex_CAU	29.060919353592304	8	friends	06	029	s05e05b	
subcortex_PUT	29.3665247340338	8	friends	06	029	s05e05b	
subcortex_THA	28.06779006629708	14	friends	06	029	s05e05b	
cerebellum	32.60618504699371	88	friends	06	030	s05e06a	
cortex_Cont	42.8728921670526	128	friends	06	030	s05e06a	
cortex_Default	40.56428446005282	209	friends	06	030	s05e06a	
cortex_DorsAttn	44.73765943250527	122	friends	06	030	s05e06a	
cortex_Limbic	19.299774747092748	60	friends	06	030	s05e06a	
cortex_SalVentAttn	43.67693767284139	121	friends	06	030	s05e06a	
cortex_SomMot	45.082513441312116	194	friends	06	030	s05e06a	
cortex_Vis	32.44931293920824	162	friends	06	030	s05e06a	
subcortex_CAU	30.42449450983964	8	friends	06	030	s05e06a	
subcortex_PUT	30.76794193179144	8	friends	06	030	s05e06a	
subcortex_THA	29.25064092990416	14	friends	06	030	s05e06a	
cerebellum	30.169490386581618	88	friends	06	030	s05e06b	
cortex_Cont	40.142905709030494	128	friends	06	030	s05e06b	
cortex_Default	38.373527049865636	209	friends	06	030	s05e06b	
cortex_DorsAttn	40.868480486125186	122	friends	06	030	s05e06b	
cortex_Limbic	18.413590146663793	60	friends	06	030	s05e06b	
cortex_SalVentAttn	40.73558877593911	121	friends	06	030	s05e06b	
cortex_SomMot	40.598301856713235	194	friends	06	030	s05e06b	
cortex_Vis	29.879046100193396	162	friends	06	030	s05e06b	
subcortex_CAU	30.38595177503036	8	friends	06	030	s05e06b	
subcortex_PUT	30.584495259592305	8	friends	06	030	s05e06b	
subcortex_THA	28.72753809449278	14	friends	06	030	s05e06b	
cerebellum	35.64032430896457	88	friends	06	030	s05e07a	
cortex_Cont	44.8404503045821	128	friends	06	030	s05e07a	
cortex_Default	42.422295951717395	209	friends	06	030	s05e07a	
cortex_DorsAttn	46.955299425038135	122	friends	06	030	s05e07a	
cortex_Limbic	20.345774175333478	60	friends	06	030	s05e07a	
cortex_SalVentAttn	45.293756025582866	121	friends	06	030	s05e07a	
cortex_SomMot	45.8280342530545	194	friends	06	030	s05e07a	
cortex_Vis	35.150864016380034	162	friends	06	030	s05e07a	
subcortex_CAU	30.49943889366347	8	friends	06	030	s05e07a	
subcortex_PUT	30.688529590198016	8	friends	06	030	s05e07a	
subcortex_THA	29.567836271575782	14	friends	06	030	s05e07a	
cerebellum	35.544321186767036	88	friends	06	030	s05e07b	
cortex_Cont	43.272252124980284	128	friends	06	030	s05e07b	
cortex_Default	41.74192432748362	209	friends	06	030	s05e07b	
cortex_DorsAttn	48.131500264284306	122	friends	06	030	s05e07b	
cortex_Limbic	19.170461870480537	60	friends	06	030	s05e07b	
cortex_SalVentAttn	44.26712898733253	121	friends	06	030	s05e07b	
cortex_SomMot	46.32013051906815	194	friends	06	030	s05e07b	
cortex_Vis	35.36929530442362	162	friends	06	030	s05e07b	
subcortex_CAU	31.012761657440628	8	friends	06	030	s05e07b	
subcortex_PUT	30.659666006954208	8	friends	06	030	s05e07b	
subcortex_THA	29.814783513318442	14	friends	06	030	s05e07b	
cerebellum	30.090908003738367	88	friends	06	030	s05e08a	
cortex_Cont	38.32308381439045	128	friends	06	030	s05e08a	
cortex_Default	37.26711284610622	209	friends	06	030	s05e08a	
cortex_DorsAttn	39.290123395620384	122	friends	06	030	s05e08a	
cortex_Limbic	18.366803819032945	60	friends	06	030	s05e08a	
cortex_SalVentAttn	40.620790515149494	121	friends	06	030	s05e08a	
cortex_SomMot	39.63088695695589	194	friends	06	030	s05e08a	
cortex_Vis	29.897710725745174	162	friends	06	030	s05e08a	
subcortex_CAU	30.00944109594109	8	friends	06	030	s05e08a	
subcortex_PUT	30.19009007190658	8	friends	06	030	s05e08a	
subcortex_THA	28.98311237133952	14	friends	06	030	s05e08a	
cerebellum	32.1474482698213	88	friends	06	030	s05e08b	
cortex_Cont	41.24175791295265	128	friends	06	030	s05e08b	
cortex_Default	39.082488624959446	209	friends	06	030	s05e08b	
cortex_DorsAttn	43.85948775482292	122	friends	06	030	s05e08b	
cortex_Limbic	18.832193565583726	60	friends	06	030	s05e08b	
cortex_SalVentAttn	42.22674613398311	121	friends	06	030	s05e08b	
cortex_SomMot	42.71336128034353	194	friends	06	030	s05e08b	
cortex_Vis	32.55690573298947	162	friends	06	030	s05e08b	
subcortex_CAU	31.01008056697047	8	friends	06	030	s05e08b	
subcortex_PUT	30.551508662818275	8	friends	06	030	s05e08b	
subcortex_THA	29.315065632472855	14	friends	06	030	s05e08b	
cerebellum	35.04894020550358	88	friends	06	031	s05e09a	
cortex_Cont	42.01815814077009	128	friends	06	031	s05e09a	
cortex_Default	39.61699895481229	209	friends	06	031	s05e09a	
cortex_DorsAttn	45.71268602506178	122	friends	06	031	s05e09a	
cortex_Limbic	18.12409131211293	60	friends	06	031	s05e09a	
cortex_SalVentAttn	42.23776639109151	121	friends	06	031	s05e09a	
cortex_SomMot	43.999818370971646	194	friends	06	031	s05e09a	
cortex_Vis	34.141002143793884	162	friends	06	031	s05e09a	
subcortex_CAU	29.937409729158503	8	friends	06	031	s05e09a	
subcortex_PUT	30.40065423935841	8	friends	06	031	s05e09a	
subcortex_THA	29.04741386685389	14	friends	06	031	s05e09a	
cerebellum	36.870382765055616	88	friends	06	031	s05e09b	
cortex_Cont	41.6033521315165	128	friends	06	031	s05e09b	
cortex_Default	39.62509811565392	209	friends	06	031	s05e09b	
cortex_DorsAttn	48.22241562521282	122	friends	06	031	s05e09b	
cortex_Limbic	17.849555503573406	60	friends	06	031	s05e09b	
cortex_SalVentAttn	41.777335782080996	121	friends	06	031	s05e09b	
cortex_SomMot	43.41056983618636	194	friends	06	031	s05e09b	
cortex_Vis	37.64011280243816	162	friends	06	031	s05e09b	
subcortex_CAU	31.143885661462665	8	friends	06	031	s05e09b	
subcortex_PUT	30.458637440113176	8	friends	06	031	s05e09b	
subcortex_THA	29.0756496462332	14	friends	06	031	s05e09b	
cerebellum	30.853379129835503	88	friends	06	031	s05e10a	
cortex_Cont	42.49308394003497	128	friends	06	031	s05e10a	
cortex_Default	39.84944399366677	209	friends	06	031	s05e10a	
cortex_DorsAttn	42.8944521756127	122	friends	06	031	s05e10a	
cortex_Limbic	18.81024470463643	60	friends	06	031	s05e10a	
cortex_SalVentAttn	41.732439351405056	121	friends	06	031	s05e10a	
cortex_SomMot	42.37781409157558	194	friends	06	031	s05e10a	
cortex_Vis	30.55905046758002	162	friends	06	031	s05e10a	
subcortex_CAU	32.38751645876188	8	friends	06	031	s05e10a	
subcortex_PUT	30.67737620810661	8	friends	06	031	s05e10a	
subcortex_THA	28.925998999600274	14	friends	06	031	s05e10a	
cerebellum	31.114326226772548	88	friends	06	031	s05e10b	
cortex_Cont	38.58574651061481	128	friends	06	031	s05e10b	
cortex_Default	36.53341903620784	209	friends	06	031	s05e10b	
cortex_DorsAttn	41.95606651546537	122	friends	06	031	s05e10b	
cortex_Limbic	16.769140608718047	60	friends	06	031	s05e10b	
cortex_SalVentAttn	39.57957937391455	121	friends	06	031	s05e10b	
cortex_SomMot	39.351853044359046	194	friends	06	031	s05e10b	
cortex_Vis	31.844486302625306	162	friends	06	031	s05e10b	
subcortex_CAU	28.140402145279722	8	friends	06	031	s05e10b	
subcortex_PUT	28.890442591441065	8	friends	06	031	s05e10b	
subcortex_THA	27.74862250011011	14	friends	06	031	s05e10b	
cerebellum	28.075586309089466	88	friends	06	032	s05e11a	
cortex_Cont	36.34929437716799	128	friends	06	032	s05e11a	
cortex_Default	35.170119709053814	209	friends	06	032	s05e11a	
cortex_DorsAttn	38.93549715828428	122	friends	06	032	s05e11a	
cortex_Limbic	16.773592864253217	60	friends	06	032	s05e11a	
cortex_SalVentAttn	38.588207408901496	121	friends	06	032	s05e11a	
cortex_SomMot	37.85408165049064	194	friends	06	032	s05e11a	
cortex_Vis	28.439518790730403	162	friends	06	032	s05e11a	
subcortex_CAU	29.10581934654239	8	friends	06	032	s05e11a	
subcortex_PUT	29.901667422739816	8	friends	06	032	s05e11a	
subcortex_THA	29.07312737447004	14	friends	06	032	s05e11a	
cerebellum	31.68853485307111	88	friends	06	032	s05e11b	
cortex_Cont	36.81309132809326	128	friends	06	032	s05e11b	
cortex_Default	35.79938838669981	209	friends	06	032	s05e11b	
cortex_DorsAttn	40.342871355197865	122	friends	06	032	s05e11b	
cortex_Limbic	16.774943881232456	60	friends	06	032	s05e11b	
cortex_SalVentAttn	37.6820022315525	121	friends	06	032	s05e11b	
cortex_SomMot	37.112863760394355	194	friends	06	032	s05e11b	
cortex_Vis	32.33369893452772	162	friends	06	032	s05e11b	
subcortex_CAU	29.283980345083815	8	friends	06	032	s05e11b	
subcortex_PUT	29.758271005609775	8	friends	06	032	s05e11b	
subcortex_THA	28.387024440158445	14	friends	06	032	s05e11b	
cerebellum	27.9225104099301	88	friends	06	033	s05e12a	
cortex_Cont	34.406695415312285	128	friends	06	033	s05e12a	
cortex_Default	33.421099056182726	209	friends	06	033	s05e12a	
cortex_DorsAttn	36.5769383299225	122	friends	06	033	s05e12a	
cortex_Limbic	16.00037495577733	60	friends	06	033	s05e12a	
cortex_SalVentAttn	36.667693645471154	121	friends	06	033	s05e12a	
cortex_SomMot	35.93691142290019	194	friends	06	033	s05e12a	
cortex_Vis	27.677732076588313	162	friends	06	033	s05e12a	
subcortex_CAU	27.625494326733893	8	friends	06	033	s05e12a	
subcortex_PUT	29.220963595489057	8	friends	06	033	s05e12a	
subcortex_THA	28.424463122931254	14	friends	06	033	s05e12a	
cerebellum	30.485705029259478	88	friends	06	033	s05e12b	
cortex_Cont	36.78440703921263	128	friends	06	033	s05e12b	
cortex_Default	36.13263663855712	209	friends	06	033	s05e12b	
cortex_DorsAttn	39.07662834398087	122	friends	06	033	s05e12b	
cortex_Limbic	17.80450045061215	60	friends	06	033	s05e12b	
cortex_SalVentAttn	38.276675739181535	121	friends	06	033	s05e12b	
cortex_SomMot	36.33994467831825	194	friends	06	033	s05e12b	
cortex_Vis	30.669581455468425	162	friends	06	033	s05e12b	
subcortex_CAU	29.22334555918768	8	friends	06	033	s05e12b	
subcortex_PUT	30.049824732917763	8	friends	06	033	s05e12b	
subcortex_THA	29.07616691928208	14	friends	06	033	s05e12b	
cerebellum	32.02436650095249	88	friends	06	033	s05e13a	
cortex_Cont	40.193224869158186	128	friends	06	033	s05e13a	
cortex_Default	38.53988613988389	209	friends	06	033	s05e13a	
cortex_DorsAttn	42.38855064487624	122	friends	06	033	s05e13a	
cortex_Limbic	17.922730120782013	60	friends	06	033	s05e13a	
cortex_SalVentAttn	40.625825489320945	121	friends	06	033	s05e13a	
cortex_SomMot	39.33475829968036	194	friends	06	033	s05e13a	
cortex_Vis	32.642481897339074	162	friends	06	033	s05e13a	
subcortex_CAU	30.291402600473557	8	friends	06	033	s05e13a	
subcortex_PUT	30.30709906384711	8	friends	06	033	s05e13a	
subcortex_THA	29.007978041857168	14	friends	06	033	s05e13a	
cerebellum	29.954180651642886	88	friends	06	033	s05e13b	
cortex_Cont	39.147310718301924	128	friends	06	033	s05e13b	
cortex_Default	37.4214648231445	209	friends	06	033	s05e13b	
cortex_DorsAttn	41.64498055767228	122	friends	06	033	s05e13b	
cortex_Limbic	18.059828626343197	60	friends	06	033	s05e13b	
cortex_SalVentAttn	39.87848183541077	121	friends	06	033	s05e13b	
cortex_SomMot	38.698990471608454	194	friends	06	033	s05e13b	
cortex_Vis	30.74624656305128	162	friends	06	033	s05e13b	
subcortex_CAU	31.501220665526677	8	friends	06	033	s05e13b	
subcortex_PUT	30.539757034452652	8	friends	06	033	s05e13b	
subcortex_THA	28.918573675759298	14	friends	06	033	s05e13b	
cerebellum	31.3322390524747	88	friends	06	033	s05e14a	
cortex_Cont	37.22008548730727	128	friends	06	033	s05e14a	
cortex_Default	35.97325479920388	209	friends	06	033	s05e14a	
cortex_DorsAttn	40.60104183130267	122	friends	06	033	s05e14a	
cortex_Limbic	17.238154730961714	60	friends	06	033	s05e14a	
cortex_SalVentAttn	38.752891267207524	121	friends	06	033	s05e14a	
cortex_SomMot	38.12251421810349	194	friends	06	033	s05e14a	
cortex_Vis	30.757734117942455	162	friends	06	033	s05e14a	
subcortex_CAU	29.873175085559744	8	friends	06	033	s05e14a	
subcortex_PUT	30.18949350256377	8	friends	06	033	s05e14a	
subcortex_THA	28.963936141162748	14	friends	06	033	s05e14a	
cerebellum	26.24772313207176	88	friends	06	033	s05e14b	
cortex_Cont	32.05914736548567	128	friends	06	033	s05e14b	
cortex_Default	31.34132439537498	209	friends	06	033	s05e14b	
cortex_DorsAttn	35.33427296793032	122	friends	06	033	s05e14b	
cortex_Limbic	14.84688968156357	60	friends	06	033	s05e14b	
cortex_SalVentAttn	34.78356020058062	121	friends	06	033	s05e14b	
cortex_SomMot	33.05975605107619	194	friends	06	033	s05e14b	
cortex_Vis	26.673703116886486	162	friends	06	033	s05e14b	
subcortex_CAU	27.05654704406384	8	friends	06	033	s05e14b	
subcortex_PUT	28.35802616925954	8	friends	06	033	s05e14b	
subcortex_THA	27.4564042319368	14	friends	06	033	s05e14b	
cerebellum	28.91559741889989	88	friends	06	034	s05e15a	
cortex_Cont	35.61247374231536	128	friends	06	034	s05e15a	
cortex_Default	34.7618314021697	209	friends	06	034	s05e15a	
cortex_DorsAttn	39.980193614404435	122	friends	06	034	s05e15a	
cortex_Limbic	16.28292167667746	60	friends	06	034	s05e15a	
cortex_SalVentAttn	37.92795994858828	121	friends	06	034	s05e15a	
cortex_SomMot	36.76785560820768	194	friends	06	034	s05e15a	
cortex_Vis	29.384442440119898	162	friends	06	034	s05e15a	
subcortex_CAU	28.179767534737614	8	friends	06	034	s05e15a	
subcortex_PUT	29.20714581942713	8	friends	06	034	s05e15a	
subcortex_THA	28.533139119266888	14	friends	06	034	s05e15a	
cerebellum	29.247380682538118	88	friends	06	034	s05e15b	
cortex_Cont	36.02518559686446	128	friends	06	034	s05e15b	
cortex_Default	35.25868132718288	209	friends	06	034	s05e15b	
cortex_DorsAttn	38.2374569603147	122	friends	06	034	s05e15b	
cortex_Limbic	16.94062828143629	60	friends	06	034	s05e15b	
cortex_SalVentAttn	38.41307922171436	121	friends	06	034	s05e15b	
cortex_SomMot	36.71786797885237	194	friends	06	034	s05e15b	
cortex_Vis	29.431482835735743	162	friends	06	034	s05e15b	
subcortex_CAU	29.303126145220972	8	friends	06	034	s05e15b	
subcortex_PUT	29.692312456607397	8	friends	06	034	s05e15b	
subcortex_THA	28.503514733124597	14	friends	06	034	s05e15b	
cerebellum	36.40754615184274	88	friends	06	035	s05e16a	
cortex_Cont	42.738580924989954	128	friends	06	035	s05e16a	
cortex_Default	40.911455183527416	209	friends	06	035	s05e16a	
cortex_DorsAttn	46.33286325702309	122	friends	06	035	s05e16a	
cortex_Limbic	19.62153559788981	60	friends	06	035	s05e16a	
cortex_SalVentAttn	42.88017951100573	121	friends	06	035	s05e16a	
cortex_SomMot	43.571530338107046	194	friends	06	035	s05e16a	
cortex_Vis	36.32820819816699	162	friends	06	035	s05e16a	
subcortex_CAU	31.832115738463095	8	friends	06	035	s05e16a	
subcortex_PUT	31.236690946519097	8	friends	06	035	s05e16a	
subcortex_THA	30.299554212083613	14	friends	06	035	s05e16a	
cerebellum	30.539856242817645	88	friends	06	035	s05e16b	
cortex_Cont	41.656513140583854	128	friends	06	035	s05e16b	
cortex_Default	39.4969634913775	209	friends	06	035	s05e16b	
cortex_DorsAttn	41.77636984807043	122	friends	06	035	s05e16b	
cortex_Limbic	19.295305656323688	60	friends	06	035	s05e16b	
cortex_SalVentAttn	41.64103026868225	121	friends	06	035	s05e16b	
cortex_SomMot	40.72351988618271	194	friends	06	035	s05e16b	
cortex_Vis	30.786820610343888	162	friends	06	035	s05e16b	
subcortex_CAU	32.18676059547618	8	friends	06	035	s05e16b	
subcortex_PUT	30.889128657965465	8	friends	06	035	s05e16b	
subcortex_THA	29.234931767573467	14	friends	06	035	s05e16b	
cerebellum	33.78286210166783	88	friends	06	035	s05e17a	
cortex_Cont	43.27514160102667	128	friends	06	035	s05e17a	
cortex_Default	41.396829650376915	209	friends	06	035	s05e17a	
cortex_DorsAttn	44.81956156703727	122	friends	06	035	s05e17a	
cortex_Limbic	19.603286970455873	60	friends	06	035	s05e17a	
cortex_SalVentAttn	43.57555264271815	121	friends	06	035	s05e17a	
cortex_SomMot	43.59990100109555	194	friends	06	035	s05e17a	
cortex_Vis	33.80886906735065	162	friends	06	035	s05e17a	
subcortex_CAU	31.335439448844514	8	friends	06	035	s05e17a	
subcortex_PUT	30.571912269876545	8	friends	06	035	s05e17a	
subcortex_THA	29.422371950729552	14	friends	06	035	s05e17a	
cerebellum	28.540552595519326	88	friends	06	035	s05e17b	
cortex_Cont	35.455637078453236	128	friends	06	035	s05e17b	
cortex_Default	33.88858364709562	209	friends	06	035	s05e17b	
cortex_DorsAttn	38.590096815216896	122	friends	06	035	s05e17b	
cortex_Limbic	16.036283030740623	60	friends	06	035	s05e17b	
cortex_SalVentAttn	37.48763561429125	121	friends	06	035	s05e17b	
cortex_SomMot	35.99360745283293	194	friends	06	035	s05e17b	
cortex_Vis	28.944892981215848	162	friends	06	035	s05e17b	
subcortex_CAU	28.906257051337374	8	friends	06	035	s05e17b	
subcortex_PUT	29.217055527135212	8	friends	06	035	s05e17b	
subcortex_THA	28.05488269466536	14	friends	06	035	s05e17b	
cerebellum	28.09965426546142	88	friends	06	036	s05e18a	
cortex_Cont	36.26151634202244	128	friends	06	036	s05e18a	
cortex_Default	35.00061581020724	209	friends	06	036	s05e18a	
cortex_DorsAttn	37.60354727082753	122	friends	06	036	s05e18a	
cortex_Limbic	16.211055060938047	60	friends	06	036	s05e18a	
cortex_SalVentAttn	38.18963693177769	121	friends	06	036	s05e18a	
cortex_SomMot	36.7041408472502	194	friends	06	036	s05e18a	
cortex_Vis	28.46676851009617	162	friends	06	036	s05e18a	
subcortex_CAU	28.865220602508963	8	friends	06	036	s05e18a	
subcortex_PUT	29.466350020846374	8	friends	06	036	s05e18a	
subcortex_THA	28.299671738830476	14	friends	06	036	s05e18a	
cerebellum	27.903627259161965	88	friends	06	036	s05e18b	
cortex_Cont	36.894846987532254	128	friends	06	036	s05e18b	
cortex_Default	35.467830873019295	209	friends	06	036	s05e18b	
cortex_DorsAttn	38.33251075027379	122	friends	06	036	s05e18b	
cortex_Limbic	16.710984335512055	60	friends	06	036	s05e18b	
cortex_SalVentAttn	39.182040453433615	121	friends	06	036	s05e18b	
cortex_SomMot	37.59695397896396	194	friends	06	036	s05e18b	
cortex_Vis	29.233451329793123	162	friends	06	036	s05e18b	
subcortex_CAU	29.58807287514375	8	friends	06	036	s05e18b	
subcortex_PUT	29.738691503732067	8	friends	06	036	s05e18b	
subcortex_THA	28.44839450700249	14	friends	06	036	s05e18b	
cerebellum	32.21895188130191	88	friends	06	037	s05e19a	
cortex_Cont	41.61568081043584	128	friends	06	037	s05e19a	
cortex_Default	40.01688059364724	209	friends	06	037	s05e19a	
cortex_DorsAttn	44.21959117530822	122	friends	06	037	s05e19a	
cortex_Limbic	18.165695942941213	60	friends	06	037	s05e19a	
cortex_SalVentAttn	42.34276022785464	121	friends	06	037	s05e19a	
cortex_SomMot	42.96436251950167	194	friends	06	037	s05e19a	
cortex_Vis	33.83091072224973	162	friends	06	037	s05e19a	
subcortex_CAU	30.579443992800577	8	friends	06	037	s05e19a	
subcortex_PUT	29.830229101440143	8	friends	06	037	s05e19a	
subcortex_THA	29.507702126471962	14	friends	06	037	s05e19a	
cerebellum	29.306795338416872	88	friends	06	037	s05e19b	
cortex_Cont	35.20644916121671	128	friends	06	037	s05e19b	
cortex_Default	34.81908157657972	209	friends	06	037	s05e19b	
cortex_DorsAttn	38.745832269955415	122	friends	06	037	s05e19b	
cortex_Limbic	15.132626067229985	60	friends	06	037	s05e19b	
cortex_SalVentAttn	36.105929614763646	121	friends	06	037	s05e19b	
cortex_SomMot	34.499360592869245	194	friends	06	037	s05e19b	
cortex_Vis	31.945737104881758	162	friends	06	037	s05e19b	
subcortex_CAU	27.91121219538295	8	friends	06	037	s05e19b	
subcortex_PUT	28.710294121407195	8	friends	06	037	s05e19b	
subcortex_THA	27.9203834881196	14	friends	06	037	s05e19b	
cerebellum	27.305057557971622	88	friends	06	037	s05e20a	
cortex_Cont	36.02333381503953	128	friends	06	037	s05e20a	
cortex_Default	34.44384590739991	209	friends	06	037	s05e20a	
cortex_DorsAttn	36.22419261024813	122	friends	06	037	s05e20a	
cortex_Limbic	16.400250791095413	60	friends	06	037	s05e20a	
cortex_SalVentAttn	37.956522931187195	121	friends	06	037	s05e20a	
cortex_SomMot	36.612754110438864	194	friends	06	037	s05e20a	
cortex_Vis	28.32309346820616	162	friends	06	037	s05e20a	
subcortex_CAU	30.35285135111728	8	friends	06	037	s05e20a	
subcortex_PUT	29.348621743936178	8	friends	06	037	s05e20a	
subcortex_THA	28.00459314221729	14	friends	06	037	s05e20a	
cerebellum	25.037034479960287	88	friends	06	037	s05e20b	
cortex_Cont	32.50338085377117	128	friends	06	037	s05e20b	
cortex_Default	32.210588795242586	209	friends	06	037	s05e20b	
cortex_DorsAttn	34.528040490250376	122	friends	06	037	s05e20b	
cortex_Limbic	13.913641618761421	60	friends	06	037	s05e20b	
cortex_SalVentAttn	34.48180565974596	121	friends	06	037	s05e20b	
cortex_SomMot	33.14771871432262	194	friends	06	037	s05e20b	
cortex_Vis	26.4983078796636	162	friends	06	037	s05e20b	
subcortex_CAU	27.223523804875484	8	friends	06	037	s05e20b	
subcortex_PUT	27.55888710877484	8	friends	06	037	s05e20b	
subcortex_THA	27.138388201529008	14	friends	06	037	s05e20b	
cerebellum	28.703070141669595	88	friends	06	038	s05e21a	
cortex_Cont	36.37836308189181	128	friends	06	038	s05e21a	
cortex_Default	34.6233105207402	209	friends	06	038	s05e21a	
cortex_DorsAttn	39.02693077433474	122	friends	06	038	s05e21a	
cortex_Limbic	16.17376312776153	60	friends	06	038	s05e21a	
cortex_SalVentAttn	38.7987089589231	121	friends	06	038	s05e21a	
cortex_SomMot	38.490603617244155	194	friends	06	038	s05e21a	
cortex_Vis	28.48836693181394	162	friends	06	038	s05e21a	
subcortex_CAU	28.998722130924463	8	friends	06	038	s05e21a	
subcortex_PUT	29.390910859948203	8	friends	06	038	s05e21a	
subcortex_THA	28.557440371431646	14	friends	06	038	s05e21a	
cerebellum	32.3767868036426	88	friends	06	038	s05e21b	
cortex_Cont	42.5743590407036	128	friends	06	038	s05e21b	
cortex_Default	40.58678175939515	209	friends	06	038	s05e21b	
cortex_DorsAttn	43.55907689704875	122	friends	06	038	s05e21b	
cortex_Limbic	18.814160283329635	60	friends	06	038	s05e21b	
cortex_SalVentAttn	44.12802865158834	121	friends	06	038	s05e21b	
cortex_SomMot	44.10359778685448	194	friends	06	038	s05e21b	
cortex_Vis	33.19988481527138	162	friends	06	038	s05e21b	
subcortex_CAU	31.82116645812708	8	friends	06	038	s05e21b	
subcortex_PUT	31.023021855517317	8	friends	06	038	s05e21b	
subcortex_THA	29.812292947320717	14	friends	06	038	s05e21b	
cerebellum	35.51629295588154	88	friends	06	038	s05e22a	
cortex_Cont	42.17569708477759	128	friends	06	038	s05e22a	
cortex_Default	40.64982013070117	209	friends	06	038	s05e22a	
cortex_DorsAttn	46.018809183870715	122	friends	06	038	s05e22a	
cortex_Limbic	18.157678618501755	60	friends	06	038	s05e22a	
cortex_SalVentAttn	43.34553633949173	121	friends	06	038	s05e22a	
cortex_SomMot	43.40491425749197	194	friends	06	038	s05e22a	
cortex_Vis	35.64799883330562	162	friends	06	038	s05e22a	
subcortex_CAU	31.287426602344055	8	friends	06	038	s05e22a	
subcortex_PUT	30.86687499236887	8	friends	06	038	s05e22a	
subcortex_THA	29.827894079695437	14	friends	06	038	s05e22a	
cerebellum	30.486018005340295	88	friends	06	038	s05e22b	
cortex_Cont	40.52582189897839	128	friends	06	038	s05e22b	
cortex_Default	38.8199787013525	209	friends	06	038	s05e22b	
cortex_DorsAttn	42.5771072255275	122	friends	06	038	s05e22b	
cortex_Limbic	17.704599913115036	60	friends	06	038	s05e22b	
cortex_SalVentAttn	41.69993948776662	121	friends	06	038	s05e22b	
cortex_SomMot	41.31098088521887	194	friends	06	038	s05e22b	
cortex_Vis	32.0048914512296	162	friends	06	038	s05e22b	
subcortex_CAU	31.276891187582525	8	friends	06	038	s05e22b	
subcortex_PUT	30.61499527304583	8	friends	06	038	s05e22b	
subcortex_THA	29.288191743541223	14	friends	06	038	s05e22b	
cerebellum	32.6615895293269	88	friends	06	039	s05e23a	
cortex_Cont	43.82167040355156	128	friends	06	039	s05e23a	
cortex_Default	41.20696124646817	209	friends	06	039	s05e23a	
cortex_DorsAttn	45.646535944078856	122	friends	06	039	s05e23a	
cortex_Limbic	19.149881479903208	60	friends	06	039	s05e23a	
cortex_SalVentAttn	44.306248479283184	121	friends	06	039	s05e23a	
cortex_SomMot	44.95591612815981	194	friends	06	039	s05e23a	
cortex_Vis	33.542424349728385	162	friends	06	039	s05e23a	
subcortex_CAU	33.54232400759318	8	friends	06	039	s05e23a	
subcortex_PUT	30.963279944296666	8	friends	06	039	s05e23a	
subcortex_THA	30.106509263054573	14	friends	06	039	s05e23a	
cerebellum	35.85000372346847	88	friends	06	039	s05e23b	
cortex_Cont	44.966225210815246	128	friends	06	039	s05e23b	
cortex_Default	42.982626001703856	209	friends	06	039	s05e23b	
cortex_DorsAttn	49.47208632058267	122	friends	06	039	s05e23b	
cortex_Limbic	18.61450383937479	60	friends	06	039	s05e23b	
cortex_SalVentAttn	46.24630685957257	121	friends	06	039	s05e23b	
cortex_SomMot	47.61810067124152	194	friends	06	039	s05e23b	
cortex_Vis	36.888381140072276	162	friends	06	039	s05e23b	
subcortex_CAU	32.108191455380734	8	friends	06	039	s05e23b	
subcortex_PUT	30.299965439664863	8	friends	06	039	s05e23b	
subcortex_THA	29.65356783812631	14	friends	06	039	s05e23b	
cerebellum	28.786806261807214	88	friends	06	039	s05e23c	
cortex_Cont	36.879279487236296	128	friends	06	039	s05e23c	
cortex_Default	35.898319141976316	209	friends	06	039	s05e23c	
cortex_DorsAttn	39.68152718481953	122	friends	06	039	s05e23c	
cortex_Limbic	16.35944000811693	60	friends	06	039	s05e23c	
cortex_SalVentAttn	39.4471796726289	121	friends	06	039	s05e23c	
cortex_SomMot	38.27054916849284	194	friends	06	039	s05e23c	
cortex_Vis	29.19367017242886	162	friends	06	039	s05e23c	
subcortex_CAU	30.364556014189574	8	friends	06	039	s05e23c	
subcortex_PUT	29.217930698026176	8	friends	06	039	s05e23c	
subcortex_THA	28.26437854631641	14	friends	06	039	s05e23c	
cerebellum	27.03488560572059	88	friends	06	039	s05e23d	
cortex_Cont	35.56734983499835	128	friends	06	039	s05e23d	
cortex_Default	34.389913446989375	209	friends	06	039	s05e23d	
cortex_DorsAttn	37.14870378589546	122	friends	06	039	s05e23d	
cortex_Limbic	15.584721163538292	60	friends	06	039	s05e23d	
cortex_SalVentAttn	37.29663931141651	121	friends	06	039	s05e23d	
cortex_SomMot	37.135180873742065	194	friends	06	039	s05e23d	
cortex_Vis	27.181843035359606	162	friends	06	039	s05e23d	
subcortex_CAU	28.750087457471913	8	friends	06	039	s05e23d	
subcortex_PUT	28.547950134664127	8	friends	06	039	s05e23d	
subcortex_THA	27.3496325052148	14	friends	06	039	s05e23d	
cerebellum	32.20874106047355	88	friends	06	041	s02e04b	
cortex_Cont	43.90562959779593	128	friends	06	041	s02e04b	
cortex_Default	41.40768467803835	209	friends	06	041	s02e04b	
cortex_DorsAttn	44.49933192954731	122	friends	06	041	s02e04b	
cortex_Limbic	18.765830219825027	60	friends	06	041	s02e04b	
cortex_SalVentAttn	43.039631342906695	121	friends	06	041	s02e04b	
cortex_SomMot	44.03464072947435	194	friends	06	041	s02e04b	
cortex_Vis	32.764044492707804	162	friends	06	041	s02e04b	
subcortex_CAU	30.542046603233395	8	friends	06	041	s02e04b	
subcortex_PUT	29.693652019198947	8	friends	06	041	s02e04b	
subcortex_THA	28.614017050273684	14	friends	06	041	s02e04b	
cerebellum	32.95033812122969	88	friends	06	042	s06e01a	
cortex_Cont	43.85203712851341	128	friends	06	042	s06e01a	
cortex_Default	41.106878345810436	209	friends	06	042	s06e01a	
cortex_DorsAttn	45.504695648778274	122	friends	06	042	s06e01a	
cortex_Limbic	18.422574612334618	60	friends	06	042	s06e01a	
cortex_SalVentAttn	42.935907388791136	121	friends	06	042	s06e01a	
cortex_SomMot	44.085541030228526	194	friends	06	042	s06e01a	
cortex_Vis	33.29673417903376	162	friends	06	042	s06e01a	
subcortex_CAU	29.78680451838641	8	friends	06	042	s06e01a	
subcortex_PUT	29.634729394658123	8	friends	06	042	s06e01a	
subcortex_THA	28.597932502053652	14	friends	06	042	s06e01a	
cerebellum	34.781747290900086	88	friends	06	042	s06e01b	
cortex_Cont	42.91904634547514	128	friends	06	042	s06e01b	
cortex_Default	40.33684589105618	209	friends	06	042	s06e01b	
cortex_DorsAttn	45.608434763676726	122	friends	06	042	s06e01b	
cortex_Limbic	18.215451553604094	60	friends	06	042	s06e01b	
cortex_SalVentAttn	42.70590818428728	121	friends	06	042	s06e01b	
cortex_SomMot	42.8382907307021	194	friends	06	042	s06e01b	
cortex_Vis	35.377546350112986	162	friends	06	042	s06e01b	
subcortex_CAU	29.63881523791685	8	friends	06	042	s06e01b	
subcortex_PUT	29.50863051877309	8	friends	06	042	s06e01b	
subcortex_THA	28.71233478813517	14	friends	06	042	s06e01b	
cerebellum	29.574000317918447	88	friends	06	042	s06e02b	
cortex_Cont	40.85167777577435	128	friends	06	042	s06e02b	
cortex_Default	38.66042326891121	209	friends	06	042	s06e02b	
cortex_DorsAttn	42.24418648992723	122	friends	06	042	s06e02b	
cortex_Limbic	17.692872595033844	60	friends	06	042	s06e02b	
cortex_SalVentAttn	40.89888305173102	121	friends	06	042	s06e02b	
cortex_SomMot	40.602365296242944	194	friends	06	042	s06e02b	
cortex_Vis	30.48277622548577	162	friends	06	042	s06e02b	
subcortex_CAU	30.851351900858976	8	friends	06	042	s06e02b	
subcortex_PUT	29.70242301807639	8	friends	06	042	s06e02b	
subcortex_THA	28.35008876205961	14	friends	06	042	s06e02b	
cerebellum	33.20590697285067	88	friends	06	043	s06e03a	
cortex_Cont	39.36306837526837	128	friends	06	043	s06e03a	
cortex_Default	38.229430257152394	209	friends	06	043	s06e03a	
cortex_DorsAttn	43.1658958477887	122	friends	06	043	s06e03a	
cortex_Limbic	17.843540755106922	60	friends	06	043	s06e03a	
cortex_SalVentAttn	39.55986578598123	121	friends	06	043	s06e03a	
cortex_SomMot	40.56704875972756	194	friends	06	043	s06e03a	
cortex_Vis	32.92573115139328	162	friends	06	043	s06e03a	
subcortex_CAU	28.14635770390118	8	friends	06	043	s06e03a	
subcortex_PUT	28.368775213500296	8	friends	06	043	s06e03a	
subcortex_THA	28.434660213573178	14	friends	06	043	s06e03a	
cerebellum	32.95129241675265	88	friends	06	043	s06e03b	
cortex_Cont	40.72461254287615	128	friends	06	043	s06e03b	
cortex_Default	38.57348469870967	209	friends	06	043	s06e03b	
cortex_DorsAttn	45.155410121244785	122	friends	06	043	s06e03b	
cortex_Limbic	17.62698795502026	60	friends	06	043	s06e03b	
cortex_SalVentAttn	39.918237479561796	121	friends	06	043	s06e03b	
cortex_SomMot	40.74834520702285	194	friends	06	043	s06e03b	
cortex_Vis	34.63924447930193	162	friends	06	043	s06e03b	
subcortex_CAU	28.26141359658212	8	friends	06	043	s06e03b	
subcortex_PUT	28.259982372820463	8	friends	06	043	s06e03b	
subcortex_THA	27.980634253551422	14	friends	06	043	s06e03b	
cerebellum	33.62488582821547	88	friends	06	043	s06e04a	
cortex_Cont	40.30209071960218	128	friends	06	043	s06e04a	
cortex_Default	38.83370660178026	209	friends	06	043	s06e04a	
cortex_DorsAttn	44.320654792926035	122	friends	06	043	s06e04a	
cortex_Limbic	17.632783314884694	60	friends	06	043	s06e04a	
cortex_SalVentAttn	40.93814467524636	121	friends	06	043	s06e04a	
cortex_SomMot	40.78182735604826	194	friends	06	043	s06e04a	
cortex_Vis	33.89779766387931	162	friends	06	043	s06e04a	
subcortex_CAU	29.66095281411811	8	friends	06	043	s06e04a	
subcortex_PUT	29.64988159283575	8	friends	06	043	s06e04a	
subcortex_THA	29.03694833226353	14	friends	06	043	s06e04a	
cerebellum	29.568954473726762	88	friends	06	043	s06e04b	
cortex_Cont	36.41746737773428	128	friends	06	043	s06e04b	
cortex_Default	34.75380587732439	209	friends	06	043	s06e04b	
cortex_DorsAttn	40.28004238828026	122	friends	06	043	s06e04b	
cortex_Limbic	16.208406474759112	60	friends	06	043	s06e04b	
cortex_SalVentAttn	36.93078341616287	121	friends	06	043	s06e04b	
cortex_SomMot	37.099959215978174	194	friends	06	043	s06e04b	
cortex_Vis	30.303552211533084	162	friends	06	043	s06e04b	
subcortex_CAU	27.25404522418432	8	friends	06	043	s06e04b	
subcortex_PUT	27.111640939834082	8	friends	06	043	s06e04b	
subcortex_THA	27.0354123531129	14	friends	06	043	s06e04b	
cerebellum	30.891038564992723	88	friends	06	044	s06e05a	
cortex_Cont	42.266492030695105	128	friends	06	044	s06e05a	
cortex_Default	39.762612858725525	209	friends	06	044	s06e05a	
cortex_DorsAttn	43.85729839982242	122	friends	06	044	s06e05a	
cortex_Limbic	18.149572479393388	60	friends	06	044	s06e05a	
cortex_SalVentAttn	42.89471543904959	121	friends	06	044	s06e05a	
cortex_SomMot	43.524897495845885	194	friends	06	044	s06e05a	
cortex_Vis	31.304239818004678	162	friends	06	044	s06e05a	
subcortex_CAU	30.71940222401509	8	friends	06	044	s06e05a	
subcortex_PUT	30.757408285791605	8	friends	06	044	s06e05a	
subcortex_THA	29.582308858253548	14	friends	06	044	s06e05a	
cerebellum	35.028932390367736	88	friends	06	044	s06e05b	
cortex_Cont	44.82899065197716	128	friends	06	044	s06e05b	
cortex_Default	42.1380845466256	209	friends	06	044	s06e05b	
cortex_DorsAttn	47.27227058212444	122	friends	06	044	s06e05b	
cortex_Limbic	18.701699479326386	60	friends	06	044	s06e05b	
cortex_SalVentAttn	44.1770076024789	121	friends	06	044	s06e05b	
cortex_SomMot	44.527437777646696	194	friends	06	044	s06e05b	
cortex_Vis	35.656980409307124	162	friends	06	044	s06e05b	
subcortex_CAU	30.185122147674967	8	friends	06	044	s06e05b	
subcortex_PUT	30.49661082440864	8	friends	06	044	s06e05b	
subcortex_THA	29.536148645312817	14	friends	06	044	s06e05b	
cerebellum	34.42914360077826	88	friends	06	044	s06e06a	
cortex_Cont	43.90607885233117	128	friends	06	044	s06e06a	
cortex_Default	41.63242310485908	209	friends	06	044	s06e06a	
cortex_DorsAttn	45.65615295023707	122	friends	06	044	s06e06a	
cortex_Limbic	19.352963400752905	60	friends	06	044	s06e06a	
cortex_SalVentAttn	43.82666028141299	121	friends	06	044	s06e06a	
cortex_SomMot	44.16668586762068	194	friends	06	044	s06e06a	
cortex_Vis	34.887139437710765	162	friends	06	044	s06e06a	
subcortex_CAU	30.825865251705444	8	friends	06	044	s06e06a	
subcortex_PUT	30.725561192069243	8	friends	06	044	s06e06a	
subcortex_THA	29.771132670601027	14	friends	06	044	s06e06a	
cerebellum	36.05972360260062	88	friends	06	044	s06e06b	
cortex_Cont	44.5773068423061	128	friends	06	044	s06e06b	
cortex_Default	42.55846085001007	209	friends	06	044	s06e06b	
cortex_DorsAttn	48.33961810499934	122	friends	06	044	s06e06b	
cortex_Limbic	19.21246410916093	60	friends	06	044	s06e06b	
cortex_SalVentAttn	44.40108589738104	121	friends	06	044	s06e06b	
cortex_SomMot	45.25315596050025	194	friends	06	044	s06e06b	
cortex_Vis	36.61990391146468	162	friends	06	044	s06e06b	
subcortex_CAU	30.78128128560362	8	friends	06	044	s06e06b	
subcortex_PUT	30.23345274443768	8	friends	06	044	s06e06b	
subcortex_THA	29.509341931927565	14	friends	06	044	s06e06b	
cerebellum	34.837929376806535	88	friends	06	045	s06e07a	
cortex_Cont	41.570917681212485	128	friends	06	045	s06e07a	
cortex_Default	39.23466265159212	209	friends	06	045	s06e07a	
cortex_DorsAttn	46.77947453425922	122	friends	06	045	s06e07a	
cortex_Limbic	17.199926094118332	60	friends	06	045	s06e07a	
cortex_SalVentAttn	41.507547603184925	121	friends	06	045	s06e07a	
cortex_SomMot	42.31119874743435	194	friends	06	045	s06e07a	
cortex_Vis	37.05978129615092	162	friends	06	045	s06e07a	
subcortex_CAU	29.79450195378278	8	friends	06	045	s06e07a	
subcortex_PUT	29.38713206688472	8	friends	06	045	s06e07a	
subcortex_THA	29.326297281451314	14	friends	06	045	s06e07a	
cerebellum	33.891694902804836	88	friends	06	045	s06e07b	
cortex_Cont	44.12413472385973	128	friends	06	045	s06e07b	
cortex_Default	41.86332015443832	209	friends	06	045	s06e07b	
cortex_DorsAttn	46.86903053401293	122	friends	06	045	s06e07b	
cortex_Limbic	17.645171352561825	60	friends	06	045	s06e07b	
cortex_SalVentAttn	43.16877412229302	121	friends	06	045	s06e07b	
cortex_SomMot	45.062122448421654	194	friends	06	045	s06e07b	
cortex_Vis	35.67031255205343	162	friends	06	045	s06e07b	
subcortex_CAU	30.351840638285882	8	friends	06	045	s06e07b	
subcortex_PUT	29.352308298718484	8	friends	06	045	s06e07b	
subcortex_THA	29.32989539265405	14	friends	06	045	s06e07b	
cerebellum	31.749561997758533	88	friends	06	045	s06e08a	
cortex_Cont	39.84954260801157	128	friends	06	045	s06e08a	
cortex_Default	38.26291327758112	209	friends	06	045	s06e08a	
cortex_DorsAttn	42.97715354700988	122	friends	06	045	s06e08a	
cortex_Limbic	17.182345164734176	60	friends	06	045	s06e08a	
cortex_SalVentAttn	40.688266289082854	121	friends	06	045	s06e08a	
cortex_SomMot	40.41867294727802	194	friends	06	045	s06e08a	
cortex_Vis	32.81010105226924	162	friends	06	045	s06e08a	
subcortex_CAU	31.498603726857546	8	friends	06	045	s06e08a	
subcortex_PUT	29.492371057053475	8	friends	06	045	s06e08a	
subcortex_THA	29.27741442773553	14	friends	06	045	s06e08a	
cerebellum	32.51089363752646	88	friends	06	046	s06e09a	
cortex_Cont	40.07109924217407	128	friends	06	046	s06e09a	
cortex_Default	38.4414607161761	209	friends	06	046	s06e09a	
cortex_DorsAttn	45.459895305924384	122	friends	06	046	s06e09a	
cortex_Limbic	16.649122982346586	60	friends	06	046	s06e09a	
cortex_SalVentAttn	41.459848596930065	121	friends	06	046	s06e09a	
cortex_SomMot	42.73896663029721	194	friends	06	046	s06e09a	
cortex_Vis	32.94963883044773	162	friends	06	046	s06e09a	
subcortex_CAU	28.144204812509184	8	friends	06	046	s06e09a	
subcortex_PUT	28.1128194581649	8	friends	06	046	s06e09a	
subcortex_THA	28.77247019017682	14	friends	06	046	s06e09a	
cerebellum	29.88544715165606	88	friends	06	046	s06e09b	
cortex_Cont	34.86659388294526	128	friends	06	046	s06e09b	
cortex_Default	34.162383062161105	209	friends	06	046	s06e09b	
cortex_DorsAttn	38.32005871754178	122	friends	06	046	s06e09b	
cortex_Limbic	15.76300386324468	60	friends	06	046	s06e09b	
cortex_SalVentAttn	37.5327555972628	121	friends	06	046	s06e09b	
cortex_SomMot	35.86557808651631	194	friends	06	046	s06e09b	
cortex_Vis	30.116602128246456	162	friends	06	046	s06e09b	
subcortex_CAU	27.262500027172983	8	friends	06	046	s06e09b	
subcortex_PUT	27.457437916119336	8	friends	06	046	s06e09b	
subcortex_THA	28.040723145515198	14	friends	06	046	s06e09b	
cerebellum	29.72578745343035	88	friends	06	046	s06e10a	
cortex_Cont	38.74973718826983	128	friends	06	046	s06e10a	
cortex_Default	36.20831287221869	209	friends	06	046	s06e10a	
cortex_DorsAttn	41.14479049506315	122	friends	06	046	s06e10a	
cortex_Limbic	15.942298849806896	60	friends	06	046	s06e10a	
cortex_SalVentAttn	38.77698048711693	121	friends	06	046	s06e10a	
cortex_SomMot	38.22924079895063	194	friends	06	046	s06e10a	
cortex_Vis	30.0605472072467	162	friends	06	046	s06e10a	
subcortex_CAU	28.05776091831854	8	friends	06	046	s06e10a	
subcortex_PUT	28.33874770628192	8	friends	06	046	s06e10a	
subcortex_THA	27.752006438819283	14	friends	06	046	s06e10a	
cerebellum	33.763788178892305	88	friends	06	046	s06e10b	
cortex_Cont	39.66752516521912	128	friends	06	046	s06e10b	
cortex_Default	37.29285486417943	209	friends	06	046	s06e10b	
cortex_DorsAttn	45.3170425889631	122	friends	06	046	s06e10b	
cortex_Limbic	16.053278014607397	60	friends	06	046	s06e10b	
cortex_SalVentAttn	40.31652875038506	121	friends	06	046	s06e10b	
cortex_SomMot	40.93891800400496	194	friends	06	046	s06e10b	
cortex_Vis	34.922691462516404	162	friends	06	046	s06e10b	
subcortex_CAU	27.957853490994097	8	friends	06	046	s06e10b	
subcortex_PUT	28.365893234112235	8	friends	06	046	s06e10b	
subcortex_THA	28.406788229703402	14	friends	06	046	s06e10b	
cerebellum	35.37578023413991	88	friends	06	047	s06e11a	
cortex_Cont	43.176691589891966	128	friends	06	047	s06e11a	
cortex_Default	40.592438899047586	209	friends	06	047	s06e11a	
cortex_DorsAttn	46.003562484122305	122	friends	06	047	s06e11a	
cortex_Limbic	18.791256371324547	60	friends	06	047	s06e11a	
cortex_SalVentAttn	42.08975408538675	121	friends	06	047	s06e11a	
cortex_SomMot	42.90504840123166	194	friends	06	047	s06e11a	
cortex_Vis	35.8815411166371	162	friends	06	047	s06e11a	
subcortex_CAU	29.619810590179963	8	friends	06	047	s06e11a	
subcortex_PUT	29.502462015117334	8	friends	06	047	s06e11a	
subcortex_THA	28.721915096262414	14	friends	06	047	s06e11a	
cerebellum	32.72562519514007	88	friends	06	047	s06e12a	
cortex_Cont	37.930006507154765	128	friends	06	047	s06e12a	
cortex_Default	36.25396827602702	209	friends	06	047	s06e12a	
cortex_DorsAttn	42.79858479900663	122	friends	06	047	s06e12a	
cortex_Limbic	16.587545592611946	60	friends	06	047	s06e12a	
cortex_SalVentAttn	38.09828449551906	121	friends	06	047	s06e12a	
cortex_SomMot	37.35252664267651	194	friends	06	047	s06e12a	
cortex_Vis	33.04297633952969	162	friends	06	047	s06e12a	
subcortex_CAU	28.01037023965612	8	friends	06	047	s06e12a	
subcortex_PUT	27.996543267270344	8	friends	06	047	s06e12a	
subcortex_THA	27.681981974751466	14	friends	06	047	s06e12a	
cerebellum	24.386369573039246	88	friends	06	047	s06e12b	
cortex_Cont	32.38150422334626	128	friends	06	047	s06e12b	
cortex_Default	31.09711996128979	209	friends	06	047	s06e12b	
cortex_DorsAttn	34.449765606240746	122	friends	06	047	s06e12b	
cortex_Limbic	13.638881042462037	60	friends	06	047	s06e12b	
cortex_SalVentAttn	33.43434512261088	121	friends	06	047	s06e12b	
cortex_SomMot	32.05393825953986	194	friends	06	047	s06e12b	
cortex_Vis	25.21742327708705	162	friends	06	047	s06e12b	
subcortex_CAU	25.893281227323364	8	friends	06	047	s06e12b	
subcortex_PUT	27.01167003001826	8	friends	06	047	s06e12b	
subcortex_THA	26.59400070985613	14	friends	06	047	s06e12b	
cerebellum	35.84017625209119	88	friends	06	048	s06e13b	
cortex_Cont	44.06940218519869	128	friends	06	048	s06e13b	
cortex_Default	40.81154669705149	209	friends	06	048	s06e13b	
cortex_DorsAttn	47.145276940862225	122	friends	06	048	s06e13b	
cortex_Limbic	18.460456754062154	60	friends	06	048	s06e13b	
cortex_SalVentAttn	43.1989591355446	121	friends	06	048	s06e13b	
cortex_SomMot	43.9357848041912	194	friends	06	048	s06e13b	
cortex_Vis	36.81938784278647	162	friends	06	048	s06e13b	
subcortex_CAU	29.79707080988749	8	friends	06	048	s06e13b	
subcortex_PUT	29.488819196340287	8	friends	06	048	s06e13b	
subcortex_THA	28.803300364154346	14	friends	06	048	s06e13b	
cerebellum	35.98164343494287	88	friends	06	048	s06e14a	
cortex_Cont	44.14929012115324	128	friends	06	048	s06e14a	
cortex_Default	41.77892521304497	209	friends	06	048	s06e14a	
cortex_DorsAttn	46.764595121891816	122	friends	06	048	s06e14a	
cortex_Limbic	18.650120283210335	60	friends	06	048	s06e14a	
cortex_SalVentAttn	43.884120538365394	121	friends	06	048	s06e14a	
cortex_SomMot	43.74296117926978	194	friends	06	048	s06e14a	
cortex_Vis	35.72136789804773	162	friends	06	048	s06e14a	
subcortex_CAU	31.090099858949817	8	friends	06	048	s06e14a	
subcortex_PUT	29.77897802319248	8	friends	06	048	s06e14a	
subcortex_THA	29.51939976891083	14	friends	06	048	s06e14a	
cerebellum	29.098122350834725	88	friends	06	048	s06e14b	
cortex_Cont	37.7487092173991	128	friends	06	048	s06e14b	
cortex_Default	36.43347712489601	209	friends	06	048	s06e14b	
cortex_DorsAttn	40.014244265962105	122	friends	06	048	s06e14b	
cortex_Limbic	16.152417766195384	60	friends	06	048	s06e14b	
cortex_SalVentAttn	39.054556230959435	121	friends	06	048	s06e14b	
cortex_SomMot	37.65775089116252	194	friends	06	048	s06e14b	
cortex_Vis	29.755687076829883	162	friends	06	048	s06e14b	
subcortex_CAU	28.636019221875323	8	friends	06	048	s06e14b	
subcortex_PUT	28.284097673453193	8	friends	06	048	s06e14b	
subcortex_THA	28.01505851439806	14	friends	06	048	s06e14b	
cerebellum	35.07271927531395	88	friends	06	049	s06e15a	
cortex_Cont	45.214121171732344	128	friends	06	049	s06e15a	
cortex_Default	42.239013916462476	209	friends	06	049	s06e15a	
cortex_DorsAttn	47.75403334429455	122	friends	06	049	s06e15a	
cortex_Limbic	19.476987422674537	60	friends	06	049	s06e15a	
cortex_SalVentAttn	43.0278070136915	121	friends	06	049	s06e15a	
cortex_SomMot	45.27357646965178	194	friends	06	049	s06e15a	
cortex_Vis	36.57707611034118	162	friends	06	049	s06e15a	
subcortex_CAU	32.105647536293546	8	friends	06	049	s06e15a	
subcortex_PUT	30.725325969308788	8	friends	06	049	s06e15a	
subcortex_THA	29.472897230710068	14	friends	06	049	s06e15a	
cerebellum	39.38098114473927	88	friends	06	049	s06e15b	
cortex_Cont	46.05247875549936	128	friends	06	049	s06e15b	
cortex_Default	43.53564575354248	209	friends	06	049	s06e15b	
cortex_DorsAttn	51.231790861378116	122	friends	06	049	s06e15b	
cortex_Limbic	19.489982651373126	60	friends	06	049	s06e15b	
cortex_SalVentAttn	44.64646643336817	121	friends	06	049	s06e15b	
cortex_SomMot	45.75493131151603	194	friends	06	049	s06e15b	
cortex_Vis	40.1388823366634	162	friends	06	049	s06e15b	
subcortex_CAU	30.652815390663058	8	friends	06	049	s06e15b	
subcortex_PUT	30.18694356702312	8	friends	06	049	s06e15b	
subcortex_THA	29.53250941615792	14	friends	06	049	s06e15b	
cerebellum	34.16002537151591	88	friends	06	049	s06e15c	
cortex_Cont	44.21354686083455	128	friends	06	049	s06e15c	
cortex_Default	41.10987854181837	209	friends	06	049	s06e15c	
cortex_DorsAttn	45.79347725642875	122	friends	06	049	s06e15c	
cortex_Limbic	18.92213593946998	60	friends	06	049	s06e15c	
cortex_SalVentAttn	42.13423191801004	121	friends	06	049	s06e15c	
cortex_SomMot	42.76659692092268	194	friends	06	049	s06e15c	
cortex_Vis	34.773940455615794	162	friends	06	049	s06e15c	
subcortex_CAU	30.02324244285439	8	friends	06	049	s06e15c	
subcortex_PUT	29.451199805329566	8	friends	06	049	s06e15c	
subcortex_THA	28.586644903695827	14	friends	06	049	s06e15c	
cerebellum	33.18619927409382	88	friends	06	049	s06e15d	
cortex_Cont	40.13971931223409	128	friends	06	049	s06e15d	
cortex_Default	37.82923724320529	209	friends	06	049	s06e15d	
cortex_DorsAttn	43.01268410167899	122	friends	06	049	s06e15d	
cortex_Limbic	17.20308289238361	60	friends	06	049	s06e15d	
cortex_SalVentAttn	39.44933761155413	121	friends	06	049	s06e15d	
cortex_SomMot	39.487839413235115	194	friends	06	049	s06e15d	
cortex_Vis	33.6649469331681	162	friends	06	049	s06e15d	
subcortex_CAU	30.22750077365917	8	friends	06	049	s06e15d	
subcortex_PUT	29.3182737995251	8	friends	06	049	s06e15d	
subcortex_THA	28.411440899330806	14	friends	06	049	s06e15d	
cerebellum	29.14516562323623	88	friends	06	049	s06e17a	
cortex_Cont	38.23623585170242	128	friends	06	049	s06e17a	
cortex_Default	36.08271292748287	209	friends	06	049	s06e17a	
cortex_DorsAttn	38.45643495503505	122	friends	06	049	s06e17a	
cortex_Limbic	17.030925524461708	60	friends	06	049	s06e17a	
cortex_SalVentAttn	37.5619540688019	121	friends	06	049	s06e17a	
cortex_SomMot	36.21410606778443	194	friends	06	049	s06e17a	
cortex_Vis	29.612190566643644	162	friends	06	049	s06e17a	
subcortex_CAU	28.562843150181276	8	friends	06	049	s06e17a	
subcortex_PUT	28.55728059861994	8	friends	06	049	s06e17a	
subcortex_THA	27.24918234897677	14	friends	06	049	s06e17a	
cerebellum	30.990551191805913	88	friends	06	049	s06e17b	
cortex_Cont	37.39891725142221	128	friends	06	049	s06e17b	
cortex_Default	35.8067429156891	209	friends	06	049	s06e17b	
cortex_DorsAttn	39.56668216143941	122	friends	06	049	s06e17b	
cortex_Limbic	16.386690567906648	60	friends	06	049	s06e17b	
cortex_SalVentAttn	37.57023384154997	121	friends	06	049	s06e17b	
cortex_SomMot	36.18838993384222	194	friends	06	049	s06e17b	
cortex_Vis	31.713793222483652	162	friends	06	049	s06e17b	
subcortex_CAU	27.90699133232001	8	friends	06	049	s06e17b	
subcortex_PUT	28.336348665594304	8	friends	06	049	s06e17b	
subcortex_THA	27.661440759387492	14	friends	06	049	s06e17b	
cerebellum	37.34226394652066	88	friends	06	050	s06e18a	
cortex_Cont	45.4365350514128	128	friends	06	050	s06e18a	
cortex_Default	42.75264275145542	209	friends	06	050	s06e18a	
cortex_DorsAttn	49.12813026281017	122	friends	06	050	s06e18a	
cortex_Limbic	19.629287824502835	60	friends	06	050	s06e18a	
cortex_SalVentAttn	44.12965980558718	121	friends	06	050	s06e18a	
cortex_SomMot	45.67476873570848	194	friends	06	050	s06e18a	
cortex_Vis	37.79635804413292	162	friends	06	050	s06e18a	
subcortex_CAU	29.887814580929557	8	friends	06	050	s06e18a	
subcortex_PUT	29.92895926349876	8	friends	06	050	s06e18a	
subcortex_THA	28.892618585741182	14	friends	06	050	s06e18a	
cerebellum	35.45630986273648	88	friends	06	051	s06e19a	
cortex_Cont	42.57143833574382	128	friends	06	051	s06e19a	
cortex_Default	39.816926281601454	209	friends	06	051	s06e19a	
cortex_DorsAttn	45.326690043052096	122	friends	06	051	s06e19a	
cortex_Limbic	18.437169974046963	60	friends	06	051	s06e19a	
cortex_SalVentAttn	41.58608232972777	121	friends	06	051	s06e19a	
cortex_SomMot	41.891572882695826	194	friends	06	051	s06e19a	
cortex_Vis	35.16355565339617	162	friends	06	051	s06e19a	
subcortex_CAU	29.08802379833093	8	friends	06	051	s06e19a	
subcortex_PUT	29.166257264711042	8	friends	06	051	s06e19a	
subcortex_THA	28.518640792756024	14	friends	06	051	s06e19a	
cerebellum	37.04532113764457	88	friends	06	051	s06e19b	
cortex_Cont	44.39665606100084	128	friends	06	051	s06e19b	
cortex_Default	41.93139614861096	209	friends	06	051	s06e19b	
cortex_DorsAttn	48.538726948396686	122	friends	06	051	s06e19b	
cortex_Limbic	18.983085516224385	60	friends	06	051	s06e19b	
cortex_SalVentAttn	43.384706555349354	121	friends	06	051	s06e19b	
cortex_SomMot	45.15442769578461	194	friends	06	051	s06e19b	
cortex_Vis	37.28570780109023	162	friends	06	051	s06e19b	
subcortex_CAU	30.326180969299603	8	friends	06	051	s06e19b	
subcortex_PUT	29.765151672433355	8	friends	06	051	s06e19b	
subcortex_THA	29.17902047548861	14	friends	06	051	s06e19b	
cerebellum	35.72598382142858	88	friends	06	051	s06e20a	
cortex_Cont	42.54615268006575	128	friends	06	051	s06e20a	
cortex_Default	39.92338341887512	209	friends	06	051	s06e20a	
cortex_DorsAttn	45.84386091754357	122	friends	06	051	s06e20a	
cortex_Limbic	18.13475324402216	60	friends	06	051	s06e20a	
cortex_SalVentAttn	41.33901928639114	121	friends	06	051	s06e20a	
cortex_SomMot	42.50885106429351	194	friends	06	051	s06e20a	
cortex_Vis	35.67190700736213	162	friends	06	051	s06e20a	
subcortex_CAU	28.361093006766183	8	friends	06	051	s06e20a	
subcortex_PUT	29.056179831981687	8	friends	06	051	s06e20a	
subcortex_THA	28.27777981280417	14	friends	06	051	s06e20a	
cerebellum	36.378096670690525	88	friends	06	051	s06e20b	
cortex_Cont	44.57671024798919	128	friends	06	051	s06e20b	
cortex_Default	41.75147063028457	209	friends	06	051	s06e20b	
cortex_DorsAttn	47.79606597073984	122	friends	06	051	s06e20b	
cortex_Limbic	19.02801750536783	60	friends	06	051	s06e20b	
cortex_SalVentAttn	43.591287554354466	121	friends	06	051	s06e20b	
cortex_SomMot	44.61563498338963	194	friends	06	051	s06e20b	
cortex_Vis	36.353714960031844	162	friends	06	051	s06e20b	
subcortex_CAU	29.65593029208481	8	friends	06	051	s06e20b	
subcortex_PUT	29.505351113266244	8	friends	06	051	s06e20b	
subcortex_THA	28.751288764480872	14	friends	06	051	s06e20b	
cerebellum	35.878348201855765	88	friends	06	051	s06e21a	
cortex_Cont	40.48616618459247	128	friends	06	051	s06e21a	
cortex_Default	38.286494330263395	209	friends	06	051	s06e21a	
cortex_DorsAttn	45.72758357525742	122	friends	06	051	s06e21a	
cortex_Limbic	16.68129334568935	60	friends	06	051	s06e21a	
cortex_SalVentAttn	40.381513321066464	121	friends	06	051	s06e21a	
cortex_SomMot	40.407742080136174	194	friends	06	051	s06e21a	
cortex_Vis	36.46107308695002	162	friends	06	051	s06e21a	
subcortex_CAU	27.836885254077217	8	friends	06	051	s06e21a	
subcortex_PUT	28.485332498590413	8	friends	06	051	s06e21a	
subcortex_THA	27.826868281980015	14	friends	06	051	s06e21a	
cerebellum	29.87284498925735	88	friends	06	052	s06e21b	
cortex_Cont	33.98385835059574	128	friends	06	052	s06e21b	
cortex_Default	32.683693098028854	209	friends	06	052	s06e21b	
cortex_DorsAttn	36.64447736695859	122	friends	06	052	s06e21b	
cortex_Limbic	15.675485532586865	60	friends	06	052	s06e21b	
cortex_SalVentAttn	34.63061402096213	121	friends	06	052	s06e21b	
cortex_SomMot	33.086027442080535	194	friends	06	052	s06e21b	
cortex_Vis	29.732660294922212	162	friends	06	052	s06e21b	
subcortex_CAU	25.588450992198027	8	friends	06	052	s06e21b	
subcortex_PUT	27.0459834411909	8	friends	06	052	s06e21b	
subcortex_THA	26.133099788971553	14	friends	06	052	s06e21b	
cerebellum	28.42483036865784	88	friends	06	052	s06e22a	
cortex_Cont	34.78690995519706	128	friends	06	052	s06e22a	
cortex_Default	33.275938727896445	209	friends	06	052	s06e22a	
cortex_DorsAttn	35.900342077684506	122	friends	06	052	s06e22a	
cortex_Limbic	16.45124070405075	60	friends	06	052	s06e22a	
cortex_SalVentAttn	35.888004527362256	121	friends	06	052	s06e22a	
cortex_SomMot	34.15673807096075	194	friends	06	052	s06e22a	
cortex_Vis	27.68930784669242	162	friends	06	052	s06e22a	
subcortex_CAU	27.606419825060946	8	friends	06	052	s06e22a	
subcortex_PUT	27.756907001989816	8	friends	06	052	s06e22a	
subcortex_THA	27.26351621044042	14	friends	06	052	s06e22a	
cerebellum	26.468922822823277	88	friends	06	052	s06e22b	
cortex_Cont	30.792905872268992	128	friends	06	052	s06e22b	
cortex_Default	29.817910898765167	209	friends	06	052	s06e22b	
cortex_DorsAttn	33.7087533703909	122	friends	06	052	s06e22b	
cortex_Limbic	14.483116195273556	60	friends	06	052	s06e22b	
cortex_SalVentAttn	31.876565537077305	121	friends	06	052	s06e22b	
cortex_SomMot	30.001612724161184	194	friends	06	052	s06e22b	
cortex_Vis	26.589576911757067	162	friends	06	052	s06e22b	
subcortex_CAU	24.61410267887828	8	friends	06	052	s06e22b	
subcortex_PUT	26.704609865545024	8	friends	06	052	s06e22b	
subcortex_THA	25.70567574573288	14	friends	06	052	s06e22b	
cerebellum	36.00862582162711	88	friends	06	053	s06e23a	
cortex_Cont	40.88258539773689	128	friends	06	053	s06e23a	
cortex_Default	39.019857043122066	209	friends	06	053	s06e23a	
cortex_DorsAttn	43.763201707724846	122	friends	06	053	s06e23a	
cortex_Limbic	18.526365745243893	60	friends	06	053	s06e23a	
cortex_SalVentAttn	41.04044555571094	121	friends	06	053	s06e23a	
cortex_SomMot	39.99932385712516	194	friends	06	053	s06e23a	
cortex_Vis	35.4392448321263	162	friends	06	053	s06e23a	
subcortex_CAU	28.52312226619258	8	friends	06	053	s06e23a	
subcortex_PUT	28.982927297530566	8	friends	06	053	s06e23a	
subcortex_THA	28.563201956525763	14	friends	06	053	s06e23a	
cerebellum	34.03566072707052	88	friends	06	053	s06e23b	
cortex_Cont	40.3125754268261	128	friends	06	053	s06e23b	
cortex_Default	38.31046524424024	209	friends	06	053	s06e23b	
cortex_DorsAttn	43.58970479101712	122	friends	06	053	s06e23b	
cortex_Limbic	18.36823374686005	60	friends	06	053	s06e23b	
cortex_SalVentAttn	40.63484160331531	121	friends	06	053	s06e23b	
cortex_SomMot	40.64119558789267	194	friends	06	053	s06e23b	
cortex_Vis	33.688654730429626	162	friends	06	053	s06e23b	
subcortex_CAU	28.031610951634633	8	friends	06	053	s06e23b	
subcortex_PUT	28.59085002306888	8	friends	06	053	s06e23b	
subcortex_THA	28.01306667620627	14	friends	06	053	s06e23b	
cerebellum	32.65593470375418	88	friends	06	054	s06e24a	
cortex_Cont	40.0782569259102	128	friends	06	054	s06e24a	
cortex_Default	37.9538969673926	209	friends	06	054	s06e24a	
cortex_DorsAttn	43.109230619467496	122	friends	06	054	s06e24a	
cortex_Limbic	17.56345676437226	60	friends	06	054	s06e24a	
cortex_SalVentAttn	40.100301198549644	121	friends	06	054	s06e24a	
cortex_SomMot	39.85851880131922	194	friends	06	054	s06e24a	
cortex_Vis	32.69866588229074	162	friends	06	054	s06e24a	
subcortex_CAU	28.62537638091716	8	friends	06	054	s06e24a	
subcortex_PUT	28.62444772560399	8	friends	06	054	s06e24a	
subcortex_THA	28.260246672485867	14	friends	06	054	s06e24a	
cerebellum	31.57386031653225	88	friends	06	054	s06e24b	
cortex_Cont	39.17335675833084	128	friends	06	054	s06e24b	
cortex_Default	37.23871001675358	209	friends	06	054	s06e24b	
cortex_DorsAttn	41.54123086599057	122	friends	06	054	s06e24b	
cortex_Limbic	17.540307063874984	60	friends	06	054	s06e24b	
cortex_SalVentAttn	39.63755113902058	121	friends	06	054	s06e24b	
cortex_SomMot	38.962610110757225	194	friends	06	054	s06e24b	
cortex_Vis	31.362959353118043	162	friends	06	054	s06e24b	
subcortex_CAU	29.22342753036882	8	friends	06	054	s06e24b	
subcortex_PUT	29.052558397932337	8	friends	06	054	s06e24b	
subcortex_THA	28.374999411819456	14	friends	06	054	s06e24b	
cerebellum	33.09994432700706	88	friends	06	054	s06e24c	
cortex_Cont	40.010139717652216	128	friends	06	054	s06e24c	
cortex_Default	37.98237264839764	209	friends	06	054	s06e24c	
cortex_DorsAttn	45.10206336189962	122	friends	06	054	s06e24c	
cortex_Limbic	16.924016419443838	60	friends	06	054	s06e24c	
cortex_SalVentAttn	40.07226353269961	121	friends	06	054	s06e24c	
cortex_SomMot	40.13652734582583	194	friends	06	054	s06e24c	
cortex_Vis	33.826086078066545	162	friends	06	054	s06e24c	
subcortex_CAU	28.878056882790332	8	friends	06	054	s06e24c	
subcortex_PUT	28.87993346448492	8	friends	06	054	s06e24c	
subcortex_THA	28.260145885760362	14	friends	06	054	s06e24c	
cerebellum	32.089352147100946	88	friends	06	055	s06e24d	
cortex_Cont	39.300654258746874	128	friends	06	055	s06e24d	
cortex_Default	37.17685160952649	209	friends	06	055	s06e24d	
cortex_DorsAttn	42.43548498015211	122	friends	06	055	s06e24d	
cortex_Limbic	17.87427652494648	60	friends	06	055	s06e24d	
cortex_SalVentAttn	39.26418365261381	121	friends	06	055	s06e24d	
cortex_SomMot	39.53826367394242	194	friends	06	055	s06e24d	
cortex_Vis	31.402436718001827	162	friends	06	055	s06e24d	
subcortex_CAU	28.571935557660083	8	friends	06	055	s06e24d	
subcortex_PUT	28.93875601713519	8	friends	06	055	s06e24d	
subcortex_THA	28.56661854812384	14	friends	06	055	s06e24d	
