group	tsnr_mean	n_parcels	dataset	subject	session	task	run
cerebellum	34.01084238291993	88	hcptrt	01	001	gambling	1
cortex_Cont	50.383776553528804	128	hcptrt	01	001	gambling	1
cortex_Default	45.03233193856333	209	hcptrt	01	001	gambling	1
cortex_DorsAttn	51.51534744666207	122	hcptrt	01	001	gambling	1
cortex_Limbic	20.171359537025992	60	hcptrt	01	001	gambling	1
cortex_SalVentAttn	46.0746103269932	121	hcptrt	01	001	gambling	1
cortex_SomMot	48.68715844228221	194	hcptrt	01	001	gambling	1
cortex_Vis	41.263101787260666	162	hcptrt	01	001	gambling	1
subcortex_CAU	26.27010546210922	8	hcptrt	01	001	gambling	1
subcortex_PUT	26.36404572454026	8	hcptrt	01	001	gambling	1
subcortex_THA	25.955884033403272	14	hcptrt	01	001	gambling	1
cerebellum	34.687514123578026	88	hcptrt	01	001	motor	1
cortex_Cont	51.25713379764518	128	hcptrt	01	001	motor	1
cortex_Default	45.720134075842786	209	hcptrt	01	001	motor	1
cortex_DorsAttn	52.91324654979138	122	hcptrt	01	001	motor	1
cortex_Limbic	19.580414568645317	60	hcptrt	01	001	motor	1
cortex_SalVentAttn	46.514782553639044	121	hcptrt	01	001	motor	1
cortex_SomMot	48.687253238070674	194	hcptrt	01	001	motor	1
cortex_Vis	43.01278527770242	162	hcptrt	01	001	motor	1
subcortex_CAU	26.837206163784543	8	hcptrt	01	001	motor	1
subcortex_PUT	26.47009717313749	8	hcptrt	01	001	motor	1
subcortex_THA	26.45300123460731	14	hcptrt	01	001	motor	1
cerebellum	25.427829561034518	88	hcptrt	01	001	restingstate	1
cortex_Cont	33.79296171415298	128	hcptrt	01	001	restingstate	1
cortex_Default	31.467874245249668	209	hcptrt	01	001	restingstate	1
cortex_DorsAttn	34.96051840322645	122	hcptrt	01	001	restingstate	1
cortex_Limbic	15.056280887592118	60	hcptrt	01	001	restingstate	1
cortex_SalVentAttn	34.61410990709817	121	hcptrt	01	001	restingstate	1
cortex_SomMot	32.46432389646564	194	hcptrt	01	001	restingstate	1
cortex_Vis	27.085927199455757	162	hcptrt	01	001	restingstate	1
subcortex_CAU	22.972399000552517	8	hcptrt	01	001	restingstate	1
subcortex_PUT	24.452100143878184	8	hcptrt	01	001	restingstate	1
subcortex_THA	23.894779375209954	14	hcptrt	01	001	restingstate	1
cerebellum	34.14583303986632	88	hcptrt	01	001	social	1
cortex_Cont	49.33612894197491	128	hcptrt	01	001	social	1
cortex_Default	44.21433199171216	209	hcptrt	01	001	social	1
cortex_DorsAttn	49.4376424381564	122	hcptrt	01	001	social	1
cortex_Limbic	19.826374529647694	60	hcptrt	01	001	social	1
cortex_SalVentAttn	45.326870883795756	121	hcptrt	01	001	social	1
cortex_SomMot	46.96698450609422	194	hcptrt	01	001	social	1
cortex_Vis	39.94836288137703	162	hcptrt	01	001	social	1
subcortex_CAU	26.62954245064294	8	hcptrt	01	001	social	1
subcortex_PUT	26.602416679496468	8	hcptrt	01	001	social	1
subcortex_THA	26.167655272033578	14	hcptrt	01	001	social	1
cerebellum	33.64832936985375	88	hcptrt	01	001	wm	1
cortex_Cont	48.51198738852982	128	hcptrt	01	001	wm	1
cortex_Default	44.53166383315263	209	hcptrt	01	001	wm	1
cortex_DorsAttn	49.65341174589041	122	hcptrt	01	001	wm	1
cortex_Limbic	19.13310463942894	60	hcptrt	01	001	wm	1
cortex_SalVentAttn	45.179868953587345	121	hcptrt	01	001	wm	1
cortex_SomMot	44.78630494342942	194	hcptrt	01	001	wm	1
cortex_Vis	39.679650492925525	162	hcptrt	01	001	wm	1
subcortex_CAU	26.419444966926697	8	hcptrt	01	001	wm	1
subcortex_PUT	26.465659420839092	8	hcptrt	01	001	wm	1
subcortex_THA	25.53471756853667	14	hcptrt	01	001	wm	1
cerebellum	35.41673815431327	88	hcptrt	01	002	emotion	1
cortex_Cont	49.90422335884246	128	hcptrt	01	002	emotion	1
cortex_Default	47.00901818002906	209	hcptrt	01	002	emotion	1
cortex_DorsAttn	50.6307466996738	122	hcptrt	01	002	emotion	1
cortex_Limbic	18.92902137442966	60	hcptrt	01	002	emotion	1
cortex_SalVentAttn	47.78704574580597	121	hcptrt	01	002	emotion	1
cortex_SomMot	49.38528030076692	194	hcptrt	01	002	emotion	1
cortex_Vis	40.1236375947446	162	hcptrt	01	002	emotion	1
subcortex_CAU	28.003678901626866	8	hcptrt	01	002	emotion	1
subcortex_PUT	28.35922638816984	8	hcptrt	01	002	emotion	1
subcortex_THA	26.661081203868623	14	hcptrt	01	002	emotion	1
cerebellum	37.843966013689574	88	hcptrt	01	002	emotion	2
cortex_Cont	52.93215128198647	128	hcptrt	01	002	emotion	2
cortex_Default	48.925736630071825	209	hcptrt	01	002	emotion	2
cortex_DorsAttn	55.004096949104834	122	hcptrt	01	002	emotion	2
cortex_Limbic	20.164153052429675	60	hcptrt	01	002	emotion	2
cortex_SalVentAttn	49.36802112189666	121	hcptrt	01	002	emotion	2
cortex_SomMot	52.164388968072494	194	hcptrt	01	002	emotion	2
cortex_Vis	43.58773648572268	162	hcptrt	01	002	emotion	2
subcortex_CAU	27.82558992260218	8	hcptrt	01	002	emotion	2
subcortex_PUT	27.967182351561416	8	hcptrt	01	002	emotion	2
subcortex_THA	26.617495386330898	14	hcptrt	01	002	emotion	2
cerebellum	35.881548751693344	88	hcptrt	01	002	gambling	1
cortex_Cont	46.63740934160503	128	hcptrt	01	002	gambling	1
cortex_Default	44.39051828937878	209	hcptrt	01	002	gambling	1
cortex_DorsAttn	50.533804576217804	122	hcptrt	01	002	gambling	1
cortex_Limbic	17.530928649558675	60	hcptrt	01	002	gambling	1
cortex_SalVentAttn	46.04375025929121	121	hcptrt	01	002	gambling	1
cortex_SomMot	46.94728178386062	194	hcptrt	01	002	gambling	1
cortex_Vis	40.84989616941415	162	hcptrt	01	002	gambling	1
subcortex_CAU	27.211734369048106	8	hcptrt	01	002	gambling	1
subcortex_PUT	28.112498081991543	8	hcptrt	01	002	gambling	1
subcortex_THA	26.23933526945356	14	hcptrt	01	002	gambling	1
cerebellum	33.491592946766346	88	hcptrt	01	002	gambling	2
cortex_Cont	44.714107803567906	128	hcptrt	01	002	gambling	2
cortex_Default	42.32063552844194	209	hcptrt	01	002	gambling	2
cortex_DorsAttn	47.88300562289954	122	hcptrt	01	002	gambling	2
cortex_Limbic	18.39599055544521	60	hcptrt	01	002	gambling	2
cortex_SalVentAttn	44.91442176473285	121	hcptrt	01	002	gambling	2
cortex_SomMot	45.68844357345027	194	hcptrt	01	002	gambling	2
cortex_Vis	38.59614333152987	162	hcptrt	01	002	gambling	2
subcortex_CAU	27.129379076223525	8	hcptrt	01	002	gambling	2
subcortex_PUT	27.136402823131085	8	hcptrt	01	002	gambling	2
subcortex_THA	26.137318469284573	14	hcptrt	01	002	gambling	2
cerebellum	36.50979816260127	88	hcptrt	01	002	language	1
cortex_Cont	48.767203512816785	128	hcptrt	01	002	language	1
cortex_Default	46.245985319836684	209	hcptrt	01	002	language	1
cortex_DorsAttn	50.514147934576506	122	hcptrt	01	002	language	1
cortex_Limbic	19.176576279930845	60	hcptrt	01	002	language	1
cortex_SalVentAttn	46.57470935925292	121	hcptrt	01	002	language	1
cortex_SomMot	48.04268347197816	194	hcptrt	01	002	language	1
cortex_Vis	42.79912845392479	162	hcptrt	01	002	language	1
subcortex_CAU	27.330873379799087	8	hcptrt	01	002	language	1
subcortex_PUT	28.19169308329966	8	hcptrt	01	002	language	1
subcortex_THA	26.344188155830988	14	hcptrt	01	002	language	1
cerebellum	34.92582233193276	88	hcptrt	01	002	language	2
cortex_Cont	49.68161707006152	128	hcptrt	01	002	language	2
cortex_Default	44.94505803451283	209	hcptrt	01	002	language	2
cortex_DorsAttn	51.49559145162465	122	hcptrt	01	002	language	2
cortex_Limbic	20.29226511558654	60	hcptrt	01	002	language	2
cortex_SalVentAttn	47.181873518568715	121	hcptrt	01	002	language	2
cortex_SomMot	49.74823535643143	194	hcptrt	01	002	language	2
cortex_Vis	42.23296738163524	162	hcptrt	01	002	language	2
subcortex_CAU	27.228223510968363	8	hcptrt	01	002	language	2
subcortex_PUT	27.080405526403315	8	hcptrt	01	002	language	2
subcortex_THA	26.86056435404882	14	hcptrt	01	002	language	2
cerebellum	35.169761840261906	88	hcptrt	01	002	motor	1
cortex_Cont	45.083826112773835	128	hcptrt	01	002	motor	1
cortex_Default	43.160306233648406	209	hcptrt	01	002	motor	1
cortex_DorsAttn	49.03754090993026	122	hcptrt	01	002	motor	1
cortex_Limbic	16.95767506294109	60	hcptrt	01	002	motor	1
cortex_SalVentAttn	45.27356664051459	121	hcptrt	01	002	motor	1
cortex_SomMot	46.366047109259675	194	hcptrt	01	002	motor	1
cortex_Vis	40.55581842967295	162	hcptrt	01	002	motor	1
subcortex_CAU	27.019248486354574	8	hcptrt	01	002	motor	1
subcortex_PUT	27.950047724700948	8	hcptrt	01	002	motor	1
subcortex_THA	26.232028843453588	14	hcptrt	01	002	motor	1
cerebellum	36.41334616280221	88	hcptrt	01	002	motor	2
cortex_Cont	47.71212393937545	128	hcptrt	01	002	motor	2
cortex_Default	44.87639989343513	209	hcptrt	01	002	motor	2
cortex_DorsAttn	50.92917634209708	122	hcptrt	01	002	motor	2
cortex_Limbic	18.67905814006919	60	hcptrt	01	002	motor	2
cortex_SalVentAttn	45.7180335832284	121	hcptrt	01	002	motor	2
cortex_SomMot	46.555961470155324	194	hcptrt	01	002	motor	2
cortex_Vis	42.434057431853304	162	hcptrt	01	002	motor	2
subcortex_CAU	27.72384989179765	8	hcptrt	01	002	motor	2
subcortex_PUT	27.373914381061	8	hcptrt	01	002	motor	2
subcortex_THA	26.367948434518933	14	hcptrt	01	002	motor	2
cerebellum	36.88554670762192	88	hcptrt	01	002	relational	1
cortex_Cont	50.343799871948214	128	hcptrt	01	002	relational	1
cortex_Default	48.041106502167814	209	hcptrt	01	002	relational	1
cortex_DorsAttn	51.82790225975417	122	hcptrt	01	002	relational	1
cortex_Limbic	19.109676735989208	60	hcptrt	01	002	relational	1
cortex_SalVentAttn	47.768554464039326	121	hcptrt	01	002	relational	1
cortex_SomMot	50.6423310500307	194	hcptrt	01	002	relational	1
cortex_Vis	41.71221308966316	162	hcptrt	01	002	relational	1
subcortex_CAU	28.133468044367667	8	hcptrt	01	002	relational	1
subcortex_PUT	28.437173682475176	8	hcptrt	01	002	relational	1
subcortex_THA	26.830536130331968	14	hcptrt	01	002	relational	1
cerebellum	37.04799196939295	88	hcptrt	01	002	relational	2
cortex_Cont	49.64552705931048	128	hcptrt	01	002	relational	2
cortex_Default	46.75017490759495	209	hcptrt	01	002	relational	2
cortex_DorsAttn	51.48875532077101	122	hcptrt	01	002	relational	2
cortex_Limbic	19.73151832307087	60	hcptrt	01	002	relational	2
cortex_SalVentAttn	47.42638434015761	121	hcptrt	01	002	relational	2
cortex_SomMot	50.09952493506845	194	hcptrt	01	002	relational	2
cortex_Vis	41.35876456469414	162	hcptrt	01	002	relational	2
subcortex_CAU	28.10902209142507	8	hcptrt	01	002	relational	2
subcortex_PUT	28.33982548859921	8	hcptrt	01	002	relational	2
subcortex_THA	26.770033507217942	14	hcptrt	01	002	relational	2
cerebellum	36.992792936457576	88	hcptrt	01	002	social	1
cortex_Cont	50.52367164669441	128	hcptrt	01	002	social	1
cortex_Default	47.63243435549013	209	hcptrt	01	002	social	1
cortex_DorsAttn	50.62092399976918	122	hcptrt	01	002	social	1
cortex_Limbic	19.10351038869754	60	hcptrt	01	002	social	1
cortex_SalVentAttn	46.78697632952475	121	hcptrt	01	002	social	1
cortex_SomMot	49.364741754701264	194	hcptrt	01	002	social	1
cortex_Vis	41.136321025157855	162	hcptrt	01	002	social	1
subcortex_CAU	27.649758058753143	8	hcptrt	01	002	social	1
subcortex_PUT	28.088394673816243	8	hcptrt	01	002	social	1
subcortex_THA	26.617113778098478	14	hcptrt	01	002	social	1
cerebellum	36.5250036926818	88	hcptrt	01	002	social	2
cortex_Cont	47.47372874163818	128	hcptrt	01	002	social	2
cortex_Default	44.45911202947331	209	hcptrt	01	002	social	2
cortex_DorsAttn	50.1301037780164	122	hcptrt	01	002	social	2
cortex_Limbic	19.491994519917743	60	hcptrt	01	002	social	2
cortex_SalVentAttn	45.73220636770892	121	hcptrt	01	002	social	2
cortex_SomMot	47.5121139137414	194	hcptrt	01	002	social	2
cortex_Vis	41.53967329551313	162	hcptrt	01	002	social	2
subcortex_CAU	27.620094950534906	8	hcptrt	01	002	social	2
subcortex_PUT	27.48737739168477	8	hcptrt	01	002	social	2
subcortex_THA	26.607456185447802	14	hcptrt	01	002	social	2
cerebellum	36.12412023358908	88	hcptrt	01	002	wm	1
cortex_Cont	49.123770708941	128	hcptrt	01	002	wm	1
cortex_Default	46.99451601303154	209	hcptrt	01	002	wm	1
cortex_DorsAttn	51.535025005937705	122	hcptrt	01	002	wm	1
cortex_Limbic	19.417188852947	60	hcptrt	01	002	wm	1
cortex_SalVentAttn	46.14113408866142	121	hcptrt	01	002	wm	1
cortex_SomMot	49.520021019088794	194	hcptrt	01	002	wm	1
cortex_Vis	41.28701124853374	162	hcptrt	01	002	wm	1
subcortex_CAU	26.87990302281768	8	hcptrt	01	002	wm	1
subcortex_PUT	27.992600083196248	8	hcptrt	01	002	wm	1
subcortex_THA	26.155171297578175	14	hcptrt	01	002	wm	1
cerebellum	34.21104169879838	88	hcptrt	01	002	wm	2
cortex_Cont	46.42009068006021	128	hcptrt	01	002	wm	2
cortex_Default	43.99044881865333	209	hcptrt	01	002	wm	2
cortex_DorsAttn	47.55415796823248	122	hcptrt	01	002	wm	2
cortex_Limbic	19.15094733557739	60	hcptrt	01	002	wm	2
cortex_SalVentAttn	45.28270063382492	121	hcptrt	01	002	wm	2
cortex_SomMot	46.28279345401895	194	hcptrt	01	002	wm	2
cortex_Vis	38.29141414917149	162	hcptrt	01	002	wm	2
subcortex_CAU	27.490082389828046	8	hcptrt	01	002	wm	2
subcortex_PUT	27.484674533703267	8	hcptrt	01	002	wm	2
subcortex_THA	26.59885297639366	14	hcptrt	01	002	wm	2
cerebellum	38.18245891400572	88	hcptrt	01	003	emotion	1
cortex_Cont	52.30111163949133	128	hcptrt	01	003	emotion	1
cortex_Default	48.08542906583775	209	hcptrt	01	003	emotion	1
cortex_DorsAttn	55.35838527437272	122	hcptrt	01	003	emotion	1
cortex_Limbic	19.530088667120122	60	hcptrt	01	003	emotion	1
cortex_SalVentAttn	49.629504503810836	121	hcptrt	01	003	emotion	1
cortex_SomMot	52.19738118452575	194	hcptrt	01	003	emotion	1
cortex_Vis	43.35201727233389	162	hcptrt	01	003	emotion	1
subcortex_CAU	28.545224624720113	8	hcptrt	01	003	emotion	1
subcortex_PUT	29.927113409963457	8	hcptrt	01	003	emotion	1
subcortex_THA	27.019165702483807	14	hcptrt	01	003	emotion	1
cerebellum	37.94953108405918	88	hcptrt	01	003	gambling	1
cortex_Cont	51.438873141856874	128	hcptrt	01	003	gambling	1
cortex_Default	47.72383389744751	209	hcptrt	01	003	gambling	1
cortex_DorsAttn	53.85016201268114	122	hcptrt	01	003	gambling	1
cortex_Limbic	20.079949746832877	60	hcptrt	01	003	gambling	1
cortex_SalVentAttn	48.95561810885031	121	hcptrt	01	003	gambling	1
cortex_SomMot	51.42403287737052	194	hcptrt	01	003	gambling	1
cortex_Vis	42.88258278152524	162	hcptrt	01	003	gambling	1
subcortex_CAU	28.056514038668343	8	hcptrt	01	003	gambling	1
subcortex_PUT	28.662873273667696	8	hcptrt	01	003	gambling	1
subcortex_THA	26.703340712009826	14	hcptrt	01	003	gambling	1
cerebellum	36.287567559254704	88	hcptrt	01	003	language	1
cortex_Cont	49.27288276189952	128	hcptrt	01	003	language	1
cortex_Default	45.3239638362056	209	hcptrt	01	003	language	1
cortex_DorsAttn	51.5155919781785	122	hcptrt	01	003	language	1
cortex_Limbic	19.060323410785518	60	hcptrt	01	003	language	1
cortex_SalVentAttn	46.389572187815375	121	hcptrt	01	003	language	1
cortex_SomMot	48.076647970841954	194	hcptrt	01	003	language	1
cortex_Vis	42.32201629193967	162	hcptrt	01	003	language	1
subcortex_CAU	27.924970410197492	8	hcptrt	01	003	language	1
subcortex_PUT	27.978246393671252	8	hcptrt	01	003	language	1
subcortex_THA	26.512305199454904	14	hcptrt	01	003	language	1
cerebellum	37.516141590028504	88	hcptrt	01	003	motor	1
cortex_Cont	50.429802478404	128	hcptrt	01	003	motor	1
cortex_Default	46.449515003075554	209	hcptrt	01	003	motor	1
cortex_DorsAttn	53.410525584396936	122	hcptrt	01	003	motor	1
cortex_Limbic	19.665329509965105	60	hcptrt	01	003	motor	1
cortex_SalVentAttn	47.59115406743691	121	hcptrt	01	003	motor	1
cortex_SomMot	49.00100188745497	194	hcptrt	01	003	motor	1
cortex_Vis	43.2891063617566	162	hcptrt	01	003	motor	1
subcortex_CAU	28.12337337972179	8	hcptrt	01	003	motor	1
subcortex_PUT	28.251971698845097	8	hcptrt	01	003	motor	1
subcortex_THA	26.76614499476772	14	hcptrt	01	003	motor	1
cerebellum	36.26779777361943	88	hcptrt	01	003	relational	1
cortex_Cont	49.70339989402635	128	hcptrt	01	003	relational	1
cortex_Default	46.3051424726349	209	hcptrt	01	003	relational	1
cortex_DorsAttn	50.828686354294	122	hcptrt	01	003	relational	1
cortex_Limbic	20.111110847842966	60	hcptrt	01	003	relational	1
cortex_SalVentAttn	47.517347368723165	121	hcptrt	01	003	relational	1
cortex_SomMot	49.12053580259206	194	hcptrt	01	003	relational	1
cortex_Vis	39.38140434718458	162	hcptrt	01	003	relational	1
subcortex_CAU	28.43043999541545	8	hcptrt	01	003	relational	1
subcortex_PUT	28.339515495362374	8	hcptrt	01	003	relational	1
subcortex_THA	26.773054088892742	14	hcptrt	01	003	relational	1
cerebellum	28.331241868952045	88	hcptrt	01	003	restingstate	1
cortex_Cont	35.50501366871289	128	hcptrt	01	003	restingstate	1
cortex_Default	33.4994339117774	209	hcptrt	01	003	restingstate	1
cortex_DorsAttn	36.880306956136636	122	hcptrt	01	003	restingstate	1
cortex_Limbic	14.772985949292767	60	hcptrt	01	003	restingstate	1
cortex_SalVentAttn	36.50399612360575	121	hcptrt	01	003	restingstate	1
cortex_SomMot	34.07854249090485	194	hcptrt	01	003	restingstate	1
cortex_Vis	28.597609740121023	162	hcptrt	01	003	restingstate	1
subcortex_CAU	24.91486070441649	8	hcptrt	01	003	restingstate	1
subcortex_PUT	25.87919227330577	8	hcptrt	01	003	restingstate	1
subcortex_THA	24.626495215182352	14	hcptrt	01	003	restingstate	1
cerebellum	35.86016209744807	88	hcptrt	01	003	social	1
cortex_Cont	47.94535336556885	128	hcptrt	01	003	social	1
cortex_Default	44.302983653745926	209	hcptrt	01	003	social	1
cortex_DorsAttn	49.55241777792978	122	hcptrt	01	003	social	1
cortex_Limbic	18.690835479211078	60	hcptrt	01	003	social	1
cortex_SalVentAttn	45.91621425586956	121	hcptrt	01	003	social	1
cortex_SomMot	48.10650125942896	194	hcptrt	01	003	social	1
cortex_Vis	39.31250678454662	162	hcptrt	01	003	social	1
subcortex_CAU	27.8419320316686	8	hcptrt	01	003	social	1
subcortex_PUT	28.264817974859508	8	hcptrt	01	003	social	1
subcortex_THA	26.42150063032389	14	hcptrt	01	003	social	1
cerebellum	32.89115297297162	88	hcptrt	01	003	wm	1
cortex_Cont	47.96887782696257	128	hcptrt	01	003	wm	1
cortex_Default	44.53872054535879	209	hcptrt	01	003	wm	1
cortex_DorsAttn	44.09879815696518	122	hcptrt	01	003	wm	1
cortex_Limbic	19.468464979448914	60	hcptrt	01	003	wm	1
cortex_SalVentAttn	44.13683409226192	121	hcptrt	01	003	wm	1
cortex_SomMot	36.296567839643025	194	hcptrt	01	003	wm	1
cortex_Vis	39.41575419327093	162	hcptrt	01	003	wm	1
subcortex_CAU	25.826962516147855	8	hcptrt	01	003	wm	1
subcortex_PUT	26.02920564013214	8	hcptrt	01	003	wm	1
subcortex_THA	25.71199584396884	14	hcptrt	01	003	wm	1
cerebellum	34.43159679510604	88	hcptrt	01	004	emotion	1
cortex_Cont	48.298589253891215	128	hcptrt	01	004	emotion	1
cortex_Default	45.03119788208685	209	hcptrt	01	004	emotion	1
cortex_DorsAttn	49.34191837579774	122	hcptrt	01	004	emotion	1
cortex_Limbic	17.800599615245023	60	hcptrt	01	004	emotion	1
cortex_SalVentAttn	46.12003340374617	121	hcptrt	01	004	emotion	1
cortex_SomMot	47.418456831889024	194	hcptrt	01	004	emotion	1
cortex_Vis	39.54179866815188	162	hcptrt	01	004	emotion	1
subcortex_CAU	26.9733085681718	8	hcptrt	01	004	emotion	1
subcortex_PUT	26.538008483672158	8	hcptrt	01	004	emotion	1
subcortex_THA	26.192849062836196	14	hcptrt	01	004	emotion	1
cerebellum	36.02671995201692	88	hcptrt	01	004	gambling	1
cortex_Cont	51.769532058073295	128	hcptrt	01	004	gambling	1
cortex_Default	48.22805056885458	209	hcptrt	01	004	gambling	1
cortex_DorsAttn	52.438867083225325	122	hcptrt	01	004	gambling	1
cortex_Limbic	19.04044725619097	60	hcptrt	01	004	gambling	1
cortex_SalVentAttn	48.22731686879674	121	hcptrt	01	004	gambling	1
cortex_SomMot	50.55149956229395	194	hcptrt	01	004	gambling	1
cortex_Vis	41.83024393086612	162	hcptrt	01	004	gambling	1
subcortex_CAU	27.516307645472665	8	hcptrt	01	004	gambling	1
subcortex_PUT	26.58720347489967	8	hcptrt	01	004	gambling	1
subcortex_THA	26.70391982501378	14	hcptrt	01	004	gambling	1
cerebellum	34.29731755972338	88	hcptrt	01	004	language	1
cortex_Cont	47.60522567861879	128	hcptrt	01	004	language	1
cortex_Default	44.276021291049055	209	hcptrt	01	004	language	1
cortex_DorsAttn	49.03416255521443	122	hcptrt	01	004	language	1
cortex_Limbic	18.152438695611885	60	hcptrt	01	004	language	1
cortex_SalVentAttn	45.74096588870724	121	hcptrt	01	004	language	1
cortex_SomMot	47.18405786313377	194	hcptrt	01	004	language	1
cortex_Vis	40.56676382877567	162	hcptrt	01	004	language	1
subcortex_CAU	26.70573620551753	8	hcptrt	01	004	language	1
subcortex_PUT	25.974049726548092	8	hcptrt	01	004	language	1
subcortex_THA	26.443387416241908	14	hcptrt	01	004	language	1
cerebellum	34.00421328242393	88	hcptrt	01	004	motor	1
cortex_Cont	47.219234531649455	128	hcptrt	01	004	motor	1
cortex_Default	43.92514035407233	209	hcptrt	01	004	motor	1
cortex_DorsAttn	49.35796758304129	122	hcptrt	01	004	motor	1
cortex_Limbic	17.46211318650699	60	hcptrt	01	004	motor	1
cortex_SalVentAttn	45.64008879088478	121	hcptrt	01	004	motor	1
cortex_SomMot	46.7106247702469	194	hcptrt	01	004	motor	1
cortex_Vis	40.046731625694065	162	hcptrt	01	004	motor	1
subcortex_CAU	27.15648670300904	8	hcptrt	01	004	motor	1
subcortex_PUT	26.518760069813872	8	hcptrt	01	004	motor	1
subcortex_THA	26.596542714071045	14	hcptrt	01	004	motor	1
cerebellum	36.76705474157458	88	hcptrt	01	004	relational	1
cortex_Cont	52.26325192341604	128	hcptrt	01	004	relational	1
cortex_Default	48.90958180496943	209	hcptrt	01	004	relational	1
cortex_DorsAttn	52.446516147376634	122	hcptrt	01	004	relational	1
cortex_Limbic	19.671667976780334	60	hcptrt	01	004	relational	1
cortex_SalVentAttn	48.983155127416296	121	hcptrt	01	004	relational	1
cortex_SomMot	52.231275857077215	194	hcptrt	01	004	relational	1
cortex_Vis	41.95784368803121	162	hcptrt	01	004	relational	1
subcortex_CAU	28.089688095659113	8	hcptrt	01	004	relational	1
subcortex_PUT	27.062273689388544	8	hcptrt	01	004	relational	1
subcortex_THA	26.92759917816469	14	hcptrt	01	004	relational	1
cerebellum	29.450050180175833	88	hcptrt	01	004	restingstate	1
cortex_Cont	39.614173725434725	128	hcptrt	01	004	restingstate	1
cortex_Default	37.35176679200643	209	hcptrt	01	004	restingstate	1
cortex_DorsAttn	40.807210993261286	122	hcptrt	01	004	restingstate	1
cortex_Limbic	15.80542466069488	60	hcptrt	01	004	restingstate	1
cortex_SalVentAttn	39.87061952207215	121	hcptrt	01	004	restingstate	1
cortex_SomMot	39.148005111326455	194	hcptrt	01	004	restingstate	1
cortex_Vis	31.258911388522023	162	hcptrt	01	004	restingstate	1
subcortex_CAU	26.305568828962436	8	hcptrt	01	004	restingstate	1
subcortex_PUT	26.00602926519403	8	hcptrt	01	004	restingstate	1
subcortex_THA	25.612101980203615	14	hcptrt	01	004	restingstate	1
cerebellum	36.462125562258215	88	hcptrt	01	004	social	1
cortex_Cont	51.02948841140275	128	hcptrt	01	004	social	1
cortex_Default	47.201553707293215	209	hcptrt	01	004	social	1
cortex_DorsAttn	50.60795273645001	122	hcptrt	01	004	social	1
cortex_Limbic	18.966174385458476	60	hcptrt	01	004	social	1
cortex_SalVentAttn	47.04488484713316	121	hcptrt	01	004	social	1
cortex_SomMot	49.518424158933314	194	hcptrt	01	004	social	1
cortex_Vis	40.68877467149697	162	hcptrt	01	004	social	1
subcortex_CAU	27.79980503547062	8	hcptrt	01	004	social	1
subcortex_PUT	26.73805351945066	8	hcptrt	01	004	social	1
subcortex_THA	26.434078422375592	14	hcptrt	01	004	social	1
cerebellum	35.24159041363365	88	hcptrt	01	004	wm	1
cortex_Cont	49.42104674366273	128	hcptrt	01	004	wm	1
cortex_Default	46.257929504326114	209	hcptrt	01	004	wm	1
cortex_DorsAttn	49.8099993196337	122	hcptrt	01	004	wm	1
cortex_Limbic	18.50216062108093	60	hcptrt	01	004	wm	1
cortex_SalVentAttn	46.64142556433227	121	hcptrt	01	004	wm	1
cortex_SomMot	49.071250117427724	194	hcptrt	01	004	wm	1
cortex_Vis	39.807875306050725	162	hcptrt	01	004	wm	1
subcortex_CAU	27.269691886691206	8	hcptrt	01	004	wm	1
subcortex_PUT	26.7692019882962	8	hcptrt	01	004	wm	1
subcortex_THA	26.233450469954754	14	hcptrt	01	004	wm	1
cerebellum	36.78258365773204	88	hcptrt	01	005	emotion	1
cortex_Cont	49.06718357259636	128	hcptrt	01	005	emotion	1
cortex_Default	45.88137699068397	209	hcptrt	01	005	emotion	1
cortex_DorsAttn	52.03874998120238	122	hcptrt	01	005	emotion	1
cortex_Limbic	18.217318684956933	60	hcptrt	01	005	emotion	1
cortex_SalVentAttn	47.09869258146075	121	hcptrt	01	005	emotion	1
cortex_SomMot	49.49582298637049	194	hcptrt	01	005	emotion	1
cortex_Vis	43.29627911662655	162	hcptrt	01	005	emotion	1
subcortex_CAU	29.529495554664226	8	hcptrt	01	005	emotion	1
subcortex_PUT	31.295514580063294	8	hcptrt	01	005	emotion	1
subcortex_THA	27.07121605048536	14	hcptrt	01	005	emotion	1
cerebellum	33.46154230958576	88	hcptrt	01	005	emotion	2
cortex_Cont	46.76195828162697	128	hcptrt	01	005	emotion	2
cortex_Default	44.47153858575815	209	hcptrt	01	005	emotion	2
cortex_DorsAttn	47.730401479479696	122	hcptrt	01	005	emotion	2
cortex_Limbic	18.143667818055814	60	hcptrt	01	005	emotion	2
cortex_SalVentAttn	45.10789186715618	121	hcptrt	01	005	emotion	2
cortex_SomMot	46.71023862729667	194	hcptrt	01	005	emotion	2
cortex_Vis	40.52547620596683	162	hcptrt	01	005	emotion	2
subcortex_CAU	28.055114180249454	8	hcptrt	01	005	emotion	2
subcortex_PUT	29.45725527624664	8	hcptrt	01	005	emotion	2
subcortex_THA	26.296640253575212	14	hcptrt	01	005	emotion	2
cerebellum	31.30407668828757	88	hcptrt	01	005	gambling	1
cortex_Cont	44.07340773135744	128	hcptrt	01	005	gambling	1
cortex_Default	41.6907642936831	209	hcptrt	01	005	gambling	1
cortex_DorsAttn	46.90611811030425	122	hcptrt	01	005	gambling	1
cortex_Limbic	16.879926950647842	60	hcptrt	01	005	gambling	1
cortex_SalVentAttn	43.766083727392875	121	hcptrt	01	005	gambling	1
cortex_SomMot	45.072693210589314	194	hcptrt	01	005	gambling	1
cortex_Vis	38.25494377298898	162	hcptrt	01	005	gambling	1
subcortex_CAU	28.892773018903238	8	hcptrt	01	005	gambling	1
subcortex_PUT	30.721643085958455	8	hcptrt	01	005	gambling	1
subcortex_THA	26.45086316441421	14	hcptrt	01	005	gambling	1
cerebellum	33.61721804188957	88	hcptrt	01	005	gambling	2
cortex_Cont	48.210617787454694	128	hcptrt	01	005	gambling	2
cortex_Default	45.18629287602067	209	hcptrt	01	005	gambling	2
cortex_DorsAttn	49.63227844892525	122	hcptrt	01	005	gambling	2
cortex_Limbic	18.395928247074007	60	hcptrt	01	005	gambling	2
cortex_SalVentAttn	45.71484933829319	121	hcptrt	01	005	gambling	2
cortex_SomMot	47.907844070925705	194	hcptrt	01	005	gambling	2
cortex_Vis	41.31328157954981	162	hcptrt	01	005	gambling	2
subcortex_CAU	28.643231254062826	8	hcptrt	01	005	gambling	2
subcortex_PUT	30.544540339319386	8	hcptrt	01	005	gambling	2
subcortex_THA	26.18263052513769	14	hcptrt	01	005	gambling	2
cerebellum	35.19200939016249	88	hcptrt	01	005	language	1
cortex_Cont	49.921302888864545	128	hcptrt	01	005	language	1
cortex_Default	45.78386986606247	209	hcptrt	01	005	language	1
cortex_DorsAttn	51.12751284575824	122	hcptrt	01	005	language	1
cortex_Limbic	18.204651569033174	60	hcptrt	01	005	language	1
cortex_SalVentAttn	46.357330912658576	121	hcptrt	01	005	language	1
cortex_SomMot	47.586495817601296	194	hcptrt	01	005	language	1
cortex_Vis	43.37812632945145	162	hcptrt	01	005	language	1
subcortex_CAU	28.871598205392086	8	hcptrt	01	005	language	1
subcortex_PUT	30.077934344744747	8	hcptrt	01	005	language	1
subcortex_THA	26.949866191488553	14	hcptrt	01	005	language	1
cerebellum	32.404516539109494	88	hcptrt	01	005	language	2
cortex_Cont	47.052403808063524	128	hcptrt	01	005	language	2
cortex_Default	43.72474790048281	209	hcptrt	01	005	language	2
cortex_DorsAttn	48.117043337375065	122	hcptrt	01	005	language	2
cortex_Limbic	17.560345081961387	60	hcptrt	01	005	language	2
cortex_SalVentAttn	44.58214114467572	121	hcptrt	01	005	language	2
cortex_SomMot	45.33768065397077	194	hcptrt	01	005	language	2
cortex_Vis	40.09469127918774	162	hcptrt	01	005	language	2
subcortex_CAU	27.40750199661149	8	hcptrt	01	005	language	2
subcortex_PUT	29.564711293434385	8	hcptrt	01	005	language	2
subcortex_THA	25.78696524626054	14	hcptrt	01	005	language	2
cerebellum	32.75528986055425	88	hcptrt	01	005	motor	1
cortex_Cont	47.320984703606285	128	hcptrt	01	005	motor	1
cortex_Default	43.066017305782886	209	hcptrt	01	005	motor	1
cortex_DorsAttn	49.68668592940342	122	hcptrt	01	005	motor	1
cortex_Limbic	17.270911845089827	60	hcptrt	01	005	motor	1
cortex_SalVentAttn	45.22904632592797	121	hcptrt	01	005	motor	1
cortex_SomMot	45.65455197116298	194	hcptrt	01	005	motor	1
cortex_Vis	39.83335598794498	162	hcptrt	01	005	motor	1
subcortex_CAU	27.313929350132273	8	hcptrt	01	005	motor	1
subcortex_PUT	27.10626890973816	8	hcptrt	01	005	motor	1
subcortex_THA	26.17111317712111	14	hcptrt	01	005	motor	1
cerebellum	34.445191362774516	88	hcptrt	01	005	motor	2
cortex_Cont	47.38286778294636	128	hcptrt	01	005	motor	2
cortex_Default	43.794952921662144	209	hcptrt	01	005	motor	2
cortex_DorsAttn	49.91128359739412	122	hcptrt	01	005	motor	2
cortex_Limbic	17.1987495909186	60	hcptrt	01	005	motor	2
cortex_SalVentAttn	44.51430987027698	121	hcptrt	01	005	motor	2
cortex_SomMot	45.57048612314142	194	hcptrt	01	005	motor	2
cortex_Vis	42.15307195596483	162	hcptrt	01	005	motor	2
subcortex_CAU	28.805481874152044	8	hcptrt	01	005	motor	2
subcortex_PUT	30.860862295454417	8	hcptrt	01	005	motor	2
subcortex_THA	26.36880691036013	14	hcptrt	01	005	motor	2
cerebellum	32.017175434597796	88	hcptrt	01	005	relational	1
cortex_Cont	48.328597833290985	128	hcptrt	01	005	relational	1
cortex_Default	44.18569684815328	209	hcptrt	01	005	relational	1
cortex_DorsAttn	49.74087090240998	122	hcptrt	01	005	relational	1
cortex_Limbic	17.681792099574185	60	hcptrt	01	005	relational	1
cortex_SalVentAttn	45.82946804195641	121	hcptrt	01	005	relational	1
cortex_SomMot	46.941303601062216	194	hcptrt	01	005	relational	1
cortex_Vis	39.53656434525436	162	hcptrt	01	005	relational	1
subcortex_CAU	27.84889845821642	8	hcptrt	01	005	relational	1
subcortex_PUT	27.44001484854646	8	hcptrt	01	005	relational	1
subcortex_THA	26.52103749810732	14	hcptrt	01	005	relational	1
cerebellum	32.62993300974126	88	hcptrt	01	005	relational	2
cortex_Cont	48.85438769841068	128	hcptrt	01	005	relational	2
cortex_Default	45.6200949649353	209	hcptrt	01	005	relational	2
cortex_DorsAttn	49.572799673943436	122	hcptrt	01	005	relational	2
cortex_Limbic	18.479767930127643	60	hcptrt	01	005	relational	2
cortex_SalVentAttn	45.9520303802039	121	hcptrt	01	005	relational	2
cortex_SomMot	47.333563382026796	194	hcptrt	01	005	relational	2
cortex_Vis	40.657780050638486	162	hcptrt	01	005	relational	2
subcortex_CAU	27.764304960380585	8	hcptrt	01	005	relational	2
subcortex_PUT	29.30429008979287	8	hcptrt	01	005	relational	2
subcortex_THA	26.200956170304462	14	hcptrt	01	005	relational	2
cerebellum	31.644895844320512	88	hcptrt	01	005	social	1
cortex_Cont	43.45190888231826	128	hcptrt	01	005	social	1
cortex_Default	41.22730687194342	209	hcptrt	01	005	social	1
cortex_DorsAttn	45.684595015560134	122	hcptrt	01	005	social	1
cortex_Limbic	16.703888468034528	60	hcptrt	01	005	social	1
cortex_SalVentAttn	43.61175846154993	121	hcptrt	01	005	social	1
cortex_SomMot	43.76041508144808	194	hcptrt	01	005	social	1
cortex_Vis	37.666682452066645	162	hcptrt	01	005	social	1
subcortex_CAU	29.011510321102982	8	hcptrt	01	005	social	1
subcortex_PUT	30.56585355055508	8	hcptrt	01	005	social	1
subcortex_THA	26.631745109785392	14	hcptrt	01	005	social	1
cerebellum	34.312825120737145	88	hcptrt	01	005	social	2
cortex_Cont	47.729919721819414	128	hcptrt	01	005	social	2
cortex_Default	44.882196040710646	209	hcptrt	01	005	social	2
cortex_DorsAttn	48.38404709617842	122	hcptrt	01	005	social	2
cortex_Limbic	18.04263194662747	60	hcptrt	01	005	social	2
cortex_SalVentAttn	45.62655332173294	121	hcptrt	01	005	social	2
cortex_SomMot	46.39907026423877	194	hcptrt	01	005	social	2
cortex_Vis	40.74359172376041	162	hcptrt	01	005	social	2
subcortex_CAU	29.4797150196377	8	hcptrt	01	005	social	2
subcortex_PUT	31.463163668690406	8	hcptrt	01	005	social	2
subcortex_THA	26.60654034472307	14	hcptrt	01	005	social	2
cerebellum	33.89508679636705	88	hcptrt	01	005	wm	1
cortex_Cont	46.875409472468036	128	hcptrt	01	005	wm	1
cortex_Default	43.51557675581783	209	hcptrt	01	005	wm	1
cortex_DorsAttn	50.50018192622564	122	hcptrt	01	005	wm	1
cortex_Limbic	17.319578334519296	60	hcptrt	01	005	wm	1
cortex_SalVentAttn	45.30292251336761	121	hcptrt	01	005	wm	1
cortex_SomMot	47.67408330099918	194	hcptrt	01	005	wm	1
cortex_Vis	40.92526084782485	162	hcptrt	01	005	wm	1
subcortex_CAU	27.58819413237152	8	hcptrt	01	005	wm	1
subcortex_PUT	27.055088180493712	8	hcptrt	01	005	wm	1
subcortex_THA	26.587960687015475	14	hcptrt	01	005	wm	1
cerebellum	31.438053288819752	88	hcptrt	01	005	wm	2
cortex_Cont	49.896736746086674	128	hcptrt	01	005	wm	2
cortex_Default	45.295236176547974	209	hcptrt	01	005	wm	2
cortex_DorsAttn	50.283556078101356	122	hcptrt	01	005	wm	2
cortex_Limbic	18.279576680451342	60	hcptrt	01	005	wm	2
cortex_SalVentAttn	47.01182487450534	121	hcptrt	01	005	wm	2
cortex_SomMot	49.9305470428168	194	hcptrt	01	005	wm	2
cortex_Vis	39.80951028074577	162	hcptrt	01	005	wm	2
subcortex_CAU	28.37133921375298	8	hcptrt	01	005	wm	2
subcortex_PUT	27.567346454058605	8	hcptrt	01	005	wm	2
subcortex_THA	26.27700963314917	14	hcptrt	01	005	wm	2
cerebellum	28.25015705255663	88	hcptrt	01	006	emotion	1
cortex_Cont	39.3427482648607	128	hcptrt	01	006	emotion	1
cortex_Default	36.7519797653564	209	hcptrt	01	006	emotion	1
cortex_DorsAttn	40.76171859328992	122	hcptrt	01	006	emotion	1
cortex_Limbic	16.332907528853458	60	hcptrt	01	006	emotion	1
cortex_SalVentAttn	40.632255665912865	121	hcptrt	01	006	emotion	1
cortex_SomMot	40.199826927650626	194	hcptrt	01	006	emotion	1
cortex_Vis	31.541961460434397	162	hcptrt	01	006	emotion	1
subcortex_CAU	25.928746860833733	8	hcptrt	01	006	emotion	1
subcortex_PUT	26.69192650126082	8	hcptrt	01	006	emotion	1
subcortex_THA	25.145759572813947	14	hcptrt	01	006	emotion	1
cerebellum	37.10277113470317	88	hcptrt	01	006	emotion	2
cortex_Cont	50.43810534995678	128	hcptrt	01	006	emotion	2
cortex_Default	47.02887333777688	209	hcptrt	01	006	emotion	2
cortex_DorsAttn	53.3419120963878	122	hcptrt	01	006	emotion	2
cortex_Limbic	18.6687701812514	60	hcptrt	01	006	emotion	2
cortex_SalVentAttn	48.784883729417245	121	hcptrt	01	006	emotion	2
cortex_SomMot	50.83909605272373	194	hcptrt	01	006	emotion	2
cortex_Vis	42.91023718411874	162	hcptrt	01	006	emotion	2
subcortex_CAU	28.495906821219275	8	hcptrt	01	006	emotion	2
subcortex_PUT	29.20969576416641	8	hcptrt	01	006	emotion	2
subcortex_THA	27.300746903533327	14	hcptrt	01	006	emotion	2
cerebellum	36.3570524767897	88	hcptrt	01	006	gambling	1
cortex_Cont	49.39577915181628	128	hcptrt	01	006	gambling	1
cortex_Default	46.24963480581058	209	hcptrt	01	006	gambling	1
cortex_DorsAttn	51.21011422572074	122	hcptrt	01	006	gambling	1
cortex_Limbic	19.663744499252868	60	hcptrt	01	006	gambling	1
cortex_SalVentAttn	47.22278743755772	121	hcptrt	01	006	gambling	1
cortex_SomMot	49.59813743895043	194	hcptrt	01	006	gambling	1
cortex_Vis	40.8935446869077	162	hcptrt	01	006	gambling	1
subcortex_CAU	27.79893913704535	8	hcptrt	01	006	gambling	1
subcortex_PUT	28.02255439672028	8	hcptrt	01	006	gambling	1
subcortex_THA	26.662546839082776	14	hcptrt	01	006	gambling	1
cerebellum	34.10066168572709	88	hcptrt	01	006	gambling	2
cortex_Cont	47.87292453119668	128	hcptrt	01	006	gambling	2
cortex_Default	44.58980500311422	209	hcptrt	01	006	gambling	2
cortex_DorsAttn	49.34687270401784	122	hcptrt	01	006	gambling	2
cortex_Limbic	18.295632395729328	60	hcptrt	01	006	gambling	2
cortex_SalVentAttn	46.43481025770664	121	hcptrt	01	006	gambling	2
cortex_SomMot	47.27958279192265	194	hcptrt	01	006	gambling	2
cortex_Vis	39.36702853068852	162	hcptrt	01	006	gambling	2
subcortex_CAU	27.25485728576893	8	hcptrt	01	006	gambling	2
subcortex_PUT	28.697119778880015	8	hcptrt	01	006	gambling	2
subcortex_THA	26.544194758355406	14	hcptrt	01	006	gambling	2
cerebellum	32.971858245681425	88	hcptrt	01	006	language	1
cortex_Cont	43.65210555039929	128	hcptrt	01	006	language	1
cortex_Default	40.88392986106115	209	hcptrt	01	006	language	1
cortex_DorsAttn	45.33233266249246	122	hcptrt	01	006	language	1
cortex_Limbic	17.377075708038547	60	hcptrt	01	006	language	1
cortex_SalVentAttn	43.21290097053848	121	hcptrt	01	006	language	1
cortex_SomMot	42.36555129324464	194	hcptrt	01	006	language	1
cortex_Vis	37.79145258567551	162	hcptrt	01	006	language	1
subcortex_CAU	26.697541395712918	8	hcptrt	01	006	language	1
subcortex_PUT	28.60220570808201	8	hcptrt	01	006	language	1
subcortex_THA	26.086232981230022	14	hcptrt	01	006	language	1
cerebellum	36.09614366928665	88	hcptrt	01	006	language	2
cortex_Cont	48.803884894018715	128	hcptrt	01	006	language	2
cortex_Default	44.806938964106784	209	hcptrt	01	006	language	2
cortex_DorsAttn	51.26325850765084	122	hcptrt	01	006	language	2
cortex_Limbic	18.011840796182476	60	hcptrt	01	006	language	2
cortex_SalVentAttn	46.513019748391216	121	hcptrt	01	006	language	2
cortex_SomMot	47.775930940513945	194	hcptrt	01	006	language	2
cortex_Vis	43.49141125055239	162	hcptrt	01	006	language	2
subcortex_CAU	28.01569938635238	8	hcptrt	01	006	language	2
subcortex_PUT	29.05273955192551	8	hcptrt	01	006	language	2
subcortex_THA	26.80773563636802	14	hcptrt	01	006	language	2
cerebellum	35.81425215153237	88	hcptrt	01	006	motor	1
cortex_Cont	49.58180869883709	128	hcptrt	01	006	motor	1
cortex_Default	45.85433427570528	209	hcptrt	01	006	motor	1
cortex_DorsAttn	51.08879426919675	122	hcptrt	01	006	motor	1
cortex_Limbic	19.210274258257236	60	hcptrt	01	006	motor	1
cortex_SalVentAttn	47.273761567097395	121	hcptrt	01	006	motor	1
cortex_SomMot	47.77678352205901	194	hcptrt	01	006	motor	1
cortex_Vis	40.928541729404145	162	hcptrt	01	006	motor	1
subcortex_CAU	28.225651181207738	8	hcptrt	01	006	motor	1
subcortex_PUT	29.462233073916416	8	hcptrt	01	006	motor	1
subcortex_THA	26.807843336986146	14	hcptrt	01	006	motor	1
cerebellum	33.353551644704034	88	hcptrt	01	006	motor	2
cortex_Cont	45.13687265484075	128	hcptrt	01	006	motor	2
cortex_Default	42.41201499574001	209	hcptrt	01	006	motor	2
cortex_DorsAttn	47.076008267398166	122	hcptrt	01	006	motor	2
cortex_Limbic	17.49852523982883	60	hcptrt	01	006	motor	2
cortex_SalVentAttn	45.336543761531594	121	hcptrt	01	006	motor	2
cortex_SomMot	44.74982986473944	194	hcptrt	01	006	motor	2
cortex_Vis	38.57782940865064	162	hcptrt	01	006	motor	2
subcortex_CAU	27.2068969882164	8	hcptrt	01	006	motor	2
subcortex_PUT	28.295238084061495	8	hcptrt	01	006	motor	2
subcortex_THA	26.9064236417935	14	hcptrt	01	006	motor	2
cerebellum	37.462764053545406	88	hcptrt	01	006	relational	1
cortex_Cont	51.72424876827674	128	hcptrt	01	006	relational	1
cortex_Default	47.71721606640142	209	hcptrt	01	006	relational	1
cortex_DorsAttn	53.35790286798285	122	hcptrt	01	006	relational	1
cortex_Limbic	19.742077219312357	60	hcptrt	01	006	relational	1
cortex_SalVentAttn	49.04333226420661	121	hcptrt	01	006	relational	1
cortex_SomMot	51.2523585368082	194	hcptrt	01	006	relational	1
cortex_Vis	42.93307020057214	162	hcptrt	01	006	relational	1
subcortex_CAU	28.2338856336526	8	hcptrt	01	006	relational	1
subcortex_PUT	28.231685738555594	8	hcptrt	01	006	relational	1
subcortex_THA	27.002593722596167	14	hcptrt	01	006	relational	1
cerebellum	35.23446971147757	88	hcptrt	01	006	relational	2
cortex_Cont	49.49193042924695	128	hcptrt	01	006	relational	2
cortex_Default	45.937887950227264	209	hcptrt	01	006	relational	2
cortex_DorsAttn	50.58373058855743	122	hcptrt	01	006	relational	2
cortex_Limbic	19.53928130404076	60	hcptrt	01	006	relational	2
cortex_SalVentAttn	47.10391335384691	121	hcptrt	01	006	relational	2
cortex_SomMot	48.98455463813964	194	hcptrt	01	006	relational	2
cortex_Vis	40.54078793666416	162	hcptrt	01	006	relational	2
subcortex_CAU	27.712901410478878	8	hcptrt	01	006	relational	2
subcortex_PUT	28.147059673968926	8	hcptrt	01	006	relational	2
subcortex_THA	26.80612209203449	14	hcptrt	01	006	relational	2
cerebellum	35.872602276215204	88	hcptrt	01	006	social	1
cortex_Cont	48.54445272414769	128	hcptrt	01	006	social	1
cortex_Default	44.93324773105906	209	hcptrt	01	006	social	1
cortex_DorsAttn	50.159009124263335	122	hcptrt	01	006	social	1
cortex_Limbic	18.839405829308813	60	hcptrt	01	006	social	1
cortex_SalVentAttn	46.49417527313512	121	hcptrt	01	006	social	1
cortex_SomMot	48.145859917488835	194	hcptrt	01	006	social	1
cortex_Vis	40.244653342790876	162	hcptrt	01	006	social	1
subcortex_CAU	27.599244331859936	8	hcptrt	01	006	social	1
subcortex_PUT	27.782440984026277	8	hcptrt	01	006	social	1
subcortex_THA	26.542809549060397	14	hcptrt	01	006	social	1
cerebellum	36.635565413210884	88	hcptrt	01	006	social	2
cortex_Cont	49.59841198920983	128	hcptrt	01	006	social	2
cortex_Default	45.95321173417293	209	hcptrt	01	006	social	2
cortex_DorsAttn	50.29804701685826	122	hcptrt	01	006	social	2
cortex_Limbic	19.223610274699137	60	hcptrt	01	006	social	2
cortex_SalVentAttn	47.06158040542965	121	hcptrt	01	006	social	2
cortex_SomMot	49.333324899150135	194	hcptrt	01	006	social	2
cortex_Vis	40.32821021895422	162	hcptrt	01	006	social	2
subcortex_CAU	28.252679376627686	8	hcptrt	01	006	social	2
subcortex_PUT	28.49868523645234	8	hcptrt	01	006	social	2
subcortex_THA	27.135906991178246	14	hcptrt	01	006	social	2
cerebellum	36.39610332802644	88	hcptrt	01	006	wm	1
cortex_Cont	47.657873977865826	128	hcptrt	01	006	wm	1
cortex_Default	44.86518449628439	209	hcptrt	01	006	wm	1
cortex_DorsAttn	50.82796311390441	122	hcptrt	01	006	wm	1
cortex_Limbic	18.624731313190253	60	hcptrt	01	006	wm	1
cortex_SalVentAttn	46.321719721546245	121	hcptrt	01	006	wm	1
cortex_SomMot	48.80563672576403	194	hcptrt	01	006	wm	1
cortex_Vis	40.950693790476464	162	hcptrt	01	006	wm	1
subcortex_CAU	27.2680505764651	8	hcptrt	01	006	wm	1
subcortex_PUT	27.821413440303985	8	hcptrt	01	006	wm	1
subcortex_THA	26.505584436046576	14	hcptrt	01	006	wm	1
cerebellum	35.683339150088486	88	hcptrt	01	006	wm	2
cortex_Cont	48.11284283888038	128	hcptrt	01	006	wm	2
cortex_Default	45.0519057558598	209	hcptrt	01	006	wm	2
cortex_DorsAttn	49.83123690162019	122	hcptrt	01	006	wm	2
cortex_Limbic	18.345074143025307	60	hcptrt	01	006	wm	2
cortex_SalVentAttn	47.050573606222905	121	hcptrt	01	006	wm	2
cortex_SomMot	49.0150310225413	194	hcptrt	01	006	wm	2
cortex_Vis	40.07077667315382	162	hcptrt	01	006	wm	2
subcortex_CAU	27.730371238587995	8	hcptrt	01	006	wm	2
subcortex_PUT	28.137637766599312	8	hcptrt	01	006	wm	2
subcortex_THA	26.805290887112097	14	hcptrt	01	006	wm	2
cerebellum	35.650927700334165	88	hcptrt	01	007	emotion	1
cortex_Cont	48.71373349709313	128	hcptrt	01	007	emotion	1
cortex_Default	43.70728982910079	209	hcptrt	01	007	emotion	1
cortex_DorsAttn	51.85354642021842	122	hcptrt	01	007	emotion	1
cortex_Limbic	17.95949318440921	60	hcptrt	01	007	emotion	1
cortex_SalVentAttn	46.05120977718661	121	hcptrt	01	007	emotion	1
cortex_SomMot	47.69746236035406	194	hcptrt	01	007	emotion	1
cortex_Vis	42.41046115196247	162	hcptrt	01	007	emotion	1
subcortex_CAU	26.177194425290576	8	hcptrt	01	007	emotion	1
subcortex_PUT	27.15036497352084	8	hcptrt	01	007	emotion	1
subcortex_THA	26.262890650810125	14	hcptrt	01	007	emotion	1
cerebellum	36.392336771149196	88	hcptrt	01	007	gambling	1
cortex_Cont	50.20974139266605	128	hcptrt	01	007	gambling	1
cortex_Default	46.02501777654068	209	hcptrt	01	007	gambling	1
cortex_DorsAttn	51.311366033470414	122	hcptrt	01	007	gambling	1
cortex_Limbic	19.326538461037828	60	hcptrt	01	007	gambling	1
cortex_SalVentAttn	47.209535669245135	121	hcptrt	01	007	gambling	1
cortex_SomMot	48.79225298168801	194	hcptrt	01	007	gambling	1
cortex_Vis	41.91090265644408	162	hcptrt	01	007	gambling	1
subcortex_CAU	27.166362945557996	8	hcptrt	01	007	gambling	1
subcortex_PUT	28.12599747300235	8	hcptrt	01	007	gambling	1
subcortex_THA	26.472165049474892	14	hcptrt	01	007	gambling	1
cerebellum	32.22273560681527	88	hcptrt	01	007	language	1
cortex_Cont	45.868392099826124	128	hcptrt	01	007	language	1
cortex_Default	42.04478243496769	209	hcptrt	01	007	language	1
cortex_DorsAttn	46.488212027148535	122	hcptrt	01	007	language	1
cortex_Limbic	18.368473956780058	60	hcptrt	01	007	language	1
cortex_SalVentAttn	43.92426095997623	121	hcptrt	01	007	language	1
cortex_SomMot	43.868919759141896	194	hcptrt	01	007	language	1
cortex_Vis	38.26410703711507	162	hcptrt	01	007	language	1
subcortex_CAU	26.585643477097424	8	hcptrt	01	007	language	1
subcortex_PUT	27.20672195817813	8	hcptrt	01	007	language	1
subcortex_THA	25.6185832164613	14	hcptrt	01	007	language	1
cerebellum	34.35700403863498	88	hcptrt	01	007	motor	1
cortex_Cont	46.93597789836494	128	hcptrt	01	007	motor	1
cortex_Default	42.66758178451686	209	hcptrt	01	007	motor	1
cortex_DorsAttn	49.52915175487194	122	hcptrt	01	007	motor	1
cortex_Limbic	17.426490279411837	60	hcptrt	01	007	motor	1
cortex_SalVentAttn	44.706516465160966	121	hcptrt	01	007	motor	1
cortex_SomMot	44.75555072641437	194	hcptrt	01	007	motor	1
cortex_Vis	41.05093348489513	162	hcptrt	01	007	motor	1
subcortex_CAU	26.60932767681747	8	hcptrt	01	007	motor	1
subcortex_PUT	27.186126923780467	8	hcptrt	01	007	motor	1
subcortex_THA	25.7768913604618	14	hcptrt	01	007	motor	1
cerebellum	36.18815515480363	88	hcptrt	01	007	relational	1
cortex_Cont	50.644591509130066	128	hcptrt	01	007	relational	1
cortex_Default	46.66417177454875	209	hcptrt	01	007	relational	1
cortex_DorsAttn	51.45176467386517	122	hcptrt	01	007	relational	1
cortex_Limbic	19.942019018288054	60	hcptrt	01	007	relational	1
cortex_SalVentAttn	47.21049844779695	121	hcptrt	01	007	relational	1
cortex_SomMot	49.04948432743977	194	hcptrt	01	007	relational	1
cortex_Vis	41.609516354460645	162	hcptrt	01	007	relational	1
subcortex_CAU	27.648818120848812	8	hcptrt	01	007	relational	1
subcortex_PUT	27.876042023136144	8	hcptrt	01	007	relational	1
subcortex_THA	26.59712182421205	14	hcptrt	01	007	relational	1
cerebellum	27.783008651928522	88	hcptrt	01	007	restingstate	1
cortex_Cont	35.520135311748575	128	hcptrt	01	007	restingstate	1
cortex_Default	32.8110589588991	209	hcptrt	01	007	restingstate	1
cortex_DorsAttn	35.72466670993493	122	hcptrt	01	007	restingstate	1
cortex_Limbic	14.039653335123601	60	hcptrt	01	007	restingstate	1
cortex_SalVentAttn	34.96583114430389	121	hcptrt	01	007	restingstate	1
cortex_SomMot	31.72269003124781	194	hcptrt	01	007	restingstate	1
cortex_Vis	27.943326974217676	162	hcptrt	01	007	restingstate	1
subcortex_CAU	23.493288503163292	8	hcptrt	01	007	restingstate	1
subcortex_PUT	23.966464931853828	8	hcptrt	01	007	restingstate	1
subcortex_THA	22.764327640267453	14	hcptrt	01	007	restingstate	1
cerebellum	34.45648744471429	88	hcptrt	01	007	social	1
cortex_Cont	47.726356409100596	128	hcptrt	01	007	social	1
cortex_Default	43.53934876729918	209	hcptrt	01	007	social	1
cortex_DorsAttn	48.02604972793349	122	hcptrt	01	007	social	1
cortex_Limbic	18.937458249465223	60	hcptrt	01	007	social	1
cortex_SalVentAttn	44.60364331935679	121	hcptrt	01	007	social	1
cortex_SomMot	45.67600490399392	194	hcptrt	01	007	social	1
cortex_Vis	38.84645425789088	162	hcptrt	01	007	social	1
subcortex_CAU	26.908055254762886	8	hcptrt	01	007	social	1
subcortex_PUT	26.987979463490223	8	hcptrt	01	007	social	1
subcortex_THA	26.059739761393924	14	hcptrt	01	007	social	1
cerebellum	35.27531283620855	88	hcptrt	01	007	wm	1
cortex_Cont	50.54622123638292	128	hcptrt	01	007	wm	1
cortex_Default	45.588133632227176	209	hcptrt	01	007	wm	1
cortex_DorsAttn	51.58813624328123	122	hcptrt	01	007	wm	1
cortex_Limbic	18.804371882674314	60	hcptrt	01	007	wm	1
cortex_SalVentAttn	46.90477590952029	121	hcptrt	01	007	wm	1
cortex_SomMot	48.92158865555355	194	hcptrt	01	007	wm	1
cortex_Vis	41.299943016150245	162	hcptrt	01	007	wm	1
subcortex_CAU	27.4466609887227	8	hcptrt	01	007	wm	1
subcortex_PUT	27.492571852968805	8	hcptrt	01	007	wm	1
subcortex_THA	26.11782316934691	14	hcptrt	01	007	wm	1
cerebellum	37.52309387497862	88	hcptrt	01	008	emotion	1
cortex_Cont	51.28676950156208	128	hcptrt	01	008	emotion	1
cortex_Default	47.57229861320701	209	hcptrt	01	008	emotion	1
cortex_DorsAttn	52.86481158500613	122	hcptrt	01	008	emotion	1
cortex_Limbic	19.763714977384993	60	hcptrt	01	008	emotion	1
cortex_SalVentAttn	48.93464442233099	121	hcptrt	01	008	emotion	1
cortex_SomMot	51.01469358679702	194	hcptrt	01	008	emotion	1
cortex_Vis	43.34346114409458	162	hcptrt	01	008	emotion	1
subcortex_CAU	27.876033889643082	8	hcptrt	01	008	emotion	1
subcortex_PUT	28.61231729030546	8	hcptrt	01	008	emotion	1
subcortex_THA	26.870808203519754	14	hcptrt	01	008	emotion	1
cerebellum	39.07449109246045	88	hcptrt	01	008	emotion	2
cortex_Cont	53.100218802470984	128	hcptrt	01	008	emotion	2
cortex_Default	48.86109652276198	209	hcptrt	01	008	emotion	2
cortex_DorsAttn	55.56875894533542	122	hcptrt	01	008	emotion	2
cortex_Limbic	20.330229263150162	60	hcptrt	01	008	emotion	2
cortex_SalVentAttn	50.385046975207054	121	hcptrt	01	008	emotion	2
cortex_SomMot	52.448995143518445	194	hcptrt	01	008	emotion	2
cortex_Vis	44.32639746293493	162	hcptrt	01	008	emotion	2
subcortex_CAU	27.970681007299454	8	hcptrt	01	008	emotion	2
subcortex_PUT	28.386869848587647	8	hcptrt	01	008	emotion	2
subcortex_THA	27.352009898660278	14	hcptrt	01	008	emotion	2
cerebellum	35.09748803926798	88	hcptrt	01	008	gambling	1
cortex_Cont	45.99918593561672	128	hcptrt	01	008	gambling	1
cortex_Default	43.02855846047266	209	hcptrt	01	008	gambling	1
cortex_DorsAttn	48.8355442103121	122	hcptrt	01	008	gambling	1
cortex_Limbic	18.595758404046606	60	hcptrt	01	008	gambling	1
cortex_SalVentAttn	45.50588981235552	121	hcptrt	01	008	gambling	1
cortex_SomMot	46.068075516146614	194	hcptrt	01	008	gambling	1
cortex_Vis	39.675095803295726	162	hcptrt	01	008	gambling	1
subcortex_CAU	26.815251962943048	8	hcptrt	01	008	gambling	1
subcortex_PUT	27.79679366549732	8	hcptrt	01	008	gambling	1
subcortex_THA	26.468518347040824	14	hcptrt	01	008	gambling	1
cerebellum	34.89380042239605	88	hcptrt	01	008	gambling	2
cortex_Cont	48.38871506730558	128	hcptrt	01	008	gambling	2
cortex_Default	44.16621167736114	209	hcptrt	01	008	gambling	2
cortex_DorsAttn	49.87614208322497	122	hcptrt	01	008	gambling	2
cortex_Limbic	19.943111851467243	60	hcptrt	01	008	gambling	2
cortex_SalVentAttn	47.391961491229004	121	hcptrt	01	008	gambling	2
cortex_SomMot	48.0808022156237	194	hcptrt	01	008	gambling	2
cortex_Vis	39.32705335590953	162	hcptrt	01	008	gambling	2
subcortex_CAU	26.632414806647937	8	hcptrt	01	008	gambling	2
subcortex_PUT	27.15792954446488	8	hcptrt	01	008	gambling	2
subcortex_THA	26.81498240268179	14	hcptrt	01	008	gambling	2
cerebellum	35.70034756911395	88	hcptrt	01	008	language	1
cortex_Cont	46.593963204882805	128	hcptrt	01	008	language	1
cortex_Default	43.77413782405802	209	hcptrt	01	008	language	1
cortex_DorsAttn	48.20322450175945	122	hcptrt	01	008	language	1
cortex_Limbic	18.253179431407442	60	hcptrt	01	008	language	1
cortex_SalVentAttn	45.10124707128349	121	hcptrt	01	008	language	1
cortex_SomMot	45.77249639684269	194	hcptrt	01	008	language	1
cortex_Vis	41.118970963134515	162	hcptrt	01	008	language	1
subcortex_CAU	26.673275802623824	8	hcptrt	01	008	language	1
subcortex_PUT	27.521883325850425	8	hcptrt	01	008	language	1
subcortex_THA	26.327538152956368	14	hcptrt	01	008	language	1
cerebellum	37.838657839029125	88	hcptrt	01	008	language	2
cortex_Cont	49.75829004422855	128	hcptrt	01	008	language	2
cortex_Default	45.95139501882288	209	hcptrt	01	008	language	2
cortex_DorsAttn	51.50691618842197	122	hcptrt	01	008	language	2
cortex_Limbic	19.606547391236294	60	hcptrt	01	008	language	2
cortex_SalVentAttn	47.30408581803539	121	hcptrt	01	008	language	2
cortex_SomMot	49.70331067425589	194	hcptrt	01	008	language	2
cortex_Vis	44.48767739455431	162	hcptrt	01	008	language	2
subcortex_CAU	27.13382093170156	8	hcptrt	01	008	language	2
subcortex_PUT	27.97215886703128	8	hcptrt	01	008	language	2
subcortex_THA	26.841688984272764	14	hcptrt	01	008	language	2
cerebellum	34.06536493322057	88	hcptrt	01	008	motor	1
cortex_Cont	46.83679392280487	128	hcptrt	01	008	motor	1
cortex_Default	43.405844858150836	209	hcptrt	01	008	motor	1
cortex_DorsAttn	48.905604478519656	122	hcptrt	01	008	motor	1
cortex_Limbic	18.105368935367174	60	hcptrt	01	008	motor	1
cortex_SalVentAttn	45.705907403159344	121	hcptrt	01	008	motor	1
cortex_SomMot	45.996780174928446	194	hcptrt	01	008	motor	1
cortex_Vis	39.565444820713985	162	hcptrt	01	008	motor	1
subcortex_CAU	27.248351690422506	8	hcptrt	01	008	motor	1
subcortex_PUT	28.093157166756928	8	hcptrt	01	008	motor	1
subcortex_THA	26.33580223587665	14	hcptrt	01	008	motor	1
cerebellum	36.19000516698834	88	hcptrt	01	008	motor	2
cortex_Cont	47.89805617370193	128	hcptrt	01	008	motor	2
cortex_Default	44.154491652091615	209	hcptrt	01	008	motor	2
cortex_DorsAttn	49.77634493871856	122	hcptrt	01	008	motor	2
cortex_Limbic	18.942928224839765	60	hcptrt	01	008	motor	2
cortex_SalVentAttn	45.30708196756927	121	hcptrt	01	008	motor	2
cortex_SomMot	45.86202966821968	194	hcptrt	01	008	motor	2
cortex_Vis	40.94568786728495	162	hcptrt	01	008	motor	2
subcortex_CAU	26.789788046005995	8	hcptrt	01	008	motor	2
subcortex_PUT	27.642751903247497	8	hcptrt	01	008	motor	2
subcortex_THA	26.451185405112447	14	hcptrt	01	008	motor	2
cerebellum	36.576869567561644	88	hcptrt	01	008	relational	1
cortex_Cont	49.883573333500046	128	hcptrt	01	008	relational	1
cortex_Default	45.812141866571494	209	hcptrt	01	008	relational	1
cortex_DorsAttn	52.16087382413758	122	hcptrt	01	008	relational	1
cortex_Limbic	18.143934630860862	60	hcptrt	01	008	relational	1
cortex_SalVentAttn	47.476192685333984	121	hcptrt	01	008	relational	1
cortex_SomMot	49.35581564495208	194	hcptrt	01	008	relational	1
cortex_Vis	41.82848572966712	162	hcptrt	01	008	relational	1
subcortex_CAU	26.637078419300988	8	hcptrt	01	008	relational	1
subcortex_PUT	27.70141890109966	8	hcptrt	01	008	relational	1
subcortex_THA	26.606423830433364	14	hcptrt	01	008	relational	1
cerebellum	38.9187934367271	88	hcptrt	01	008	relational	2
cortex_Cont	52.661971680986255	128	hcptrt	01	008	relational	2
cortex_Default	48.57761453348822	209	hcptrt	01	008	relational	2
cortex_DorsAttn	54.41637760265611	122	hcptrt	01	008	relational	2
cortex_Limbic	20.445703749859764	60	hcptrt	01	008	relational	2
cortex_SalVentAttn	49.31734617373876	121	hcptrt	01	008	relational	2
cortex_SomMot	50.66511851255534	194	hcptrt	01	008	relational	2
cortex_Vis	43.352593096744734	162	hcptrt	01	008	relational	2
subcortex_CAU	28.172201773606684	8	hcptrt	01	008	relational	2
subcortex_PUT	28.398720496496665	8	hcptrt	01	008	relational	2
subcortex_THA	27.234186878772277	14	hcptrt	01	008	relational	2
cerebellum	36.22788323720974	88	hcptrt	01	008	social	1
cortex_Cont	48.367699448399506	128	hcptrt	01	008	social	1
cortex_Default	44.952923038247	209	hcptrt	01	008	social	1
cortex_DorsAttn	49.58329951354536	122	hcptrt	01	008	social	1
cortex_Limbic	19.14919635627249	60	hcptrt	01	008	social	1
cortex_SalVentAttn	46.18115223938642	121	hcptrt	01	008	social	1
cortex_SomMot	47.64526265354434	194	hcptrt	01	008	social	1
cortex_Vis	40.99179717619496	162	hcptrt	01	008	social	1
subcortex_CAU	27.011770620813394	8	hcptrt	01	008	social	1
subcortex_PUT	28.243706260256754	8	hcptrt	01	008	social	1
subcortex_THA	26.710342605371206	14	hcptrt	01	008	social	1
cerebellum	37.66448740098784	88	hcptrt	01	008	social	2
cortex_Cont	50.14609792458206	128	hcptrt	01	008	social	2
cortex_Default	46.46779531436495	209	hcptrt	01	008	social	2
cortex_DorsAttn	51.020717008151	122	hcptrt	01	008	social	2
cortex_Limbic	20.48948469036862	60	hcptrt	01	008	social	2
cortex_SalVentAttn	46.736012491831765	121	hcptrt	01	008	social	2
cortex_SomMot	47.892387534262475	194	hcptrt	01	008	social	2
cortex_Vis	41.74313474874906	162	hcptrt	01	008	social	2
subcortex_CAU	28.26618833760549	8	hcptrt	01	008	social	2
subcortex_PUT	27.624476231759626	8	hcptrt	01	008	social	2
subcortex_THA	26.76467219997121	14	hcptrt	01	008	social	2
cerebellum	34.69618905254887	88	hcptrt	01	008	wm	1
cortex_Cont	45.45280718070559	128	hcptrt	01	008	wm	1
cortex_Default	42.8435485298208	209	hcptrt	01	008	wm	1
cortex_DorsAttn	47.77368733980167	122	hcptrt	01	008	wm	1
cortex_Limbic	17.981369641935842	60	hcptrt	01	008	wm	1
cortex_SalVentAttn	44.357345190060656	121	hcptrt	01	008	wm	1
cortex_SomMot	46.622386347591785	194	hcptrt	01	008	wm	1
cortex_Vis	38.02838685659837	162	hcptrt	01	008	wm	1
subcortex_CAU	27.062950415762735	8	hcptrt	01	008	wm	1
subcortex_PUT	27.73565139928299	8	hcptrt	01	008	wm	1
subcortex_THA	26.50397247918848	14	hcptrt	01	008	wm	1
cerebellum	37.94568022620581	88	hcptrt	01	008	wm	2
cortex_Cont	48.45490823866763	128	hcptrt	01	008	wm	2
cortex_Default	45.858833683067765	209	hcptrt	01	008	wm	2
cortex_DorsAttn	51.625918564892835	122	hcptrt	01	008	wm	2
cortex_Limbic	19.93648307975379	60	hcptrt	01	008	wm	2
cortex_SalVentAttn	46.774267032474455	121	hcptrt	01	008	wm	2
cortex_SomMot	47.88243194701599	194	hcptrt	01	008	wm	2
cortex_Vis	41.982795195825574	162	hcptrt	01	008	wm	2
subcortex_CAU	27.392093480178435	8	hcptrt	01	008	wm	2
subcortex_PUT	27.75548645571468	8	hcptrt	01	008	wm	2
subcortex_THA	26.791229213760992	14	hcptrt	01	008	wm	2
cerebellum	38.13288666644013	88	hcptrt	01	009	emotion	1
cortex_Cont	52.166445443513226	128	hcptrt	01	009	emotion	1
cortex_Default	47.921627117480625	209	hcptrt	01	009	emotion	1
cortex_DorsAttn	53.62002084498612	122	hcptrt	01	009	emotion	1
cortex_Limbic	19.43445486644236	60	hcptrt	01	009	emotion	1
cortex_SalVentAttn	48.798645769068095	121	hcptrt	01	009	emotion	1
cortex_SomMot	50.95505076141061	194	hcptrt	01	009	emotion	1
cortex_Vis	43.19722239661999	162	hcptrt	01	009	emotion	1
subcortex_CAU	27.615367243328862	8	hcptrt	01	009	emotion	1
subcortex_PUT	28.77109397959053	8	hcptrt	01	009	emotion	1
subcortex_THA	26.711713712746832	14	hcptrt	01	009	emotion	1
cerebellum	36.25039570600063	88	hcptrt	01	009	gambling	1
cortex_Cont	48.988342935995185	128	hcptrt	01	009	gambling	1
cortex_Default	44.79428572625593	209	hcptrt	01	009	gambling	1
cortex_DorsAttn	51.14477826690726	122	hcptrt	01	009	gambling	1
cortex_Limbic	18.20226542802617	60	hcptrt	01	009	gambling	1
cortex_SalVentAttn	46.00116666107661	121	hcptrt	01	009	gambling	1
cortex_SomMot	47.93880740238124	194	hcptrt	01	009	gambling	1
cortex_Vis	41.93403992966809	162	hcptrt	01	009	gambling	1
subcortex_CAU	27.024084871847972	8	hcptrt	01	009	gambling	1
subcortex_PUT	26.497719564081883	8	hcptrt	01	009	gambling	1
subcortex_THA	26.12689958202971	14	hcptrt	01	009	gambling	1
cerebellum	36.85386623596108	88	hcptrt	01	009	language	1
cortex_Cont	50.71947766253046	128	hcptrt	01	009	language	1
cortex_Default	47.063014724345415	209	hcptrt	01	009	language	1
cortex_DorsAttn	51.17059176287126	122	hcptrt	01	009	language	1
cortex_Limbic	19.247665053259258	60	hcptrt	01	009	language	1
cortex_SalVentAttn	48.0213254021913	121	hcptrt	01	009	language	1
cortex_SomMot	49.58566707709599	194	hcptrt	01	009	language	1
cortex_Vis	42.62622240128401	162	hcptrt	01	009	language	1
subcortex_CAU	27.737726570280714	8	hcptrt	01	009	language	1
subcortex_PUT	28.333514483275486	8	hcptrt	01	009	language	1
subcortex_THA	26.619004292306226	14	hcptrt	01	009	language	1
cerebellum	35.593487940353704	88	hcptrt	01	009	motor	1
cortex_Cont	48.029290546430786	128	hcptrt	01	009	motor	1
cortex_Default	44.36163560487555	209	hcptrt	01	009	motor	1
cortex_DorsAttn	50.42322607282124	122	hcptrt	01	009	motor	1
cortex_Limbic	17.93519718414653	60	hcptrt	01	009	motor	1
cortex_SalVentAttn	46.41884888766604	121	hcptrt	01	009	motor	1
cortex_SomMot	46.76908684537027	194	hcptrt	01	009	motor	1
cortex_Vis	41.71086144192718	162	hcptrt	01	009	motor	1
subcortex_CAU	27.29485476327224	8	hcptrt	01	009	motor	1
subcortex_PUT	26.61741464936404	8	hcptrt	01	009	motor	1
subcortex_THA	26.19087500479089	14	hcptrt	01	009	motor	1
cerebellum	37.83101768438633	88	hcptrt	01	009	relational	1
cortex_Cont	51.25588202720182	128	hcptrt	01	009	relational	1
cortex_Default	47.97238725988613	209	hcptrt	01	009	relational	1
cortex_DorsAttn	51.7546200728017	122	hcptrt	01	009	relational	1
cortex_Limbic	19.76765239588006	60	hcptrt	01	009	relational	1
cortex_SalVentAttn	48.15824960345447	121	hcptrt	01	009	relational	1
cortex_SomMot	49.11355281726024	194	hcptrt	01	009	relational	1
cortex_Vis	41.70416989912922	162	hcptrt	01	009	relational	1
subcortex_CAU	27.86352720412943	8	hcptrt	01	009	relational	1
subcortex_PUT	27.407725815750133	8	hcptrt	01	009	relational	1
subcortex_THA	26.452611391016667	14	hcptrt	01	009	relational	1
cerebellum	34.002842590971234	88	hcptrt	01	009	restingstate	1
cortex_Cont	41.947596942705125	128	hcptrt	01	009	restingstate	1
cortex_Default	39.45708024473122	209	hcptrt	01	009	restingstate	1
cortex_DorsAttn	43.876998218402186	122	hcptrt	01	009	restingstate	1
cortex_Limbic	16.257272035071214	60	hcptrt	01	009	restingstate	1
cortex_SalVentAttn	41.228803402479755	121	hcptrt	01	009	restingstate	1
cortex_SomMot	40.82876483393717	194	hcptrt	01	009	restingstate	1
cortex_Vis	35.38131943079298	162	hcptrt	01	009	restingstate	1
subcortex_CAU	25.993874712958988	8	hcptrt	01	009	restingstate	1
subcortex_PUT	25.926927220053937	8	hcptrt	01	009	restingstate	1
subcortex_THA	25.40693361459467	14	hcptrt	01	009	restingstate	1
cerebellum	37.839403365952215	88	hcptrt	01	009	social	1
cortex_Cont	51.50068425284136	128	hcptrt	01	009	social	1
cortex_Default	47.209295381738826	209	hcptrt	01	009	social	1
cortex_DorsAttn	51.58170853861577	122	hcptrt	01	009	social	1
cortex_Limbic	19.429026370625266	60	hcptrt	01	009	social	1
cortex_SalVentAttn	47.921035916810375	121	hcptrt	01	009	social	1
cortex_SomMot	49.2134458485284	194	hcptrt	01	009	social	1
cortex_Vis	41.90355445017297	162	hcptrt	01	009	social	1
subcortex_CAU	27.795961320614737	8	hcptrt	01	009	social	1
subcortex_PUT	27.010127567957387	8	hcptrt	01	009	social	1
subcortex_THA	26.477319440043097	14	hcptrt	01	009	social	1
cerebellum	35.80493810811168	88	hcptrt	01	009	wm	1
cortex_Cont	50.01140970580858	128	hcptrt	01	009	wm	1
cortex_Default	46.44141708264296	209	hcptrt	01	009	wm	1
cortex_DorsAttn	49.83254349706174	122	hcptrt	01	009	wm	1
cortex_Limbic	18.823219034556885	60	hcptrt	01	009	wm	1
cortex_SalVentAttn	47.04678831840393	121	hcptrt	01	009	wm	1
cortex_SomMot	48.23643694789942	194	hcptrt	01	009	wm	1
cortex_Vis	39.7715665015055	162	hcptrt	01	009	wm	1
subcortex_CAU	27.28632753221362	8	hcptrt	01	009	wm	1
subcortex_PUT	26.69135707338136	8	hcptrt	01	009	wm	1
subcortex_THA	26.300445258761876	14	hcptrt	01	009	wm	1
cerebellum	32.45898319483064	88	hcptrt	01	010	emotion	1
cortex_Cont	44.09800041863049	128	hcptrt	01	010	emotion	1
cortex_Default	42.01188719658333	209	hcptrt	01	010	emotion	1
cortex_DorsAttn	47.06583371547425	122	hcptrt	01	010	emotion	1
cortex_Limbic	17.407937781013175	60	hcptrt	01	010	emotion	1
cortex_SalVentAttn	45.34927210682071	121	hcptrt	01	010	emotion	1
cortex_SomMot	45.99042661754388	194	hcptrt	01	010	emotion	1
cortex_Vis	37.49172884186264	162	hcptrt	01	010	emotion	1
subcortex_CAU	27.653002827387	8	hcptrt	01	010	emotion	1
subcortex_PUT	27.722140250592634	8	hcptrt	01	010	emotion	1
subcortex_THA	26.547948702471945	14	hcptrt	01	010	emotion	1
cerebellum	37.00508509558177	88	hcptrt	01	010	emotion	2
cortex_Cont	49.32307801282443	128	hcptrt	01	010	emotion	2
cortex_Default	45.802460683118404	209	hcptrt	01	010	emotion	2
cortex_DorsAttn	53.803770767973674	122	hcptrt	01	010	emotion	2
cortex_Limbic	17.913675952561274	60	hcptrt	01	010	emotion	2
cortex_SalVentAttn	48.180923394391655	121	hcptrt	01	010	emotion	2
cortex_SomMot	49.92121324766196	194	hcptrt	01	010	emotion	2
cortex_Vis	43.17761935515006	162	hcptrt	01	010	emotion	2
subcortex_CAU	28.191938289635257	8	hcptrt	01	010	emotion	2
subcortex_PUT	26.934475754128066	8	hcptrt	01	010	emotion	2
subcortex_THA	26.805353060811797	14	hcptrt	01	010	emotion	2
cerebellum	33.0563258070043	88	hcptrt	01	010	gambling	1
cortex_Cont	43.01408669373785	128	hcptrt	01	010	gambling	1
cortex_Default	41.020042306987776	209	hcptrt	01	010	gambling	1
cortex_DorsAttn	46.663162174146024	122	hcptrt	01	010	gambling	1
cortex_Limbic	16.769814345479187	60	hcptrt	01	010	gambling	1
cortex_SalVentAttn	43.93292158088446	121	hcptrt	01	010	gambling	1
cortex_SomMot	43.7039965359394	194	hcptrt	01	010	gambling	1
cortex_Vis	37.36931222131846	162	hcptrt	01	010	gambling	1
subcortex_CAU	27.207303608554586	8	hcptrt	01	010	gambling	1
subcortex_PUT	27.601452986122688	8	hcptrt	01	010	gambling	1
subcortex_THA	26.22843705259037	14	hcptrt	01	010	gambling	1
cerebellum	31.58034614247307	88	hcptrt	01	010	gambling	2
cortex_Cont	41.893002396078465	128	hcptrt	01	010	gambling	2
cortex_Default	39.187132711174584	209	hcptrt	01	010	gambling	2
cortex_DorsAttn	44.84044449412449	122	hcptrt	01	010	gambling	2
cortex_Limbic	15.772351837387633	60	hcptrt	01	010	gambling	2
cortex_SalVentAttn	42.14051373666932	121	hcptrt	01	010	gambling	2
cortex_SomMot	42.023441498283475	194	hcptrt	01	010	gambling	2
cortex_Vis	36.86567775430115	162	hcptrt	01	010	gambling	2
subcortex_CAU	25.329556573883593	8	hcptrt	01	010	gambling	2
subcortex_PUT	25.546496349792587	8	hcptrt	01	010	gambling	2
subcortex_THA	25.34777243746733	14	hcptrt	01	010	gambling	2
cerebellum	36.956486029629666	88	hcptrt	01	010	language	1
cortex_Cont	51.03333559164798	128	hcptrt	01	010	language	1
cortex_Default	47.721470654325394	209	hcptrt	01	010	language	1
cortex_DorsAttn	52.83546919766975	122	hcptrt	01	010	language	1
cortex_Limbic	18.79544653637328	60	hcptrt	01	010	language	1
cortex_SalVentAttn	48.775085920946545	121	hcptrt	01	010	language	1
cortex_SomMot	51.238307875855455	194	hcptrt	01	010	language	1
cortex_Vis	43.983507938355245	162	hcptrt	01	010	language	1
subcortex_CAU	27.929210817466725	8	hcptrt	01	010	language	1
subcortex_PUT	28.305452040713146	8	hcptrt	01	010	language	1
subcortex_THA	26.870931807798875	14	hcptrt	01	010	language	1
cerebellum	35.694585003956234	88	hcptrt	01	010	language	2
cortex_Cont	48.89566577835442	128	hcptrt	01	010	language	2
cortex_Default	44.75171583707583	209	hcptrt	01	010	language	2
cortex_DorsAttn	50.27561344892286	122	hcptrt	01	010	language	2
cortex_Limbic	18.36400452819754	60	hcptrt	01	010	language	2
cortex_SalVentAttn	46.82381999082198	121	hcptrt	01	010	language	2
cortex_SomMot	48.28412339214826	194	hcptrt	01	010	language	2
cortex_Vis	41.30707700687576	162	hcptrt	01	010	language	2
subcortex_CAU	27.789622956358237	8	hcptrt	01	010	language	2
subcortex_PUT	26.265812561930662	8	hcptrt	01	010	language	2
subcortex_THA	26.23208926221933	14	hcptrt	01	010	language	2
cerebellum	34.2526418633803	88	hcptrt	01	010	motor	1
cortex_Cont	46.219083111929265	128	hcptrt	01	010	motor	1
cortex_Default	42.50999851834537	209	hcptrt	01	010	motor	1
cortex_DorsAttn	48.06539446158396	122	hcptrt	01	010	motor	1
cortex_Limbic	17.70430721947432	60	hcptrt	01	010	motor	1
cortex_SalVentAttn	44.86723118866578	121	hcptrt	01	010	motor	1
cortex_SomMot	44.721359052973355	194	hcptrt	01	010	motor	1
cortex_Vis	39.54576183442952	162	hcptrt	01	010	motor	1
subcortex_CAU	27.009547993826605	8	hcptrt	01	010	motor	1
subcortex_PUT	28.060975469300715	8	hcptrt	01	010	motor	1
subcortex_THA	26.447251535349306	14	hcptrt	01	010	motor	1
cerebellum	32.34147869108477	88	hcptrt	01	010	motor	2
cortex_Cont	47.70907839323264	128	hcptrt	01	010	motor	2
cortex_Default	43.62265913297764	209	hcptrt	01	010	motor	2
cortex_DorsAttn	47.82802712473283	122	hcptrt	01	010	motor	2
cortex_Limbic	17.675663543170813	60	hcptrt	01	010	motor	2
cortex_SalVentAttn	45.58683419491604	121	hcptrt	01	010	motor	2
cortex_SomMot	45.32425002321437	194	hcptrt	01	010	motor	2
cortex_Vis	38.412272683301914	162	hcptrt	01	010	motor	2
subcortex_CAU	27.454566144817562	8	hcptrt	01	010	motor	2
subcortex_PUT	26.317339711176942	8	hcptrt	01	010	motor	2
subcortex_THA	25.993316138759297	14	hcptrt	01	010	motor	2
cerebellum	35.54539415253431	88	hcptrt	01	010	relational	1
cortex_Cont	48.60496949228557	128	hcptrt	01	010	relational	1
cortex_Default	46.06438318408683	209	hcptrt	01	010	relational	1
cortex_DorsAttn	50.55477694674482	122	hcptrt	01	010	relational	1
cortex_Limbic	18.20743751595343	60	hcptrt	01	010	relational	1
cortex_SalVentAttn	47.42850906992572	121	hcptrt	01	010	relational	1
cortex_SomMot	49.25608752439542	194	hcptrt	01	010	relational	1
cortex_Vis	40.80450399509818	162	hcptrt	01	010	relational	1
subcortex_CAU	27.751321838394595	8	hcptrt	01	010	relational	1
subcortex_PUT	28.10446018319113	8	hcptrt	01	010	relational	1
subcortex_THA	26.70019570023232	14	hcptrt	01	010	relational	1
cerebellum	36.657687924650936	88	hcptrt	01	010	relational	2
cortex_Cont	50.0798044305552	128	hcptrt	01	010	relational	2
cortex_Default	46.18822983230496	209	hcptrt	01	010	relational	2
cortex_DorsAttn	52.037437109246234	122	hcptrt	01	010	relational	2
cortex_Limbic	18.589149451617537	60	hcptrt	01	010	relational	2
cortex_SalVentAttn	47.659491021841774	121	hcptrt	01	010	relational	2
cortex_SomMot	48.96022379890888	194	hcptrt	01	010	relational	2
cortex_Vis	42.20926740645434	162	hcptrt	01	010	relational	2
subcortex_CAU	27.925607591087466	8	hcptrt	01	010	relational	2
subcortex_PUT	26.603012453558385	8	hcptrt	01	010	relational	2
subcortex_THA	26.392690980896173	14	hcptrt	01	010	relational	2
cerebellum	25.60974430794025	88	hcptrt	01	010	social	1
cortex_Cont	34.72562095151453	128	hcptrt	01	010	social	1
cortex_Default	34.117521689127365	209	hcptrt	01	010	social	1
cortex_DorsAttn	36.751094209168684	122	hcptrt	01	010	social	1
cortex_Limbic	14.731396654347135	60	hcptrt	01	010	social	1
cortex_SalVentAttn	37.56706715451585	121	hcptrt	01	010	social	1
cortex_SomMot	35.5784591999298	194	hcptrt	01	010	social	1
cortex_Vis	28.686234121843352	162	hcptrt	01	010	social	1
subcortex_CAU	25.040824003618056	8	hcptrt	01	010	social	1
subcortex_PUT	26.945581540326106	8	hcptrt	01	010	social	1
subcortex_THA	24.63065227380881	14	hcptrt	01	010	social	1
cerebellum	31.66913487836341	88	hcptrt	01	010	social	2
cortex_Cont	40.54651721577689	128	hcptrt	01	010	social	2
cortex_Default	39.1374355390923	209	hcptrt	01	010	social	2
cortex_DorsAttn	42.910394959500366	122	hcptrt	01	010	social	2
cortex_Limbic	15.873897487530257	60	hcptrt	01	010	social	2
cortex_SalVentAttn	42.25460311567402	121	hcptrt	01	010	social	2
cortex_SomMot	41.68167825832834	194	hcptrt	01	010	social	2
cortex_Vis	35.678279804500626	162	hcptrt	01	010	social	2
subcortex_CAU	26.049509163720245	8	hcptrt	01	010	social	2
subcortex_PUT	27.05130978744415	8	hcptrt	01	010	social	2
subcortex_THA	26.180394440458343	14	hcptrt	01	010	social	2
cerebellum	33.97746506302433	88	hcptrt	01	010	wm	1
cortex_Cont	45.59497016419862	128	hcptrt	01	010	wm	1
cortex_Default	42.95795402326904	209	hcptrt	01	010	wm	1
cortex_DorsAttn	48.535999597087304	122	hcptrt	01	010	wm	1
cortex_Limbic	18.03842682863938	60	hcptrt	01	010	wm	1
cortex_SalVentAttn	45.47231136029427	121	hcptrt	01	010	wm	1
cortex_SomMot	45.50053811685889	194	hcptrt	01	010	wm	1
cortex_Vis	38.36305022308902	162	hcptrt	01	010	wm	1
subcortex_CAU	27.363022805310454	8	hcptrt	01	010	wm	1
subcortex_PUT	27.63460733702444	8	hcptrt	01	010	wm	1
subcortex_THA	26.36852314105463	14	hcptrt	01	010	wm	1
cerebellum	28.989076138096824	88	hcptrt	01	010	wm	2
cortex_Cont	42.154552462054994	128	hcptrt	01	010	wm	2
cortex_Default	39.51808198729156	209	hcptrt	01	010	wm	2
cortex_DorsAttn	43.50646684576597	122	hcptrt	01	010	wm	2
cortex_Limbic	16.39119305453976	60	hcptrt	01	010	wm	2
cortex_SalVentAttn	42.868779693941605	121	hcptrt	01	010	wm	2
cortex_SomMot	42.48308599782217	194	hcptrt	01	010	wm	2
cortex_Vis	33.615611088738355	162	hcptrt	01	010	wm	2
subcortex_CAU	26.687827573455134	8	hcptrt	01	010	wm	2
subcortex_PUT	26.60981800484449	8	hcptrt	01	010	wm	2
subcortex_THA	25.946205448522903	14	hcptrt	01	010	wm	2
cerebellum	32.05461407224089	88	hcptrt	02	001	emotion	1
cortex_Cont	46.497785472151136	128	hcptrt	02	001	emotion	1
cortex_Default	42.0748056099347	209	hcptrt	02	001	emotion	1
cortex_DorsAttn	51.42819220817525	122	hcptrt	02	001	emotion	1
cortex_Limbic	21.030355413225227	60	hcptrt	02	001	emotion	1
cortex_SalVentAttn	43.97810012938943	121	hcptrt	02	001	emotion	1
cortex_SomMot	46.39865850890195	194	hcptrt	02	001	emotion	1
cortex_Vis	41.19487673088252	162	hcptrt	02	001	emotion	1
subcortex_CAU	30.4956170971809	8	hcptrt	02	001	emotion	1
subcortex_PUT	29.59669032152861	8	hcptrt	02	001	emotion	1
subcortex_THA	26.552505141258557	14	hcptrt	02	001	emotion	1
cerebellum	31.330324102802216	88	hcptrt	02	001	gambling	1
cortex_Cont	49.23957801601165	128	hcptrt	02	001	gambling	1
cortex_Default	43.8666503370983	209	hcptrt	02	001	gambling	1
cortex_DorsAttn	52.99848234411433	122	hcptrt	02	001	gambling	1
cortex_Limbic	21.65098114891263	60	hcptrt	02	001	gambling	1
cortex_SalVentAttn	45.24028116843237	121	hcptrt	02	001	gambling	1
cortex_SomMot	47.72590387215763	194	hcptrt	02	001	gambling	1
cortex_Vis	41.41047460586496	162	hcptrt	02	001	gambling	1
subcortex_CAU	31.016742230184498	8	hcptrt	02	001	gambling	1
subcortex_PUT	29.920656500096335	8	hcptrt	02	001	gambling	1
subcortex_THA	26.880216415393324	14	hcptrt	02	001	gambling	1
cerebellum	29.959982200101457	88	hcptrt	02	001	language	1
cortex_Cont	43.89590440113074	128	hcptrt	02	001	language	1
cortex_Default	39.68836179904486	209	hcptrt	02	001	language	1
cortex_DorsAttn	49.04474039186106	122	hcptrt	02	001	language	1
cortex_Limbic	19.729392560204484	60	hcptrt	02	001	language	1
cortex_SalVentAttn	42.57847086555436	121	hcptrt	02	001	language	1
cortex_SomMot	44.99307708322052	194	hcptrt	02	001	language	1
cortex_Vis	39.99420900588271	162	hcptrt	02	001	language	1
subcortex_CAU	29.787189724199667	8	hcptrt	02	001	language	1
subcortex_PUT	29.004455427055397	8	hcptrt	02	001	language	1
subcortex_THA	26.646429917689147	14	hcptrt	02	001	language	1
cerebellum	25.09041608327135	88	hcptrt	02	001	motor	1
cortex_Cont	38.07116562528991	128	hcptrt	02	001	motor	1
cortex_Default	34.39966515618966	209	hcptrt	02	001	motor	1
cortex_DorsAttn	38.4497486692396	122	hcptrt	02	001	motor	1
cortex_Limbic	17.981134656675025	60	hcptrt	02	001	motor	1
cortex_SalVentAttn	36.15823253222128	121	hcptrt	02	001	motor	1
cortex_SomMot	36.83725136562106	194	hcptrt	02	001	motor	1
cortex_Vis	30.599735301244813	162	hcptrt	02	001	motor	1
subcortex_CAU	28.639001194776704	8	hcptrt	02	001	motor	1
subcortex_PUT	28.25253782218458	8	hcptrt	02	001	motor	1
subcortex_THA	24.747667408241814	14	hcptrt	02	001	motor	1
cerebellum	24.914871640921422	88	hcptrt	02	001	relational	1
cortex_Cont	38.83909043873381	128	hcptrt	02	001	relational	1
cortex_Default	35.16118526035482	209	hcptrt	02	001	relational	1
cortex_DorsAttn	38.8282184992112	122	hcptrt	02	001	relational	1
cortex_Limbic	18.80382094817625	60	hcptrt	02	001	relational	1
cortex_SalVentAttn	37.42452768952669	121	hcptrt	02	001	relational	1
cortex_SomMot	38.465655402770345	194	hcptrt	02	001	relational	1
cortex_Vis	30.289875251960545	162	hcptrt	02	001	relational	1
subcortex_CAU	29.163416178822324	8	hcptrt	02	001	relational	1
subcortex_PUT	28.740814279923406	8	hcptrt	02	001	relational	1
subcortex_THA	24.683350560003472	14	hcptrt	02	001	relational	1
cerebellum	24.698823948781612	88	hcptrt	02	001	restingstate	1
cortex_Cont	38.888908609572944	128	hcptrt	02	001	restingstate	1
cortex_Default	35.189644772660394	209	hcptrt	02	001	restingstate	1
cortex_DorsAttn	42.00397905241103	122	hcptrt	02	001	restingstate	1
cortex_Limbic	17.629809092347465	60	hcptrt	02	001	restingstate	1
cortex_SalVentAttn	38.22576977169762	121	hcptrt	02	001	restingstate	1
cortex_SomMot	39.77801646994807	194	hcptrt	02	001	restingstate	1
cortex_Vis	33.1648674463074	162	hcptrt	02	001	restingstate	1
subcortex_CAU	28.833368910118416	8	hcptrt	02	001	restingstate	1
subcortex_PUT	28.082511186200822	8	hcptrt	02	001	restingstate	1
subcortex_THA	24.912984535924576	14	hcptrt	02	001	restingstate	1
cerebellum	32.05158921463242	88	hcptrt	02	001	social	1
cortex_Cont	49.91053002691718	128	hcptrt	02	001	social	1
cortex_Default	44.451255739320494	209	hcptrt	02	001	social	1
cortex_DorsAttn	52.157848994684024	122	hcptrt	02	001	social	1
cortex_Limbic	21.987562702155625	60	hcptrt	02	001	social	1
cortex_SalVentAttn	45.16809596106177	121	hcptrt	02	001	social	1
cortex_SomMot	48.119145079493194	194	hcptrt	02	001	social	1
cortex_Vis	40.989546219661555	162	hcptrt	02	001	social	1
subcortex_CAU	31.03329266165376	8	hcptrt	02	001	social	1
subcortex_PUT	29.700187765601207	8	hcptrt	02	001	social	1
subcortex_THA	26.933335544916957	14	hcptrt	02	001	social	1
cerebellum	29.913196364959386	88	hcptrt	02	001	wm	1
cortex_Cont	41.896175964899626	128	hcptrt	02	001	wm	1
cortex_Default	38.37077772796768	209	hcptrt	02	001	wm	1
cortex_DorsAttn	47.49611924458892	122	hcptrt	02	001	wm	1
cortex_Limbic	18.89615865203225	60	hcptrt	02	001	wm	1
cortex_SalVentAttn	39.64561367395961	121	hcptrt	02	001	wm	1
cortex_SomMot	41.93478247608335	194	hcptrt	02	001	wm	1
cortex_Vis	38.72607663349874	162	hcptrt	02	001	wm	1
subcortex_CAU	28.889944049523884	8	hcptrt	02	001	wm	1
subcortex_PUT	28.64827756083041	8	hcptrt	02	001	wm	1
subcortex_THA	25.6955414707021	14	hcptrt	02	001	wm	1
cerebellum	33.61130485589903	88	hcptrt	02	002	emotion	1
cortex_Cont	51.0909585632599	128	hcptrt	02	002	emotion	1
cortex_Default	45.97421986620229	209	hcptrt	02	002	emotion	1
cortex_DorsAttn	55.433197334135485	122	hcptrt	02	002	emotion	1
cortex_Limbic	22.27684824791739	60	hcptrt	02	002	emotion	1
cortex_SalVentAttn	46.87071501728586	121	hcptrt	02	002	emotion	1
cortex_SomMot	50.7295894926682	194	hcptrt	02	002	emotion	1
cortex_Vis	43.59173193729783	162	hcptrt	02	002	emotion	1
subcortex_CAU	31.079856199419368	8	hcptrt	02	002	emotion	1
subcortex_PUT	30.441278608208265	8	hcptrt	02	002	emotion	1
subcortex_THA	27.562359253714185	14	hcptrt	02	002	emotion	1
cerebellum	29.049466436403318	88	hcptrt	02	002	emotion	2
cortex_Cont	45.74968442772848	128	hcptrt	02	002	emotion	2
cortex_Default	41.799706201031746	209	hcptrt	02	002	emotion	2
cortex_DorsAttn	48.03553814969207	122	hcptrt	02	002	emotion	2
cortex_Limbic	20.54492516657864	60	hcptrt	02	002	emotion	2
cortex_SalVentAttn	43.181394399044265	121	hcptrt	02	002	emotion	2
cortex_SomMot	45.03423586653151	194	hcptrt	02	002	emotion	2
cortex_Vis	38.076062335892196	162	hcptrt	02	002	emotion	2
subcortex_CAU	29.910979570696966	8	hcptrt	02	002	emotion	2
subcortex_PUT	28.933910957468974	8	hcptrt	02	002	emotion	2
subcortex_THA	25.771974392336354	14	hcptrt	02	002	emotion	2
cerebellum	30.009827261748242	88	hcptrt	02	002	gambling	1
cortex_Cont	44.56602635119442	128	hcptrt	02	002	gambling	1
cortex_Default	40.633395120773244	209	hcptrt	02	002	gambling	1
cortex_DorsAttn	48.03347648518993	122	hcptrt	02	002	gambling	1
cortex_Limbic	20.834076442765085	60	hcptrt	02	002	gambling	1
cortex_SalVentAttn	42.691840875353066	121	hcptrt	02	002	gambling	1
cortex_SomMot	45.55449020698145	194	hcptrt	02	002	gambling	1
cortex_Vis	38.39827162512255	162	hcptrt	02	002	gambling	1
subcortex_CAU	29.939518955816407	8	hcptrt	02	002	gambling	1
subcortex_PUT	29.595685910923685	8	hcptrt	02	002	gambling	1
subcortex_THA	26.611087952480528	14	hcptrt	02	002	gambling	1
cerebellum	23.602713042593585	88	hcptrt	02	002	gambling	2
cortex_Cont	39.05165861582473	128	hcptrt	02	002	gambling	2
cortex_Default	35.94610152912224	209	hcptrt	02	002	gambling	2
cortex_DorsAttn	41.15929102030777	122	hcptrt	02	002	gambling	2
cortex_Limbic	18.538095858899887	60	hcptrt	02	002	gambling	2
cortex_SalVentAttn	38.44984520800209	121	hcptrt	02	002	gambling	2
cortex_SomMot	40.15493766216847	194	hcptrt	02	002	gambling	2
cortex_Vis	31.344271772410217	162	hcptrt	02	002	gambling	2
subcortex_CAU	29.303373323220246	8	hcptrt	02	002	gambling	2
subcortex_PUT	28.163805303452087	8	hcptrt	02	002	gambling	2
subcortex_THA	25.132536368929806	14	hcptrt	02	002	gambling	2
cerebellum	31.46945168462793	88	hcptrt	02	002	language	1
cortex_Cont	47.18352704604494	128	hcptrt	02	002	language	1
cortex_Default	42.5609490511791	209	hcptrt	02	002	language	1
cortex_DorsAttn	51.69652236321383	122	hcptrt	02	002	language	1
cortex_Limbic	20.75569792742586	60	hcptrt	02	002	language	1
cortex_SalVentAttn	44.1110317641923	121	hcptrt	02	002	language	1
cortex_SomMot	47.28065624302809	194	hcptrt	02	002	language	1
cortex_Vis	42.24529048391525	162	hcptrt	02	002	language	1
subcortex_CAU	30.99581854104645	8	hcptrt	02	002	language	1
subcortex_PUT	29.783950842700598	8	hcptrt	02	002	language	1
subcortex_THA	27.111324343201364	14	hcptrt	02	002	language	1
cerebellum	22.865554658917702	88	hcptrt	02	002	language	2
cortex_Cont	35.07926962780005	128	hcptrt	02	002	language	2
cortex_Default	32.44226053995431	209	hcptrt	02	002	language	2
cortex_DorsAttn	36.617585575470095	122	hcptrt	02	002	language	2
cortex_Limbic	16.712535068880026	60	hcptrt	02	002	language	2
cortex_SalVentAttn	34.977681200670524	121	hcptrt	02	002	language	2
cortex_SomMot	35.13361973636855	194	hcptrt	02	002	language	2
cortex_Vis	30.074565382551302	162	hcptrt	02	002	language	2
subcortex_CAU	26.948150630636952	8	hcptrt	02	002	language	2
subcortex_PUT	26.883453242731704	8	hcptrt	02	002	language	2
subcortex_THA	23.122333338484335	14	hcptrt	02	002	language	2
cerebellum	25.286103732555205	88	hcptrt	02	002	motor	1
cortex_Cont	36.92302419562329	128	hcptrt	02	002	motor	1
cortex_Default	34.327626259471145	209	hcptrt	02	002	motor	1
cortex_DorsAttn	37.535366550085165	122	hcptrt	02	002	motor	1
cortex_Limbic	18.3919697904165	60	hcptrt	02	002	motor	1
cortex_SalVentAttn	36.66727767759865	121	hcptrt	02	002	motor	1
cortex_SomMot	36.17299791487024	194	hcptrt	02	002	motor	1
cortex_Vis	31.11294521663316	162	hcptrt	02	002	motor	1
subcortex_CAU	29.39249255788468	8	hcptrt	02	002	motor	1
subcortex_PUT	28.55793915713009	8	hcptrt	02	002	motor	1
subcortex_THA	25.595430330517207	14	hcptrt	02	002	motor	1
cerebellum	22.802037797543957	88	hcptrt	02	002	motor	2
cortex_Cont	34.51324013490513	128	hcptrt	02	002	motor	2
cortex_Default	31.81138093731942	209	hcptrt	02	002	motor	2
cortex_DorsAttn	35.79703750660014	122	hcptrt	02	002	motor	2
cortex_Limbic	16.405253362472006	60	hcptrt	02	002	motor	2
cortex_SalVentAttn	34.32619852962077	121	hcptrt	02	002	motor	2
cortex_SomMot	34.55874156123672	194	hcptrt	02	002	motor	2
cortex_Vis	28.921168174729885	162	hcptrt	02	002	motor	2
subcortex_CAU	27.061148747037507	8	hcptrt	02	002	motor	2
subcortex_PUT	27.713632190384523	8	hcptrt	02	002	motor	2
subcortex_THA	23.703166618823992	14	hcptrt	02	002	motor	2
cerebellum	30.334719084764913	88	hcptrt	02	002	relational	1
cortex_Cont	42.31254930766667	128	hcptrt	02	002	relational	1
cortex_Default	39.13250408600728	209	hcptrt	02	002	relational	1
cortex_DorsAttn	45.51485172330154	122	hcptrt	02	002	relational	1
cortex_Limbic	20.177533426950628	60	hcptrt	02	002	relational	1
cortex_SalVentAttn	41.435693822670714	121	hcptrt	02	002	relational	1
cortex_SomMot	43.11721270107562	194	hcptrt	02	002	relational	1
cortex_Vis	37.086282168586756	162	hcptrt	02	002	relational	1
subcortex_CAU	29.881439186835205	8	hcptrt	02	002	relational	1
subcortex_PUT	29.5396697111643	8	hcptrt	02	002	relational	1
subcortex_THA	26.861272177830447	14	hcptrt	02	002	relational	1
cerebellum	24.728147468977184	88	hcptrt	02	002	relational	2
cortex_Cont	37.204180858983236	128	hcptrt	02	002	relational	2
cortex_Default	34.38692288857958	209	hcptrt	02	002	relational	2
cortex_DorsAttn	40.67185142343979	122	hcptrt	02	002	relational	2
cortex_Limbic	17.040247986868756	60	hcptrt	02	002	relational	2
cortex_SalVentAttn	36.610367134295586	121	hcptrt	02	002	relational	2
cortex_SomMot	37.994780686676805	194	hcptrt	02	002	relational	2
cortex_Vis	33.78999457545801	162	hcptrt	02	002	relational	2
subcortex_CAU	27.628521002814356	8	hcptrt	02	002	relational	2
subcortex_PUT	27.812503052585168	8	hcptrt	02	002	relational	2
subcortex_THA	23.985001908309385	14	hcptrt	02	002	relational	2
cerebellum	30.632117197359978	88	hcptrt	02	002	social	1
cortex_Cont	46.86966554045449	128	hcptrt	02	002	social	1
cortex_Default	42.352332357292205	209	hcptrt	02	002	social	1
cortex_DorsAttn	48.66087850733192	122	hcptrt	02	002	social	1
cortex_Limbic	21.745337912604644	60	hcptrt	02	002	social	1
cortex_SalVentAttn	44.14055238011224	121	hcptrt	02	002	social	1
cortex_SomMot	46.8426784819991	194	hcptrt	02	002	social	1
cortex_Vis	39.030974794633686	162	hcptrt	02	002	social	1
subcortex_CAU	30.79158638479053	8	hcptrt	02	002	social	1
subcortex_PUT	29.739201379612325	8	hcptrt	02	002	social	1
subcortex_THA	27.189538844799333	14	hcptrt	02	002	social	1
cerebellum	22.97767633340137	88	hcptrt	02	002	social	2
cortex_Cont	34.95599456546205	128	hcptrt	02	002	social	2
cortex_Default	32.70065021474004	209	hcptrt	02	002	social	2
cortex_DorsAttn	37.299699560012705	122	hcptrt	02	002	social	2
cortex_Limbic	16.645700918894192	60	hcptrt	02	002	social	2
cortex_SalVentAttn	34.75835342616201	121	hcptrt	02	002	social	2
cortex_SomMot	35.47450339555591	194	hcptrt	02	002	social	2
cortex_Vis	30.0890779797361	162	hcptrt	02	002	social	2
subcortex_CAU	27.304275298010797	8	hcptrt	02	002	social	2
subcortex_PUT	27.172592418123546	8	hcptrt	02	002	social	2
subcortex_THA	23.62411309771314	14	hcptrt	02	002	social	2
cerebellum	29.113851271807548	88	hcptrt	02	002	wm	1
cortex_Cont	41.94654991496859	128	hcptrt	02	002	wm	1
cortex_Default	38.8884691946373	209	hcptrt	02	002	wm	1
cortex_DorsAttn	46.91876479054584	122	hcptrt	02	002	wm	1
cortex_Limbic	19.604515390241854	60	hcptrt	02	002	wm	1
cortex_SalVentAttn	40.629655272883454	121	hcptrt	02	002	wm	1
cortex_SomMot	42.80342728549691	194	hcptrt	02	002	wm	1
cortex_Vis	37.39306586610132	162	hcptrt	02	002	wm	1
subcortex_CAU	29.780951898390644	8	hcptrt	02	002	wm	1
subcortex_PUT	29.10188865168348	8	hcptrt	02	002	wm	1
subcortex_THA	26.236604878389894	14	hcptrt	02	002	wm	1
cerebellum	26.699740123766198	88	hcptrt	02	002	wm	2
cortex_Cont	39.93108628184842	128	hcptrt	02	002	wm	2
cortex_Default	36.740595246075735	209	hcptrt	02	002	wm	2
cortex_DorsAttn	42.03558497124305	122	hcptrt	02	002	wm	2
cortex_Limbic	18.688438405697788	60	hcptrt	02	002	wm	2
cortex_SalVentAttn	38.689750056299985	121	hcptrt	02	002	wm	2
cortex_SomMot	39.98614708423821	194	hcptrt	02	002	wm	2
cortex_Vis	33.44763203559936	162	hcptrt	02	002	wm	2
subcortex_CAU	28.508960949174	8	hcptrt	02	002	wm	2
subcortex_PUT	28.303633723600246	8	hcptrt	02	002	wm	2
subcortex_THA	24.573806774817324	14	hcptrt	02	002	wm	2
cerebellum	29.898636334634304	88	hcptrt	02	003	emotion	1
cortex_Cont	43.79777110327626	128	hcptrt	02	003	emotion	1
cortex_Default	40.26824031165931	209	hcptrt	02	003	emotion	1
cortex_DorsAttn	47.62856766627262	122	hcptrt	02	003	emotion	1
cortex_Limbic	20.049275877011212	60	hcptrt	02	003	emotion	1
cortex_SalVentAttn	41.80598490701399	121	hcptrt	02	003	emotion	1
cortex_SomMot	43.77632139130363	194	hcptrt	02	003	emotion	1
cortex_Vis	38.164347886532056	162	hcptrt	02	003	emotion	1
subcortex_CAU	30.04851491654813	8	hcptrt	02	003	emotion	1
subcortex_PUT	29.021391423431954	8	hcptrt	02	003	emotion	1
subcortex_THA	26.291676219719964	14	hcptrt	02	003	emotion	1
cerebellum	31.950188734441273	88	hcptrt	02	003	gambling	1
cortex_Cont	49.44672466176364	128	hcptrt	02	003	gambling	1
cortex_Default	44.58989601977067	209	hcptrt	02	003	gambling	1
cortex_DorsAttn	53.2214806431041	122	hcptrt	02	003	gambling	1
cortex_Limbic	21.276815094163762	60	hcptrt	02	003	gambling	1
cortex_SalVentAttn	44.75281520788722	121	hcptrt	02	003	gambling	1
cortex_SomMot	47.790538410032774	194	hcptrt	02	003	gambling	1
cortex_Vis	42.76110166607581	162	hcptrt	02	003	gambling	1
subcortex_CAU	31.34636338559644	8	hcptrt	02	003	gambling	1
subcortex_PUT	29.315821452660092	8	hcptrt	02	003	gambling	1
subcortex_THA	26.701314621074825	14	hcptrt	02	003	gambling	1
cerebellum	32.5342865049061	88	hcptrt	02	003	language	1
cortex_Cont	45.37449386251931	128	hcptrt	02	003	language	1
cortex_Default	41.26604178749615	209	hcptrt	02	003	language	1
cortex_DorsAttn	50.83986853832784	122	hcptrt	02	003	language	1
cortex_Limbic	19.839650320819946	60	hcptrt	02	003	language	1
cortex_SalVentAttn	42.81622295361217	121	hcptrt	02	003	language	1
cortex_SomMot	45.541688642691405	194	hcptrt	02	003	language	1
cortex_Vis	42.19486570963885	162	hcptrt	02	003	language	1
subcortex_CAU	29.928984961381808	8	hcptrt	02	003	language	1
subcortex_PUT	28.962927158134683	8	hcptrt	02	003	language	1
subcortex_THA	26.395689065815905	14	hcptrt	02	003	language	1
cerebellum	25.6284811346388	88	hcptrt	02	003	motor	1
cortex_Cont	37.003868481042446	128	hcptrt	02	003	motor	1
cortex_Default	34.34711478876073	209	hcptrt	02	003	motor	1
cortex_DorsAttn	39.113592273667464	122	hcptrt	02	003	motor	1
cortex_Limbic	17.709112482210042	60	hcptrt	02	003	motor	1
cortex_SalVentAttn	36.37170667857167	121	hcptrt	02	003	motor	1
cortex_SomMot	36.60951552796018	194	hcptrt	02	003	motor	1
cortex_Vis	32.52483653453162	162	hcptrt	02	003	motor	1
subcortex_CAU	29.45296317315792	8	hcptrt	02	003	motor	1
subcortex_PUT	28.247383697155534	8	hcptrt	02	003	motor	1
subcortex_THA	25.10253221844718	14	hcptrt	02	003	motor	1
cerebellum	30.985492477818298	88	hcptrt	02	003	relational	1
cortex_Cont	45.24440607627952	128	hcptrt	02	003	relational	1
cortex_Default	41.387697230936645	209	hcptrt	02	003	relational	1
cortex_DorsAttn	49.089793122846615	122	hcptrt	02	003	relational	1
cortex_Limbic	20.237127889326892	60	hcptrt	02	003	relational	1
cortex_SalVentAttn	42.540096624682135	121	hcptrt	02	003	relational	1
cortex_SomMot	44.47643993082406	194	hcptrt	02	003	relational	1
cortex_Vis	40.55206016753942	162	hcptrt	02	003	relational	1
subcortex_CAU	30.432547554291222	8	hcptrt	02	003	relational	1
subcortex_PUT	29.052673964999222	8	hcptrt	02	003	relational	1
subcortex_THA	26.493259369209756	14	hcptrt	02	003	relational	1
cerebellum	25.598609410938934	88	hcptrt	02	003	restingstate	1
cortex_Cont	38.109872406326005	128	hcptrt	02	003	restingstate	1
cortex_Default	35.35161844811565	209	hcptrt	02	003	restingstate	1
cortex_DorsAttn	40.86547846776537	122	hcptrt	02	003	restingstate	1
cortex_Limbic	17.974558610428684	60	hcptrt	02	003	restingstate	1
cortex_SalVentAttn	38.29437982542305	121	hcptrt	02	003	restingstate	1
cortex_SomMot	39.79779177451397	194	hcptrt	02	003	restingstate	1
cortex_Vis	32.742291668023	162	hcptrt	02	003	restingstate	1
subcortex_CAU	29.29570865886851	8	hcptrt	02	003	restingstate	1
subcortex_PUT	28.34864192711192	8	hcptrt	02	003	restingstate	1
subcortex_THA	24.96741488671206	14	hcptrt	02	003	restingstate	1
cerebellum	32.46765042823771	88	hcptrt	02	003	social	1
cortex_Cont	50.06363377565386	128	hcptrt	02	003	social	1
cortex_Default	44.94085352605432	209	hcptrt	02	003	social	1
cortex_DorsAttn	51.55141077033659	122	hcptrt	02	003	social	1
cortex_Limbic	21.651243038009465	60	hcptrt	02	003	social	1
cortex_SalVentAttn	44.61938894815636	121	hcptrt	02	003	social	1
cortex_SomMot	47.29673064589897	194	hcptrt	02	003	social	1
cortex_Vis	40.97455322254546	162	hcptrt	02	003	social	1
subcortex_CAU	31.23361752312456	8	hcptrt	02	003	social	1
subcortex_PUT	29.6329562253077	8	hcptrt	02	003	social	1
subcortex_THA	26.98906243210045	14	hcptrt	02	003	social	1
cerebellum	29.431957216368744	88	hcptrt	02	003	wm	1
cortex_Cont	42.974729949373895	128	hcptrt	02	003	wm	1
cortex_Default	39.55022192754618	209	hcptrt	02	003	wm	1
cortex_DorsAttn	46.52843689343881	122	hcptrt	02	003	wm	1
cortex_Limbic	19.65351142120023	60	hcptrt	02	003	wm	1
cortex_SalVentAttn	41.15353018916542	121	hcptrt	02	003	wm	1
cortex_SomMot	43.037751672372444	194	hcptrt	02	003	wm	1
cortex_Vis	37.455626611025025	162	hcptrt	02	003	wm	1
subcortex_CAU	29.83928851253242	8	hcptrt	02	003	wm	1
subcortex_PUT	28.723103485759125	8	hcptrt	02	003	wm	1
subcortex_THA	26.09226418192356	14	hcptrt	02	003	wm	1
cerebellum	31.932894853242065	88	hcptrt	02	004	emotion	1
cortex_Cont	48.083021692528554	128	hcptrt	02	004	emotion	1
cortex_Default	43.06690466712184	209	hcptrt	02	004	emotion	1
cortex_DorsAttn	50.451490341158745	122	hcptrt	02	004	emotion	1
cortex_Limbic	20.04843976734582	60	hcptrt	02	004	emotion	1
cortex_SalVentAttn	44.45656752369449	121	hcptrt	02	004	emotion	1
cortex_SomMot	46.180301919132276	194	hcptrt	02	004	emotion	1
cortex_Vis	38.18437570022309	162	hcptrt	02	004	emotion	1
subcortex_CAU	31.608323075481437	8	hcptrt	02	004	emotion	1
subcortex_PUT	29.65963917894859	8	hcptrt	02	004	emotion	1
subcortex_THA	26.983993110574364	14	hcptrt	02	004	emotion	1
cerebellum	31.394872401738507	88	hcptrt	02	004	emotion	2
cortex_Cont	45.57524149380806	128	hcptrt	02	004	emotion	2
cortex_Default	40.724974026839405	209	hcptrt	02	004	emotion	2
cortex_DorsAttn	51.5350802425066	122	hcptrt	02	004	emotion	2
cortex_Limbic	19.724118130286833	60	hcptrt	02	004	emotion	2
cortex_SalVentAttn	41.647002413197896	121	hcptrt	02	004	emotion	2
cortex_SomMot	44.96403348068144	194	hcptrt	02	004	emotion	2
cortex_Vis	39.242153399471114	162	hcptrt	02	004	emotion	2
subcortex_CAU	30.839381667656436	8	hcptrt	02	004	emotion	2
subcortex_PUT	28.726830491940145	8	hcptrt	02	004	emotion	2
subcortex_THA	25.84378140772381	14	hcptrt	02	004	emotion	2
cerebellum	31.9870548587514	88	hcptrt	02	004	gambling	1
cortex_Cont	48.11068383290808	128	hcptrt	02	004	gambling	1
cortex_Default	42.91768461987356	209	hcptrt	02	004	gambling	1
cortex_DorsAttn	50.8916181212724	122	hcptrt	02	004	gambling	1
cortex_Limbic	19.231908177353194	60	hcptrt	02	004	gambling	1
cortex_SalVentAttn	43.44222233723526	121	hcptrt	02	004	gambling	1
cortex_SomMot	45.507719176892145	194	hcptrt	02	004	gambling	1
cortex_Vis	39.65209943894499	162	hcptrt	02	004	gambling	1
subcortex_CAU	31.388410251357115	8	hcptrt	02	004	gambling	1
subcortex_PUT	29.33493803571959	8	hcptrt	02	004	gambling	1
subcortex_THA	26.35278710140775	14	hcptrt	02	004	gambling	1
cerebellum	28.24852940249525	88	hcptrt	02	004	gambling	2
cortex_Cont	41.97202681121927	128	hcptrt	02	004	gambling	2
cortex_Default	38.2346340288285	209	hcptrt	02	004	gambling	2
cortex_DorsAttn	44.30431715433401	122	hcptrt	02	004	gambling	2
cortex_Limbic	18.540238825945117	60	hcptrt	02	004	gambling	2
cortex_SalVentAttn	39.32482985814734	121	hcptrt	02	004	gambling	2
cortex_SomMot	41.16274615259351	194	hcptrt	02	004	gambling	2
cortex_Vis	33.898113170922954	162	hcptrt	02	004	gambling	2
subcortex_CAU	29.649036662036774	8	hcptrt	02	004	gambling	2
subcortex_PUT	28.115290384502835	8	hcptrt	02	004	gambling	2
subcortex_THA	24.688337855594224	14	hcptrt	02	004	gambling	2
cerebellum	33.005643848475394	88	hcptrt	02	004	language	1
cortex_Cont	46.333007091882095	128	hcptrt	02	004	language	1
cortex_Default	41.500741078907254	209	hcptrt	02	004	language	1
cortex_DorsAttn	50.69070680027269	122	hcptrt	02	004	language	1
cortex_Limbic	19.48335647989314	60	hcptrt	02	004	language	1
cortex_SalVentAttn	44.49944786091929	121	hcptrt	02	004	language	1
cortex_SomMot	46.40647135981403	194	hcptrt	02	004	language	1
cortex_Vis	41.23027150816974	162	hcptrt	02	004	language	1
subcortex_CAU	31.056963220254403	8	hcptrt	02	004	language	1
subcortex_PUT	30.10796494977345	8	hcptrt	02	004	language	1
subcortex_THA	27.11541998263737	14	hcptrt	02	004	language	1
cerebellum	32.63263258952381	88	hcptrt	02	004	language	2
cortex_Cont	47.17547670120709	128	hcptrt	02	004	language	2
cortex_Default	42.201933254920434	209	hcptrt	02	004	language	2
cortex_DorsAttn	51.99084707559485	122	hcptrt	02	004	language	2
cortex_Limbic	19.617554892750643	60	hcptrt	02	004	language	2
cortex_SalVentAttn	44.08386133345257	121	hcptrt	02	004	language	2
cortex_SomMot	47.50831882394552	194	hcptrt	02	004	language	2
cortex_Vis	41.25673376087232	162	hcptrt	02	004	language	2
subcortex_CAU	31.229917929694892	8	hcptrt	02	004	language	2
subcortex_PUT	29.51227793682522	8	hcptrt	02	004	language	2
subcortex_THA	26.680501881294983	14	hcptrt	02	004	language	2
cerebellum	29.4323323191515	88	hcptrt	02	004	motor	1
cortex_Cont	43.244576666783814	128	hcptrt	02	004	motor	1
cortex_Default	38.84557410361663	209	hcptrt	02	004	motor	1
cortex_DorsAttn	45.20155133013079	122	hcptrt	02	004	motor	1
cortex_Limbic	17.953790513468974	60	hcptrt	02	004	motor	1
cortex_SalVentAttn	40.240912035917795	121	hcptrt	02	004	motor	1
cortex_SomMot	41.07404495707182	194	hcptrt	02	004	motor	1
cortex_Vis	35.92363299743396	162	hcptrt	02	004	motor	1
subcortex_CAU	30.692873414272434	8	hcptrt	02	004	motor	1
subcortex_PUT	29.180820829592047	8	hcptrt	02	004	motor	1
subcortex_THA	25.997751308833603	14	hcptrt	02	004	motor	1
cerebellum	29.202638365789767	88	hcptrt	02	004	motor	2
cortex_Cont	41.88835838485564	128	hcptrt	02	004	motor	2
cortex_Default	37.78239532991312	209	hcptrt	02	004	motor	2
cortex_DorsAttn	44.90906993213694	122	hcptrt	02	004	motor	2
cortex_Limbic	17.945010811900225	60	hcptrt	02	004	motor	2
cortex_SalVentAttn	39.58575049959179	121	hcptrt	02	004	motor	2
cortex_SomMot	41.13796359837605	194	hcptrt	02	004	motor	2
cortex_Vis	35.245699142720326	162	hcptrt	02	004	motor	2
subcortex_CAU	29.606066456162463	8	hcptrt	02	004	motor	2
subcortex_PUT	28.681493670247246	8	hcptrt	02	004	motor	2
subcortex_THA	25.480957324740167	14	hcptrt	02	004	motor	2
cerebellum	34.1470701168299	88	hcptrt	02	004	relational	1
cortex_Cont	50.20197214360432	128	hcptrt	02	004	relational	1
cortex_Default	45.3183330433136	209	hcptrt	02	004	relational	1
cortex_DorsAttn	53.362382660268715	122	hcptrt	02	004	relational	1
cortex_Limbic	21.025659948193468	60	hcptrt	02	004	relational	1
cortex_SalVentAttn	46.45420183588446	121	hcptrt	02	004	relational	1
cortex_SomMot	49.5667213164676	194	hcptrt	02	004	relational	1
cortex_Vis	41.50700078948487	162	hcptrt	02	004	relational	1
subcortex_CAU	32.31302438449974	8	hcptrt	02	004	relational	1
subcortex_PUT	30.499849104431235	8	hcptrt	02	004	relational	1
subcortex_THA	27.48698497580345	14	hcptrt	02	004	relational	1
cerebellum	31.432900543777578	88	hcptrt	02	004	relational	2
cortex_Cont	45.49256765264401	128	hcptrt	02	004	relational	2
cortex_Default	41.41040143680801	209	hcptrt	02	004	relational	2
cortex_DorsAttn	48.326088820277356	122	hcptrt	02	004	relational	2
cortex_Limbic	20.106904805136548	60	hcptrt	02	004	relational	2
cortex_SalVentAttn	41.920241794240724	121	hcptrt	02	004	relational	2
cortex_SomMot	43.34720006513801	194	hcptrt	02	004	relational	2
cortex_Vis	38.503836516650864	162	hcptrt	02	004	relational	2
subcortex_CAU	30.782828510714086	8	hcptrt	02	004	relational	2
subcortex_PUT	28.97122562908011	8	hcptrt	02	004	relational	2
subcortex_THA	26.107255726717153	14	hcptrt	02	004	relational	2
cerebellum	32.74183555752153	88	hcptrt	02	004	social	1
cortex_Cont	47.90778580716848	128	hcptrt	02	004	social	1
cortex_Default	42.37845141962941	209	hcptrt	02	004	social	1
cortex_DorsAttn	50.724771777661665	122	hcptrt	02	004	social	1
cortex_Limbic	19.38659065303874	60	hcptrt	02	004	social	1
cortex_SalVentAttn	44.88023112283693	121	hcptrt	02	004	social	1
cortex_SomMot	47.97960609538612	194	hcptrt	02	004	social	1
cortex_Vis	39.3354067936363	162	hcptrt	02	004	social	1
subcortex_CAU	32.07094011502986	8	hcptrt	02	004	social	1
subcortex_PUT	30.159735340341367	8	hcptrt	02	004	social	1
subcortex_THA	27.072977096697535	14	hcptrt	02	004	social	1
cerebellum	29.327054809757836	88	hcptrt	02	004	social	2
cortex_Cont	42.003719526571054	128	hcptrt	02	004	social	2
cortex_Default	38.1436546973651	209	hcptrt	02	004	social	2
cortex_DorsAttn	45.2641917823948	122	hcptrt	02	004	social	2
cortex_Limbic	18.792187730969605	60	hcptrt	02	004	social	2
cortex_SalVentAttn	39.51344702589125	121	hcptrt	02	004	social	2
cortex_SomMot	41.45682024092827	194	hcptrt	02	004	social	2
cortex_Vis	35.23080610481781	162	hcptrt	02	004	social	2
subcortex_CAU	29.49954909880804	8	hcptrt	02	004	social	2
subcortex_PUT	28.072911273051044	8	hcptrt	02	004	social	2
subcortex_THA	25.052162292918506	14	hcptrt	02	004	social	2
cerebellum	29.717044697978178	88	hcptrt	02	004	wm	1
cortex_Cont	41.90301292084448	128	hcptrt	02	004	wm	1
cortex_Default	38.04396289304898	209	hcptrt	02	004	wm	1
cortex_DorsAttn	45.697157089073634	122	hcptrt	02	004	wm	1
cortex_Limbic	18.60976931315203	60	hcptrt	02	004	wm	1
cortex_SalVentAttn	39.713180865759774	121	hcptrt	02	004	wm	1
cortex_SomMot	41.581995948795125	194	hcptrt	02	004	wm	1
cortex_Vis	35.862464605621945	162	hcptrt	02	004	wm	1
subcortex_CAU	30.27507961590169	8	hcptrt	02	004	wm	1
subcortex_PUT	29.227341895220647	8	hcptrt	02	004	wm	1
subcortex_THA	25.786164662337708	14	hcptrt	02	004	wm	1
cerebellum	31.045682734198454	88	hcptrt	02	004	wm	2
cortex_Cont	44.40088547018984	128	hcptrt	02	004	wm	2
cortex_Default	40.1715328407869	209	hcptrt	02	004	wm	2
cortex_DorsAttn	48.11590437514315	122	hcptrt	02	004	wm	2
cortex_Limbic	19.68869247467139	60	hcptrt	02	004	wm	2
cortex_SalVentAttn	41.61513441961183	121	hcptrt	02	004	wm	2
cortex_SomMot	43.748078518122334	194	hcptrt	02	004	wm	2
cortex_Vis	37.330897431835524	162	hcptrt	02	004	wm	2
subcortex_CAU	30.767118272200662	8	hcptrt	02	004	wm	2
subcortex_PUT	29.133016868246255	8	hcptrt	02	004	wm	2
subcortex_THA	26.223610279608458	14	hcptrt	02	004	wm	2
cerebellum	29.461898840698918	88	hcptrt	02	005	emotion	1
cortex_Cont	42.501364665214844	128	hcptrt	02	005	emotion	1
cortex_Default	38.79908485956413	209	hcptrt	02	005	emotion	1
cortex_DorsAttn	44.568498746481396	122	hcptrt	02	005	emotion	1
cortex_Limbic	19.42142596390789	60	hcptrt	02	005	emotion	1
cortex_SalVentAttn	41.66849965033695	121	hcptrt	02	005	emotion	1
cortex_SomMot	43.52391408954448	194	hcptrt	02	005	emotion	1
cortex_Vis	35.93590368637095	162	hcptrt	02	005	emotion	1
subcortex_CAU	30.86979686550742	8	hcptrt	02	005	emotion	1
subcortex_PUT	29.86855061116075	8	hcptrt	02	005	emotion	1
subcortex_THA	26.814131447965487	14	hcptrt	02	005	emotion	1
cerebellum	31.458146655174417	88	hcptrt	02	005	gambling	1
cortex_Cont	44.08027631602046	128	hcptrt	02	005	gambling	1
cortex_Default	40.034966703144015	209	hcptrt	02	005	gambling	1
cortex_DorsAttn	49.11941296554704	122	hcptrt	02	005	gambling	1
cortex_Limbic	19.019652007833127	60	hcptrt	02	005	gambling	1
cortex_SalVentAttn	42.139395662742395	121	hcptrt	02	005	gambling	1
cortex_SomMot	44.844079376277925	194	hcptrt	02	005	gambling	1
cortex_Vis	39.69917329932308	162	hcptrt	02	005	gambling	1
subcortex_CAU	30.886891036120954	8	hcptrt	02	005	gambling	1
subcortex_PUT	29.557912573785842	8	hcptrt	02	005	gambling	1
subcortex_THA	26.553271673251572	14	hcptrt	02	005	gambling	1
cerebellum	31.144376094156783	88	hcptrt	02	005	language	1
cortex_Cont	47.25217686351678	128	hcptrt	02	005	language	1
cortex_Default	42.360737137802325	209	hcptrt	02	005	language	1
cortex_DorsAttn	50.92054376496054	122	hcptrt	02	005	language	1
cortex_Limbic	20.290761823475133	60	hcptrt	02	005	language	1
cortex_SalVentAttn	43.871128598529154	121	hcptrt	02	005	language	1
cortex_SomMot	47.221855186510744	194	hcptrt	02	005	language	1
cortex_Vis	41.208562700177886	162	hcptrt	02	005	language	1
subcortex_CAU	31.288348036408095	8	hcptrt	02	005	language	1
subcortex_PUT	29.629261382504748	8	hcptrt	02	005	language	1
subcortex_THA	26.749867968195424	14	hcptrt	02	005	language	1
cerebellum	27.039925144594953	88	hcptrt	02	005	motor	1
cortex_Cont	39.81580813611374	128	hcptrt	02	005	motor	1
cortex_Default	36.20676263433784	209	hcptrt	02	005	motor	1
cortex_DorsAttn	42.43801976173796	122	hcptrt	02	005	motor	1
cortex_Limbic	17.72258780746351	60	hcptrt	02	005	motor	1
cortex_SalVentAttn	38.440630165198534	121	hcptrt	02	005	motor	1
cortex_SomMot	39.64212358540446	194	hcptrt	02	005	motor	1
cortex_Vis	34.25082893237738	162	hcptrt	02	005	motor	1
subcortex_CAU	30.429152630774933	8	hcptrt	02	005	motor	1
subcortex_PUT	29.43933664063706	8	hcptrt	02	005	motor	1
subcortex_THA	25.796131843150828	14	hcptrt	02	005	motor	1
cerebellum	29.616144924946923	88	hcptrt	02	005	relational	1
cortex_Cont	41.767312818850286	128	hcptrt	02	005	relational	1
cortex_Default	38.237407112322614	209	hcptrt	02	005	relational	1
cortex_DorsAttn	46.25599212507787	122	hcptrt	02	005	relational	1
cortex_Limbic	18.33542244144707	60	hcptrt	02	005	relational	1
cortex_SalVentAttn	40.50676433767557	121	hcptrt	02	005	relational	1
cortex_SomMot	42.97752494820374	194	hcptrt	02	005	relational	1
cortex_Vis	37.20741674015958	162	hcptrt	02	005	relational	1
subcortex_CAU	30.286363370594913	8	hcptrt	02	005	relational	1
subcortex_PUT	29.476577671494297	8	hcptrt	02	005	relational	1
subcortex_THA	26.192281628389996	14	hcptrt	02	005	relational	1
cerebellum	24.90923483388441	88	hcptrt	02	005	restingstate	1
cortex_Cont	38.11297043302159	128	hcptrt	02	005	restingstate	1
cortex_Default	34.962137172650586	209	hcptrt	02	005	restingstate	1
cortex_DorsAttn	41.10113055533937	122	hcptrt	02	005	restingstate	1
cortex_Limbic	17.227137411826394	60	hcptrt	02	005	restingstate	1
cortex_SalVentAttn	38.344073484067216	121	hcptrt	02	005	restingstate	1
cortex_SomMot	40.48888678758109	194	hcptrt	02	005	restingstate	1
cortex_Vis	32.15457922494988	162	hcptrt	02	005	restingstate	1
subcortex_CAU	29.51302406567812	8	hcptrt	02	005	restingstate	1
subcortex_PUT	28.869389716701498	8	hcptrt	02	005	restingstate	1
subcortex_THA	25.261795394646224	14	hcptrt	02	005	restingstate	1
cerebellum	31.840266203110467	88	hcptrt	02	005	social	1
cortex_Cont	46.571809042919995	128	hcptrt	02	005	social	1
cortex_Default	41.99718945908113	209	hcptrt	02	005	social	1
cortex_DorsAttn	48.353043545427894	122	hcptrt	02	005	social	1
cortex_Limbic	20.038377107692423	60	hcptrt	02	005	social	1
cortex_SalVentAttn	43.37218299267117	121	hcptrt	02	005	social	1
cortex_SomMot	45.53225953792806	194	hcptrt	02	005	social	1
cortex_Vis	38.78711535658103	162	hcptrt	02	005	social	1
subcortex_CAU	31.513930534905807	8	hcptrt	02	005	social	1
subcortex_PUT	29.828116282042057	8	hcptrt	02	005	social	1
subcortex_THA	26.61816306711885	14	hcptrt	02	005	social	1
cerebellum	31.119224993623178	88	hcptrt	02	005	wm	1
cortex_Cont	45.767267040985764	128	hcptrt	02	005	wm	1
cortex_Default	41.77836616714325	209	hcptrt	02	005	wm	1
cortex_DorsAttn	48.81025056129632	122	hcptrt	02	005	wm	1
cortex_Limbic	19.788884776124586	60	hcptrt	02	005	wm	1
cortex_SalVentAttn	43.35492890491046	121	hcptrt	02	005	wm	1
cortex_SomMot	45.67341652583738	194	hcptrt	02	005	wm	1
cortex_Vis	38.983159267954186	162	hcptrt	02	005	wm	1
subcortex_CAU	31.107946070535334	8	hcptrt	02	005	wm	1
subcortex_PUT	29.508258132289324	8	hcptrt	02	005	wm	1
subcortex_THA	26.683486936160165	14	hcptrt	02	005	wm	1
cerebellum	34.39852064714327	88	hcptrt	02	006	emotion	1
cortex_Cont	54.69472107633732	128	hcptrt	02	006	emotion	1
cortex_Default	47.58049281349756	209	hcptrt	02	006	emotion	1
cortex_DorsAttn	57.88618285394206	122	hcptrt	02	006	emotion	1
cortex_Limbic	22.349744978614474	60	hcptrt	02	006	emotion	1
cortex_SalVentAttn	49.31272763797949	121	hcptrt	02	006	emotion	1
cortex_SomMot	52.65560532762107	194	hcptrt	02	006	emotion	1
cortex_Vis	44.000415742151716	162	hcptrt	02	006	emotion	1
subcortex_CAU	33.123875903418735	8	hcptrt	02	006	emotion	1
subcortex_PUT	31.29135923113681	8	hcptrt	02	006	emotion	1
subcortex_THA	27.943103450836485	14	hcptrt	02	006	emotion	1
cerebellum	28.04704779679898	88	hcptrt	02	006	emotion	2
cortex_Cont	46.70897596137267	128	hcptrt	02	006	emotion	2
cortex_Default	41.70518061700695	209	hcptrt	02	006	emotion	2
cortex_DorsAttn	50.64506246578978	122	hcptrt	02	006	emotion	2
cortex_Limbic	20.235981869585533	60	hcptrt	02	006	emotion	2
cortex_SalVentAttn	43.393523768601746	121	hcptrt	02	006	emotion	2
cortex_SomMot	45.94873486001092	194	hcptrt	02	006	emotion	2
cortex_Vis	38.20146290430426	162	hcptrt	02	006	emotion	2
subcortex_CAU	31.348044750989416	8	hcptrt	02	006	emotion	2
subcortex_PUT	29.76839486821762	8	hcptrt	02	006	emotion	2
subcortex_THA	26.16166928241066	14	hcptrt	02	006	emotion	2
cerebellum	31.89316946597323	88	hcptrt	02	006	gambling	1
cortex_Cont	48.92817433563791	128	hcptrt	02	006	gambling	1
cortex_Default	43.44275314554818	209	hcptrt	02	006	gambling	1
cortex_DorsAttn	52.82074295141618	122	hcptrt	02	006	gambling	1
cortex_Limbic	21.186618529686257	60	hcptrt	02	006	gambling	1
cortex_SalVentAttn	45.664024241167795	121	hcptrt	02	006	gambling	1
cortex_SomMot	48.928851658211926	194	hcptrt	02	006	gambling	1
cortex_Vis	41.52899617696923	162	hcptrt	02	006	gambling	1
subcortex_CAU	32.49744475680071	8	hcptrt	02	006	gambling	1
subcortex_PUT	31.00655643979142	8	hcptrt	02	006	gambling	1
subcortex_THA	27.392676645401764	14	hcptrt	02	006	gambling	1
cerebellum	28.472039888126652	88	hcptrt	02	006	gambling	2
cortex_Cont	46.0518693033397	128	hcptrt	02	006	gambling	2
cortex_Default	40.96200546730362	209	hcptrt	02	006	gambling	2
cortex_DorsAttn	49.153288110558755	122	hcptrt	02	006	gambling	2
cortex_Limbic	19.847888445702413	60	hcptrt	02	006	gambling	2
cortex_SalVentAttn	42.69513108459006	121	hcptrt	02	006	gambling	2
cortex_SomMot	44.85639312524347	194	hcptrt	02	006	gambling	2
cortex_Vis	37.48099434109603	162	hcptrt	02	006	gambling	2
subcortex_CAU	30.9754153596203	8	hcptrt	02	006	gambling	2
subcortex_PUT	29.430125350288613	8	hcptrt	02	006	gambling	2
subcortex_THA	25.901090601147352	14	hcptrt	02	006	gambling	2
cerebellum	29.887948190657596	88	hcptrt	02	006	language	1
cortex_Cont	45.26288587957916	128	hcptrt	02	006	language	1
cortex_Default	40.54115386497021	209	hcptrt	02	006	language	1
cortex_DorsAttn	48.99202266049069	122	hcptrt	02	006	language	1
cortex_Limbic	20.239849450080484	60	hcptrt	02	006	language	1
cortex_SalVentAttn	43.99365026093521	121	hcptrt	02	006	language	1
cortex_SomMot	46.81706053962873	194	hcptrt	02	006	language	1
cortex_Vis	38.84124256354462	162	hcptrt	02	006	language	1
subcortex_CAU	31.842480142706137	8	hcptrt	02	006	language	1
subcortex_PUT	30.386684280683458	8	hcptrt	02	006	language	1
subcortex_THA	27.202324536951696	14	hcptrt	02	006	language	1
cerebellum	27.585894909680544	88	hcptrt	02	006	language	2
cortex_Cont	44.71940649429101	128	hcptrt	02	006	language	2
cortex_Default	40.047587184015796	209	hcptrt	02	006	language	2
cortex_DorsAttn	48.68957858166188	122	hcptrt	02	006	language	2
cortex_Limbic	19.403710504998948	60	hcptrt	02	006	language	2
cortex_SalVentAttn	42.06742046862104	121	hcptrt	02	006	language	2
cortex_SomMot	44.86180279870469	194	hcptrt	02	006	language	2
cortex_Vis	37.575945386075546	162	hcptrt	02	006	language	2
subcortex_CAU	30.493757366790298	8	hcptrt	02	006	language	2
subcortex_PUT	28.996175408596738	8	hcptrt	02	006	language	2
subcortex_THA	25.617084638617843	14	hcptrt	02	006	language	2
cerebellum	27.0680009451071	88	hcptrt	02	006	motor	1
cortex_Cont	40.783307465775735	128	hcptrt	02	006	motor	1
cortex_Default	37.06026470230648	209	hcptrt	02	006	motor	1
cortex_DorsAttn	42.53680432710695	122	hcptrt	02	006	motor	1
cortex_Limbic	18.815997692982663	60	hcptrt	02	006	motor	1
cortex_SalVentAttn	39.33649599232513	121	hcptrt	02	006	motor	1
cortex_SomMot	39.83486505803762	194	hcptrt	02	006	motor	1
cortex_Vis	34.1825008227487	162	hcptrt	02	006	motor	1
subcortex_CAU	30.807337427514792	8	hcptrt	02	006	motor	1
subcortex_PUT	29.804175567050102	8	hcptrt	02	006	motor	1
subcortex_THA	25.921702390549303	14	hcptrt	02	006	motor	1
cerebellum	26.59138900686256	88	hcptrt	02	006	motor	2
cortex_Cont	40.33628943470752	128	hcptrt	02	006	motor	2
cortex_Default	36.52029604429833	209	hcptrt	02	006	motor	2
cortex_DorsAttn	42.12274070527435	122	hcptrt	02	006	motor	2
cortex_Limbic	18.185816134615063	60	hcptrt	02	006	motor	2
cortex_SalVentAttn	38.73869233902039	121	hcptrt	02	006	motor	2
cortex_SomMot	39.841526113015576	194	hcptrt	02	006	motor	2
cortex_Vis	33.87221232054628	162	hcptrt	02	006	motor	2
subcortex_CAU	30.08220885879079	8	hcptrt	02	006	motor	2
subcortex_PUT	29.35209454602165	8	hcptrt	02	006	motor	2
subcortex_THA	25.72872492029921	14	hcptrt	02	006	motor	2
cerebellum	32.08220841812222	88	hcptrt	02	006	relational	1
cortex_Cont	49.770334666225565	128	hcptrt	02	006	relational	1
cortex_Default	44.914734049267516	209	hcptrt	02	006	relational	1
cortex_DorsAttn	52.76120570182925	122	hcptrt	02	006	relational	1
cortex_Limbic	21.468040989841416	60	hcptrt	02	006	relational	1
cortex_SalVentAttn	45.73353386035234	121	hcptrt	02	006	relational	1
cortex_SomMot	48.73120354955447	194	hcptrt	02	006	relational	1
cortex_Vis	41.714037189528966	162	hcptrt	02	006	relational	1
subcortex_CAU	32.76387347822968	8	hcptrt	02	006	relational	1
subcortex_PUT	30.673639397467515	8	hcptrt	02	006	relational	1
subcortex_THA	27.189726239091687	14	hcptrt	02	006	relational	1
cerebellum	31.65053531674628	88	hcptrt	02	006	relational	2
cortex_Cont	48.89331423214338	128	hcptrt	02	006	relational	2
cortex_Default	44.24870111738797	209	hcptrt	02	006	relational	2
cortex_DorsAttn	52.47023599718253	122	hcptrt	02	006	relational	2
cortex_Limbic	21.146521696343505	60	hcptrt	02	006	relational	2
cortex_SalVentAttn	45.74074418443334	121	hcptrt	02	006	relational	2
cortex_SomMot	48.40305980494925	194	hcptrt	02	006	relational	2
cortex_Vis	41.63753791965027	162	hcptrt	02	006	relational	2
subcortex_CAU	31.5379510292253	8	hcptrt	02	006	relational	2
subcortex_PUT	30.26041940369622	8	hcptrt	02	006	relational	2
subcortex_THA	26.985443460185593	14	hcptrt	02	006	relational	2
cerebellum	31.41867904793548	88	hcptrt	02	006	social	1
cortex_Cont	47.285267853509396	128	hcptrt	02	006	social	1
cortex_Default	42.284005693840406	209	hcptrt	02	006	social	1
cortex_DorsAttn	47.79166771523222	122	hcptrt	02	006	social	1
cortex_Limbic	20.629855012665967	60	hcptrt	02	006	social	1
cortex_SalVentAttn	44.483332189477146	121	hcptrt	02	006	social	1
cortex_SomMot	45.96833894365327	194	hcptrt	02	006	social	1
cortex_Vis	37.6073597369729	162	hcptrt	02	006	social	1
subcortex_CAU	32.192334215350456	8	hcptrt	02	006	social	1
subcortex_PUT	30.884326708410846	8	hcptrt	02	006	social	1
subcortex_THA	27.276422251120493	14	hcptrt	02	006	social	1
cerebellum	24.606008969584614	88	hcptrt	02	006	social	2
cortex_Cont	37.43630284324201	128	hcptrt	02	006	social	2
cortex_Default	34.31805323360798	209	hcptrt	02	006	social	2
cortex_DorsAttn	39.30117756544541	122	hcptrt	02	006	social	2
cortex_Limbic	17.11651052293149	60	hcptrt	02	006	social	2
cortex_SalVentAttn	37.40022586828311	121	hcptrt	02	006	social	2
cortex_SomMot	37.9465734837809	194	hcptrt	02	006	social	2
cortex_Vis	30.585115572362582	162	hcptrt	02	006	social	2
subcortex_CAU	29.4287201775023	8	hcptrt	02	006	social	2
subcortex_PUT	28.56406182246274	8	hcptrt	02	006	social	2
subcortex_THA	24.862628108203953	14	hcptrt	02	006	social	2
cerebellum	32.215358847687746	88	hcptrt	02	006	wm	1
cortex_Cont	48.405137658702984	128	hcptrt	02	006	wm	1
cortex_Default	43.14610439867825	209	hcptrt	02	006	wm	1
cortex_DorsAttn	53.00493243779549	122	hcptrt	02	006	wm	1
cortex_Limbic	20.862064822723475	60	hcptrt	02	006	wm	1
cortex_SalVentAttn	44.60449323523992	121	hcptrt	02	006	wm	1
cortex_SomMot	47.58573852902251	194	hcptrt	02	006	wm	1
cortex_Vis	41.8463155768774	162	hcptrt	02	006	wm	1
subcortex_CAU	31.613331166893914	8	hcptrt	02	006	wm	1
subcortex_PUT	30.143164692296573	8	hcptrt	02	006	wm	1
subcortex_THA	26.95192562815354	14	hcptrt	02	006	wm	1
cerebellum	28.707869034597344	88	hcptrt	02	006	wm	2
cortex_Cont	45.967535163051785	128	hcptrt	02	006	wm	2
cortex_Default	41.39563559242151	209	hcptrt	02	006	wm	2
cortex_DorsAttn	49.07024547048597	122	hcptrt	02	006	wm	2
cortex_Limbic	19.92335632474061	60	hcptrt	02	006	wm	2
cortex_SalVentAttn	43.33486741819896	121	hcptrt	02	006	wm	2
cortex_SomMot	46.397218203604574	194	hcptrt	02	006	wm	2
cortex_Vis	36.83118525882897	162	hcptrt	02	006	wm	2
subcortex_CAU	31.05729468817734	8	hcptrt	02	006	wm	2
subcortex_PUT	29.562266830364983	8	hcptrt	02	006	wm	2
subcortex_THA	25.93529134587947	14	hcptrt	02	006	wm	2
cerebellum	29.157658324934413	88	hcptrt	02	007	emotion	1
cortex_Cont	46.3127547394905	128	hcptrt	02	007	emotion	1
cortex_Default	42.03380896577181	209	hcptrt	02	007	emotion	1
cortex_DorsAttn	50.10163134736166	122	hcptrt	02	007	emotion	1
cortex_Limbic	20.338627276844953	60	hcptrt	02	007	emotion	1
cortex_SalVentAttn	43.64272463294777	121	hcptrt	02	007	emotion	1
cortex_SomMot	46.80446695219775	194	hcptrt	02	007	emotion	1
cortex_Vis	38.16204943860036	162	hcptrt	02	007	emotion	1
subcortex_CAU	31.156136116455663	8	hcptrt	02	007	emotion	1
subcortex_PUT	29.320115424302585	8	hcptrt	02	007	emotion	1
subcortex_THA	26.33389732027244	14	hcptrt	02	007	emotion	1
cerebellum	28.655786211184555	88	hcptrt	02	007	gambling	1
cortex_Cont	45.3767328122696	128	hcptrt	02	007	gambling	1
cortex_Default	41.189509873862924	209	hcptrt	02	007	gambling	1
cortex_DorsAttn	47.940762306130004	122	hcptrt	02	007	gambling	1
cortex_Limbic	19.24663054551543	60	hcptrt	02	007	gambling	1
cortex_SalVentAttn	42.76824596988761	121	hcptrt	02	007	gambling	1
cortex_SomMot	44.69181810122163	194	hcptrt	02	007	gambling	1
cortex_Vis	37.5736000844204	162	hcptrt	02	007	gambling	1
subcortex_CAU	30.923918834380665	8	hcptrt	02	007	gambling	1
subcortex_PUT	29.826592226953554	8	hcptrt	02	007	gambling	1
subcortex_THA	26.36420118983967	14	hcptrt	02	007	gambling	1
cerebellum	28.38160663394694	88	hcptrt	02	007	language	1
cortex_Cont	41.56504389014399	128	hcptrt	02	007	language	1
cortex_Default	37.86711609823639	209	hcptrt	02	007	language	1
cortex_DorsAttn	45.59064835283528	122	hcptrt	02	007	language	1
cortex_Limbic	18.35604532694418	60	hcptrt	02	007	language	1
cortex_SalVentAttn	40.92044145434882	121	hcptrt	02	007	language	1
cortex_SomMot	42.83517080346222	194	hcptrt	02	007	language	1
cortex_Vis	36.86002472140325	162	hcptrt	02	007	language	1
subcortex_CAU	30.491707452025082	8	hcptrt	02	007	language	1
subcortex_PUT	29.150066349317523	8	hcptrt	02	007	language	1
subcortex_THA	26.385622917724564	14	hcptrt	02	007	language	1
cerebellum	25.489085685520898	88	hcptrt	02	007	motor	1
cortex_Cont	40.0070063136972	128	hcptrt	02	007	motor	1
cortex_Default	35.822672792243004	209	hcptrt	02	007	motor	1
cortex_DorsAttn	41.663255069868534	122	hcptrt	02	007	motor	1
cortex_Limbic	17.20106698492749	60	hcptrt	02	007	motor	1
cortex_SalVentAttn	38.79845770180745	121	hcptrt	02	007	motor	1
cortex_SomMot	39.57146119595824	194	hcptrt	02	007	motor	1
cortex_Vis	32.3014773082118	162	hcptrt	02	007	motor	1
subcortex_CAU	30.820971403411292	8	hcptrt	02	007	motor	1
subcortex_PUT	29.276932023493824	8	hcptrt	02	007	motor	1
subcortex_THA	25.37926175228548	14	hcptrt	02	007	motor	1
cerebellum	28.235388531993326	88	hcptrt	02	007	relational	1
cortex_Cont	42.61012275537706	128	hcptrt	02	007	relational	1
cortex_Default	39.18790505011616	209	hcptrt	02	007	relational	1
cortex_DorsAttn	46.34986447241305	122	hcptrt	02	007	relational	1
cortex_Limbic	18.66350813690088	60	hcptrt	02	007	relational	1
cortex_SalVentAttn	41.254959642598635	121	hcptrt	02	007	relational	1
cortex_SomMot	42.41876297633075	194	hcptrt	02	007	relational	1
cortex_Vis	37.01182149367585	162	hcptrt	02	007	relational	1
subcortex_CAU	30.516654764760165	8	hcptrt	02	007	relational	1
subcortex_PUT	29.43880504763739	8	hcptrt	02	007	relational	1
subcortex_THA	26.16060777722953	14	hcptrt	02	007	relational	1
cerebellum	26.74771425862108	88	hcptrt	02	007	restingstate	1
cortex_Cont	43.97039144884542	128	hcptrt	02	007	restingstate	1
cortex_Default	38.48925981618875	209	hcptrt	02	007	restingstate	1
cortex_DorsAttn	46.29364921013003	122	hcptrt	02	007	restingstate	1
cortex_Limbic	18.283609973484438	60	hcptrt	02	007	restingstate	1
cortex_SalVentAttn	42.08756440777251	121	hcptrt	02	007	restingstate	1
cortex_SomMot	44.0897063740619	194	hcptrt	02	007	restingstate	1
cortex_Vis	34.86701598773864	162	hcptrt	02	007	restingstate	1
subcortex_CAU	31.035146911622455	8	hcptrt	02	007	restingstate	1
subcortex_PUT	29.637408608797067	8	hcptrt	02	007	restingstate	1
subcortex_THA	25.73358806070737	14	hcptrt	02	007	restingstate	1
cerebellum	27.140067484206828	88	hcptrt	02	007	social	1
cortex_Cont	40.79825626144549	128	hcptrt	02	007	social	1
cortex_Default	37.13963696839153	209	hcptrt	02	007	social	1
cortex_DorsAttn	42.70773848249026	122	hcptrt	02	007	social	1
cortex_Limbic	17.73507585484276	60	hcptrt	02	007	social	1
cortex_SalVentAttn	40.110224894893605	121	hcptrt	02	007	social	1
cortex_SomMot	41.03921127040504	194	hcptrt	02	007	social	1
cortex_Vis	33.842677583689024	162	hcptrt	02	007	social	1
subcortex_CAU	30.591913708159574	8	hcptrt	02	007	social	1
subcortex_PUT	28.95435049501032	8	hcptrt	02	007	social	1
subcortex_THA	25.84079670687843	14	hcptrt	02	007	social	1
cerebellum	26.635890765157214	88	hcptrt	02	007	wm	1
cortex_Cont	38.59164206003368	128	hcptrt	02	007	wm	1
cortex_Default	35.74997482530097	209	hcptrt	02	007	wm	1
cortex_DorsAttn	42.86435109043225	122	hcptrt	02	007	wm	1
cortex_Limbic	16.438396056702608	60	hcptrt	02	007	wm	1
cortex_SalVentAttn	38.87212922907854	121	hcptrt	02	007	wm	1
cortex_SomMot	40.618515014864435	194	hcptrt	02	007	wm	1
cortex_Vis	33.868543667123916	162	hcptrt	02	007	wm	1
subcortex_CAU	29.116452004407943	8	hcptrt	02	007	wm	1
subcortex_PUT	28.48368407571831	8	hcptrt	02	007	wm	1
subcortex_THA	25.75187336522008	14	hcptrt	02	007	wm	1
cerebellum	30.107623219332233	88	hcptrt	02	008	emotion	1
cortex_Cont	47.34853550474794	128	hcptrt	02	008	emotion	1
cortex_Default	42.5427060436106	209	hcptrt	02	008	emotion	1
cortex_DorsAttn	50.13961116639184	122	hcptrt	02	008	emotion	1
cortex_Limbic	19.59118158769002	60	hcptrt	02	008	emotion	1
cortex_SalVentAttn	43.749928165112365	121	hcptrt	02	008	emotion	1
cortex_SomMot	46.82795192549207	194	hcptrt	02	008	emotion	1
cortex_Vis	40.22697689095737	162	hcptrt	02	008	emotion	1
subcortex_CAU	31.773306645161533	8	hcptrt	02	008	emotion	1
subcortex_PUT	30.23860697799915	8	hcptrt	02	008	emotion	1
subcortex_THA	26.21887356556323	14	hcptrt	02	008	emotion	1
cerebellum	29.570036555908267	88	hcptrt	02	008	emotion	2
cortex_Cont	46.620429738071856	128	hcptrt	02	008	emotion	2
cortex_Default	42.07055254803905	209	hcptrt	02	008	emotion	2
cortex_DorsAttn	50.512603086185266	122	hcptrt	02	008	emotion	2
cortex_Limbic	19.82845075644085	60	hcptrt	02	008	emotion	2
cortex_SalVentAttn	43.96788158839206	121	hcptrt	02	008	emotion	2
cortex_SomMot	46.70571712269455	194	hcptrt	02	008	emotion	2
cortex_Vis	39.831015954887775	162	hcptrt	02	008	emotion	2
subcortex_CAU	31.181190365922056	8	hcptrt	02	008	emotion	2
subcortex_PUT	29.811700046977208	8	hcptrt	02	008	emotion	2
subcortex_THA	25.66945811146091	14	hcptrt	02	008	emotion	2
cerebellum	30.52788503028419	88	hcptrt	02	008	gambling	1
cortex_Cont	47.68953713557263	128	hcptrt	02	008	gambling	1
cortex_Default	42.54783556102678	209	hcptrt	02	008	gambling	1
cortex_DorsAttn	49.7835319032832	122	hcptrt	02	008	gambling	1
cortex_Limbic	20.071135054294977	60	hcptrt	02	008	gambling	1
cortex_SalVentAttn	43.88534252730123	121	hcptrt	02	008	gambling	1
cortex_SomMot	46.15055156968867	194	hcptrt	02	008	gambling	1
cortex_Vis	40.62728740413477	162	hcptrt	02	008	gambling	1
subcortex_CAU	31.069469321152482	8	hcptrt	02	008	gambling	1
subcortex_PUT	29.867741215765914	8	hcptrt	02	008	gambling	1
subcortex_THA	25.95965519115077	14	hcptrt	02	008	gambling	1
cerebellum	32.711703909833595	88	hcptrt	02	008	gambling	2
cortex_Cont	52.902533794381426	128	hcptrt	02	008	gambling	2
cortex_Default	46.89210414185657	209	hcptrt	02	008	gambling	2
cortex_DorsAttn	56.686652562013236	122	hcptrt	02	008	gambling	2
cortex_Limbic	21.468181418687795	60	hcptrt	02	008	gambling	2
cortex_SalVentAttn	47.509950975506044	121	hcptrt	02	008	gambling	2
cortex_SomMot	51.00266947172543	194	hcptrt	02	008	gambling	2
cortex_Vis	45.33181209730377	162	hcptrt	02	008	gambling	2
subcortex_CAU	31.94239547886466	8	hcptrt	02	008	gambling	2
subcortex_PUT	30.191166004948037	8	hcptrt	02	008	gambling	2
subcortex_THA	26.229101228438868	14	hcptrt	02	008	gambling	2
cerebellum	30.239417286018412	88	hcptrt	02	008	language	1
cortex_Cont	47.08322079394857	128	hcptrt	02	008	language	1
cortex_Default	42.56817767839288	209	hcptrt	02	008	language	1
cortex_DorsAttn	49.60054067025694	122	hcptrt	02	008	language	1
cortex_Limbic	19.627132039489524	60	hcptrt	02	008	language	1
cortex_SalVentAttn	44.58490183941319	121	hcptrt	02	008	language	1
cortex_SomMot	47.13011435052369	194	hcptrt	02	008	language	1
cortex_Vis	40.46577908972274	162	hcptrt	02	008	language	1
subcortex_CAU	31.700184380422744	8	hcptrt	02	008	language	1
subcortex_PUT	30.080718960213236	8	hcptrt	02	008	language	1
subcortex_THA	26.205441792240215	14	hcptrt	02	008	language	1
cerebellum	28.317467289124735	88	hcptrt	02	008	language	2
cortex_Cont	44.889148377243025	128	hcptrt	02	008	language	2
cortex_Default	39.88314880779507	209	hcptrt	02	008	language	2
cortex_DorsAttn	47.43479223436522	122	hcptrt	02	008	language	2
cortex_Limbic	19.30890384131204	60	hcptrt	02	008	language	2
cortex_SalVentAttn	42.69872717254856	121	hcptrt	02	008	language	2
cortex_SomMot	44.9528328466412	194	hcptrt	02	008	language	2
cortex_Vis	38.41138613866876	162	hcptrt	02	008	language	2
subcortex_CAU	30.84015302665925	8	hcptrt	02	008	language	2
subcortex_PUT	29.90480063341088	8	hcptrt	02	008	language	2
subcortex_THA	26.37584563750891	14	hcptrt	02	008	language	2
cerebellum	27.118121801628785	88	hcptrt	02	008	motor	1
cortex_Cont	39.160590575843585	128	hcptrt	02	008	motor	1
cortex_Default	35.44573690512478	209	hcptrt	02	008	motor	1
cortex_DorsAttn	41.415268048609676	122	hcptrt	02	008	motor	1
cortex_Limbic	17.293764973376195	60	hcptrt	02	008	motor	1
cortex_SalVentAttn	38.604419155968365	121	hcptrt	02	008	motor	1
cortex_SomMot	38.93737578550156	194	hcptrt	02	008	motor	1
cortex_Vis	35.07586435915943	162	hcptrt	02	008	motor	1
subcortex_CAU	29.78537735731196	8	hcptrt	02	008	motor	1
subcortex_PUT	29.4051211766847	8	hcptrt	02	008	motor	1
subcortex_THA	25.088578089712435	14	hcptrt	02	008	motor	1
cerebellum	27.448212833317204	88	hcptrt	02	008	motor	2
cortex_Cont	42.696996084657926	128	hcptrt	02	008	motor	2
cortex_Default	38.21553592569718	209	hcptrt	02	008	motor	2
cortex_DorsAttn	46.09193141484738	122	hcptrt	02	008	motor	2
cortex_Limbic	17.338162952815324	60	hcptrt	02	008	motor	2
cortex_SalVentAttn	40.728699879828824	121	hcptrt	02	008	motor	2
cortex_SomMot	42.58153332850702	194	hcptrt	02	008	motor	2
cortex_Vis	37.48109252537775	162	hcptrt	02	008	motor	2
subcortex_CAU	30.148792006835833	8	hcptrt	02	008	motor	2
subcortex_PUT	29.262424930663553	8	hcptrt	02	008	motor	2
subcortex_THA	25.163272007646913	14	hcptrt	02	008	motor	2
cerebellum	31.126609017041424	88	hcptrt	02	008	relational	1
cortex_Cont	50.07425964833873	128	hcptrt	02	008	relational	1
cortex_Default	44.59363678051572	209	hcptrt	02	008	relational	1
cortex_DorsAttn	53.37833101931945	122	hcptrt	02	008	relational	1
cortex_Limbic	20.02721570969281	60	hcptrt	02	008	relational	1
cortex_SalVentAttn	46.0404723885554	121	hcptrt	02	008	relational	1
cortex_SomMot	49.15015475270109	194	hcptrt	02	008	relational	1
cortex_Vis	42.418224014525265	162	hcptrt	02	008	relational	1
subcortex_CAU	31.813685796277234	8	hcptrt	02	008	relational	1
subcortex_PUT	30.398293503139175	8	hcptrt	02	008	relational	1
subcortex_THA	26.60733469718331	14	hcptrt	02	008	relational	1
cerebellum	28.581377341189523	88	hcptrt	02	008	relational	2
cortex_Cont	45.12050544372512	128	hcptrt	02	008	relational	2
cortex_Default	40.88441983424964	209	hcptrt	02	008	relational	2
cortex_DorsAttn	46.65251117166331	122	hcptrt	02	008	relational	2
cortex_Limbic	19.990243432801616	60	hcptrt	02	008	relational	2
cortex_SalVentAttn	42.415121178753	121	hcptrt	02	008	relational	2
cortex_SomMot	44.85944510492538	194	hcptrt	02	008	relational	2
cortex_Vis	36.774747017158276	162	hcptrt	02	008	relational	2
subcortex_CAU	31.732754316501847	8	hcptrt	02	008	relational	2
subcortex_PUT	29.758990675507818	8	hcptrt	02	008	relational	2
subcortex_THA	26.390279711900668	14	hcptrt	02	008	relational	2
cerebellum	32.20426445417393	88	hcptrt	02	008	social	1
cortex_Cont	51.655219361760025	128	hcptrt	02	008	social	1
cortex_Default	45.468846571047166	209	hcptrt	02	008	social	1
cortex_DorsAttn	52.93803887071039	122	hcptrt	02	008	social	1
cortex_Limbic	21.414711427877254	60	hcptrt	02	008	social	1
cortex_SalVentAttn	46.91913575355282	121	hcptrt	02	008	social	1
cortex_SomMot	49.54899829729838	194	hcptrt	02	008	social	1
cortex_Vis	42.36021784799753	162	hcptrt	02	008	social	1
subcortex_CAU	32.32593012124929	8	hcptrt	02	008	social	1
subcortex_PUT	30.899163854452382	8	hcptrt	02	008	social	1
subcortex_THA	26.551764563906154	14	hcptrt	02	008	social	1
cerebellum	29.157302349670626	88	hcptrt	02	008	social	2
cortex_Cont	46.71846828834406	128	hcptrt	02	008	social	2
cortex_Default	41.9176215909191	209	hcptrt	02	008	social	2
cortex_DorsAttn	48.9828740493263	122	hcptrt	02	008	social	2
cortex_Limbic	19.488330316528092	60	hcptrt	02	008	social	2
cortex_SalVentAttn	43.56231467128166	121	hcptrt	02	008	social	2
cortex_SomMot	46.09317700991512	194	hcptrt	02	008	social	2
cortex_Vis	39.296415339862804	162	hcptrt	02	008	social	2
subcortex_CAU	30.7432944619452	8	hcptrt	02	008	social	2
subcortex_PUT	29.728548461959278	8	hcptrt	02	008	social	2
subcortex_THA	25.61510435360497	14	hcptrt	02	008	social	2
cerebellum	30.833688905966333	88	hcptrt	02	008	wm	1
cortex_Cont	48.65739096317986	128	hcptrt	02	008	wm	1
cortex_Default	43.235223654910456	209	hcptrt	02	008	wm	1
cortex_DorsAttn	52.323084004937584	122	hcptrt	02	008	wm	1
cortex_Limbic	19.566466233620595	60	hcptrt	02	008	wm	1
cortex_SalVentAttn	45.08482740943664	121	hcptrt	02	008	wm	1
cortex_SomMot	48.53464176151124	194	hcptrt	02	008	wm	1
cortex_Vis	41.13244900121202	162	hcptrt	02	008	wm	1
subcortex_CAU	31.731656136608166	8	hcptrt	02	008	wm	1
subcortex_PUT	29.971699148918468	8	hcptrt	02	008	wm	1
subcortex_THA	26.10665505512105	14	hcptrt	02	008	wm	1
cerebellum	28.002173056107186	88	hcptrt	02	008	wm	2
cortex_Cont	43.357366283838786	128	hcptrt	02	008	wm	2
cortex_Default	39.61399503832859	209	hcptrt	02	008	wm	2
cortex_DorsAttn	45.32400819125411	122	hcptrt	02	008	wm	2
cortex_Limbic	19.189108499885535	60	hcptrt	02	008	wm	2
cortex_SalVentAttn	42.071222736564685	121	hcptrt	02	008	wm	2
cortex_SomMot	43.37744378040365	194	hcptrt	02	008	wm	2
cortex_Vis	37.02355548847295	162	hcptrt	02	008	wm	2
subcortex_CAU	30.34426412769876	8	hcptrt	02	008	wm	2
subcortex_PUT	29.416493695292832	8	hcptrt	02	008	wm	2
subcortex_THA	25.56563106927634	14	hcptrt	02	008	wm	2
cerebellum	29.296433424847372	88	hcptrt	02	009	emotion	1
cortex_Cont	48.60643594367284	128	hcptrt	02	009	emotion	1
cortex_Default	42.83777701095599	209	hcptrt	02	009	emotion	1
cortex_DorsAttn	51.72053760466595	122	hcptrt	02	009	emotion	1
cortex_Limbic	20.6492403926539	60	hcptrt	02	009	emotion	1
cortex_SalVentAttn	44.792758770895766	121	hcptrt	02	009	emotion	1
cortex_SomMot	47.40077759599424	194	hcptrt	02	009	emotion	1
cortex_Vis	39.2954368564584	162	hcptrt	02	009	emotion	1
subcortex_CAU	31.097348484412944	8	hcptrt	02	009	emotion	1
subcortex_PUT	29.523390103644083	8	hcptrt	02	009	emotion	1
subcortex_THA	26.353538751563004	14	hcptrt	02	009	emotion	1
cerebellum	29.980135766068177	88	hcptrt	02	009	gambling	1
cortex_Cont	46.10081844691573	128	hcptrt	02	009	gambling	1
cortex_Default	41.28557459163966	209	hcptrt	02	009	gambling	1
cortex_DorsAttn	47.20158745349614	122	hcptrt	02	009	gambling	1
cortex_Limbic	20.62034063992731	60	hcptrt	02	009	gambling	1
cortex_SalVentAttn	42.79259923230463	121	hcptrt	02	009	gambling	1
cortex_SomMot	44.130740438392536	194	hcptrt	02	009	gambling	1
cortex_Vis	37.62555260085652	162	hcptrt	02	009	gambling	1
subcortex_CAU	31.38987687238716	8	hcptrt	02	009	gambling	1
subcortex_PUT	29.33699861516234	8	hcptrt	02	009	gambling	1
subcortex_THA	26.364614395836984	14	hcptrt	02	009	gambling	1
cerebellum	29.82676222329673	88	hcptrt	02	009	language	1
cortex_Cont	42.67231626023669	128	hcptrt	02	009	language	1
cortex_Default	38.360933675408745	209	hcptrt	02	009	language	1
cortex_DorsAttn	45.69182109814434	122	hcptrt	02	009	language	1
cortex_Limbic	18.9237473985083	60	hcptrt	02	009	language	1
cortex_SalVentAttn	41.063089607873074	121	hcptrt	02	009	language	1
cortex_SomMot	42.643572586454994	194	hcptrt	02	009	language	1
cortex_Vis	37.337756479118994	162	hcptrt	02	009	language	1
subcortex_CAU	30.62618377046107	8	hcptrt	02	009	language	1
subcortex_PUT	29.104685369473042	8	hcptrt	02	009	language	1
subcortex_THA	26.012745170796734	14	hcptrt	02	009	language	1
cerebellum	23.495034664289435	88	hcptrt	02	009	motor	1
cortex_Cont	36.99959672930549	128	hcptrt	02	009	motor	1
cortex_Default	33.29443417724874	209	hcptrt	02	009	motor	1
cortex_DorsAttn	37.682845242411055	122	hcptrt	02	009	motor	1
cortex_Limbic	17.3442823291032	60	hcptrt	02	009	motor	1
cortex_SalVentAttn	36.28024662745133	121	hcptrt	02	009	motor	1
cortex_SomMot	36.95384481385266	194	hcptrt	02	009	motor	1
cortex_Vis	29.427503940977115	162	hcptrt	02	009	motor	1
subcortex_CAU	29.04536552942724	8	hcptrt	02	009	motor	1
subcortex_PUT	27.813948127725926	8	hcptrt	02	009	motor	1
subcortex_THA	24.38925974548886	14	hcptrt	02	009	motor	1
cerebellum	30.01792760458001	88	hcptrt	02	009	relational	1
cortex_Cont	45.09167200693597	128	hcptrt	02	009	relational	1
cortex_Default	40.64094022868615	209	hcptrt	02	009	relational	1
cortex_DorsAttn	47.28729303079196	122	hcptrt	02	009	relational	1
cortex_Limbic	20.304939621964845	60	hcptrt	02	009	relational	1
cortex_SalVentAttn	42.26884317519142	121	hcptrt	02	009	relational	1
cortex_SomMot	43.96280541357167	194	hcptrt	02	009	relational	1
cortex_Vis	37.40168653227684	162	hcptrt	02	009	relational	1
subcortex_CAU	30.60595789849865	8	hcptrt	02	009	relational	1
subcortex_PUT	28.97069252357328	8	hcptrt	02	009	relational	1
subcortex_THA	26.018363870810926	14	hcptrt	02	009	relational	1
cerebellum	23.640675902725807	88	hcptrt	02	009	restingstate	1
cortex_Cont	34.95601162527389	128	hcptrt	02	009	restingstate	1
cortex_Default	32.07318166236478	209	hcptrt	02	009	restingstate	1
cortex_DorsAttn	37.26164911278026	122	hcptrt	02	009	restingstate	1
cortex_Limbic	16.262756807791497	60	hcptrt	02	009	restingstate	1
cortex_SalVentAttn	36.380986068289744	121	hcptrt	02	009	restingstate	1
cortex_SomMot	37.80189456508385	194	hcptrt	02	009	restingstate	1
cortex_Vis	29.44864654377021	162	hcptrt	02	009	restingstate	1
subcortex_CAU	28.849117894558848	8	hcptrt	02	009	restingstate	1
subcortex_PUT	27.703799810919048	8	hcptrt	02	009	restingstate	1
subcortex_THA	24.976011673699663	14	hcptrt	02	009	restingstate	1
cerebellum	28.887971676162408	88	hcptrt	02	009	social	1
cortex_Cont	44.63795462990526	128	hcptrt	02	009	social	1
cortex_Default	39.85593557635753	209	hcptrt	02	009	social	1
cortex_DorsAttn	45.090663197244595	122	hcptrt	02	009	social	1
cortex_Limbic	19.439069546821635	60	hcptrt	02	009	social	1
cortex_SalVentAttn	42.201409577890466	121	hcptrt	02	009	social	1
cortex_SomMot	44.15957675748142	194	hcptrt	02	009	social	1
cortex_Vis	35.05550802249101	162	hcptrt	02	009	social	1
subcortex_CAU	30.885755747396807	8	hcptrt	02	009	social	1
subcortex_PUT	29.2605721032288	8	hcptrt	02	009	social	1
subcortex_THA	25.941925825932724	14	hcptrt	02	009	social	1
cerebellum	30.09808356942813	88	hcptrt	02	009	wm	1
cortex_Cont	45.0757336904281	128	hcptrt	02	009	wm	1
cortex_Default	40.54989322320409	209	hcptrt	02	009	wm	1
cortex_DorsAttn	48.96035668536261	122	hcptrt	02	009	wm	1
cortex_Limbic	19.947133228190797	60	hcptrt	02	009	wm	1
cortex_SalVentAttn	42.300014902359926	121	hcptrt	02	009	wm	1
cortex_SomMot	44.62070788108529	194	hcptrt	02	009	wm	1
cortex_Vis	38.150178579786434	162	hcptrt	02	009	wm	1
subcortex_CAU	30.520078729874218	8	hcptrt	02	009	wm	1
subcortex_PUT	28.839474110506387	8	hcptrt	02	009	wm	1
subcortex_THA	26.059186769130253	14	hcptrt	02	009	wm	1
cerebellum	32.770309853615586	88	hcptrt	02	010	emotion	1
cortex_Cont	49.91819225134569	128	hcptrt	02	010	emotion	1
cortex_Default	43.99295051162077	209	hcptrt	02	010	emotion	1
cortex_DorsAttn	52.983432796662875	122	hcptrt	02	010	emotion	1
cortex_Limbic	20.982225317913375	60	hcptrt	02	010	emotion	1
cortex_SalVentAttn	45.40810284201035	121	hcptrt	02	010	emotion	1
cortex_SomMot	47.95173257949761	194	hcptrt	02	010	emotion	1
cortex_Vis	41.19279235437387	162	hcptrt	02	010	emotion	1
subcortex_CAU	32.50750476345127	8	hcptrt	02	010	emotion	1
subcortex_PUT	30.71762343575724	8	hcptrt	02	010	emotion	1
subcortex_THA	26.87971352974382	14	hcptrt	02	010	emotion	1
cerebellum	31.863692841236762	88	hcptrt	02	010	emotion	2
cortex_Cont	46.84713446663934	128	hcptrt	02	010	emotion	2
cortex_Default	42.620278896460334	209	hcptrt	02	010	emotion	2
cortex_DorsAttn	50.390090733886886	122	hcptrt	02	010	emotion	2
cortex_Limbic	20.52259361242295	60	hcptrt	02	010	emotion	2
cortex_SalVentAttn	44.03500205418659	121	hcptrt	02	010	emotion	2
cortex_SomMot	45.74401195761965	194	hcptrt	02	010	emotion	2
cortex_Vis	39.7610668336195	162	hcptrt	02	010	emotion	2
subcortex_CAU	31.59665631106398	8	hcptrt	02	010	emotion	2
subcortex_PUT	30.053399086739617	8	hcptrt	02	010	emotion	2
subcortex_THA	26.48381969572694	14	hcptrt	02	010	emotion	2
cerebellum	30.30371569922736	88	hcptrt	02	010	gambling	1
cortex_Cont	44.29581485008675	128	hcptrt	02	010	gambling	1
cortex_Default	40.446359635262226	209	hcptrt	02	010	gambling	1
cortex_DorsAttn	47.57339730339175	122	hcptrt	02	010	gambling	1
cortex_Limbic	19.647416901005126	60	hcptrt	02	010	gambling	1
cortex_SalVentAttn	42.07240692859896	121	hcptrt	02	010	gambling	1
cortex_SomMot	44.52905184830013	194	hcptrt	02	010	gambling	1
cortex_Vis	37.30709291657744	162	hcptrt	02	010	gambling	1
subcortex_CAU	31.6260622434484	8	hcptrt	02	010	gambling	1
subcortex_PUT	30.06250124803779	8	hcptrt	02	010	gambling	1
subcortex_THA	25.94573004558908	14	hcptrt	02	010	gambling	1
cerebellum	29.377296692431376	88	hcptrt	02	010	gambling	2
cortex_Cont	44.74570675542057	128	hcptrt	02	010	gambling	2
cortex_Default	39.728592395123	209	hcptrt	02	010	gambling	2
cortex_DorsAttn	47.18580544629971	122	hcptrt	02	010	gambling	2
cortex_Limbic	18.69477249387158	60	hcptrt	02	010	gambling	2
cortex_SalVentAttn	42.30420924689757	121	hcptrt	02	010	gambling	2
cortex_SomMot	44.71515037246032	194	hcptrt	02	010	gambling	2
cortex_Vis	36.26078275619	162	hcptrt	02	010	gambling	2
subcortex_CAU	31.21922607163234	8	hcptrt	02	010	gambling	2
subcortex_PUT	29.61698759521695	8	hcptrt	02	010	gambling	2
subcortex_THA	25.969870768260876	14	hcptrt	02	010	gambling	2
cerebellum	31.690611472534503	88	hcptrt	02	010	language	1
cortex_Cont	42.225410244735265	128	hcptrt	02	010	language	1
cortex_Default	39.143888950129856	209	hcptrt	02	010	language	1
cortex_DorsAttn	45.22467968220757	122	hcptrt	02	010	language	1
cortex_Limbic	19.708138356799072	60	hcptrt	02	010	language	1
cortex_SalVentAttn	41.61929265912465	121	hcptrt	02	010	language	1
cortex_SomMot	41.99323116311584	194	hcptrt	02	010	language	1
cortex_Vis	38.892407964970126	162	hcptrt	02	010	language	1
subcortex_CAU	31.124716761734383	8	hcptrt	02	010	language	1
subcortex_PUT	30.059974408196023	8	hcptrt	02	010	language	1
subcortex_THA	26.524534089982435	14	hcptrt	02	010	language	1
cerebellum	27.070564408918425	88	hcptrt	02	010	language	2
cortex_Cont	39.40266496690696	128	hcptrt	02	010	language	2
cortex_Default	36.10766709555726	209	hcptrt	02	010	language	2
cortex_DorsAttn	41.92439051630653	122	hcptrt	02	010	language	2
cortex_Limbic	17.592171278380526	60	hcptrt	02	010	language	2
cortex_SalVentAttn	38.70522503229713	121	hcptrt	02	010	language	2
cortex_SomMot	40.063105742621175	194	hcptrt	02	010	language	2
cortex_Vis	32.783930271563605	162	hcptrt	02	010	language	2
subcortex_CAU	30.88671348787922	8	hcptrt	02	010	language	2
subcortex_PUT	29.24207310892365	8	hcptrt	02	010	language	2
subcortex_THA	25.006523437248045	14	hcptrt	02	010	language	2
cerebellum	25.92016550674077	88	hcptrt	02	010	motor	1
cortex_Cont	37.681217586255165	128	hcptrt	02	010	motor	1
cortex_Default	34.33951711845385	209	hcptrt	02	010	motor	1
cortex_DorsAttn	39.49549148482837	122	hcptrt	02	010	motor	1
cortex_Limbic	16.995335106308154	60	hcptrt	02	010	motor	1
cortex_SalVentAttn	36.388104496014726	121	hcptrt	02	010	motor	1
cortex_SomMot	37.34333506097505	194	hcptrt	02	010	motor	1
cortex_Vis	31.380396437114726	162	hcptrt	02	010	motor	1
subcortex_CAU	29.91790653996742	8	hcptrt	02	010	motor	1
subcortex_PUT	29.011700398072083	8	hcptrt	02	010	motor	1
subcortex_THA	24.593969995585955	14	hcptrt	02	010	motor	1
cerebellum	25.218782586266062	88	hcptrt	02	010	motor	2
cortex_Cont	37.12242863321086	128	hcptrt	02	010	motor	2
cortex_Default	34.00767257005683	209	hcptrt	02	010	motor	2
cortex_DorsAttn	38.58062760932283	122	hcptrt	02	010	motor	2
cortex_Limbic	16.670380153858886	60	hcptrt	02	010	motor	2
cortex_SalVentAttn	35.68390688692192	121	hcptrt	02	010	motor	2
cortex_SomMot	36.131502601409494	194	hcptrt	02	010	motor	2
cortex_Vis	30.775222976384494	162	hcptrt	02	010	motor	2
subcortex_CAU	29.496333572959	8	hcptrt	02	010	motor	2
subcortex_PUT	28.584725736958198	8	hcptrt	02	010	motor	2
subcortex_THA	24.506109003490984	14	hcptrt	02	010	motor	2
cerebellum	33.95110658199514	88	hcptrt	02	010	relational	1
cortex_Cont	50.24522971814083	128	hcptrt	02	010	relational	1
cortex_Default	45.20391475848527	209	hcptrt	02	010	relational	1
cortex_DorsAttn	55.16264874629849	122	hcptrt	02	010	relational	1
cortex_Limbic	21.374333112875814	60	hcptrt	02	010	relational	1
cortex_SalVentAttn	46.562221382201585	121	hcptrt	02	010	relational	1
cortex_SomMot	50.185331013082376	194	hcptrt	02	010	relational	1
cortex_Vis	42.516041478486315	162	hcptrt	02	010	relational	1
subcortex_CAU	32.3468427880293	8	hcptrt	02	010	relational	1
subcortex_PUT	30.91156235984343	8	hcptrt	02	010	relational	1
subcortex_THA	27.078607624875904	14	hcptrt	02	010	relational	1
cerebellum	31.634612655520687	88	hcptrt	02	010	relational	2
cortex_Cont	47.85282330601299	128	hcptrt	02	010	relational	2
cortex_Default	42.52024268070896	209	hcptrt	02	010	relational	2
cortex_DorsAttn	49.891543533545914	122	hcptrt	02	010	relational	2
cortex_Limbic	20.577604403120834	60	hcptrt	02	010	relational	2
cortex_SalVentAttn	43.8662467418576	121	hcptrt	02	010	relational	2
cortex_SomMot	45.477038013434424	194	hcptrt	02	010	relational	2
cortex_Vis	38.9405119181755	162	hcptrt	02	010	relational	2
subcortex_CAU	31.6604511222973	8	hcptrt	02	010	relational	2
subcortex_PUT	30.129244538963064	8	hcptrt	02	010	relational	2
subcortex_THA	26.45129606631122	14	hcptrt	02	010	relational	2
cerebellum	29.515383519290648	88	hcptrt	02	010	social	1
cortex_Cont	42.37764393746611	128	hcptrt	02	010	social	1
cortex_Default	38.503195950601196	209	hcptrt	02	010	social	1
cortex_DorsAttn	43.912641297262304	122	hcptrt	02	010	social	1
cortex_Limbic	19.021024785889306	60	hcptrt	02	010	social	1
cortex_SalVentAttn	41.278456395273494	121	hcptrt	02	010	social	1
cortex_SomMot	42.42204327250734	194	hcptrt	02	010	social	1
cortex_Vis	34.874481437400206	162	hcptrt	02	010	social	1
subcortex_CAU	32.09564674158572	8	hcptrt	02	010	social	1
subcortex_PUT	30.15404396281479	8	hcptrt	02	010	social	1
subcortex_THA	26.57311297706939	14	hcptrt	02	010	social	1
cerebellum	29.5395070061109	88	hcptrt	02	010	social	2
cortex_Cont	42.61091756330215	128	hcptrt	02	010	social	2
cortex_Default	38.55063238231361	209	hcptrt	02	010	social	2
cortex_DorsAttn	43.94882788677573	122	hcptrt	02	010	social	2
cortex_Limbic	18.76372820673089	60	hcptrt	02	010	social	2
cortex_SalVentAttn	40.02409464695421	121	hcptrt	02	010	social	2
cortex_SomMot	40.5955377352743	194	hcptrt	02	010	social	2
cortex_Vis	35.247612208312056	162	hcptrt	02	010	social	2
subcortex_CAU	31.054653609720784	8	hcptrt	02	010	social	2
subcortex_PUT	29.683313551334756	8	hcptrt	02	010	social	2
subcortex_THA	25.687201291204595	14	hcptrt	02	010	social	2
cerebellum	31.64771574566987	88	hcptrt	02	010	wm	1
cortex_Cont	47.396839642003336	128	hcptrt	02	010	wm	1
cortex_Default	42.236317847934636	209	hcptrt	02	010	wm	1
cortex_DorsAttn	50.97800210645182	122	hcptrt	02	010	wm	1
cortex_Limbic	20.460900306531652	60	hcptrt	02	010	wm	1
cortex_SalVentAttn	43.29477908106966	121	hcptrt	02	010	wm	1
cortex_SomMot	45.65740356463551	194	hcptrt	02	010	wm	1
cortex_Vis	38.75296067778442	162	hcptrt	02	010	wm	1
subcortex_CAU	31.793014990444366	8	hcptrt	02	010	wm	1
subcortex_PUT	30.05360416139577	8	hcptrt	02	010	wm	1
subcortex_THA	26.444817109826147	14	hcptrt	02	010	wm	1
cerebellum	28.401588239527122	88	hcptrt	02	010	wm	2
cortex_Cont	40.71767994899593	128	hcptrt	02	010	wm	2
cortex_Default	37.528154582218846	209	hcptrt	02	010	wm	2
cortex_DorsAttn	44.99203029623639	122	hcptrt	02	010	wm	2
cortex_Limbic	18.22335061587017	60	hcptrt	02	010	wm	2
cortex_SalVentAttn	39.02318649111945	121	hcptrt	02	010	wm	2
cortex_SomMot	40.49201597843918	194	hcptrt	02	010	wm	2
cortex_Vis	35.7400535040321	162	hcptrt	02	010	wm	2
subcortex_CAU	30.126241463621728	8	hcptrt	02	010	wm	2
subcortex_PUT	29.122821535779295	8	hcptrt	02	010	wm	2
subcortex_THA	25.49434189391598	14	hcptrt	02	010	wm	2
cerebellum	38.75190174099543	88	hcptrt	03	001	emotion	1
cortex_Cont	53.21689409096223	128	hcptrt	03	001	emotion	1
cortex_Default	49.93307369686924	209	hcptrt	03	001	emotion	1
cortex_DorsAttn	57.88175537476689	122	hcptrt	03	001	emotion	1
cortex_Limbic	20.97291658574508	60	hcptrt	03	001	emotion	1
cortex_SalVentAttn	49.467508710455704	121	hcptrt	03	001	emotion	1
cortex_SomMot	51.67174510348328	194	hcptrt	03	001	emotion	1
cortex_Vis	48.23097687526198	162	hcptrt	03	001	emotion	1
subcortex_CAU	27.588337357209134	8	hcptrt	03	001	emotion	1
subcortex_PUT	28.872086251278507	8	hcptrt	03	001	emotion	1
subcortex_THA	27.82946456513532	14	hcptrt	03	001	emotion	1
cerebellum	38.52211470182833	88	hcptrt	03	001	emotion	2
cortex_Cont	52.59871466928429	128	hcptrt	03	001	emotion	2
cortex_Default	50.11362932394154	209	hcptrt	03	001	emotion	2
cortex_DorsAttn	57.58567067100616	122	hcptrt	03	001	emotion	2
cortex_Limbic	21.688934940672482	60	hcptrt	03	001	emotion	2
cortex_SalVentAttn	48.89696827196136	121	hcptrt	03	001	emotion	2
cortex_SomMot	52.027684771655174	194	hcptrt	03	001	emotion	2
cortex_Vis	47.25727604681054	162	hcptrt	03	001	emotion	2
subcortex_CAU	27.957071018127202	8	hcptrt	03	001	emotion	2
subcortex_PUT	29.223755195094128	8	hcptrt	03	001	emotion	2
subcortex_THA	28.133729127918734	14	hcptrt	03	001	emotion	2
cerebellum	37.36536302279608	88	hcptrt	03	001	gambling	1
cortex_Cont	50.94056265833698	128	hcptrt	03	001	gambling	1
cortex_Default	48.095326056131846	209	hcptrt	03	001	gambling	1
cortex_DorsAttn	55.25071234074874	122	hcptrt	03	001	gambling	1
cortex_Limbic	20.400245230187718	60	hcptrt	03	001	gambling	1
cortex_SalVentAttn	47.35089977956899	121	hcptrt	03	001	gambling	1
cortex_SomMot	49.39007179484261	194	hcptrt	03	001	gambling	1
cortex_Vis	46.087295602086385	162	hcptrt	03	001	gambling	1
subcortex_CAU	27.246310726556434	8	hcptrt	03	001	gambling	1
subcortex_PUT	28.586059813679952	8	hcptrt	03	001	gambling	1
subcortex_THA	27.849488773920395	14	hcptrt	03	001	gambling	1
cerebellum	37.91901265307045	88	hcptrt	03	001	gambling	2
cortex_Cont	51.79828184786103	128	hcptrt	03	001	gambling	2
cortex_Default	48.593413188914155	209	hcptrt	03	001	gambling	2
cortex_DorsAttn	56.54683912429037	122	hcptrt	03	001	gambling	2
cortex_Limbic	21.30832776928033	60	hcptrt	03	001	gambling	2
cortex_SalVentAttn	48.22285198606073	121	hcptrt	03	001	gambling	2
cortex_SomMot	51.73327548249665	194	hcptrt	03	001	gambling	2
cortex_Vis	48.28964651061645	162	hcptrt	03	001	gambling	2
subcortex_CAU	26.397277545378934	8	hcptrt	03	001	gambling	2
subcortex_PUT	27.985114117435028	8	hcptrt	03	001	gambling	2
subcortex_THA	27.47012929514921	14	hcptrt	03	001	gambling	2
cerebellum	36.05548837119762	88	hcptrt	03	001	language	1
cortex_Cont	48.67963041854003	128	hcptrt	03	001	language	1
cortex_Default	46.48851997786207	209	hcptrt	03	001	language	1
cortex_DorsAttn	52.86380648174279	122	hcptrt	03	001	language	1
cortex_Limbic	19.72977432310257	60	hcptrt	03	001	language	1
cortex_SalVentAttn	46.26235528741575	121	hcptrt	03	001	language	1
cortex_SomMot	48.00894716683875	194	hcptrt	03	001	language	1
cortex_Vis	44.55253310237032	162	hcptrt	03	001	language	1
subcortex_CAU	26.629545270358356	8	hcptrt	03	001	language	1
subcortex_PUT	28.08512403192821	8	hcptrt	03	001	language	1
subcortex_THA	27.57819618538082	14	hcptrt	03	001	language	1
cerebellum	34.96048046021437	88	hcptrt	03	001	language	2
cortex_Cont	46.58308282908981	128	hcptrt	03	001	language	2
cortex_Default	44.274683168062026	209	hcptrt	03	001	language	2
cortex_DorsAttn	52.02456713947023	122	hcptrt	03	001	language	2
cortex_Limbic	18.881304878933022	60	hcptrt	03	001	language	2
cortex_SalVentAttn	45.08616074948879	121	hcptrt	03	001	language	2
cortex_SomMot	45.95122041162308	194	hcptrt	03	001	language	2
cortex_Vis	45.1005731827459	162	hcptrt	03	001	language	2
subcortex_CAU	26.626102357477965	8	hcptrt	03	001	language	2
subcortex_PUT	27.784305906386624	8	hcptrt	03	001	language	2
subcortex_THA	27.641854841938628	14	hcptrt	03	001	language	2
cerebellum	33.18742825606496	88	hcptrt	03	001	motor	1
cortex_Cont	43.985307412475095	128	hcptrt	03	001	motor	1
cortex_Default	42.24335730263866	209	hcptrt	03	001	motor	1
cortex_DorsAttn	48.84628031801408	122	hcptrt	03	001	motor	1
cortex_Limbic	18.848962025129147	60	hcptrt	03	001	motor	1
cortex_SalVentAttn	42.27599691998458	121	hcptrt	03	001	motor	1
cortex_SomMot	43.43089059367115	194	hcptrt	03	001	motor	1
cortex_Vis	39.173209591043	162	hcptrt	03	001	motor	1
subcortex_CAU	26.522016682718014	8	hcptrt	03	001	motor	1
subcortex_PUT	28.047058282984228	8	hcptrt	03	001	motor	1
subcortex_THA	27.14169951955719	14	hcptrt	03	001	motor	1
cerebellum	36.7964400699256	88	hcptrt	03	001	motor	2
cortex_Cont	48.6691617914767	128	hcptrt	03	001	motor	2
cortex_Default	46.4649042275197	209	hcptrt	03	001	motor	2
cortex_DorsAttn	54.29086525182876	122	hcptrt	03	001	motor	2
cortex_Limbic	19.695481443933595	60	hcptrt	03	001	motor	2
cortex_SalVentAttn	45.36618856335039	121	hcptrt	03	001	motor	2
cortex_SomMot	47.61026059766177	194	hcptrt	03	001	motor	2
cortex_Vis	46.44808495204586	162	hcptrt	03	001	motor	2
subcortex_CAU	26.57321289856372	8	hcptrt	03	001	motor	2
subcortex_PUT	27.96790184583242	8	hcptrt	03	001	motor	2
subcortex_THA	27.41558766185341	14	hcptrt	03	001	motor	2
cerebellum	36.803968241406885	88	hcptrt	03	001	relational	1
cortex_Cont	50.43543188968844	128	hcptrt	03	001	relational	1
cortex_Default	47.72730059411915	209	hcptrt	03	001	relational	1
cortex_DorsAttn	54.94250921503409	122	hcptrt	03	001	relational	1
cortex_Limbic	19.89934887028265	60	hcptrt	03	001	relational	1
cortex_SalVentAttn	47.36629469563408	121	hcptrt	03	001	relational	1
cortex_SomMot	49.927477999187325	194	hcptrt	03	001	relational	1
cortex_Vis	45.04652914257877	162	hcptrt	03	001	relational	1
subcortex_CAU	26.830263875347562	8	hcptrt	03	001	relational	1
subcortex_PUT	28.43233723510078	8	hcptrt	03	001	relational	1
subcortex_THA	27.758864089265906	14	hcptrt	03	001	relational	1
cerebellum	36.777187041305496	88	hcptrt	03	001	relational	2
cortex_Cont	49.210909472856585	128	hcptrt	03	001	relational	2
cortex_Default	46.636790763459125	209	hcptrt	03	001	relational	2
cortex_DorsAttn	53.82008047564588	122	hcptrt	03	001	relational	2
cortex_Limbic	19.67340325600194	60	hcptrt	03	001	relational	2
cortex_SalVentAttn	46.46673646055674	121	hcptrt	03	001	relational	2
cortex_SomMot	49.26394132372359	194	hcptrt	03	001	relational	2
cortex_Vis	44.43344706999234	162	hcptrt	03	001	relational	2
subcortex_CAU	26.786168920765135	8	hcptrt	03	001	relational	2
subcortex_PUT	28.135102445575196	8	hcptrt	03	001	relational	2
subcortex_THA	27.664086274543326	14	hcptrt	03	001	relational	2
cerebellum	37.34800713368919	88	hcptrt	03	001	social	1
cortex_Cont	49.44908188711467	128	hcptrt	03	001	social	1
cortex_Default	47.846924685965824	209	hcptrt	03	001	social	1
cortex_DorsAttn	52.519908081174286	122	hcptrt	03	001	social	1
cortex_Limbic	21.511435110516484	60	hcptrt	03	001	social	1
cortex_SalVentAttn	46.89291646601034	121	hcptrt	03	001	social	1
cortex_SomMot	49.44873478516242	194	hcptrt	03	001	social	1
cortex_Vis	43.153132740197194	162	hcptrt	03	001	social	1
subcortex_CAU	27.983467955878517	8	hcptrt	03	001	social	1
subcortex_PUT	29.021881975870578	8	hcptrt	03	001	social	1
subcortex_THA	27.86977789229303	14	hcptrt	03	001	social	1
cerebellum	37.5441176087822	88	hcptrt	03	001	social	2
cortex_Cont	50.696806185263625	128	hcptrt	03	001	social	2
cortex_Default	48.00466375728091	209	hcptrt	03	001	social	2
cortex_DorsAttn	54.05173140320785	122	hcptrt	03	001	social	2
cortex_Limbic	20.597182723004412	60	hcptrt	03	001	social	2
cortex_SalVentAttn	47.570700422570326	121	hcptrt	03	001	social	2
cortex_SomMot	50.61940101288794	194	hcptrt	03	001	social	2
cortex_Vis	44.67271507926054	162	hcptrt	03	001	social	2
subcortex_CAU	27.02732256863	8	hcptrt	03	001	social	2
subcortex_PUT	28.483777412165864	8	hcptrt	03	001	social	2
subcortex_THA	27.60153753695227	14	hcptrt	03	001	social	2
cerebellum	37.04797961697047	88	hcptrt	03	001	wm	1
cortex_Cont	52.296103822926305	128	hcptrt	03	001	wm	1
cortex_Default	49.01747559236403	209	hcptrt	03	001	wm	1
cortex_DorsAttn	56.51799188664877	122	hcptrt	03	001	wm	1
cortex_Limbic	27.59089905195818	60	hcptrt	03	001	wm	1
cortex_SalVentAttn	48.12074388836814	121	hcptrt	03	001	wm	1
cortex_SomMot	51.41166236316855	194	hcptrt	03	001	wm	1
cortex_Vis	44.94764307618824	162	hcptrt	03	001	wm	1
subcortex_CAU	29.59293791255655	8	hcptrt	03	001	wm	1
subcortex_PUT	29.1845164972007	8	hcptrt	03	001	wm	1
subcortex_THA	29.079267516952495	14	hcptrt	03	001	wm	1
cerebellum	36.546977833359236	88	hcptrt	03	001	wm	2
cortex_Cont	53.39250524742483	128	hcptrt	03	001	wm	2
cortex_Default	50.12227574696573	209	hcptrt	03	001	wm	2
cortex_DorsAttn	56.719106074847225	122	hcptrt	03	001	wm	2
cortex_Limbic	28.409775083309643	60	hcptrt	03	001	wm	2
cortex_SalVentAttn	48.52479742307559	121	hcptrt	03	001	wm	2
cortex_SomMot	51.1858730028833	194	hcptrt	03	001	wm	2
cortex_Vis	45.881582427117536	162	hcptrt	03	001	wm	2
subcortex_CAU	28.883676364734875	8	hcptrt	03	001	wm	2
subcortex_PUT	28.711455474972016	8	hcptrt	03	001	wm	2
subcortex_THA	29.110375965792887	14	hcptrt	03	001	wm	2
cerebellum	38.308140588246836	88	hcptrt	03	002	emotion	1
cortex_Cont	52.78434293959018	128	hcptrt	03	002	emotion	1
cortex_Default	49.68041800349692	209	hcptrt	03	002	emotion	1
cortex_DorsAttn	58.348379526186946	122	hcptrt	03	002	emotion	1
cortex_Limbic	22.170574523513487	60	hcptrt	03	002	emotion	1
cortex_SalVentAttn	48.95428277583216	121	hcptrt	03	002	emotion	1
cortex_SomMot	53.25726554154939	194	hcptrt	03	002	emotion	1
cortex_Vis	48.66705042535542	162	hcptrt	03	002	emotion	1
subcortex_CAU	28.121016463446082	8	hcptrt	03	002	emotion	1
subcortex_PUT	29.004288219195544	8	hcptrt	03	002	emotion	1
subcortex_THA	27.926285304780702	14	hcptrt	03	002	emotion	1
cerebellum	37.41912011224837	88	hcptrt	03	002	gambling	1
cortex_Cont	51.933597517623404	128	hcptrt	03	002	gambling	1
cortex_Default	49.38847096602469	209	hcptrt	03	002	gambling	1
cortex_DorsAttn	57.099270497038574	122	hcptrt	03	002	gambling	1
cortex_Limbic	22.013378177266873	60	hcptrt	03	002	gambling	1
cortex_SalVentAttn	47.84917414854483	121	hcptrt	03	002	gambling	1
cortex_SomMot	51.610316961339926	194	hcptrt	03	002	gambling	1
cortex_Vis	48.71373285386929	162	hcptrt	03	002	gambling	1
subcortex_CAU	27.29429498827173	8	hcptrt	03	002	gambling	1
subcortex_PUT	28.644908847291553	8	hcptrt	03	002	gambling	1
subcortex_THA	27.992329011090874	14	hcptrt	03	002	gambling	1
cerebellum	33.65167078615575	88	hcptrt	03	002	language	1
cortex_Cont	45.68980043390563	128	hcptrt	03	002	language	1
cortex_Default	44.05821943359928	209	hcptrt	03	002	language	1
cortex_DorsAttn	49.837571741203384	122	hcptrt	03	002	language	1
cortex_Limbic	20.457521055012062	60	hcptrt	03	002	language	1
cortex_SalVentAttn	43.95356596938291	121	hcptrt	03	002	language	1
cortex_SomMot	45.0844248325496	194	hcptrt	03	002	language	1
cortex_Vis	41.863241770422874	162	hcptrt	03	002	language	1
subcortex_CAU	26.435668000144855	8	hcptrt	03	002	language	1
subcortex_PUT	27.729698627389595	8	hcptrt	03	002	language	1
subcortex_THA	27.339040701259364	14	hcptrt	03	002	language	1
cerebellum	37.608042303026544	88	hcptrt	03	002	motor	1
cortex_Cont	50.695179392982396	128	hcptrt	03	002	motor	1
cortex_Default	48.6366447723661	209	hcptrt	03	002	motor	1
cortex_DorsAttn	56.145267139240836	122	hcptrt	03	002	motor	1
cortex_Limbic	22.27714542059108	60	hcptrt	03	002	motor	1
cortex_SalVentAttn	46.97465260218904	121	hcptrt	03	002	motor	1
cortex_SomMot	49.59338494237196	194	hcptrt	03	002	motor	1
cortex_Vis	48.72860977665694	162	hcptrt	03	002	motor	1
subcortex_CAU	27.093888427764274	8	hcptrt	03	002	motor	1
subcortex_PUT	27.894304606116393	8	hcptrt	03	002	motor	1
subcortex_THA	27.60567798572753	14	hcptrt	03	002	motor	1
cerebellum	36.75301872684204	88	hcptrt	03	002	relational	1
cortex_Cont	52.573048134137935	128	hcptrt	03	002	relational	1
cortex_Default	50.009145548289	209	hcptrt	03	002	relational	1
cortex_DorsAttn	55.85164392280907	122	hcptrt	03	002	relational	1
cortex_Limbic	22.331665156380993	60	hcptrt	03	002	relational	1
cortex_SalVentAttn	48.221144773362504	121	hcptrt	03	002	relational	1
cortex_SomMot	50.89516578091804	194	hcptrt	03	002	relational	1
cortex_Vis	45.97284007976575	162	hcptrt	03	002	relational	1
subcortex_CAU	27.40559365537286	8	hcptrt	03	002	relational	1
subcortex_PUT	28.622876922263966	8	hcptrt	03	002	relational	1
subcortex_THA	28.02567210263763	14	hcptrt	03	002	relational	1
cerebellum	32.24249418258078	88	hcptrt	03	002	restingstate	1
cortex_Cont	40.9608763555723	128	hcptrt	03	002	restingstate	1
cortex_Default	39.28633229414382	209	hcptrt	03	002	restingstate	1
cortex_DorsAttn	45.11608857278667	122	hcptrt	03	002	restingstate	1
cortex_Limbic	19.361430601423855	60	hcptrt	03	002	restingstate	1
cortex_SalVentAttn	40.82363134762803	121	hcptrt	03	002	restingstate	1
cortex_SomMot	40.88315070563905	194	hcptrt	03	002	restingstate	1
cortex_Vis	37.483569202053495	162	hcptrt	03	002	restingstate	1
subcortex_CAU	26.14122287445891	8	hcptrt	03	002	restingstate	1
subcortex_PUT	27.270732813702363	8	hcptrt	03	002	restingstate	1
subcortex_THA	26.931398893221377	14	hcptrt	03	002	restingstate	1
cerebellum	37.072246804032	88	hcptrt	03	002	social	1
cortex_Cont	50.357995156087185	128	hcptrt	03	002	social	1
cortex_Default	48.4785108997376	209	hcptrt	03	002	social	1
cortex_DorsAttn	53.794431185984315	122	hcptrt	03	002	social	1
cortex_Limbic	21.171114581482197	60	hcptrt	03	002	social	1
cortex_SalVentAttn	47.294358290868836	121	hcptrt	03	002	social	1
cortex_SomMot	51.042346236422866	194	hcptrt	03	002	social	1
cortex_Vis	45.00941546425267	162	hcptrt	03	002	social	1
subcortex_CAU	27.191876109225454	8	hcptrt	03	002	social	1
subcortex_PUT	28.318721850991963	8	hcptrt	03	002	social	1
subcortex_THA	27.902000024760888	14	hcptrt	03	002	social	1
cerebellum	37.51301550279966	88	hcptrt	03	002	wm	1
cortex_Cont	50.99545646999185	128	hcptrt	03	002	wm	1
cortex_Default	48.57287703861769	209	hcptrt	03	002	wm	1
cortex_DorsAttn	55.970159942578384	122	hcptrt	03	002	wm	1
cortex_Limbic	21.724355876407344	60	hcptrt	03	002	wm	1
cortex_SalVentAttn	47.17357828438085	121	hcptrt	03	002	wm	1
cortex_SomMot	50.18365785171473	194	hcptrt	03	002	wm	1
cortex_Vis	45.98897089432102	162	hcptrt	03	002	wm	1
subcortex_CAU	27.983605457711054	8	hcptrt	03	002	wm	1
subcortex_PUT	28.896036065964594	8	hcptrt	03	002	wm	1
subcortex_THA	27.75555976208147	14	hcptrt	03	002	wm	1
cerebellum	38.12717214514739	88	hcptrt	03	003	emotion	1
cortex_Cont	52.364130701348984	128	hcptrt	03	003	emotion	1
cortex_Default	48.48744085172094	209	hcptrt	03	003	emotion	1
cortex_DorsAttn	57.1870511342067	122	hcptrt	03	003	emotion	1
cortex_Limbic	21.083004589809704	60	hcptrt	03	003	emotion	1
cortex_SalVentAttn	48.43596251021973	121	hcptrt	03	003	emotion	1
cortex_SomMot	51.96380547509187	194	hcptrt	03	003	emotion	1
cortex_Vis	47.307910650543896	162	hcptrt	03	003	emotion	1
subcortex_CAU	26.440754648429266	8	hcptrt	03	003	emotion	1
subcortex_PUT	28.40444872898428	8	hcptrt	03	003	emotion	1
subcortex_THA	27.664752669769154	14	hcptrt	03	003	emotion	1
cerebellum	39.0172716954603	88	hcptrt	03	003	emotion	2
cortex_Cont	51.84134536428777	128	hcptrt	03	003	emotion	2
cortex_Default	49.02342192252697	209	hcptrt	03	003	emotion	2
cortex_DorsAttn	56.911242397652536	122	hcptrt	03	003	emotion	2
cortex_Limbic	21.753849037523082	60	hcptrt	03	003	emotion	2
cortex_SalVentAttn	48.77355546233322	121	hcptrt	03	003	emotion	2
cortex_SomMot	52.45063542173208	194	hcptrt	03	003	emotion	2
cortex_Vis	46.79957492267648	162	hcptrt	03	003	emotion	2
subcortex_CAU	27.20865198910805	8	hcptrt	03	003	emotion	2
subcortex_PUT	28.423927599289385	8	hcptrt	03	003	emotion	2
subcortex_THA	27.96350170937814	14	hcptrt	03	003	emotion	2
cerebellum	38.01543711539866	88	hcptrt	03	003	gambling	1
cortex_Cont	51.39486469739933	128	hcptrt	03	003	gambling	1
cortex_Default	48.65136097295254	209	hcptrt	03	003	gambling	1
cortex_DorsAttn	57.02873547250656	122	hcptrt	03	003	gambling	1
cortex_Limbic	21.380407767226433	60	hcptrt	03	003	gambling	1
cortex_SalVentAttn	47.9342755322268	121	hcptrt	03	003	gambling	1
cortex_SomMot	51.392943322777924	194	hcptrt	03	003	gambling	1
cortex_Vis	48.19768921084263	162	hcptrt	03	003	gambling	1
subcortex_CAU	26.462691942001875	8	hcptrt	03	003	gambling	1
subcortex_PUT	28.31990829702326	8	hcptrt	03	003	gambling	1
subcortex_THA	27.582567010244464	14	hcptrt	03	003	gambling	1
cerebellum	37.71601831660199	88	hcptrt	03	003	gambling	2
cortex_Cont	48.713244052018396	128	hcptrt	03	003	gambling	2
cortex_Default	46.55244637610933	209	hcptrt	03	003	gambling	2
cortex_DorsAttn	54.16831149331046	122	hcptrt	03	003	gambling	2
cortex_Limbic	21.738566476079686	60	hcptrt	03	003	gambling	2
cortex_SalVentAttn	46.65378642585035	121	hcptrt	03	003	gambling	2
cortex_SomMot	50.21048687954067	194	hcptrt	03	003	gambling	2
cortex_Vis	44.98111829079317	162	hcptrt	03	003	gambling	2
subcortex_CAU	26.504368429234642	8	hcptrt	03	003	gambling	2
subcortex_PUT	28.077252731094525	8	hcptrt	03	003	gambling	2
subcortex_THA	27.705608179715377	14	hcptrt	03	003	gambling	2
cerebellum	34.943236386868065	88	hcptrt	03	003	language	1
cortex_Cont	47.47060674940932	128	hcptrt	03	003	language	1
cortex_Default	44.5369165491486	209	hcptrt	03	003	language	1
cortex_DorsAttn	53.224296129955164	122	hcptrt	03	003	language	1
cortex_Limbic	20.132073595871777	60	hcptrt	03	003	language	1
cortex_SalVentAttn	45.079055389142844	121	hcptrt	03	003	language	1
cortex_SomMot	47.272782400713105	194	hcptrt	03	003	language	1
cortex_Vis	45.2306158688554	162	hcptrt	03	003	language	1
subcortex_CAU	25.880523692303434	8	hcptrt	03	003	language	1
subcortex_PUT	27.352472592432278	8	hcptrt	03	003	language	1
subcortex_THA	27.21524407128364	14	hcptrt	03	003	language	1
cerebellum	35.826565105019775	88	hcptrt	03	003	language	2
cortex_Cont	47.08612493495033	128	hcptrt	03	003	language	2
cortex_Default	44.472606223179326	209	hcptrt	03	003	language	2
cortex_DorsAttn	52.69421848682934	122	hcptrt	03	003	language	2
cortex_Limbic	19.262395123028544	60	hcptrt	03	003	language	2
cortex_SalVentAttn	44.726136961234815	121	hcptrt	03	003	language	2
cortex_SomMot	46.38661646075062	194	hcptrt	03	003	language	2
cortex_Vis	44.59014698338002	162	hcptrt	03	003	language	2
subcortex_CAU	25.976862741394605	8	hcptrt	03	003	language	2
subcortex_PUT	27.925883161410724	8	hcptrt	03	003	language	2
subcortex_THA	27.27774107426367	14	hcptrt	03	003	language	2
cerebellum	34.80016275103686	88	hcptrt	03	003	motor	1
cortex_Cont	45.1690523822607	128	hcptrt	03	003	motor	1
cortex_Default	42.4173006774513	209	hcptrt	03	003	motor	1
cortex_DorsAttn	51.90078563008898	122	hcptrt	03	003	motor	1
cortex_Limbic	19.03167564516017	60	hcptrt	03	003	motor	1
cortex_SalVentAttn	43.34981104552007	121	hcptrt	03	003	motor	1
cortex_SomMot	45.43812648383189	194	hcptrt	03	003	motor	1
cortex_Vis	44.95990772672751	162	hcptrt	03	003	motor	1
subcortex_CAU	25.34656133712151	8	hcptrt	03	003	motor	1
subcortex_PUT	27.319750016880768	8	hcptrt	03	003	motor	1
subcortex_THA	27.06545416039263	14	hcptrt	03	003	motor	1
cerebellum	35.042620139962075	88	hcptrt	03	003	motor	2
cortex_Cont	43.672057903716876	128	hcptrt	03	003	motor	2
cortex_Default	41.700688811794656	209	hcptrt	03	003	motor	2
cortex_DorsAttn	49.379993301600365	122	hcptrt	03	003	motor	2
cortex_Limbic	19.386460403732407	60	hcptrt	03	003	motor	2
cortex_SalVentAttn	42.7246089890972	121	hcptrt	03	003	motor	2
cortex_SomMot	44.05233645523411	194	hcptrt	03	003	motor	2
cortex_Vis	42.055261914819106	162	hcptrt	03	003	motor	2
subcortex_CAU	26.45266981343819	8	hcptrt	03	003	motor	2
subcortex_PUT	28.39266901801103	8	hcptrt	03	003	motor	2
subcortex_THA	27.6541966623665	14	hcptrt	03	003	motor	2
cerebellum	34.27847665244528	88	hcptrt	03	003	relational	1
cortex_Cont	49.46781796672328	128	hcptrt	03	003	relational	1
cortex_Default	46.924103660735554	209	hcptrt	03	003	relational	1
cortex_DorsAttn	51.69533419330266	122	hcptrt	03	003	relational	1
cortex_Limbic	21.18669076076401	60	hcptrt	03	003	relational	1
cortex_SalVentAttn	46.047524117511706	121	hcptrt	03	003	relational	1
cortex_SomMot	48.40250348110247	194	hcptrt	03	003	relational	1
cortex_Vis	42.08896177413484	162	hcptrt	03	003	relational	1
subcortex_CAU	26.092270571615167	8	hcptrt	03	003	relational	1
subcortex_PUT	27.396980860628585	8	hcptrt	03	003	relational	1
subcortex_THA	27.262132790589582	14	hcptrt	03	003	relational	1
cerebellum	35.200487417690475	88	hcptrt	03	003	relational	2
cortex_Cont	46.012979642191496	128	hcptrt	03	003	relational	2
cortex_Default	44.36095205905299	209	hcptrt	03	003	relational	2
cortex_DorsAttn	50.172207944869776	122	hcptrt	03	003	relational	2
cortex_Limbic	20.281796107092465	60	hcptrt	03	003	relational	2
cortex_SalVentAttn	45.455875712318424	121	hcptrt	03	003	relational	2
cortex_SomMot	47.28768522343328	194	hcptrt	03	003	relational	2
cortex_Vis	41.03874745678325	162	hcptrt	03	003	relational	2
subcortex_CAU	26.416179072692213	8	hcptrt	03	003	relational	2
subcortex_PUT	27.979613984983473	8	hcptrt	03	003	relational	2
subcortex_THA	27.72090748204966	14	hcptrt	03	003	relational	2
cerebellum	36.59413078911877	88	hcptrt	03	003	social	1
cortex_Cont	49.719014198012886	128	hcptrt	03	003	social	1
cortex_Default	47.61704601115439	209	hcptrt	03	003	social	1
cortex_DorsAttn	53.35354805159425	122	hcptrt	03	003	social	1
cortex_Limbic	21.784226610993848	60	hcptrt	03	003	social	1
cortex_SalVentAttn	46.44483633627456	121	hcptrt	03	003	social	1
cortex_SomMot	51.16534001514138	194	hcptrt	03	003	social	1
cortex_Vis	44.48558853929673	162	hcptrt	03	003	social	1
subcortex_CAU	26.629047401112736	8	hcptrt	03	003	social	1
subcortex_PUT	27.587895601381387	8	hcptrt	03	003	social	1
subcortex_THA	27.498052692045352	14	hcptrt	03	003	social	1
cerebellum	37.025437097416564	88	hcptrt	03	003	social	2
cortex_Cont	48.614735027302814	128	hcptrt	03	003	social	2
cortex_Default	46.39153927911236	209	hcptrt	03	003	social	2
cortex_DorsAttn	52.119282990248	122	hcptrt	03	003	social	2
cortex_Limbic	21.53211009975358	60	hcptrt	03	003	social	2
cortex_SalVentAttn	45.7747682343394	121	hcptrt	03	003	social	2
cortex_SomMot	48.50422289695607	194	hcptrt	03	003	social	2
cortex_Vis	44.18640811086687	162	hcptrt	03	003	social	2
subcortex_CAU	26.56979737567009	8	hcptrt	03	003	social	2
subcortex_PUT	27.862548814441162	8	hcptrt	03	003	social	2
subcortex_THA	27.57234141522877	14	hcptrt	03	003	social	2
cerebellum	37.80952324232551	88	hcptrt	03	004	emotion	1
cortex_Cont	51.55260458209077	128	hcptrt	03	004	emotion	1
cortex_Default	48.68371673452372	209	hcptrt	03	004	emotion	1
cortex_DorsAttn	56.93631702213489	122	hcptrt	03	004	emotion	1
cortex_Limbic	22.456928665114383	60	hcptrt	03	004	emotion	1
cortex_SalVentAttn	47.98511163927515	121	hcptrt	03	004	emotion	1
cortex_SomMot	50.59204292646207	194	hcptrt	03	004	emotion	1
cortex_Vis	47.5270785511442	162	hcptrt	03	004	emotion	1
subcortex_CAU	27.060835610607526	8	hcptrt	03	004	emotion	1
subcortex_PUT	28.50902268099722	8	hcptrt	03	004	emotion	1
subcortex_THA	27.77710713107593	14	hcptrt	03	004	emotion	1
cerebellum	38.22722711058444	88	hcptrt	03	004	gambling	1
cortex_Cont	52.72323285297684	128	hcptrt	03	004	gambling	1
cortex_Default	49.119130654888444	209	hcptrt	03	004	gambling	1
cortex_DorsAttn	57.71554364629304	122	hcptrt	03	004	gambling	1
cortex_Limbic	22.896545012807607	60	hcptrt	03	004	gambling	1
cortex_SalVentAttn	49.08808364752346	121	hcptrt	03	004	gambling	1
cortex_SomMot	52.24664096659198	194	hcptrt	03	004	gambling	1
cortex_Vis	48.54687100779084	162	hcptrt	03	004	gambling	1
subcortex_CAU	27.66897323942849	8	hcptrt	03	004	gambling	1
subcortex_PUT	28.566516444981016	8	hcptrt	03	004	gambling	1
subcortex_THA	27.86713483735374	14	hcptrt	03	004	gambling	1
cerebellum	36.70204813021604	88	hcptrt	03	004	language	1
cortex_Cont	47.851650246877874	128	hcptrt	03	004	language	1
cortex_Default	44.947690597296365	209	hcptrt	03	004	language	1
cortex_DorsAttn	53.66298422019589	122	hcptrt	03	004	language	1
cortex_Limbic	20.835037450173548	60	hcptrt	03	004	language	1
cortex_SalVentAttn	45.89514508355297	121	hcptrt	03	004	language	1
cortex_SomMot	47.57944398614388	194	hcptrt	03	004	language	1
cortex_Vis	46.23020999269014	162	hcptrt	03	004	language	1
subcortex_CAU	26.55392687065714	8	hcptrt	03	004	language	1
subcortex_PUT	27.922080796083296	8	hcptrt	03	004	language	1
subcortex_THA	27.563481418929914	14	hcptrt	03	004	language	1
cerebellum	37.28375103596558	88	hcptrt	03	004	motor	1
cortex_Cont	49.284641937608285	128	hcptrt	03	004	motor	1
cortex_Default	46.866142391461395	209	hcptrt	03	004	motor	1
cortex_DorsAttn	54.71223041391741	122	hcptrt	03	004	motor	1
cortex_Limbic	20.43381709275805	60	hcptrt	03	004	motor	1
cortex_SalVentAttn	46.26764846774463	121	hcptrt	03	004	motor	1
cortex_SomMot	48.51890858755227	194	hcptrt	03	004	motor	1
cortex_Vis	47.43256120308635	162	hcptrt	03	004	motor	1
subcortex_CAU	27.00751239182381	8	hcptrt	03	004	motor	1
subcortex_PUT	28.203426701874303	8	hcptrt	03	004	motor	1
subcortex_THA	27.70253151962758	14	hcptrt	03	004	motor	1
cerebellum	36.94919545251351	88	hcptrt	03	004	relational	1
cortex_Cont	49.480907037668445	128	hcptrt	03	004	relational	1
cortex_Default	47.82242047801334	209	hcptrt	03	004	relational	1
cortex_DorsAttn	53.867896984416845	122	hcptrt	03	004	relational	1
cortex_Limbic	21.23527877461868	60	hcptrt	03	004	relational	1
cortex_SalVentAttn	46.53274760843966	121	hcptrt	03	004	relational	1
cortex_SomMot	49.039218604464715	194	hcptrt	03	004	relational	1
cortex_Vis	45.2418366508391	162	hcptrt	03	004	relational	1
subcortex_CAU	26.812894743029084	8	hcptrt	03	004	relational	1
subcortex_PUT	28.309996785628677	8	hcptrt	03	004	relational	1
subcortex_THA	27.693380131637998	14	hcptrt	03	004	relational	1
cerebellum	35.61324414062204	88	hcptrt	03	004	restingstate	1
cortex_Cont	45.72335524874855	128	hcptrt	03	004	restingstate	1
cortex_Default	43.74449488324044	209	hcptrt	03	004	restingstate	1
cortex_DorsAttn	50.74928262871532	122	hcptrt	03	004	restingstate	1
cortex_Limbic	20.403789048250488	60	hcptrt	03	004	restingstate	1
cortex_SalVentAttn	44.786926038349705	121	hcptrt	03	004	restingstate	1
cortex_SomMot	47.17528452034724	194	hcptrt	03	004	restingstate	1
cortex_Vis	40.69343779854262	162	hcptrt	03	004	restingstate	1
subcortex_CAU	27.11166246964762	8	hcptrt	03	004	restingstate	1
subcortex_PUT	28.432391219110333	8	hcptrt	03	004	restingstate	1
subcortex_THA	27.289282771198366	14	hcptrt	03	004	restingstate	1
cerebellum	38.16776383594504	88	hcptrt	03	004	social	1
cortex_Cont	50.191018020369775	128	hcptrt	03	004	social	1
cortex_Default	48.152885862798705	209	hcptrt	03	004	social	1
cortex_DorsAttn	53.089463243142504	122	hcptrt	03	004	social	1
cortex_Limbic	22.35378040572522	60	hcptrt	03	004	social	1
cortex_SalVentAttn	47.555635376318335	121	hcptrt	03	004	social	1
cortex_SomMot	50.91007440419136	194	hcptrt	03	004	social	1
cortex_Vis	43.82639498807934	162	hcptrt	03	004	social	1
subcortex_CAU	27.85661786693097	8	hcptrt	03	004	social	1
subcortex_PUT	29.11013349490331	8	hcptrt	03	004	social	1
subcortex_THA	27.832498159556895	14	hcptrt	03	004	social	1
cerebellum	37.55567200754976	88	hcptrt	03	004	wm	1
cortex_Cont	51.739021291691884	128	hcptrt	03	004	wm	1
cortex_Default	48.58714441405961	209	hcptrt	03	004	wm	1
cortex_DorsAttn	56.71536072218606	122	hcptrt	03	004	wm	1
cortex_Limbic	21.823120988411787	60	hcptrt	03	004	wm	1
cortex_SalVentAttn	47.83110967790486	121	hcptrt	03	004	wm	1
cortex_SomMot	50.6441292891713	194	hcptrt	03	004	wm	1
cortex_Vis	46.115104459868355	162	hcptrt	03	004	wm	1
subcortex_CAU	26.851883906781584	8	hcptrt	03	004	wm	1
subcortex_PUT	28.125281887256318	8	hcptrt	03	004	wm	1
subcortex_THA	27.693142868350538	14	hcptrt	03	004	wm	1
cerebellum	40.2501142314381	88	hcptrt	03	005	emotion	1
cortex_Cont	51.94543807288844	128	hcptrt	03	005	emotion	1
cortex_Default	49.068602258899304	209	hcptrt	03	005	emotion	1
cortex_DorsAttn	57.66724430151009	122	hcptrt	03	005	emotion	1
cortex_Limbic	21.9369944132761	60	hcptrt	03	005	emotion	1
cortex_SalVentAttn	48.77957228536848	121	hcptrt	03	005	emotion	1
cortex_SomMot	51.95942146423841	194	hcptrt	03	005	emotion	1
cortex_Vis	48.10078312815643	162	hcptrt	03	005	emotion	1
subcortex_CAU	28.205785642352463	8	hcptrt	03	005	emotion	1
subcortex_PUT	29.775538718152507	8	hcptrt	03	005	emotion	1
subcortex_THA	28.48061137091162	14	hcptrt	03	005	emotion	1
cerebellum	39.00468034541764	88	hcptrt	03	005	gambling	1
cortex_Cont	50.90249058403781	128	hcptrt	03	005	gambling	1
cortex_Default	48.34316815652278	209	hcptrt	03	005	gambling	1
cortex_DorsAttn	55.71577293526859	122	hcptrt	03	005	gambling	1
cortex_Limbic	21.662623577421105	60	hcptrt	03	005	gambling	1
cortex_SalVentAttn	47.34916930817848	121	hcptrt	03	005	gambling	1
cortex_SomMot	49.36963494119643	194	hcptrt	03	005	gambling	1
cortex_Vis	46.8048740906986	162	hcptrt	03	005	gambling	1
subcortex_CAU	27.838954521848056	8	hcptrt	03	005	gambling	1
subcortex_PUT	29.510457222805073	8	hcptrt	03	005	gambling	1
subcortex_THA	28.25989915792289	14	hcptrt	03	005	gambling	1
cerebellum	35.10423209733693	88	hcptrt	03	005	language	1
cortex_Cont	44.80861374425569	128	hcptrt	03	005	language	1
cortex_Default	42.192643801985355	209	hcptrt	03	005	language	1
cortex_DorsAttn	50.86827990421551	122	hcptrt	03	005	language	1
cortex_Limbic	19.323842703325333	60	hcptrt	03	005	language	1
cortex_SalVentAttn	44.02663345511439	121	hcptrt	03	005	language	1
cortex_SomMot	45.65153524348526	194	hcptrt	03	005	language	1
cortex_Vis	42.462370507468506	162	hcptrt	03	005	language	1
subcortex_CAU	25.861265351449564	8	hcptrt	03	005	language	1
subcortex_PUT	27.74874971995362	8	hcptrt	03	005	language	1
subcortex_THA	27.667894130079883	14	hcptrt	03	005	language	1
cerebellum	39.05330479846774	88	hcptrt	03	005	motor	1
cortex_Cont	50.81292713250862	128	hcptrt	03	005	motor	1
cortex_Default	47.88998253476912	209	hcptrt	03	005	motor	1
cortex_DorsAttn	56.84513022806243	122	hcptrt	03	005	motor	1
cortex_Limbic	21.890781182062486	60	hcptrt	03	005	motor	1
cortex_SalVentAttn	47.51914663679241	121	hcptrt	03	005	motor	1
cortex_SomMot	50.266366751324675	194	hcptrt	03	005	motor	1
cortex_Vis	48.444491424295045	162	hcptrt	03	005	motor	1
subcortex_CAU	26.894864562077064	8	hcptrt	03	005	motor	1
subcortex_PUT	28.629722513933423	8	hcptrt	03	005	motor	1
subcortex_THA	28.187717723123296	14	hcptrt	03	005	motor	1
cerebellum	39.07505942178537	88	hcptrt	03	005	relational	1
cortex_Cont	50.505156832200186	128	hcptrt	03	005	relational	1
cortex_Default	47.80495574667057	209	hcptrt	03	005	relational	1
cortex_DorsAttn	55.53556397971201	122	hcptrt	03	005	relational	1
cortex_Limbic	21.472600995404495	60	hcptrt	03	005	relational	1
cortex_SalVentAttn	47.22015480175857	121	hcptrt	03	005	relational	1
cortex_SomMot	49.74112254054727	194	hcptrt	03	005	relational	1
cortex_Vis	45.737135915738925	162	hcptrt	03	005	relational	1
subcortex_CAU	27.62031203756762	8	hcptrt	03	005	relational	1
subcortex_PUT	29.28255888504744	8	hcptrt	03	005	relational	1
subcortex_THA	28.472737348388318	14	hcptrt	03	005	relational	1
cerebellum	34.66693940369165	88	hcptrt	03	005	restingstate	1
cortex_Cont	45.6514478379162	128	hcptrt	03	005	restingstate	1
cortex_Default	43.51248509779749	209	hcptrt	03	005	restingstate	1
cortex_DorsAttn	50.67636340333484	122	hcptrt	03	005	restingstate	1
cortex_Limbic	20.29041033289978	60	hcptrt	03	005	restingstate	1
cortex_SalVentAttn	45.165284913278974	121	hcptrt	03	005	restingstate	1
cortex_SomMot	47.840013959381054	194	hcptrt	03	005	restingstate	1
cortex_Vis	40.86595651710392	162	hcptrt	03	005	restingstate	1
subcortex_CAU	27.026414451769387	8	hcptrt	03	005	restingstate	1
subcortex_PUT	28.897633687111007	8	hcptrt	03	005	restingstate	1
subcortex_THA	28.183213980369057	14	hcptrt	03	005	restingstate	1
cerebellum	39.61439477276333	88	hcptrt	03	005	social	1
cortex_Cont	51.41969629396754	128	hcptrt	03	005	social	1
cortex_Default	49.245255196886696	209	hcptrt	03	005	social	1
cortex_DorsAttn	54.72571040447246	122	hcptrt	03	005	social	1
cortex_Limbic	22.284879481904976	60	hcptrt	03	005	social	1
cortex_SalVentAttn	47.5903939076222	121	hcptrt	03	005	social	1
cortex_SomMot	49.57967451305945	194	hcptrt	03	005	social	1
cortex_Vis	46.54851080355297	162	hcptrt	03	005	social	1
subcortex_CAU	27.030471870594024	8	hcptrt	03	005	social	1
subcortex_PUT	28.53210431403029	8	hcptrt	03	005	social	1
subcortex_THA	27.92853842277751	14	hcptrt	03	005	social	1
cerebellum	37.93360617395036	88	hcptrt	03	005	wm	1
cortex_Cont	49.294353244796774	128	hcptrt	03	005	wm	1
cortex_Default	47.01221150697072	209	hcptrt	03	005	wm	1
cortex_DorsAttn	53.696676744577275	122	hcptrt	03	005	wm	1
cortex_Limbic	21.482794683968283	60	hcptrt	03	005	wm	1
cortex_SalVentAttn	46.494442349268446	121	hcptrt	03	005	wm	1
cortex_SomMot	47.821621682583505	194	hcptrt	03	005	wm	1
cortex_Vis	44.00609478229877	162	hcptrt	03	005	wm	1
subcortex_CAU	27.269147891850388	8	hcptrt	03	005	wm	1
subcortex_PUT	29.381513024459142	8	hcptrt	03	005	wm	1
subcortex_THA	28.231023896519243	14	hcptrt	03	005	wm	1
cerebellum	38.82913705120807	88	hcptrt	03	006	emotion	1
cortex_Cont	52.65668035815746	128	hcptrt	03	006	emotion	1
cortex_Default	49.90795042264881	209	hcptrt	03	006	emotion	1
cortex_DorsAttn	58.620876567216335	122	hcptrt	03	006	emotion	1
cortex_Limbic	22.19353552486506	60	hcptrt	03	006	emotion	1
cortex_SalVentAttn	49.127554667061915	121	hcptrt	03	006	emotion	1
cortex_SomMot	52.1486472397444	194	hcptrt	03	006	emotion	1
cortex_Vis	48.40374152012896	162	hcptrt	03	006	emotion	1
subcortex_CAU	27.489610649139372	8	hcptrt	03	006	emotion	1
subcortex_PUT	28.42153622792189	8	hcptrt	03	006	emotion	1
subcortex_THA	28.39493689329617	14	hcptrt	03	006	emotion	1
cerebellum	37.370124016985876	88	hcptrt	03	006	emotion	2
cortex_Cont	51.874103101191594	128	hcptrt	03	006	emotion	2
cortex_Default	47.91575750026325	209	hcptrt	03	006	emotion	2
cortex_DorsAttn	57.235952164374154	122	hcptrt	03	006	emotion	2
cortex_Limbic	20.981524120797335	60	hcptrt	03	006	emotion	2
cortex_SalVentAttn	48.1678311759627	121	hcptrt	03	006	emotion	2
cortex_SomMot	51.773268058975916	194	hcptrt	03	006	emotion	2
cortex_Vis	48.48507631683824	162	hcptrt	03	006	emotion	2
subcortex_CAU	27.450191767117282	8	hcptrt	03	006	emotion	2
subcortex_PUT	28.63456689987988	8	hcptrt	03	006	emotion	2
subcortex_THA	27.53306570308316	14	hcptrt	03	006	emotion	2
cerebellum	37.25393136733922	88	hcptrt	03	006	gambling	1
cortex_Cont	49.58399191078762	128	hcptrt	03	006	gambling	1
cortex_Default	46.839932296601056	209	hcptrt	03	006	gambling	1
cortex_DorsAttn	54.512996282404806	122	hcptrt	03	006	gambling	1
cortex_Limbic	21.589513685141927	60	hcptrt	03	006	gambling	1
cortex_SalVentAttn	47.16142285128869	121	hcptrt	03	006	gambling	1
cortex_SomMot	49.69140468391667	194	hcptrt	03	006	gambling	1
cortex_Vis	44.230926286983674	162	hcptrt	03	006	gambling	1
subcortex_CAU	27.401844063745333	8	hcptrt	03	006	gambling	1
subcortex_PUT	28.482357594415557	8	hcptrt	03	006	gambling	1
subcortex_THA	27.937892620235022	14	hcptrt	03	006	gambling	1
cerebellum	37.38092539302573	88	hcptrt	03	006	gambling	2
cortex_Cont	50.38861517345958	128	hcptrt	03	006	gambling	2
cortex_Default	47.584742127738274	209	hcptrt	03	006	gambling	2
cortex_DorsAttn	54.665840408977246	122	hcptrt	03	006	gambling	2
cortex_Limbic	21.622230083608493	60	hcptrt	03	006	gambling	2
cortex_SalVentAttn	47.647897691029584	121	hcptrt	03	006	gambling	2
cortex_SomMot	49.29333226094492	194	hcptrt	03	006	gambling	2
cortex_Vis	45.320281262289065	162	hcptrt	03	006	gambling	2
subcortex_CAU	27.68269348457712	8	hcptrt	03	006	gambling	2
subcortex_PUT	28.299144584903715	8	hcptrt	03	006	gambling	2
subcortex_THA	27.936781691028436	14	hcptrt	03	006	gambling	2
cerebellum	37.07265435410006	88	hcptrt	03	006	language	1
cortex_Cont	49.24304653591908	128	hcptrt	03	006	language	1
cortex_Default	47.018009479133596	209	hcptrt	03	006	language	1
cortex_DorsAttn	54.52224788917468	122	hcptrt	03	006	language	1
cortex_Limbic	22.070853945273765	60	hcptrt	03	006	language	1
cortex_SalVentAttn	46.09453584318895	121	hcptrt	03	006	language	1
cortex_SomMot	48.74150270115321	194	hcptrt	03	006	language	1
cortex_Vis	45.8344623238583	162	hcptrt	03	006	language	1
subcortex_CAU	27.422159648307197	8	hcptrt	03	006	language	1
subcortex_PUT	28.220997204433356	8	hcptrt	03	006	language	1
subcortex_THA	27.890020098830274	14	hcptrt	03	006	language	1
cerebellum	34.968443809665324	88	hcptrt	03	006	language	2
cortex_Cont	44.79181633000893	128	hcptrt	03	006	language	2
cortex_Default	42.78853461234591	209	hcptrt	03	006	language	2
cortex_DorsAttn	49.59271923742544	122	hcptrt	03	006	language	2
cortex_Limbic	19.477921254857808	60	hcptrt	03	006	language	2
cortex_SalVentAttn	43.17855230272458	121	hcptrt	03	006	language	2
cortex_SomMot	43.33692550681485	194	hcptrt	03	006	language	2
cortex_Vis	42.38523866374354	162	hcptrt	03	006	language	2
subcortex_CAU	27.226264040411337	8	hcptrt	03	006	language	2
subcortex_PUT	28.38015732037499	8	hcptrt	03	006	language	2
subcortex_THA	27.87182684977609	14	hcptrt	03	006	language	2
cerebellum	37.65199471755978	88	hcptrt	03	006	motor	1
cortex_Cont	51.38860406877562	128	hcptrt	03	006	motor	1
cortex_Default	47.71820806446055	209	hcptrt	03	006	motor	1
cortex_DorsAttn	56.207324426966174	122	hcptrt	03	006	motor	1
cortex_Limbic	21.309162734654283	60	hcptrt	03	006	motor	1
cortex_SalVentAttn	46.99425731548362	121	hcptrt	03	006	motor	1
cortex_SomMot	49.61067676417291	194	hcptrt	03	006	motor	1
cortex_Vis	46.601879470932566	162	hcptrt	03	006	motor	1
subcortex_CAU	28.600908610667243	8	hcptrt	03	006	motor	1
subcortex_PUT	29.291132801852275	8	hcptrt	03	006	motor	1
subcortex_THA	28.21308014932841	14	hcptrt	03	006	motor	1
cerebellum	35.58867507973632	88	hcptrt	03	006	motor	2
cortex_Cont	50.046517505539676	128	hcptrt	03	006	motor	2
cortex_Default	46.608156727521646	209	hcptrt	03	006	motor	2
cortex_DorsAttn	54.74700994591287	122	hcptrt	03	006	motor	2
cortex_Limbic	20.554738448414756	60	hcptrt	03	006	motor	2
cortex_SalVentAttn	46.772267524528594	121	hcptrt	03	006	motor	2
cortex_SomMot	48.88518343583986	194	hcptrt	03	006	motor	2
cortex_Vis	46.211748391360864	162	hcptrt	03	006	motor	2
subcortex_CAU	27.043273385218924	8	hcptrt	03	006	motor	2
subcortex_PUT	27.687379159155146	8	hcptrt	03	006	motor	2
subcortex_THA	27.581597865988915	14	hcptrt	03	006	motor	2
cerebellum	37.71568223738516	88	hcptrt	03	006	relational	1
cortex_Cont	51.84445554384322	128	hcptrt	03	006	relational	1
cortex_Default	48.57741873480935	209	hcptrt	03	006	relational	1
cortex_DorsAttn	56.83892752454451	122	hcptrt	03	006	relational	1
cortex_Limbic	22.351401591717984	60	hcptrt	03	006	relational	1
cortex_SalVentAttn	48.59266344122781	121	hcptrt	03	006	relational	1
cortex_SomMot	52.22259925949569	194	hcptrt	03	006	relational	1
cortex_Vis	46.05533875429296	162	hcptrt	03	006	relational	1
subcortex_CAU	27.78073418209991	8	hcptrt	03	006	relational	1
subcortex_PUT	28.954136645274424	8	hcptrt	03	006	relational	1
subcortex_THA	28.21838577702378	14	hcptrt	03	006	relational	1
cerebellum	37.044609668921574	88	hcptrt	03	006	relational	2
cortex_Cont	50.34536832907535	128	hcptrt	03	006	relational	2
cortex_Default	48.211695040797345	209	hcptrt	03	006	relational	2
cortex_DorsAttn	54.415131150923386	122	hcptrt	03	006	relational	2
cortex_Limbic	20.620913220410053	60	hcptrt	03	006	relational	2
cortex_SalVentAttn	46.905218051712545	121	hcptrt	03	006	relational	2
cortex_SomMot	49.57475310096358	194	hcptrt	03	006	relational	2
cortex_Vis	46.094614683872535	162	hcptrt	03	006	relational	2
subcortex_CAU	26.87733421498936	8	hcptrt	03	006	relational	2
subcortex_PUT	28.399144879802165	8	hcptrt	03	006	relational	2
subcortex_THA	27.65623892649977	14	hcptrt	03	006	relational	2
cerebellum	39.22010256060847	88	hcptrt	03	006	social	1
cortex_Cont	52.1000050272462	128	hcptrt	03	006	social	1
cortex_Default	49.141406371521065	209	hcptrt	03	006	social	1
cortex_DorsAttn	55.81724806049262	122	hcptrt	03	006	social	1
cortex_Limbic	21.989654989344917	60	hcptrt	03	006	social	1
cortex_SalVentAttn	47.471817132580064	121	hcptrt	03	006	social	1
cortex_SomMot	48.928300632918344	194	hcptrt	03	006	social	1
cortex_Vis	45.568992139851865	162	hcptrt	03	006	social	1
subcortex_CAU	28.005965862527216	8	hcptrt	03	006	social	1
subcortex_PUT	29.186385487180605	8	hcptrt	03	006	social	1
subcortex_THA	28.31522123899029	14	hcptrt	03	006	social	1
cerebellum	37.5219455573031	88	hcptrt	03	006	social	2
cortex_Cont	51.40464640461873	128	hcptrt	03	006	social	2
cortex_Default	48.53038792166471	209	hcptrt	03	006	social	2
cortex_DorsAttn	55.35547307178298	122	hcptrt	03	006	social	2
cortex_Limbic	21.021229438356375	60	hcptrt	03	006	social	2
cortex_SalVentAttn	47.45966366118426	121	hcptrt	03	006	social	2
cortex_SomMot	49.99987839926181	194	hcptrt	03	006	social	2
cortex_Vis	46.115223770693056	162	hcptrt	03	006	social	2
subcortex_CAU	27.237196937141082	8	hcptrt	03	006	social	2
subcortex_PUT	28.50113708838988	8	hcptrt	03	006	social	2
subcortex_THA	27.569474239347787	14	hcptrt	03	006	social	2
cerebellum	38.40388502645352	88	hcptrt	03	006	wm	1
cortex_Cont	52.23302246488078	128	hcptrt	03	006	wm	1
cortex_Default	49.305982778893515	209	hcptrt	03	006	wm	1
cortex_DorsAttn	56.93997506834903	122	hcptrt	03	006	wm	1
cortex_Limbic	21.259120267456897	60	hcptrt	03	006	wm	1
cortex_SalVentAttn	48.001213037257365	121	hcptrt	03	006	wm	1
cortex_SomMot	50.299886532993234	194	hcptrt	03	006	wm	1
cortex_Vis	46.21109574239505	162	hcptrt	03	006	wm	1
subcortex_CAU	27.363252377604674	8	hcptrt	03	006	wm	1
subcortex_PUT	28.486192183400526	8	hcptrt	03	006	wm	1
subcortex_THA	28.006652293107805	14	hcptrt	03	006	wm	1
cerebellum	37.822420103280564	88	hcptrt	03	006	wm	2
cortex_Cont	50.838174708692115	128	hcptrt	03	006	wm	2
cortex_Default	47.71715405012363	209	hcptrt	03	006	wm	2
cortex_DorsAttn	55.67508316434014	122	hcptrt	03	006	wm	2
cortex_Limbic	21.335147603506087	60	hcptrt	03	006	wm	2
cortex_SalVentAttn	47.08987779496661	121	hcptrt	03	006	wm	2
cortex_SomMot	49.89354807546261	194	hcptrt	03	006	wm	2
cortex_Vis	45.92548545918315	162	hcptrt	03	006	wm	2
subcortex_CAU	27.568722886117676	8	hcptrt	03	006	wm	2
subcortex_PUT	28.236751146047997	8	hcptrt	03	006	wm	2
subcortex_THA	27.71856289999217	14	hcptrt	03	006	wm	2
cerebellum	38.88318608185395	88	hcptrt	03	007	emotion	1
cortex_Cont	53.64202727746005	128	hcptrt	03	007	emotion	1
cortex_Default	49.89157541618856	209	hcptrt	03	007	emotion	1
cortex_DorsAttn	59.296413280715605	122	hcptrt	03	007	emotion	1
cortex_Limbic	21.44596036578679	60	hcptrt	03	007	emotion	1
cortex_SalVentAttn	49.51759214204277	121	hcptrt	03	007	emotion	1
cortex_SomMot	53.1771585171962	194	hcptrt	03	007	emotion	1
cortex_Vis	48.94634684236158	162	hcptrt	03	007	emotion	1
subcortex_CAU	27.385263679060962	8	hcptrt	03	007	emotion	1
subcortex_PUT	28.55656676978524	8	hcptrt	03	007	emotion	1
subcortex_THA	27.684316970287966	14	hcptrt	03	007	emotion	1
cerebellum	37.73327209715178	88	hcptrt	03	007	gambling	1
cortex_Cont	51.175901335598645	128	hcptrt	03	007	gambling	1
cortex_Default	48.48617765899555	209	hcptrt	03	007	gambling	1
cortex_DorsAttn	56.93814283139446	122	hcptrt	03	007	gambling	1
cortex_Limbic	21.799527638855288	60	hcptrt	03	007	gambling	1
cortex_SalVentAttn	47.61888736016946	121	hcptrt	03	007	gambling	1
cortex_SomMot	50.063540876665925	194	hcptrt	03	007	gambling	1
cortex_Vis	46.06822077160344	162	hcptrt	03	007	gambling	1
subcortex_CAU	27.66529430776958	8	hcptrt	03	007	gambling	1
subcortex_PUT	28.729036268256422	8	hcptrt	03	007	gambling	1
subcortex_THA	28.099882930594905	14	hcptrt	03	007	gambling	1
cerebellum	35.04946624270337	88	hcptrt	03	007	language	1
cortex_Cont	45.20257042440596	128	hcptrt	03	007	language	1
cortex_Default	42.7573716435302	209	hcptrt	03	007	language	1
cortex_DorsAttn	52.21917933966849	122	hcptrt	03	007	language	1
cortex_Limbic	18.65945421484967	60	hcptrt	03	007	language	1
cortex_SalVentAttn	43.95980499631843	121	hcptrt	03	007	language	1
cortex_SomMot	46.1975124629399	194	hcptrt	03	007	language	1
cortex_Vis	44.0347155633817	162	hcptrt	03	007	language	1
subcortex_CAU	25.81754932569436	8	hcptrt	03	007	language	1
subcortex_PUT	27.536874624584314	8	hcptrt	03	007	language	1
subcortex_THA	27.447879500299766	14	hcptrt	03	007	language	1
cerebellum	36.68874241818682	88	hcptrt	03	007	motor	1
cortex_Cont	49.711422466445455	128	hcptrt	03	007	motor	1
cortex_Default	47.02869493482115	209	hcptrt	03	007	motor	1
cortex_DorsAttn	55.36176351131191	122	hcptrt	03	007	motor	1
cortex_Limbic	20.70442906437027	60	hcptrt	03	007	motor	1
cortex_SalVentAttn	46.419036211409164	121	hcptrt	03	007	motor	1
cortex_SomMot	48.77014927383501	194	hcptrt	03	007	motor	1
cortex_Vis	46.28314883378272	162	hcptrt	03	007	motor	1
subcortex_CAU	27.01820210877381	8	hcptrt	03	007	motor	1
subcortex_PUT	28.210789989456806	8	hcptrt	03	007	motor	1
subcortex_THA	27.73530429515072	14	hcptrt	03	007	motor	1
cerebellum	36.572527776504586	88	hcptrt	03	007	relational	1
cortex_Cont	50.46389661509624	128	hcptrt	03	007	relational	1
cortex_Default	47.57434930218237	209	hcptrt	03	007	relational	1
cortex_DorsAttn	55.83597400978791	122	hcptrt	03	007	relational	1
cortex_Limbic	20.72669868135981	60	hcptrt	03	007	relational	1
cortex_SalVentAttn	46.99081608108783	121	hcptrt	03	007	relational	1
cortex_SomMot	49.9484993002557	194	hcptrt	03	007	relational	1
cortex_Vis	45.141372241698384	162	hcptrt	03	007	relational	1
subcortex_CAU	27.265357819545546	8	hcptrt	03	007	relational	1
subcortex_PUT	28.454155678758497	8	hcptrt	03	007	relational	1
subcortex_THA	28.0376212844797	14	hcptrt	03	007	relational	1
cerebellum	34.62718372790559	88	hcptrt	03	007	restingstate	1
cortex_Cont	44.154052628523324	128	hcptrt	03	007	restingstate	1
cortex_Default	41.920797728647536	209	hcptrt	03	007	restingstate	1
cortex_DorsAttn	49.92807231311745	122	hcptrt	03	007	restingstate	1
cortex_Limbic	19.13721666796495	60	hcptrt	03	007	restingstate	1
cortex_SalVentAttn	43.055840541610294	121	hcptrt	03	007	restingstate	1
cortex_SomMot	44.80501175518364	194	hcptrt	03	007	restingstate	1
cortex_Vis	41.94915711767587	162	hcptrt	03	007	restingstate	1
subcortex_CAU	25.65444672702238	8	hcptrt	03	007	restingstate	1
subcortex_PUT	27.287934650241922	8	hcptrt	03	007	restingstate	1
subcortex_THA	27.205253193832505	14	hcptrt	03	007	restingstate	1
cerebellum	38.399532136242975	88	hcptrt	03	007	social	1
cortex_Cont	52.229206109746364	128	hcptrt	03	007	social	1
cortex_Default	49.21256672944896	209	hcptrt	03	007	social	1
cortex_DorsAttn	56.19133766343747	122	hcptrt	03	007	social	1
cortex_Limbic	21.474328589771076	60	hcptrt	03	007	social	1
cortex_SalVentAttn	47.181265718638436	121	hcptrt	03	007	social	1
cortex_SomMot	51.65461803176889	194	hcptrt	03	007	social	1
cortex_Vis	46.58405065676406	162	hcptrt	03	007	social	1
subcortex_CAU	26.78178918427524	8	hcptrt	03	007	social	1
subcortex_PUT	27.511042820389722	8	hcptrt	03	007	social	1
subcortex_THA	27.79082096586051	14	hcptrt	03	007	social	1
cerebellum	36.65399904629111	88	hcptrt	03	007	wm	1
cortex_Cont	51.226939901886865	128	hcptrt	03	007	wm	1
cortex_Default	48.5030809037421	209	hcptrt	03	007	wm	1
cortex_DorsAttn	55.82743055485074	122	hcptrt	03	007	wm	1
cortex_Limbic	20.89665968595143	60	hcptrt	03	007	wm	1
cortex_SalVentAttn	47.24021190655985	121	hcptrt	03	007	wm	1
cortex_SomMot	50.46827174155538	194	hcptrt	03	007	wm	1
cortex_Vis	45.802281235249936	162	hcptrt	03	007	wm	1
subcortex_CAU	26.5611266118863	8	hcptrt	03	007	wm	1
subcortex_PUT	28.217393471412105	8	hcptrt	03	007	wm	1
subcortex_THA	27.26216039120202	14	hcptrt	03	007	wm	1
cerebellum	38.63133682310542	88	hcptrt	03	008	emotion	1
cortex_Cont	51.82366799619374	128	hcptrt	03	008	emotion	1
cortex_Default	48.53948820199111	209	hcptrt	03	008	emotion	1
cortex_DorsAttn	56.93785471989033	122	hcptrt	03	008	emotion	1
cortex_Limbic	21.24964163389007	60	hcptrt	03	008	emotion	1
cortex_SalVentAttn	47.932048854499286	121	hcptrt	03	008	emotion	1
cortex_SomMot	50.19453907268878	194	hcptrt	03	008	emotion	1
cortex_Vis	47.7454633179324	162	hcptrt	03	008	emotion	1
subcortex_CAU	27.921103885445614	8	hcptrt	03	008	emotion	1
subcortex_PUT	28.830167600687393	8	hcptrt	03	008	emotion	1
subcortex_THA	28.012377889010335	14	hcptrt	03	008	emotion	1
cerebellum	38.762533225088205	88	hcptrt	03	008	emotion	2
cortex_Cont	52.00396988879682	128	hcptrt	03	008	emotion	2
cortex_Default	49.390241832685426	209	hcptrt	03	008	emotion	2
cortex_DorsAttn	56.9584377817492	122	hcptrt	03	008	emotion	2
cortex_Limbic	21.626322445492878	60	hcptrt	03	008	emotion	2
cortex_SalVentAttn	48.48044902100613	121	hcptrt	03	008	emotion	2
cortex_SomMot	51.853799454414784	194	hcptrt	03	008	emotion	2
cortex_Vis	48.002135835565426	162	hcptrt	03	008	emotion	2
subcortex_CAU	27.59435224787852	8	hcptrt	03	008	emotion	2
subcortex_PUT	28.518431735308706	8	hcptrt	03	008	emotion	2
subcortex_THA	28.13071996409916	14	hcptrt	03	008	emotion	2
cerebellum	37.14479892843089	88	hcptrt	03	008	gambling	1
cortex_Cont	49.720802282291864	128	hcptrt	03	008	gambling	1
cortex_Default	47.22210922945711	209	hcptrt	03	008	gambling	1
cortex_DorsAttn	55.24344581823086	122	hcptrt	03	008	gambling	1
cortex_Limbic	21.145415877012464	60	hcptrt	03	008	gambling	1
cortex_SalVentAttn	47.1881939039977	121	hcptrt	03	008	gambling	1
cortex_SomMot	50.67866448826076	194	hcptrt	03	008	gambling	1
cortex_Vis	46.62435812714049	162	hcptrt	03	008	gambling	1
subcortex_CAU	27.615209834110633	8	hcptrt	03	008	gambling	1
subcortex_PUT	28.779378655293677	8	hcptrt	03	008	gambling	1
subcortex_THA	28.393225837144605	14	hcptrt	03	008	gambling	1
cerebellum	38.07038908833632	88	hcptrt	03	008	gambling	2
cortex_Cont	51.532565618248945	128	hcptrt	03	008	gambling	2
cortex_Default	49.154194280652156	209	hcptrt	03	008	gambling	2
cortex_DorsAttn	56.0625972491065	122	hcptrt	03	008	gambling	2
cortex_Limbic	21.41747564204256	60	hcptrt	03	008	gambling	2
cortex_SalVentAttn	47.98536605617329	121	hcptrt	03	008	gambling	2
cortex_SomMot	50.51197442288287	194	hcptrt	03	008	gambling	2
cortex_Vis	47.26103619607072	162	hcptrt	03	008	gambling	2
subcortex_CAU	27.67986580133448	8	hcptrt	03	008	gambling	2
subcortex_PUT	28.563131105852875	8	hcptrt	03	008	gambling	2
subcortex_THA	28.18215389741639	14	hcptrt	03	008	gambling	2
cerebellum	34.809776712988196	88	hcptrt	03	008	language	1
cortex_Cont	45.75803846526984	128	hcptrt	03	008	language	1
cortex_Default	43.81195854300927	209	hcptrt	03	008	language	1
cortex_DorsAttn	50.5345405314975	122	hcptrt	03	008	language	1
cortex_Limbic	20.214814360615147	60	hcptrt	03	008	language	1
cortex_SalVentAttn	45.07527433808928	121	hcptrt	03	008	language	1
cortex_SomMot	46.575971275579825	194	hcptrt	03	008	language	1
cortex_Vis	42.43449721231767	162	hcptrt	03	008	language	1
subcortex_CAU	27.13084777124682	8	hcptrt	03	008	language	1
subcortex_PUT	28.26217386393692	8	hcptrt	03	008	language	1
subcortex_THA	28.0451773177249	14	hcptrt	03	008	language	1
cerebellum	36.81316051407071	88	hcptrt	03	008	language	2
cortex_Cont	47.899191451650545	128	hcptrt	03	008	language	2
cortex_Default	45.77240432009718	209	hcptrt	03	008	language	2
cortex_DorsAttn	52.341733203523276	122	hcptrt	03	008	language	2
cortex_Limbic	20.829602162105303	60	hcptrt	03	008	language	2
cortex_SalVentAttn	45.5622932251424	121	hcptrt	03	008	language	2
cortex_SomMot	47.546730694729554	194	hcptrt	03	008	language	2
cortex_Vis	44.81516643522435	162	hcptrt	03	008	language	2
subcortex_CAU	26.69456530375724	8	hcptrt	03	008	language	2
subcortex_PUT	28.00276401281797	8	hcptrt	03	008	language	2
subcortex_THA	27.938742235525446	14	hcptrt	03	008	language	2
cerebellum	34.41082476895266	88	hcptrt	03	008	motor	1
cortex_Cont	45.8269834992359	128	hcptrt	03	008	motor	1
cortex_Default	43.5423153520917	209	hcptrt	03	008	motor	1
cortex_DorsAttn	50.37829646338366	122	hcptrt	03	008	motor	1
cortex_Limbic	19.985167958105556	60	hcptrt	03	008	motor	1
cortex_SalVentAttn	44.42968912643768	121	hcptrt	03	008	motor	1
cortex_SomMot	45.667965018558064	194	hcptrt	03	008	motor	1
cortex_Vis	42.266411031516114	162	hcptrt	03	008	motor	1
subcortex_CAU	26.704643232628335	8	hcptrt	03	008	motor	1
subcortex_PUT	28.12631858480437	8	hcptrt	03	008	motor	1
subcortex_THA	27.70025008432551	14	hcptrt	03	008	motor	1
cerebellum	38.643211869835696	88	hcptrt	03	008	motor	2
cortex_Cont	50.572873391135595	128	hcptrt	03	008	motor	2
cortex_Default	47.90463499682684	209	hcptrt	03	008	motor	2
cortex_DorsAttn	54.644532922540556	122	hcptrt	03	008	motor	2
cortex_Limbic	21.75114409482742	60	hcptrt	03	008	motor	2
cortex_SalVentAttn	46.87302533732842	121	hcptrt	03	008	motor	2
cortex_SomMot	48.23699683765555	194	hcptrt	03	008	motor	2
cortex_Vis	45.93320767988744	162	hcptrt	03	008	motor	2
subcortex_CAU	27.871524474542543	8	hcptrt	03	008	motor	2
subcortex_PUT	28.849417258136768	8	hcptrt	03	008	motor	2
subcortex_THA	28.154302143372803	14	hcptrt	03	008	motor	2
cerebellum	38.86962810863297	88	hcptrt	03	008	relational	1
cortex_Cont	51.09253219421939	128	hcptrt	03	008	relational	1
cortex_Default	49.00426804473229	209	hcptrt	03	008	relational	1
cortex_DorsAttn	56.03283167769601	122	hcptrt	03	008	relational	1
cortex_Limbic	21.89773043823987	60	hcptrt	03	008	relational	1
cortex_SalVentAttn	48.085573190669656	121	hcptrt	03	008	relational	1
cortex_SomMot	50.581236695306316	194	hcptrt	03	008	relational	1
cortex_Vis	46.98373946092471	162	hcptrt	03	008	relational	1
subcortex_CAU	28.448113373919252	8	hcptrt	03	008	relational	1
subcortex_PUT	29.36354325916999	8	hcptrt	03	008	relational	1
subcortex_THA	28.276855247574876	14	hcptrt	03	008	relational	1
cerebellum	36.1671442558246	88	hcptrt	03	008	relational	2
cortex_Cont	48.73213625445009	128	hcptrt	03	008	relational	2
cortex_Default	46.285719105835454	209	hcptrt	03	008	relational	2
cortex_DorsAttn	53.11369302179653	122	hcptrt	03	008	relational	2
cortex_Limbic	20.085326097606316	60	hcptrt	03	008	relational	2
cortex_SalVentAttn	46.02165128952523	121	hcptrt	03	008	relational	2
cortex_SomMot	48.604508067923064	194	hcptrt	03	008	relational	2
cortex_Vis	44.21438763558092	162	hcptrt	03	008	relational	2
subcortex_CAU	26.811023995166106	8	hcptrt	03	008	relational	2
subcortex_PUT	27.998912081856336	8	hcptrt	03	008	relational	2
subcortex_THA	28.179090441363233	14	hcptrt	03	008	relational	2
cerebellum	38.2894640318452	88	hcptrt	03	008	social	1
cortex_Cont	51.47809412585791	128	hcptrt	03	008	social	1
cortex_Default	49.383763401412814	209	hcptrt	03	008	social	1
cortex_DorsAttn	54.99035526073427	122	hcptrt	03	008	social	1
cortex_Limbic	22.249726725006997	60	hcptrt	03	008	social	1
cortex_SalVentAttn	47.520406864044375	121	hcptrt	03	008	social	1
cortex_SomMot	49.90747577932663	194	hcptrt	03	008	social	1
cortex_Vis	46.53672635269575	162	hcptrt	03	008	social	1
subcortex_CAU	27.79626400564315	8	hcptrt	03	008	social	1
subcortex_PUT	28.604989576437262	8	hcptrt	03	008	social	1
subcortex_THA	27.90788976843029	14	hcptrt	03	008	social	1
cerebellum	38.47748649360201	88	hcptrt	03	008	social	2
cortex_Cont	51.854710252656695	128	hcptrt	03	008	social	2
cortex_Default	49.19646358848328	209	hcptrt	03	008	social	2
cortex_DorsAttn	54.908764763197674	122	hcptrt	03	008	social	2
cortex_Limbic	21.90699837810849	60	hcptrt	03	008	social	2
cortex_SalVentAttn	47.51464625318295	121	hcptrt	03	008	social	2
cortex_SomMot	49.87094956249707	194	hcptrt	03	008	social	2
cortex_Vis	45.495072368089644	162	hcptrt	03	008	social	2
subcortex_CAU	28.16543108524012	8	hcptrt	03	008	social	2
subcortex_PUT	29.281755829019158	8	hcptrt	03	008	social	2
subcortex_THA	28.025519540047494	14	hcptrt	03	008	social	2
cerebellum	37.56272509905879	88	hcptrt	03	008	wm	1
cortex_Cont	51.70093445325095	128	hcptrt	03	008	wm	1
cortex_Default	48.81393635782681	209	hcptrt	03	008	wm	1
cortex_DorsAttn	55.69561752764494	122	hcptrt	03	008	wm	1
cortex_Limbic	21.019485094097245	60	hcptrt	03	008	wm	1
cortex_SalVentAttn	47.40531007496682	121	hcptrt	03	008	wm	1
cortex_SomMot	49.361260945169974	194	hcptrt	03	008	wm	1
cortex_Vis	45.641801646400125	162	hcptrt	03	008	wm	1
subcortex_CAU	27.48013521272431	8	hcptrt	03	008	wm	1
subcortex_PUT	28.428092716411847	8	hcptrt	03	008	wm	1
subcortex_THA	27.913918864944552	14	hcptrt	03	008	wm	1
cerebellum	37.965988992594866	88	hcptrt	03	008	wm	2
cortex_Cont	51.995877034820296	128	hcptrt	03	008	wm	2
cortex_Default	49.516769460972846	209	hcptrt	03	008	wm	2
cortex_DorsAttn	56.15233282708339	122	hcptrt	03	008	wm	2
cortex_Limbic	21.408071619095324	60	hcptrt	03	008	wm	2
cortex_SalVentAttn	47.858712475094876	121	hcptrt	03	008	wm	2
cortex_SomMot	50.38983582449624	194	hcptrt	03	008	wm	2
cortex_Vis	45.676793398202136	162	hcptrt	03	008	wm	2
subcortex_CAU	27.52653239309838	8	hcptrt	03	008	wm	2
subcortex_PUT	28.456027194657032	8	hcptrt	03	008	wm	2
subcortex_THA	28.07953244356027	14	hcptrt	03	008	wm	2
cerebellum	31.880706924156854	88	hcptrt	03	009	emotion	1
cortex_Cont	39.368199074859426	128	hcptrt	03	009	emotion	1
cortex_Default	37.80801059077128	209	hcptrt	03	009	emotion	1
cortex_DorsAttn	41.48925058591459	122	hcptrt	03	009	emotion	1
cortex_Limbic	19.020205624298573	60	hcptrt	03	009	emotion	1
cortex_SalVentAttn	37.790794370159226	121	hcptrt	03	009	emotion	1
cortex_SomMot	38.97801484584775	194	hcptrt	03	009	emotion	1
cortex_Vis	36.5654814921804	162	hcptrt	03	009	emotion	1
subcortex_CAU	24.692789850895927	8	hcptrt	03	009	emotion	1
subcortex_PUT	26.542366113549853	8	hcptrt	03	009	emotion	1
subcortex_THA	25.790880969345814	14	hcptrt	03	009	emotion	1
cerebellum	38.756463467151136	88	hcptrt	03	009	emotion	2
cortex_Cont	51.26413666799254	128	hcptrt	03	009	emotion	2
cortex_Default	47.869856270096676	209	hcptrt	03	009	emotion	2
cortex_DorsAttn	56.54101763712251	122	hcptrt	03	009	emotion	2
cortex_Limbic	21.205003964265764	60	hcptrt	03	009	emotion	2
cortex_SalVentAttn	47.38781950831335	121	hcptrt	03	009	emotion	2
cortex_SomMot	50.27132826973685	194	hcptrt	03	009	emotion	2
cortex_Vis	46.50446938718091	162	hcptrt	03	009	emotion	2
subcortex_CAU	27.07182470079087	8	hcptrt	03	009	emotion	2
subcortex_PUT	28.752437557114384	8	hcptrt	03	009	emotion	2
subcortex_THA	27.991887322411475	14	hcptrt	03	009	emotion	2
cerebellum	36.880988958692285	88	hcptrt	03	009	gambling	1
cortex_Cont	46.474286709674494	128	hcptrt	03	009	gambling	1
cortex_Default	43.99947772492123	209	hcptrt	03	009	gambling	1
cortex_DorsAttn	54.15886266881848	122	hcptrt	03	009	gambling	1
cortex_Limbic	20.445472253442396	60	hcptrt	03	009	gambling	1
cortex_SalVentAttn	45.47908331245953	121	hcptrt	03	009	gambling	1
cortex_SomMot	48.170233043035175	194	hcptrt	03	009	gambling	1
cortex_Vis	46.039348255372545	162	hcptrt	03	009	gambling	1
subcortex_CAU	26.245774821118662	8	hcptrt	03	009	gambling	1
subcortex_PUT	27.874735764305314	8	hcptrt	03	009	gambling	1
subcortex_THA	27.538717310261962	14	hcptrt	03	009	gambling	1
cerebellum	38.22948618194602	88	hcptrt	03	009	gambling	2
cortex_Cont	50.60542721742691	128	hcptrt	03	009	gambling	2
cortex_Default	47.565381644538	209	hcptrt	03	009	gambling	2
cortex_DorsAttn	55.28866638272637	122	hcptrt	03	009	gambling	2
cortex_Limbic	21.261258348855126	60	hcptrt	03	009	gambling	2
cortex_SalVentAttn	46.60055720311806	121	hcptrt	03	009	gambling	2
cortex_SomMot	48.61293050421583	194	hcptrt	03	009	gambling	2
cortex_Vis	45.78007662017637	162	hcptrt	03	009	gambling	2
subcortex_CAU	26.795900766013784	8	hcptrt	03	009	gambling	2
subcortex_PUT	28.661788231886117	8	hcptrt	03	009	gambling	2
subcortex_THA	27.827833905750875	14	hcptrt	03	009	gambling	2
cerebellum	35.60077246681208	88	hcptrt	03	009	language	1
cortex_Cont	47.155692432014554	128	hcptrt	03	009	language	1
cortex_Default	44.57119932298842	209	hcptrt	03	009	language	1
cortex_DorsAttn	51.25228354775409	122	hcptrt	03	009	language	1
cortex_Limbic	20.066256812706275	60	hcptrt	03	009	language	1
cortex_SalVentAttn	45.31045115476929	121	hcptrt	03	009	language	1
cortex_SomMot	47.78821453418589	194	hcptrt	03	009	language	1
cortex_Vis	42.69075117993661	162	hcptrt	03	009	language	1
subcortex_CAU	26.213145268015005	8	hcptrt	03	009	language	1
subcortex_PUT	27.43884037291334	8	hcptrt	03	009	language	1
subcortex_THA	27.499630758235327	14	hcptrt	03	009	language	1
cerebellum	36.05100235152726	88	hcptrt	03	009	language	2
cortex_Cont	45.33443399325847	128	hcptrt	03	009	language	2
cortex_Default	43.20987511151184	209	hcptrt	03	009	language	2
cortex_DorsAttn	51.37535607106823	122	hcptrt	03	009	language	2
cortex_Limbic	20.706340688588163	60	hcptrt	03	009	language	2
cortex_SalVentAttn	43.67720436762646	121	hcptrt	03	009	language	2
cortex_SomMot	45.73254352729735	194	hcptrt	03	009	language	2
cortex_Vis	42.97658203813996	162	hcptrt	03	009	language	2
subcortex_CAU	26.81403298783815	8	hcptrt	03	009	language	2
subcortex_PUT	28.580306757137297	8	hcptrt	03	009	language	2
subcortex_THA	27.643023202365665	14	hcptrt	03	009	language	2
cerebellum	36.972905609110086	88	hcptrt	03	009	motor	1
cortex_Cont	48.789956270355646	128	hcptrt	03	009	motor	1
cortex_Default	45.61198554811354	209	hcptrt	03	009	motor	1
cortex_DorsAttn	54.12055085790123	122	hcptrt	03	009	motor	1
cortex_Limbic	20.448109564636074	60	hcptrt	03	009	motor	1
cortex_SalVentAttn	45.36497236183846	121	hcptrt	03	009	motor	1
cortex_SomMot	47.91847693726161	194	hcptrt	03	009	motor	1
cortex_Vis	45.14973188052189	162	hcptrt	03	009	motor	1
subcortex_CAU	26.76110922402466	8	hcptrt	03	009	motor	1
subcortex_PUT	28.2245127932471	8	hcptrt	03	009	motor	1
subcortex_THA	27.749235196733448	14	hcptrt	03	009	motor	1
cerebellum	36.853315650799374	88	hcptrt	03	009	motor	2
cortex_Cont	47.189288523432324	128	hcptrt	03	009	motor	2
cortex_Default	45.058690749900485	209	hcptrt	03	009	motor	2
cortex_DorsAttn	52.407357232444966	122	hcptrt	03	009	motor	2
cortex_Limbic	20.748024206692165	60	hcptrt	03	009	motor	2
cortex_SalVentAttn	44.2414288869534	121	hcptrt	03	009	motor	2
cortex_SomMot	45.70987651423465	194	hcptrt	03	009	motor	2
cortex_Vis	43.20984467448211	162	hcptrt	03	009	motor	2
subcortex_CAU	26.34089101281618	8	hcptrt	03	009	motor	2
subcortex_PUT	27.97730262280008	8	hcptrt	03	009	motor	2
subcortex_THA	27.456509895703157	14	hcptrt	03	009	motor	2
cerebellum	34.87746309117524	88	hcptrt	03	009	relational	1
cortex_Cont	47.059123365315216	128	hcptrt	03	009	relational	1
cortex_Default	44.137836521044605	209	hcptrt	03	009	relational	1
cortex_DorsAttn	50.095135622579384	122	hcptrt	03	009	relational	1
cortex_Limbic	20.330826182285502	60	hcptrt	03	009	relational	1
cortex_SalVentAttn	44.060578964008826	121	hcptrt	03	009	relational	1
cortex_SomMot	46.89268673427332	194	hcptrt	03	009	relational	1
cortex_Vis	41.49861426357736	162	hcptrt	03	009	relational	1
subcortex_CAU	25.852338587919984	8	hcptrt	03	009	relational	1
subcortex_PUT	27.879814236357767	8	hcptrt	03	009	relational	1
subcortex_THA	26.975060283905226	14	hcptrt	03	009	relational	1
cerebellum	35.24250172554615	88	hcptrt	03	009	relational	2
cortex_Cont	45.365029129521034	128	hcptrt	03	009	relational	2
cortex_Default	43.28845132670324	209	hcptrt	03	009	relational	2
cortex_DorsAttn	49.60967465277913	122	hcptrt	03	009	relational	2
cortex_Limbic	19.16508811940634	60	hcptrt	03	009	relational	2
cortex_SalVentAttn	44.21395833386879	121	hcptrt	03	009	relational	2
cortex_SomMot	45.56728159574396	194	hcptrt	03	009	relational	2
cortex_Vis	40.24547987347768	162	hcptrt	03	009	relational	2
subcortex_CAU	26.805776217339872	8	hcptrt	03	009	relational	2
subcortex_PUT	28.223974897091416	8	hcptrt	03	009	relational	2
subcortex_THA	27.73373227763944	14	hcptrt	03	009	relational	2
cerebellum	37.75146046376859	88	hcptrt	03	009	social	1
cortex_Cont	50.1081966044654	128	hcptrt	03	009	social	1
cortex_Default	46.723930177678035	209	hcptrt	03	009	social	1
cortex_DorsAttn	53.50099588372814	122	hcptrt	03	009	social	1
cortex_Limbic	21.528184493486425	60	hcptrt	03	009	social	1
cortex_SalVentAttn	46.37164737314085	121	hcptrt	03	009	social	1
cortex_SomMot	49.036937694012984	194	hcptrt	03	009	social	1
cortex_Vis	44.38329767145753	162	hcptrt	03	009	social	1
subcortex_CAU	26.36066680922619	8	hcptrt	03	009	social	1
subcortex_PUT	27.620291958998735	8	hcptrt	03	009	social	1
subcortex_THA	27.26439227878498	14	hcptrt	03	009	social	1
cerebellum	37.6507262940591	88	hcptrt	03	009	social	2
cortex_Cont	47.84528938880837	128	hcptrt	03	009	social	2
cortex_Default	45.40718772342495	209	hcptrt	03	009	social	2
cortex_DorsAttn	51.874512909931745	122	hcptrt	03	009	social	2
cortex_Limbic	21.148608138284416	60	hcptrt	03	009	social	2
cortex_SalVentAttn	45.10193013758881	121	hcptrt	03	009	social	2
cortex_SomMot	46.909593397341034	194	hcptrt	03	009	social	2
cortex_Vis	42.20965453350347	162	hcptrt	03	009	social	2
subcortex_CAU	26.89799970191357	8	hcptrt	03	009	social	2
subcortex_PUT	28.29041171584121	8	hcptrt	03	009	social	2
subcortex_THA	27.559027097959394	14	hcptrt	03	009	social	2
cerebellum	37.519822663074166	88	hcptrt	03	009	wm	1
cortex_Cont	50.511629538145755	128	hcptrt	03	009	wm	1
cortex_Default	47.33778599129843	209	hcptrt	03	009	wm	1
cortex_DorsAttn	55.916803653321814	122	hcptrt	03	009	wm	1
cortex_Limbic	21.466418296621338	60	hcptrt	03	009	wm	1
cortex_SalVentAttn	47.030631334432265	121	hcptrt	03	009	wm	1
cortex_SomMot	49.34435124916868	194	hcptrt	03	009	wm	1
cortex_Vis	45.199221577414924	162	hcptrt	03	009	wm	1
subcortex_CAU	26.588040572853732	8	hcptrt	03	009	wm	1
subcortex_PUT	27.826726331553246	8	hcptrt	03	009	wm	1
subcortex_THA	27.452407561546554	14	hcptrt	03	009	wm	1
cerebellum	37.60541645240068	88	hcptrt	03	009	wm	2
cortex_Cont	48.239911992597236	128	hcptrt	03	009	wm	2
cortex_Default	45.76394668279864	209	hcptrt	03	009	wm	2
cortex_DorsAttn	52.875206856535506	122	hcptrt	03	009	wm	2
cortex_Limbic	21.292792801760033	60	hcptrt	03	009	wm	2
cortex_SalVentAttn	44.99164513447147	121	hcptrt	03	009	wm	2
cortex_SomMot	46.066965834589716	194	hcptrt	03	009	wm	2
cortex_Vis	42.94101535158532	162	hcptrt	03	009	wm	2
subcortex_CAU	26.690345018345077	8	hcptrt	03	009	wm	2
subcortex_PUT	28.240941372127672	8	hcptrt	03	009	wm	2
subcortex_THA	27.76004982247263	14	hcptrt	03	009	wm	2
cerebellum	39.12453304506979	88	hcptrt	03	010	emotion	1
cortex_Cont	50.39112343307827	128	hcptrt	03	010	emotion	1
cortex_Default	47.32809571037863	209	hcptrt	03	010	emotion	1
cortex_DorsAttn	55.94248472228184	122	hcptrt	03	010	emotion	1
cortex_Limbic	22.019490579712375	60	hcptrt	03	010	emotion	1
cortex_SalVentAttn	48.085308404711455	121	hcptrt	03	010	emotion	1
cortex_SomMot	51.915294029101375	194	hcptrt	03	010	emotion	1
cortex_Vis	47.27409238382429	162	hcptrt	03	010	emotion	1
subcortex_CAU	27.102581020170064	8	hcptrt	03	010	emotion	1
subcortex_PUT	28.59895276685021	8	hcptrt	03	010	emotion	1
subcortex_THA	28.39647564403925	14	hcptrt	03	010	emotion	1
cerebellum	39.136642035645664	88	hcptrt	03	010	gambling	1
cortex_Cont	51.90668616473728	128	hcptrt	03	010	gambling	1
cortex_Default	48.44617937351563	209	hcptrt	03	010	gambling	1
cortex_DorsAttn	57.57016291436786	122	hcptrt	03	010	gambling	1
cortex_Limbic	21.949445247348073	60	hcptrt	03	010	gambling	1
cortex_SalVentAttn	48.49976486394643	121	hcptrt	03	010	gambling	1
cortex_SomMot	52.33432390302095	194	hcptrt	03	010	gambling	1
cortex_Vis	47.52814342190709	162	hcptrt	03	010	gambling	1
subcortex_CAU	27.112425272727503	8	hcptrt	03	010	gambling	1
subcortex_PUT	28.809810404784375	8	hcptrt	03	010	gambling	1
subcortex_THA	28.105389038519537	14	hcptrt	03	010	gambling	1
cerebellum	36.64286902806497	88	hcptrt	03	010	language	1
cortex_Cont	48.230344626909066	128	hcptrt	03	010	language	1
cortex_Default	45.390832179927074	209	hcptrt	03	010	language	1
cortex_DorsAttn	53.73222635183914	122	hcptrt	03	010	language	1
cortex_Limbic	20.37855428930485	60	hcptrt	03	010	language	1
cortex_SalVentAttn	46.15736715837231	121	hcptrt	03	010	language	1
cortex_SomMot	48.41608827584176	194	hcptrt	03	010	language	1
cortex_Vis	45.60559017288155	162	hcptrt	03	010	language	1
subcortex_CAU	26.54941642515497	8	hcptrt	03	010	language	1
subcortex_PUT	28.248461435404867	8	hcptrt	03	010	language	1
subcortex_THA	27.850770582238432	14	hcptrt	03	010	language	1
cerebellum	37.88744339149658	88	hcptrt	03	010	motor	1
cortex_Cont	48.51718264030355	128	hcptrt	03	010	motor	1
cortex_Default	45.43020448958088	209	hcptrt	03	010	motor	1
cortex_DorsAttn	55.51782441658486	122	hcptrt	03	010	motor	1
cortex_Limbic	20.15460456591774	60	hcptrt	03	010	motor	1
cortex_SalVentAttn	46.06763983222859	121	hcptrt	03	010	motor	1
cortex_SomMot	48.89041408291944	194	hcptrt	03	010	motor	1
cortex_Vis	47.407099753178784	162	hcptrt	03	010	motor	1
subcortex_CAU	26.28758581462475	8	hcptrt	03	010	motor	1
subcortex_PUT	27.951357174545766	8	hcptrt	03	010	motor	1
subcortex_THA	27.839247242314183	14	hcptrt	03	010	motor	1
cerebellum	38.396767335329805	88	hcptrt	03	010	relational	1
cortex_Cont	51.873696423830765	128	hcptrt	03	010	relational	1
cortex_Default	47.98641037590248	209	hcptrt	03	010	relational	1
cortex_DorsAttn	57.12582725369455	122	hcptrt	03	010	relational	1
cortex_Limbic	21.362228350141987	60	hcptrt	03	010	relational	1
cortex_SalVentAttn	47.49740654179662	121	hcptrt	03	010	relational	1
cortex_SomMot	51.11331739754052	194	hcptrt	03	010	relational	1
cortex_Vis	47.18577077737154	162	hcptrt	03	010	relational	1
subcortex_CAU	27.075370913631915	8	hcptrt	03	010	relational	1
subcortex_PUT	27.880905692873434	8	hcptrt	03	010	relational	1
subcortex_THA	28.057208145744166	14	hcptrt	03	010	relational	1
cerebellum	33.57222314639533	88	hcptrt	03	010	restingstate	1
cortex_Cont	43.557385297583714	128	hcptrt	03	010	restingstate	1
cortex_Default	40.78371364844032	209	hcptrt	03	010	restingstate	1
cortex_DorsAttn	46.52030145593954	122	hcptrt	03	010	restingstate	1
cortex_Limbic	18.71128677744068	60	hcptrt	03	010	restingstate	1
cortex_SalVentAttn	42.139578636533216	121	hcptrt	03	010	restingstate	1
cortex_SomMot	42.00177716544789	194	hcptrt	03	010	restingstate	1
cortex_Vis	37.122605296017376	162	hcptrt	03	010	restingstate	1
subcortex_CAU	26.09045968088259	8	hcptrt	03	010	restingstate	1
subcortex_PUT	27.623641056430557	8	hcptrt	03	010	restingstate	1
subcortex_THA	26.908024375755026	14	hcptrt	03	010	restingstate	1
cerebellum	38.49291155475342	88	hcptrt	03	010	social	1
cortex_Cont	50.22948546368294	128	hcptrt	03	010	social	1
cortex_Default	47.54428752503729	209	hcptrt	03	010	social	1
cortex_DorsAttn	54.42659616312436	122	hcptrt	03	010	social	1
cortex_Limbic	21.368541946108987	60	hcptrt	03	010	social	1
cortex_SalVentAttn	47.184378991162426	121	hcptrt	03	010	social	1
cortex_SomMot	51.51614084312768	194	hcptrt	03	010	social	1
cortex_Vis	44.6436635702622	162	hcptrt	03	010	social	1
subcortex_CAU	27.005099661257944	8	hcptrt	03	010	social	1
subcortex_PUT	28.27204098545912	8	hcptrt	03	010	social	1
subcortex_THA	28.257377130170603	14	hcptrt	03	010	social	1
cerebellum	37.742719523939755	88	hcptrt	03	010	wm	1
cortex_Cont	49.690383819634484	128	hcptrt	03	010	wm	1
cortex_Default	47.03636905774926	209	hcptrt	03	010	wm	1
cortex_DorsAttn	54.319462986504966	122	hcptrt	03	010	wm	1
cortex_Limbic	21.607153748529118	60	hcptrt	03	010	wm	1
cortex_SalVentAttn	46.984605959094885	121	hcptrt	03	010	wm	1
cortex_SomMot	50.497196325494336	194	hcptrt	03	010	wm	1
cortex_Vis	44.15033971138381	162	hcptrt	03	010	wm	1
subcortex_CAU	26.530784398146	8	hcptrt	03	010	wm	1
subcortex_PUT	27.968807998277654	8	hcptrt	03	010	wm	1
subcortex_THA	27.789149632723504	14	hcptrt	03	010	wm	1
cerebellum	32.80466034624789	88	hcptrt	03	011	wm	1
cortex_Cont	47.53517896980321	128	hcptrt	03	011	wm	1
cortex_Default	44.960767030152326	209	hcptrt	03	011	wm	1
cortex_DorsAttn	49.981805812488446	122	hcptrt	03	011	wm	1
cortex_Limbic	20.84591923573845	60	hcptrt	03	011	wm	1
cortex_SalVentAttn	44.948434510287356	121	hcptrt	03	011	wm	1
cortex_SomMot	45.45645087666041	194	hcptrt	03	011	wm	1
cortex_Vis	40.3790421479709	162	hcptrt	03	011	wm	1
subcortex_CAU	26.862718249827473	8	hcptrt	03	011	wm	1
subcortex_PUT	28.125935292897033	8	hcptrt	03	011	wm	1
subcortex_THA	28.44930847456845	14	hcptrt	03	011	wm	1
cerebellum	34.24531699272546	88	hcptrt	03	011	wm	2
cortex_Cont	49.45700169761731	128	hcptrt	03	011	wm	2
cortex_Default	46.052458058178935	209	hcptrt	03	011	wm	2
cortex_DorsAttn	52.396005007141234	122	hcptrt	03	011	wm	2
cortex_Limbic	21.117180494674816	60	hcptrt	03	011	wm	2
cortex_SalVentAttn	45.936287410552566	121	hcptrt	03	011	wm	2
cortex_SomMot	47.40574727022141	194	hcptrt	03	011	wm	2
cortex_Vis	41.633854696259746	162	hcptrt	03	011	wm	2
subcortex_CAU	27.049753801527444	8	hcptrt	03	011	wm	2
subcortex_PUT	28.19783196816626	8	hcptrt	03	011	wm	2
subcortex_THA	28.456020664698666	14	hcptrt	03	011	wm	2
cerebellum	31.18181087680525	88	hcptrt	05	001	emotion	1
cortex_Cont	44.1464076427752	128	hcptrt	05	001	emotion	1
cortex_Default	41.41089002809915	209	hcptrt	05	001	emotion	1
cortex_DorsAttn	46.82483899796658	122	hcptrt	05	001	emotion	1
cortex_Limbic	20.976115512539334	60	hcptrt	05	001	emotion	1
cortex_SalVentAttn	41.25009825500243	121	hcptrt	05	001	emotion	1
cortex_SomMot	42.214829235516525	194	hcptrt	05	001	emotion	1
cortex_Vis	35.5201638937541	162	hcptrt	05	001	emotion	1
subcortex_CAU	26.258093735255063	8	hcptrt	05	001	emotion	1
subcortex_PUT	24.857117577556377	8	hcptrt	05	001	emotion	1
subcortex_THA	25.945788464988556	14	hcptrt	05	001	emotion	1
cerebellum	32.92369392363106	88	hcptrt	05	001	emotion	2
cortex_Cont	46.342511302873284	128	hcptrt	05	001	emotion	2
cortex_Default	43.405756804243524	209	hcptrt	05	001	emotion	2
cortex_DorsAttn	50.13480653751924	122	hcptrt	05	001	emotion	2
cortex_Limbic	21.59778733380181	60	hcptrt	05	001	emotion	2
cortex_SalVentAttn	42.36463355960796	121	hcptrt	05	001	emotion	2
cortex_SomMot	45.17296375487838	194	hcptrt	05	001	emotion	2
cortex_Vis	38.33981200615938	162	hcptrt	05	001	emotion	2
subcortex_CAU	26.137737022484842	8	hcptrt	05	001	emotion	2
subcortex_PUT	24.523044148434188	8	hcptrt	05	001	emotion	2
subcortex_THA	26.05442776854796	14	hcptrt	05	001	emotion	2
cerebellum	34.388205367276	88	hcptrt	05	001	gambling	1
cortex_Cont	48.400288719556286	128	hcptrt	05	001	gambling	1
cortex_Default	44.98570932809342	209	hcptrt	05	001	gambling	1
cortex_DorsAttn	54.05771353873191	122	hcptrt	05	001	gambling	1
cortex_Limbic	21.269630071131626	60	hcptrt	05	001	gambling	1
cortex_SalVentAttn	44.415267560600604	121	hcptrt	05	001	gambling	1
cortex_SomMot	47.7135877023835	194	hcptrt	05	001	gambling	1
cortex_Vis	42.02620261374473	162	hcptrt	05	001	gambling	1
subcortex_CAU	26.921732168352808	8	hcptrt	05	001	gambling	1
subcortex_PUT	25.23168515451683	8	hcptrt	05	001	gambling	1
subcortex_THA	26.648317079441437	14	hcptrt	05	001	gambling	1
cerebellum	33.0655295415319	88	hcptrt	05	001	gambling	2
cortex_Cont	45.54223523396949	128	hcptrt	05	001	gambling	2
cortex_Default	42.48073897054884	209	hcptrt	05	001	gambling	2
cortex_DorsAttn	50.20741655712272	122	hcptrt	05	001	gambling	2
cortex_Limbic	20.946576651400367	60	hcptrt	05	001	gambling	2
cortex_SalVentAttn	43.204274957660594	121	hcptrt	05	001	gambling	2
cortex_SomMot	45.221706506482086	194	hcptrt	05	001	gambling	2
cortex_Vis	38.574047134949886	162	hcptrt	05	001	gambling	2
subcortex_CAU	26.612522127976717	8	hcptrt	05	001	gambling	2
subcortex_PUT	24.757617511514233	8	hcptrt	05	001	gambling	2
subcortex_THA	26.179406523839273	14	hcptrt	05	001	gambling	2
cerebellum	34.66662966609599	88	hcptrt	05	001	language	1
cortex_Cont	48.49659492704231	128	hcptrt	05	001	language	1
cortex_Default	45.2207647431076	209	hcptrt	05	001	language	1
cortex_DorsAttn	54.27101174805617	122	hcptrt	05	001	language	1
cortex_Limbic	21.632510612482232	60	hcptrt	05	001	language	1
cortex_SalVentAttn	44.39791863800894	121	hcptrt	05	001	language	1
cortex_SomMot	48.178619439881736	194	hcptrt	05	001	language	1
cortex_Vis	42.43959618052284	162	hcptrt	05	001	language	1
subcortex_CAU	27.923872411923067	8	hcptrt	05	001	language	1
subcortex_PUT	25.964296175164186	8	hcptrt	05	001	language	1
subcortex_THA	27.127248347318016	14	hcptrt	05	001	language	1
cerebellum	31.916003318738124	88	hcptrt	05	001	language	2
cortex_Cont	41.521636382389374	128	hcptrt	05	001	language	2
cortex_Default	39.10831175904899	209	hcptrt	05	001	language	2
cortex_DorsAttn	44.62015468219732	122	hcptrt	05	001	language	2
cortex_Limbic	20.198958767210254	60	hcptrt	05	001	language	2
cortex_SalVentAttn	39.37128171692084	121	hcptrt	05	001	language	2
cortex_SomMot	39.49872183340343	194	hcptrt	05	001	language	2
cortex_Vis	35.554283592099466	162	hcptrt	05	001	language	2
subcortex_CAU	25.88814301971584	8	hcptrt	05	001	language	2
subcortex_PUT	24.59873135707416	8	hcptrt	05	001	language	2
subcortex_THA	25.808117885974468	14	hcptrt	05	001	language	2
cerebellum	32.502533507106094	88	hcptrt	05	001	motor	1
cortex_Cont	44.79025698932371	128	hcptrt	05	001	motor	1
cortex_Default	42.022546816043956	209	hcptrt	05	001	motor	1
cortex_DorsAttn	48.68715304345904	122	hcptrt	05	001	motor	1
cortex_Limbic	20.52471329771083	60	hcptrt	05	001	motor	1
cortex_SalVentAttn	42.00792242161157	121	hcptrt	05	001	motor	1
cortex_SomMot	43.92376939178176	194	hcptrt	05	001	motor	1
cortex_Vis	37.89332344515283	162	hcptrt	05	001	motor	1
subcortex_CAU	26.09860311696811	8	hcptrt	05	001	motor	1
subcortex_PUT	24.73220667409779	8	hcptrt	05	001	motor	1
subcortex_THA	25.955516455017285	14	hcptrt	05	001	motor	1
cerebellum	29.761652292421843	88	hcptrt	05	001	motor	2
cortex_Cont	43.5286234157452	128	hcptrt	05	001	motor	2
cortex_Default	40.8022266279448	209	hcptrt	05	001	motor	2
cortex_DorsAttn	45.947102306097186	122	hcptrt	05	001	motor	2
cortex_Limbic	20.52691347420998	60	hcptrt	05	001	motor	2
cortex_SalVentAttn	41.03887744718231	121	hcptrt	05	001	motor	2
cortex_SomMot	42.004188943198926	194	hcptrt	05	001	motor	2
cortex_Vis	34.58584312396542	162	hcptrt	05	001	motor	2
subcortex_CAU	27.523042439697598	8	hcptrt	05	001	motor	2
subcortex_PUT	25.744296217336082	8	hcptrt	05	001	motor	2
subcortex_THA	26.071245208736126	14	hcptrt	05	001	motor	2
cerebellum	34.09311072799018	88	hcptrt	05	001	relational	1
cortex_Cont	48.325611654298754	128	hcptrt	05	001	relational	1
cortex_Default	45.08020589484937	209	hcptrt	05	001	relational	1
cortex_DorsAttn	51.82522037163576	122	hcptrt	05	001	relational	1
cortex_Limbic	21.905914701737785	60	hcptrt	05	001	relational	1
cortex_SalVentAttn	44.055477180080224	121	hcptrt	05	001	relational	1
cortex_SomMot	46.613206389178984	194	hcptrt	05	001	relational	1
cortex_Vis	39.98385256387756	162	hcptrt	05	001	relational	1
subcortex_CAU	26.919269492033507	8	hcptrt	05	001	relational	1
subcortex_PUT	25.242545403452045	8	hcptrt	05	001	relational	1
subcortex_THA	26.536501602328364	14	hcptrt	05	001	relational	1
cerebellum	31.43250115079857	88	hcptrt	05	001	relational	2
cortex_Cont	42.127034879147004	128	hcptrt	05	001	relational	2
cortex_Default	40.705345118101974	209	hcptrt	05	001	relational	2
cortex_DorsAttn	44.08019092516556	122	hcptrt	05	001	relational	2
cortex_Limbic	20.924953766299225	60	hcptrt	05	001	relational	2
cortex_SalVentAttn	40.556864284230016	121	hcptrt	05	001	relational	2
cortex_SomMot	41.21024439209135	194	hcptrt	05	001	relational	2
cortex_Vis	34.600729870225095	162	hcptrt	05	001	relational	2
subcortex_CAU	26.01013818993428	8	hcptrt	05	001	relational	2
subcortex_PUT	24.674014540138568	8	hcptrt	05	001	relational	2
subcortex_THA	25.94503759874035	14	hcptrt	05	001	relational	2
cerebellum	31.444898224973	88	hcptrt	05	001	social	1
cortex_Cont	44.607605739595186	128	hcptrt	05	001	social	1
cortex_Default	41.9447664113812	209	hcptrt	05	001	social	1
cortex_DorsAttn	47.09137655617137	122	hcptrt	05	001	social	1
cortex_Limbic	20.982670348383994	60	hcptrt	05	001	social	1
cortex_SalVentAttn	42.21238424955362	121	hcptrt	05	001	social	1
cortex_SomMot	43.46282324014753	194	hcptrt	05	001	social	1
cortex_Vis	36.148001430053064	162	hcptrt	05	001	social	1
subcortex_CAU	26.565833826595433	8	hcptrt	05	001	social	1
subcortex_PUT	25.04672753472271	8	hcptrt	05	001	social	1
subcortex_THA	26.111581799620723	14	hcptrt	05	001	social	1
cerebellum	31.367721456037955	88	hcptrt	05	001	social	2
cortex_Cont	43.3212408986365	128	hcptrt	05	001	social	2
cortex_Default	41.17826019163249	209	hcptrt	05	001	social	2
cortex_DorsAttn	44.90773555484122	122	hcptrt	05	001	social	2
cortex_Limbic	21.097801298297163	60	hcptrt	05	001	social	2
cortex_SalVentAttn	40.49758097169442	121	hcptrt	05	001	social	2
cortex_SomMot	42.58500866385735	194	hcptrt	05	001	social	2
cortex_Vis	34.55587913610455	162	hcptrt	05	001	social	2
subcortex_CAU	25.920830337586835	8	hcptrt	05	001	social	2
subcortex_PUT	24.51665185012253	8	hcptrt	05	001	social	2
subcortex_THA	25.551678439431562	14	hcptrt	05	001	social	2
cerebellum	34.1450777614091	88	hcptrt	05	001	wm	1
cortex_Cont	47.5229716911444	128	hcptrt	05	001	wm	1
cortex_Default	44.52653728017615	209	hcptrt	05	001	wm	1
cortex_DorsAttn	51.570747362775265	122	hcptrt	05	001	wm	1
cortex_Limbic	21.299639016072884	60	hcptrt	05	001	wm	1
cortex_SalVentAttn	43.83798230558952	121	hcptrt	05	001	wm	1
cortex_SomMot	46.22768300289464	194	hcptrt	05	001	wm	1
cortex_Vis	39.679369198154134	162	hcptrt	05	001	wm	1
subcortex_CAU	26.95402345095803	8	hcptrt	05	001	wm	1
subcortex_PUT	25.28191867037867	8	hcptrt	05	001	wm	1
subcortex_THA	26.56253220600529	14	hcptrt	05	001	wm	1
cerebellum	30.984725456324455	88	hcptrt	05	001	wm	2
cortex_Cont	44.50318480306025	128	hcptrt	05	001	wm	2
cortex_Default	41.399964550815405	209	hcptrt	05	001	wm	2
cortex_DorsAttn	47.40759572724547	122	hcptrt	05	001	wm	2
cortex_Limbic	20.565379530760712	60	hcptrt	05	001	wm	2
cortex_SalVentAttn	41.52506967566791	121	hcptrt	05	001	wm	2
cortex_SomMot	43.05058160454371	194	hcptrt	05	001	wm	2
cortex_Vis	35.2994282424845	162	hcptrt	05	001	wm	2
subcortex_CAU	25.969534925545137	8	hcptrt	05	001	wm	2
subcortex_PUT	24.54002824383497	8	hcptrt	05	001	wm	2
subcortex_THA	25.65480158889439	14	hcptrt	05	001	wm	2
cerebellum	31.509054753425236	88	hcptrt	05	002	emotion	1
cortex_Cont	43.7016230845728	128	hcptrt	05	002	emotion	1
cortex_Default	40.040987961847115	209	hcptrt	05	002	emotion	1
cortex_DorsAttn	46.37273814983785	122	hcptrt	05	002	emotion	1
cortex_Limbic	20.109806963108554	60	hcptrt	05	002	emotion	1
cortex_SalVentAttn	40.61192695601481	121	hcptrt	05	002	emotion	1
cortex_SomMot	41.086814712010955	194	hcptrt	05	002	emotion	1
cortex_Vis	35.95318315985304	162	hcptrt	05	002	emotion	1
subcortex_CAU	26.225625550578123	8	hcptrt	05	002	emotion	1
subcortex_PUT	24.846706061326703	8	hcptrt	05	002	emotion	1
subcortex_THA	25.480128973705813	14	hcptrt	05	002	emotion	1
cerebellum	33.46072445584409	88	hcptrt	05	002	gambling	1
cortex_Cont	45.96931257303886	128	hcptrt	05	002	gambling	1
cortex_Default	42.7793990486575	209	hcptrt	05	002	gambling	1
cortex_DorsAttn	48.06717450916111	122	hcptrt	05	002	gambling	1
cortex_Limbic	21.51652404726539	60	hcptrt	05	002	gambling	1
cortex_SalVentAttn	42.6960841772957	121	hcptrt	05	002	gambling	1
cortex_SomMot	44.194841146888635	194	hcptrt	05	002	gambling	1
cortex_Vis	38.55081946966067	162	hcptrt	05	002	gambling	1
subcortex_CAU	26.578959943512082	8	hcptrt	05	002	gambling	1
subcortex_PUT	24.985594554024267	8	hcptrt	05	002	gambling	1
subcortex_THA	26.0624569142354	14	hcptrt	05	002	gambling	1
cerebellum	31.93083755520704	88	hcptrt	05	002	language	1
cortex_Cont	40.95483277819923	128	hcptrt	05	002	language	1
cortex_Default	38.676762281590385	209	hcptrt	05	002	language	1
cortex_DorsAttn	44.56294983774573	122	hcptrt	05	002	language	1
cortex_Limbic	18.63600644446178	60	hcptrt	05	002	language	1
cortex_SalVentAttn	38.74167778940225	121	hcptrt	05	002	language	1
cortex_SomMot	39.61345356651399	194	hcptrt	05	002	language	1
cortex_Vis	36.06064511423243	162	hcptrt	05	002	language	1
subcortex_CAU	25.575232603156444	8	hcptrt	05	002	language	1
subcortex_PUT	24.52959935465453	8	hcptrt	05	002	language	1
subcortex_THA	25.238897284516376	14	hcptrt	05	002	language	1
cerebellum	31.609834891897574	88	hcptrt	05	002	motor	1
cortex_Cont	39.31138963688153	128	hcptrt	05	002	motor	1
cortex_Default	37.06084675363542	209	hcptrt	05	002	motor	1
cortex_DorsAttn	43.65727047145368	122	hcptrt	05	002	motor	1
cortex_Limbic	18.362872810694853	60	hcptrt	05	002	motor	1
cortex_SalVentAttn	37.84226885937728	121	hcptrt	05	002	motor	1
cortex_SomMot	37.56774793351364	194	hcptrt	05	002	motor	1
cortex_Vis	35.67349100168824	162	hcptrt	05	002	motor	1
subcortex_CAU	25.09424436143002	8	hcptrt	05	002	motor	1
subcortex_PUT	24.055800049980423	8	hcptrt	05	002	motor	1
subcortex_THA	25.106877360352506	14	hcptrt	05	002	motor	1
cerebellum	34.576488974474664	88	hcptrt	05	002	relational	1
cortex_Cont	44.51309152989782	128	hcptrt	05	002	relational	1
cortex_Default	41.89696482662333	209	hcptrt	05	002	relational	1
cortex_DorsAttn	48.169289742599936	122	hcptrt	05	002	relational	1
cortex_Limbic	20.833569086085053	60	hcptrt	05	002	relational	1
cortex_SalVentAttn	41.88261826821471	121	hcptrt	05	002	relational	1
cortex_SomMot	43.69222207098955	194	hcptrt	05	002	relational	1
cortex_Vis	38.34209741809349	162	hcptrt	05	002	relational	1
subcortex_CAU	26.219769944640078	8	hcptrt	05	002	relational	1
subcortex_PUT	24.71886742819615	8	hcptrt	05	002	relational	1
subcortex_THA	26.306537851225947	14	hcptrt	05	002	relational	1
cerebellum	27.288914555068672	88	hcptrt	05	002	restingstate	1
cortex_Cont	33.22554565636006	128	hcptrt	05	002	restingstate	1
cortex_Default	31.750209137936203	209	hcptrt	05	002	restingstate	1
cortex_DorsAttn	36.302659281282295	122	hcptrt	05	002	restingstate	1
cortex_Limbic	16.432603720606448	60	hcptrt	05	002	restingstate	1
cortex_SalVentAttn	33.93880058119238	121	hcptrt	05	002	restingstate	1
cortex_SomMot	32.95856373546553	194	hcptrt	05	002	restingstate	1
cortex_Vis	28.25155095080782	162	hcptrt	05	002	restingstate	1
subcortex_CAU	23.850446604504636	8	hcptrt	05	002	restingstate	1
subcortex_PUT	23.29535390311707	8	hcptrt	05	002	restingstate	1
subcortex_THA	24.22166927451639	14	hcptrt	05	002	restingstate	1
cerebellum	32.245503297441225	88	hcptrt	05	002	social	1
cortex_Cont	42.34024368957551	128	hcptrt	05	002	social	1
cortex_Default	40.0116424418816	209	hcptrt	05	002	social	1
cortex_DorsAttn	44.76499142083111	122	hcptrt	05	002	social	1
cortex_Limbic	19.763417178580614	60	hcptrt	05	002	social	1
cortex_SalVentAttn	39.857645975940144	121	hcptrt	05	002	social	1
cortex_SomMot	40.605542956760054	194	hcptrt	05	002	social	1
cortex_Vis	36.00504452918356	162	hcptrt	05	002	social	1
subcortex_CAU	25.81598161274524	8	hcptrt	05	002	social	1
subcortex_PUT	24.8580604438586	8	hcptrt	05	002	social	1
subcortex_THA	25.577593520370137	14	hcptrt	05	002	social	1
cerebellum	31.270812956270813	88	hcptrt	05	002	wm	1
cortex_Cont	41.32997654436781	128	hcptrt	05	002	wm	1
cortex_Default	38.37772018580945	209	hcptrt	05	002	wm	1
cortex_DorsAttn	44.73076525204825	122	hcptrt	05	002	wm	1
cortex_Limbic	19.45431402842625	60	hcptrt	05	002	wm	1
cortex_SalVentAttn	39.012141999707175	121	hcptrt	05	002	wm	1
cortex_SomMot	39.57351501888748	194	hcptrt	05	002	wm	1
cortex_Vis	34.257673493313135	162	hcptrt	05	002	wm	1
subcortex_CAU	25.507949584713202	8	hcptrt	05	002	wm	1
subcortex_PUT	24.341984277746977	8	hcptrt	05	002	wm	1
subcortex_THA	25.58092249037505	14	hcptrt	05	002	wm	1
cerebellum	30.96423346447998	88	hcptrt	05	003	emotion	1
cortex_Cont	41.22397534548795	128	hcptrt	05	003	emotion	1
cortex_Default	38.075574756226764	209	hcptrt	05	003	emotion	1
cortex_DorsAttn	47.11022581309849	122	hcptrt	05	003	emotion	1
cortex_Limbic	18.326927658102186	60	hcptrt	05	003	emotion	1
cortex_SalVentAttn	38.89406178478276	121	hcptrt	05	003	emotion	1
cortex_SomMot	40.43764207535381	194	hcptrt	05	003	emotion	1
cortex_Vis	34.02965940072249	162	hcptrt	05	003	emotion	1
subcortex_CAU	25.770833578534223	8	hcptrt	05	003	emotion	1
subcortex_PUT	24.489315560744057	8	hcptrt	05	003	emotion	1
subcortex_THA	25.153212263944344	14	hcptrt	05	003	emotion	1
cerebellum	33.00943682331978	88	hcptrt	05	003	gambling	1
cortex_Cont	46.87224464250619	128	hcptrt	05	003	gambling	1
cortex_Default	43.382540485368786	209	hcptrt	05	003	gambling	1
cortex_DorsAttn	52.791122936185744	122	hcptrt	05	003	gambling	1
cortex_Limbic	20.0249405889258	60	hcptrt	05	003	gambling	1
cortex_SalVentAttn	43.172189747155905	121	hcptrt	05	003	gambling	1
cortex_SomMot	46.86483180090043	194	hcptrt	05	003	gambling	1
cortex_Vis	37.59420441820284	162	hcptrt	05	003	gambling	1
subcortex_CAU	27.202247277500646	8	hcptrt	05	003	gambling	1
subcortex_PUT	25.28429599933428	8	hcptrt	05	003	gambling	1
subcortex_THA	26.05910347808952	14	hcptrt	05	003	gambling	1
cerebellum	33.331613084526374	88	hcptrt	05	003	language	1
cortex_Cont	47.57318558392932	128	hcptrt	05	003	language	1
cortex_Default	43.90395303844447	209	hcptrt	05	003	language	1
cortex_DorsAttn	51.215016169196076	122	hcptrt	05	003	language	1
cortex_Limbic	20.4032839504657	60	hcptrt	05	003	language	1
cortex_SalVentAttn	43.028439494307136	121	hcptrt	05	003	language	1
cortex_SomMot	45.399974400803266	194	hcptrt	05	003	language	1
cortex_Vis	36.79392107368061	162	hcptrt	05	003	language	1
subcortex_CAU	26.890705123289415	8	hcptrt	05	003	language	1
subcortex_PUT	25.23789635592172	8	hcptrt	05	003	language	1
subcortex_THA	26.121494966535643	14	hcptrt	05	003	language	1
cerebellum	31.458240450737673	88	hcptrt	05	003	motor	1
cortex_Cont	40.69028182541941	128	hcptrt	05	003	motor	1
cortex_Default	38.24699580225863	209	hcptrt	05	003	motor	1
cortex_DorsAttn	44.98402170060232	122	hcptrt	05	003	motor	1
cortex_Limbic	18.984905170621218	60	hcptrt	05	003	motor	1
cortex_SalVentAttn	38.32083353451637	121	hcptrt	05	003	motor	1
cortex_SomMot	38.88229093686906	194	hcptrt	05	003	motor	1
cortex_Vis	37.213867299915876	162	hcptrt	05	003	motor	1
subcortex_CAU	25.810505755576283	8	hcptrt	05	003	motor	1
subcortex_PUT	24.973916408977388	8	hcptrt	05	003	motor	1
subcortex_THA	25.409111810362127	14	hcptrt	05	003	motor	1
cerebellum	33.97619969730256	88	hcptrt	05	003	relational	1
cortex_Cont	46.123860296893795	128	hcptrt	05	003	relational	1
cortex_Default	43.043749906035636	209	hcptrt	05	003	relational	1
cortex_DorsAttn	51.5512973968223	122	hcptrt	05	003	relational	1
cortex_Limbic	20.72662119759749	60	hcptrt	05	003	relational	1
cortex_SalVentAttn	42.63937250556524	121	hcptrt	05	003	relational	1
cortex_SomMot	44.8041679099522	194	hcptrt	05	003	relational	1
cortex_Vis	39.4966984387273	162	hcptrt	05	003	relational	1
subcortex_CAU	27.070690264846824	8	hcptrt	05	003	relational	1
subcortex_PUT	25.665216428057516	8	hcptrt	05	003	relational	1
subcortex_THA	26.065428882556084	14	hcptrt	05	003	relational	1
cerebellum	23.96896671034219	88	hcptrt	05	003	restingstate	1
cortex_Cont	32.190545058256625	128	hcptrt	05	003	restingstate	1
cortex_Default	30.803888679049088	209	hcptrt	05	003	restingstate	1
cortex_DorsAttn	34.220911006763	122	hcptrt	05	003	restingstate	1
cortex_Limbic	15.609247240852913	60	hcptrt	05	003	restingstate	1
cortex_SalVentAttn	31.539286627462495	121	hcptrt	05	003	restingstate	1
cortex_SomMot	30.05738847991707	194	hcptrt	05	003	restingstate	1
cortex_Vis	26.89737036766333	162	hcptrt	05	003	restingstate	1
subcortex_CAU	23.59716346936994	8	hcptrt	05	003	restingstate	1
subcortex_PUT	24.149294953159714	8	hcptrt	05	003	restingstate	1
subcortex_THA	23.403724333364032	14	hcptrt	05	003	restingstate	1
cerebellum	34.29900309063065	88	hcptrt	05	003	social	1
cortex_Cont	45.56182813559332	128	hcptrt	05	003	social	1
cortex_Default	42.95228475985811	209	hcptrt	05	003	social	1
cortex_DorsAttn	50.85961663733536	122	hcptrt	05	003	social	1
cortex_Limbic	20.80449015888932	60	hcptrt	05	003	social	1
cortex_SalVentAttn	42.15953624799827	121	hcptrt	05	003	social	1
cortex_SomMot	44.41601612001387	194	hcptrt	05	003	social	1
cortex_Vis	39.14636013596326	162	hcptrt	05	003	social	1
subcortex_CAU	26.937078303042878	8	hcptrt	05	003	social	1
subcortex_PUT	25.942152408782853	8	hcptrt	05	003	social	1
subcortex_THA	26.286951937595337	14	hcptrt	05	003	social	1
cerebellum	35.29194659656028	88	hcptrt	05	003	wm	1
cortex_Cont	48.06109197906759	128	hcptrt	05	003	wm	1
cortex_Default	44.03582604123686	209	hcptrt	05	003	wm	1
cortex_DorsAttn	52.75262894487979	122	hcptrt	05	003	wm	1
cortex_Limbic	20.9401367808529	60	hcptrt	05	003	wm	1
cortex_SalVentAttn	43.54921632079757	121	hcptrt	05	003	wm	1
cortex_SomMot	46.203303961007244	194	hcptrt	05	003	wm	1
cortex_Vis	42.04344398783873	162	hcptrt	05	003	wm	1
subcortex_CAU	27.19813776335484	8	hcptrt	05	003	wm	1
subcortex_PUT	25.436221209089943	8	hcptrt	05	003	wm	1
subcortex_THA	26.375568713870074	14	hcptrt	05	003	wm	1
cerebellum	33.69878464436684	88	hcptrt	05	004	emotion	1
cortex_Cont	45.60753486290477	128	hcptrt	05	004	emotion	1
cortex_Default	42.55023402297332	209	hcptrt	05	004	emotion	1
cortex_DorsAttn	49.02682890026431	122	hcptrt	05	004	emotion	1
cortex_Limbic	21.182418870290846	60	hcptrt	05	004	emotion	1
cortex_SalVentAttn	42.136737478107996	121	hcptrt	05	004	emotion	1
cortex_SomMot	43.31379142640338	194	hcptrt	05	004	emotion	1
cortex_Vis	38.75625072521579	162	hcptrt	05	004	emotion	1
subcortex_CAU	27.356459421533494	8	hcptrt	05	004	emotion	1
subcortex_PUT	26.138791711271246	8	hcptrt	05	004	emotion	1
subcortex_THA	26.35896692078711	14	hcptrt	05	004	emotion	1
cerebellum	34.98389141898278	88	hcptrt	05	004	emotion	2
cortex_Cont	45.78751940484396	128	hcptrt	05	004	emotion	2
cortex_Default	43.23732990798325	209	hcptrt	05	004	emotion	2
cortex_DorsAttn	50.223228673093914	122	hcptrt	05	004	emotion	2
cortex_Limbic	21.32677576772634	60	hcptrt	05	004	emotion	2
cortex_SalVentAttn	42.70918371069206	121	hcptrt	05	004	emotion	2
cortex_SomMot	44.81848318156675	194	hcptrt	05	004	emotion	2
cortex_Vis	39.40852518519524	162	hcptrt	05	004	emotion	2
subcortex_CAU	27.282589117088317	8	hcptrt	05	004	emotion	2
subcortex_PUT	25.87764622112487	8	hcptrt	05	004	emotion	2
subcortex_THA	26.21374740367472	14	hcptrt	05	004	emotion	2
cerebellum	28.836224012879583	88	hcptrt	05	004	gambling	1
cortex_Cont	38.294819719339735	128	hcptrt	05	004	gambling	1
cortex_Default	36.12214227500451	209	hcptrt	05	004	gambling	1
cortex_DorsAttn	38.15499422828355	122	hcptrt	05	004	gambling	1
cortex_Limbic	19.82731566921622	60	hcptrt	05	004	gambling	1
cortex_SalVentAttn	37.67356966166356	121	hcptrt	05	004	gambling	1
cortex_SomMot	37.056650967475896	194	hcptrt	05	004	gambling	1
cortex_Vis	31.01277435939527	162	hcptrt	05	004	gambling	1
subcortex_CAU	26.502311972917397	8	hcptrt	05	004	gambling	1
subcortex_PUT	25.314138977159335	8	hcptrt	05	004	gambling	1
subcortex_THA	25.62779820274795	14	hcptrt	05	004	gambling	1
cerebellum	32.622181122266845	88	hcptrt	05	004	gambling	2
cortex_Cont	42.04635337731506	128	hcptrt	05	004	gambling	2
cortex_Default	39.52126518395648	209	hcptrt	05	004	gambling	2
cortex_DorsAttn	45.462182256407395	122	hcptrt	05	004	gambling	2
cortex_Limbic	19.438168513335576	60	hcptrt	05	004	gambling	2
cortex_SalVentAttn	40.109790248808466	121	hcptrt	05	004	gambling	2
cortex_SomMot	40.67891242654538	194	hcptrt	05	004	gambling	2
cortex_Vis	37.100941726573325	162	hcptrt	05	004	gambling	2
subcortex_CAU	26.598142475492565	8	hcptrt	05	004	gambling	2
subcortex_PUT	25.505944128369148	8	hcptrt	05	004	gambling	2
subcortex_THA	26.210325032763226	14	hcptrt	05	004	gambling	2
cerebellum	35.670299268378294	88	hcptrt	05	004	language	1
cortex_Cont	45.674021794177605	128	hcptrt	05	004	language	1
cortex_Default	43.01962740275765	209	hcptrt	05	004	language	1
cortex_DorsAttn	49.52136664778684	122	hcptrt	05	004	language	1
cortex_Limbic	21.189549445475432	60	hcptrt	05	004	language	1
cortex_SalVentAttn	43.1122827366974	121	hcptrt	05	004	language	1
cortex_SomMot	45.43160382269243	194	hcptrt	05	004	language	1
cortex_Vis	39.85100254591045	162	hcptrt	05	004	language	1
subcortex_CAU	27.046731293414553	8	hcptrt	05	004	language	1
subcortex_PUT	25.620261897026243	8	hcptrt	05	004	language	1
subcortex_THA	26.544782360905224	14	hcptrt	05	004	language	1
cerebellum	32.62296676274776	88	hcptrt	05	004	language	2
cortex_Cont	43.19502524662003	128	hcptrt	05	004	language	2
cortex_Default	40.285971887918656	209	hcptrt	05	004	language	2
cortex_DorsAttn	46.76754960479782	122	hcptrt	05	004	language	2
cortex_Limbic	20.009294353121813	60	hcptrt	05	004	language	2
cortex_SalVentAttn	40.43836204030529	121	hcptrt	05	004	language	2
cortex_SomMot	41.471887868864044	194	hcptrt	05	004	language	2
cortex_Vis	37.21732993644962	162	hcptrt	05	004	language	2
subcortex_CAU	26.292404231264502	8	hcptrt	05	004	language	2
subcortex_PUT	25.37837385282578	8	hcptrt	05	004	language	2
subcortex_THA	25.79915493287954	14	hcptrt	05	004	language	2
cerebellum	30.10876303999602	88	hcptrt	05	004	motor	1
cortex_Cont	38.206717973729056	128	hcptrt	05	004	motor	1
cortex_Default	35.854823763452444	209	hcptrt	05	004	motor	1
cortex_DorsAttn	42.27187915947574	122	hcptrt	05	004	motor	1
cortex_Limbic	17.791542262715968	60	hcptrt	05	004	motor	1
cortex_SalVentAttn	36.30751084751966	121	hcptrt	05	004	motor	1
cortex_SomMot	36.45239903176924	194	hcptrt	05	004	motor	1
cortex_Vis	34.384297633105334	162	hcptrt	05	004	motor	1
subcortex_CAU	25.42984229631966	8	hcptrt	05	004	motor	1
subcortex_PUT	24.936824323246054	8	hcptrt	05	004	motor	1
subcortex_THA	25.046334511758797	14	hcptrt	05	004	motor	1
cerebellum	29.981257903487315	88	hcptrt	05	004	motor	2
cortex_Cont	36.12980997978939	128	hcptrt	05	004	motor	2
cortex_Default	35.062579925691566	209	hcptrt	05	004	motor	2
cortex_DorsAttn	40.667368239406365	122	hcptrt	05	004	motor	2
cortex_Limbic	17.692671017185543	60	hcptrt	05	004	motor	2
cortex_SalVentAttn	35.24210045521297	121	hcptrt	05	004	motor	2
cortex_SomMot	34.7081681458171	194	hcptrt	05	004	motor	2
cortex_Vis	33.88405748878351	162	hcptrt	05	004	motor	2
subcortex_CAU	24.5673923427665	8	hcptrt	05	004	motor	2
subcortex_PUT	24.08001659944316	8	hcptrt	05	004	motor	2
subcortex_THA	24.742325233199868	14	hcptrt	05	004	motor	2
cerebellum	29.452066978302618	88	hcptrt	05	004	relational	1
cortex_Cont	36.05517251552165	128	hcptrt	05	004	relational	1
cortex_Default	34.837809754856636	209	hcptrt	05	004	relational	1
cortex_DorsAttn	39.62453429560032	122	hcptrt	05	004	relational	1
cortex_Limbic	17.52363129475538	60	hcptrt	05	004	relational	1
cortex_SalVentAttn	35.104238572982254	121	hcptrt	05	004	relational	1
cortex_SomMot	34.731065169791016	194	hcptrt	05	004	relational	1
cortex_Vis	33.641451922526116	162	hcptrt	05	004	relational	1
subcortex_CAU	25.093670567296574	8	hcptrt	05	004	relational	1
subcortex_PUT	24.281106346124346	8	hcptrt	05	004	relational	1
subcortex_THA	24.406795388816562	14	hcptrt	05	004	relational	1
cerebellum	34.576366541868055	88	hcptrt	05	004	relational	2
cortex_Cont	47.51588839914866	128	hcptrt	05	004	relational	2
cortex_Default	44.035179269913215	209	hcptrt	05	004	relational	2
cortex_DorsAttn	50.75167242104223	122	hcptrt	05	004	relational	2
cortex_Limbic	21.17393170654248	60	hcptrt	05	004	relational	2
cortex_SalVentAttn	43.202734224961056	121	hcptrt	05	004	relational	2
cortex_SomMot	45.95773320615765	194	hcptrt	05	004	relational	2
cortex_Vis	39.664046095201634	162	hcptrt	05	004	relational	2
subcortex_CAU	26.881052460527222	8	hcptrt	05	004	relational	2
subcortex_PUT	25.89720930655616	8	hcptrt	05	004	relational	2
subcortex_THA	26.4283209431832	14	hcptrt	05	004	relational	2
cerebellum	32.089813670512825	88	hcptrt	05	004	social	1
cortex_Cont	42.79812596671888	128	hcptrt	05	004	social	1
cortex_Default	40.6757543789521	209	hcptrt	05	004	social	1
cortex_DorsAttn	44.094206714697464	122	hcptrt	05	004	social	1
cortex_Limbic	21.03295703920891	60	hcptrt	05	004	social	1
cortex_SalVentAttn	40.062667948729654	121	hcptrt	05	004	social	1
cortex_SomMot	40.92304257561536	194	hcptrt	05	004	social	1
cortex_Vis	35.46722549174794	162	hcptrt	05	004	social	1
subcortex_CAU	27.179533163404713	8	hcptrt	05	004	social	1
subcortex_PUT	25.7361575271276	8	hcptrt	05	004	social	1
subcortex_THA	26.061341015684583	14	hcptrt	05	004	social	1
cerebellum	33.54473462973255	88	hcptrt	05	004	social	2
cortex_Cont	44.96570204682864	128	hcptrt	05	004	social	2
cortex_Default	41.814137239007515	209	hcptrt	05	004	social	2
cortex_DorsAttn	47.915101700175065	122	hcptrt	05	004	social	2
cortex_Limbic	20.43339201973875	60	hcptrt	05	004	social	2
cortex_SalVentAttn	41.423675568246026	121	hcptrt	05	004	social	2
cortex_SomMot	42.783850153616214	194	hcptrt	05	004	social	2
cortex_Vis	35.987200365132686	162	hcptrt	05	004	social	2
subcortex_CAU	26.70317627508927	8	hcptrt	05	004	social	2
subcortex_PUT	25.553839343416143	8	hcptrt	05	004	social	2
subcortex_THA	25.848876942598093	14	hcptrt	05	004	social	2
cerebellum	33.01950362169383	88	hcptrt	05	004	wm	1
cortex_Cont	42.1024457096177	128	hcptrt	05	004	wm	1
cortex_Default	39.76744053747519	209	hcptrt	05	004	wm	1
cortex_DorsAttn	46.72060080945824	122	hcptrt	05	004	wm	1
cortex_Limbic	19.888627396962217	60	hcptrt	05	004	wm	1
cortex_SalVentAttn	39.82445934340002	121	hcptrt	05	004	wm	1
cortex_SomMot	40.39140099951544	194	hcptrt	05	004	wm	1
cortex_Vis	37.09894937536844	162	hcptrt	05	004	wm	1
subcortex_CAU	26.399822462353292	8	hcptrt	05	004	wm	1
subcortex_PUT	25.138140204382253	8	hcptrt	05	004	wm	1
subcortex_THA	25.799017575375256	14	hcptrt	05	004	wm	1
cerebellum	28.286185363954896	88	hcptrt	05	004	wm	2
cortex_Cont	36.979834628156816	128	hcptrt	05	004	wm	2
cortex_Default	34.55532401270339	209	hcptrt	05	004	wm	2
cortex_DorsAttn	40.27118327421063	122	hcptrt	05	004	wm	2
cortex_Limbic	17.96502911072765	60	hcptrt	05	004	wm	2
cortex_SalVentAttn	35.96952631089445	121	hcptrt	05	004	wm	2
cortex_SomMot	35.3063785716703	194	hcptrt	05	004	wm	2
cortex_Vis	32.115131334732176	162	hcptrt	05	004	wm	2
subcortex_CAU	25.07126847428681	8	hcptrt	05	004	wm	2
subcortex_PUT	24.259329110731596	8	hcptrt	05	004	wm	2
subcortex_THA	24.57024364552101	14	hcptrt	05	004	wm	2
cerebellum	30.096014167773117	88	hcptrt	05	005	emotion	1
cortex_Cont	42.10217167900677	128	hcptrt	05	005	emotion	1
cortex_Default	40.33743465272552	209	hcptrt	05	005	emotion	1
cortex_DorsAttn	45.09507772678669	122	hcptrt	05	005	emotion	1
cortex_Limbic	20.7284297747194	60	hcptrt	05	005	emotion	1
cortex_SalVentAttn	39.57374091625203	121	hcptrt	05	005	emotion	1
cortex_SomMot	40.724069260797165	194	hcptrt	05	005	emotion	1
cortex_Vis	34.86496360038362	162	hcptrt	05	005	emotion	1
subcortex_CAU	26.81653795990444	8	hcptrt	05	005	emotion	1
subcortex_PUT	26.103134844007318	8	hcptrt	05	005	emotion	1
subcortex_THA	25.953059188443127	14	hcptrt	05	005	emotion	1
cerebellum	32.93487363482602	88	hcptrt	05	005	emotion	2
cortex_Cont	44.56337809185401	128	hcptrt	05	005	emotion	2
cortex_Default	42.27150979841883	209	hcptrt	05	005	emotion	2
cortex_DorsAttn	49.762927343943005	122	hcptrt	05	005	emotion	2
cortex_Limbic	21.02156893148009	60	hcptrt	05	005	emotion	2
cortex_SalVentAttn	41.596119653108374	121	hcptrt	05	005	emotion	2
cortex_SomMot	44.421545418632434	194	hcptrt	05	005	emotion	2
cortex_Vis	38.37891394392389	162	hcptrt	05	005	emotion	2
subcortex_CAU	26.072896202485012	8	hcptrt	05	005	emotion	2
subcortex_PUT	25.901118469105988	8	hcptrt	05	005	emotion	2
subcortex_THA	26.36923417932946	14	hcptrt	05	005	emotion	2
cerebellum	35.17795445137832	88	hcptrt	05	005	gambling	1
cortex_Cont	48.914557699701476	128	hcptrt	05	005	gambling	1
cortex_Default	45.49106952320273	209	hcptrt	05	005	gambling	1
cortex_DorsAttn	54.10354736370942	122	hcptrt	05	005	gambling	1
cortex_Limbic	22.84204720587048	60	hcptrt	05	005	gambling	1
cortex_SalVentAttn	44.77791492415725	121	hcptrt	05	005	gambling	1
cortex_SomMot	48.504464122728024	194	hcptrt	05	005	gambling	1
cortex_Vis	42.059596617543285	162	hcptrt	05	005	gambling	1
subcortex_CAU	26.867545448236168	8	hcptrt	05	005	gambling	1
subcortex_PUT	26.230247684694383	8	hcptrt	05	005	gambling	1
subcortex_THA	26.935137836373066	14	hcptrt	05	005	gambling	1
cerebellum	35.02650407120312	88	hcptrt	05	005	gambling	2
cortex_Cont	47.90695786607561	128	hcptrt	05	005	gambling	2
cortex_Default	44.901885766796745	209	hcptrt	05	005	gambling	2
cortex_DorsAttn	53.350012785817114	122	hcptrt	05	005	gambling	2
cortex_Limbic	21.44046170395516	60	hcptrt	05	005	gambling	2
cortex_SalVentAttn	43.94282607075816	121	hcptrt	05	005	gambling	2
cortex_SomMot	47.122028294711065	194	hcptrt	05	005	gambling	2
cortex_Vis	42.22110677156424	162	hcptrt	05	005	gambling	2
subcortex_CAU	26.400896266206374	8	hcptrt	05	005	gambling	2
subcortex_PUT	25.517885814510226	8	hcptrt	05	005	gambling	2
subcortex_THA	26.82231107181071	14	hcptrt	05	005	gambling	2
cerebellum	32.70059540988233	88	hcptrt	05	005	language	1
cortex_Cont	43.998439343747854	128	hcptrt	05	005	language	1
cortex_Default	41.215499641522705	209	hcptrt	05	005	language	1
cortex_DorsAttn	46.78393077924317	122	hcptrt	05	005	language	1
cortex_Limbic	21.633403597151062	60	hcptrt	05	005	language	1
cortex_SalVentAttn	40.91134356946274	121	hcptrt	05	005	language	1
cortex_SomMot	42.491496582844476	194	hcptrt	05	005	language	1
cortex_Vis	34.707496540123955	162	hcptrt	05	005	language	1
subcortex_CAU	26.31128789071527	8	hcptrt	05	005	language	1
subcortex_PUT	25.51909070143053	8	hcptrt	05	005	language	1
subcortex_THA	26.14304125145958	14	hcptrt	05	005	language	1
cerebellum	34.68837562619022	88	hcptrt	05	005	language	2
cortex_Cont	46.1690395842091	128	hcptrt	05	005	language	2
cortex_Default	43.74465568302876	209	hcptrt	05	005	language	2
cortex_DorsAttn	50.978903804318435	122	hcptrt	05	005	language	2
cortex_Limbic	21.996869705124702	60	hcptrt	05	005	language	2
cortex_SalVentAttn	43.160619826162716	121	hcptrt	05	005	language	2
cortex_SomMot	46.18146010225185	194	hcptrt	05	005	language	2
cortex_Vis	41.35731730796716	162	hcptrt	05	005	language	2
subcortex_CAU	26.654415024516673	8	hcptrt	05	005	language	2
subcortex_PUT	25.741882781009753	8	hcptrt	05	005	language	2
subcortex_THA	27.069874203808244	14	hcptrt	05	005	language	2
cerebellum	33.10361898069762	88	hcptrt	05	005	motor	1
cortex_Cont	45.22190719218037	128	hcptrt	05	005	motor	1
cortex_Default	42.46132364439709	209	hcptrt	05	005	motor	1
cortex_DorsAttn	49.32002686859562	122	hcptrt	05	005	motor	1
cortex_Limbic	20.92470745258894	60	hcptrt	05	005	motor	1
cortex_SalVentAttn	42.22834869495609	121	hcptrt	05	005	motor	1
cortex_SomMot	43.981740287856	194	hcptrt	05	005	motor	1
cortex_Vis	37.10705196307785	162	hcptrt	05	005	motor	1
subcortex_CAU	26.332346749799655	8	hcptrt	05	005	motor	1
subcortex_PUT	25.17965477375525	8	hcptrt	05	005	motor	1
subcortex_THA	26.307935662633774	14	hcptrt	05	005	motor	1
cerebellum	33.51184483508353	88	hcptrt	05	005	motor	2
cortex_Cont	45.12969987223943	128	hcptrt	05	005	motor	2
cortex_Default	42.3727333816759	209	hcptrt	05	005	motor	2
cortex_DorsAttn	50.436444386258025	122	hcptrt	05	005	motor	2
cortex_Limbic	20.972916598742707	60	hcptrt	05	005	motor	2
cortex_SalVentAttn	42.789061404075035	121	hcptrt	05	005	motor	2
cortex_SomMot	45.01653471314859	194	hcptrt	05	005	motor	2
cortex_Vis	39.32342385289628	162	hcptrt	05	005	motor	2
subcortex_CAU	25.977859431086863	8	hcptrt	05	005	motor	2
subcortex_PUT	25.607196940755877	8	hcptrt	05	005	motor	2
subcortex_THA	26.569333583156258	14	hcptrt	05	005	motor	2
cerebellum	30.257623660241645	88	hcptrt	05	005	relational	1
cortex_Cont	42.96989723935845	128	hcptrt	05	005	relational	1
cortex_Default	41.03894651776389	209	hcptrt	05	005	relational	1
cortex_DorsAttn	46.912449420770486	122	hcptrt	05	005	relational	1
cortex_Limbic	21.028139241429965	60	hcptrt	05	005	relational	1
cortex_SalVentAttn	40.7715025902549	121	hcptrt	05	005	relational	1
cortex_SomMot	42.29562038427929	194	hcptrt	05	005	relational	1
cortex_Vis	34.81083139029294	162	hcptrt	05	005	relational	1
subcortex_CAU	26.531804404491744	8	hcptrt	05	005	relational	1
subcortex_PUT	25.89101790463737	8	hcptrt	05	005	relational	1
subcortex_THA	25.99166353225911	14	hcptrt	05	005	relational	1
cerebellum	34.39017123177559	88	hcptrt	05	005	relational	2
cortex_Cont	48.62905861653908	128	hcptrt	05	005	relational	2
cortex_Default	45.30582748077894	209	hcptrt	05	005	relational	2
cortex_DorsAttn	53.53295178732653	122	hcptrt	05	005	relational	2
cortex_Limbic	23.26263230410283	60	hcptrt	05	005	relational	2
cortex_SalVentAttn	44.395496548877524	121	hcptrt	05	005	relational	2
cortex_SomMot	48.16231843399962	194	hcptrt	05	005	relational	2
cortex_Vis	40.66260915988006	162	hcptrt	05	005	relational	2
subcortex_CAU	26.353353470604187	8	hcptrt	05	005	relational	2
subcortex_PUT	25.976356030715813	8	hcptrt	05	005	relational	2
subcortex_THA	26.662131504533484	14	hcptrt	05	005	relational	2
cerebellum	33.45757871963613	88	hcptrt	05	005	social	1
cortex_Cont	46.070871176694865	128	hcptrt	05	005	social	1
cortex_Default	43.37721918607592	209	hcptrt	05	005	social	1
cortex_DorsAttn	50.91496809203468	122	hcptrt	05	005	social	1
cortex_Limbic	21.917291055624634	60	hcptrt	05	005	social	1
cortex_SalVentAttn	43.348009123291426	121	hcptrt	05	005	social	1
cortex_SomMot	46.08728172461375	194	hcptrt	05	005	social	1
cortex_Vis	38.718484049386355	162	hcptrt	05	005	social	1
subcortex_CAU	26.514627058919697	8	hcptrt	05	005	social	1
subcortex_PUT	25.678776503727136	8	hcptrt	05	005	social	1
subcortex_THA	26.587409797247613	14	hcptrt	05	005	social	1
cerebellum	33.06645906031829	88	hcptrt	05	005	social	2
cortex_Cont	45.21471210223282	128	hcptrt	05	005	social	2
cortex_Default	43.054096137800634	209	hcptrt	05	005	social	2
cortex_DorsAttn	49.82243452187343	122	hcptrt	05	005	social	2
cortex_Limbic	21.409735772952498	60	hcptrt	05	005	social	2
cortex_SalVentAttn	42.46921736304076	121	hcptrt	05	005	social	2
cortex_SomMot	45.09443911033878	194	hcptrt	05	005	social	2
cortex_Vis	37.59200341206302	162	hcptrt	05	005	social	2
subcortex_CAU	27.049178427094006	8	hcptrt	05	005	social	2
subcortex_PUT	26.32503220826337	8	hcptrt	05	005	social	2
subcortex_THA	26.716973520129113	14	hcptrt	05	005	social	2
cerebellum	30.015084254116463	88	hcptrt	05	005	wm	1
cortex_Cont	43.00172691534344	128	hcptrt	05	005	wm	1
cortex_Default	40.83947959634635	209	hcptrt	05	005	wm	1
cortex_DorsAttn	45.85643753873223	122	hcptrt	05	005	wm	1
cortex_Limbic	21.011978621832657	60	hcptrt	05	005	wm	1
cortex_SalVentAttn	40.65079183872157	121	hcptrt	05	005	wm	1
cortex_SomMot	42.19847339195941	194	hcptrt	05	005	wm	1
cortex_Vis	33.9592394554517	162	hcptrt	05	005	wm	1
subcortex_CAU	26.11989375883069	8	hcptrt	05	005	wm	1
subcortex_PUT	25.679898683516743	8	hcptrt	05	005	wm	1
subcortex_THA	25.814049836521036	14	hcptrt	05	005	wm	1
cerebellum	33.424869326688516	88	hcptrt	05	005	wm	2
cortex_Cont	43.23894166086526	128	hcptrt	05	005	wm	2
cortex_Default	40.522785315378535	209	hcptrt	05	005	wm	2
cortex_DorsAttn	48.48482812546484	122	hcptrt	05	005	wm	2
cortex_Limbic	20.394773621770625	60	hcptrt	05	005	wm	2
cortex_SalVentAttn	41.01453194111067	121	hcptrt	05	005	wm	2
cortex_SomMot	42.90507507564402	194	hcptrt	05	005	wm	2
cortex_Vis	39.35961635579746	162	hcptrt	05	005	wm	2
subcortex_CAU	25.94342048003235	8	hcptrt	05	005	wm	2
subcortex_PUT	25.119094672024005	8	hcptrt	05	005	wm	2
subcortex_THA	26.325312993635	14	hcptrt	05	005	wm	2
cerebellum	31.794465131211904	88	hcptrt	05	006	emotion	1
cortex_Cont	45.976486711254736	128	hcptrt	05	006	emotion	1
cortex_Default	43.02345969477256	209	hcptrt	05	006	emotion	1
cortex_DorsAttn	49.07112052968872	122	hcptrt	05	006	emotion	1
cortex_Limbic	21.423730474441083	60	hcptrt	05	006	emotion	1
cortex_SalVentAttn	42.583785197209146	121	hcptrt	05	006	emotion	1
cortex_SomMot	44.65899297072268	194	hcptrt	05	006	emotion	1
cortex_Vis	36.952502499980895	162	hcptrt	05	006	emotion	1
subcortex_CAU	27.51707045232193	8	hcptrt	05	006	emotion	1
subcortex_PUT	25.47650276042103	8	hcptrt	05	006	emotion	1
subcortex_THA	26.250463249853702	14	hcptrt	05	006	emotion	1
cerebellum	33.99432132081225	88	hcptrt	05	006	gambling	1
cortex_Cont	50.60257785640718	128	hcptrt	05	006	gambling	1
cortex_Default	46.78042789521422	209	hcptrt	05	006	gambling	1
cortex_DorsAttn	54.74452106828333	122	hcptrt	05	006	gambling	1
cortex_Limbic	23.069185626022023	60	hcptrt	05	006	gambling	1
cortex_SalVentAttn	45.26728130458788	121	hcptrt	05	006	gambling	1
cortex_SomMot	48.92195128030779	194	hcptrt	05	006	gambling	1
cortex_Vis	43.27841267096831	162	hcptrt	05	006	gambling	1
subcortex_CAU	27.833545957573087	8	hcptrt	05	006	gambling	1
subcortex_PUT	26.375802474957034	8	hcptrt	05	006	gambling	1
subcortex_THA	27.14322494668998	14	hcptrt	05	006	gambling	1
cerebellum	28.786462285126856	88	hcptrt	05	006	language	1
cortex_Cont	41.28960678777386	128	hcptrt	05	006	language	1
cortex_Default	38.59794742720596	209	hcptrt	05	006	language	1
cortex_DorsAttn	45.20871895154691	122	hcptrt	05	006	language	1
cortex_Limbic	19.74528585680232	60	hcptrt	05	006	language	1
cortex_SalVentAttn	39.334893259841124	121	hcptrt	05	006	language	1
cortex_SomMot	40.627725363339245	194	hcptrt	05	006	language	1
cortex_Vis	35.14266130022095	162	hcptrt	05	006	language	1
subcortex_CAU	26.76004531630327	8	hcptrt	05	006	language	1
subcortex_PUT	25.453782543106065	8	hcptrt	05	006	language	1
subcortex_THA	25.79290812919128	14	hcptrt	05	006	language	1
cerebellum	32.09527243713861	88	hcptrt	05	006	motor	1
cortex_Cont	43.391831286204	128	hcptrt	05	006	motor	1
cortex_Default	40.20456041265278	209	hcptrt	05	006	motor	1
cortex_DorsAttn	48.660520728989596	122	hcptrt	05	006	motor	1
cortex_Limbic	20.679285612021843	60	hcptrt	05	006	motor	1
cortex_SalVentAttn	40.659986809586314	121	hcptrt	05	006	motor	1
cortex_SomMot	42.4559286109182	194	hcptrt	05	006	motor	1
cortex_Vis	37.82308336894272	162	hcptrt	05	006	motor	1
subcortex_CAU	27.580133418060555	8	hcptrt	05	006	motor	1
subcortex_PUT	25.756670023047036	8	hcptrt	05	006	motor	1
subcortex_THA	26.437819471564286	14	hcptrt	05	006	motor	1
cerebellum	33.516764945836876	88	hcptrt	05	006	relational	1
cortex_Cont	48.14947773948392	128	hcptrt	05	006	relational	1
cortex_Default	45.01178864072739	209	hcptrt	05	006	relational	1
cortex_DorsAttn	52.473317031350255	122	hcptrt	05	006	relational	1
cortex_Limbic	22.614473690578464	60	hcptrt	05	006	relational	1
cortex_SalVentAttn	44.136906981794134	121	hcptrt	05	006	relational	1
cortex_SomMot	47.06213306256809	194	hcptrt	05	006	relational	1
cortex_Vis	40.4092071016536	162	hcptrt	05	006	relational	1
subcortex_CAU	27.48738159008454	8	hcptrt	05	006	relational	1
subcortex_PUT	25.888160697051507	8	hcptrt	05	006	relational	1
subcortex_THA	26.88349223483351	14	hcptrt	05	006	relational	1
cerebellum	23.6242471288989	88	hcptrt	05	006	restingstate	1
cortex_Cont	31.35366543057948	128	hcptrt	05	006	restingstate	1
cortex_Default	30.478661087782456	209	hcptrt	05	006	restingstate	1
cortex_DorsAttn	33.876121983799095	122	hcptrt	05	006	restingstate	1
cortex_Limbic	16.682797113918458	60	hcptrt	05	006	restingstate	1
cortex_SalVentAttn	31.250439829968272	121	hcptrt	05	006	restingstate	1
cortex_SomMot	30.395584082700886	194	hcptrt	05	006	restingstate	1
cortex_Vis	27.74323724986124	162	hcptrt	05	006	restingstate	1
subcortex_CAU	23.287569852636132	8	hcptrt	05	006	restingstate	1
subcortex_PUT	22.776777041845214	8	hcptrt	05	006	restingstate	1
subcortex_THA	23.50119708677616	14	hcptrt	05	006	restingstate	1
cerebellum	31.97086412893186	88	hcptrt	05	006	social	1
cortex_Cont	45.35773343704234	128	hcptrt	05	006	social	1
cortex_Default	42.86451986160489	209	hcptrt	05	006	social	1
cortex_DorsAttn	47.588566902408544	122	hcptrt	05	006	social	1
cortex_Limbic	21.69885986547086	60	hcptrt	05	006	social	1
cortex_SalVentAttn	42.063226948893586	121	hcptrt	05	006	social	1
cortex_SomMot	44.35566667808399	194	hcptrt	05	006	social	1
cortex_Vis	36.74550847144536	162	hcptrt	05	006	social	1
subcortex_CAU	27.346200244858924	8	hcptrt	05	006	social	1
subcortex_PUT	25.376742960368382	8	hcptrt	05	006	social	1
subcortex_THA	26.31081245509418	14	hcptrt	05	006	social	1
cerebellum	30.873525601688563	88	hcptrt	05	006	wm	1
cortex_Cont	43.74081787196301	128	hcptrt	05	006	wm	1
cortex_Default	40.94018735603059	209	hcptrt	05	006	wm	1
cortex_DorsAttn	46.128111555881645	122	hcptrt	05	006	wm	1
cortex_Limbic	21.491445251782604	60	hcptrt	05	006	wm	1
cortex_SalVentAttn	41.189894146869065	121	hcptrt	05	006	wm	1
cortex_SomMot	42.262065494716836	194	hcptrt	05	006	wm	1
cortex_Vis	36.341521496444955	162	hcptrt	05	006	wm	1
subcortex_CAU	27.301946471896287	8	hcptrt	05	006	wm	1
subcortex_PUT	25.421661352602072	8	hcptrt	05	006	wm	1
subcortex_THA	26.386259125958787	14	hcptrt	05	006	wm	1
cerebellum	33.75579503146779	88	hcptrt	05	008	emotion	1
cortex_Cont	43.568017694028576	128	hcptrt	05	008	emotion	1
cortex_Default	40.42350382858081	209	hcptrt	05	008	emotion	1
cortex_DorsAttn	48.27082331783273	122	hcptrt	05	008	emotion	1
cortex_Limbic	19.74714432477323	60	hcptrt	05	008	emotion	1
cortex_SalVentAttn	40.71285745007896	121	hcptrt	05	008	emotion	1
cortex_SomMot	42.328962742412074	194	hcptrt	05	008	emotion	1
cortex_Vis	38.828822634530944	162	hcptrt	05	008	emotion	1
subcortex_CAU	27.570607463533623	8	hcptrt	05	008	emotion	1
subcortex_PUT	26.39835142085525	8	hcptrt	05	008	emotion	1
subcortex_THA	26.293261776470445	14	hcptrt	05	008	emotion	1
cerebellum	33.16864602945463	88	hcptrt	05	008	emotion	2
cortex_Cont	42.446792171956155	128	hcptrt	05	008	emotion	2
cortex_Default	39.98146402045334	209	hcptrt	05	008	emotion	2
cortex_DorsAttn	46.798973241605516	122	hcptrt	05	008	emotion	2
cortex_Limbic	19.253062897380538	60	hcptrt	05	008	emotion	2
cortex_SalVentAttn	39.82486644635731	121	hcptrt	05	008	emotion	2
cortex_SomMot	41.15221586610142	194	hcptrt	05	008	emotion	2
cortex_Vis	38.60386614150569	162	hcptrt	05	008	emotion	2
subcortex_CAU	26.875998082739656	8	hcptrt	05	008	emotion	2
subcortex_PUT	25.786448652786035	8	hcptrt	05	008	emotion	2
subcortex_THA	26.247921859993394	14	hcptrt	05	008	emotion	2
cerebellum	34.578368834456114	88	hcptrt	05	008	gambling	1
cortex_Cont	46.952967278694146	128	hcptrt	05	008	gambling	1
cortex_Default	43.248536776140135	209	hcptrt	05	008	gambling	1
cortex_DorsAttn	51.1641540335654	122	hcptrt	05	008	gambling	1
cortex_Limbic	20.539566939087692	60	hcptrt	05	008	gambling	1
cortex_SalVentAttn	42.818986162670406	121	hcptrt	05	008	gambling	1
cortex_SomMot	44.77398654805345	194	hcptrt	05	008	gambling	1
cortex_Vis	40.5824821487271	162	hcptrt	05	008	gambling	1
subcortex_CAU	27.777209873536687	8	hcptrt	05	008	gambling	1
subcortex_PUT	26.16925288182301	8	hcptrt	05	008	gambling	1
subcortex_THA	26.362644549707323	14	hcptrt	05	008	gambling	1
cerebellum	35.620931967056265	88	hcptrt	05	008	gambling	2
cortex_Cont	47.75875229377641	128	hcptrt	05	008	gambling	2
cortex_Default	44.44674065517665	209	hcptrt	05	008	gambling	2
cortex_DorsAttn	52.61372810403372	122	hcptrt	05	008	gambling	2
cortex_Limbic	20.735213789031683	60	hcptrt	05	008	gambling	2
cortex_SalVentAttn	43.68680503932621	121	hcptrt	05	008	gambling	2
cortex_SomMot	47.07510657610328	194	hcptrt	05	008	gambling	2
cortex_Vis	42.77241848794553	162	hcptrt	05	008	gambling	2
subcortex_CAU	27.441921662601953	8	hcptrt	05	008	gambling	2
subcortex_PUT	26.031581371986896	8	hcptrt	05	008	gambling	2
subcortex_THA	26.68938167527393	14	hcptrt	05	008	gambling	2
cerebellum	34.809638977510815	88	hcptrt	05	008	language	1
cortex_Cont	45.249471895618946	128	hcptrt	05	008	language	1
cortex_Default	41.72129791309983	209	hcptrt	05	008	language	1
cortex_DorsAttn	49.5050174592004	122	hcptrt	05	008	language	1
cortex_Limbic	19.65741567737373	60	hcptrt	05	008	language	1
cortex_SalVentAttn	41.96211124724364	121	hcptrt	05	008	language	1
cortex_SomMot	43.24077709149471	194	hcptrt	05	008	language	1
cortex_Vis	39.28400996585689	162	hcptrt	05	008	language	1
subcortex_CAU	27.702877867306423	8	hcptrt	05	008	language	1
subcortex_PUT	26.006698971477597	8	hcptrt	05	008	language	1
subcortex_THA	26.52253843838312	14	hcptrt	05	008	language	1
cerebellum	32.701951430418056	88	hcptrt	05	008	language	2
cortex_Cont	43.89565498838463	128	hcptrt	05	008	language	2
cortex_Default	41.06543628265903	209	hcptrt	05	008	language	2
cortex_DorsAttn	46.67254068659246	122	hcptrt	05	008	language	2
cortex_Limbic	19.67820443332489	60	hcptrt	05	008	language	2
cortex_SalVentAttn	41.25509193317793	121	hcptrt	05	008	language	2
cortex_SomMot	42.78717952845014	194	hcptrt	05	008	language	2
cortex_Vis	35.32003637738593	162	hcptrt	05	008	language	2
subcortex_CAU	26.98793230753196	8	hcptrt	05	008	language	2
subcortex_PUT	26.005163353372932	8	hcptrt	05	008	language	2
subcortex_THA	26.004774309519586	14	hcptrt	05	008	language	2
cerebellum	33.263992301312506	88	hcptrt	05	008	motor	1
cortex_Cont	44.87065690928461	128	hcptrt	05	008	motor	1
cortex_Default	42.04506498948951	209	hcptrt	05	008	motor	1
cortex_DorsAttn	47.549716054241415	122	hcptrt	05	008	motor	1
cortex_Limbic	20.784256363552107	60	hcptrt	05	008	motor	1
cortex_SalVentAttn	42.29236992991005	121	hcptrt	05	008	motor	1
cortex_SomMot	43.239716816486414	194	hcptrt	05	008	motor	1
cortex_Vis	37.60746922408649	162	hcptrt	05	008	motor	1
subcortex_CAU	28.701903742690106	8	hcptrt	05	008	motor	1
subcortex_PUT	26.924434349035433	8	hcptrt	05	008	motor	1
subcortex_THA	27.310877825756172	14	hcptrt	05	008	motor	1
cerebellum	30.938393192777582	88	hcptrt	05	008	motor	2
cortex_Cont	40.28565850814846	128	hcptrt	05	008	motor	2
cortex_Default	37.93640375869601	209	hcptrt	05	008	motor	2
cortex_DorsAttn	43.31996280537542	122	hcptrt	05	008	motor	2
cortex_Limbic	18.3623093666741	60	hcptrt	05	008	motor	2
cortex_SalVentAttn	38.65255219875815	121	hcptrt	05	008	motor	2
cortex_SomMot	38.374059247759945	194	hcptrt	05	008	motor	2
cortex_Vis	35.84673749853354	162	hcptrt	05	008	motor	2
subcortex_CAU	25.948605589566323	8	hcptrt	05	008	motor	2
subcortex_PUT	24.836728785268598	8	hcptrt	05	008	motor	2
subcortex_THA	25.44183935954249	14	hcptrt	05	008	motor	2
cerebellum	35.54734292003721	88	hcptrt	05	008	relational	1
cortex_Cont	46.796300805718616	128	hcptrt	05	008	relational	1
cortex_Default	43.85188193842436	209	hcptrt	05	008	relational	1
cortex_DorsAttn	52.35069893738497	122	hcptrt	05	008	relational	1
cortex_Limbic	20.706929775905515	60	hcptrt	05	008	relational	1
cortex_SalVentAttn	43.083974581184414	121	hcptrt	05	008	relational	1
cortex_SomMot	46.511947706250304	194	hcptrt	05	008	relational	1
cortex_Vis	40.89660404371183	162	hcptrt	05	008	relational	1
subcortex_CAU	28.477013693182418	8	hcptrt	05	008	relational	1
subcortex_PUT	26.72056421624953	8	hcptrt	05	008	relational	1
subcortex_THA	27.0328670008745	14	hcptrt	05	008	relational	1
cerebellum	33.05428979165187	88	hcptrt	05	008	relational	2
cortex_Cont	44.298335351205615	128	hcptrt	05	008	relational	2
cortex_Default	40.525814856968175	209	hcptrt	05	008	relational	2
cortex_DorsAttn	48.37494397369068	122	hcptrt	05	008	relational	2
cortex_Limbic	19.25685338669913	60	hcptrt	05	008	relational	2
cortex_SalVentAttn	40.91064996930751	121	hcptrt	05	008	relational	2
cortex_SomMot	41.745264923014986	194	hcptrt	05	008	relational	2
cortex_Vis	38.150334353841906	162	hcptrt	05	008	relational	2
subcortex_CAU	25.97264415196949	8	hcptrt	05	008	relational	2
subcortex_PUT	25.109688610191206	8	hcptrt	05	008	relational	2
subcortex_THA	25.78005733885542	14	hcptrt	05	008	relational	2
cerebellum	33.50084871610478	88	hcptrt	05	008	social	1
cortex_Cont	42.896169519631904	128	hcptrt	05	008	social	1
cortex_Default	40.57175537600024	209	hcptrt	05	008	social	1
cortex_DorsAttn	46.808530458035456	122	hcptrt	05	008	social	1
cortex_Limbic	19.46424615839636	60	hcptrt	05	008	social	1
cortex_SalVentAttn	40.51156474781478	121	hcptrt	05	008	social	1
cortex_SomMot	41.935165453709125	194	hcptrt	05	008	social	1
cortex_Vis	37.98165900511419	162	hcptrt	05	008	social	1
subcortex_CAU	27.172143886305694	8	hcptrt	05	008	social	1
subcortex_PUT	25.749828146783003	8	hcptrt	05	008	social	1
subcortex_THA	26.28596652767999	14	hcptrt	05	008	social	1
cerebellum	32.54025856789173	88	hcptrt	05	008	social	2
cortex_Cont	43.15362094127043	128	hcptrt	05	008	social	2
cortex_Default	40.64882371320884	209	hcptrt	05	008	social	2
cortex_DorsAttn	45.778538540108656	122	hcptrt	05	008	social	2
cortex_Limbic	19.596724745293375	60	hcptrt	05	008	social	2
cortex_SalVentAttn	40.57329480275805	121	hcptrt	05	008	social	2
cortex_SomMot	41.690623142660456	194	hcptrt	05	008	social	2
cortex_Vis	36.623792955999214	162	hcptrt	05	008	social	2
subcortex_CAU	27.38147274697906	8	hcptrt	05	008	social	2
subcortex_PUT	25.897391661212954	8	hcptrt	05	008	social	2
subcortex_THA	26.22202443419821	14	hcptrt	05	008	social	2
cerebellum	30.747239793565427	88	hcptrt	05	008	wm	1
cortex_Cont	39.51820593549745	128	hcptrt	05	008	wm	1
cortex_Default	37.04954896241562	209	hcptrt	05	008	wm	1
cortex_DorsAttn	44.14995356278177	122	hcptrt	05	008	wm	1
cortex_Limbic	18.31094374483102	60	hcptrt	05	008	wm	1
cortex_SalVentAttn	37.93668284134275	121	hcptrt	05	008	wm	1
cortex_SomMot	38.09201089947976	194	hcptrt	05	008	wm	1
cortex_Vis	36.093598837301805	162	hcptrt	05	008	wm	1
subcortex_CAU	26.73841132343733	8	hcptrt	05	008	wm	1
subcortex_PUT	26.12298248005336	8	hcptrt	05	008	wm	1
subcortex_THA	25.579522027663547	14	hcptrt	05	008	wm	1
cerebellum	33.22278365502014	88	hcptrt	05	008	wm	2
cortex_Cont	44.67718057816527	128	hcptrt	05	008	wm	2
cortex_Default	41.1843233668652	209	hcptrt	05	008	wm	2
cortex_DorsAttn	48.30163864147701	122	hcptrt	05	008	wm	2
cortex_Limbic	19.320139838441168	60	hcptrt	05	008	wm	2
cortex_SalVentAttn	41.37512560429895	121	hcptrt	05	008	wm	2
cortex_SomMot	43.14280332774603	194	hcptrt	05	008	wm	2
cortex_Vis	37.161121500044715	162	hcptrt	05	008	wm	2
subcortex_CAU	26.610470044108112	8	hcptrt	05	008	wm	2
subcortex_PUT	25.39104917879519	8	hcptrt	05	008	wm	2
subcortex_THA	25.879394064802018	14	hcptrt	05	008	wm	2
cerebellum	33.90585115156395	88	hcptrt	05	009	emotion	1
cortex_Cont	44.67289382683481	128	hcptrt	05	009	emotion	1
cortex_Default	40.90492460607279	209	hcptrt	05	009	emotion	1
cortex_DorsAttn	49.23304850357513	122	hcptrt	05	009	emotion	1
cortex_Limbic	20.121173146352046	60	hcptrt	05	009	emotion	1
cortex_SalVentAttn	41.84671912900011	121	hcptrt	05	009	emotion	1
cortex_SomMot	44.08361900112841	194	hcptrt	05	009	emotion	1
cortex_Vis	38.275728164781206	162	hcptrt	05	009	emotion	1
subcortex_CAU	26.144938234085267	8	hcptrt	05	009	emotion	1
subcortex_PUT	24.740018217909807	8	hcptrt	05	009	emotion	1
subcortex_THA	25.83169974294078	14	hcptrt	05	009	emotion	1
cerebellum	36.15570818721028	88	hcptrt	05	009	gambling	1
cortex_Cont	52.24896244810486	128	hcptrt	05	009	gambling	1
cortex_Default	46.760026227458205	209	hcptrt	05	009	gambling	1
cortex_DorsAttn	56.465784216186584	122	hcptrt	05	009	gambling	1
cortex_Limbic	22.02882099603847	60	hcptrt	05	009	gambling	1
cortex_SalVentAttn	46.68283991726664	121	hcptrt	05	009	gambling	1
cortex_SomMot	50.629329837583974	194	hcptrt	05	009	gambling	1
cortex_Vis	43.97421193487321	162	hcptrt	05	009	gambling	1
subcortex_CAU	27.500753895643236	8	hcptrt	05	009	gambling	1
subcortex_PUT	25.818448531431407	8	hcptrt	05	009	gambling	1
subcortex_THA	26.389741132306703	14	hcptrt	05	009	gambling	1
cerebellum	35.30042662785396	88	hcptrt	05	009	language	1
cortex_Cont	49.340681510891166	128	hcptrt	05	009	language	1
cortex_Default	45.00003700723996	209	hcptrt	05	009	language	1
cortex_DorsAttn	53.708955315995674	122	hcptrt	05	009	language	1
cortex_Limbic	22.334826067450475	60	hcptrt	05	009	language	1
cortex_SalVentAttn	45.31284083887759	121	hcptrt	05	009	language	1
cortex_SomMot	49.09848785267469	194	hcptrt	05	009	language	1
cortex_Vis	42.31645084864088	162	hcptrt	05	009	language	1
subcortex_CAU	27.14184225278325	8	hcptrt	05	009	language	1
subcortex_PUT	24.561054826211308	8	hcptrt	05	009	language	1
subcortex_THA	26.254464722902174	14	hcptrt	05	009	language	1
cerebellum	32.76613442288481	88	hcptrt	05	009	motor	1
cortex_Cont	42.3029527893681	128	hcptrt	05	009	motor	1
cortex_Default	39.04587051883034	209	hcptrt	05	009	motor	1
cortex_DorsAttn	46.21567971878741	122	hcptrt	05	009	motor	1
cortex_Limbic	18.602038114660044	60	hcptrt	05	009	motor	1
cortex_SalVentAttn	40.64453030925801	121	hcptrt	05	009	motor	1
cortex_SomMot	42.32767071521597	194	hcptrt	05	009	motor	1
cortex_Vis	37.37591550785142	162	hcptrt	05	009	motor	1
subcortex_CAU	26.069522624342227	8	hcptrt	05	009	motor	1
subcortex_PUT	24.368395288286514	8	hcptrt	05	009	motor	1
subcortex_THA	25.9522182403152	14	hcptrt	05	009	motor	1
cerebellum	32.0840470570045	88	hcptrt	05	009	relational	1
cortex_Cont	42.60732343090993	128	hcptrt	05	009	relational	1
cortex_Default	39.696449400533844	209	hcptrt	05	009	relational	1
cortex_DorsAttn	47.942210491121294	122	hcptrt	05	009	relational	1
cortex_Limbic	18.60218394225526	60	hcptrt	05	009	relational	1
cortex_SalVentAttn	40.38674787989333	121	hcptrt	05	009	relational	1
cortex_SomMot	42.302502166540684	194	hcptrt	05	009	relational	1
cortex_Vis	37.03953469666938	162	hcptrt	05	009	relational	1
subcortex_CAU	25.899267548048314	8	hcptrt	05	009	relational	1
subcortex_PUT	24.351328126764862	8	hcptrt	05	009	relational	1
subcortex_THA	25.25347820469404	14	hcptrt	05	009	relational	1
cerebellum	26.71100250302346	88	hcptrt	05	009	restingstate	1
cortex_Cont	32.50645645733297	128	hcptrt	05	009	restingstate	1
cortex_Default	31.05582548169519	209	hcptrt	05	009	restingstate	1
cortex_DorsAttn	35.607659497078316	122	hcptrt	05	009	restingstate	1
cortex_Limbic	16.12465156461167	60	hcptrt	05	009	restingstate	1
cortex_SalVentAttn	32.05434816108458	121	hcptrt	05	009	restingstate	1
cortex_SomMot	30.845253887678478	194	hcptrt	05	009	restingstate	1
cortex_Vis	30.986060075790135	162	hcptrt	05	009	restingstate	1
subcortex_CAU	23.649914009369507	8	hcptrt	05	009	restingstate	1
subcortex_PUT	22.83280174635851	8	hcptrt	05	009	restingstate	1
subcortex_THA	23.567667473829637	14	hcptrt	05	009	restingstate	1
cerebellum	31.471065782671566	88	hcptrt	05	009	social	1
cortex_Cont	39.81151753417683	128	hcptrt	05	009	social	1
cortex_Default	37.78322013309671	209	hcptrt	05	009	social	1
cortex_DorsAttn	42.89522525685247	122	hcptrt	05	009	social	1
cortex_Limbic	18.782098532689364	60	hcptrt	05	009	social	1
cortex_SalVentAttn	38.262767735657036	121	hcptrt	05	009	social	1
cortex_SomMot	38.885880495519	194	hcptrt	05	009	social	1
cortex_Vis	34.98013990845644	162	hcptrt	05	009	social	1
subcortex_CAU	26.500582536452683	8	hcptrt	05	009	social	1
subcortex_PUT	24.805436997785826	8	hcptrt	05	009	social	1
subcortex_THA	25.229949936250048	14	hcptrt	05	009	social	1
cerebellum	28.071127697348455	88	hcptrt	05	009	wm	1
cortex_Cont	38.505280964217036	128	hcptrt	05	009	wm	1
cortex_Default	36.48074373781332	209	hcptrt	05	009	wm	1
cortex_DorsAttn	40.81281659735197	122	hcptrt	05	009	wm	1
cortex_Limbic	18.27431535387236	60	hcptrt	05	009	wm	1
cortex_SalVentAttn	37.314934371712205	121	hcptrt	05	009	wm	1
cortex_SomMot	37.48992242945441	194	hcptrt	05	009	wm	1
cortex_Vis	31.285331593234833	162	hcptrt	05	009	wm	1
subcortex_CAU	25.415301451576088	8	hcptrt	05	009	wm	1
subcortex_PUT	24.319227171699914	8	hcptrt	05	009	wm	1
subcortex_THA	24.790400533351157	14	hcptrt	05	009	wm	1
cerebellum	26.36494933684289	88	hcptrt	05	010	emotion	1
cortex_Cont	35.26118315688605	128	hcptrt	05	010	emotion	1
cortex_Default	33.07198576663197	209	hcptrt	05	010	emotion	1
cortex_DorsAttn	38.590886160718625	122	hcptrt	05	010	emotion	1
cortex_Limbic	16.26589268009141	60	hcptrt	05	010	emotion	1
cortex_SalVentAttn	34.66950156553272	121	hcptrt	05	010	emotion	1
cortex_SomMot	34.0716131967623	194	hcptrt	05	010	emotion	1
cortex_Vis	29.714119005521926	162	hcptrt	05	010	emotion	1
subcortex_CAU	24.812757315934665	8	hcptrt	05	010	emotion	1
subcortex_PUT	23.55009328105543	8	hcptrt	05	010	emotion	1
subcortex_THA	24.01149474933674	14	hcptrt	05	010	emotion	1
cerebellum	31.966549754543884	88	hcptrt	05	010	emotion	2
cortex_Cont	44.8205642554831	128	hcptrt	05	010	emotion	2
cortex_Default	41.33841275046863	209	hcptrt	05	010	emotion	2
cortex_DorsAttn	48.36007082791061	122	hcptrt	05	010	emotion	2
cortex_Limbic	20.424656279391094	60	hcptrt	05	010	emotion	2
cortex_SalVentAttn	41.84799309907763	121	hcptrt	05	010	emotion	2
cortex_SomMot	43.725563196134104	194	hcptrt	05	010	emotion	2
cortex_Vis	36.789615567959	162	hcptrt	05	010	emotion	2
subcortex_CAU	26.546205507580687	8	hcptrt	05	010	emotion	2
subcortex_PUT	24.886699625463905	8	hcptrt	05	010	emotion	2
subcortex_THA	25.765697666944025	14	hcptrt	05	010	emotion	2
cerebellum	34.28533259189238	88	hcptrt	05	010	gambling	1
cortex_Cont	48.43075628333303	128	hcptrt	05	010	gambling	1
cortex_Default	44.77457173992518	209	hcptrt	05	010	gambling	1
cortex_DorsAttn	52.55024806879676	122	hcptrt	05	010	gambling	1
cortex_Limbic	20.948820114666255	60	hcptrt	05	010	gambling	1
cortex_SalVentAttn	44.97631324371377	121	hcptrt	05	010	gambling	1
cortex_SomMot	47.522709570242355	194	hcptrt	05	010	gambling	1
cortex_Vis	41.02793374659221	162	hcptrt	05	010	gambling	1
subcortex_CAU	28.861446247669768	8	hcptrt	05	010	gambling	1
subcortex_PUT	26.554850149720107	8	hcptrt	05	010	gambling	1
subcortex_THA	27.50689513711656	14	hcptrt	05	010	gambling	1
cerebellum	29.31799972634508	88	hcptrt	05	010	gambling	2
cortex_Cont	39.697111162965086	128	hcptrt	05	010	gambling	2
cortex_Default	36.80896525712321	209	hcptrt	05	010	gambling	2
cortex_DorsAttn	41.97180057430575	122	hcptrt	05	010	gambling	2
cortex_Limbic	18.722882827483435	60	hcptrt	05	010	gambling	2
cortex_SalVentAttn	37.65584833185897	121	hcptrt	05	010	gambling	2
cortex_SomMot	37.49698074770669	194	hcptrt	05	010	gambling	2
cortex_Vis	32.386997665765755	162	hcptrt	05	010	gambling	2
subcortex_CAU	25.8560127111972	8	hcptrt	05	010	gambling	2
subcortex_PUT	24.194285309518808	8	hcptrt	05	010	gambling	2
subcortex_THA	25.155532285032276	14	hcptrt	05	010	gambling	2
cerebellum	33.4279241434495	88	hcptrt	05	010	language	1
cortex_Cont	46.456570355227335	128	hcptrt	05	010	language	1
cortex_Default	42.397284490538055	209	hcptrt	05	010	language	1
cortex_DorsAttn	50.1635458788485	122	hcptrt	05	010	language	1
cortex_Limbic	20.387435739973554	60	hcptrt	05	010	language	1
cortex_SalVentAttn	42.59946439802608	121	hcptrt	05	010	language	1
cortex_SomMot	43.77275003499443	194	hcptrt	05	010	language	1
cortex_Vis	39.1152242927943	162	hcptrt	05	010	language	1
subcortex_CAU	27.28544261616222	8	hcptrt	05	010	language	1
subcortex_PUT	25.067019343994453	8	hcptrt	05	010	language	1
subcortex_THA	26.067055773872806	14	hcptrt	05	010	language	1
cerebellum	34.050593294818434	88	hcptrt	05	010	language	2
cortex_Cont	46.633915134294774	128	hcptrt	05	010	language	2
cortex_Default	42.89874361580259	209	hcptrt	05	010	language	2
cortex_DorsAttn	49.4390179043956	122	hcptrt	05	010	language	2
cortex_Limbic	20.600433351363417	60	hcptrt	05	010	language	2
cortex_SalVentAttn	42.514960342644166	121	hcptrt	05	010	language	2
cortex_SomMot	44.41808611107859	194	hcptrt	05	010	language	2
cortex_Vis	35.95198926882283	162	hcptrt	05	010	language	2
subcortex_CAU	26.93901939548967	8	hcptrt	05	010	language	2
subcortex_PUT	24.89278094543946	8	hcptrt	05	010	language	2
subcortex_THA	25.63690405421193	14	hcptrt	05	010	language	2
cerebellum	30.491645995035583	88	hcptrt	05	010	motor	1
cortex_Cont	40.79464002813161	128	hcptrt	05	010	motor	1
cortex_Default	37.92745675367235	209	hcptrt	05	010	motor	1
cortex_DorsAttn	43.902006378684256	122	hcptrt	05	010	motor	1
cortex_Limbic	18.797467871453485	60	hcptrt	05	010	motor	1
cortex_SalVentAttn	39.230127217747714	121	hcptrt	05	010	motor	1
cortex_SomMot	39.3548798788517	194	hcptrt	05	010	motor	1
cortex_Vis	32.60715491258839	162	hcptrt	05	010	motor	1
subcortex_CAU	26.550549265424703	8	hcptrt	05	010	motor	1
subcortex_PUT	24.77789509729112	8	hcptrt	05	010	motor	1
subcortex_THA	25.702538682404704	14	hcptrt	05	010	motor	1
cerebellum	31.161626259884553	88	hcptrt	05	010	motor	2
cortex_Cont	43.42367278302303	128	hcptrt	05	010	motor	2
cortex_Default	40.51397178652653	209	hcptrt	05	010	motor	2
cortex_DorsAttn	46.2789853949719	122	hcptrt	05	010	motor	2
cortex_Limbic	19.56700785684668	60	hcptrt	05	010	motor	2
cortex_SalVentAttn	41.38462735601194	121	hcptrt	05	010	motor	2
cortex_SomMot	42.20991118836562	194	hcptrt	05	010	motor	2
cortex_Vis	33.8095824959446	162	hcptrt	05	010	motor	2
subcortex_CAU	26.619600386901936	8	hcptrt	05	010	motor	2
subcortex_PUT	24.633969553962785	8	hcptrt	05	010	motor	2
subcortex_THA	25.44917987155234	14	hcptrt	05	010	motor	2
cerebellum	36.100175004666745	88	hcptrt	05	010	relational	1
cortex_Cont	50.55883808251291	128	hcptrt	05	010	relational	1
cortex_Default	46.61151535462444	209	hcptrt	05	010	relational	1
cortex_DorsAttn	54.691839168438854	122	hcptrt	05	010	relational	1
cortex_Limbic	21.985656227969226	60	hcptrt	05	010	relational	1
cortex_SalVentAttn	45.4481041725064	121	hcptrt	05	010	relational	1
cortex_SomMot	48.46043742451031	194	hcptrt	05	010	relational	1
cortex_Vis	41.691256829278935	162	hcptrt	05	010	relational	1
subcortex_CAU	27.647063485318004	8	hcptrt	05	010	relational	1
subcortex_PUT	25.544222171439007	8	hcptrt	05	010	relational	1
subcortex_THA	26.571674334663644	14	hcptrt	05	010	relational	1
cerebellum	31.250662815622714	88	hcptrt	05	010	relational	2
cortex_Cont	45.62716299662	128	hcptrt	05	010	relational	2
cortex_Default	41.870848473799896	209	hcptrt	05	010	relational	2
cortex_DorsAttn	47.882642357030996	122	hcptrt	05	010	relational	2
cortex_Limbic	20.56104078285838	60	hcptrt	05	010	relational	2
cortex_SalVentAttn	41.95628177927428	121	hcptrt	05	010	relational	2
cortex_SomMot	43.52211853736742	194	hcptrt	05	010	relational	2
cortex_Vis	36.800916770973	162	hcptrt	05	010	relational	2
subcortex_CAU	27.4338743302144	8	hcptrt	05	010	relational	2
subcortex_PUT	25.388598212354424	8	hcptrt	05	010	relational	2
subcortex_THA	25.95730731943077	14	hcptrt	05	010	relational	2
cerebellum	28.559964821650336	88	hcptrt	05	010	social	1
cortex_Cont	40.17728909766941	128	hcptrt	05	010	social	1
cortex_Default	37.76905092792774	209	hcptrt	05	010	social	1
cortex_DorsAttn	41.29523352504743	122	hcptrt	05	010	social	1
cortex_Limbic	19.42301822036002	60	hcptrt	05	010	social	1
cortex_SalVentAttn	38.67041075584142	121	hcptrt	05	010	social	1
cortex_SomMot	38.80341865024127	194	hcptrt	05	010	social	1
cortex_Vis	31.638891077633886	162	hcptrt	05	010	social	1
subcortex_CAU	26.81709021331915	8	hcptrt	05	010	social	1
subcortex_PUT	24.981864127823776	8	hcptrt	05	010	social	1
subcortex_THA	25.683664193025717	14	hcptrt	05	010	social	1
cerebellum	32.353560279352614	88	hcptrt	05	010	social	2
cortex_Cont	45.32366343363827	128	hcptrt	05	010	social	2
cortex_Default	42.1485613509107	209	hcptrt	05	010	social	2
cortex_DorsAttn	48.51746560499556	122	hcptrt	05	010	social	2
cortex_Limbic	21.109466635816478	60	hcptrt	05	010	social	2
cortex_SalVentAttn	42.04191443610203	121	hcptrt	05	010	social	2
cortex_SomMot	43.78747608782678	194	hcptrt	05	010	social	2
cortex_Vis	35.95813448644214	162	hcptrt	05	010	social	2
subcortex_CAU	26.69584671642578	8	hcptrt	05	010	social	2
subcortex_PUT	24.625519739904032	8	hcptrt	05	010	social	2
subcortex_THA	25.526533993374606	14	hcptrt	05	010	social	2
cerebellum	29.230360656986807	88	hcptrt	05	010	wm	1
cortex_Cont	42.05415193579478	128	hcptrt	05	010	wm	1
cortex_Default	39.062126757264615	209	hcptrt	05	010	wm	1
cortex_DorsAttn	43.68275900246371	122	hcptrt	05	010	wm	1
cortex_Limbic	19.776289764857374	60	hcptrt	05	010	wm	1
cortex_SalVentAttn	40.53920149620636	121	hcptrt	05	010	wm	1
cortex_SomMot	40.71575085744064	194	hcptrt	05	010	wm	1
cortex_Vis	33.15306721419819	162	hcptrt	05	010	wm	1
subcortex_CAU	27.08820522107188	8	hcptrt	05	010	wm	1
subcortex_PUT	24.993966062463663	8	hcptrt	05	010	wm	1
subcortex_THA	25.84273326969788	14	hcptrt	05	010	wm	1
cerebellum	33.658282744438	88	hcptrt	05	010	wm	2
cortex_Cont	42.7305247072705	128	hcptrt	05	010	wm	2
cortex_Default	40.10674186720856	209	hcptrt	05	010	wm	2
cortex_DorsAttn	48.313789737406076	122	hcptrt	05	010	wm	2
cortex_Limbic	18.802953116866757	60	hcptrt	05	010	wm	2
cortex_SalVentAttn	40.73897076338626	121	hcptrt	05	010	wm	2
cortex_SomMot	42.8132709973625	194	hcptrt	05	010	wm	2
cortex_Vis	38.51838854361995	162	hcptrt	05	010	wm	2
subcortex_CAU	26.51035926178251	8	hcptrt	05	010	wm	2
subcortex_PUT	24.337493997980708	8	hcptrt	05	010	wm	2
subcortex_THA	25.72635682115381	14	hcptrt	05	010	wm	2
cerebellum	36.83281419331915	88	hcptrt	06	001	emotion	1
cortex_Cont	44.9444695267014	128	hcptrt	06	001	emotion	1
cortex_Default	42.60389019046263	209	hcptrt	06	001	emotion	1
cortex_DorsAttn	49.10772587900881	122	hcptrt	06	001	emotion	1
cortex_Limbic	21.607697870258843	60	hcptrt	06	001	emotion	1
cortex_SalVentAttn	43.50126819794173	121	hcptrt	06	001	emotion	1
cortex_SomMot	45.11387702112522	194	hcptrt	06	001	emotion	1
cortex_Vis	39.93795924308265	162	hcptrt	06	001	emotion	1
subcortex_CAU	30.33073934717865	8	hcptrt	06	001	emotion	1
subcortex_PUT	30.449939648832842	8	hcptrt	06	001	emotion	1
subcortex_THA	29.25675752874929	14	hcptrt	06	001	emotion	1
cerebellum	30.384974518162554	88	hcptrt	06	001	language	1
cortex_Cont	37.326798473019416	128	hcptrt	06	001	language	1
cortex_Default	36.1772665052193	209	hcptrt	06	001	language	1
cortex_DorsAttn	41.10352775202103	122	hcptrt	06	001	language	1
cortex_Limbic	18.501976900088742	60	hcptrt	06	001	language	1
cortex_SalVentAttn	39.000223099005076	121	hcptrt	06	001	language	1
cortex_SomMot	38.754227437960175	194	hcptrt	06	001	language	1
cortex_Vis	32.20820799051624	162	hcptrt	06	001	language	1
subcortex_CAU	28.109861730603697	8	hcptrt	06	001	language	1
subcortex_PUT	29.146403289684624	8	hcptrt	06	001	language	1
subcortex_THA	28.454672577567464	14	hcptrt	06	001	language	1
cerebellum	28.112044309011765	88	hcptrt	06	001	motor	1
cortex_Cont	38.421678215507235	128	hcptrt	06	001	motor	1
cortex_Default	36.21316624943555	209	hcptrt	06	001	motor	1
cortex_DorsAttn	38.37987774919597	122	hcptrt	06	001	motor	1
cortex_Limbic	18.600806328622024	60	hcptrt	06	001	motor	1
cortex_SalVentAttn	38.475690475297576	121	hcptrt	06	001	motor	1
cortex_SomMot	37.05122415806011	194	hcptrt	06	001	motor	1
cortex_Vis	30.685460816991302	162	hcptrt	06	001	motor	1
subcortex_CAU	29.001793104087337	8	hcptrt	06	001	motor	1
subcortex_PUT	29.71877144186693	8	hcptrt	06	001	motor	1
subcortex_THA	28.431911772210093	14	hcptrt	06	001	motor	1
cerebellum	29.656928908016713	88	hcptrt	06	001	restingstate	1
cortex_Cont	32.92801567957115	128	hcptrt	06	001	restingstate	1
cortex_Default	33.48349155446264	209	hcptrt	06	001	restingstate	1
cortex_DorsAttn	38.45766939271068	122	hcptrt	06	001	restingstate	1
cortex_Limbic	16.952164051863907	60	hcptrt	06	001	restingstate	1
cortex_SalVentAttn	34.23101965475549	121	hcptrt	06	001	restingstate	1
cortex_SomMot	32.98284087072448	194	hcptrt	06	001	restingstate	1
cortex_Vis	32.33387205103492	162	hcptrt	06	001	restingstate	1
subcortex_CAU	26.27946986003848	8	hcptrt	06	001	restingstate	1
subcortex_PUT	28.182030412850324	8	hcptrt	06	001	restingstate	1
subcortex_THA	27.66921306251277	14	hcptrt	06	001	restingstate	1
cerebellum	21.920091716910488	88	hcptrt	06	001	wm	1
cortex_Cont	30.043688201611825	128	hcptrt	06	001	wm	1
cortex_Default	30.254051060390797	209	hcptrt	06	001	wm	1
cortex_DorsAttn	32.430393482091496	122	hcptrt	06	001	wm	1
cortex_Limbic	13.413113809400716	60	hcptrt	06	001	wm	1
cortex_SalVentAttn	33.39369602352955	121	hcptrt	06	001	wm	1
cortex_SomMot	31.661056862259557	194	hcptrt	06	001	wm	1
cortex_Vis	25.402228562435337	162	hcptrt	06	001	wm	1
subcortex_CAU	26.43239190430444	8	hcptrt	06	001	wm	1
subcortex_PUT	28.938218987278166	8	hcptrt	06	001	wm	1
subcortex_THA	27.685262711893603	14	hcptrt	06	001	wm	1
cerebellum	36.051579832761504	88	hcptrt	06	002	emotion	1
cortex_Cont	45.25557235288408	128	hcptrt	06	002	emotion	1
cortex_Default	42.89916948103768	209	hcptrt	06	002	emotion	1
cortex_DorsAttn	49.425417385180836	122	hcptrt	06	002	emotion	1
cortex_Limbic	18.88529828030202	60	hcptrt	06	002	emotion	1
cortex_SalVentAttn	44.589131844320676	121	hcptrt	06	002	emotion	1
cortex_SomMot	45.22139806383632	194	hcptrt	06	002	emotion	1
cortex_Vis	37.84748464583701	162	hcptrt	06	002	emotion	1
subcortex_CAU	32.53630477519668	8	hcptrt	06	002	emotion	1
subcortex_PUT	30.9536824513161	8	hcptrt	06	002	emotion	1
subcortex_THA	30.21904092988037	14	hcptrt	06	002	emotion	1
cerebellum	36.89489180553389	88	hcptrt	06	002	emotion	2
cortex_Cont	46.859959814003574	128	hcptrt	06	002	emotion	2
cortex_Default	43.852538514661134	209	hcptrt	06	002	emotion	2
cortex_DorsAttn	51.534987617525374	122	hcptrt	06	002	emotion	2
cortex_Limbic	19.787165778024605	60	hcptrt	06	002	emotion	2
cortex_SalVentAttn	45.46647455811812	121	hcptrt	06	002	emotion	2
cortex_SomMot	46.71764699460859	194	hcptrt	06	002	emotion	2
cortex_Vis	38.69045673078752	162	hcptrt	06	002	emotion	2
subcortex_CAU	31.822868719698157	8	hcptrt	06	002	emotion	2
subcortex_PUT	31.041648628132375	8	hcptrt	06	002	emotion	2
subcortex_THA	29.678594182334653	14	hcptrt	06	002	emotion	2
cerebellum	32.61668297488301	88	hcptrt	06	002	gambling	1
cortex_Cont	41.85700931628183	128	hcptrt	06	002	gambling	1
cortex_Default	40.03016402557522	209	hcptrt	06	002	gambling	1
cortex_DorsAttn	44.3543145274432	122	hcptrt	06	002	gambling	1
cortex_Limbic	17.715382307642276	60	hcptrt	06	002	gambling	1
cortex_SalVentAttn	41.5516681088774	121	hcptrt	06	002	gambling	1
cortex_SomMot	41.21482683473561	194	hcptrt	06	002	gambling	1
cortex_Vis	34.50510658875544	162	hcptrt	06	002	gambling	1
subcortex_CAU	30.29641346375364	8	hcptrt	06	002	gambling	1
subcortex_PUT	30.32935057460874	8	hcptrt	06	002	gambling	1
subcortex_THA	29.118324203919638	14	hcptrt	06	002	gambling	1
cerebellum	37.0666087552747	88	hcptrt	06	002	gambling	2
cortex_Cont	45.725864566046475	128	hcptrt	06	002	gambling	2
cortex_Default	43.28420289895157	209	hcptrt	06	002	gambling	2
cortex_DorsAttn	49.42499829139738	122	hcptrt	06	002	gambling	2
cortex_Limbic	18.944850086943056	60	hcptrt	06	002	gambling	2
cortex_SalVentAttn	45.673306920602265	121	hcptrt	06	002	gambling	2
cortex_SomMot	46.52206520035376	194	hcptrt	06	002	gambling	2
cortex_Vis	37.567316953369364	162	hcptrt	06	002	gambling	2
subcortex_CAU	31.31603187006456	8	hcptrt	06	002	gambling	2
subcortex_PUT	30.87818710103407	8	hcptrt	06	002	gambling	2
subcortex_THA	29.864186342551726	14	hcptrt	06	002	gambling	2
cerebellum	32.80022180901091	88	hcptrt	06	002	language	1
cortex_Cont	42.62816014405977	128	hcptrt	06	002	language	1
cortex_Default	40.330169513627695	209	hcptrt	06	002	language	1
cortex_DorsAttn	46.11088234112229	122	hcptrt	06	002	language	1
cortex_Limbic	17.925046771799213	60	hcptrt	06	002	language	1
cortex_SalVentAttn	42.04697913524461	121	hcptrt	06	002	language	1
cortex_SomMot	42.160140231607556	194	hcptrt	06	002	language	1
cortex_Vis	35.19515825357994	162	hcptrt	06	002	language	1
subcortex_CAU	31.095572138871205	8	hcptrt	06	002	language	1
subcortex_PUT	29.910755736199032	8	hcptrt	06	002	language	1
subcortex_THA	29.373737461511123	14	hcptrt	06	002	language	1
cerebellum	28.266850478690586	88	hcptrt	06	002	language	2
cortex_Cont	36.58494981882302	128	hcptrt	06	002	language	2
cortex_Default	34.83485174982559	209	hcptrt	06	002	language	2
cortex_DorsAttn	39.97738604774536	122	hcptrt	06	002	language	2
cortex_Limbic	16.04080501298356	60	hcptrt	06	002	language	2
cortex_SalVentAttn	37.75971719086612	121	hcptrt	06	002	language	2
cortex_SomMot	37.02700793233328	194	hcptrt	06	002	language	2
cortex_Vis	29.004544445744393	162	hcptrt	06	002	language	2
subcortex_CAU	29.410221451655485	8	hcptrt	06	002	language	2
subcortex_PUT	29.475634526755428	8	hcptrt	06	002	language	2
subcortex_THA	28.490838462951327	14	hcptrt	06	002	language	2
cerebellum	25.09027966016478	88	hcptrt	06	002	motor	1
cortex_Cont	34.10784772244437	128	hcptrt	06	002	motor	1
cortex_Default	31.847154352672458	209	hcptrt	06	002	motor	1
cortex_DorsAttn	35.15207759009597	122	hcptrt	06	002	motor	1
cortex_Limbic	14.40553781661911	60	hcptrt	06	002	motor	1
cortex_SalVentAttn	33.82411016340579	121	hcptrt	06	002	motor	1
cortex_SomMot	32.042091276972016	194	hcptrt	06	002	motor	1
cortex_Vis	27.053349156104442	162	hcptrt	06	002	motor	1
subcortex_CAU	26.68333188576018	8	hcptrt	06	002	motor	1
subcortex_PUT	27.62501429940223	8	hcptrt	06	002	motor	1
subcortex_THA	25.960612185653726	14	hcptrt	06	002	motor	1
cerebellum	27.715790387712676	88	hcptrt	06	002	motor	2
cortex_Cont	36.35931707800647	128	hcptrt	06	002	motor	2
cortex_Default	34.29045798791091	209	hcptrt	06	002	motor	2
cortex_DorsAttn	37.45177797822168	122	hcptrt	06	002	motor	2
cortex_Limbic	16.214833610655464	60	hcptrt	06	002	motor	2
cortex_SalVentAttn	36.28402415134116	121	hcptrt	06	002	motor	2
cortex_SomMot	34.45806553303376	194	hcptrt	06	002	motor	2
cortex_Vis	28.334078249415636	162	hcptrt	06	002	motor	2
subcortex_CAU	28.25631681041967	8	hcptrt	06	002	motor	2
subcortex_PUT	29.227395097505845	8	hcptrt	06	002	motor	2
subcortex_THA	27.210773167632908	14	hcptrt	06	002	motor	2
cerebellum	31.295189864600868	88	hcptrt	06	002	relational	1
cortex_Cont	39.47470248468827	128	hcptrt	06	002	relational	1
cortex_Default	38.116027988626165	209	hcptrt	06	002	relational	1
cortex_DorsAttn	42.071639141285836	122	hcptrt	06	002	relational	1
cortex_Limbic	16.57264637266297	60	hcptrt	06	002	relational	1
cortex_SalVentAttn	40.221471530795746	121	hcptrt	06	002	relational	1
cortex_SomMot	39.13600235260815	194	hcptrt	06	002	relational	1
cortex_Vis	33.393121495921434	162	hcptrt	06	002	relational	1
subcortex_CAU	30.21387815916019	8	hcptrt	06	002	relational	1
subcortex_PUT	30.218883794561563	8	hcptrt	06	002	relational	1
subcortex_THA	28.94163665979858	14	hcptrt	06	002	relational	1
cerebellum	32.41718360952449	88	hcptrt	06	002	relational	2
cortex_Cont	43.49709448767983	128	hcptrt	06	002	relational	2
cortex_Default	41.44455346906777	209	hcptrt	06	002	relational	2
cortex_DorsAttn	45.66364230484544	122	hcptrt	06	002	relational	2
cortex_Limbic	18.973040450264513	60	hcptrt	06	002	relational	2
cortex_SalVentAttn	43.30421708595321	121	hcptrt	06	002	relational	2
cortex_SomMot	43.996406966664956	194	hcptrt	06	002	relational	2
cortex_Vis	33.71498901829516	162	hcptrt	06	002	relational	2
subcortex_CAU	32.113532674627166	8	hcptrt	06	002	relational	2
subcortex_PUT	31.24103912930915	8	hcptrt	06	002	relational	2
subcortex_THA	29.613983178171072	14	hcptrt	06	002	relational	2
cerebellum	34.95375039575884	88	hcptrt	06	002	social	1
cortex_Cont	44.448513429789706	128	hcptrt	06	002	social	1
cortex_Default	41.783654899742565	209	hcptrt	06	002	social	1
cortex_DorsAttn	47.599401769290345	122	hcptrt	06	002	social	1
cortex_Limbic	18.629947809640136	60	hcptrt	06	002	social	1
cortex_SalVentAttn	43.15006357751698	121	hcptrt	06	002	social	1
cortex_SomMot	43.78837581277174	194	hcptrt	06	002	social	1
cortex_Vis	36.781145166142096	162	hcptrt	06	002	social	1
subcortex_CAU	30.714393422033734	8	hcptrt	06	002	social	1
subcortex_PUT	30.207916884494928	8	hcptrt	06	002	social	1
subcortex_THA	29.252010521276922	14	hcptrt	06	002	social	1
cerebellum	34.86608801084951	88	hcptrt	06	002	social	2
cortex_Cont	44.30748517400996	128	hcptrt	06	002	social	2
cortex_Default	41.628316740268474	209	hcptrt	06	002	social	2
cortex_DorsAttn	47.21100971050526	122	hcptrt	06	002	social	2
cortex_Limbic	18.890780787312266	60	hcptrt	06	002	social	2
cortex_SalVentAttn	42.877812789057465	121	hcptrt	06	002	social	2
cortex_SomMot	44.08361109717662	194	hcptrt	06	002	social	2
cortex_Vis	34.98763839786605	162	hcptrt	06	002	social	2
subcortex_CAU	30.795326331765594	8	hcptrt	06	002	social	2
subcortex_PUT	30.46909201578409	8	hcptrt	06	002	social	2
subcortex_THA	29.173605967198508	14	hcptrt	06	002	social	2
cerebellum	30.31277033919314	88	hcptrt	06	002	wm	1
cortex_Cont	39.567965007386526	128	hcptrt	06	002	wm	1
cortex_Default	38.082782820009854	209	hcptrt	06	002	wm	1
cortex_DorsAttn	43.4846014727278	122	hcptrt	06	002	wm	1
cortex_Limbic	16.542629160682356	60	hcptrt	06	002	wm	1
cortex_SalVentAttn	40.167324678162466	121	hcptrt	06	002	wm	1
cortex_SomMot	39.182388338065564	194	hcptrt	06	002	wm	1
cortex_Vis	33.31366294614282	162	hcptrt	06	002	wm	1
subcortex_CAU	29.479935400129065	8	hcptrt	06	002	wm	1
subcortex_PUT	29.768743426137725	8	hcptrt	06	002	wm	1
subcortex_THA	29.0135412753742	14	hcptrt	06	002	wm	1
cerebellum	32.23664448216903	88	hcptrt	06	002	wm	2
cortex_Cont	39.21672052768169	128	hcptrt	06	002	wm	2
cortex_Default	37.66106588651919	209	hcptrt	06	002	wm	2
cortex_DorsAttn	44.352895794485875	122	hcptrt	06	002	wm	2
cortex_Limbic	17.39380606074282	60	hcptrt	06	002	wm	2
cortex_SalVentAttn	39.31108383857187	121	hcptrt	06	002	wm	2
cortex_SomMot	39.16210487645994	194	hcptrt	06	002	wm	2
cortex_Vis	34.732712800241686	162	hcptrt	06	002	wm	2
subcortex_CAU	30.429599682845513	8	hcptrt	06	002	wm	2
subcortex_PUT	30.382107142010277	8	hcptrt	06	002	wm	2
subcortex_THA	29.17649842350547	14	hcptrt	06	002	wm	2
cerebellum	35.05099037770605	88	hcptrt	06	003	emotion	1
cortex_Cont	46.764203452913975	128	hcptrt	06	003	emotion	1
cortex_Default	43.981904592833985	209	hcptrt	06	003	emotion	1
cortex_DorsAttn	49.643467822150335	122	hcptrt	06	003	emotion	1
cortex_Limbic	19.65035373169547	60	hcptrt	06	003	emotion	1
cortex_SalVentAttn	44.45118000382133	121	hcptrt	06	003	emotion	1
cortex_SomMot	45.829181839867076	194	hcptrt	06	003	emotion	1
cortex_Vis	37.89065853137771	162	hcptrt	06	003	emotion	1
subcortex_CAU	32.09071926100063	8	hcptrt	06	003	emotion	1
subcortex_PUT	31.04255043453942	8	hcptrt	06	003	emotion	1
subcortex_THA	29.864072866368982	14	hcptrt	06	003	emotion	1
cerebellum	36.4973058588294	88	hcptrt	06	003	emotion	2
cortex_Cont	50.51608478526996	128	hcptrt	06	003	emotion	2
cortex_Default	47.070652631288	209	hcptrt	06	003	emotion	2
cortex_DorsAttn	53.111369582607814	122	hcptrt	06	003	emotion	2
cortex_Limbic	20.408949227168918	60	hcptrt	06	003	emotion	2
cortex_SalVentAttn	48.04364840271777	121	hcptrt	06	003	emotion	2
cortex_SomMot	50.2666083250407	194	hcptrt	06	003	emotion	2
cortex_Vis	40.26813917401661	162	hcptrt	06	003	emotion	2
subcortex_CAU	32.61626268486617	8	hcptrt	06	003	emotion	2
subcortex_PUT	31.177140732357806	8	hcptrt	06	003	emotion	2
subcortex_THA	29.875451197267616	14	hcptrt	06	003	emotion	2
cerebellum	34.796122043430074	88	hcptrt	06	003	gambling	1
cortex_Cont	40.700305693907275	128	hcptrt	06	003	gambling	1
cortex_Default	39.30027291120953	209	hcptrt	06	003	gambling	1
cortex_DorsAttn	44.82688208746381	122	hcptrt	06	003	gambling	1
cortex_Limbic	17.440810329538603	60	hcptrt	06	003	gambling	1
cortex_SalVentAttn	40.37848339826503	121	hcptrt	06	003	gambling	1
cortex_SomMot	40.045878039431834	194	hcptrt	06	003	gambling	1
cortex_Vis	35.15874865901797	162	hcptrt	06	003	gambling	1
subcortex_CAU	29.32775917077939	8	hcptrt	06	003	gambling	1
subcortex_PUT	29.746790133865005	8	hcptrt	06	003	gambling	1
subcortex_THA	28.378884739593833	14	hcptrt	06	003	gambling	1
cerebellum	30.211659251000153	88	hcptrt	06	003	gambling	2
cortex_Cont	39.708920539573086	128	hcptrt	06	003	gambling	2
cortex_Default	38.449096150438336	209	hcptrt	06	003	gambling	2
cortex_DorsAttn	42.157918589049004	122	hcptrt	06	003	gambling	2
cortex_Limbic	16.584845428476154	60	hcptrt	06	003	gambling	2
cortex_SalVentAttn	40.93728968900191	121	hcptrt	06	003	gambling	2
cortex_SomMot	39.84082994200227	194	hcptrt	06	003	gambling	2
cortex_Vis	32.63164650487171	162	hcptrt	06	003	gambling	2
subcortex_CAU	29.97836348604879	8	hcptrt	06	003	gambling	2
subcortex_PUT	29.953350342346777	8	hcptrt	06	003	gambling	2
subcortex_THA	29.02374776190344	14	hcptrt	06	003	gambling	2
cerebellum	31.50666037825213	88	hcptrt	06	003	language	1
cortex_Cont	40.71251087996796	128	hcptrt	06	003	language	1
cortex_Default	38.69881951305471	209	hcptrt	06	003	language	1
cortex_DorsAttn	42.884176278629646	122	hcptrt	06	003	language	1
cortex_Limbic	17.49802935313372	60	hcptrt	06	003	language	1
cortex_SalVentAttn	40.66314036652084	121	hcptrt	06	003	language	1
cortex_SomMot	39.842252418022966	194	hcptrt	06	003	language	1
cortex_Vis	33.721628690566085	162	hcptrt	06	003	language	1
subcortex_CAU	29.879642558766996	8	hcptrt	06	003	language	1
subcortex_PUT	29.150790967667554	8	hcptrt	06	003	language	1
subcortex_THA	28.537206060790705	14	hcptrt	06	003	language	1
cerebellum	29.60157869259946	88	hcptrt	06	003	language	2
cortex_Cont	35.80241308650885	128	hcptrt	06	003	language	2
cortex_Default	34.69665178941137	209	hcptrt	06	003	language	2
cortex_DorsAttn	39.06581216222199	122	hcptrt	06	003	language	2
cortex_Limbic	16.723638268620146	60	hcptrt	06	003	language	2
cortex_SalVentAttn	35.801295759750104	121	hcptrt	06	003	language	2
cortex_SomMot	32.956452933592956	194	hcptrt	06	003	language	2
cortex_Vis	33.76180521343974	162	hcptrt	06	003	language	2
subcortex_CAU	26.897815762894062	8	hcptrt	06	003	language	2
subcortex_PUT	27.8053800357434	8	hcptrt	06	003	language	2
subcortex_THA	27.255999694932775	14	hcptrt	06	003	language	2
cerebellum	30.012829017989347	88	hcptrt	06	003	motor	1
cortex_Cont	42.46298157247228	128	hcptrt	06	003	motor	1
cortex_Default	39.86025263821664	209	hcptrt	06	003	motor	1
cortex_DorsAttn	42.873031569443704	122	hcptrt	06	003	motor	1
cortex_Limbic	17.42618472952084	60	hcptrt	06	003	motor	1
cortex_SalVentAttn	40.395547357400176	121	hcptrt	06	003	motor	1
cortex_SomMot	39.901382770411224	194	hcptrt	06	003	motor	1
cortex_Vis	32.30086551094512	162	hcptrt	06	003	motor	1
subcortex_CAU	30.91313283439343	8	hcptrt	06	003	motor	1
subcortex_PUT	29.995108395380925	8	hcptrt	06	003	motor	1
subcortex_THA	28.305406544839197	14	hcptrt	06	003	motor	1
cerebellum	27.624890048113638	88	hcptrt	06	003	motor	2
cortex_Cont	37.123525176348515	128	hcptrt	06	003	motor	2
cortex_Default	34.87158240389591	209	hcptrt	06	003	motor	2
cortex_DorsAttn	35.49523462544503	122	hcptrt	06	003	motor	2
cortex_Limbic	15.473088265815157	60	hcptrt	06	003	motor	2
cortex_SalVentAttn	35.587037929672945	121	hcptrt	06	003	motor	2
cortex_SomMot	33.23609900345269	194	hcptrt	06	003	motor	2
cortex_Vis	28.115092833995096	162	hcptrt	06	003	motor	2
subcortex_CAU	28.195118102422576	8	hcptrt	06	003	motor	2
subcortex_PUT	28.611295901593643	8	hcptrt	06	003	motor	2
subcortex_THA	26.37490823157984	14	hcptrt	06	003	motor	2
cerebellum	28.180311503649637	88	hcptrt	06	003	relational	1
cortex_Cont	39.1189820327024	128	hcptrt	06	003	relational	1
cortex_Default	36.784723927288255	209	hcptrt	06	003	relational	1
cortex_DorsAttn	41.21912591963641	122	hcptrt	06	003	relational	1
cortex_Limbic	16.745287918392386	60	hcptrt	06	003	relational	1
cortex_SalVentAttn	39.368192589473814	121	hcptrt	06	003	relational	1
cortex_SomMot	38.851395727626574	194	hcptrt	06	003	relational	1
cortex_Vis	30.693796874477645	162	hcptrt	06	003	relational	1
subcortex_CAU	29.272497766183697	8	hcptrt	06	003	relational	1
subcortex_PUT	29.20466657792577	8	hcptrt	06	003	relational	1
subcortex_THA	28.12064512726354	14	hcptrt	06	003	relational	1
cerebellum	28.456720348054795	88	hcptrt	06	003	relational	2
cortex_Cont	35.090344776638105	128	hcptrt	06	003	relational	2
cortex_Default	34.778157002832124	209	hcptrt	06	003	relational	2
cortex_DorsAttn	37.73312525642947	122	hcptrt	06	003	relational	2
cortex_Limbic	15.835453491828474	60	hcptrt	06	003	relational	2
cortex_SalVentAttn	37.20671881753848	121	hcptrt	06	003	relational	2
cortex_SomMot	35.98392021057741	194	hcptrt	06	003	relational	2
cortex_Vis	29.35337451330978	162	hcptrt	06	003	relational	2
subcortex_CAU	27.89621864818733	8	hcptrt	06	003	relational	2
subcortex_PUT	28.495551246934426	8	hcptrt	06	003	relational	2
subcortex_THA	27.74165136664268	14	hcptrt	06	003	relational	2
cerebellum	27.7627578180525	88	hcptrt	06	003	social	2
cortex_Cont	36.0151235371565	128	hcptrt	06	003	social	2
cortex_Default	35.67453620623348	209	hcptrt	06	003	social	2
cortex_DorsAttn	37.739653350495885	122	hcptrt	06	003	social	2
cortex_Limbic	15.318456799686162	60	hcptrt	06	003	social	2
cortex_SalVentAttn	37.48192786740247	121	hcptrt	06	003	social	2
cortex_SomMot	36.11462765918346	194	hcptrt	06	003	social	2
cortex_Vis	29.147560763400925	162	hcptrt	06	003	social	2
subcortex_CAU	27.904204439083564	8	hcptrt	06	003	social	2
subcortex_PUT	28.87821117878407	8	hcptrt	06	003	social	2
subcortex_THA	28.28551745774325	14	hcptrt	06	003	social	2
cerebellum	28.86761565475302	88	hcptrt	06	003	wm	1
cortex_Cont	34.95671759557385	128	hcptrt	06	003	wm	1
cortex_Default	34.26576506093241	209	hcptrt	06	003	wm	1
cortex_DorsAttn	38.28989385522214	122	hcptrt	06	003	wm	1
cortex_Limbic	16.082914042151867	60	hcptrt	06	003	wm	1
cortex_SalVentAttn	34.88198971660595	121	hcptrt	06	003	wm	1
cortex_SomMot	33.31860358656347	194	hcptrt	06	003	wm	1
cortex_Vis	32.10820008415715	162	hcptrt	06	003	wm	1
subcortex_CAU	27.845504706589317	8	hcptrt	06	003	wm	1
subcortex_PUT	28.0811226999068	8	hcptrt	06	003	wm	1
subcortex_THA	27.78446516054725	14	hcptrt	06	003	wm	1
cerebellum	28.10032321206246	88	hcptrt	06	003	wm	2
cortex_Cont	35.86755247381193	128	hcptrt	06	003	wm	2
cortex_Default	34.82827677520808	209	hcptrt	06	003	wm	2
cortex_DorsAttn	37.69666632344093	122	hcptrt	06	003	wm	2
cortex_Limbic	16.37561889642461	60	hcptrt	06	003	wm	2
cortex_SalVentAttn	36.147833288281774	121	hcptrt	06	003	wm	2
cortex_SomMot	33.65617006820717	194	hcptrt	06	003	wm	2
cortex_Vis	31.245410506609907	162	hcptrt	06	003	wm	2
subcortex_CAU	29.113156502990897	8	hcptrt	06	003	wm	2
subcortex_PUT	28.64429663726645	8	hcptrt	06	003	wm	2
subcortex_THA	27.943234169184812	14	hcptrt	06	003	wm	2
cerebellum	33.91958232682253	88	hcptrt	06	004	emotion	1
cortex_Cont	41.98855688445374	128	hcptrt	06	004	emotion	1
cortex_Default	40.574970835543844	209	hcptrt	06	004	emotion	1
cortex_DorsAttn	45.78635474179211	122	hcptrt	06	004	emotion	1
cortex_Limbic	18.445078961718885	60	hcptrt	06	004	emotion	1
cortex_SalVentAttn	42.379892348004866	121	hcptrt	06	004	emotion	1
cortex_SomMot	42.195844132417044	194	hcptrt	06	004	emotion	1
cortex_Vis	34.9959312216175	162	hcptrt	06	004	emotion	1
subcortex_CAU	31.38342993165393	8	hcptrt	06	004	emotion	1
subcortex_PUT	31.61025705130241	8	hcptrt	06	004	emotion	1
subcortex_THA	29.91692926409546	14	hcptrt	06	004	emotion	1
cerebellum	38.227514349729205	88	hcptrt	06	004	emotion	2
cortex_Cont	47.934625286470194	128	hcptrt	06	004	emotion	2
cortex_Default	45.11662903291595	209	hcptrt	06	004	emotion	2
cortex_DorsAttn	53.249025476363286	122	hcptrt	06	004	emotion	2
cortex_Limbic	19.330268208090622	60	hcptrt	06	004	emotion	2
cortex_SalVentAttn	46.90868138660752	121	hcptrt	06	004	emotion	2
cortex_SomMot	49.66837484301268	194	hcptrt	06	004	emotion	2
cortex_Vis	39.52579244132896	162	hcptrt	06	004	emotion	2
subcortex_CAU	31.396441503233035	8	hcptrt	06	004	emotion	2
subcortex_PUT	30.715415217837585	8	hcptrt	06	004	emotion	2
subcortex_THA	29.71182639412658	14	hcptrt	06	004	emotion	2
cerebellum	39.86314673235653	88	hcptrt	06	004	emotion	3
cortex_Cont	49.225041329742595	128	hcptrt	06	004	emotion	3
cortex_Default	46.28932797141571	209	hcptrt	06	004	emotion	3
cortex_DorsAttn	52.68418875782423	122	hcptrt	06	004	emotion	3
cortex_Limbic	20.820681116106098	60	hcptrt	06	004	emotion	3
cortex_SalVentAttn	46.7958287535194	121	hcptrt	06	004	emotion	3
cortex_SomMot	48.53709860287988	194	hcptrt	06	004	emotion	3
cortex_Vis	39.924026978155375	162	hcptrt	06	004	emotion	3
subcortex_CAU	30.862999424172344	8	hcptrt	06	004	emotion	3
subcortex_PUT	30.50589118269623	8	hcptrt	06	004	emotion	3
subcortex_THA	29.111697682401548	14	hcptrt	06	004	emotion	3
cerebellum	33.439979791639196	88	hcptrt	06	004	gambling	1
cortex_Cont	41.73015778213935	128	hcptrt	06	004	gambling	1
cortex_Default	39.87326959931607	209	hcptrt	06	004	gambling	1
cortex_DorsAttn	46.2611613661563	122	hcptrt	06	004	gambling	1
cortex_Limbic	17.681989427898564	60	hcptrt	06	004	gambling	1
cortex_SalVentAttn	41.904804242505634	121	hcptrt	06	004	gambling	1
cortex_SomMot	42.91486971958118	194	hcptrt	06	004	gambling	1
cortex_Vis	34.60488139840554	162	hcptrt	06	004	gambling	1
subcortex_CAU	30.11382885886538	8	hcptrt	06	004	gambling	1
subcortex_PUT	30.070673816402106	8	hcptrt	06	004	gambling	1
subcortex_THA	29.008099961268858	14	hcptrt	06	004	gambling	1
cerebellum	33.510553603187596	88	hcptrt	06	004	gambling	2
cortex_Cont	42.07248753257835	128	hcptrt	06	004	gambling	2
cortex_Default	40.10324856080172	209	hcptrt	06	004	gambling	2
cortex_DorsAttn	46.96378374604553	122	hcptrt	06	004	gambling	2
cortex_Limbic	17.610618309111306	60	hcptrt	06	004	gambling	2
cortex_SalVentAttn	42.19252905224861	121	hcptrt	06	004	gambling	2
cortex_SomMot	42.67440344013906	194	hcptrt	06	004	gambling	2
cortex_Vis	34.241372640101105	162	hcptrt	06	004	gambling	2
subcortex_CAU	30.01706974339922	8	hcptrt	06	004	gambling	2
subcortex_PUT	30.157970562937173	8	hcptrt	06	004	gambling	2
subcortex_THA	29.308625425464225	14	hcptrt	06	004	gambling	2
cerebellum	35.497091172066526	88	hcptrt	06	004	gambling	3
cortex_Cont	42.82973804234721	128	hcptrt	06	004	gambling	3
cortex_Default	41.00042158821606	209	hcptrt	06	004	gambling	3
cortex_DorsAttn	47.85011539557059	122	hcptrt	06	004	gambling	3
cortex_Limbic	18.2541533304966	60	hcptrt	06	004	gambling	3
cortex_SalVentAttn	43.098229426966334	121	hcptrt	06	004	gambling	3
cortex_SomMot	43.46810540923865	194	hcptrt	06	004	gambling	3
cortex_Vis	36.0681068441184	162	hcptrt	06	004	gambling	3
subcortex_CAU	30.320638722153998	8	hcptrt	06	004	gambling	3
subcortex_PUT	30.186330774098348	8	hcptrt	06	004	gambling	3
subcortex_THA	29.12467754562608	14	hcptrt	06	004	gambling	3
cerebellum	30.57302966206674	88	hcptrt	06	004	language	1
cortex_Cont	37.70514302709433	128	hcptrt	06	004	language	1
cortex_Default	36.134267141570426	209	hcptrt	06	004	language	1
cortex_DorsAttn	42.33119573645551	122	hcptrt	06	004	language	1
cortex_Limbic	16.145194509486185	60	hcptrt	06	004	language	1
cortex_SalVentAttn	38.04153096186411	121	hcptrt	06	004	language	1
cortex_SomMot	39.020051351030325	194	hcptrt	06	004	language	1
cortex_Vis	32.17426520633714	162	hcptrt	06	004	language	1
subcortex_CAU	27.94288042869807	8	hcptrt	06	004	language	1
subcortex_PUT	28.847248428939942	8	hcptrt	06	004	language	1
subcortex_THA	27.851432135048913	14	hcptrt	06	004	language	1
cerebellum	32.20332546997521	88	hcptrt	06	004	language	2
cortex_Cont	37.75987700910853	128	hcptrt	06	004	language	2
cortex_Default	36.914335845747885	209	hcptrt	06	004	language	2
cortex_DorsAttn	42.05200253989736	122	hcptrt	06	004	language	2
cortex_Limbic	16.87445947652423	60	hcptrt	06	004	language	2
cortex_SalVentAttn	39.22437500964915	121	hcptrt	06	004	language	2
cortex_SomMot	38.09117167815218	194	hcptrt	06	004	language	2
cortex_Vis	32.85537723539173	162	hcptrt	06	004	language	2
subcortex_CAU	28.46281516115114	8	hcptrt	06	004	language	2
subcortex_PUT	28.9994568545153	8	hcptrt	06	004	language	2
subcortex_THA	28.330079769481863	14	hcptrt	06	004	language	2
cerebellum	29.1557469272262	88	hcptrt	06	004	language	3
cortex_Cont	36.61012695755137	128	hcptrt	06	004	language	3
cortex_Default	35.22879910717662	209	hcptrt	06	004	language	3
cortex_DorsAttn	38.2564832611084	122	hcptrt	06	004	language	3
cortex_Limbic	16.796514196805827	60	hcptrt	06	004	language	3
cortex_SalVentAttn	36.937257666831265	121	hcptrt	06	004	language	3
cortex_SomMot	35.349626460805744	194	hcptrt	06	004	language	3
cortex_Vis	29.352668175007942	162	hcptrt	06	004	language	3
subcortex_CAU	28.015685301013722	8	hcptrt	06	004	language	3
subcortex_PUT	29.047259584618157	8	hcptrt	06	004	language	3
subcortex_THA	27.4567876340054	14	hcptrt	06	004	language	3
cerebellum	25.06705000567359	88	hcptrt	06	004	motor	1
cortex_Cont	34.1132351892292	128	hcptrt	06	004	motor	1
cortex_Default	32.29765736747145	209	hcptrt	06	004	motor	1
cortex_DorsAttn	34.455323671504864	122	hcptrt	06	004	motor	1
cortex_Limbic	15.058888770022255	60	hcptrt	06	004	motor	1
cortex_SalVentAttn	33.775132059725834	121	hcptrt	06	004	motor	1
cortex_SomMot	32.191013041127405	194	hcptrt	06	004	motor	1
cortex_Vis	26.452661925775896	162	hcptrt	06	004	motor	1
subcortex_CAU	27.746600068791118	8	hcptrt	06	004	motor	1
subcortex_PUT	28.682850698894917	8	hcptrt	06	004	motor	1
subcortex_THA	26.179697100998713	14	hcptrt	06	004	motor	1
cerebellum	27.451671485416796	88	hcptrt	06	004	motor	2
cortex_Cont	37.06134929404138	128	hcptrt	06	004	motor	2
cortex_Default	34.34486731397446	209	hcptrt	06	004	motor	2
cortex_DorsAttn	36.62156508097403	122	hcptrt	06	004	motor	2
cortex_Limbic	16.178408537827075	60	hcptrt	06	004	motor	2
cortex_SalVentAttn	35.82106668647593	121	hcptrt	06	004	motor	2
cortex_SomMot	34.070658551818205	194	hcptrt	06	004	motor	2
cortex_Vis	27.405896990913885	162	hcptrt	06	004	motor	2
subcortex_CAU	27.29487121401133	8	hcptrt	06	004	motor	2
subcortex_PUT	28.548069902472577	8	hcptrt	06	004	motor	2
subcortex_THA	26.517156139436768	14	hcptrt	06	004	motor	2
cerebellum	28.392675788358382	88	hcptrt	06	004	motor	3
cortex_Cont	35.402944658344985	128	hcptrt	06	004	motor	3
cortex_Default	33.55740192473238	209	hcptrt	06	004	motor	3
cortex_DorsAttn	37.67463220658406	122	hcptrt	06	004	motor	3
cortex_Limbic	14.75164592783946	60	hcptrt	06	004	motor	3
cortex_SalVentAttn	35.454412733369615	121	hcptrt	06	004	motor	3
cortex_SomMot	34.22403662658879	194	hcptrt	06	004	motor	3
cortex_Vis	28.493901300606467	162	hcptrt	06	004	motor	3
subcortex_CAU	26.258921166114085	8	hcptrt	06	004	motor	3
subcortex_PUT	27.585344847990577	8	hcptrt	06	004	motor	3
subcortex_THA	26.340313768807743	14	hcptrt	06	004	motor	3
cerebellum	27.881871317853726	88	hcptrt	06	004	relational	1
cortex_Cont	37.22407312303536	128	hcptrt	06	004	relational	1
cortex_Default	35.733010796423955	209	hcptrt	06	004	relational	1
cortex_DorsAttn	37.92975100449195	122	hcptrt	06	004	relational	1
cortex_Limbic	17.210333443616708	60	hcptrt	06	004	relational	1
cortex_SalVentAttn	38.09279185397334	121	hcptrt	06	004	relational	1
cortex_SomMot	36.31595037096062	194	hcptrt	06	004	relational	1
cortex_Vis	28.747642333499503	162	hcptrt	06	004	relational	1
subcortex_CAU	29.153696889513313	8	hcptrt	06	004	relational	1
subcortex_PUT	29.977805405425926	8	hcptrt	06	004	relational	1
subcortex_THA	28.071281898867277	14	hcptrt	06	004	relational	1
cerebellum	31.503526724207134	88	hcptrt	06	004	relational	2
cortex_Cont	41.32401652084985	128	hcptrt	06	004	relational	2
cortex_Default	39.095108738117844	209	hcptrt	06	004	relational	2
cortex_DorsAttn	43.84627362417998	122	hcptrt	06	004	relational	2
cortex_Limbic	17.630893316358787	60	hcptrt	06	004	relational	2
cortex_SalVentAttn	41.317338889296735	121	hcptrt	06	004	relational	2
cortex_SomMot	41.27952770636082	194	hcptrt	06	004	relational	2
cortex_Vis	32.26237411433457	162	hcptrt	06	004	relational	2
subcortex_CAU	29.609205780202444	8	hcptrt	06	004	relational	2
subcortex_PUT	29.79176243537186	8	hcptrt	06	004	relational	2
subcortex_THA	28.554700603181157	14	hcptrt	06	004	relational	2
cerebellum	29.281030126063207	88	hcptrt	06	004	relational	3
cortex_Cont	37.45557421892567	128	hcptrt	06	004	relational	3
cortex_Default	35.862129518402845	209	hcptrt	06	004	relational	3
cortex_DorsAttn	40.25243804268345	122	hcptrt	06	004	relational	3
cortex_Limbic	16.40478358571106	60	hcptrt	06	004	relational	3
cortex_SalVentAttn	38.64213892911808	121	hcptrt	06	004	relational	3
cortex_SomMot	37.72527383909818	194	hcptrt	06	004	relational	3
cortex_Vis	29.782554012678215	162	hcptrt	06	004	relational	3
subcortex_CAU	28.424258732185024	8	hcptrt	06	004	relational	3
subcortex_PUT	28.931475884017598	8	hcptrt	06	004	relational	3
subcortex_THA	27.993295793232466	14	hcptrt	06	004	relational	3
cerebellum	27.765522256471545	88	hcptrt	06	004	restingstate	1
cortex_Cont	35.31709131886497	128	hcptrt	06	004	restingstate	1
cortex_Default	34.719612606618384	209	hcptrt	06	004	restingstate	1
cortex_DorsAttn	39.72675500682379	122	hcptrt	06	004	restingstate	1
cortex_Limbic	15.56588587949103	60	hcptrt	06	004	restingstate	1
cortex_SalVentAttn	37.45025256108394	121	hcptrt	06	004	restingstate	1
cortex_SomMot	37.111802969047766	194	hcptrt	06	004	restingstate	1
cortex_Vis	29.2723147882043	162	hcptrt	06	004	restingstate	1
subcortex_CAU	27.569741847597665	8	hcptrt	06	004	restingstate	1
subcortex_PUT	29.43451477664978	8	hcptrt	06	004	restingstate	1
subcortex_THA	28.407725611159666	14	hcptrt	06	004	restingstate	1
cerebellum	33.08593900291779	88	hcptrt	06	004	social	1
cortex_Cont	38.92988238268933	128	hcptrt	06	004	social	1
cortex_Default	38.68177180222356	209	hcptrt	06	004	social	1
cortex_DorsAttn	43.485326635035065	122	hcptrt	06	004	social	1
cortex_Limbic	17.518621816592944	60	hcptrt	06	004	social	1
cortex_SalVentAttn	40.67195434327062	121	hcptrt	06	004	social	1
cortex_SomMot	39.99710822131966	194	hcptrt	06	004	social	1
cortex_Vis	32.95318449323582	162	hcptrt	06	004	social	1
subcortex_CAU	28.56293968092764	8	hcptrt	06	004	social	1
subcortex_PUT	30.085098916039534	8	hcptrt	06	004	social	1
subcortex_THA	29.830019100269872	14	hcptrt	06	004	social	1
cerebellum	26.84044940480719	88	hcptrt	06	004	wm	1
cortex_Cont	36.17274583997094	128	hcptrt	06	004	wm	1
cortex_Default	34.97550411989577	209	hcptrt	06	004	wm	1
cortex_DorsAttn	37.58764913253714	122	hcptrt	06	004	wm	1
cortex_Limbic	17.757883818614793	60	hcptrt	06	004	wm	1
cortex_SalVentAttn	37.75187976364003	121	hcptrt	06	004	wm	1
cortex_SomMot	36.21118649656996	194	hcptrt	06	004	wm	1
cortex_Vis	30.151556947940897	162	hcptrt	06	004	wm	1
subcortex_CAU	29.551052990764088	8	hcptrt	06	004	wm	1
subcortex_PUT	30.165207077840588	8	hcptrt	06	004	wm	1
subcortex_THA	28.580863426444477	14	hcptrt	06	004	wm	1
cerebellum	30.32594726561997	88	hcptrt	06	004	wm	2
cortex_Cont	36.94577847432109	128	hcptrt	06	004	wm	2
cortex_Default	36.14460812820493	209	hcptrt	06	004	wm	2
cortex_DorsAttn	40.480370804232095	122	hcptrt	06	004	wm	2
cortex_Limbic	16.17905286918636	60	hcptrt	06	004	wm	2
cortex_SalVentAttn	38.678710883528346	121	hcptrt	06	004	wm	2
cortex_SomMot	37.36572282353221	194	hcptrt	06	004	wm	2
cortex_Vis	30.866544687599152	162	hcptrt	06	004	wm	2
subcortex_CAU	28.86329491993136	8	hcptrt	06	004	wm	2
subcortex_PUT	29.503386465690543	8	hcptrt	06	004	wm	2
subcortex_THA	28.72322742502623	14	hcptrt	06	004	wm	2
cerebellum	38.379950778513006	88	hcptrt	06	004	wm	3
cortex_Cont	45.47826654457426	128	hcptrt	06	004	wm	3
cortex_Default	43.31153891256748	209	hcptrt	06	004	wm	3
cortex_DorsAttn	49.28483065081694	122	hcptrt	06	004	wm	3
cortex_Limbic	18.725725464100133	60	hcptrt	06	004	wm	3
cortex_SalVentAttn	44.52137729596194	121	hcptrt	06	004	wm	3
cortex_SomMot	45.49646625394722	194	hcptrt	06	004	wm	3
cortex_Vis	38.19921318742604	162	hcptrt	06	004	wm	3
subcortex_CAU	29.992098528458648	8	hcptrt	06	004	wm	3
subcortex_PUT	30.110516476160257	8	hcptrt	06	004	wm	3
subcortex_THA	28.964375793532874	14	hcptrt	06	004	wm	3
cerebellum	34.69599593808014	88	hcptrt	06	006	emotion	1
cortex_Cont	42.85024285391876	128	hcptrt	06	006	emotion	1
cortex_Default	40.957415398041576	209	hcptrt	06	006	emotion	1
cortex_DorsAttn	46.36448008408615	122	hcptrt	06	006	emotion	1
cortex_Limbic	19.40250178254981	60	hcptrt	06	006	emotion	1
cortex_SalVentAttn	42.89350504210408	121	hcptrt	06	006	emotion	1
cortex_SomMot	42.71217346869755	194	hcptrt	06	006	emotion	1
cortex_Vis	36.04963112357843	162	hcptrt	06	006	emotion	1
subcortex_CAU	30.73815505374552	8	hcptrt	06	006	emotion	1
subcortex_PUT	31.235762101222022	8	hcptrt	06	006	emotion	1
subcortex_THA	29.652097434736277	14	hcptrt	06	006	emotion	1
cerebellum	39.05596049577287	88	hcptrt	06	006	emotion	2
cortex_Cont	46.77579688840275	128	hcptrt	06	006	emotion	2
cortex_Default	45.12998003924967	209	hcptrt	06	006	emotion	2
cortex_DorsAttn	51.09071116595445	122	hcptrt	06	006	emotion	2
cortex_Limbic	21.084081425176088	60	hcptrt	06	006	emotion	2
cortex_SalVentAttn	45.70139289325309	121	hcptrt	06	006	emotion	2
cortex_SomMot	46.660730413092224	194	hcptrt	06	006	emotion	2
cortex_Vis	39.99921617538419	162	hcptrt	06	006	emotion	2
subcortex_CAU	31.221117797216873	8	hcptrt	06	006	emotion	2
subcortex_PUT	31.012053818537673	8	hcptrt	06	006	emotion	2
subcortex_THA	29.421204945058417	14	hcptrt	06	006	emotion	2
cerebellum	33.1214913732826	88	hcptrt	06	006	gambling	1
cortex_Cont	42.2849748065109	128	hcptrt	06	006	gambling	1
cortex_Default	40.57438131990622	209	hcptrt	06	006	gambling	1
cortex_DorsAttn	45.8928959248506	122	hcptrt	06	006	gambling	1
cortex_Limbic	19.34993888933417	60	hcptrt	06	006	gambling	1
cortex_SalVentAttn	42.65775196174489	121	hcptrt	06	006	gambling	1
cortex_SomMot	43.13640366298519	194	hcptrt	06	006	gambling	1
cortex_Vis	34.80694525297872	162	hcptrt	06	006	gambling	1
subcortex_CAU	30.823443594961397	8	hcptrt	06	006	gambling	1
subcortex_PUT	30.756385809096525	8	hcptrt	06	006	gambling	1
subcortex_THA	29.59619464263687	14	hcptrt	06	006	gambling	1
cerebellum	38.93187878746567	88	hcptrt	06	006	gambling	2
cortex_Cont	46.466147405642744	128	hcptrt	06	006	gambling	2
cortex_Default	45.17011866517235	209	hcptrt	06	006	gambling	2
cortex_DorsAttn	51.163572343547095	122	hcptrt	06	006	gambling	2
cortex_Limbic	21.218635125780384	60	hcptrt	06	006	gambling	2
cortex_SalVentAttn	45.924159497089484	121	hcptrt	06	006	gambling	2
cortex_SomMot	47.07757773906504	194	hcptrt	06	006	gambling	2
cortex_Vis	38.755439067089426	162	hcptrt	06	006	gambling	2
subcortex_CAU	32.544075063249785	8	hcptrt	06	006	gambling	2
subcortex_PUT	31.550694656019466	8	hcptrt	06	006	gambling	2
subcortex_THA	30.29010025061544	14	hcptrt	06	006	gambling	2
cerebellum	29.07428167672821	88	hcptrt	06	006	language	1
cortex_Cont	36.21522642029506	128	hcptrt	06	006	language	1
cortex_Default	35.774202725112	209	hcptrt	06	006	language	1
cortex_DorsAttn	39.92851906263762	122	hcptrt	06	006	language	1
cortex_Limbic	16.965775774173398	60	hcptrt	06	006	language	1
cortex_SalVentAttn	38.86397402204582	121	hcptrt	06	006	language	1
cortex_SomMot	38.44528848437486	194	hcptrt	06	006	language	1
cortex_Vis	29.760706397653866	162	hcptrt	06	006	language	1
subcortex_CAU	28.67043234867553	8	hcptrt	06	006	language	1
subcortex_PUT	29.771791873761675	8	hcptrt	06	006	language	1
subcortex_THA	29.015118690854848	14	hcptrt	06	006	language	1
cerebellum	33.92834360176146	88	hcptrt	06	006	language	2
cortex_Cont	38.27534476357374	128	hcptrt	06	006	language	2
cortex_Default	38.134977905061334	209	hcptrt	06	006	language	2
cortex_DorsAttn	44.628947163975184	122	hcptrt	06	006	language	2
cortex_Limbic	17.64852871554736	60	hcptrt	06	006	language	2
cortex_SalVentAttn	39.696429988236275	121	hcptrt	06	006	language	2
cortex_SomMot	39.695210113600226	194	hcptrt	06	006	language	2
cortex_Vis	34.91365098176896	162	hcptrt	06	006	language	2
subcortex_CAU	28.56835134348399	8	hcptrt	06	006	language	2
subcortex_PUT	29.284656542332073	8	hcptrt	06	006	language	2
subcortex_THA	28.6731481055952	14	hcptrt	06	006	language	2
cerebellum	25.47256848535055	88	hcptrt	06	006	motor	1
cortex_Cont	32.589255918579084	128	hcptrt	06	006	motor	1
cortex_Default	31.254545943966484	209	hcptrt	06	006	motor	1
cortex_DorsAttn	33.96872910810319	122	hcptrt	06	006	motor	1
cortex_Limbic	14.832280471002473	60	hcptrt	06	006	motor	1
cortex_SalVentAttn	32.31789206587919	121	hcptrt	06	006	motor	1
cortex_SomMot	30.850354727401587	194	hcptrt	06	006	motor	1
cortex_Vis	26.157505362790474	162	hcptrt	06	006	motor	1
subcortex_CAU	25.839790529392967	8	hcptrt	06	006	motor	1
subcortex_PUT	27.911217237759764	8	hcptrt	06	006	motor	1
subcortex_THA	26.115300330718373	14	hcptrt	06	006	motor	1
cerebellum	29.089735475892578	88	hcptrt	06	006	motor	2
cortex_Cont	39.22735908321281	128	hcptrt	06	006	motor	2
cortex_Default	37.001615172414404	209	hcptrt	06	006	motor	2
cortex_DorsAttn	39.1440451195108	122	hcptrt	06	006	motor	2
cortex_Limbic	17.9912686610834	60	hcptrt	06	006	motor	2
cortex_SalVentAttn	38.185431916307735	121	hcptrt	06	006	motor	2
cortex_SomMot	36.967178772878526	194	hcptrt	06	006	motor	2
cortex_Vis	29.17875981536014	162	hcptrt	06	006	motor	2
subcortex_CAU	29.242564994711095	8	hcptrt	06	006	motor	2
subcortex_PUT	29.86475561566964	8	hcptrt	06	006	motor	2
subcortex_THA	27.92155315018485	14	hcptrt	06	006	motor	2
cerebellum	31.390911567069107	88	hcptrt	06	006	relational	1
cortex_Cont	40.571893129681186	128	hcptrt	06	006	relational	1
cortex_Default	39.03512494202276	209	hcptrt	06	006	relational	1
cortex_DorsAttn	42.53456097919639	122	hcptrt	06	006	relational	1
cortex_Limbic	18.52328219802968	60	hcptrt	06	006	relational	1
cortex_SalVentAttn	41.1046009511053	121	hcptrt	06	006	relational	1
cortex_SomMot	40.04075699532075	194	hcptrt	06	006	relational	1
cortex_Vis	32.63052464282727	162	hcptrt	06	006	relational	1
subcortex_CAU	31.823755349511327	8	hcptrt	06	006	relational	1
subcortex_PUT	31.27954809035682	8	hcptrt	06	006	relational	1
subcortex_THA	29.91698062174151	14	hcptrt	06	006	relational	1
cerebellum	36.29500173877428	88	hcptrt	06	006	relational	2
cortex_Cont	44.09017060922392	128	hcptrt	06	006	relational	2
cortex_Default	42.6667313078266	209	hcptrt	06	006	relational	2
cortex_DorsAttn	48.2166433960415	122	hcptrt	06	006	relational	2
cortex_Limbic	19.36338874915771	60	hcptrt	06	006	relational	2
cortex_SalVentAttn	44.26493360380706	121	hcptrt	06	006	relational	2
cortex_SomMot	45.27815518124378	194	hcptrt	06	006	relational	2
cortex_Vis	37.07787206654213	162	hcptrt	06	006	relational	2
subcortex_CAU	31.206022659413662	8	hcptrt	06	006	relational	2
subcortex_PUT	31.04238385626255	8	hcptrt	06	006	relational	2
subcortex_THA	29.748550764004275	14	hcptrt	06	006	relational	2
cerebellum	33.93624416101851	88	hcptrt	06	006	social	1
cortex_Cont	44.74473944325577	128	hcptrt	06	006	social	1
cortex_Default	42.62742463160879	209	hcptrt	06	006	social	1
cortex_DorsAttn	46.468438461636836	122	hcptrt	06	006	social	1
cortex_Limbic	20.037285788966116	60	hcptrt	06	006	social	1
cortex_SalVentAttn	43.73006615252212	121	hcptrt	06	006	social	1
cortex_SomMot	45.169402721131554	194	hcptrt	06	006	social	1
cortex_Vis	34.54218956575028	162	hcptrt	06	006	social	1
subcortex_CAU	32.28641169806471	8	hcptrt	06	006	social	1
subcortex_PUT	31.72292319780453	8	hcptrt	06	006	social	1
subcortex_THA	30.25367468033513	14	hcptrt	06	006	social	1
cerebellum	37.32674190036325	88	hcptrt	06	006	social	2
cortex_Cont	46.03657903750397	128	hcptrt	06	006	social	2
cortex_Default	44.13316912447075	209	hcptrt	06	006	social	2
cortex_DorsAttn	49.40530535424023	122	hcptrt	06	006	social	2
cortex_Limbic	20.542730358451486	60	hcptrt	06	006	social	2
cortex_SalVentAttn	45.4071151064383	121	hcptrt	06	006	social	2
cortex_SomMot	47.92900705869433	194	hcptrt	06	006	social	2
cortex_Vis	36.59872960569399	162	hcptrt	06	006	social	2
subcortex_CAU	32.7658018123095	8	hcptrt	06	006	social	2
subcortex_PUT	31.4402210871963	8	hcptrt	06	006	social	2
subcortex_THA	30.22012256222636	14	hcptrt	06	006	social	2
cerebellum	35.031521616630826	88	hcptrt	06	006	wm	1
cortex_Cont	44.40008415286779	128	hcptrt	06	006	wm	1
cortex_Default	42.16229311047307	209	hcptrt	06	006	wm	1
cortex_DorsAttn	49.63361867177571	122	hcptrt	06	006	wm	1
cortex_Limbic	19.494100519383043	60	hcptrt	06	006	wm	1
cortex_SalVentAttn	43.35639891183434	121	hcptrt	06	006	wm	1
cortex_SomMot	45.27400027920742	194	hcptrt	06	006	wm	1
cortex_Vis	37.87433349105212	162	hcptrt	06	006	wm	1
subcortex_CAU	32.053476683096925	8	hcptrt	06	006	wm	1
subcortex_PUT	31.634264898844247	8	hcptrt	06	006	wm	1
subcortex_THA	30.171020185278966	14	hcptrt	06	006	wm	1
cerebellum	36.748665816976654	88	hcptrt	06	006	wm	2
cortex_Cont	44.56238941380537	128	hcptrt	06	006	wm	2
cortex_Default	42.84304064871689	209	hcptrt	06	006	wm	2
cortex_DorsAttn	49.99855790226256	122	hcptrt	06	006	wm	2
cortex_Limbic	19.55012644232361	60	hcptrt	06	006	wm	2
cortex_SalVentAttn	45.053799554616454	121	hcptrt	06	006	wm	2
cortex_SomMot	46.026390318457224	194	hcptrt	06	006	wm	2
cortex_Vis	37.62288924912519	162	hcptrt	06	006	wm	2
subcortex_CAU	31.092833297708367	8	hcptrt	06	006	wm	2
subcortex_PUT	30.542155252789986	8	hcptrt	06	006	wm	2
subcortex_THA	29.499314480701802	14	hcptrt	06	006	wm	2
cerebellum	37.03053945106438	88	hcptrt	06	007	emotion	1
cortex_Cont	48.2771069923199	128	hcptrt	06	007	emotion	1
cortex_Default	45.49813326309048	209	hcptrt	06	007	emotion	1
cortex_DorsAttn	51.46890759951295	122	hcptrt	06	007	emotion	1
cortex_Limbic	20.61608455982741	60	hcptrt	06	007	emotion	1
cortex_SalVentAttn	47.08552561955923	121	hcptrt	06	007	emotion	1
cortex_SomMot	48.69008826701039	194	hcptrt	06	007	emotion	1
cortex_Vis	39.36322369855029	162	hcptrt	06	007	emotion	1
subcortex_CAU	31.62863087682591	8	hcptrt	06	007	emotion	1
subcortex_PUT	31.282967082536572	8	hcptrt	06	007	emotion	1
subcortex_THA	29.811327495690456	14	hcptrt	06	007	emotion	1
cerebellum	30.857237901287384	88	hcptrt	06	007	gambling	1
cortex_Cont	40.52525044639209	128	hcptrt	06	007	gambling	1
cortex_Default	38.749092395475294	209	hcptrt	06	007	gambling	1
cortex_DorsAttn	41.30911943422435	122	hcptrt	06	007	gambling	1
cortex_Limbic	17.71303632554511	60	hcptrt	06	007	gambling	1
cortex_SalVentAttn	41.05460627969781	121	hcptrt	06	007	gambling	1
cortex_SomMot	40.44602516434926	194	hcptrt	06	007	gambling	1
cortex_Vis	31.694456111104802	162	hcptrt	06	007	gambling	1
subcortex_CAU	28.624866588265036	8	hcptrt	06	007	gambling	1
subcortex_PUT	30.180266585933836	8	hcptrt	06	007	gambling	1
subcortex_THA	28.39989696874458	14	hcptrt	06	007	gambling	1
cerebellum	29.13268901151084	88	hcptrt	06	007	language	1
cortex_Cont	41.4961092711668	128	hcptrt	06	007	language	1
cortex_Default	39.111703223610746	209	hcptrt	06	007	language	1
cortex_DorsAttn	42.59909710138228	122	hcptrt	06	007	language	1
cortex_Limbic	17.55824718768068	60	hcptrt	06	007	language	1
cortex_SalVentAttn	41.77275493741985	121	hcptrt	06	007	language	1
cortex_SomMot	41.49750182612262	194	hcptrt	06	007	language	1
cortex_Vis	31.707318867147517	162	hcptrt	06	007	language	1
subcortex_CAU	29.633818065514532	8	hcptrt	06	007	language	1
subcortex_PUT	29.809886165659883	8	hcptrt	06	007	language	1
subcortex_THA	28.56109648250958	14	hcptrt	06	007	language	1
cerebellum	26.18340976424779	88	hcptrt	06	007	motor	1
cortex_Cont	35.694281593749736	128	hcptrt	06	007	motor	1
cortex_Default	34.272253692415184	209	hcptrt	06	007	motor	1
cortex_DorsAttn	35.78851460934573	122	hcptrt	06	007	motor	1
cortex_Limbic	15.969813544646817	60	hcptrt	06	007	motor	1
cortex_SalVentAttn	37.44553869000978	121	hcptrt	06	007	motor	1
cortex_SomMot	35.4007089218469	194	hcptrt	06	007	motor	1
cortex_Vis	27.845965723332906	162	hcptrt	06	007	motor	1
subcortex_CAU	28.486814916814318	8	hcptrt	06	007	motor	1
subcortex_PUT	28.88949891310746	8	hcptrt	06	007	motor	1
subcortex_THA	27.76196728576979	14	hcptrt	06	007	motor	1
cerebellum	30.559500725861984	88	hcptrt	06	007	relational	1
cortex_Cont	42.09793780441163	128	hcptrt	06	007	relational	1
cortex_Default	40.10026926593538	209	hcptrt	06	007	relational	1
cortex_DorsAttn	43.05707654433902	122	hcptrt	06	007	relational	1
cortex_Limbic	18.93134889511343	60	hcptrt	06	007	relational	1
cortex_SalVentAttn	41.89353782789433	121	hcptrt	06	007	relational	1
cortex_SomMot	41.005120152274834	194	hcptrt	06	007	relational	1
cortex_Vis	32.90604403021885	162	hcptrt	06	007	relational	1
subcortex_CAU	30.920272899212073	8	hcptrt	06	007	relational	1
subcortex_PUT	30.54584918623922	8	hcptrt	06	007	relational	1
subcortex_THA	29.407631022679983	14	hcptrt	06	007	relational	1
cerebellum	27.64716247072479	88	hcptrt	06	007	restingstate	1
cortex_Cont	36.25144220843244	128	hcptrt	06	007	restingstate	1
cortex_Default	35.235452972261484	209	hcptrt	06	007	restingstate	1
cortex_DorsAttn	37.745543763452254	122	hcptrt	06	007	restingstate	1
cortex_Limbic	15.895162298349742	60	hcptrt	06	007	restingstate	1
cortex_SalVentAttn	37.283309926422355	121	hcptrt	06	007	restingstate	1
cortex_SomMot	35.958711934438846	194	hcptrt	06	007	restingstate	1
cortex_Vis	29.647167438031207	162	hcptrt	06	007	restingstate	1
subcortex_CAU	28.70674752950075	8	hcptrt	06	007	restingstate	1
subcortex_PUT	29.688186052619166	8	hcptrt	06	007	restingstate	1
subcortex_THA	28.72434655419894	14	hcptrt	06	007	restingstate	1
cerebellum	35.327831371588694	88	hcptrt	06	007	social	1
cortex_Cont	45.37483889350822	128	hcptrt	06	007	social	1
cortex_Default	43.62459723874781	209	hcptrt	06	007	social	1
cortex_DorsAttn	46.66381567764827	122	hcptrt	06	007	social	1
cortex_Limbic	20.297700157589915	60	hcptrt	06	007	social	1
cortex_SalVentAttn	45.55921366918295	121	hcptrt	06	007	social	1
cortex_SomMot	46.27213296467204	194	hcptrt	06	007	social	1
cortex_Vis	35.80824361173725	162	hcptrt	06	007	social	1
subcortex_CAU	31.347066682140852	8	hcptrt	06	007	social	1
subcortex_PUT	30.718219279411933	8	hcptrt	06	007	social	1
subcortex_THA	29.497917889220446	14	hcptrt	06	007	social	1
cerebellum	32.18537789917975	88	hcptrt	06	007	wm	1
cortex_Cont	40.95516081034054	128	hcptrt	06	007	wm	1
cortex_Default	39.70358527042041	209	hcptrt	06	007	wm	1
cortex_DorsAttn	43.70419531842115	122	hcptrt	06	007	wm	1
cortex_Limbic	18.320024388991712	60	hcptrt	06	007	wm	1
cortex_SalVentAttn	42.12236804170486	121	hcptrt	06	007	wm	1
cortex_SomMot	41.34085265265322	194	hcptrt	06	007	wm	1
cortex_Vis	34.440474873516784	162	hcptrt	06	007	wm	1
subcortex_CAU	29.73618429385624	8	hcptrt	06	007	wm	1
subcortex_PUT	30.20029987091012	8	hcptrt	06	007	wm	1
subcortex_THA	29.108686150206303	14	hcptrt	06	007	wm	1
cerebellum	36.13154417124802	88	hcptrt	06	008	emotion	1
cortex_Cont	47.68675700740121	128	hcptrt	06	008	emotion	1
cortex_Default	45.03499148267512	209	hcptrt	06	008	emotion	1
cortex_DorsAttn	49.21012939382	122	hcptrt	06	008	emotion	1
cortex_Limbic	20.749224369095327	60	hcptrt	06	008	emotion	1
cortex_SalVentAttn	46.755395367427866	121	hcptrt	06	008	emotion	1
cortex_SomMot	47.73848244819706	194	hcptrt	06	008	emotion	1
cortex_Vis	37.18500432128158	162	hcptrt	06	008	emotion	1
subcortex_CAU	32.269242885788444	8	hcptrt	06	008	emotion	1
subcortex_PUT	31.464845433048986	8	hcptrt	06	008	emotion	1
subcortex_THA	30.087439415441146	14	hcptrt	06	008	emotion	1
cerebellum	33.2812092294329	88	hcptrt	06	008	gambling	1
cortex_Cont	43.999034207326545	128	hcptrt	06	008	gambling	1
cortex_Default	42.01830090452127	209	hcptrt	06	008	gambling	1
cortex_DorsAttn	44.91374220166056	122	hcptrt	06	008	gambling	1
cortex_Limbic	19.467127539207485	60	hcptrt	06	008	gambling	1
cortex_SalVentAttn	44.26633786494942	121	hcptrt	06	008	gambling	1
cortex_SomMot	43.8867477787808	194	hcptrt	06	008	gambling	1
cortex_Vis	34.40800363550605	162	hcptrt	06	008	gambling	1
subcortex_CAU	30.086385661655196	8	hcptrt	06	008	gambling	1
subcortex_PUT	30.255247364137645	8	hcptrt	06	008	gambling	1
subcortex_THA	29.44284777815125	14	hcptrt	06	008	gambling	1
cerebellum	28.926987184510782	88	hcptrt	06	008	language	1
cortex_Cont	36.537817551402036	128	hcptrt	06	008	language	1
cortex_Default	35.660043947706626	209	hcptrt	06	008	language	1
cortex_DorsAttn	38.044104883527325	122	hcptrt	06	008	language	1
cortex_Limbic	16.28566805079293	60	hcptrt	06	008	language	1
cortex_SalVentAttn	38.520588265660436	121	hcptrt	06	008	language	1
cortex_SomMot	36.147736496088996	194	hcptrt	06	008	language	1
cortex_Vis	29.585350564394794	162	hcptrt	06	008	language	1
subcortex_CAU	27.50027980582613	8	hcptrt	06	008	language	1
subcortex_PUT	29.435204806834818	8	hcptrt	06	008	language	1
subcortex_THA	28.400276289272913	14	hcptrt	06	008	language	1
cerebellum	33.18327571635689	88	hcptrt	06	008	motor	1
cortex_Cont	43.053163878792766	128	hcptrt	06	008	motor	1
cortex_Default	40.698465309278106	209	hcptrt	06	008	motor	1
cortex_DorsAttn	45.614570685002896	122	hcptrt	06	008	motor	1
cortex_Limbic	18.152453108443506	60	hcptrt	06	008	motor	1
cortex_SalVentAttn	42.687477876815876	121	hcptrt	06	008	motor	1
cortex_SomMot	41.681902796413304	194	hcptrt	06	008	motor	1
cortex_Vis	35.559611515161585	162	hcptrt	06	008	motor	1
subcortex_CAU	29.19208623982001	8	hcptrt	06	008	motor	1
subcortex_PUT	29.768335520862564	8	hcptrt	06	008	motor	1
subcortex_THA	29.337741894331426	14	hcptrt	06	008	motor	1
cerebellum	34.61091814694241	88	hcptrt	06	008	relational	1
cortex_Cont	44.56128267204844	128	hcptrt	06	008	relational	1
cortex_Default	42.93926817631237	209	hcptrt	06	008	relational	1
cortex_DorsAttn	45.71542369539344	122	hcptrt	06	008	relational	1
cortex_Limbic	19.778259225933514	60	hcptrt	06	008	relational	1
cortex_SalVentAttn	44.695541573395246	121	hcptrt	06	008	relational	1
cortex_SomMot	44.248571921309555	194	hcptrt	06	008	relational	1
cortex_Vis	34.980362055965756	162	hcptrt	06	008	relational	1
subcortex_CAU	30.346857120805907	8	hcptrt	06	008	relational	1
subcortex_PUT	30.900446947726106	8	hcptrt	06	008	relational	1
subcortex_THA	29.5996479569192	14	hcptrt	06	008	relational	1
cerebellum	26.247634624873168	88	hcptrt	06	008	restingstate	1
cortex_Cont	34.319477956117126	128	hcptrt	06	008	restingstate	1
cortex_Default	32.87715030231944	209	hcptrt	06	008	restingstate	1
cortex_DorsAttn	35.5397712830052	122	hcptrt	06	008	restingstate	1
cortex_Limbic	15.6429243960501	60	hcptrt	06	008	restingstate	1
cortex_SalVentAttn	36.116402105696864	121	hcptrt	06	008	restingstate	1
cortex_SomMot	34.11315588733283	194	hcptrt	06	008	restingstate	1
cortex_Vis	26.932697944546355	162	hcptrt	06	008	restingstate	1
subcortex_CAU	28.100903591636566	8	hcptrt	06	008	restingstate	1
subcortex_PUT	28.92137643685573	8	hcptrt	06	008	restingstate	1
subcortex_THA	27.186348222342918	14	hcptrt	06	008	restingstate	1
cerebellum	35.500137817681065	88	hcptrt	06	008	social	1
cortex_Cont	42.306900731095425	128	hcptrt	06	008	social	1
cortex_Default	40.545209714298885	209	hcptrt	06	008	social	1
cortex_DorsAttn	44.867618487663535	122	hcptrt	06	008	social	1
cortex_Limbic	19.132619425346313	60	hcptrt	06	008	social	1
cortex_SalVentAttn	42.65495167234379	121	hcptrt	06	008	social	1
cortex_SomMot	43.064969558755095	194	hcptrt	06	008	social	1
cortex_Vis	35.40937933619686	162	hcptrt	06	008	social	1
subcortex_CAU	29.631926958452357	8	hcptrt	06	008	social	1
subcortex_PUT	30.310449518995995	8	hcptrt	06	008	social	1
subcortex_THA	29.348425285697946	14	hcptrt	06	008	social	1
cerebellum	32.57254181128798	88	hcptrt	06	008	wm	1
cortex_Cont	44.57254199824976	128	hcptrt	06	008	wm	1
cortex_Default	42.543422254742524	209	hcptrt	06	008	wm	1
cortex_DorsAttn	44.8107030814222	122	hcptrt	06	008	wm	1
cortex_Limbic	19.46656289372225	60	hcptrt	06	008	wm	1
cortex_SalVentAttn	44.56822180832761	121	hcptrt	06	008	wm	1
cortex_SomMot	44.04824316891288	194	hcptrt	06	008	wm	1
cortex_Vis	34.09040536486614	162	hcptrt	06	008	wm	1
subcortex_CAU	30.37275211006091	8	hcptrt	06	008	wm	1
subcortex_PUT	30.48186449134821	8	hcptrt	06	008	wm	1
subcortex_THA	29.344234531779154	14	hcptrt	06	008	wm	1
cerebellum	39.24198009799929	88	hcptrt	06	009	emotion	1
cortex_Cont	47.670442192853756	128	hcptrt	06	009	emotion	1
cortex_Default	45.58846214095799	209	hcptrt	06	009	emotion	1
cortex_DorsAttn	51.91679198672922	122	hcptrt	06	009	emotion	1
cortex_Limbic	20.113799348150447	60	hcptrt	06	009	emotion	1
cortex_SalVentAttn	46.826820981520235	121	hcptrt	06	009	emotion	1
cortex_SomMot	47.99531916001002	194	hcptrt	06	009	emotion	1
cortex_Vis	38.787346710368844	162	hcptrt	06	009	emotion	1
subcortex_CAU	31.944650564620062	8	hcptrt	06	009	emotion	1
subcortex_PUT	31.088179094696766	8	hcptrt	06	009	emotion	1
subcortex_THA	29.750389779280226	14	hcptrt	06	009	emotion	1
cerebellum	37.311847755977674	88	hcptrt	06	009	emotion	2
cortex_Cont	44.99314809006656	128	hcptrt	06	009	emotion	2
cortex_Default	42.95284269634032	209	hcptrt	06	009	emotion	2
cortex_DorsAttn	49.192187368611016	122	hcptrt	06	009	emotion	2
cortex_Limbic	19.457048086494716	60	hcptrt	06	009	emotion	2
cortex_SalVentAttn	45.41279575324402	121	hcptrt	06	009	emotion	2
cortex_SomMot	45.65159408012696	194	hcptrt	06	009	emotion	2
cortex_Vis	36.951257971494655	162	hcptrt	06	009	emotion	2
subcortex_CAU	29.623002242114147	8	hcptrt	06	009	emotion	2
subcortex_PUT	29.855957665050465	8	hcptrt	06	009	emotion	2
subcortex_THA	29.421434777634577	14	hcptrt	06	009	emotion	2
cerebellum	35.67195138356383	88	hcptrt	06	009	gambling	1
cortex_Cont	44.063855470382784	128	hcptrt	06	009	gambling	1
cortex_Default	41.90538469878623	209	hcptrt	06	009	gambling	1
cortex_DorsAttn	48.332419906413215	122	hcptrt	06	009	gambling	1
cortex_Limbic	18.540336694247326	60	hcptrt	06	009	gambling	1
cortex_SalVentAttn	44.03639951268732	121	hcptrt	06	009	gambling	1
cortex_SomMot	45.02401454968287	194	hcptrt	06	009	gambling	1
cortex_Vis	36.14459874571089	162	hcptrt	06	009	gambling	1
subcortex_CAU	30.632061705188985	8	hcptrt	06	009	gambling	1
subcortex_PUT	30.758159584149443	8	hcptrt	06	009	gambling	1
subcortex_THA	29.444191133766385	14	hcptrt	06	009	gambling	1
cerebellum	35.672924199267065	88	hcptrt	06	009	gambling	2
cortex_Cont	43.69211290645676	128	hcptrt	06	009	gambling	2
cortex_Default	41.10075140163194	209	hcptrt	06	009	gambling	2
cortex_DorsAttn	48.18598444349458	122	hcptrt	06	009	gambling	2
cortex_Limbic	18.22510654716966	60	hcptrt	06	009	gambling	2
cortex_SalVentAttn	43.30649712112708	121	hcptrt	06	009	gambling	2
cortex_SomMot	44.02840607868834	194	hcptrt	06	009	gambling	2
cortex_Vis	36.31309539106973	162	hcptrt	06	009	gambling	2
subcortex_CAU	29.24227098259981	8	hcptrt	06	009	gambling	2
subcortex_PUT	29.646409791383462	8	hcptrt	06	009	gambling	2
subcortex_THA	28.877467510466726	14	hcptrt	06	009	gambling	2
cerebellum	30.936074372099334	88	hcptrt	06	009	language	1
cortex_Cont	41.06015200862282	128	hcptrt	06	009	language	1
cortex_Default	38.85413034738674	209	hcptrt	06	009	language	1
cortex_DorsAttn	43.79913557645993	122	hcptrt	06	009	language	1
cortex_Limbic	17.89905830343473	60	hcptrt	06	009	language	1
cortex_SalVentAttn	41.24611952917001	121	hcptrt	06	009	language	1
cortex_SomMot	41.028811035884516	194	hcptrt	06	009	language	1
cortex_Vis	31.898096275499483	162	hcptrt	06	009	language	1
subcortex_CAU	29.130305396045365	8	hcptrt	06	009	language	1
subcortex_PUT	29.309546760805855	8	hcptrt	06	009	language	1
subcortex_THA	28.13688395285215	14	hcptrt	06	009	language	1
cerebellum	32.11536396668416	88	hcptrt	06	009	language	2
cortex_Cont	39.4718441224651	128	hcptrt	06	009	language	2
cortex_Default	37.85396855207172	209	hcptrt	06	009	language	2
cortex_DorsAttn	43.287057095779474	122	hcptrt	06	009	language	2
cortex_Limbic	17.091991414377556	60	hcptrt	06	009	language	2
cortex_SalVentAttn	40.43013097790003	121	hcptrt	06	009	language	2
cortex_SomMot	39.51224427372603	194	hcptrt	06	009	language	2
cortex_Vis	32.397697778669716	162	hcptrt	06	009	language	2
subcortex_CAU	28.308810427182756	8	hcptrt	06	009	language	2
subcortex_PUT	28.828521711635794	8	hcptrt	06	009	language	2
subcortex_THA	28.068103718556934	14	hcptrt	06	009	language	2
cerebellum	36.32525707018428	88	hcptrt	06	009	motor	1
cortex_Cont	45.407866765030285	128	hcptrt	06	009	motor	1
cortex_Default	43.05109248674802	209	hcptrt	06	009	motor	1
cortex_DorsAttn	48.80913975857026	122	hcptrt	06	009	motor	1
cortex_Limbic	18.593312264305535	60	hcptrt	06	009	motor	1
cortex_SalVentAttn	43.912763944535484	121	hcptrt	06	009	motor	1
cortex_SomMot	44.85322331711611	194	hcptrt	06	009	motor	1
cortex_Vis	37.369463621267634	162	hcptrt	06	009	motor	1
subcortex_CAU	29.198054103759603	8	hcptrt	06	009	motor	1
subcortex_PUT	29.829448994926242	8	hcptrt	06	009	motor	1
subcortex_THA	28.773241909737333	14	hcptrt	06	009	motor	1
cerebellum	28.854328746419164	88	hcptrt	06	009	motor	2
cortex_Cont	38.800915499125104	128	hcptrt	06	009	motor	2
cortex_Default	36.86552481175364	209	hcptrt	06	009	motor	2
cortex_DorsAttn	39.22459363236032	122	hcptrt	06	009	motor	2
cortex_Limbic	17.113430642947094	60	hcptrt	06	009	motor	2
cortex_SalVentAttn	37.81832749119334	121	hcptrt	06	009	motor	2
cortex_SomMot	35.912605987611016	194	hcptrt	06	009	motor	2
cortex_Vis	29.71237041376268	162	hcptrt	06	009	motor	2
subcortex_CAU	28.555708263194077	8	hcptrt	06	009	motor	2
subcortex_PUT	29.207934065470656	8	hcptrt	06	009	motor	2
subcortex_THA	27.835755203728727	14	hcptrt	06	009	motor	2
cerebellum	40.05172708258983	88	hcptrt	06	009	relational	1
cortex_Cont	48.797136645379126	128	hcptrt	06	009	relational	1
cortex_Default	46.690567828084816	209	hcptrt	06	009	relational	1
cortex_DorsAttn	53.96228900566108	122	hcptrt	06	009	relational	1
cortex_Limbic	20.31883878384745	60	hcptrt	06	009	relational	1
cortex_SalVentAttn	47.965160488606145	121	hcptrt	06	009	relational	1
cortex_SomMot	50.951850394352114	194	hcptrt	06	009	relational	1
cortex_Vis	40.36580453880685	162	hcptrt	06	009	relational	1
subcortex_CAU	31.575073785822447	8	hcptrt	06	009	relational	1
subcortex_PUT	31.283436290370872	8	hcptrt	06	009	relational	1
subcortex_THA	30.08367440017329	14	hcptrt	06	009	relational	1
cerebellum	32.13244945636051	88	hcptrt	06	009	relational	2
cortex_Cont	41.15446097877188	128	hcptrt	06	009	relational	2
cortex_Default	39.8302411358655	209	hcptrt	06	009	relational	2
cortex_DorsAttn	45.28989692567499	122	hcptrt	06	009	relational	2
cortex_Limbic	17.889832890137093	60	hcptrt	06	009	relational	2
cortex_SalVentAttn	42.37149097141463	121	hcptrt	06	009	relational	2
cortex_SomMot	43.01499297615141	194	hcptrt	06	009	relational	2
cortex_Vis	32.6091824692633	162	hcptrt	06	009	relational	2
subcortex_CAU	28.953095094067812	8	hcptrt	06	009	relational	2
subcortex_PUT	29.688053565007326	8	hcptrt	06	009	relational	2
subcortex_THA	28.947245728612668	14	hcptrt	06	009	relational	2
cerebellum	39.108666455320545	88	hcptrt	06	009	social	1
cortex_Cont	47.476530661991376	128	hcptrt	06	009	social	1
cortex_Default	45.50048602203819	209	hcptrt	06	009	social	1
cortex_DorsAttn	50.99642896216976	122	hcptrt	06	009	social	1
cortex_Limbic	20.94773109788137	60	hcptrt	06	009	social	1
cortex_SalVentAttn	46.47958771511705	121	hcptrt	06	009	social	1
cortex_SomMot	48.02148899996034	194	hcptrt	06	009	social	1
cortex_Vis	38.49180762579493	162	hcptrt	06	009	social	1
subcortex_CAU	32.242209214411936	8	hcptrt	06	009	social	1
subcortex_PUT	31.275542588391858	8	hcptrt	06	009	social	1
subcortex_THA	30.027698176378347	14	hcptrt	06	009	social	1
cerebellum	38.076215333692055	88	hcptrt	06	009	social	2
cortex_Cont	45.28682510794558	128	hcptrt	06	009	social	2
cortex_Default	43.74419565470707	209	hcptrt	06	009	social	2
cortex_DorsAttn	48.62461437302215	122	hcptrt	06	009	social	2
cortex_Limbic	19.957799405100925	60	hcptrt	06	009	social	2
cortex_SalVentAttn	44.73459884957956	121	hcptrt	06	009	social	2
cortex_SomMot	46.16062430493765	194	hcptrt	06	009	social	2
cortex_Vis	36.411612758957006	162	hcptrt	06	009	social	2
subcortex_CAU	31.37098823661259	8	hcptrt	06	009	social	2
subcortex_PUT	30.463540288915567	8	hcptrt	06	009	social	2
subcortex_THA	29.588281579709097	14	hcptrt	06	009	social	2
cerebellum	38.28702391384976	88	hcptrt	06	009	wm	1
cortex_Cont	45.02090266509761	128	hcptrt	06	009	wm	1
cortex_Default	43.86245831080398	209	hcptrt	06	009	wm	1
cortex_DorsAttn	49.58233307282126	122	hcptrt	06	009	wm	1
cortex_Limbic	19.306259654887405	60	hcptrt	06	009	wm	1
cortex_SalVentAttn	44.84392002818317	121	hcptrt	06	009	wm	1
cortex_SomMot	46.13952764929739	194	hcptrt	06	009	wm	1
cortex_Vis	37.993877181973176	162	hcptrt	06	009	wm	1
subcortex_CAU	31.149067884567398	8	hcptrt	06	009	wm	1
subcortex_PUT	30.741862892206548	8	hcptrt	06	009	wm	1
subcortex_THA	29.941153227355432	14	hcptrt	06	009	wm	1
cerebellum	35.629670713958426	88	hcptrt	06	009	wm	2
cortex_Cont	46.07885804265759	128	hcptrt	06	009	wm	2
cortex_Default	43.652337015688964	209	hcptrt	06	009	wm	2
cortex_DorsAttn	49.52759477592082	122	hcptrt	06	009	wm	2
cortex_Limbic	19.504145294950213	60	hcptrt	06	009	wm	2
cortex_SalVentAttn	45.23572103039221	121	hcptrt	06	009	wm	2
cortex_SomMot	46.51093186561171	194	hcptrt	06	009	wm	2
cortex_Vis	36.56964799489735	162	hcptrt	06	009	wm	2
subcortex_CAU	31.105292748316057	8	hcptrt	06	009	wm	2
subcortex_PUT	30.85967047208455	8	hcptrt	06	009	wm	2
subcortex_THA	29.883118828727667	14	hcptrt	06	009	wm	2
cerebellum	38.80159911056974	88	hcptrt	06	010	emotion	1
cortex_Cont	51.065522434185084	128	hcptrt	06	010	emotion	1
cortex_Default	47.636014790632466	209	hcptrt	06	010	emotion	1
cortex_DorsAttn	55.734048456523595	122	hcptrt	06	010	emotion	1
cortex_Limbic	21.198532299405283	60	hcptrt	06	010	emotion	1
cortex_SalVentAttn	49.23322979087141	121	hcptrt	06	010	emotion	1
cortex_SomMot	52.37984598186902	194	hcptrt	06	010	emotion	1
cortex_Vis	41.080736821510904	162	hcptrt	06	010	emotion	1
subcortex_CAU	32.37494124075556	8	hcptrt	06	010	emotion	1
subcortex_PUT	31.468256092148774	8	hcptrt	06	010	emotion	1
subcortex_THA	30.47759686793422	14	hcptrt	06	010	emotion	1
cerebellum	34.85768475002564	88	hcptrt	06	010	gambling	1
cortex_Cont	46.33215768430142	128	hcptrt	06	010	gambling	1
cortex_Default	43.78580631577885	209	hcptrt	06	010	gambling	1
cortex_DorsAttn	49.95509026882074	122	hcptrt	06	010	gambling	1
cortex_Limbic	19.98333022162948	60	hcptrt	06	010	gambling	1
cortex_SalVentAttn	45.22899138879819	121	hcptrt	06	010	gambling	1
cortex_SomMot	46.0725375805497	194	hcptrt	06	010	gambling	1
cortex_Vis	37.175006083171546	162	hcptrt	06	010	gambling	1
subcortex_CAU	31.83548392724402	8	hcptrt	06	010	gambling	1
subcortex_PUT	30.95469075144775	8	hcptrt	06	010	gambling	1
subcortex_THA	29.814008770452315	14	hcptrt	06	010	gambling	1
cerebellum	33.329884813157214	88	hcptrt	06	010	language	1
cortex_Cont	43.75443578995193	128	hcptrt	06	010	language	1
cortex_Default	41.97407098459838	209	hcptrt	06	010	language	1
cortex_DorsAttn	47.55405263869898	122	hcptrt	06	010	language	1
cortex_Limbic	18.568052375722303	60	hcptrt	06	010	language	1
cortex_SalVentAttn	44.37915164906305	121	hcptrt	06	010	language	1
cortex_SomMot	45.66501509797048	194	hcptrt	06	010	language	1
cortex_Vis	35.291159339017334	162	hcptrt	06	010	language	1
subcortex_CAU	30.807655558996753	8	hcptrt	06	010	language	1
subcortex_PUT	30.40099500949602	8	hcptrt	06	010	language	1
subcortex_THA	29.75187010480969	14	hcptrt	06	010	language	1
cerebellum	26.881863188739853	88	hcptrt	06	010	motor	1
cortex_Cont	37.0393549890514	128	hcptrt	06	010	motor	1
cortex_Default	34.675382772851115	209	hcptrt	06	010	motor	1
cortex_DorsAttn	37.851066346930494	122	hcptrt	06	010	motor	1
cortex_Limbic	16.706015857462713	60	hcptrt	06	010	motor	1
cortex_SalVentAttn	37.77465978066402	121	hcptrt	06	010	motor	1
cortex_SomMot	36.05036769875543	194	hcptrt	06	010	motor	1
cortex_Vis	28.037879528582884	162	hcptrt	06	010	motor	1
subcortex_CAU	30.793296619563396	8	hcptrt	06	010	motor	1
subcortex_PUT	30.169063027575113	8	hcptrt	06	010	motor	1
subcortex_THA	28.14952717161984	14	hcptrt	06	010	motor	1
cerebellum	28.54285159025318	88	hcptrt	06	010	relational	1
cortex_Cont	38.671140513185584	128	hcptrt	06	010	relational	1
cortex_Default	37.407147530750166	209	hcptrt	06	010	relational	1
cortex_DorsAttn	41.900798799837716	122	hcptrt	06	010	relational	1
cortex_Limbic	17.636592739122005	60	hcptrt	06	010	relational	1
cortex_SalVentAttn	40.68039664657281	121	hcptrt	06	010	relational	1
cortex_SomMot	40.59147901920778	194	hcptrt	06	010	relational	1
cortex_Vis	29.813279132730173	162	hcptrt	06	010	relational	1
subcortex_CAU	30.734954590441056	8	hcptrt	06	010	relational	1
subcortex_PUT	30.568543558851648	8	hcptrt	06	010	relational	1
subcortex_THA	29.531761630224224	14	hcptrt	06	010	relational	1
cerebellum	28.56455916071926	88	hcptrt	06	010	restingstate	1
cortex_Cont	36.57796113826012	128	hcptrt	06	010	restingstate	1
cortex_Default	35.41934577894767	209	hcptrt	06	010	restingstate	1
cortex_DorsAttn	42.442972460217156	122	hcptrt	06	010	restingstate	1
cortex_Limbic	15.173348766843729	60	hcptrt	06	010	restingstate	1
cortex_SalVentAttn	37.5904140062474	121	hcptrt	06	010	restingstate	1
cortex_SomMot	37.790830846150705	194	hcptrt	06	010	restingstate	1
cortex_Vis	30.538692153087148	162	hcptrt	06	010	restingstate	1
subcortex_CAU	26.914754085628044	8	hcptrt	06	010	restingstate	1
subcortex_PUT	28.51550370596834	8	hcptrt	06	010	restingstate	1
subcortex_THA	27.99237596642279	14	hcptrt	06	010	restingstate	1
cerebellum	38.846295663717385	88	hcptrt	06	010	social	1
cortex_Cont	50.16679388434162	128	hcptrt	06	010	social	1
cortex_Default	47.35103338094691	209	hcptrt	06	010	social	1
cortex_DorsAttn	53.9048067780773	122	hcptrt	06	010	social	1
cortex_Limbic	20.762290506499816	60	hcptrt	06	010	social	1
cortex_SalVentAttn	47.6714113695706	121	hcptrt	06	010	social	1
cortex_SomMot	50.861232403081026	194	hcptrt	06	010	social	1
cortex_Vis	40.00759026704213	162	hcptrt	06	010	social	1
subcortex_CAU	32.15500301829391	8	hcptrt	06	010	social	1
subcortex_PUT	30.951956662564104	8	hcptrt	06	010	social	1
subcortex_THA	29.999321876454907	14	hcptrt	06	010	social	1
cerebellum	37.39313288756224	88	hcptrt	06	010	wm	1
cortex_Cont	49.095968372019044	128	hcptrt	06	010	wm	1
cortex_Default	46.34626740046095	209	hcptrt	06	010	wm	1
cortex_DorsAttn	54.134273861636856	122	hcptrt	06	010	wm	1
cortex_Limbic	20.53232810297691	60	hcptrt	06	010	wm	1
cortex_SalVentAttn	47.78037306761107	121	hcptrt	06	010	wm	1
cortex_SomMot	51.13136719332019	194	hcptrt	06	010	wm	1
cortex_Vis	39.6280543208249	162	hcptrt	06	010	wm	1
subcortex_CAU	33.07020475159753	8	hcptrt	06	010	wm	1
subcortex_PUT	31.80098872456344	8	hcptrt	06	010	wm	1
subcortex_THA	30.58847983902468	14	hcptrt	06	010	wm	1
cerebellum	36.23706480041824	88	hcptrt	06	012	emotion	1
cortex_Cont	45.920879418233106	128	hcptrt	06	012	emotion	1
cortex_Default	44.00142406509994	209	hcptrt	06	012	emotion	1
cortex_DorsAttn	49.508954456076076	122	hcptrt	06	012	emotion	1
cortex_Limbic	20.191671221313868	60	hcptrt	06	012	emotion	1
cortex_SalVentAttn	47.27481920929406	121	hcptrt	06	012	emotion	1
cortex_SomMot	47.99547128808781	194	hcptrt	06	012	emotion	1
cortex_Vis	37.412657632353174	162	hcptrt	06	012	emotion	1
subcortex_CAU	32.652411447617055	8	hcptrt	06	012	emotion	1
subcortex_PUT	31.693903170083257	8	hcptrt	06	012	emotion	1
subcortex_THA	30.795403586954496	14	hcptrt	06	012	emotion	1
cerebellum	34.05365253136004	88	hcptrt	06	012	emotion	2
cortex_Cont	42.71396542263012	128	hcptrt	06	012	emotion	2
cortex_Default	41.52064728471302	209	hcptrt	06	012	emotion	2
cortex_DorsAttn	47.507565040091805	122	hcptrt	06	012	emotion	2
cortex_Limbic	18.78524016234159	60	hcptrt	06	012	emotion	2
cortex_SalVentAttn	43.97872628066029	121	hcptrt	06	012	emotion	2
cortex_SomMot	44.04109259213599	194	hcptrt	06	012	emotion	2
cortex_Vis	34.36199006831887	162	hcptrt	06	012	emotion	2
subcortex_CAU	31.64717211023506	8	hcptrt	06	012	emotion	2
subcortex_PUT	31.29842962712835	8	hcptrt	06	012	emotion	2
subcortex_THA	30.093460354411057	14	hcptrt	06	012	emotion	2
cerebellum	27.03572427602246	88	hcptrt	06	012	gambling	1
cortex_Cont	37.484321710974484	128	hcptrt	06	012	gambling	1
cortex_Default	36.27249985239806	209	hcptrt	06	012	gambling	1
cortex_DorsAttn	39.437986321643024	122	hcptrt	06	012	gambling	1
cortex_Limbic	16.601860816875227	60	hcptrt	06	012	gambling	1
cortex_SalVentAttn	39.11079745295058	121	hcptrt	06	012	gambling	1
cortex_SomMot	37.80548663635906	194	hcptrt	06	012	gambling	1
cortex_Vis	29.072060663726123	162	hcptrt	06	012	gambling	1
subcortex_CAU	30.04853560797	8	hcptrt	06	012	gambling	1
subcortex_PUT	30.273371994159163	8	hcptrt	06	012	gambling	1
subcortex_THA	28.885442600097235	14	hcptrt	06	012	gambling	1
cerebellum	35.216665387581635	88	hcptrt	06	012	gambling	2
cortex_Cont	45.74881271851171	128	hcptrt	06	012	gambling	2
cortex_Default	43.652870241975215	209	hcptrt	06	012	gambling	2
cortex_DorsAttn	49.73468232735665	122	hcptrt	06	012	gambling	2
cortex_Limbic	19.694145593233586	60	hcptrt	06	012	gambling	2
cortex_SalVentAttn	45.968433515132396	121	hcptrt	06	012	gambling	2
cortex_SomMot	47.07535557036124	194	hcptrt	06	012	gambling	2
cortex_Vis	36.963708777707765	162	hcptrt	06	012	gambling	2
subcortex_CAU	32.06835732246293	8	hcptrt	06	012	gambling	2
subcortex_PUT	31.598374924467596	8	hcptrt	06	012	gambling	2
subcortex_THA	30.53334858905377	14	hcptrt	06	012	gambling	2
cerebellum	31.663008480666157	88	hcptrt	06	012	language	1
cortex_Cont	43.136383020471754	128	hcptrt	06	012	language	1
cortex_Default	40.96899818114139	209	hcptrt	06	012	language	1
cortex_DorsAttn	47.505859561279635	122	hcptrt	06	012	language	1
cortex_Limbic	18.545216491274708	60	hcptrt	06	012	language	1
cortex_SalVentAttn	43.8612721701086	121	hcptrt	06	012	language	1
cortex_SomMot	44.78569330919119	194	hcptrt	06	012	language	1
cortex_Vis	34.66751430002366	162	hcptrt	06	012	language	1
subcortex_CAU	30.93118395069614	8	hcptrt	06	012	language	1
subcortex_PUT	30.85042775727473	8	hcptrt	06	012	language	1
subcortex_THA	29.76981701701177	14	hcptrt	06	012	language	1
cerebellum	26.72693469313762	88	hcptrt	06	012	language	2
cortex_Cont	35.33268164691659	128	hcptrt	06	012	language	2
cortex_Default	33.85114178876458	209	hcptrt	06	012	language	2
cortex_DorsAttn	37.79372968063182	122	hcptrt	06	012	language	2
cortex_Limbic	15.531827707467967	60	hcptrt	06	012	language	2
cortex_SalVentAttn	36.89535575830577	121	hcptrt	06	012	language	2
cortex_SomMot	35.770277888087584	194	hcptrt	06	012	language	2
cortex_Vis	27.468239020813165	162	hcptrt	06	012	language	2
subcortex_CAU	28.702464749602075	8	hcptrt	06	012	language	2
subcortex_PUT	29.480959213157618	8	hcptrt	06	012	language	2
subcortex_THA	28.39803353746648	14	hcptrt	06	012	language	2
cerebellum	32.42607158866475	88	hcptrt	06	012	motor	1
cortex_Cont	43.59994834641983	128	hcptrt	06	012	motor	1
cortex_Default	41.797717059512536	209	hcptrt	06	012	motor	1
cortex_DorsAttn	44.81745455758433	122	hcptrt	06	012	motor	1
cortex_Limbic	19.092761223548436	60	hcptrt	06	012	motor	1
cortex_SalVentAttn	44.34046687105623	121	hcptrt	06	012	motor	1
cortex_SomMot	42.845311600363516	194	hcptrt	06	012	motor	1
cortex_Vis	34.067787062383225	162	hcptrt	06	012	motor	1
subcortex_CAU	31.915186745967045	8	hcptrt	06	012	motor	1
subcortex_PUT	31.131457572048916	8	hcptrt	06	012	motor	1
subcortex_THA	30.004619971301416	14	hcptrt	06	012	motor	1
cerebellum	27.660410709302344	88	hcptrt	06	012	motor	2
cortex_Cont	39.04539710350949	128	hcptrt	06	012	motor	2
cortex_Default	36.70951659318102	209	hcptrt	06	012	motor	2
cortex_DorsAttn	39.52964549085644	122	hcptrt	06	012	motor	2
cortex_Limbic	17.115405132435537	60	hcptrt	06	012	motor	2
cortex_SalVentAttn	38.7320339679988	121	hcptrt	06	012	motor	2
cortex_SomMot	36.47774891088767	194	hcptrt	06	012	motor	2
cortex_Vis	29.811908591320986	162	hcptrt	06	012	motor	2
subcortex_CAU	28.866240958634524	8	hcptrt	06	012	motor	2
subcortex_PUT	29.090334641370486	8	hcptrt	06	012	motor	2
subcortex_THA	27.510182500903774	14	hcptrt	06	012	motor	2
cerebellum	35.19657056621923	88	hcptrt	06	012	relational	1
cortex_Cont	45.221844369830414	128	hcptrt	06	012	relational	1
cortex_Default	43.18768414191704	209	hcptrt	06	012	relational	1
cortex_DorsAttn	49.477967054344305	122	hcptrt	06	012	relational	1
cortex_Limbic	19.497657451501713	60	hcptrt	06	012	relational	1
cortex_SalVentAttn	45.66681302527385	121	hcptrt	06	012	relational	1
cortex_SomMot	47.08396954252972	194	hcptrt	06	012	relational	1
cortex_Vis	36.96479025674833	162	hcptrt	06	012	relational	1
subcortex_CAU	32.05492884667777	8	hcptrt	06	012	relational	1
subcortex_PUT	31.593540693382664	8	hcptrt	06	012	relational	1
subcortex_THA	30.286476959133264	14	hcptrt	06	012	relational	1
cerebellum	33.24589519857578	88	hcptrt	06	012	relational	2
cortex_Cont	40.24451192654105	128	hcptrt	06	012	relational	2
cortex_Default	38.64742504003166	209	hcptrt	06	012	relational	2
cortex_DorsAttn	45.874010208014184	122	hcptrt	06	012	relational	2
cortex_Limbic	17.351403474510118	60	hcptrt	06	012	relational	2
cortex_SalVentAttn	40.463337767801264	121	hcptrt	06	012	relational	2
cortex_SomMot	40.4571121424118	194	hcptrt	06	012	relational	2
cortex_Vis	35.948083289672574	162	hcptrt	06	012	relational	2
subcortex_CAU	28.700843912256833	8	hcptrt	06	012	relational	2
subcortex_PUT	29.190968496037716	8	hcptrt	06	012	relational	2
subcortex_THA	28.236357136710883	14	hcptrt	06	012	relational	2
cerebellum	25.969385804832168	88	hcptrt	06	012	social	1
cortex_Cont	33.850408046641874	128	hcptrt	06	012	social	1
cortex_Default	32.642938266027514	209	hcptrt	06	012	social	1
cortex_DorsAttn	35.91007790353963	122	hcptrt	06	012	social	1
cortex_Limbic	14.395133824379203	60	hcptrt	06	012	social	1
cortex_SalVentAttn	35.95682666300399	121	hcptrt	06	012	social	1
cortex_SomMot	34.705532819310534	194	hcptrt	06	012	social	1
cortex_Vis	26.797763576511155	162	hcptrt	06	012	social	1
subcortex_CAU	25.480937483462377	8	hcptrt	06	012	social	1
subcortex_PUT	27.706454158870272	8	hcptrt	06	012	social	1
subcortex_THA	27.36431997645272	14	hcptrt	06	012	social	1
cerebellum	34.034139283610976	88	hcptrt	06	012	social	2
cortex_Cont	39.61272437633255	128	hcptrt	06	012	social	2
cortex_Default	38.55587900612031	209	hcptrt	06	012	social	2
cortex_DorsAttn	44.582493247208156	122	hcptrt	06	012	social	2
cortex_Limbic	17.378754121755662	60	hcptrt	06	012	social	2
cortex_SalVentAttn	40.85982287788766	121	hcptrt	06	012	social	2
cortex_SomMot	40.06644965472948	194	hcptrt	06	012	social	2
cortex_Vis	34.36428714418877	162	hcptrt	06	012	social	2
subcortex_CAU	29.102064713515304	8	hcptrt	06	012	social	2
subcortex_PUT	29.65358437998834	8	hcptrt	06	012	social	2
subcortex_THA	27.989826693198037	14	hcptrt	06	012	social	2
cerebellum	34.94211027699387	88	hcptrt	06	012	wm	1
cortex_Cont	45.25264590433048	128	hcptrt	06	012	wm	1
cortex_Default	43.26171054484203	209	hcptrt	06	012	wm	1
cortex_DorsAttn	47.45209480449088	122	hcptrt	06	012	wm	1
cortex_Limbic	20.203293478282045	60	hcptrt	06	012	wm	1
cortex_SalVentAttn	44.87610173324605	121	hcptrt	06	012	wm	1
cortex_SomMot	44.70106105180829	194	hcptrt	06	012	wm	1
cortex_Vis	36.55336457207104	162	hcptrt	06	012	wm	1
subcortex_CAU	31.322441780389003	8	hcptrt	06	012	wm	1
subcortex_PUT	30.7233937987319	8	hcptrt	06	012	wm	1
subcortex_THA	29.633418265299074	14	hcptrt	06	012	wm	1
cerebellum	28.989800073228626	88	hcptrt	06	012	wm	2
cortex_Cont	36.85333980429177	128	hcptrt	06	012	wm	2
cortex_Default	36.08727779503529	209	hcptrt	06	012	wm	2
cortex_DorsAttn	41.16250866613282	122	hcptrt	06	012	wm	2
cortex_Limbic	16.473494163352242	60	hcptrt	06	012	wm	2
cortex_SalVentAttn	38.769358829642805	121	hcptrt	06	012	wm	2
cortex_SomMot	37.73688952744214	194	hcptrt	06	012	wm	2
cortex_Vis	30.100770553241073	162	hcptrt	06	012	wm	2
subcortex_CAU	27.404690724282098	8	hcptrt	06	012	wm	2
subcortex_PUT	28.760600241727694	8	hcptrt	06	012	wm	2
subcortex_THA	27.843753400086733	14	hcptrt	06	012	wm	2
cerebellum	37.93674686231418	88	hcptrt	06	013	emotion	1
cortex_Cont	47.00424601235282	128	hcptrt	06	013	emotion	1
cortex_Default	44.48114479552179	209	hcptrt	06	013	emotion	1
cortex_DorsAttn	50.86036821012562	122	hcptrt	06	013	emotion	1
cortex_Limbic	19.883667102688104	60	hcptrt	06	013	emotion	1
cortex_SalVentAttn	45.29633778277591	121	hcptrt	06	013	emotion	1
cortex_SomMot	46.70210377035963	194	hcptrt	06	013	emotion	1
cortex_Vis	38.49213155300552	162	hcptrt	06	013	emotion	1
subcortex_CAU	30.04048959970586	8	hcptrt	06	013	emotion	1
subcortex_PUT	30.144054730177906	8	hcptrt	06	013	emotion	1
subcortex_THA	28.991983173492887	14	hcptrt	06	013	emotion	1
cerebellum	35.54300157973528	88	hcptrt	06	013	gambling	1
cortex_Cont	45.202909554315305	128	hcptrt	06	013	gambling	1
cortex_Default	42.34000234706019	209	hcptrt	06	013	gambling	1
cortex_DorsAttn	48.327813185245766	122	hcptrt	06	013	gambling	1
cortex_Limbic	18.657664479374862	60	hcptrt	06	013	gambling	1
cortex_SalVentAttn	44.033319674449444	121	hcptrt	06	013	gambling	1
cortex_SomMot	44.91525585203242	194	hcptrt	06	013	gambling	1
cortex_Vis	36.37537926650126	162	hcptrt	06	013	gambling	1
subcortex_CAU	29.31564564720235	8	hcptrt	06	013	gambling	1
subcortex_PUT	29.451318965462303	8	hcptrt	06	013	gambling	1
subcortex_THA	28.204552907778844	14	hcptrt	06	013	gambling	1
cerebellum	27.284279596914825	88	hcptrt	06	013	language	1
cortex_Cont	33.48078214101375	128	hcptrt	06	013	language	1
cortex_Default	31.929412071799064	209	hcptrt	06	013	language	1
cortex_DorsAttn	36.2714119760802	122	hcptrt	06	013	language	1
cortex_Limbic	14.593316986583625	60	hcptrt	06	013	language	1
cortex_SalVentAttn	34.28738459993519	121	hcptrt	06	013	language	1
cortex_SomMot	32.72105654712907	194	hcptrt	06	013	language	1
cortex_Vis	28.001903805082062	162	hcptrt	06	013	language	1
subcortex_CAU	25.501182771801588	8	hcptrt	06	013	language	1
subcortex_PUT	27.388517263979473	8	hcptrt	06	013	language	1
subcortex_THA	26.411034843933685	14	hcptrt	06	013	language	1
cerebellum	23.15971099561885	88	hcptrt	06	013	motor	1
cortex_Cont	28.084120284525724	128	hcptrt	06	013	motor	1
cortex_Default	28.095073271271215	209	hcptrt	06	013	motor	1
cortex_DorsAttn	29.59990545217376	122	hcptrt	06	013	motor	1
cortex_Limbic	13.12623546606085	60	hcptrt	06	013	motor	1
cortex_SalVentAttn	30.131212022430212	121	hcptrt	06	013	motor	1
cortex_SomMot	27.558197823697093	194	hcptrt	06	013	motor	1
cortex_Vis	23.891231694071976	162	hcptrt	06	013	motor	1
subcortex_CAU	24.49139939469611	8	hcptrt	06	013	motor	1
subcortex_PUT	25.752981611034034	8	hcptrt	06	013	motor	1
subcortex_THA	25.37976344415213	14	hcptrt	06	013	motor	1
cerebellum	39.21476574928767	88	hcptrt	06	013	relational	1
cortex_Cont	49.225029736907416	128	hcptrt	06	013	relational	1
cortex_Default	46.05559518148131	209	hcptrt	06	013	relational	1
cortex_DorsAttn	52.15522277024794	122	hcptrt	06	013	relational	1
cortex_Limbic	20.48714258998329	60	hcptrt	06	013	relational	1
cortex_SalVentAttn	47.09805092310798	121	hcptrt	06	013	relational	1
cortex_SomMot	49.282194034199186	194	hcptrt	06	013	relational	1
cortex_Vis	39.16842327584876	162	hcptrt	06	013	relational	1
subcortex_CAU	31.20820725771165	8	hcptrt	06	013	relational	1
subcortex_PUT	30.13237791209186	8	hcptrt	06	013	relational	1
subcortex_THA	28.557969233787787	14	hcptrt	06	013	relational	1
cerebellum	31.939818393490444	88	hcptrt	06	013	restingstate	1
cortex_Cont	41.98724911539755	128	hcptrt	06	013	restingstate	1
cortex_Default	39.923804525574916	209	hcptrt	06	013	restingstate	1
cortex_DorsAttn	44.89026185410037	122	hcptrt	06	013	restingstate	1
cortex_Limbic	17.684917928862824	60	hcptrt	06	013	restingstate	1
cortex_SalVentAttn	42.37977664560213	121	hcptrt	06	013	restingstate	1
cortex_SomMot	43.06108110394741	194	hcptrt	06	013	restingstate	1
cortex_Vis	34.29020352780198	162	hcptrt	06	013	restingstate	1
subcortex_CAU	29.845035529531533	8	hcptrt	06	013	restingstate	1
subcortex_PUT	29.657063603572038	8	hcptrt	06	013	restingstate	1
subcortex_THA	28.29038461441413	14	hcptrt	06	013	restingstate	1
cerebellum	29.08815968248123	88	hcptrt	06	013	social	1
cortex_Cont	36.904114283470825	128	hcptrt	06	013	social	1
cortex_Default	35.208655808039076	209	hcptrt	06	013	social	1
cortex_DorsAttn	39.098713804997296	122	hcptrt	06	013	social	1
cortex_Limbic	16.049452358061636	60	hcptrt	06	013	social	1
cortex_SalVentAttn	38.138888780132746	121	hcptrt	06	013	social	1
cortex_SomMot	36.73657105944711	194	hcptrt	06	013	social	1
cortex_Vis	29.058287421129002	162	hcptrt	06	013	social	1
subcortex_CAU	27.295375482359983	8	hcptrt	06	013	social	1
subcortex_PUT	28.73574330805849	8	hcptrt	06	013	social	1
subcortex_THA	27.533352231234495	14	hcptrt	06	013	social	1
cerebellum	34.83088468523578	88	hcptrt	06	013	wm	1
cortex_Cont	44.0609429145551	128	hcptrt	06	013	wm	1
cortex_Default	41.53089844221896	209	hcptrt	06	013	wm	1
cortex_DorsAttn	46.558528974049516	122	hcptrt	06	013	wm	1
cortex_Limbic	18.329907869224325	60	hcptrt	06	013	wm	1
cortex_SalVentAttn	43.12911675248972	121	hcptrt	06	013	wm	1
cortex_SomMot	43.49087039459288	194	hcptrt	06	013	wm	1
cortex_Vis	35.88946284003414	162	hcptrt	06	013	wm	1
subcortex_CAU	30.5968820815585	8	hcptrt	06	013	wm	1
subcortex_PUT	30.075568241075544	8	hcptrt	06	013	wm	1
subcortex_THA	28.883432364792103	14	hcptrt	06	013	wm	1
