group	tsnr_mean	n_parcels	dataset	subject	session	task	run
cerebellum	23.903187128677157	88	mario	01	001	mario	1
cortex_Cont	33.198868268301105	128	mario	01	001	mario	1
cortex_Default	31.675085540582018	209	mario	01	001	mario	1
cortex_DorsAttn	35.03256716335931	122	mario	01	001	mario	1
cortex_Limbic	13.478433725155606	60	mario	01	001	mario	1
cortex_SalVentAttn	35.44366121837043	121	mario	01	001	mario	1
cortex_SomMot	34.91822556998507	194	mario	01	001	mario	1
cortex_Vis	26.526453191049054	162	mario	01	001	mario	1
subcortex_CAU	23.75573713111895	8	mario	01	001	mario	1
subcortex_PUT	24.19237913330618	8	mario	01	001	mario	1
subcortex_THA	25.63825475118207	14	mario	01	001	mario	1
cerebellum	27.37662516228081	88	mario	01	001	mario	2
cortex_Cont	37.99257234302018	128	mario	01	001	mario	2
cortex_Default	36.239317447596555	209	mario	01	001	mario	2
cortex_DorsAttn	40.353585487686274	122	mario	01	001	mario	2
cortex_Limbic	14.511528547457512	60	mario	01	001	mario	2
cortex_SalVentAttn	39.268618483304856	121	mario	01	001	mario	2
cortex_SomMot	39.87587890756251	194	mario	01	001	mario	2
cortex_Vis	31.66569764333361	162	mario	01	001	mario	2
subcortex_CAU	25.474433706065625	8	mario	01	001	mario	2
subcortex_PUT	24.773442815217965	8	mario	01	001	mario	2
subcortex_THA	26.403711252613103	14	mario	01	001	mario	2
cerebellum	24.12666729951385	88	mario	01	001	mario	3
cortex_Cont	33.84675163897573	128	mario	01	001	mario	3
cortex_Default	31.932950061430283	209	mario	01	001	mario	3
cortex_DorsAttn	34.95895359655996	122	mario	01	001	mario	3
cortex_Limbic	13.15532535162628	60	mario	01	001	mario	3
cortex_SalVentAttn	34.4954675193133	121	mario	01	001	mario	3
cortex_SomMot	33.82755615853438	194	mario	01	001	mario	3
cortex_Vis	27.49665070506406	162	mario	01	001	mario	3
subcortex_CAU	22.909133905921443	8	mario	01	001	mario	3
subcortex_PUT	22.278065053391714	8	mario	01	001	mario	3
subcortex_THA	25.070914627466955	14	mario	01	001	mario	3
cerebellum	24.034426768806565	88	mario	01	001	mario	4
cortex_Cont	35.91592247187012	128	mario	01	001	mario	4
cortex_Default	34.2580489633579	209	mario	01	001	mario	4
cortex_DorsAttn	38.005211647493894	122	mario	01	001	mario	4
cortex_Limbic	13.678532490620276	60	mario	01	001	mario	4
cortex_SalVentAttn	36.2535425166808	121	mario	01	001	mario	4
cortex_SomMot	36.129253373558846	194	mario	01	001	mario	4
cortex_Vis	28.924389164730464	162	mario	01	001	mario	4
subcortex_CAU	23.299196223890526	8	mario	01	001	mario	4
subcortex_PUT	23.34774584343743	8	mario	01	001	mario	4
subcortex_THA	25.13982794441599	14	mario	01	001	mario	4
cerebellum	24.32421294388729	88	mario	01	002	mario	1
cortex_Cont	34.70346956527987	128	mario	01	002	mario	1
cortex_Default	33.096436124753176	209	mario	01	002	mario	1
cortex_DorsAttn	36.59525024908987	122	mario	01	002	mario	1
cortex_Limbic	13.858852224862124	60	mario	01	002	mario	1
cortex_SalVentAttn	35.5706697118837	121	mario	01	002	mario	1
cortex_SomMot	35.063543442532236	194	mario	01	002	mario	1
cortex_Vis	27.952785526825743	162	mario	01	002	mario	1
subcortex_CAU	23.21924652059293	8	mario	01	002	mario	1
subcortex_PUT	23.969329051038507	8	mario	01	002	mario	1
subcortex_THA	25.506108933098922	14	mario	01	002	mario	1
cerebellum	26.93019429300847	88	mario	01	002	mario	2
cortex_Cont	36.90777319975525	128	mario	01	002	mario	2
cortex_Default	35.39380567631654	209	mario	01	002	mario	2
cortex_DorsAttn	39.5308958441535	122	mario	01	002	mario	2
cortex_Limbic	13.984154938430967	60	mario	01	002	mario	2
cortex_SalVentAttn	37.08138028304008	121	mario	01	002	mario	2
cortex_SomMot	37.5370141692864	194	mario	01	002	mario	2
cortex_Vis	31.39447782795103	162	mario	01	002	mario	2
subcortex_CAU	23.903973941990408	8	mario	01	002	mario	2
subcortex_PUT	23.93838765954228	8	mario	01	002	mario	2
subcortex_THA	26.161856496177073	14	mario	01	002	mario	2
cerebellum	26.687431815578655	88	mario	01	002	mario	3
cortex_Cont	36.56685314829593	128	mario	01	002	mario	3
cortex_Default	35.073376905993705	209	mario	01	002	mario	3
cortex_DorsAttn	38.2085911868078	122	mario	01	002	mario	3
cortex_Limbic	14.819824872699092	60	mario	01	002	mario	3
cortex_SalVentAttn	37.57501441304053	121	mario	01	002	mario	3
cortex_SomMot	36.35385414996202	194	mario	01	002	mario	3
cortex_Vis	31.125216945792314	162	mario	01	002	mario	3
subcortex_CAU	24.766218235496943	8	mario	01	002	mario	3
subcortex_PUT	25.142001498302232	8	mario	01	002	mario	3
subcortex_THA	26.073930985118405	14	mario	01	002	mario	3
cerebellum	22.390629654476914	88	mario	01	003	mario	1
cortex_Cont	32.2247770729901	128	mario	01	003	mario	1
cortex_Default	30.972149546162736	209	mario	01	003	mario	1
cortex_DorsAttn	34.40745045788491	122	mario	01	003	mario	1
cortex_Limbic	12.850447536448408	60	mario	01	003	mario	1
cortex_SalVentAttn	33.35165520991016	121	mario	01	003	mario	1
cortex_SomMot	32.30602688323475	194	mario	01	003	mario	1
cortex_Vis	26.473716735711374	162	mario	01	003	mario	1
subcortex_CAU	22.123089312737	8	mario	01	003	mario	1
subcortex_PUT	24.010696909701544	8	mario	01	003	mario	1
subcortex_THA	25.205551295317616	14	mario	01	003	mario	1
cerebellum	27.66851748759277	88	mario	01	003	mario	2
cortex_Cont	38.01697096357896	128	mario	01	003	mario	2
cortex_Default	36.051263069423314	209	mario	01	003	mario	2
cortex_DorsAttn	40.97111726529615	122	mario	01	003	mario	2
cortex_Limbic	15.004247184205427	60	mario	01	003	mario	2
cortex_SalVentAttn	38.416804582042545	121	mario	01	003	mario	2
cortex_SomMot	38.57509966830055	194	mario	01	003	mario	2
cortex_Vis	32.90961535414164	162	mario	01	003	mario	2
subcortex_CAU	24.572730890181962	8	mario	01	003	mario	2
subcortex_PUT	25.054422946638947	8	mario	01	003	mario	2
subcortex_THA	26.51519191551009	14	mario	01	003	mario	2
cerebellum	29.099618395210168	88	mario	01	003	mario	3
cortex_Cont	40.871534362315316	128	mario	01	003	mario	3
cortex_Default	39.08261494965595	209	mario	01	003	mario	3
cortex_DorsAttn	41.814391034178534	122	mario	01	003	mario	3
cortex_Limbic	15.916015543216089	60	mario	01	003	mario	3
cortex_SalVentAttn	40.88923718694973	121	mario	01	003	mario	3
cortex_SomMot	40.76630913021464	194	mario	01	003	mario	3
cortex_Vis	34.32787598431574	162	mario	01	003	mario	3
subcortex_CAU	26.5969107165479	8	mario	01	003	mario	3
subcortex_PUT	26.7066608937013	8	mario	01	003	mario	3
subcortex_THA	27.071452294007962	14	mario	01	003	mario	3
cerebellum	25.75453363490345	88	mario	01	003	mario	4
cortex_Cont	35.48211114688822	128	mario	01	003	mario	4
cortex_Default	33.89971342407833	209	mario	01	003	mario	4
cortex_DorsAttn	38.47136085970182	122	mario	01	003	mario	4
cortex_Limbic	14.000256439779566	60	mario	01	003	mario	4
cortex_SalVentAttn	36.17847565356001	121	mario	01	003	mario	4
cortex_SomMot	36.590507164223695	194	mario	01	003	mario	4
cortex_Vis	30.278270496119983	162	mario	01	003	mario	4
subcortex_CAU	24.124844232080992	8	mario	01	003	mario	4
subcortex_PUT	24.472553997246813	8	mario	01	003	mario	4
subcortex_THA	25.571403644122153	14	mario	01	003	mario	4
cerebellum	28.956566048489204	88	mario	01	003	mario	5
cortex_Cont	39.54043373029272	128	mario	01	003	mario	5
cortex_Default	37.634713956071785	209	mario	01	003	mario	5
cortex_DorsAttn	41.28570732797291	122	mario	01	003	mario	5
cortex_Limbic	15.863208513322968	60	mario	01	003	mario	5
cortex_SalVentAttn	39.781534092432274	121	mario	01	003	mario	5
cortex_SomMot	39.14334728922614	194	mario	01	003	mario	5
cortex_Vis	34.811309907785905	162	mario	01	003	mario	5
subcortex_CAU	26.653814466778524	8	mario	01	003	mario	5
subcortex_PUT	26.53296689276992	8	mario	01	003	mario	5
subcortex_THA	26.518775407116728	14	mario	01	003	mario	5
cerebellum	24.279410159457168	88	mario	01	004	mario	1
cortex_Cont	33.40769470547802	128	mario	01	004	mario	1
cortex_Default	32.26916608720718	209	mario	01	004	mario	1
cortex_DorsAttn	36.27121259582578	122	mario	01	004	mario	1
cortex_Limbic	13.45514128243394	60	mario	01	004	mario	1
cortex_SalVentAttn	33.55422278657508	121	mario	01	004	mario	1
cortex_SomMot	33.28367966699044	194	mario	01	004	mario	1
cortex_Vis	28.62793965967013	162	mario	01	004	mario	1
subcortex_CAU	22.67069246090988	8	mario	01	004	mario	1
subcortex_PUT	23.304504214688038	8	mario	01	004	mario	1
subcortex_THA	25.83462878179699	14	mario	01	004	mario	1
cerebellum	26.462406041790953	88	mario	01	004	mario	2
cortex_Cont	35.84349860895181	128	mario	01	004	mario	2
cortex_Default	34.320777893435576	209	mario	01	004	mario	2
cortex_DorsAttn	39.17518810808139	122	mario	01	004	mario	2
cortex_Limbic	14.047204087242095	60	mario	01	004	mario	2
cortex_SalVentAttn	37.07970869892469	121	mario	01	004	mario	2
cortex_SomMot	37.928755191757425	194	mario	01	004	mario	2
cortex_Vis	30.84909166845716	162	mario	01	004	mario	2
subcortex_CAU	24.373924955488047	8	mario	01	004	mario	2
subcortex_PUT	25.143052201754053	8	mario	01	004	mario	2
subcortex_THA	26.97698150033545	14	mario	01	004	mario	2
cerebellum	28.906497719174183	88	mario	01	004	mario	3
cortex_Cont	38.237465431657284	128	mario	01	004	mario	3
cortex_Default	36.742216218920404	209	mario	01	004	mario	3
cortex_DorsAttn	40.49971113454976	122	mario	01	004	mario	3
cortex_Limbic	15.1220259972063	60	mario	01	004	mario	3
cortex_SalVentAttn	38.33801290772491	121	mario	01	004	mario	3
cortex_SomMot	37.35108913977258	194	mario	01	004	mario	3
cortex_Vis	35.220190023186404	162	mario	01	004	mario	3
subcortex_CAU	24.956822021150543	8	mario	01	004	mario	3
subcortex_PUT	25.911243642473494	8	mario	01	004	mario	3
subcortex_THA	26.75374886536648	14	mario	01	004	mario	3
cerebellum	29.116955022557576	88	mario	01	004	mario	4
cortex_Cont	39.87685738395531	128	mario	01	004	mario	4
cortex_Default	38.373652451899275	209	mario	01	004	mario	4
cortex_DorsAttn	42.918816219774286	122	mario	01	004	mario	4
cortex_Limbic	16.00181687342742	60	mario	01	004	mario	4
cortex_SalVentAttn	40.350025048457525	121	mario	01	004	mario	4
cortex_SomMot	40.805950265029715	194	mario	01	004	mario	4
cortex_Vis	34.76942870196949	162	mario	01	004	mario	4
subcortex_CAU	25.95799035750456	8	mario	01	004	mario	4
subcortex_PUT	26.339834445624096	8	mario	01	004	mario	4
subcortex_THA	27.11855811783176	14	mario	01	004	mario	4
cerebellum	22.46468057777777	88	mario	01	005	mario	1
cortex_Cont	28.161770381853234	128	mario	01	005	mario	1
cortex_Default	28.369132426743587	209	mario	01	005	mario	1
cortex_DorsAttn	30.91211148885234	122	mario	01	005	mario	1
cortex_Limbic	12.244797682654282	60	mario	01	005	mario	1
cortex_SalVentAttn	28.914864340844517	121	mario	01	005	mario	1
cortex_SomMot	26.89097478721186	194	mario	01	005	mario	1
cortex_Vis	27.408932538460373	162	mario	01	005	mario	1
subcortex_CAU	20.824820093798603	8	mario	01	005	mario	1
subcortex_PUT	20.97568518028106	8	mario	01	005	mario	1
subcortex_THA	22.416135685058745	14	mario	01	005	mario	1
cerebellum	24.472588829291496	88	mario	01	005	mario	2
cortex_Cont	30.99747134412303	128	mario	01	005	mario	2
cortex_Default	30.447296413524437	209	mario	01	005	mario	2
cortex_DorsAttn	33.84926211096207	122	mario	01	005	mario	2
cortex_Limbic	12.994719464714725	60	mario	01	005	mario	2
cortex_SalVentAttn	31.44665921401639	121	mario	01	005	mario	2
cortex_SomMot	29.874997765855138	194	mario	01	005	mario	2
cortex_Vis	28.92603956823325	162	mario	01	005	mario	2
subcortex_CAU	22.165561457049215	8	mario	01	005	mario	2
subcortex_PUT	22.089294395810956	8	mario	01	005	mario	2
subcortex_THA	23.557855396525195	14	mario	01	005	mario	2
cerebellum	29.013857370842576	88	mario	01	005	mario	3
cortex_Cont	38.61681287954352	128	mario	01	005	mario	3
cortex_Default	37.236374724497885	209	mario	01	005	mario	3
cortex_DorsAttn	41.249505818606345	122	mario	01	005	mario	3
cortex_Limbic	15.417150798197088	60	mario	01	005	mario	3
cortex_SalVentAttn	39.079979001390114	121	mario	01	005	mario	3
cortex_SomMot	38.154197480634394	194	mario	01	005	mario	3
cortex_Vis	35.3068786346133	162	mario	01	005	mario	3
subcortex_CAU	25.723347854713005	8	mario	01	005	mario	3
subcortex_PUT	25.357893009786526	8	mario	01	005	mario	3
subcortex_THA	26.243313598613515	14	mario	01	005	mario	3
cerebellum	29.279224655777284	88	mario	01	005	mario	4
cortex_Cont	36.14933018342997	128	mario	01	005	mario	4
cortex_Default	35.42784632522541	209	mario	01	005	mario	4
cortex_DorsAttn	40.24093602881166	122	mario	01	005	mario	4
cortex_Limbic	14.34701829295056	60	mario	01	005	mario	4
cortex_SalVentAttn	36.53887213342678	121	mario	01	005	mario	4
cortex_SomMot	35.80980856653286	194	mario	01	005	mario	4
cortex_Vis	36.09768786446123	162	mario	01	005	mario	4
subcortex_CAU	23.286019235139822	8	mario	01	005	mario	4
subcortex_PUT	24.50182761852428	8	mario	01	005	mario	4
subcortex_THA	25.113461080059757	14	mario	01	005	mario	4
cerebellum	24.236847293571273	88	mario	01	005	mario	5
cortex_Cont	31.320460985247667	128	mario	01	005	mario	5
cortex_Default	30.44190165333984	209	mario	01	005	mario	5
cortex_DorsAttn	33.36019880989937	122	mario	01	005	mario	5
cortex_Limbic	12.96058106584453	60	mario	01	005	mario	5
cortex_SalVentAttn	32.48769743669102	121	mario	01	005	mario	5
cortex_SomMot	30.814272921484978	194	mario	01	005	mario	5
cortex_Vis	28.524477727866998	162	mario	01	005	mario	5
subcortex_CAU	22.16914526143381	8	mario	01	005	mario	5
subcortex_PUT	23.124744094498585	8	mario	01	005	mario	5
subcortex_THA	23.265073591211735	14	mario	01	005	mario	5
cerebellum	22.648443433885507	88	mario	01	006	mario	1
cortex_Cont	31.466971763518504	128	mario	01	006	mario	1
cortex_Default	30.720116474410663	209	mario	01	006	mario	1
cortex_DorsAttn	34.34822694088896	122	mario	01	006	mario	1
cortex_Limbic	12.424847562959235	60	mario	01	006	mario	1
cortex_SalVentAttn	32.27081326910986	121	mario	01	006	mario	1
cortex_SomMot	31.170377529428677	194	mario	01	006	mario	1
cortex_Vis	27.394138665995534	162	mario	01	006	mario	1
subcortex_CAU	21.519756889024745	8	mario	01	006	mario	1
subcortex_PUT	22.52788289899693	8	mario	01	006	mario	1
subcortex_THA	24.071307133152228	14	mario	01	006	mario	1
cerebellum	28.59449995379563	88	mario	01	006	mario	2
cortex_Cont	35.97993104717956	128	mario	01	006	mario	2
cortex_Default	35.08731289892697	209	mario	01	006	mario	2
cortex_DorsAttn	38.454108640389634	122	mario	01	006	mario	2
cortex_Limbic	14.792804377593873	60	mario	01	006	mario	2
cortex_SalVentAttn	36.63145067664948	121	mario	01	006	mario	2
cortex_SomMot	35.30901758493162	194	mario	01	006	mario	2
cortex_Vis	32.95685730328404	162	mario	01	006	mario	2
subcortex_CAU	24.236754373035986	8	mario	01	006	mario	2
subcortex_PUT	24.697816230295736	8	mario	01	006	mario	2
subcortex_THA	26.07658746013643	14	mario	01	006	mario	2
cerebellum	27.585776079552044	88	mario	01	006	mario	3
cortex_Cont	35.554007525020225	128	mario	01	006	mario	3
cortex_Default	34.645974290760456	209	mario	01	006	mario	3
cortex_DorsAttn	39.05467316325308	122	mario	01	006	mario	3
cortex_Limbic	14.821371971870752	60	mario	01	006	mario	3
cortex_SalVentAttn	36.01399161906254	121	mario	01	006	mario	3
cortex_SomMot	35.79130465743558	194	mario	01	006	mario	3
cortex_Vis	32.410008890130044	162	mario	01	006	mario	3
subcortex_CAU	24.02814104647895	8	mario	01	006	mario	3
subcortex_PUT	23.909417600311976	8	mario	01	006	mario	3
subcortex_THA	25.682566221394502	14	mario	01	006	mario	3
cerebellum	24.69769786286879	88	mario	01	006	mario	4
cortex_Cont	36.614212840145	128	mario	01	006	mario	4
cortex_Default	35.088709960675956	209	mario	01	006	mario	4
cortex_DorsAttn	38.67231734461693	122	mario	01	006	mario	4
cortex_Limbic	14.777450103466272	60	mario	01	006	mario	4
cortex_SalVentAttn	36.846028739618404	121	mario	01	006	mario	4
cortex_SomMot	36.65391045229305	194	mario	01	006	mario	4
cortex_Vis	30.204011925031697	162	mario	01	006	mario	4
subcortex_CAU	24.32190577933795	8	mario	01	006	mario	4
subcortex_PUT	24.472744843685824	8	mario	01	006	mario	4
subcortex_THA	25.05886617757607	14	mario	01	006	mario	4
cerebellum	24.07094342357212	88	mario	01	007	mario	1
cortex_Cont	35.53057538057681	128	mario	01	007	mario	1
cortex_Default	33.64876696912339	209	mario	01	007	mario	1
cortex_DorsAttn	37.95250442269985	122	mario	01	007	mario	1
cortex_Limbic	14.321898719299064	60	mario	01	007	mario	1
cortex_SalVentAttn	36.02194565281702	121	mario	01	007	mario	1
cortex_SomMot	35.55671160474557	194	mario	01	007	mario	1
cortex_Vis	28.736880637654	162	mario	01	007	mario	1
subcortex_CAU	23.42304916569307	8	mario	01	007	mario	1
subcortex_PUT	24.38621859719167	8	mario	01	007	mario	1
subcortex_THA	26.250097482244144	14	mario	01	007	mario	1
cerebellum	25.37379413589525	88	mario	01	007	mario	2
cortex_Cont	35.89477786878525	128	mario	01	007	mario	2
cortex_Default	34.4372177852386	209	mario	01	007	mario	2
cortex_DorsAttn	37.66568499816339	122	mario	01	007	mario	2
cortex_Limbic	14.945823364183946	60	mario	01	007	mario	2
cortex_SalVentAttn	37.35417219650819	121	mario	01	007	mario	2
cortex_SomMot	36.525605204906256	194	mario	01	007	mario	2
cortex_Vis	29.236335575435156	162	mario	01	007	mario	2
subcortex_CAU	24.75713924879664	8	mario	01	007	mario	2
subcortex_PUT	24.965307573456066	8	mario	01	007	mario	2
subcortex_THA	26.594725814975266	14	mario	01	007	mario	2
cerebellum	25.682258994912	88	mario	01	007	mario	3
cortex_Cont	39.996230118749814	128	mario	01	007	mario	3
cortex_Default	38.00611644684636	209	mario	01	007	mario	3
cortex_DorsAttn	41.77562649188114	122	mario	01	007	mario	3
cortex_Limbic	15.862858353208178	60	mario	01	007	mario	3
cortex_SalVentAttn	40.01961114447792	121	mario	01	007	mario	3
cortex_SomMot	39.660836974099084	194	mario	01	007	mario	3
cortex_Vis	31.710683374631	162	mario	01	007	mario	3
subcortex_CAU	26.201744707371883	8	mario	01	007	mario	3
subcortex_PUT	25.4130709844942	8	mario	01	007	mario	3
subcortex_THA	26.990716543700024	14	mario	01	007	mario	3
cerebellum	25.6593748376975	88	mario	01	007	mario	4
cortex_Cont	37.60366570501566	128	mario	01	007	mario	4
cortex_Default	36.07740807009997	209	mario	01	007	mario	4
cortex_DorsAttn	41.63715899387284	122	mario	01	007	mario	4
cortex_Limbic	14.859585111733582	60	mario	01	007	mario	4
cortex_SalVentAttn	37.431747612042344	121	mario	01	007	mario	4
cortex_SomMot	37.169555251517984	194	mario	01	007	mario	4
cortex_Vis	32.72985301810647	162	mario	01	007	mario	4
subcortex_CAU	23.922221868248336	8	mario	01	007	mario	4
subcortex_PUT	24.762210295335276	8	mario	01	007	mario	4
subcortex_THA	26.306832729249546	14	mario	01	007	mario	4
cerebellum	27.067589484476823	88	mario	01	007	mario	5
cortex_Cont	35.73047143877762	128	mario	01	007	mario	5
cortex_Default	34.894979282500735	209	mario	01	007	mario	5
cortex_DorsAttn	39.503419619733734	122	mario	01	007	mario	5
cortex_Limbic	14.585025790508181	60	mario	01	007	mario	5
cortex_SalVentAttn	36.272043449722666	121	mario	01	007	mario	5
cortex_SomMot	35.46280718578326	194	mario	01	007	mario	5
cortex_Vis	32.903853464432906	162	mario	01	007	mario	5
subcortex_CAU	23.21427067060939	8	mario	01	007	mario	5
subcortex_PUT	24.242291531854953	8	mario	01	007	mario	5
subcortex_THA	26.293102100570277	14	mario	01	007	mario	5
cerebellum	25.04862185648886	88	mario	01	008	mario	1
cortex_Cont	35.21876916202079	128	mario	01	008	mario	1
cortex_Default	34.52396643034972	209	mario	01	008	mario	1
cortex_DorsAttn	38.20115592533419	122	mario	01	008	mario	1
cortex_Limbic	14.421212731276459	60	mario	01	008	mario	1
cortex_SalVentAttn	35.5534273688934	121	mario	01	008	mario	1
cortex_SomMot	34.708111186442295	194	mario	01	008	mario	1
cortex_Vis	30.19255244633183	162	mario	01	008	mario	1
subcortex_CAU	23.513012836684403	8	mario	01	008	mario	1
subcortex_PUT	24.46384774396906	8	mario	01	008	mario	1
subcortex_THA	25.70227343170315	14	mario	01	008	mario	1
cerebellum	27.494118406269035	88	mario	01	008	mario	2
cortex_Cont	39.672309445876344	128	mario	01	008	mario	2
cortex_Default	38.2121169121564	209	mario	01	008	mario	2
cortex_DorsAttn	42.83472246648867	122	mario	01	008	mario	2
cortex_Limbic	15.398792370418928	60	mario	01	008	mario	2
cortex_SalVentAttn	39.331606992703826	121	mario	01	008	mario	2
cortex_SomMot	39.71099553385568	194	mario	01	008	mario	2
cortex_Vis	34.659962608069904	162	mario	01	008	mario	2
subcortex_CAU	25.56243503824284	8	mario	01	008	mario	2
subcortex_PUT	25.376519177009452	8	mario	01	008	mario	2
subcortex_THA	26.4641218658603	14	mario	01	008	mario	2
cerebellum	26.108114502887723	88	mario	01	008	mario	3
cortex_Cont	35.99477549516775	128	mario	01	008	mario	3
cortex_Default	35.19301642764775	209	mario	01	008	mario	3
cortex_DorsAttn	39.68190776853185	122	mario	01	008	mario	3
cortex_Limbic	15.024875427091503	60	mario	01	008	mario	3
cortex_SalVentAttn	36.75712360159031	121	mario	01	008	mario	3
cortex_SomMot	35.65018146161817	194	mario	01	008	mario	3
cortex_Vis	32.79808057347696	162	mario	01	008	mario	3
subcortex_CAU	24.573170721627854	8	mario	01	008	mario	3
subcortex_PUT	24.530629385173622	8	mario	01	008	mario	3
subcortex_THA	25.849763467093997	14	mario	01	008	mario	3
cerebellum	25.834659051987103	88	mario	01	008	mario	4
cortex_Cont	36.96068847644388	128	mario	01	008	mario	4
cortex_Default	35.3866354279191	209	mario	01	008	mario	4
cortex_DorsAttn	40.209911908178874	122	mario	01	008	mario	4
cortex_Limbic	14.919257649077245	60	mario	01	008	mario	4
cortex_SalVentAttn	37.160233954065525	121	mario	01	008	mario	4
cortex_SomMot	36.54788153162182	194	mario	01	008	mario	4
cortex_Vis	32.20452052961299	162	mario	01	008	mario	4
subcortex_CAU	24.412811419370477	8	mario	01	008	mario	4
subcortex_PUT	24.081989618517905	8	mario	01	008	mario	4
subcortex_THA	25.744774381901955	14	mario	01	008	mario	4
cerebellum	23.366707349205175	88	mario	01	008	mario	5
cortex_Cont	33.60940255166782	128	mario	01	008	mario	5
cortex_Default	32.52197189922881	209	mario	01	008	mario	5
cortex_DorsAttn	37.50471267730938	122	mario	01	008	mario	5
cortex_Limbic	13.757027342299416	60	mario	01	008	mario	5
cortex_SalVentAttn	34.22554868810519	121	mario	01	008	mario	5
cortex_SomMot	33.44866830656136	194	mario	01	008	mario	5
cortex_Vis	29.272064567829972	162	mario	01	008	mario	5
subcortex_CAU	22.07680611149204	8	mario	01	008	mario	5
subcortex_PUT	23.037306033201183	8	mario	01	008	mario	5
subcortex_THA	24.852405661091467	14	mario	01	008	mario	5
cerebellum	23.70535235351334	88	mario	01	009	mario	1
cortex_Cont	33.432682416924685	128	mario	01	009	mario	1
cortex_Default	32.09144381736124	209	mario	01	009	mario	1
cortex_DorsAttn	36.22623684317251	122	mario	01	009	mario	1
cortex_Limbic	13.250177654701462	60	mario	01	009	mario	1
cortex_SalVentAttn	34.14349820637641	121	mario	01	009	mario	1
cortex_SomMot	33.54482245246897	194	mario	01	009	mario	1
cortex_Vis	29.183336561761116	162	mario	01	009	mario	1
subcortex_CAU	22.6552699482844	8	mario	01	009	mario	1
subcortex_PUT	22.47205654008983	8	mario	01	009	mario	1
subcortex_THA	25.071097341334283	14	mario	01	009	mario	1
cerebellum	22.71466610586899	88	mario	01	009	mario	2
cortex_Cont	34.304664456124705	128	mario	01	009	mario	2
cortex_Default	32.81147433935005	209	mario	01	009	mario	2
cortex_DorsAttn	36.970974704604096	122	mario	01	009	mario	2
cortex_Limbic	13.731065947228693	60	mario	01	009	mario	2
cortex_SalVentAttn	34.98900149069599	121	mario	01	009	mario	2
cortex_SomMot	33.84967988771728	194	mario	01	009	mario	2
cortex_Vis	29.332673955436107	162	mario	01	009	mario	2
subcortex_CAU	23.398385624850448	8	mario	01	009	mario	2
subcortex_PUT	24.105487465477694	8	mario	01	009	mario	2
subcortex_THA	24.596459003316706	14	mario	01	009	mario	2
cerebellum	23.942654143226264	88	mario	01	009	mario	3
cortex_Cont	32.38561940462824	128	mario	01	009	mario	3
cortex_Default	31.317148023899687	209	mario	01	009	mario	3
cortex_DorsAttn	35.956718551880996	122	mario	01	009	mario	3
cortex_Limbic	13.02541106072297	60	mario	01	009	mario	3
cortex_SalVentAttn	32.63755808663717	121	mario	01	009	mario	3
cortex_SomMot	31.44365118288519	194	mario	01	009	mario	3
cortex_Vis	30.236475920140954	162	mario	01	009	mario	3
subcortex_CAU	22.39837777609598	8	mario	01	009	mario	3
subcortex_PUT	22.187018118031798	8	mario	01	009	mario	3
subcortex_THA	24.097297786488973	14	mario	01	009	mario	3
cerebellum	23.663154074729615	88	mario	01	009	mario	4
cortex_Cont	34.35803752098485	128	mario	01	009	mario	4
cortex_Default	33.056478039884546	209	mario	01	009	mario	4
cortex_DorsAttn	37.45361566818947	122	mario	01	009	mario	4
cortex_Limbic	13.899247693591683	60	mario	01	009	mario	4
cortex_SalVentAttn	35.42018949839319	121	mario	01	009	mario	4
cortex_SomMot	34.33944139359964	194	mario	01	009	mario	4
cortex_Vis	29.86883899045318	162	mario	01	009	mario	4
subcortex_CAU	23.664667847728957	8	mario	01	009	mario	4
subcortex_PUT	24.368463428989426	8	mario	01	009	mario	4
subcortex_THA	24.885483867740223	14	mario	01	009	mario	4
cerebellum	24.79054755489885	88	mario	01	009	mario	5
cortex_Cont	33.53069761152663	128	mario	01	009	mario	5
cortex_Default	32.55468231691424	209	mario	01	009	mario	5
cortex_DorsAttn	37.133698568925965	122	mario	01	009	mario	5
cortex_Limbic	13.51871375055033	60	mario	01	009	mario	5
cortex_SalVentAttn	33.79344148398888	121	mario	01	009	mario	5
cortex_SomMot	32.62939623863531	194	mario	01	009	mario	5
cortex_Vis	31.310995204228586	162	mario	01	009	mario	5
subcortex_CAU	22.332907429815602	8	mario	01	009	mario	5
subcortex_PUT	23.25364541865087	8	mario	01	009	mario	5
subcortex_THA	24.403259824397203	14	mario	01	009	mario	5
cerebellum	22.211179984246687	88	mario	01	010	mario	1
cortex_Cont	31.07934337676761	128	mario	01	010	mario	1
cortex_Default	30.261537685474945	209	mario	01	010	mario	1
cortex_DorsAttn	34.67164326426053	122	mario	01	010	mario	1
cortex_Limbic	12.205291147307943	60	mario	01	010	mario	1
cortex_SalVentAttn	31.30168658021408	121	mario	01	010	mario	1
cortex_SomMot	30.194086221583056	194	mario	01	010	mario	1
cortex_Vis	26.6488367534604	162	mario	01	010	mario	1
subcortex_CAU	20.93264563662094	8	mario	01	010	mario	1
subcortex_PUT	22.371206011383823	8	mario	01	010	mario	1
subcortex_THA	23.574393865645977	14	mario	01	010	mario	1
cerebellum	22.90911568589024	88	mario	01	010	mario	2
cortex_Cont	32.47763677012542	128	mario	01	010	mario	2
cortex_Default	31.9611498747009	209	mario	01	010	mario	2
cortex_DorsAttn	35.646554918944	122	mario	01	010	mario	2
cortex_Limbic	13.315266679100109	60	mario	01	010	mario	2
cortex_SalVentAttn	32.772562031878905	121	mario	01	010	mario	2
cortex_SomMot	31.607235368179147	194	mario	01	010	mario	2
cortex_Vis	28.085682612187725	162	mario	01	010	mario	2
subcortex_CAU	21.86433389684678	8	mario	01	010	mario	2
subcortex_PUT	22.928589296732458	8	mario	01	010	mario	2
subcortex_THA	24.215083026394606	14	mario	01	010	mario	2
cerebellum	24.888305368891334	88	mario	01	010	mario	3
cortex_Cont	33.60906229016789	128	mario	01	010	mario	3
cortex_Default	32.936580554967385	209	mario	01	010	mario	3
cortex_DorsAttn	37.10926972805037	122	mario	01	010	mario	3
cortex_Limbic	13.911065589096246	60	mario	01	010	mario	3
cortex_SalVentAttn	33.90800698458441	121	mario	01	010	mario	3
cortex_SomMot	32.504682247560645	194	mario	01	010	mario	3
cortex_Vis	30.615646828635207	162	mario	01	010	mario	3
subcortex_CAU	23.191674611712852	8	mario	01	010	mario	3
subcortex_PUT	24.633883920107724	8	mario	01	010	mario	3
subcortex_THA	24.308030838048683	14	mario	01	010	mario	3
cerebellum	24.251990017693576	88	mario	01	010	mario	4
cortex_Cont	33.94111071175904	128	mario	01	010	mario	4
cortex_Default	32.9965213756368	209	mario	01	010	mario	4
cortex_DorsAttn	37.66072667955031	122	mario	01	010	mario	4
cortex_Limbic	13.478893986544234	60	mario	01	010	mario	4
cortex_SalVentAttn	33.91225859710387	121	mario	01	010	mario	4
cortex_SomMot	32.91027916556946	194	mario	01	010	mario	4
cortex_Vis	30.88897462354143	162	mario	01	010	mario	4
subcortex_CAU	22.422218091437788	8	mario	01	010	mario	4
subcortex_PUT	23.770656441868585	8	mario	01	010	mario	4
subcortex_THA	24.13684610967561	14	mario	01	010	mario	4
cerebellum	25.18104330524694	88	mario	01	012	mario	1
cortex_Cont	36.37532342270602	128	mario	01	012	mario	1
cortex_Default	35.50218644635594	209	mario	01	012	mario	1
cortex_DorsAttn	40.11118987282993	122	mario	01	012	mario	1
cortex_Limbic	14.21474887761284	60	mario	01	012	mario	1
cortex_SalVentAttn	36.33523502864957	121	mario	01	012	mario	1
cortex_SomMot	36.05195607237708	194	mario	01	012	mario	1
cortex_Vis	31.165452853503744	162	mario	01	012	mario	1
subcortex_CAU	23.422405367424332	8	mario	01	012	mario	1
subcortex_PUT	24.175380558013742	8	mario	01	012	mario	1
subcortex_THA	25.6043010950888	14	mario	01	012	mario	1
cerebellum	23.96604709068682	88	mario	01	012	mario	2
cortex_Cont	34.85538283779096	128	mario	01	012	mario	2
cortex_Default	33.48951166318263	209	mario	01	012	mario	2
cortex_DorsAttn	36.64290827886148	122	mario	01	012	mario	2
cortex_Limbic	14.681460041082845	60	mario	01	012	mario	2
cortex_SalVentAttn	36.30366928956284	121	mario	01	012	mario	2
cortex_SomMot	35.02312374295815	194	mario	01	012	mario	2
cortex_Vis	29.00573627438437	162	mario	01	012	mario	2
subcortex_CAU	24.674822483787903	8	mario	01	012	mario	2
subcortex_PUT	24.27731003085146	8	mario	01	012	mario	2
subcortex_THA	25.409595632556172	14	mario	01	012	mario	2
cerebellum	22.770703060720585	88	mario	01	013	mario	1
cortex_Cont	32.97820981952336	128	mario	01	013	mario	1
cortex_Default	31.87585332685625	209	mario	01	013	mario	1
cortex_DorsAttn	35.658844476250444	122	mario	01	013	mario	1
cortex_Limbic	12.858999961119594	60	mario	01	013	mario	1
cortex_SalVentAttn	33.39398001381859	121	mario	01	013	mario	1
cortex_SomMot	32.873948696594105	194	mario	01	013	mario	1
cortex_Vis	28.175548868603062	162	mario	01	013	mario	1
subcortex_CAU	21.888933222773034	8	mario	01	013	mario	1
subcortex_PUT	22.33853473710361	8	mario	01	013	mario	1
subcortex_THA	24.0932274113705	14	mario	01	013	mario	1
cerebellum	26.532439066864924	88	mario	01	013	mario	2
cortex_Cont	36.5819902521317	128	mario	01	013	mario	2
cortex_Default	35.62966346486035	209	mario	01	013	mario	2
cortex_DorsAttn	39.99618741299366	122	mario	01	013	mario	2
cortex_Limbic	14.256852387371017	60	mario	01	013	mario	2
cortex_SalVentAttn	36.54203843991512	121	mario	01	013	mario	2
cortex_SomMot	36.30243615639375	194	mario	01	013	mario	2
cortex_Vis	32.433978406310516	162	mario	01	013	mario	2
subcortex_CAU	23.084858208440618	8	mario	01	013	mario	2
subcortex_PUT	23.575835448377084	8	mario	01	013	mario	2
subcortex_THA	25.693193971549103	14	mario	01	013	mario	2
cerebellum	24.53758764793886	88	mario	01	013	mario	3
cortex_Cont	37.323817149113424	128	mario	01	013	mario	3
cortex_Default	35.99833914510356	209	mario	01	013	mario	3
cortex_DorsAttn	39.822027308401	122	mario	01	013	mario	3
cortex_Limbic	14.796056150942011	60	mario	01	013	mario	3
cortex_SalVentAttn	37.708721576600375	121	mario	01	013	mario	3
cortex_SomMot	37.10005542189381	194	mario	01	013	mario	3
cortex_Vis	32.70024271453865	162	mario	01	013	mario	3
subcortex_CAU	25.00278402714669	8	mario	01	013	mario	3
subcortex_PUT	24.53421820407203	8	mario	01	013	mario	3
subcortex_THA	25.286504574173005	14	mario	01	013	mario	3
cerebellum	24.260001943808224	88	mario	01	013	mario	4
cortex_Cont	35.74948556911982	128	mario	01	013	mario	4
cortex_Default	34.39621414194239	209	mario	01	013	mario	4
cortex_DorsAttn	38.51285578337163	122	mario	01	013	mario	4
cortex_Limbic	14.244912326739215	60	mario	01	013	mario	4
cortex_SalVentAttn	36.35500666770536	121	mario	01	013	mario	4
cortex_SomMot	35.49282662284237	194	mario	01	013	mario	4
cortex_Vis	31.403045617820748	162	mario	01	013	mario	4
subcortex_CAU	23.67159789031008	8	mario	01	013	mario	4
subcortex_PUT	24.633673067387843	8	mario	01	013	mario	4
subcortex_THA	24.729042443527057	14	mario	01	013	mario	4
cerebellum	25.35357972065002	88	mario	01	013	mario	5
cortex_Cont	39.82641751846368	128	mario	01	013	mario	5
cortex_Default	37.66545155466304	209	mario	01	013	mario	5
cortex_DorsAttn	42.45414154728117	122	mario	01	013	mario	5
cortex_Limbic	14.881891972335275	60	mario	01	013	mario	5
cortex_SalVentAttn	39.08137285317446	121	mario	01	013	mario	5
cortex_SomMot	39.39492538904451	194	mario	01	013	mario	5
cortex_Vis	33.66325323848141	162	mario	01	013	mario	5
subcortex_CAU	25.436078426243682	8	mario	01	013	mario	5
subcortex_PUT	25.562881258975256	8	mario	01	013	mario	5
subcortex_THA	25.02999637775187	14	mario	01	013	mario	5
cerebellum	24.723387017771845	88	mario	01	014	mario	1
cortex_Cont	34.949280216573456	128	mario	01	014	mario	1
cortex_Default	34.25213605900514	209	mario	01	014	mario	1
cortex_DorsAttn	38.46804946886758	122	mario	01	014	mario	1
cortex_Limbic	13.746027649997172	60	mario	01	014	mario	1
cortex_SalVentAttn	34.96366067527479	121	mario	01	014	mario	1
cortex_SomMot	34.110623285658676	194	mario	01	014	mario	1
cortex_Vis	31.121289446200844	162	mario	01	014	mario	1
subcortex_CAU	22.819677835312117	8	mario	01	014	mario	1
subcortex_PUT	23.56686014947716	8	mario	01	014	mario	1
subcortex_THA	25.110265529547267	14	mario	01	014	mario	1
cerebellum	28.021975732727768	88	mario	01	014	mario	2
cortex_Cont	40.02019295778585	128	mario	01	014	mario	2
cortex_Default	38.128167300971285	209	mario	01	014	mario	2
cortex_DorsAttn	43.09292668997801	122	mario	01	014	mario	2
cortex_Limbic	15.37797969944978	60	mario	01	014	mario	2
cortex_SalVentAttn	39.46570049550598	121	mario	01	014	mario	2
cortex_SomMot	39.73532844592927	194	mario	01	014	mario	2
cortex_Vis	34.74724379281559	162	mario	01	014	mario	2
subcortex_CAU	25.707027554691404	8	mario	01	014	mario	2
subcortex_PUT	25.758922994875025	8	mario	01	014	mario	2
subcortex_THA	26.549417208982884	14	mario	01	014	mario	2
cerebellum	26.06832744109804	88	mario	01	014	mario	3
cortex_Cont	37.297178441285084	128	mario	01	014	mario	3
cortex_Default	35.35534608272333	209	mario	01	014	mario	3
cortex_DorsAttn	41.15220811538957	122	mario	01	014	mario	3
cortex_Limbic	14.819509350230101	60	mario	01	014	mario	3
cortex_SalVentAttn	37.55715026602656	121	mario	01	014	mario	3
cortex_SomMot	37.29690974542833	194	mario	01	014	mario	3
cortex_Vis	32.67710603011473	162	mario	01	014	mario	3
subcortex_CAU	24.097841730075515	8	mario	01	014	mario	3
subcortex_PUT	24.74706816196398	8	mario	01	014	mario	3
subcortex_THA	25.30161446127699	14	mario	01	014	mario	3
cerebellum	23.96180927970602	88	mario	01	014	mario	4
cortex_Cont	33.28505375486125	128	mario	01	014	mario	4
cortex_Default	32.19590851263105	209	mario	01	014	mario	4
cortex_DorsAttn	35.91391607903081	122	mario	01	014	mario	4
cortex_Limbic	13.6685920208915	60	mario	01	014	mario	4
cortex_SalVentAttn	35.10370511624778	121	mario	01	014	mario	4
cortex_SomMot	34.251428597044104	194	mario	01	014	mario	4
cortex_Vis	28.386523003775043	162	mario	01	014	mario	4
subcortex_CAU	22.842544498370923	8	mario	01	014	mario	4
subcortex_PUT	24.3217478892467	8	mario	01	014	mario	4
subcortex_THA	24.954435927727218	14	mario	01	014	mario	4
cerebellum	22.523471314769846	88	mario	01	014	mario	5
cortex_Cont	31.46492885530222	128	mario	01	014	mario	5
cortex_Default	30.23245405585496	209	mario	01	014	mario	5
cortex_DorsAttn	34.900904951236775	122	mario	01	014	mario	5
cortex_Limbic	12.69768403838671	60	mario	01	014	mario	5
cortex_SalVentAttn	32.02660381206386	121	mario	01	014	mario	5
cortex_SomMot	30.437163542225164	194	mario	01	014	mario	5
cortex_Vis	27.752706040711704	162	mario	01	014	mario	5
subcortex_CAU	21.594865512564557	8	mario	01	014	mario	5
subcortex_PUT	21.542123961944206	8	mario	01	014	mario	5
subcortex_THA	23.007163283949843	14	mario	01	014	mario	5
cerebellum	25.743801679019167	88	mario	01	015	mario	1
cortex_Cont	33.503697427949355	128	mario	01	015	mario	1
cortex_Default	32.69366017510116	209	mario	01	015	mario	1
cortex_DorsAttn	36.792315874067924	122	mario	01	015	mario	1
cortex_Limbic	13.366484565070776	60	mario	01	015	mario	1
cortex_SalVentAttn	34.25012608820309	121	mario	01	015	mario	1
cortex_SomMot	33.26722000181406	194	mario	01	015	mario	1
cortex_Vis	30.031994404557423	162	mario	01	015	mario	1
subcortex_CAU	22.730423242256958	8	mario	01	015	mario	1
subcortex_PUT	23.48558083443988	8	mario	01	015	mario	1
subcortex_THA	25.090974552612558	14	mario	01	015	mario	1
cerebellum	25.977129757401098	88	mario	01	015	mario	2
cortex_Cont	36.37696527733775	128	mario	01	015	mario	2
cortex_Default	35.327734590044834	209	mario	01	015	mario	2
cortex_DorsAttn	40.52152323550674	122	mario	01	015	mario	2
cortex_Limbic	14.586223266574459	60	mario	01	015	mario	2
cortex_SalVentAttn	37.09904714992061	121	mario	01	015	mario	2
cortex_SomMot	36.515025071859746	194	mario	01	015	mario	2
cortex_Vis	32.66859748003898	162	mario	01	015	mario	2
subcortex_CAU	23.60146914399463	8	mario	01	015	mario	2
subcortex_PUT	25.18756141885376	8	mario	01	015	mario	2
subcortex_THA	25.51406645190853	14	mario	01	015	mario	2
cerebellum	27.423226694337572	88	mario	01	015	mario	3
cortex_Cont	38.43420751822721	128	mario	01	015	mario	3
cortex_Default	36.67763281100532	209	mario	01	015	mario	3
cortex_DorsAttn	41.8410241961966	122	mario	01	015	mario	3
cortex_Limbic	14.973583124108329	60	mario	01	015	mario	3
cortex_SalVentAttn	38.817550869928596	121	mario	01	015	mario	3
cortex_SomMot	39.088210930269135	194	mario	01	015	mario	3
cortex_Vis	33.00702003153069	162	mario	01	015	mario	3
subcortex_CAU	24.46992151385896	8	mario	01	015	mario	3
subcortex_PUT	25.242341012195382	8	mario	01	015	mario	3
subcortex_THA	25.836182583314983	14	mario	01	015	mario	3
cerebellum	22.306452374852864	88	mario	01	015	mario	4
cortex_Cont	32.21911833894829	128	mario	01	015	mario	4
cortex_Default	31.161249542340165	209	mario	01	015	mario	4
cortex_DorsAttn	35.65170668070971	122	mario	01	015	mario	4
cortex_Limbic	13.157784503084512	60	mario	01	015	mario	4
cortex_SalVentAttn	33.33811443204192	121	mario	01	015	mario	4
cortex_SomMot	32.4363077524471	194	mario	01	015	mario	4
cortex_Vis	27.284813317706227	162	mario	01	015	mario	4
subcortex_CAU	21.668516610065414	8	mario	01	015	mario	4
subcortex_PUT	22.63700236755696	8	mario	01	015	mario	4
subcortex_THA	24.133914912158964	14	mario	01	015	mario	4
cerebellum	23.28670047376031	88	mario	01	015	mario	5
cortex_Cont	33.40367606790797	128	mario	01	015	mario	5
cortex_Default	32.11808028121579	209	mario	01	015	mario	5
cortex_DorsAttn	34.8573021957158	122	mario	01	015	mario	5
cortex_Limbic	13.793704280324022	60	mario	01	015	mario	5
cortex_SalVentAttn	34.73548586025745	121	mario	01	015	mario	5
cortex_SomMot	33.397522767944096	194	mario	01	015	mario	5
cortex_Vis	27.14887841691791	162	mario	01	015	mario	5
subcortex_CAU	23.45487473028105	8	mario	01	015	mario	5
subcortex_PUT	24.854060793911557	8	mario	01	015	mario	5
subcortex_THA	24.254815300766257	14	mario	01	015	mario	5
cerebellum	24.961235405047706	88	mario	01	016	mario	1
cortex_Cont	34.00659484268789	128	mario	01	016	mario	1
cortex_Default	33.50485378551192	209	mario	01	016	mario	1
cortex_DorsAttn	37.18660975645769	122	mario	01	016	mario	1
cortex_Limbic	13.769663668180733	60	mario	01	016	mario	1
cortex_SalVentAttn	34.55040474484489	121	mario	01	016	mario	1
cortex_SomMot	33.070339975865636	194	mario	01	016	mario	1
cortex_Vis	30.825056825934222	162	mario	01	016	mario	1
subcortex_CAU	22.681900363572517	8	mario	01	016	mario	1
subcortex_PUT	23.39462441120604	8	mario	01	016	mario	1
subcortex_THA	25.363781862797502	14	mario	01	016	mario	1
cerebellum	24.97377011463542	88	mario	01	016	mario	2
cortex_Cont	36.775141734507045	128	mario	01	016	mario	2
cortex_Default	35.4048493007274	209	mario	01	016	mario	2
cortex_DorsAttn	40.87516253449715	122	mario	01	016	mario	2
cortex_Limbic	14.224622191917591	60	mario	01	016	mario	2
cortex_SalVentAttn	37.20478051505257	121	mario	01	016	mario	2
cortex_SomMot	36.95304166298773	194	mario	01	016	mario	2
cortex_Vis	31.601226946729483	162	mario	01	016	mario	2
subcortex_CAU	23.806672089976246	8	mario	01	016	mario	2
subcortex_PUT	24.39376809022693	8	mario	01	016	mario	2
subcortex_THA	25.463596432983724	14	mario	01	016	mario	2
cerebellum	28.028901708591032	88	mario	01	016	mario	3
cortex_Cont	39.4791161597792	128	mario	01	016	mario	3
cortex_Default	37.92304270399452	209	mario	01	016	mario	3
cortex_DorsAttn	42.72922436471075	122	mario	01	016	mario	3
cortex_Limbic	15.55987973538654	60	mario	01	016	mario	3
cortex_SalVentAttn	39.27824462456035	121	mario	01	016	mario	3
cortex_SomMot	38.66455259431361	194	mario	01	016	mario	3
cortex_Vis	34.69349713974047	162	mario	01	016	mario	3
subcortex_CAU	24.804380327829133	8	mario	01	016	mario	3
subcortex_PUT	24.68946851521648	8	mario	01	016	mario	3
subcortex_THA	26.12344359361629	14	mario	01	016	mario	3
cerebellum	24.53263297712275	88	mario	01	016	mario	4
cortex_Cont	33.87351430800655	128	mario	01	016	mario	4
cortex_Default	32.53214564207403	209	mario	01	016	mario	4
cortex_DorsAttn	37.42521528849598	122	mario	01	016	mario	4
cortex_Limbic	13.414068584338388	60	mario	01	016	mario	4
cortex_SalVentAttn	33.94665827152096	121	mario	01	016	mario	4
cortex_SomMot	32.66030056423999	194	mario	01	016	mario	4
cortex_Vis	30.19595815650749	162	mario	01	016	mario	4
subcortex_CAU	22.520822300026268	8	mario	01	016	mario	4
subcortex_PUT	22.386706880652998	8	mario	01	016	mario	4
subcortex_THA	24.253640190552634	14	mario	01	016	mario	4
cerebellum	24.029056575772906	88	mario	01	017	mario	1
cortex_Cont	32.947973281976196	128	mario	01	017	mario	1
cortex_Default	32.3792005838356	209	mario	01	017	mario	1
cortex_DorsAttn	35.005313900526296	122	mario	01	017	mario	1
cortex_Limbic	13.596582740353035	60	mario	01	017	mario	1
cortex_SalVentAttn	33.39729763242909	121	mario	01	017	mario	1
cortex_SomMot	31.400180545799714	194	mario	01	017	mario	1
cortex_Vis	29.07978455217244	162	mario	01	017	mario	1
subcortex_CAU	22.92501229249902	8	mario	01	017	mario	1
subcortex_PUT	24.01336795628234	8	mario	01	017	mario	1
subcortex_THA	24.750310007783273	14	mario	01	017	mario	1
cerebellum	25.995382449885643	88	mario	01	017	mario	2
cortex_Cont	34.349331052224855	128	mario	01	017	mario	2
cortex_Default	33.59452065111009	209	mario	01	017	mario	2
cortex_DorsAttn	37.84940763199337	122	mario	01	017	mario	2
cortex_Limbic	14.003351794324256	60	mario	01	017	mario	2
cortex_SalVentAttn	34.93510568657894	121	mario	01	017	mario	2
cortex_SomMot	34.477676013277154	194	mario	01	017	mario	2
cortex_Vis	30.979201006072557	162	mario	01	017	mario	2
subcortex_CAU	22.6024681296716	8	mario	01	017	mario	2
subcortex_PUT	23.66210310298415	8	mario	01	017	mario	2
subcortex_THA	25.40329368986429	14	mario	01	017	mario	2
cerebellum	26.973180821093866	88	mario	01	017	mario	3
cortex_Cont	34.7639611027675	128	mario	01	017	mario	3
cortex_Default	33.94421123750917	209	mario	01	017	mario	3
cortex_DorsAttn	39.75355179029003	122	mario	01	017	mario	3
cortex_Limbic	14.310601859236154	60	mario	01	017	mario	3
cortex_SalVentAttn	35.700966251589676	121	mario	01	017	mario	3
cortex_SomMot	35.34269224703819	194	mario	01	017	mario	3
cortex_Vis	33.15587573368204	162	mario	01	017	mario	3
subcortex_CAU	23.39394181812834	8	mario	01	017	mario	3
subcortex_PUT	23.11929671134289	8	mario	01	017	mario	3
subcortex_THA	25.401758351252425	14	mario	01	017	mario	3
cerebellum	25.23859216181254	88	mario	01	017	mario	4
cortex_Cont	35.355177537750954	128	mario	01	017	mario	4
cortex_Default	34.01139435145175	209	mario	01	017	mario	4
cortex_DorsAttn	39.304043437745364	122	mario	01	017	mario	4
cortex_Limbic	13.666216770912307	60	mario	01	017	mario	4
cortex_SalVentAttn	35.4981832596133	121	mario	01	017	mario	4
cortex_SomMot	35.220070438222	194	mario	01	017	mario	4
cortex_Vis	31.17344429279418	162	mario	01	017	mario	4
subcortex_CAU	23.405507057522108	8	mario	01	017	mario	4
subcortex_PUT	22.7534024906696	8	mario	01	017	mario	4
subcortex_THA	25.03151947988126	14	mario	01	017	mario	4
cerebellum	25.07706933830633	88	mario	01	018	mario	1
cortex_Cont	34.64238839053591	128	mario	01	018	mario	1
cortex_Default	33.78790666928841	209	mario	01	018	mario	1
cortex_DorsAttn	37.63914158164304	122	mario	01	018	mario	1
cortex_Limbic	13.89528014882183	60	mario	01	018	mario	1
cortex_SalVentAttn	34.905489203538046	121	mario	01	018	mario	1
cortex_SomMot	33.4091911174274	194	mario	01	018	mario	1
cortex_Vis	30.914644442952028	162	mario	01	018	mario	1
subcortex_CAU	23.621471834966737	8	mario	01	018	mario	1
subcortex_PUT	23.240352109136886	8	mario	01	018	mario	1
subcortex_THA	25.30243019977683	14	mario	01	018	mario	1
cerebellum	23.879064268144454	88	mario	01	018	mario	2
cortex_Cont	35.559752977942686	128	mario	01	018	mario	2
cortex_Default	34.367065169104414	209	mario	01	018	mario	2
cortex_DorsAttn	37.497485256537665	122	mario	01	018	mario	2
cortex_Limbic	14.763300172662595	60	mario	01	018	mario	2
cortex_SalVentAttn	36.87024029366644	121	mario	01	018	mario	2
cortex_SomMot	35.06424628360586	194	mario	01	018	mario	2
cortex_Vis	29.863212454947583	162	mario	01	018	mario	2
subcortex_CAU	24.866742636925586	8	mario	01	018	mario	2
subcortex_PUT	24.270669743633025	8	mario	01	018	mario	2
subcortex_THA	24.988790798671026	14	mario	01	018	mario	2
cerebellum	25.424217522219656	88	mario	01	018	mario	3
cortex_Cont	36.26408568551183	128	mario	01	018	mario	3
cortex_Default	34.31850389324716	209	mario	01	018	mario	3
cortex_DorsAttn	38.139682742491026	122	mario	01	018	mario	3
cortex_Limbic	15.150903561583926	60	mario	01	018	mario	3
cortex_SalVentAttn	37.835862578888104	121	mario	01	018	mario	3
cortex_SomMot	36.68277449166243	194	mario	01	018	mario	3
cortex_Vis	29.451780729943525	162	mario	01	018	mario	3
subcortex_CAU	24.72567636331734	8	mario	01	018	mario	3
subcortex_PUT	24.73798116011221	8	mario	01	018	mario	3
subcortex_THA	25.99306785472051	14	mario	01	018	mario	3
cerebellum	22.01452463922017	88	mario	01	019	mario	1
cortex_Cont	33.709779679693646	128	mario	01	019	mario	1
cortex_Default	32.05761520979305	209	mario	01	019	mario	1
cortex_DorsAttn	36.77059304880892	122	mario	01	019	mario	1
cortex_Limbic	13.170076068692461	60	mario	01	019	mario	1
cortex_SalVentAttn	34.51243030707807	121	mario	01	019	mario	1
cortex_SomMot	33.92905949250765	194	mario	01	019	mario	1
cortex_Vis	27.95797225217399	162	mario	01	019	mario	1
subcortex_CAU	22.463581685032604	8	mario	01	019	mario	1
subcortex_PUT	24.329584523757646	8	mario	01	019	mario	1
subcortex_THA	25.508811866281054	14	mario	01	019	mario	1
cerebellum	23.102608881271212	88	mario	01	019	mario	2
cortex_Cont	36.63926181728217	128	mario	01	019	mario	2
cortex_Default	35.58599961302746	209	mario	01	019	mario	2
cortex_DorsAttn	38.4794122473891	122	mario	01	019	mario	2
cortex_Limbic	15.030629870019686	60	mario	01	019	mario	2
cortex_SalVentAttn	38.19752747203885	121	mario	01	019	mario	2
cortex_SomMot	37.162075705536296	194	mario	01	019	mario	2
cortex_Vis	29.927954284558023	162	mario	01	019	mario	2
subcortex_CAU	25.788398831966333	8	mario	01	019	mario	2
subcortex_PUT	26.920182495440056	8	mario	01	019	mario	2
subcortex_THA	25.769940096196017	14	mario	01	019	mario	2
cerebellum	23.222253761676072	88	mario	01	020	mario	1
cortex_Cont	34.32078948299575	128	mario	01	020	mario	1
cortex_Default	33.43149842291668	209	mario	01	020	mario	1
cortex_DorsAttn	37.18198586882139	122	mario	01	020	mario	1
cortex_Limbic	13.312903245244932	60	mario	01	020	mario	1
cortex_SalVentAttn	33.95434562811909	121	mario	01	020	mario	1
cortex_SomMot	33.21717607078373	194	mario	01	020	mario	1
cortex_Vis	29.820675227065998	162	mario	01	020	mario	1
subcortex_CAU	22.522844504933534	8	mario	01	020	mario	1
subcortex_PUT	23.97516227626881	8	mario	01	020	mario	1
subcortex_THA	24.346932619723436	14	mario	01	020	mario	1
cerebellum	24.562581813800577	88	mario	01	020	mario	2
cortex_Cont	35.218323094832	128	mario	01	020	mario	2
cortex_Default	34.07434663214765	209	mario	01	020	mario	2
cortex_DorsAttn	37.214975309812885	122	mario	01	020	mario	2
cortex_Limbic	14.22915398374636	60	mario	01	020	mario	2
cortex_SalVentAttn	36.07817878743466	121	mario	01	020	mario	2
cortex_SomMot	34.88325638064988	194	mario	01	020	mario	2
cortex_Vis	30.514612506374526	162	mario	01	020	mario	2
subcortex_CAU	24.27796962875959	8	mario	01	020	mario	2
subcortex_PUT	25.946860330045094	8	mario	01	020	mario	2
subcortex_THA	26.18732544053035	14	mario	01	020	mario	2
cerebellum	23.56591409586115	88	mario	01	020	mario	3
cortex_Cont	36.4528053119429	128	mario	01	020	mario	3
cortex_Default	34.53857784129986	209	mario	01	020	mario	3
cortex_DorsAttn	39.78645358584803	122	mario	01	020	mario	3
cortex_Limbic	14.123756327647744	60	mario	01	020	mario	3
cortex_SalVentAttn	36.96390730531056	121	mario	01	020	mario	3
cortex_SomMot	36.839313158204725	194	mario	01	020	mario	3
cortex_Vis	29.784099505440153	162	mario	01	020	mario	3
subcortex_CAU	24.34789244320581	8	mario	01	020	mario	3
subcortex_PUT	24.861626691123845	8	mario	01	020	mario	3
subcortex_THA	25.281331851592515	14	mario	01	020	mario	3
cerebellum	27.479487648219447	88	mario	01	020	mario	4
cortex_Cont	40.74163375584597	128	mario	01	020	mario	4
cortex_Default	38.601328617679535	209	mario	01	020	mario	4
cortex_DorsAttn	42.00101055413667	122	mario	01	020	mario	4
cortex_Limbic	15.844394881746735	60	mario	01	020	mario	4
cortex_SalVentAttn	40.39100259320699	121	mario	01	020	mario	4
cortex_SomMot	39.86932580959884	194	mario	01	020	mario	4
cortex_Vis	33.905424336375106	162	mario	01	020	mario	4
subcortex_CAU	25.842400760382517	8	mario	01	020	mario	4
subcortex_PUT	27.689906080816645	8	mario	01	020	mario	4
subcortex_THA	27.085888540180754	14	mario	01	020	mario	4
cerebellum	25.818875969271357	88	mario	01	021	mario	1
cortex_Cont	36.24741727143893	128	mario	01	021	mario	1
cortex_Default	34.555407578883916	209	mario	01	021	mario	1
cortex_DorsAttn	39.48335004710682	122	mario	01	021	mario	1
cortex_Limbic	14.05824661496641	60	mario	01	021	mario	1
cortex_SalVentAttn	35.76431197495442	121	mario	01	021	mario	1
cortex_SomMot	35.11137707976093	194	mario	01	021	mario	1
cortex_Vis	32.05446065100368	162	mario	01	021	mario	1
subcortex_CAU	22.569924107843647	8	mario	01	021	mario	1
subcortex_PUT	23.53156368273605	8	mario	01	021	mario	1
subcortex_THA	25.37106750495943	14	mario	01	021	mario	1
cerebellum	21.267876127276452	88	mario	01	021	mario	2
cortex_Cont	33.25592386099817	128	mario	01	021	mario	2
cortex_Default	31.675299861282618	209	mario	01	021	mario	2
cortex_DorsAttn	35.06663139801458	122	mario	01	021	mario	2
cortex_Limbic	13.876436370492723	60	mario	01	021	mario	2
cortex_SalVentAttn	35.09572185520879	121	mario	01	021	mario	2
cortex_SomMot	34.76548965109415	194	mario	01	021	mario	2
cortex_Vis	25.48414967102042	162	mario	01	021	mario	2
subcortex_CAU	23.989801695951066	8	mario	01	021	mario	2
subcortex_PUT	23.962018891540893	8	mario	01	021	mario	2
subcortex_THA	24.196510177797084	14	mario	01	021	mario	2
cerebellum	23.81573322242198	88	mario	01	021	mario	3
cortex_Cont	33.8987632891054	128	mario	01	021	mario	3
cortex_Default	32.60284415828973	209	mario	01	021	mario	3
cortex_DorsAttn	36.779919977728056	122	mario	01	021	mario	3
cortex_Limbic	13.620846138468618	60	mario	01	021	mario	3
cortex_SalVentAttn	34.836817685159716	121	mario	01	021	mario	3
cortex_SomMot	33.851900188662725	194	mario	01	021	mario	3
cortex_Vis	29.709648175969892	162	mario	01	021	mario	3
subcortex_CAU	22.596834018943536	8	mario	01	021	mario	3
subcortex_PUT	23.573642142519436	8	mario	01	021	mario	3
subcortex_THA	24.470245746713747	14	mario	01	021	mario	3
cerebellum	25.122566748932023	88	mario	01	021	mario	4
cortex_Cont	34.111425815980716	128	mario	01	021	mario	4
cortex_Default	32.82868618422338	209	mario	01	021	mario	4
cortex_DorsAttn	36.33400304853948	122	mario	01	021	mario	4
cortex_Limbic	14.103256072522978	60	mario	01	021	mario	4
cortex_SalVentAttn	34.87540347030228	121	mario	01	021	mario	4
cortex_SomMot	33.30523799689907	194	mario	01	021	mario	4
cortex_Vis	31.038901716238577	162	mario	01	021	mario	4
subcortex_CAU	23.41563912181289	8	mario	01	021	mario	4
subcortex_PUT	23.764616186655637	8	mario	01	021	mario	4
subcortex_THA	24.987461934173314	14	mario	01	021	mario	4
cerebellum	20.188323225394836	88	mario	02	001	mario	1
cortex_Cont	33.49420064017535	128	mario	02	001	mario	1
cortex_Default	32.15721775638415	209	mario	02	001	mario	1
cortex_DorsAttn	35.200806297824194	122	mario	02	001	mario	1
cortex_Limbic	14.557071369322252	60	mario	02	001	mario	1
cortex_SalVentAttn	34.31745794146493	121	mario	02	001	mario	1
cortex_SomMot	33.16876272543772	194	mario	02	001	mario	1
cortex_Vis	30.050399429494075	162	mario	02	001	mario	1
subcortex_CAU	28.948546054295463	8	mario	02	001	mario	1
subcortex_PUT	28.98141041338345	8	mario	02	001	mario	1
subcortex_THA	25.725915473943758	14	mario	02	001	mario	1
cerebellum	21.658431358938753	88	mario	02	001	mario	2
cortex_Cont	37.78772494336316	128	mario	02	001	mario	2
cortex_Default	35.146224462589174	209	mario	02	001	mario	2
cortex_DorsAttn	39.16122131399664	122	mario	02	001	mario	2
cortex_Limbic	15.615537792271427	60	mario	02	001	mario	2
cortex_SalVentAttn	37.43682080739549	121	mario	02	001	mario	2
cortex_SomMot	37.11897622806811	194	mario	02	001	mario	2
cortex_Vis	32.304742305182565	162	mario	02	001	mario	2
subcortex_CAU	30.068801397684254	8	mario	02	001	mario	2
subcortex_PUT	29.405677878895716	8	mario	02	001	mario	2
subcortex_THA	25.706423618950502	14	mario	02	001	mario	2
cerebellum	20.862370102600597	88	mario	02	001	mario	3
cortex_Cont	34.55562922774424	128	mario	02	001	mario	3
cortex_Default	32.40063096899042	209	mario	02	001	mario	3
cortex_DorsAttn	36.11145449951846	122	mario	02	001	mario	3
cortex_Limbic	14.095561166634146	60	mario	02	001	mario	3
cortex_SalVentAttn	34.50157395853734	121	mario	02	001	mario	3
cortex_SomMot	33.840786788880266	194	mario	02	001	mario	3
cortex_Vis	30.000206935106416	162	mario	02	001	mario	3
subcortex_CAU	28.83742638859104	8	mario	02	001	mario	3
subcortex_PUT	28.73239646567475	8	mario	02	001	mario	3
subcortex_THA	24.69982494558781	14	mario	02	001	mario	3
cerebellum	19.165337195633104	88	mario	02	001	mario	4
cortex_Cont	31.661980491210887	128	mario	02	001	mario	4
cortex_Default	30.48693876680321	209	mario	02	001	mario	4
cortex_DorsAttn	32.72941619983285	122	mario	02	001	mario	4
cortex_Limbic	13.7480056947883	60	mario	02	001	mario	4
cortex_SalVentAttn	33.09731089663081	121	mario	02	001	mario	4
cortex_SomMot	31.859453553089235	194	mario	02	001	mario	4
cortex_Vis	27.599949699660723	162	mario	02	001	mario	4
subcortex_CAU	28.706971672497637	8	mario	02	001	mario	4
subcortex_PUT	28.664046676850475	8	mario	02	001	mario	4
subcortex_THA	24.621447813364316	14	mario	02	001	mario	4
cerebellum	27.9807426039907	88	mario	02	002	mario	1
cortex_Cont	37.6686913919661	128	mario	02	002	mario	1
cortex_Default	35.166559633768216	209	mario	02	002	mario	1
cortex_DorsAttn	37.968515843245655	122	mario	02	002	mario	1
cortex_Limbic	17.648958818334513	60	mario	02	002	mario	1
cortex_SalVentAttn	37.474066759424794	121	mario	02	002	mario	1
cortex_SomMot	35.74043754211888	194	mario	02	002	mario	1
cortex_Vis	31.57434253129147	162	mario	02	002	mario	1
subcortex_CAU	30.627181603117805	8	mario	02	002	mario	1
subcortex_PUT	29.950628177203328	8	mario	02	002	mario	1
subcortex_THA	26.05533451114987	14	mario	02	002	mario	1
cerebellum	24.283225412926402	88	mario	02	002	mario	2
cortex_Cont	32.27165209507214	128	mario	02	002	mario	2
cortex_Default	30.447445778216053	209	mario	02	002	mario	2
cortex_DorsAttn	33.14757979047379	122	mario	02	002	mario	2
cortex_Limbic	15.242577783488205	60	mario	02	002	mario	2
cortex_SalVentAttn	33.02413655876922	121	mario	02	002	mario	2
cortex_SomMot	31.386905688124312	194	mario	02	002	mario	2
cortex_Vis	27.293769928227388	162	mario	02	002	mario	2
subcortex_CAU	28.673988602489832	8	mario	02	002	mario	2
subcortex_PUT	28.56914572214436	8	mario	02	002	mario	2
subcortex_THA	24.635130366449136	14	mario	02	002	mario	2
cerebellum	25.06992292229247	88	mario	02	002	mario	3
cortex_Cont	35.80361921904884	128	mario	02	002	mario	3
cortex_Default	32.72927686751839	209	mario	02	002	mario	3
cortex_DorsAttn	36.61099589757448	122	mario	02	002	mario	3
cortex_Limbic	16.01274072817404	60	mario	02	002	mario	3
cortex_SalVentAttn	35.21241033379058	121	mario	02	002	mario	3
cortex_SomMot	34.32671733260478	194	mario	02	002	mario	3
cortex_Vis	28.93356329413172	162	mario	02	002	mario	3
subcortex_CAU	29.30447880131902	8	mario	02	002	mario	3
subcortex_PUT	28.73754620427962	8	mario	02	002	mario	3
subcortex_THA	24.4417424987357	14	mario	02	002	mario	3
cerebellum	23.968576043921555	88	mario	02	002	mario	4
cortex_Cont	34.205933623967695	128	mario	02	002	mario	4
cortex_Default	31.979255453398963	209	mario	02	002	mario	4
cortex_DorsAttn	34.471702839116105	122	mario	02	002	mario	4
cortex_Limbic	15.605729138182115	60	mario	02	002	mario	4
cortex_SalVentAttn	34.04746155296829	121	mario	02	002	mario	4
cortex_SomMot	33.00174686031225	194	mario	02	002	mario	4
cortex_Vis	27.69547792191236	162	mario	02	002	mario	4
subcortex_CAU	29.09711496280406	8	mario	02	002	mario	4
subcortex_PUT	28.6273684516198	8	mario	02	002	mario	4
subcortex_THA	24.406538993222828	14	mario	02	002	mario	4
cerebellum	27.579748887915777	88	mario	02	002	mario	5
cortex_Cont	39.4088544202875	128	mario	02	002	mario	5
cortex_Default	36.46031548652264	209	mario	02	002	mario	5
cortex_DorsAttn	40.73351644667713	122	mario	02	002	mario	5
cortex_Limbic	17.588329232246036	60	mario	02	002	mario	5
cortex_SalVentAttn	38.31487201961553	121	mario	02	002	mario	5
cortex_SomMot	38.30857233125332	194	mario	02	002	mario	5
cortex_Vis	32.472366429150135	162	mario	02	002	mario	5
subcortex_CAU	30.30943935614227	8	mario	02	002	mario	5
subcortex_PUT	29.39792516010563	8	mario	02	002	mario	5
subcortex_THA	25.62734250114644	14	mario	02	002	mario	5
cerebellum	21.906643430172608	88	mario	02	003	mario	1
cortex_Cont	29.435532146219124	128	mario	02	003	mario	1
cortex_Default	27.77643375332817	209	mario	02	003	mario	1
cortex_DorsAttn	29.95435972299066	122	mario	02	003	mario	1
cortex_Limbic	14.73224701123846	60	mario	02	003	mario	1
cortex_SalVentAttn	29.905087422093573	121	mario	02	003	mario	1
cortex_SomMot	28.73965883325674	194	mario	02	003	mario	1
cortex_Vis	24.95364644399008	162	mario	02	003	mario	1
subcortex_CAU	27.433114166242962	8	mario	02	003	mario	1
subcortex_PUT	27.178372813667387	8	mario	02	003	mario	1
subcortex_THA	22.53951336042609	14	mario	02	003	mario	1
cerebellum	25.562918966366944	88	mario	02	003	mario	2
cortex_Cont	35.58335720632064	128	mario	02	003	mario	2
cortex_Default	33.105843422058506	209	mario	02	003	mario	2
cortex_DorsAttn	36.37178730999733	122	mario	02	003	mario	2
cortex_Limbic	16.912059965281205	60	mario	02	003	mario	2
cortex_SalVentAttn	35.597199079923946	121	mario	02	003	mario	2
cortex_SomMot	33.99100842541649	194	mario	02	003	mario	2
cortex_Vis	29.89122397083594	162	mario	02	003	mario	2
subcortex_CAU	30.22895416148314	8	mario	02	003	mario	2
subcortex_PUT	29.00526328873201	8	mario	02	003	mario	2
subcortex_THA	24.842106534251204	14	mario	02	003	mario	2
cerebellum	22.204201771745545	88	mario	02	003	mario	3
cortex_Cont	30.840226188265543	128	mario	02	003	mario	3
cortex_Default	29.200650120441985	209	mario	02	003	mario	3
cortex_DorsAttn	31.381781022651133	122	mario	02	003	mario	3
cortex_Limbic	15.44173725112877	60	mario	02	003	mario	3
cortex_SalVentAttn	31.942253902087717	121	mario	02	003	mario	3
cortex_SomMot	29.86498943169998	194	mario	02	003	mario	3
cortex_Vis	26.121822845389275	162	mario	02	003	mario	3
subcortex_CAU	28.738681523258347	8	mario	02	003	mario	3
subcortex_PUT	27.60645319416682	8	mario	02	003	mario	3
subcortex_THA	23.447198894781923	14	mario	02	003	mario	3
cerebellum	22.766458557883553	88	mario	02	003	mario	4
cortex_Cont	29.927809765416377	128	mario	02	003	mario	4
cortex_Default	28.497085473064214	209	mario	02	003	mario	4
cortex_DorsAttn	30.75029555555686	122	mario	02	003	mario	4
cortex_Limbic	15.283001775736805	60	mario	02	003	mario	4
cortex_SalVentAttn	31.21091858830603	121	mario	02	003	mario	4
cortex_SomMot	28.890685025262044	194	mario	02	003	mario	4
cortex_Vis	25.779726327996773	162	mario	02	003	mario	4
subcortex_CAU	27.849053231726547	8	mario	02	003	mario	4
subcortex_PUT	27.609652587472194	8	mario	02	003	mario	4
subcortex_THA	23.00254576016064	14	mario	02	003	mario	4
cerebellum	19.778438756407965	88	mario	02	003	mario	5
cortex_Cont	27.17228290734703	128	mario	02	003	mario	5
cortex_Default	25.91185152334543	209	mario	02	003	mario	5
cortex_DorsAttn	28.009873396714696	122	mario	02	003	mario	5
cortex_Limbic	13.288949536431792	60	mario	02	003	mario	5
cortex_SalVentAttn	28.404886974572868	121	mario	02	003	mario	5
cortex_SomMot	26.595618895720325	194	mario	02	003	mario	5
cortex_Vis	22.637051936522088	162	mario	02	003	mario	5
subcortex_CAU	26.575534533645246	8	mario	02	003	mario	5
subcortex_PUT	26.406623249274425	8	mario	02	003	mario	5
subcortex_THA	21.635528729640317	14	mario	02	003	mario	5
cerebellum	23.03054710281119	88	mario	02	004	mario	1
cortex_Cont	30.376863804719587	128	mario	02	004	mario	1
cortex_Default	29.078944405220057	209	mario	02	004	mario	1
cortex_DorsAttn	31.631064263579525	122	mario	02	004	mario	1
cortex_Limbic	14.464974460702875	60	mario	02	004	mario	1
cortex_SalVentAttn	31.538959178978097	121	mario	02	004	mario	1
cortex_SomMot	30.110959263386956	194	mario	02	004	mario	1
cortex_Vis	25.850136488340244	162	mario	02	004	mario	1
subcortex_CAU	27.03441814459696	8	mario	02	004	mario	1
subcortex_PUT	27.542743693476243	8	mario	02	004	mario	1
subcortex_THA	24.018035204908788	14	mario	02	004	mario	1
cerebellum	19.772960194143995	88	mario	02	004	mario	2
cortex_Cont	27.51078553202395	128	mario	02	004	mario	2
cortex_Default	26.355575385610987	209	mario	02	004	mario	2
cortex_DorsAttn	27.837119910875874	122	mario	02	004	mario	2
cortex_Limbic	13.73215424540116	60	mario	02	004	mario	2
cortex_SalVentAttn	28.735463816836223	121	mario	02	004	mario	2
cortex_SomMot	26.81163721604631	194	mario	02	004	mario	2
cortex_Vis	22.92996281025223	162	mario	02	004	mario	2
subcortex_CAU	26.478059303763647	8	mario	02	004	mario	2
subcortex_PUT	26.645900630809322	8	mario	02	004	mario	2
subcortex_THA	22.136487042933112	14	mario	02	004	mario	2
cerebellum	20.833050578826768	88	mario	02	004	mario	3
cortex_Cont	28.271889031574503	128	mario	02	004	mario	3
cortex_Default	27.353731292131084	209	mario	02	004	mario	3
cortex_DorsAttn	29.229662179937613	122	mario	02	004	mario	3
cortex_Limbic	14.794767964212769	60	mario	02	004	mario	3
cortex_SalVentAttn	29.795701205809927	121	mario	02	004	mario	3
cortex_SomMot	27.958870711895322	194	mario	02	004	mario	3
cortex_Vis	24.170324054426963	162	mario	02	004	mario	3
subcortex_CAU	26.634296279724516	8	mario	02	004	mario	3
subcortex_PUT	27.03811535862459	8	mario	02	004	mario	3
subcortex_THA	23.298154221994306	14	mario	02	004	mario	3
cerebellum	20.25427118272148	88	mario	02	004	mario	4
cortex_Cont	28.107913915606712	128	mario	02	004	mario	4
cortex_Default	27.3558251988639	209	mario	02	004	mario	4
cortex_DorsAttn	29.725408536692935	122	mario	02	004	mario	4
cortex_Limbic	13.745440252170544	60	mario	02	004	mario	4
cortex_SalVentAttn	29.338415385231944	121	mario	02	004	mario	4
cortex_SomMot	27.76730188010938	194	mario	02	004	mario	4
cortex_Vis	24.480998650125816	162	mario	02	004	mario	4
subcortex_CAU	26.049649690318045	8	mario	02	004	mario	4
subcortex_PUT	26.604140328977397	8	mario	02	004	mario	4
subcortex_THA	22.956034320468437	14	mario	02	004	mario	4
cerebellum	18.692297411895147	88	mario	02	004	mario	5
cortex_Cont	27.01952883338258	128	mario	02	004	mario	5
cortex_Default	25.927013514179553	209	mario	02	004	mario	5
cortex_DorsAttn	27.946246392535627	122	mario	02	004	mario	5
cortex_Limbic	14.09363243891634	60	mario	02	004	mario	5
cortex_SalVentAttn	28.43671743243362	121	mario	02	004	mario	5
cortex_SomMot	26.890861281508986	194	mario	02	004	mario	5
cortex_Vis	22.380590688671543	162	mario	02	004	mario	5
subcortex_CAU	26.069075103544098	8	mario	02	004	mario	5
subcortex_PUT	26.24223085868604	8	mario	02	004	mario	5
subcortex_THA	22.016956998011178	14	mario	02	004	mario	5
cerebellum	24.882817850917935	88	mario	02	005	mario	1
cortex_Cont	32.41486896701954	128	mario	02	005	mario	1
cortex_Default	30.5984330285322	209	mario	02	005	mario	1
cortex_DorsAttn	35.2697716310514	122	mario	02	005	mario	1
cortex_Limbic	15.613795551113453	60	mario	02	005	mario	1
cortex_SalVentAttn	33.5232109265211	121	mario	02	005	mario	1
cortex_SomMot	32.92894527283835	194	mario	02	005	mario	1
cortex_Vis	28.987071977797022	162	mario	02	005	mario	1
subcortex_CAU	29.165712787484967	8	mario	02	005	mario	1
subcortex_PUT	28.47334149931005	8	mario	02	005	mario	1
subcortex_THA	24.872570075290014	14	mario	02	005	mario	1
cerebellum	24.05903046213299	88	mario	02	005	mario	2
cortex_Cont	34.639156558951996	128	mario	02	005	mario	2
cortex_Default	32.24763106911078	209	mario	02	005	mario	2
cortex_DorsAttn	36.029519110995636	122	mario	02	005	mario	2
cortex_Limbic	15.943364418567075	60	mario	02	005	mario	2
cortex_SalVentAttn	35.16712700999852	121	mario	02	005	mario	2
cortex_SomMot	33.941559724560584	194	mario	02	005	mario	2
cortex_Vis	28.89790156827346	162	mario	02	005	mario	2
subcortex_CAU	29.779100661737814	8	mario	02	005	mario	2
subcortex_PUT	28.991392889433527	8	mario	02	005	mario	2
subcortex_THA	25.057816065320036	14	mario	02	005	mario	2
cerebellum	22.585546653517127	88	mario	02	005	mario	3
cortex_Cont	30.624724353518033	128	mario	02	005	mario	3
cortex_Default	28.97333681108044	209	mario	02	005	mario	3
cortex_DorsAttn	31.454711823422986	122	mario	02	005	mario	3
cortex_Limbic	15.062931280874391	60	mario	02	005	mario	3
cortex_SalVentAttn	32.74289246777304	121	mario	02	005	mario	3
cortex_SomMot	30.828925770524226	194	mario	02	005	mario	3
cortex_Vis	26.36684694358237	162	mario	02	005	mario	3
subcortex_CAU	28.453686065935706	8	mario	02	005	mario	3
subcortex_PUT	28.156866586266588	8	mario	02	005	mario	3
subcortex_THA	24.55339749073718	14	mario	02	005	mario	3
cerebellum	22.575443185590206	88	mario	02	005	mario	4
cortex_Cont	31.65632088994426	128	mario	02	005	mario	4
cortex_Default	29.299779828541425	209	mario	02	005	mario	4
cortex_DorsAttn	34.265814629951635	122	mario	02	005	mario	4
cortex_Limbic	14.20317890861193	60	mario	02	005	mario	4
cortex_SalVentAttn	32.960857989486705	121	mario	02	005	mario	4
cortex_SomMot	32.3535006674053	194	mario	02	005	mario	4
cortex_Vis	27.135335551995862	162	mario	02	005	mario	4
subcortex_CAU	28.100262994397532	8	mario	02	005	mario	4
subcortex_PUT	27.70518276721129	8	mario	02	005	mario	4
subcortex_THA	23.894435313155586	14	mario	02	005	mario	4
cerebellum	21.788792810632724	88	mario	02	005	mario	5
cortex_Cont	30.6480262414766	128	mario	02	005	mario	5
cortex_Default	29.010368310068753	209	mario	02	005	mario	5
cortex_DorsAttn	31.380151690381936	122	mario	02	005	mario	5
cortex_Limbic	15.516192445457504	60	mario	02	005	mario	5
cortex_SalVentAttn	32.48405305336633	121	mario	02	005	mario	5
cortex_SomMot	30.73202697078721	194	mario	02	005	mario	5
cortex_Vis	25.59228389023444	162	mario	02	005	mario	5
subcortex_CAU	28.49818053835395	8	mario	02	005	mario	5
subcortex_PUT	28.19885370392637	8	mario	02	005	mario	5
subcortex_THA	24.173590151283737	14	mario	02	005	mario	5
cerebellum	21.619483773397864	88	mario	02	005	mario	6
cortex_Cont	30.275923981631863	128	mario	02	005	mario	6
cortex_Default	28.55929481769912	209	mario	02	005	mario	6
cortex_DorsAttn	31.419742942521076	122	mario	02	005	mario	6
cortex_Limbic	14.630256668701367	60	mario	02	005	mario	6
cortex_SalVentAttn	31.806328120916785	121	mario	02	005	mario	6
cortex_SomMot	30.524348878167295	194	mario	02	005	mario	6
cortex_Vis	25.241302624407027	162	mario	02	005	mario	6
subcortex_CAU	28.2181419028901	8	mario	02	005	mario	6
subcortex_PUT	27.596320691379486	8	mario	02	005	mario	6
subcortex_THA	23.894117549498826	14	mario	02	005	mario	6
cerebellum	22.086194544373242	88	mario	02	006	mario	1
cortex_Cont	28.861464811908625	128	mario	02	006	mario	1
cortex_Default	27.470825771179165	209	mario	02	006	mario	1
cortex_DorsAttn	29.86180754373897	122	mario	02	006	mario	1
cortex_Limbic	13.962194143189574	60	mario	02	006	mario	1
cortex_SalVentAttn	30.026196235201173	121	mario	02	006	mario	1
cortex_SomMot	28.8541127447482	194	mario	02	006	mario	1
cortex_Vis	24.36338599750862	162	mario	02	006	mario	1
subcortex_CAU	27.62754531972834	8	mario	02	006	mario	1
subcortex_PUT	27.72397370523567	8	mario	02	006	mario	1
subcortex_THA	23.628508868452396	14	mario	02	006	mario	1
cerebellum	21.558336255412424	88	mario	02	006	mario	2
cortex_Cont	27.544261204094816	128	mario	02	006	mario	2
cortex_Default	26.78543115781091	209	mario	02	006	mario	2
cortex_DorsAttn	29.293903698732134	122	mario	02	006	mario	2
cortex_Limbic	13.710560306453901	60	mario	02	006	mario	2
cortex_SalVentAttn	29.1655340369024	121	mario	02	006	mario	2
cortex_SomMot	27.937887814096204	194	mario	02	006	mario	2
cortex_Vis	24.443868736995032	162	mario	02	006	mario	2
subcortex_CAU	26.69287689054445	8	mario	02	006	mario	2
subcortex_PUT	26.70275133462762	8	mario	02	006	mario	2
subcortex_THA	23.27270599708076	14	mario	02	006	mario	2
cerebellum	22.833841982020832	88	mario	02	006	mario	3
cortex_Cont	29.730053570683893	128	mario	02	006	mario	3
cortex_Default	28.474408624326525	209	mario	02	006	mario	3
cortex_DorsAttn	31.416850127477883	122	mario	02	006	mario	3
cortex_Limbic	14.411603305644153	60	mario	02	006	mario	3
cortex_SalVentAttn	30.57847547774606	121	mario	02	006	mario	3
cortex_SomMot	29.607684855625717	194	mario	02	006	mario	3
cortex_Vis	26.173398505417754	162	mario	02	006	mario	3
subcortex_CAU	27.712440638811568	8	mario	02	006	mario	3
subcortex_PUT	27.542213454667994	8	mario	02	006	mario	3
subcortex_THA	24.00861445013638	14	mario	02	006	mario	3
cerebellum	20.93925804071878	88	mario	02	006	mario	4
cortex_Cont	28.322915095612185	128	mario	02	006	mario	4
cortex_Default	27.067338946199584	209	mario	02	006	mario	4
cortex_DorsAttn	28.48382334224606	122	mario	02	006	mario	4
cortex_Limbic	14.154308209673879	60	mario	02	006	mario	4
cortex_SalVentAttn	29.645186511931932	121	mario	02	006	mario	4
cortex_SomMot	27.76731136653851	194	mario	02	006	mario	4
cortex_Vis	23.39367041351508	162	mario	02	006	mario	4
subcortex_CAU	27.118116540449954	8	mario	02	006	mario	4
subcortex_PUT	27.152260350617436	8	mario	02	006	mario	4
subcortex_THA	23.068641390798856	14	mario	02	006	mario	4
cerebellum	22.148152367007597	88	mario	02	007	mario	1
cortex_Cont	28.32077936060823	128	mario	02	007	mario	1
cortex_Default	26.429661684863657	209	mario	02	007	mario	1
cortex_DorsAttn	28.607988487484732	122	mario	02	007	mario	1
cortex_Limbic	14.401653847608713	60	mario	02	007	mario	1
cortex_SalVentAttn	29.34495977612529	121	mario	02	007	mario	1
cortex_SomMot	27.36991833186356	194	mario	02	007	mario	1
cortex_Vis	23.81339261699338	162	mario	02	007	mario	1
subcortex_CAU	26.03334392023935	8	mario	02	007	mario	1
subcortex_PUT	27.14459537490364	8	mario	02	007	mario	1
subcortex_THA	22.520560293601203	14	mario	02	007	mario	1
cerebellum	22.489614336881402	88	mario	02	007	mario	2
cortex_Cont	31.049542573001183	128	mario	02	007	mario	2
cortex_Default	29.172406197649046	209	mario	02	007	mario	2
cortex_DorsAttn	30.63404292359368	122	mario	02	007	mario	2
cortex_Limbic	15.27357876852765	60	mario	02	007	mario	2
cortex_SalVentAttn	31.70575636772082	121	mario	02	007	mario	2
cortex_SomMot	29.80395713591749	194	mario	02	007	mario	2
cortex_Vis	25.629917340207314	162	mario	02	007	mario	2
subcortex_CAU	28.239266001535743	8	mario	02	007	mario	2
subcortex_PUT	28.081698903610068	8	mario	02	007	mario	2
subcortex_THA	23.77739568632978	14	mario	02	007	mario	2
cerebellum	24.432278788315195	88	mario	02	007	mario	3
cortex_Cont	33.66060924539489	128	mario	02	007	mario	3
cortex_Default	31.223743894530397	209	mario	02	007	mario	3
cortex_DorsAttn	33.97322131101811	122	mario	02	007	mario	3
cortex_Limbic	16.347058021854146	60	mario	02	007	mario	3
cortex_SalVentAttn	34.1134580241984	121	mario	02	007	mario	3
cortex_SomMot	32.18893595682504	194	mario	02	007	mario	3
cortex_Vis	28.411350103815433	162	mario	02	007	mario	3
subcortex_CAU	29.411281071763646	8	mario	02	007	mario	3
subcortex_PUT	29.086363540780926	8	mario	02	007	mario	3
subcortex_THA	25.19421379372167	14	mario	02	007	mario	3
cerebellum	23.563455587647887	88	mario	02	007	mario	4
cortex_Cont	33.54275185604658	128	mario	02	007	mario	4
cortex_Default	31.60505414326928	209	mario	02	007	mario	4
cortex_DorsAttn	33.89441813740537	122	mario	02	007	mario	4
cortex_Limbic	16.378474136150803	60	mario	02	007	mario	4
cortex_SalVentAttn	33.656964478789334	121	mario	02	007	mario	4
cortex_SomMot	32.11477052158878	194	mario	02	007	mario	4
cortex_Vis	28.326456884997636	162	mario	02	007	mario	4
subcortex_CAU	28.877272378073975	8	mario	02	007	mario	4
subcortex_PUT	28.504583323999423	8	mario	02	007	mario	4
subcortex_THA	24.391617685395442	14	mario	02	007	mario	4
cerebellum	21.339182466179548	88	mario	02	008	mario	1
cortex_Cont	25.840711526307743	128	mario	02	008	mario	1
cortex_Default	25.345638580788876	209	mario	02	008	mario	1
cortex_DorsAttn	26.853197376411597	122	mario	02	008	mario	1
cortex_Limbic	13.892749285970517	60	mario	02	008	mario	1
cortex_SalVentAttn	27.060508260315565	121	mario	02	008	mario	1
cortex_SomMot	25.563509599709214	194	mario	02	008	mario	1
cortex_Vis	23.767151014840298	162	mario	02	008	mario	1
subcortex_CAU	25.59187863414445	8	mario	02	008	mario	1
subcortex_PUT	26.103670223743325	8	mario	02	008	mario	1
subcortex_THA	21.84274702732966	14	mario	02	008	mario	1
cerebellum	20.557928375572484	88	mario	02	008	mario	2
cortex_Cont	25.634570148446837	128	mario	02	008	mario	2
cortex_Default	25.125967053249315	209	mario	02	008	mario	2
cortex_DorsAttn	27.49625197270519	122	mario	02	008	mario	2
cortex_Limbic	14.168437112888784	60	mario	02	008	mario	2
cortex_SalVentAttn	27.324939389775874	121	mario	02	008	mario	2
cortex_SomMot	25.982199791746247	194	mario	02	008	mario	2
cortex_Vis	23.697335219065877	162	mario	02	008	mario	2
subcortex_CAU	24.90967606721398	8	mario	02	008	mario	2
subcortex_PUT	25.21336420481568	8	mario	02	008	mario	2
subcortex_THA	21.53870950068573	14	mario	02	008	mario	2
cerebellum	21.161471238233016	88	mario	02	008	mario	3
cortex_Cont	25.587917278115867	128	mario	02	008	mario	3
cortex_Default	25.076372705271705	209	mario	02	008	mario	3
cortex_DorsAttn	26.72385944784372	122	mario	02	008	mario	3
cortex_Limbic	14.168893978397184	60	mario	02	008	mario	3
cortex_SalVentAttn	26.891147123317953	121	mario	02	008	mario	3
cortex_SomMot	25.235523027179887	194	mario	02	008	mario	3
cortex_Vis	23.430247263302235	162	mario	02	008	mario	3
subcortex_CAU	24.720107086676528	8	mario	02	008	mario	3
subcortex_PUT	25.478689212774906	8	mario	02	008	mario	3
subcortex_THA	21.593833955918424	14	mario	02	008	mario	3
cerebellum	21.334166523921912	88	mario	02	008	mario	4
cortex_Cont	25.7453281107412	128	mario	02	008	mario	4
cortex_Default	25.424433134455263	209	mario	02	008	mario	4
cortex_DorsAttn	26.51709771428508	122	mario	02	008	mario	4
cortex_Limbic	13.97221486893253	60	mario	02	008	mario	4
cortex_SalVentAttn	26.71251424975854	121	mario	02	008	mario	4
cortex_SomMot	24.67571233063021	194	mario	02	008	mario	4
cortex_Vis	23.987401577845613	162	mario	02	008	mario	4
subcortex_CAU	25.152224216930154	8	mario	02	008	mario	4
subcortex_PUT	25.843691367240417	8	mario	02	008	mario	4
subcortex_THA	21.644866465684238	14	mario	02	008	mario	4
cerebellum	23.52798177141326	88	mario	02	009	mario	1
cortex_Cont	32.195538153470274	128	mario	02	009	mario	1
cortex_Default	30.105107684140066	209	mario	02	009	mario	1
cortex_DorsAttn	33.368942445808784	122	mario	02	009	mario	1
cortex_Limbic	14.943809439204625	60	mario	02	009	mario	1
cortex_SalVentAttn	33.11465405114453	121	mario	02	009	mario	1
cortex_SomMot	31.644245044087356	194	mario	02	009	mario	1
cortex_Vis	27.80018345031423	162	mario	02	009	mario	1
subcortex_CAU	28.073223652358312	8	mario	02	009	mario	1
subcortex_PUT	28.059424831548817	8	mario	02	009	mario	1
subcortex_THA	23.977764003513936	14	mario	02	009	mario	1
cerebellum	22.569288286677732	88	mario	02	009	mario	2
cortex_Cont	30.33571565455149	128	mario	02	009	mario	2
cortex_Default	28.661374801253512	209	mario	02	009	mario	2
cortex_DorsAttn	30.694595049624553	122	mario	02	009	mario	2
cortex_Limbic	14.951135552093662	60	mario	02	009	mario	2
cortex_SalVentAttn	31.67240891428919	121	mario	02	009	mario	2
cortex_SomMot	29.567021699307897	194	mario	02	009	mario	2
cortex_Vis	25.92365825801476	162	mario	02	009	mario	2
subcortex_CAU	27.211081714223674	8	mario	02	009	mario	2
subcortex_PUT	27.604856231564856	8	mario	02	009	mario	2
subcortex_THA	23.691130101850547	14	mario	02	009	mario	2
cerebellum	20.583669999470178	88	mario	02	009	mario	3
cortex_Cont	26.256686719219207	128	mario	02	009	mario	3
cortex_Default	25.056102022981015	209	mario	02	009	mario	3
cortex_DorsAttn	27.270145382781593	122	mario	02	009	mario	3
cortex_Limbic	13.20948186027734	60	mario	02	009	mario	3
cortex_SalVentAttn	27.848739975591098	121	mario	02	009	mario	3
cortex_SomMot	25.931260106705277	194	mario	02	009	mario	3
cortex_Vis	23.35282174850694	162	mario	02	009	mario	3
subcortex_CAU	24.845747273960516	8	mario	02	009	mario	3
subcortex_PUT	25.901485933333632	8	mario	02	009	mario	3
subcortex_THA	22.031903474774374	14	mario	02	009	mario	3
cerebellum	22.943285469371165	88	mario	02	009	mario	4
cortex_Cont	31.64985355381284	128	mario	02	009	mario	4
cortex_Default	29.747229189369527	209	mario	02	009	mario	4
cortex_DorsAttn	32.448497413135556	122	mario	02	009	mario	4
cortex_Limbic	15.363487306897538	60	mario	02	009	mario	4
cortex_SalVentAttn	32.46320274237619	121	mario	02	009	mario	4
cortex_SomMot	30.760539956198695	194	mario	02	009	mario	4
cortex_Vis	27.006345390498833	162	mario	02	009	mario	4
subcortex_CAU	27.436382687099783	8	mario	02	009	mario	4
subcortex_PUT	27.917825942189975	8	mario	02	009	mario	4
subcortex_THA	23.641068716218832	14	mario	02	009	mario	4
cerebellum	22.44388407261427	88	mario	02	009	mario	5
cortex_Cont	31.494449179199	128	mario	02	009	mario	5
cortex_Default	29.660267641483205	209	mario	02	009	mario	5
cortex_DorsAttn	32.7059247288723	122	mario	02	009	mario	5
cortex_Limbic	14.750477469138389	60	mario	02	009	mario	5
cortex_SalVentAttn	32.401082553093346	121	mario	02	009	mario	5
cortex_SomMot	30.671168552630842	194	mario	02	009	mario	5
cortex_Vis	27.22270106580528	162	mario	02	009	mario	5
subcortex_CAU	27.3100718691488	8	mario	02	009	mario	5
subcortex_PUT	27.676318144593097	8	mario	02	009	mario	5
subcortex_THA	23.540704957061045	14	mario	02	009	mario	5
cerebellum	19.928629289171326	88	mario	02	010	mario	1
cortex_Cont	27.907430211264522	128	mario	02	010	mario	1
cortex_Default	26.10417344489648	209	mario	02	010	mario	1
cortex_DorsAttn	29.334742322693565	122	mario	02	010	mario	1
cortex_Limbic	13.357043653657927	60	mario	02	010	mario	1
cortex_SalVentAttn	28.743497128322684	121	mario	02	010	mario	1
cortex_SomMot	27.30433030889277	194	mario	02	010	mario	1
cortex_Vis	23.452695492821363	162	mario	02	010	mario	1
subcortex_CAU	26.98545319236573	8	mario	02	010	mario	1
subcortex_PUT	26.581741613401626	8	mario	02	010	mario	1
subcortex_THA	22.275277194259647	14	mario	02	010	mario	1
cerebellum	20.051200026060673	88	mario	02	010	mario	2
cortex_Cont	29.378167390860114	128	mario	02	010	mario	2
cortex_Default	27.41343645496803	209	mario	02	010	mario	2
cortex_DorsAttn	30.565492852181936	122	mario	02	010	mario	2
cortex_Limbic	13.25678698751336	60	mario	02	010	mario	2
cortex_SalVentAttn	30.344232321631882	121	mario	02	010	mario	2
cortex_SomMot	29.029566087818946	194	mario	02	010	mario	2
cortex_Vis	24.641228081977694	162	mario	02	010	mario	2
subcortex_CAU	27.256132745652522	8	mario	02	010	mario	2
subcortex_PUT	26.91987866626965	8	mario	02	010	mario	2
subcortex_THA	23.296552171711028	14	mario	02	010	mario	2
cerebellum	19.42085778754985	88	mario	02	010	mario	3
cortex_Cont	29.026453614931487	128	mario	02	010	mario	3
cortex_Default	27.509134450576042	209	mario	02	010	mario	3
cortex_DorsAttn	29.556858996779667	122	mario	02	010	mario	3
cortex_Limbic	13.961931105481082	60	mario	02	010	mario	3
cortex_SalVentAttn	30.61709374145067	121	mario	02	010	mario	3
cortex_SomMot	28.97897253538326	194	mario	02	010	mario	3
cortex_Vis	24.076792203833175	162	mario	02	010	mario	3
subcortex_CAU	27.592225467609804	8	mario	02	010	mario	3
subcortex_PUT	27.010223602777238	8	mario	02	010	mario	3
subcortex_THA	23.46252177272681	14	mario	02	010	mario	3
cerebellum	19.966042871603438	88	mario	02	010	mario	4
cortex_Cont	28.94427076822958	128	mario	02	010	mario	4
cortex_Default	27.113856648747642	209	mario	02	010	mario	4
cortex_DorsAttn	29.903263875938993	122	mario	02	010	mario	4
cortex_Limbic	14.199419148860732	60	mario	02	010	mario	4
cortex_SalVentAttn	29.972070920014687	121	mario	02	010	mario	4
cortex_SomMot	28.14563232238617	194	mario	02	010	mario	4
cortex_Vis	24.293039978867494	162	mario	02	010	mario	4
subcortex_CAU	27.025353497773423	8	mario	02	010	mario	4
subcortex_PUT	26.705157070544047	8	mario	02	010	mario	4
subcortex_THA	22.98696224849584	14	mario	02	010	mario	4
cerebellum	18.62479483965811	88	mario	02	010	mario	5
cortex_Cont	25.93169830926284	128	mario	02	010	mario	5
cortex_Default	24.465032667600035	209	mario	02	010	mario	5
cortex_DorsAttn	26.97264346780699	122	mario	02	010	mario	5
cortex_Limbic	13.10757621356046	60	mario	02	010	mario	5
cortex_SalVentAttn	26.99481779576494	121	mario	02	010	mario	5
cortex_SomMot	25.27752012202078	194	mario	02	010	mario	5
cortex_Vis	22.155646025402095	162	mario	02	010	mario	5
subcortex_CAU	25.456846602313725	8	mario	02	010	mario	5
subcortex_PUT	25.528142912924398	8	mario	02	010	mario	5
subcortex_THA	21.82907829237627	14	mario	02	010	mario	5
cerebellum	21.042752382068183	88	mario	02	011	mario	1
cortex_Cont	28.320229466848076	128	mario	02	011	mario	1
cortex_Default	26.90251618702537	209	mario	02	011	mario	1
cortex_DorsAttn	28.233937306304973	122	mario	02	011	mario	1
cortex_Limbic	14.630733936584663	60	mario	02	011	mario	1
cortex_SalVentAttn	29.629026027130152	121	mario	02	011	mario	1
cortex_SomMot	27.577807318849516	194	mario	02	011	mario	1
cortex_Vis	23.999567161165054	162	mario	02	011	mario	1
subcortex_CAU	27.34980876470114	8	mario	02	011	mario	1
subcortex_PUT	27.043440106448344	8	mario	02	011	mario	1
subcortex_THA	23.351247510775412	14	mario	02	011	mario	1
cerebellum	21.421342694194877	88	mario	02	011	mario	2
cortex_Cont	28.3406334611045	128	mario	02	011	mario	2
cortex_Default	26.84542260947427	209	mario	02	011	mario	2
cortex_DorsAttn	28.33495286471004	122	mario	02	011	mario	2
cortex_Limbic	14.313504450089725	60	mario	02	011	mario	2
cortex_SalVentAttn	30.108495737146516	121	mario	02	011	mario	2
cortex_SomMot	27.94886971013336	194	mario	02	011	mario	2
cortex_Vis	24.245995414087474	162	mario	02	011	mario	2
subcortex_CAU	27.64963205552081	8	mario	02	011	mario	2
subcortex_PUT	27.04835988023913	8	mario	02	011	mario	2
subcortex_THA	23.176161815764456	14	mario	02	011	mario	2
cerebellum	23.15276540037281	88	mario	02	011	mario	3
cortex_Cont	33.381142424273094	128	mario	02	011	mario	3
cortex_Default	31.138782620318207	209	mario	02	011	mario	3
cortex_DorsAttn	34.47748518590418	122	mario	02	011	mario	3
cortex_Limbic	15.818286767184528	60	mario	02	011	mario	3
cortex_SalVentAttn	33.54051331571731	121	mario	02	011	mario	3
cortex_SomMot	32.777431373165676	194	mario	02	011	mario	3
cortex_Vis	27.56792297978571	162	mario	02	011	mario	3
subcortex_CAU	28.97171506493718	8	mario	02	011	mario	3
subcortex_PUT	27.659682352822962	8	mario	02	011	mario	3
subcortex_THA	23.9715907562524	14	mario	02	011	mario	3
cerebellum	23.14686212125434	88	mario	02	011	mario	4
cortex_Cont	32.98003343891617	128	mario	02	011	mario	4
cortex_Default	30.843734629824333	209	mario	02	011	mario	4
cortex_DorsAttn	34.0942406062833	122	mario	02	011	mario	4
cortex_Limbic	15.765536873696352	60	mario	02	011	mario	4
cortex_SalVentAttn	33.50291155278113	121	mario	02	011	mario	4
cortex_SomMot	32.35736845632118	194	mario	02	011	mario	4
cortex_Vis	27.500205468524346	162	mario	02	011	mario	4
subcortex_CAU	28.637981747142245	8	mario	02	011	mario	4
subcortex_PUT	27.8916514229321	8	mario	02	011	mario	4
subcortex_THA	24.215855688994562	14	mario	02	011	mario	4
cerebellum	21.509322661486156	88	mario	02	012	mario	1
cortex_Cont	28.898600022759414	128	mario	02	012	mario	1
cortex_Default	27.633031600646085	209	mario	02	012	mario	1
cortex_DorsAttn	30.828582402656377	122	mario	02	012	mario	1
cortex_Limbic	13.646070442307616	60	mario	02	012	mario	1
cortex_SalVentAttn	30.087556284091786	121	mario	02	012	mario	1
cortex_SomMot	28.875396140764447	194	mario	02	012	mario	1
cortex_Vis	25.641534271819804	162	mario	02	012	mario	1
subcortex_CAU	25.673732540560216	8	mario	02	012	mario	1
subcortex_PUT	26.573719883556006	8	mario	02	012	mario	1
subcortex_THA	22.75518968862511	14	mario	02	012	mario	1
cerebellum	21.53108547868206	88	mario	02	012	mario	2
cortex_Cont	26.97270416556463	128	mario	02	012	mario	2
cortex_Default	26.020597327735295	209	mario	02	012	mario	2
cortex_DorsAttn	28.44535979565898	122	mario	02	012	mario	2
cortex_Limbic	13.485053780722547	60	mario	02	012	mario	2
cortex_SalVentAttn	28.86583465908758	121	mario	02	012	mario	2
cortex_SomMot	27.26887827822969	194	mario	02	012	mario	2
cortex_Vis	24.576424834468824	162	mario	02	012	mario	2
subcortex_CAU	25.397179513009387	8	mario	02	012	mario	2
subcortex_PUT	26.045577348572564	8	mario	02	012	mario	2
subcortex_THA	22.510702789018378	14	mario	02	012	mario	2
cerebellum	20.122028086290445	88	mario	02	012	mario	3
cortex_Cont	25.44089882481303	128	mario	02	012	mario	3
cortex_Default	24.402675710266486	209	mario	02	012	mario	3
cortex_DorsAttn	27.118228840700112	122	mario	02	012	mario	3
cortex_Limbic	13.096295309368584	60	mario	02	012	mario	3
cortex_SalVentAttn	26.560829781322724	121	mario	02	012	mario	3
cortex_SomMot	25.766619249899122	194	mario	02	012	mario	3
cortex_Vis	23.278281096144422	162	mario	02	012	mario	3
subcortex_CAU	23.234855104378294	8	mario	02	012	mario	3
subcortex_PUT	24.467134216929942	8	mario	02	012	mario	3
subcortex_THA	21.253842827456758	14	mario	02	012	mario	3
cerebellum	20.659394371171558	88	mario	02	012	mario	4
cortex_Cont	24.759490078550755	128	mario	02	012	mario	4
cortex_Default	23.83341759163472	209	mario	02	012	mario	4
cortex_DorsAttn	25.70061282785291	122	mario	02	012	mario	4
cortex_Limbic	13.385169994147907	60	mario	02	012	mario	4
cortex_SalVentAttn	25.986609235301067	121	mario	02	012	mario	4
cortex_SomMot	24.556422403836624	194	mario	02	012	mario	4
cortex_Vis	22.990311069218954	162	mario	02	012	mario	4
subcortex_CAU	23.57379399273929	8	mario	02	012	mario	4
subcortex_PUT	24.119082624979765	8	mario	02	012	mario	4
subcortex_THA	21.302881482724214	14	mario	02	012	mario	4
cerebellum	20.678247401356437	88	mario	02	012	mario	5
cortex_Cont	26.592983064563466	128	mario	02	012	mario	5
cortex_Default	25.2773062078485	209	mario	02	012	mario	5
cortex_DorsAttn	26.933720803540393	122	mario	02	012	mario	5
cortex_Limbic	14.571624189264488	60	mario	02	012	mario	5
cortex_SalVentAttn	27.473747211922205	121	mario	02	012	mario	5
cortex_SomMot	26.1383387587405	194	mario	02	012	mario	5
cortex_Vis	23.138843740027937	162	mario	02	012	mario	5
subcortex_CAU	24.64796768324468	8	mario	02	012	mario	5
subcortex_PUT	25.284622087407598	8	mario	02	012	mario	5
subcortex_THA	22.01725801364321	14	mario	02	012	mario	5
cerebellum	22.580912118699754	88	mario	02	013	mario	1
cortex_Cont	29.74051597530372	128	mario	02	013	mario	1
cortex_Default	28.456472493212342	209	mario	02	013	mario	1
cortex_DorsAttn	31.07737016806045	122	mario	02	013	mario	1
cortex_Limbic	14.785636937267334	60	mario	02	013	mario	1
cortex_SalVentAttn	31.882111912865778	121	mario	02	013	mario	1
cortex_SomMot	29.83016300730628	194	mario	02	013	mario	1
cortex_Vis	26.589976187059108	162	mario	02	013	mario	1
subcortex_CAU	27.54198849895897	8	mario	02	013	mario	1
subcortex_PUT	27.977587533161348	8	mario	02	013	mario	1
subcortex_THA	24.034548225695623	14	mario	02	013	mario	1
cerebellum	26.38680601725458	88	mario	02	013	mario	2
cortex_Cont	37.43466948836513	128	mario	02	013	mario	2
cortex_Default	34.95813095336612	209	mario	02	013	mario	2
cortex_DorsAttn	38.6227124409089	122	mario	02	013	mario	2
cortex_Limbic	17.555084075249514	60	mario	02	013	mario	2
cortex_SalVentAttn	37.217043004833855	121	mario	02	013	mario	2
cortex_SomMot	36.473063965500494	194	mario	02	013	mario	2
cortex_Vis	31.408366748503187	162	mario	02	013	mario	2
subcortex_CAU	29.396522160292633	8	mario	02	013	mario	2
subcortex_PUT	29.106987970069714	8	mario	02	013	mario	2
subcortex_THA	25.766325893233017	14	mario	02	013	mario	2
cerebellum	25.605627638838232	88	mario	02	013	mario	3
cortex_Cont	36.32019758332796	128	mario	02	013	mario	3
cortex_Default	33.754362784419925	209	mario	02	013	mario	3
cortex_DorsAttn	36.99691133782612	122	mario	02	013	mario	3
cortex_Limbic	17.107911941261385	60	mario	02	013	mario	3
cortex_SalVentAttn	35.90859448523871	121	mario	02	013	mario	3
cortex_SomMot	34.252631133951844	194	mario	02	013	mario	3
cortex_Vis	30.705281189093533	162	mario	02	013	mario	3
subcortex_CAU	29.768018330612424	8	mario	02	013	mario	3
subcortex_PUT	29.0930057492507	8	mario	02	013	mario	3
subcortex_THA	25.56176384282181	14	mario	02	013	mario	3
cerebellum	24.599104389678416	88	mario	02	013	mario	4
cortex_Cont	33.62245469326666	128	mario	02	013	mario	4
cortex_Default	31.41248660135371	209	mario	02	013	mario	4
cortex_DorsAttn	34.74445586071202	122	mario	02	013	mario	4
cortex_Limbic	16.78184218757917	60	mario	02	013	mario	4
cortex_SalVentAttn	34.09335954242669	121	mario	02	013	mario	4
cortex_SomMot	33.10443292780369	194	mario	02	013	mario	4
cortex_Vis	28.59036167657005	162	mario	02	013	mario	4
subcortex_CAU	28.229802634992964	8	mario	02	013	mario	4
subcortex_PUT	28.37858699150058	8	mario	02	013	mario	4
subcortex_THA	24.558431649705433	14	mario	02	013	mario	4
cerebellum	24.75201506698254	88	mario	02	013	mario	5
cortex_Cont	34.157092830639165	128	mario	02	013	mario	5
cortex_Default	32.079544228257284	209	mario	02	013	mario	5
cortex_DorsAttn	35.92576850350032	122	mario	02	013	mario	5
cortex_Limbic	16.986065598906414	60	mario	02	013	mario	5
cortex_SalVentAttn	34.175530880593925	121	mario	02	013	mario	5
cortex_SomMot	33.267431709732634	194	mario	02	013	mario	5
cortex_Vis	29.997715218508375	162	mario	02	013	mario	5
subcortex_CAU	28.031019994580618	8	mario	02	013	mario	5
subcortex_PUT	27.798054879401043	8	mario	02	013	mario	5
subcortex_THA	24.827993510948062	14	mario	02	013	mario	5
cerebellum	25.877282362898654	88	mario	02	014	mario	1
cortex_Cont	33.45987781291744	128	mario	02	014	mario	1
cortex_Default	31.89775157452478	209	mario	02	014	mario	1
cortex_DorsAttn	35.237575891460445	122	mario	02	014	mario	1
cortex_Limbic	15.495918855533512	60	mario	02	014	mario	1
cortex_SalVentAttn	33.583699567957915	121	mario	02	014	mario	1
cortex_SomMot	31.82749219619016	194	mario	02	014	mario	1
cortex_Vis	30.034537407551223	162	mario	02	014	mario	1
subcortex_CAU	28.065160256318045	8	mario	02	014	mario	1
subcortex_PUT	28.212653627134475	8	mario	02	014	mario	1
subcortex_THA	24.461602879456482	14	mario	02	014	mario	1
cerebellum	25.450007937011573	88	mario	02	014	mario	2
cortex_Cont	35.157938493337994	128	mario	02	014	mario	2
cortex_Default	32.65648850914834	209	mario	02	014	mario	2
cortex_DorsAttn	36.64509945771297	122	mario	02	014	mario	2
cortex_Limbic	16.048872024750427	60	mario	02	014	mario	2
cortex_SalVentAttn	34.43670719172958	121	mario	02	014	mario	2
cortex_SomMot	33.16836090357057	194	mario	02	014	mario	2
cortex_Vis	30.08654355777899	162	mario	02	014	mario	2
subcortex_CAU	29.11207818522023	8	mario	02	014	mario	2
subcortex_PUT	28.17250482270542	8	mario	02	014	mario	2
subcortex_THA	24.879635062089474	14	mario	02	014	mario	2
cerebellum	25.90340452173607	88	mario	02	014	mario	3
cortex_Cont	35.641103309443615	128	mario	02	014	mario	3
cortex_Default	33.68353586961656	209	mario	02	014	mario	3
cortex_DorsAttn	37.16811264372595	122	mario	02	014	mario	3
cortex_Limbic	16.989331535723146	60	mario	02	014	mario	3
cortex_SalVentAttn	35.316214881031755	121	mario	02	014	mario	3
cortex_SomMot	34.054332857967516	194	mario	02	014	mario	3
cortex_Vis	30.810355526527648	162	mario	02	014	mario	3
subcortex_CAU	29.24343507302125	8	mario	02	014	mario	3
subcortex_PUT	28.58682614203248	8	mario	02	014	mario	3
subcortex_THA	25.210458527967607	14	mario	02	014	mario	3
cerebellum	25.493714892059554	88	mario	02	014	mario	4
cortex_Cont	35.96605956901379	128	mario	02	014	mario	4
cortex_Default	33.57289221115591	209	mario	02	014	mario	4
cortex_DorsAttn	36.675831002671295	122	mario	02	014	mario	4
cortex_Limbic	16.87752805093546	60	mario	02	014	mario	4
cortex_SalVentAttn	35.39933479903164	121	mario	02	014	mario	4
cortex_SomMot	34.015090475367685	194	mario	02	014	mario	4
cortex_Vis	30.767281110872425	162	mario	02	014	mario	4
subcortex_CAU	29.290869241119367	8	mario	02	014	mario	4
subcortex_PUT	28.369344432759647	8	mario	02	014	mario	4
subcortex_THA	25.050135489503614	14	mario	02	014	mario	4
cerebellum	24.485678116293148	88	mario	02	014	mario	5
cortex_Cont	33.67705091632204	128	mario	02	014	mario	5
cortex_Default	32.000406922147995	209	mario	02	014	mario	5
cortex_DorsAttn	33.9285076611495	122	mario	02	014	mario	5
cortex_Limbic	16.476015341764203	60	mario	02	014	mario	5
cortex_SalVentAttn	33.76145009566876	121	mario	02	014	mario	5
cortex_SomMot	31.949862000883794	194	mario	02	014	mario	5
cortex_Vis	28.739200320067788	162	mario	02	014	mario	5
subcortex_CAU	28.870171814709106	8	mario	02	014	mario	5
subcortex_PUT	28.14104754536902	8	mario	02	014	mario	5
subcortex_THA	24.7839941750353	14	mario	02	014	mario	5
cerebellum	23.66723726473009	88	mario	02	015	mario	1
cortex_Cont	33.04401890775385	128	mario	02	015	mario	1
cortex_Default	30.814977827708578	209	mario	02	015	mario	1
cortex_DorsAttn	34.062605032742425	122	mario	02	015	mario	1
cortex_Limbic	14.503551201533949	60	mario	02	015	mario	1
cortex_SalVentAttn	33.413223057800955	121	mario	02	015	mario	1
cortex_SomMot	32.08997906058989	194	mario	02	015	mario	1
cortex_Vis	27.918168433276538	162	mario	02	015	mario	1
subcortex_CAU	27.62837600207447	8	mario	02	015	mario	1
subcortex_PUT	27.713964782536415	8	mario	02	015	mario	1
subcortex_THA	24.01422475630431	14	mario	02	015	mario	1
cerebellum	21.59654532392309	88	mario	02	015	mario	2
cortex_Cont	29.637776125833913	128	mario	02	015	mario	2
cortex_Default	27.69825129629375	209	mario	02	015	mario	2
cortex_DorsAttn	29.7636706382402	122	mario	02	015	mario	2
cortex_Limbic	14.584818538373005	60	mario	02	015	mario	2
cortex_SalVentAttn	30.887138489708104	121	mario	02	015	mario	2
cortex_SomMot	29.19952718294249	194	mario	02	015	mario	2
cortex_Vis	24.891197419127753	162	mario	02	015	mario	2
subcortex_CAU	27.476124816981155	8	mario	02	015	mario	2
subcortex_PUT	27.753782235547497	8	mario	02	015	mario	2
subcortex_THA	23.838873751553702	14	mario	02	015	mario	2
cerebellum	21.696468617404058	88	mario	02	015	mario	3
cortex_Cont	31.91604992314785	128	mario	02	015	mario	3
cortex_Default	29.726203480431106	209	mario	02	015	mario	3
cortex_DorsAttn	31.789130844909472	122	mario	02	015	mario	3
cortex_Limbic	15.143992596835965	60	mario	02	015	mario	3
cortex_SalVentAttn	32.596702206469224	121	mario	02	015	mario	3
cortex_SomMot	31.011343569910643	194	mario	02	015	mario	3
cortex_Vis	25.888699985009225	162	mario	02	015	mario	3
subcortex_CAU	28.100970735123564	8	mario	02	015	mario	3
subcortex_PUT	27.9229105469357	8	mario	02	015	mario	3
subcortex_THA	23.982766895443905	14	mario	02	015	mario	3
cerebellum	21.969477904028484	88	mario	02	015	mario	4
cortex_Cont	31.921481837839625	128	mario	02	015	mario	4
cortex_Default	29.607861386237865	209	mario	02	015	mario	4
cortex_DorsAttn	32.72626502518733	122	mario	02	015	mario	4
cortex_Limbic	15.241382588374519	60	mario	02	015	mario	4
cortex_SalVentAttn	32.230844620337095	121	mario	02	015	mario	4
cortex_SomMot	31.027824682676158	194	mario	02	015	mario	4
cortex_Vis	26.187329257747574	162	mario	02	015	mario	4
subcortex_CAU	28.415660917435126	8	mario	02	015	mario	4
subcortex_PUT	27.8577145253113	8	mario	02	015	mario	4
subcortex_THA	23.89994590766358	14	mario	02	015	mario	4
cerebellum	26.088932511515996	88	mario	02	016	mario	1
cortex_Cont	36.642489369502755	128	mario	02	016	mario	1
cortex_Default	33.94426296727211	209	mario	02	016	mario	1
cortex_DorsAttn	36.97068795740533	122	mario	02	016	mario	1
cortex_Limbic	16.91105550533646	60	mario	02	016	mario	1
cortex_SalVentAttn	35.70553395900075	121	mario	02	016	mario	1
cortex_SomMot	34.582885870281146	194	mario	02	016	mario	1
cortex_Vis	31.13411314743199	162	mario	02	016	mario	1
subcortex_CAU	29.947228432823206	8	mario	02	016	mario	1
subcortex_PUT	29.132941414334947	8	mario	02	016	mario	1
subcortex_THA	25.29975978536013	14	mario	02	016	mario	1
cerebellum	24.08245765631051	88	mario	02	016	mario	2
cortex_Cont	34.35806458936156	128	mario	02	016	mario	2
cortex_Default	31.893584108479246	209	mario	02	016	mario	2
cortex_DorsAttn	35.34877665759439	122	mario	02	016	mario	2
cortex_Limbic	15.895343815832728	60	mario	02	016	mario	2
cortex_SalVentAttn	34.28647608158822	121	mario	02	016	mario	2
cortex_SomMot	33.471832427106825	194	mario	02	016	mario	2
cortex_Vis	28.90241906665347	162	mario	02	016	mario	2
subcortex_CAU	29.453934587812377	8	mario	02	016	mario	2
subcortex_PUT	28.77229711157959	8	mario	02	016	mario	2
subcortex_THA	24.644399169314763	14	mario	02	016	mario	2
cerebellum	26.891909137761925	88	mario	02	016	mario	3
cortex_Cont	38.5981440724903	128	mario	02	016	mario	3
cortex_Default	35.656126235588275	209	mario	02	016	mario	3
cortex_DorsAttn	39.93527844262996	122	mario	02	016	mario	3
cortex_Limbic	17.04308885716093	60	mario	02	016	mario	3
cortex_SalVentAttn	37.02477865581539	121	mario	02	016	mario	3
cortex_SomMot	36.77022970607948	194	mario	02	016	mario	3
cortex_Vis	33.28855617996231	162	mario	02	016	mario	3
subcortex_CAU	30.09492063125222	8	mario	02	016	mario	3
subcortex_PUT	29.07394392457727	8	mario	02	016	mario	3
subcortex_THA	25.386799572210492	14	mario	02	016	mario	3
cerebellum	25.675260662551157	88	mario	02	016	mario	4
cortex_Cont	37.73900170429573	128	mario	02	016	mario	4
cortex_Default	34.62027885460368	209	mario	02	016	mario	4
cortex_DorsAttn	37.59121610549608	122	mario	02	016	mario	4
cortex_Limbic	17.445021745051967	60	mario	02	016	mario	4
cortex_SalVentAttn	36.514722066532464	121	mario	02	016	mario	4
cortex_SomMot	35.58312053410037	194	mario	02	016	mario	4
cortex_Vis	30.603285029256448	162	mario	02	016	mario	4
subcortex_CAU	30.389432276655004	8	mario	02	016	mario	4
subcortex_PUT	28.823809992346895	8	mario	02	016	mario	4
subcortex_THA	25.072543304605443	14	mario	02	016	mario	4
cerebellum	20.972138340195915	88	mario	02	017	mario	1
cortex_Cont	30.055644587266446	128	mario	02	017	mario	1
cortex_Default	28.784796056630146	209	mario	02	017	mario	1
cortex_DorsAttn	31.093699497994386	122	mario	02	017	mario	1
cortex_Limbic	14.294188463423893	60	mario	02	017	mario	1
cortex_SalVentAttn	31.315093148171773	121	mario	02	017	mario	1
cortex_SomMot	30.50358597602148	194	mario	02	017	mario	1
cortex_Vis	25.933515205161665	162	mario	02	017	mario	1
subcortex_CAU	27.29804251716029	8	mario	02	017	mario	1
subcortex_PUT	27.233392511130912	8	mario	02	017	mario	1
subcortex_THA	23.861752760710498	14	mario	02	017	mario	1
cerebellum	22.196281702502016	88	mario	02	017	mario	2
cortex_Cont	32.89283814816959	128	mario	02	017	mario	2
cortex_Default	30.81195579111058	209	mario	02	017	mario	2
cortex_DorsAttn	34.65792436004964	122	mario	02	017	mario	2
cortex_Limbic	15.841241781546646	60	mario	02	017	mario	2
cortex_SalVentAttn	32.85257605017894	121	mario	02	017	mario	2
cortex_SomMot	32.893090891900684	194	mario	02	017	mario	2
cortex_Vis	28.07356982418223	162	mario	02	017	mario	2
subcortex_CAU	28.5281180977577	8	mario	02	017	mario	2
subcortex_PUT	27.67371783233876	8	mario	02	017	mario	2
subcortex_THA	24.24227293503448	14	mario	02	017	mario	2
cerebellum	22.825867928099917	88	mario	02	017	mario	3
cortex_Cont	32.83887178974728	128	mario	02	017	mario	3
cortex_Default	30.737400086216574	209	mario	02	017	mario	3
cortex_DorsAttn	34.32052962483146	122	mario	02	017	mario	3
cortex_Limbic	16.053365452709922	60	mario	02	017	mario	3
cortex_SalVentAttn	32.51966417138359	121	mario	02	017	mario	3
cortex_SomMot	32.010794562960115	194	mario	02	017	mario	3
cortex_Vis	28.41743456512938	162	mario	02	017	mario	3
subcortex_CAU	28.584335398970744	8	mario	02	017	mario	3
subcortex_PUT	27.966400849355455	8	mario	02	017	mario	3
subcortex_THA	24.126664011840962	14	mario	02	017	mario	3
cerebellum	20.23242343212993	88	mario	02	017	mario	4
cortex_Cont	31.400866204059156	128	mario	02	017	mario	4
cortex_Default	29.572842300425823	209	mario	02	017	mario	4
cortex_DorsAttn	31.35552027364256	122	mario	02	017	mario	4
cortex_Limbic	15.882027395169901	60	mario	02	017	mario	4
cortex_SalVentAttn	31.37146895971414	121	mario	02	017	mario	4
cortex_SomMot	30.163927666793608	194	mario	02	017	mario	4
cortex_Vis	25.56902338892033	162	mario	02	017	mario	4
subcortex_CAU	28.10922052133915	8	mario	02	017	mario	4
subcortex_PUT	27.415180095091262	8	mario	02	017	mario	4
subcortex_THA	23.423181152011836	14	mario	02	017	mario	4
cerebellum	21.995139031817057	88	mario	02	017	mario	5
cortex_Cont	34.16683853082326	128	mario	02	017	mario	5
cortex_Default	31.90748568681682	209	mario	02	017	mario	5
cortex_DorsAttn	35.51288699583692	122	mario	02	017	mario	5
cortex_Limbic	16.07207602475957	60	mario	02	017	mario	5
cortex_SalVentAttn	33.67696142255962	121	mario	02	017	mario	5
cortex_SomMot	33.61515155111695	194	mario	02	017	mario	5
cortex_Vis	28.76246336627349	162	mario	02	017	mario	5
subcortex_CAU	28.265235147546882	8	mario	02	017	mario	5
subcortex_PUT	27.669929923589216	8	mario	02	017	mario	5
subcortex_THA	24.037653320233318	14	mario	02	017	mario	5
cerebellum	22.186473886581258	88	mario	02	018	mario	1
cortex_Cont	31.35567750189271	128	mario	02	018	mario	1
cortex_Default	29.77577729589394	209	mario	02	018	mario	1
cortex_DorsAttn	32.303903374415725	122	mario	02	018	mario	1
cortex_Limbic	14.929056152896448	60	mario	02	018	mario	1
cortex_SalVentAttn	31.838250171224562	121	mario	02	018	mario	1
cortex_SomMot	30.547075838727118	194	mario	02	018	mario	1
cortex_Vis	26.935680156933152	162	mario	02	018	mario	1
subcortex_CAU	27.75896285905721	8	mario	02	018	mario	1
subcortex_PUT	27.46444855607365	8	mario	02	018	mario	1
subcortex_THA	23.740057791832783	14	mario	02	018	mario	1
cerebellum	24.34611653521389	88	mario	02	018	mario	2
cortex_Cont	36.9562326152352	128	mario	02	018	mario	2
cortex_Default	34.572685934914304	209	mario	02	018	mario	2
cortex_DorsAttn	37.448219976502365	122	mario	02	018	mario	2
cortex_Limbic	17.121005679310038	60	mario	02	018	mario	2
cortex_SalVentAttn	35.5994195100287	121	mario	02	018	mario	2
cortex_SomMot	34.71780933417247	194	mario	02	018	mario	2
cortex_Vis	30.960291710819906	162	mario	02	018	mario	2
subcortex_CAU	29.56454867685993	8	mario	02	018	mario	2
subcortex_PUT	28.23058125995142	8	mario	02	018	mario	2
subcortex_THA	25.14287576207619	14	mario	02	018	mario	2
cerebellum	21.129307121599226	88	mario	02	018	mario	3
cortex_Cont	30.613199080153546	128	mario	02	018	mario	3
cortex_Default	29.06748794869538	209	mario	02	018	mario	3
cortex_DorsAttn	31.359048494919	122	mario	02	018	mario	3
cortex_Limbic	15.459059651301667	60	mario	02	018	mario	3
cortex_SalVentAttn	30.664626670395077	121	mario	02	018	mario	3
cortex_SomMot	29.24752275197465	194	mario	02	018	mario	3
cortex_Vis	26.2637071109859	162	mario	02	018	mario	3
subcortex_CAU	27.044165628162034	8	mario	02	018	mario	3
subcortex_PUT	26.84207303919549	8	mario	02	018	mario	3
subcortex_THA	23.30644853553256	14	mario	02	018	mario	3
cerebellum	24.099130119442467	88	mario	02	018	mario	4
cortex_Cont	35.40377234751084	128	mario	02	018	mario	4
cortex_Default	33.17908117822873	209	mario	02	018	mario	4
cortex_DorsAttn	37.25685659923305	122	mario	02	018	mario	4
cortex_Limbic	16.735822761435518	60	mario	02	018	mario	4
cortex_SalVentAttn	34.73545690864947	121	mario	02	018	mario	4
cortex_SomMot	34.623504993391116	194	mario	02	018	mario	4
cortex_Vis	30.134469503756993	162	mario	02	018	mario	4
subcortex_CAU	28.397681151371145	8	mario	02	018	mario	4
subcortex_PUT	27.710412420903506	8	mario	02	018	mario	4
subcortex_THA	24.48109623240467	14	mario	02	018	mario	4
cerebellum	21.259414935626708	88	mario	02	019	mario	1
cortex_Cont	31.73277521129559	128	mario	02	019	mario	1
cortex_Default	29.72668710494017	209	mario	02	019	mario	1
cortex_DorsAttn	33.24881810712466	122	mario	02	019	mario	1
cortex_Limbic	14.769623141468035	60	mario	02	019	mario	1
cortex_SalVentAttn	32.27099006533623	121	mario	02	019	mario	1
cortex_SomMot	32.05826487680912	194	mario	02	019	mario	1
cortex_Vis	26.81839424668095	162	mario	02	019	mario	1
subcortex_CAU	29.084398939143608	8	mario	02	019	mario	1
subcortex_PUT	27.989763477954483	8	mario	02	019	mario	1
subcortex_THA	24.32439527498783	14	mario	02	019	mario	1
cerebellum	22.690843573067806	88	mario	02	019	mario	2
cortex_Cont	33.99452293365679	128	mario	02	019	mario	2
cortex_Default	31.183142880171296	209	mario	02	019	mario	2
cortex_DorsAttn	34.627864128906225	122	mario	02	019	mario	2
cortex_Limbic	15.421324626247564	60	mario	02	019	mario	2
cortex_SalVentAttn	33.77067587697213	121	mario	02	019	mario	2
cortex_SomMot	33.56191581055871	194	mario	02	019	mario	2
cortex_Vis	27.619554533221393	162	mario	02	019	mario	2
subcortex_CAU	29.904278953177442	8	mario	02	019	mario	2
subcortex_PUT	28.826831318707622	8	mario	02	019	mario	2
subcortex_THA	24.82282756062002	14	mario	02	019	mario	2
cerebellum	24.30115211429235	88	mario	02	019	mario	3
cortex_Cont	35.84771353987703	128	mario	02	019	mario	3
cortex_Default	32.93855284357777	209	mario	02	019	mario	3
cortex_DorsAttn	37.10761162492041	122	mario	02	019	mario	3
cortex_Limbic	16.32005081546994	60	mario	02	019	mario	3
cortex_SalVentAttn	35.5775811604773	121	mario	02	019	mario	3
cortex_SomMot	36.18594900705022	194	mario	02	019	mario	3
cortex_Vis	29.554495640107216	162	mario	02	019	mario	3
subcortex_CAU	30.33792632783498	8	mario	02	019	mario	3
subcortex_PUT	28.905943014585237	8	mario	02	019	mario	3
subcortex_THA	25.311570377711508	14	mario	02	019	mario	3
cerebellum	22.687144284180157	88	mario	02	019	mario	4
cortex_Cont	34.57915092596467	128	mario	02	019	mario	4
cortex_Default	31.980628013724523	209	mario	02	019	mario	4
cortex_DorsAttn	34.767593827304204	122	mario	02	019	mario	4
cortex_Limbic	16.39214624130929	60	mario	02	019	mario	4
cortex_SalVentAttn	34.56960153880945	121	mario	02	019	mario	4
cortex_SomMot	33.86539834947968	194	mario	02	019	mario	4
cortex_Vis	27.679811216782717	162	mario	02	019	mario	4
subcortex_CAU	29.69214678319188	8	mario	02	019	mario	4
subcortex_PUT	28.69082785985946	8	mario	02	019	mario	4
subcortex_THA	24.827196060980295	14	mario	02	019	mario	4
cerebellum	22.389321060186163	88	mario	02	020	mario	1
cortex_Cont	32.42388694657026	128	mario	02	020	mario	1
cortex_Default	30.55290840882363	209	mario	02	020	mario	1
cortex_DorsAttn	33.14114110536236	122	mario	02	020	mario	1
cortex_Limbic	15.587836362582818	60	mario	02	020	mario	1
cortex_SalVentAttn	33.461868118637106	121	mario	02	020	mario	1
cortex_SomMot	33.26820738314324	194	mario	02	020	mario	1
cortex_Vis	26.59605863759005	162	mario	02	020	mario	1
subcortex_CAU	29.321385775422137	8	mario	02	020	mario	1
subcortex_PUT	28.62530894847112	8	mario	02	020	mario	1
subcortex_THA	24.937720052944076	14	mario	02	020	mario	1
cerebellum	24.047800451185363	88	mario	02	020	mario	2
cortex_Cont	34.68122565235429	128	mario	02	020	mario	2
cortex_Default	32.74988318442939	209	mario	02	020	mario	2
cortex_DorsAttn	35.893393740443585	122	mario	02	020	mario	2
cortex_Limbic	16.651179862521055	60	mario	02	020	mario	2
cortex_SalVentAttn	35.04206986059712	121	mario	02	020	mario	2
cortex_SomMot	34.2998655317559	194	mario	02	020	mario	2
cortex_Vis	29.22282732050137	162	mario	02	020	mario	2
subcortex_CAU	29.86452235656209	8	mario	02	020	mario	2
subcortex_PUT	28.972843566942377	8	mario	02	020	mario	2
subcortex_THA	25.30800900411225	14	mario	02	020	mario	2
cerebellum	21.730708412434783	88	mario	02	020	mario	3
cortex_Cont	34.37416692054284	128	mario	02	020	mario	3
cortex_Default	31.965561127269776	209	mario	02	020	mario	3
cortex_DorsAttn	35.472295864943845	122	mario	02	020	mario	3
cortex_Limbic	16.387514870800135	60	mario	02	020	mario	3
cortex_SalVentAttn	34.61344631939397	121	mario	02	020	mario	3
cortex_SomMot	33.51390317738463	194	mario	02	020	mario	3
cortex_Vis	27.851976571651363	162	mario	02	020	mario	3
subcortex_CAU	29.92413610339926	8	mario	02	020	mario	3
subcortex_PUT	28.714590373754685	8	mario	02	020	mario	3
subcortex_THA	24.748435636551562	14	mario	02	020	mario	3
cerebellum	22.680768413307113	88	mario	02	020	mario	4
cortex_Cont	34.48500931603917	128	mario	02	020	mario	4
cortex_Default	32.48109221079658	209	mario	02	020	mario	4
cortex_DorsAttn	34.543223857910924	122	mario	02	020	mario	4
cortex_Limbic	17.68711833504257	60	mario	02	020	mario	4
cortex_SalVentAttn	34.89931226186506	121	mario	02	020	mario	4
cortex_SomMot	33.78811722393561	194	mario	02	020	mario	4
cortex_Vis	28.23971715595883	162	mario	02	020	mario	4
subcortex_CAU	29.952168888991565	8	mario	02	020	mario	4
subcortex_PUT	28.72703688996043	8	mario	02	020	mario	4
subcortex_THA	25.084842676126463	14	mario	02	020	mario	4
cerebellum	22.28130343870333	88	mario	02	020	mario	5
cortex_Cont	35.51498680799249	128	mario	02	020	mario	5
cortex_Default	32.99206357979791	209	mario	02	020	mario	5
cortex_DorsAttn	36.26458584946918	122	mario	02	020	mario	5
cortex_Limbic	16.982516123218556	60	mario	02	020	mario	5
cortex_SalVentAttn	34.26918126191063	121	mario	02	020	mario	5
cortex_SomMot	34.10829115860694	194	mario	02	020	mario	5
cortex_Vis	29.009867101398527	162	mario	02	020	mario	5
subcortex_CAU	29.519277832558714	8	mario	02	020	mario	5
subcortex_PUT	28.373344873446296	8	mario	02	020	mario	5
subcortex_THA	24.579400940812985	14	mario	02	020	mario	5
cerebellum	23.865174699835475	88	mario	02	021	mario	1
cortex_Cont	33.92896717557973	128	mario	02	021	mario	1
cortex_Default	32.21139437500016	209	mario	02	021	mario	1
cortex_DorsAttn	36.3060203623451	122	mario	02	021	mario	1
cortex_Limbic	15.975013897299103	60	mario	02	021	mario	1
cortex_SalVentAttn	33.24109921335469	121	mario	02	021	mario	1
cortex_SomMot	33.1847047998364	194	mario	02	021	mario	1
cortex_Vis	29.0727351117578	162	mario	02	021	mario	1
subcortex_CAU	29.307696951825783	8	mario	02	021	mario	1
subcortex_PUT	28.55304074211247	8	mario	02	021	mario	1
subcortex_THA	24.69840969816414	14	mario	02	021	mario	1
cerebellum	25.361776425864285	88	mario	02	021	mario	2
cortex_Cont	38.22271146786416	128	mario	02	021	mario	2
cortex_Default	35.36630420157854	209	mario	02	021	mario	2
cortex_DorsAttn	39.94837843376735	122	mario	02	021	mario	2
cortex_Limbic	17.003806223335896	60	mario	02	021	mario	2
cortex_SalVentAttn	36.299983137996094	121	mario	02	021	mario	2
cortex_SomMot	36.96523714597349	194	mario	02	021	mario	2
cortex_Vis	31.86240619516865	162	mario	02	021	mario	2
subcortex_CAU	30.025062150574918	8	mario	02	021	mario	2
subcortex_PUT	28.87274533479622	8	mario	02	021	mario	2
subcortex_THA	25.21090171629854	14	mario	02	021	mario	2
cerebellum	24.1801626484542	88	mario	02	021	mario	3
cortex_Cont	34.92543666808343	128	mario	02	021	mario	3
cortex_Default	32.81684641259909	209	mario	02	021	mario	3
cortex_DorsAttn	36.259021205792145	122	mario	02	021	mario	3
cortex_Limbic	16.465365659086842	60	mario	02	021	mario	3
cortex_SalVentAttn	34.01401618770501	121	mario	02	021	mario	3
cortex_SomMot	33.5412190483407	194	mario	02	021	mario	3
cortex_Vis	29.281240027394613	162	mario	02	021	mario	3
subcortex_CAU	29.311453317929306	8	mario	02	021	mario	3
subcortex_PUT	28.705683096097452	8	mario	02	021	mario	3
subcortex_THA	25.062557531094622	14	mario	02	021	mario	3
cerebellum	26.630009945137125	88	mario	02	022	mario	1
cortex_Cont	39.906388317256344	128	mario	02	022	mario	1
cortex_Default	36.91776618916555	209	mario	02	022	mario	1
cortex_DorsAttn	40.99679861117726	122	mario	02	022	mario	1
cortex_Limbic	18.48537455679014	60	mario	02	022	mario	1
cortex_SalVentAttn	37.74736112863311	121	mario	02	022	mario	1
cortex_SomMot	38.49848701814736	194	mario	02	022	mario	1
cortex_Vis	33.68592553954652	162	mario	02	022	mario	1
subcortex_CAU	31.194437623918233	8	mario	02	022	mario	1
subcortex_PUT	30.125244695018978	8	mario	02	022	mario	1
subcortex_THA	26.585455305409095	14	mario	02	022	mario	1
cerebellum	24.290059993314557	88	mario	02	022	mario	2
cortex_Cont	35.43203348263128	128	mario	02	022	mario	2
cortex_Default	32.67129059317893	209	mario	02	022	mario	2
cortex_DorsAttn	36.16191445279966	122	mario	02	022	mario	2
cortex_Limbic	17.05773142232645	60	mario	02	022	mario	2
cortex_SalVentAttn	35.13449003662361	121	mario	02	022	mario	2
cortex_SomMot	34.77397711351113	194	mario	02	022	mario	2
cortex_Vis	29.777906243508447	162	mario	02	022	mario	2
subcortex_CAU	30.028144976819405	8	mario	02	022	mario	2
subcortex_PUT	29.682613477616762	8	mario	02	022	mario	2
subcortex_THA	25.910667451533747	14	mario	02	022	mario	2
cerebellum	23.87719815227894	88	mario	02	022	mario	3
cortex_Cont	36.37366719358643	128	mario	02	022	mario	3
cortex_Default	33.22953618670927	209	mario	02	022	mario	3
cortex_DorsAttn	36.46875638003719	122	mario	02	022	mario	3
cortex_Limbic	17.29074211864856	60	mario	02	022	mario	3
cortex_SalVentAttn	35.17972395787709	121	mario	02	022	mario	3
cortex_SomMot	35.18625747647343	194	mario	02	022	mario	3
cortex_Vis	28.66194107319522	162	mario	02	022	mario	3
subcortex_CAU	30.75580819958647	8	mario	02	022	mario	3
subcortex_PUT	29.603887315138593	8	mario	02	022	mario	3
subcortex_THA	25.453740621882506	14	mario	02	022	mario	3
cerebellum	23.179423303717375	88	mario	02	023	mario	1
cortex_Cont	32.14620879351566	128	mario	02	023	mario	1
cortex_Default	30.265224219584763	209	mario	02	023	mario	1
cortex_DorsAttn	34.39662157512059	122	mario	02	023	mario	1
cortex_Limbic	14.883291015851594	60	mario	02	023	mario	1
cortex_SalVentAttn	32.15435076111198	121	mario	02	023	mario	1
cortex_SomMot	31.169675074274732	194	mario	02	023	mario	1
cortex_Vis	27.965536490337087	162	mario	02	023	mario	1
subcortex_CAU	27.472808674401946	8	mario	02	023	mario	1
subcortex_PUT	27.317489830718653	8	mario	02	023	mario	1
subcortex_THA	23.965346571585226	14	mario	02	023	mario	1
cerebellum	26.580081931109465	88	mario	02	023	mario	2
cortex_Cont	38.439034045024705	128	mario	02	023	mario	2
cortex_Default	35.1771791304194	209	mario	02	023	mario	2
cortex_DorsAttn	40.66871545331344	122	mario	02	023	mario	2
cortex_Limbic	18.092670787629284	60	mario	02	023	mario	2
cortex_SalVentAttn	37.53041831805996	121	mario	02	023	mario	2
cortex_SomMot	37.28694376912257	194	mario	02	023	mario	2
cortex_Vis	32.44111366091365	162	mario	02	023	mario	2
subcortex_CAU	29.68251947082552	8	mario	02	023	mario	2
subcortex_PUT	28.520162314787708	8	mario	02	023	mario	2
subcortex_THA	25.822606559970485	14	mario	02	023	mario	2
cerebellum	22.556661004728696	88	mario	02	023	mario	3
cortex_Cont	30.425835569249347	128	mario	02	023	mario	3
cortex_Default	28.51281438201177	209	mario	02	023	mario	3
cortex_DorsAttn	31.782724665475882	122	mario	02	023	mario	3
cortex_Limbic	15.08467498600465	60	mario	02	023	mario	3
cortex_SalVentAttn	30.849869162659157	121	mario	02	023	mario	3
cortex_SomMot	29.576132555735867	194	mario	02	023	mario	3
cortex_Vis	26.07106373049814	162	mario	02	023	mario	3
subcortex_CAU	26.925623556559678	8	mario	02	023	mario	3
subcortex_PUT	27.16932573101286	8	mario	02	023	mario	3
subcortex_THA	23.832203747357774	14	mario	02	023	mario	3
cerebellum	22.51760822962722	88	mario	02	023	mario	4
cortex_Cont	32.76770398883265	128	mario	02	023	mario	4
cortex_Default	30.078170414070538	209	mario	02	023	mario	4
cortex_DorsAttn	34.66771612776684	122	mario	02	023	mario	4
cortex_Limbic	15.93777999968166	60	mario	02	023	mario	4
cortex_SalVentAttn	32.756417582766005	121	mario	02	023	mario	4
cortex_SomMot	31.81745779402484	194	mario	02	023	mario	4
cortex_Vis	27.050100167709378	162	mario	02	023	mario	4
subcortex_CAU	27.72177884875891	8	mario	02	023	mario	4
subcortex_PUT	27.188432186825935	8	mario	02	023	mario	4
subcortex_THA	23.833334461079264	14	mario	02	023	mario	4
cerebellum	26.295091841142554	88	mario	03	001	mario	1
cortex_Cont	35.89580972393	128	mario	03	001	mario	1
cortex_Default	35.09826710335897	209	mario	03	001	mario	1
cortex_DorsAttn	37.3956064160718	122	mario	03	001	mario	1
cortex_Limbic	16.752107052913843	60	mario	03	001	mario	1
cortex_SalVentAttn	37.34602948277824	121	mario	03	001	mario	1
cortex_SomMot	35.7580678587301	194	mario	03	001	mario	1
cortex_Vis	30.94588316090888	162	mario	03	001	mario	1
subcortex_CAU	25.56496870558944	8	mario	03	001	mario	1
subcortex_PUT	26.757282995297583	8	mario	03	001	mario	1
subcortex_THA	26.645388845723392	14	mario	03	001	mario	1
cerebellum	28.791729642610537	88	mario	03	001	mario	2
cortex_Cont	36.1536568767611	128	mario	03	001	mario	2
cortex_Default	35.08474684441942	209	mario	03	001	mario	2
cortex_DorsAttn	39.043504448058215	122	mario	03	001	mario	2
cortex_Limbic	16.525089492190904	60	mario	03	001	mario	2
cortex_SalVentAttn	36.671621017334736	121	mario	03	001	mario	2
cortex_SomMot	35.714186058771425	194	mario	03	001	mario	2
cortex_Vis	33.9663737735739	162	mario	03	001	mario	2
subcortex_CAU	24.762496793067715	8	mario	03	001	mario	2
subcortex_PUT	26.84716153808498	8	mario	03	001	mario	2
subcortex_THA	26.711423583061766	14	mario	03	001	mario	2
cerebellum	25.11792660372929	88	mario	03	001	mario	3
cortex_Cont	34.066812415929164	128	mario	03	001	mario	3
cortex_Default	33.64715114786144	209	mario	03	001	mario	3
cortex_DorsAttn	36.99914216333199	122	mario	03	001	mario	3
cortex_Limbic	17.09689794854627	60	mario	03	001	mario	3
cortex_SalVentAttn	34.73841088394242	121	mario	03	001	mario	3
cortex_SomMot	33.036504612036	194	mario	03	001	mario	3
cortex_Vis	30.11388952454495	162	mario	03	001	mario	3
subcortex_CAU	24.380677837403304	8	mario	03	001	mario	3
subcortex_PUT	25.841240458571306	8	mario	03	001	mario	3
subcortex_THA	25.43956931734715	14	mario	03	001	mario	3
cerebellum	28.104954577768783	88	mario	03	002	mario	1
cortex_Cont	35.988115038362125	128	mario	03	002	mario	1
cortex_Default	35.250689305703524	209	mario	03	002	mario	1
cortex_DorsAttn	38.242862936418355	122	mario	03	002	mario	1
cortex_Limbic	16.927518695990717	60	mario	03	002	mario	1
cortex_SalVentAttn	36.106160854300185	121	mario	03	002	mario	1
cortex_SomMot	34.97831839654987	194	mario	03	002	mario	1
cortex_Vis	32.346498672497326	162	mario	03	002	mario	1
subcortex_CAU	24.737882880524936	8	mario	03	002	mario	1
subcortex_PUT	26.89528313966324	8	mario	03	002	mario	1
subcortex_THA	26.440902533516184	14	mario	03	002	mario	1
cerebellum	25.629448686519456	88	mario	03	002	mario	2
cortex_Cont	30.150726300616807	128	mario	03	002	mario	2
cortex_Default	30.12535965560795	209	mario	03	002	mario	2
cortex_DorsAttn	32.97881802209112	122	mario	03	002	mario	2
cortex_Limbic	14.934496159135584	60	mario	03	002	mario	2
cortex_SalVentAttn	31.63574962248141	121	mario	03	002	mario	2
cortex_SomMot	29.56169917691649	194	mario	03	002	mario	2
cortex_Vis	29.422511433999542	162	mario	03	002	mario	2
subcortex_CAU	22.26146157858608	8	mario	03	002	mario	2
subcortex_PUT	25.465010647882284	8	mario	03	002	mario	2
subcortex_THA	25.052872673915413	14	mario	03	002	mario	2
cerebellum	28.714629776494572	88	mario	03	002	mario	3
cortex_Cont	34.240094028867794	128	mario	03	002	mario	3
cortex_Default	33.73723783108662	209	mario	03	002	mario	3
cortex_DorsAttn	37.42578747302293	122	mario	03	002	mario	3
cortex_Limbic	16.438238722548213	60	mario	03	002	mario	3
cortex_SalVentAttn	35.32941684741215	121	mario	03	002	mario	3
cortex_SomMot	34.22310350707572	194	mario	03	002	mario	3
cortex_Vis	31.74024724640876	162	mario	03	002	mario	3
subcortex_CAU	23.91468066272985	8	mario	03	002	mario	3
subcortex_PUT	26.159028665762314	8	mario	03	002	mario	3
subcortex_THA	26.4781161427188	14	mario	03	002	mario	3
cerebellum	25.423634083672674	88	mario	03	003	mario	1
cortex_Cont	31.599585116534378	128	mario	03	003	mario	1
cortex_Default	30.962618564816477	209	mario	03	003	mario	1
cortex_DorsAttn	33.369998166771964	122	mario	03	003	mario	1
cortex_Limbic	14.649391924169361	60	mario	03	003	mario	1
cortex_SalVentAttn	32.419343784818956	121	mario	03	003	mario	1
cortex_SomMot	29.866697005156116	194	mario	03	003	mario	1
cortex_Vis	30.159256697147708	162	mario	03	003	mario	1
subcortex_CAU	22.28442983620254	8	mario	03	003	mario	1
subcortex_PUT	25.089729923446036	8	mario	03	003	mario	1
subcortex_THA	25.17582387679465	14	mario	03	003	mario	1
cerebellum	27.57227687722084	88	mario	03	003	mario	2
cortex_Cont	35.73054200900133	128	mario	03	003	mario	2
cortex_Default	34.37526302889526	209	mario	03	003	mario	2
cortex_DorsAttn	38.906251973578534	122	mario	03	003	mario	2
cortex_Limbic	15.339291613156396	60	mario	03	003	mario	2
cortex_SalVentAttn	36.27099836316208	121	mario	03	003	mario	2
cortex_SomMot	34.71213523968344	194	mario	03	003	mario	2
cortex_Vis	32.94237249198193	162	mario	03	003	mario	2
subcortex_CAU	24.10236521313935	8	mario	03	003	mario	2
subcortex_PUT	26.636129387932314	8	mario	03	003	mario	2
subcortex_THA	26.438267111828786	14	mario	03	003	mario	2
cerebellum	30.021336434872126	88	mario	03	003	mario	3
cortex_Cont	38.34267305301501	128	mario	03	003	mario	3
cortex_Default	36.95701151316791	209	mario	03	003	mario	3
cortex_DorsAttn	41.75872328254894	122	mario	03	003	mario	3
cortex_Limbic	16.661746926552652	60	mario	03	003	mario	3
cortex_SalVentAttn	38.22288723150005	121	mario	03	003	mario	3
cortex_SomMot	37.650372786209026	194	mario	03	003	mario	3
cortex_Vis	35.54316964545507	162	mario	03	003	mario	3
subcortex_CAU	24.180786840916348	8	mario	03	003	mario	3
subcortex_PUT	27.25378975218112	8	mario	03	003	mario	3
subcortex_THA	27.019800041135742	14	mario	03	003	mario	3
cerebellum	26.387614271462258	88	mario	03	003	mario	4
cortex_Cont	34.840813534263084	128	mario	03	003	mario	4
cortex_Default	33.61894397761689	209	mario	03	003	mario	4
cortex_DorsAttn	36.789883657499324	122	mario	03	003	mario	4
cortex_Limbic	15.963030417231908	60	mario	03	003	mario	4
cortex_SalVentAttn	35.66301085996413	121	mario	03	003	mario	4
cortex_SomMot	33.56141112054456	194	mario	03	003	mario	4
cortex_Vis	31.417406868664486	162	mario	03	003	mario	4
subcortex_CAU	23.87444323422128	8	mario	03	003	mario	4
subcortex_PUT	26.163735234448257	8	mario	03	003	mario	4
subcortex_THA	26.23364851984287	14	mario	03	003	mario	4
cerebellum	24.690309753643362	88	mario	03	003	mario	5
cortex_Cont	30.493246948385348	128	mario	03	003	mario	5
cortex_Default	30.32957413339275	209	mario	03	003	mario	5
cortex_DorsAttn	32.13059081123224	122	mario	03	003	mario	5
cortex_Limbic	14.147888910695253	60	mario	03	003	mario	5
cortex_SalVentAttn	31.273405665655158	121	mario	03	003	mario	5
cortex_SomMot	28.80076381454909	194	mario	03	003	mario	5
cortex_Vis	27.363727472723372	162	mario	03	003	mario	5
subcortex_CAU	22.893218913433877	8	mario	03	003	mario	5
subcortex_PUT	25.097180999677256	8	mario	03	003	mario	5
subcortex_THA	24.787799873509986	14	mario	03	003	mario	5
cerebellum	22.448461137329826	88	mario	03	004	mario	1
cortex_Cont	30.630273151768243	128	mario	03	004	mario	1
cortex_Default	29.95322611722405	209	mario	03	004	mario	1
cortex_DorsAttn	32.19481616894726	122	mario	03	004	mario	1
cortex_Limbic	13.430187300129331	60	mario	03	004	mario	1
cortex_SalVentAttn	32.2676471257144	121	mario	03	004	mario	1
cortex_SomMot	29.393676119145866	194	mario	03	004	mario	1
cortex_Vis	27.120432484455886	162	mario	03	004	mario	1
subcortex_CAU	23.171871111982036	8	mario	03	004	mario	1
subcortex_PUT	25.295754052596347	8	mario	03	004	mario	1
subcortex_THA	25.032745771623258	14	mario	03	004	mario	1
cerebellum	23.168125079840184	88	mario	03	004	mario	2
cortex_Cont	29.731577014193697	128	mario	03	004	mario	2
cortex_Default	29.628157200255874	209	mario	03	004	mario	2
cortex_DorsAttn	30.429891477617097	122	mario	03	004	mario	2
cortex_Limbic	15.06268537987386	60	mario	03	004	mario	2
cortex_SalVentAttn	31.075428585346554	121	mario	03	004	mario	2
cortex_SomMot	28.62836890642541	194	mario	03	004	mario	2
cortex_Vis	26.78873921463512	162	mario	03	004	mario	2
subcortex_CAU	22.54229902910017	8	mario	03	004	mario	2
subcortex_PUT	24.506727408590177	8	mario	03	004	mario	2
subcortex_THA	24.19216994948646	14	mario	03	004	mario	2
cerebellum	23.73962751938004	88	mario	03	004	mario	3
cortex_Cont	32.785056135029784	128	mario	03	004	mario	3
cortex_Default	31.818785920838547	209	mario	03	004	mario	3
cortex_DorsAttn	34.35777100971681	122	mario	03	004	mario	3
cortex_Limbic	15.567040336119053	60	mario	03	004	mario	3
cortex_SalVentAttn	33.611366784247764	121	mario	03	004	mario	3
cortex_SomMot	31.804792763004993	194	mario	03	004	mario	3
cortex_Vis	28.53305429322415	162	mario	03	004	mario	3
subcortex_CAU	23.266766714856022	8	mario	03	004	mario	3
subcortex_PUT	24.76571030326689	8	mario	03	004	mario	3
subcortex_THA	24.845798060164466	14	mario	03	004	mario	3
cerebellum	25.9785685526453	88	mario	03	005	mario	1
cortex_Cont	32.78207675148679	128	mario	03	005	mario	1
cortex_Default	32.01486656787071	209	mario	03	005	mario	1
cortex_DorsAttn	34.41161366012297	122	mario	03	005	mario	1
cortex_Limbic	15.804881549315098	60	mario	03	005	mario	1
cortex_SalVentAttn	33.07791237988963	121	mario	03	005	mario	1
cortex_SomMot	30.93264373879664	194	mario	03	005	mario	1
cortex_Vis	30.321744309718394	162	mario	03	005	mario	1
subcortex_CAU	23.016142408814222	8	mario	03	005	mario	1
subcortex_PUT	25.93324803718092	8	mario	03	005	mario	1
subcortex_THA	25.99485005936648	14	mario	03	005	mario	1
cerebellum	28.89506211603499	88	mario	03	005	mario	2
cortex_Cont	36.31942552738439	128	mario	03	005	mario	2
cortex_Default	35.45074243661965	209	mario	03	005	mario	2
cortex_DorsAttn	39.1014067117368	122	mario	03	005	mario	2
cortex_Limbic	16.777102478390333	60	mario	03	005	mario	2
cortex_SalVentAttn	36.314287729656684	121	mario	03	005	mario	2
cortex_SomMot	35.373586392568704	194	mario	03	005	mario	2
cortex_Vis	33.74407664840273	162	mario	03	005	mario	2
subcortex_CAU	24.273786896811245	8	mario	03	005	mario	2
subcortex_PUT	26.513197533768352	8	mario	03	005	mario	2
subcortex_THA	27.247925015085634	14	mario	03	005	mario	2
cerebellum	27.51533101269938	88	mario	03	005	mario	3
cortex_Cont	35.30776245199035	128	mario	03	005	mario	3
cortex_Default	34.72792119079701	209	mario	03	005	mario	3
cortex_DorsAttn	38.408481504927714	122	mario	03	005	mario	3
cortex_Limbic	15.28623450922767	60	mario	03	005	mario	3
cortex_SalVentAttn	35.52838636735474	121	mario	03	005	mario	3
cortex_SomMot	34.32377872089601	194	mario	03	005	mario	3
cortex_Vis	33.16645236353115	162	mario	03	005	mario	3
subcortex_CAU	23.708897629618406	8	mario	03	005	mario	3
subcortex_PUT	27.08274834403086	8	mario	03	005	mario	3
subcortex_THA	26.633732937597724	14	mario	03	005	mario	3
cerebellum	22.454616480612245	88	mario	03	005	mario	4
cortex_Cont	31.88761093254517	128	mario	03	005	mario	4
cortex_Default	30.861378959435417	209	mario	03	005	mario	4
cortex_DorsAttn	33.3965064142651	122	mario	03	005	mario	4
cortex_Limbic	13.533462588284534	60	mario	03	005	mario	4
cortex_SalVentAttn	32.57327325425379	121	mario	03	005	mario	4
cortex_SomMot	29.94419930945577	194	mario	03	005	mario	4
cortex_Vis	27.967749011261525	162	mario	03	005	mario	4
subcortex_CAU	22.648062335188843	8	mario	03	005	mario	4
subcortex_PUT	24.545041284785647	8	mario	03	005	mario	4
subcortex_THA	25.2924033325727	14	mario	03	005	mario	4
cerebellum	20.436302456386436	88	mario	03	006	mario	1
cortex_Cont	27.141534515887724	128	mario	03	006	mario	1
cortex_Default	26.95529339914863	209	mario	03	006	mario	1
cortex_DorsAttn	28.86216084516253	122	mario	03	006	mario	1
cortex_Limbic	12.691180761573797	60	mario	03	006	mario	1
cortex_SalVentAttn	28.42549609964742	121	mario	03	006	mario	1
cortex_SomMot	25.377728915542082	194	mario	03	006	mario	1
cortex_Vis	24.13704610826377	162	mario	03	006	mario	1
subcortex_CAU	20.633488412413403	8	mario	03	006	mario	1
subcortex_PUT	22.570956266706432	8	mario	03	006	mario	1
subcortex_THA	23.58711503469261	14	mario	03	006	mario	1
cerebellum	21.64732674115444	88	mario	03	006	mario	2
cortex_Cont	30.77895871048934	128	mario	03	006	mario	2
cortex_Default	30.425057172640262	209	mario	03	006	mario	2
cortex_DorsAttn	32.96422466879456	122	mario	03	006	mario	2
cortex_Limbic	13.77772962558532	60	mario	03	006	mario	2
cortex_SalVentAttn	31.82499808936761	121	mario	03	006	mario	2
cortex_SomMot	29.404354372304404	194	mario	03	006	mario	2
cortex_Vis	26.970518389519064	162	mario	03	006	mario	2
subcortex_CAU	22.495165599163215	8	mario	03	006	mario	2
subcortex_PUT	25.134797921923326	8	mario	03	006	mario	2
subcortex_THA	25.14380299797367	14	mario	03	006	mario	2
cerebellum	20.066055366424425	88	mario	03	006	mario	3
cortex_Cont	28.663978842299276	128	mario	03	006	mario	3
cortex_Default	28.10731178184969	209	mario	03	006	mario	3
cortex_DorsAttn	30.342369962530785	122	mario	03	006	mario	3
cortex_Limbic	12.645796335865631	60	mario	03	006	mario	3
cortex_SalVentAttn	30.170167516402877	121	mario	03	006	mario	3
cortex_SomMot	27.679597334078032	194	mario	03	006	mario	3
cortex_Vis	24.452892205787997	162	mario	03	006	mario	3
subcortex_CAU	21.30438178683457	8	mario	03	006	mario	3
subcortex_PUT	24.677302304168037	8	mario	03	006	mario	3
subcortex_THA	24.584705945115985	14	mario	03	006	mario	3
cerebellum	26.708140829893605	88	mario	03	006	mario	4
cortex_Cont	34.39127429869829	128	mario	03	006	mario	4
cortex_Default	33.06730207473183	209	mario	03	006	mario	4
cortex_DorsAttn	36.90254448401861	122	mario	03	006	mario	4
cortex_Limbic	16.37908189253262	60	mario	03	006	mario	4
cortex_SalVentAttn	35.332408474152714	121	mario	03	006	mario	4
cortex_SomMot	33.918414979428796	194	mario	03	006	mario	4
cortex_Vis	30.016090217958006	162	mario	03	006	mario	4
subcortex_CAU	23.981335204631534	8	mario	03	006	mario	4
subcortex_PUT	25.816158362711707	8	mario	03	006	mario	4
subcortex_THA	26.505095315996993	14	mario	03	006	mario	4
cerebellum	20.984868419826896	88	mario	03	007	mario	1
cortex_Cont	24.476932911514393	128	mario	03	007	mario	1
cortex_Default	24.96006521775538	209	mario	03	007	mario	1
cortex_DorsAttn	25.24303848018789	122	mario	03	007	mario	1
cortex_Limbic	12.66108141569234	60	mario	03	007	mario	1
cortex_SalVentAttn	26.062079351538337	121	mario	03	007	mario	1
cortex_SomMot	23.434750237987515	194	mario	03	007	mario	1
cortex_Vis	23.29232606184391	162	mario	03	007	mario	1
subcortex_CAU	19.611776657266898	8	mario	03	007	mario	1
subcortex_PUT	23.161580371242934	8	mario	03	007	mario	1
subcortex_THA	23.34946083752452	14	mario	03	007	mario	1
cerebellum	20.308599508651387	88	mario	03	007	mario	2
cortex_Cont	28.323892487566855	128	mario	03	007	mario	2
cortex_Default	28.028849277013755	209	mario	03	007	mario	2
cortex_DorsAttn	29.861154148833215	122	mario	03	007	mario	2
cortex_Limbic	12.710927820121695	60	mario	03	007	mario	2
cortex_SalVentAttn	29.304529422028004	121	mario	03	007	mario	2
cortex_SomMot	26.587835311976207	194	mario	03	007	mario	2
cortex_Vis	24.637305635096766	162	mario	03	007	mario	2
subcortex_CAU	21.154781809608398	8	mario	03	007	mario	2
subcortex_PUT	24.25027587783895	8	mario	03	007	mario	2
subcortex_THA	23.64118796031198	14	mario	03	007	mario	2
cerebellum	20.005136313434136	88	mario	03	007	mario	3
cortex_Cont	27.294014514976055	128	mario	03	007	mario	3
cortex_Default	27.181885213091146	209	mario	03	007	mario	3
cortex_DorsAttn	29.395030940727302	122	mario	03	007	mario	3
cortex_Limbic	12.671461421691196	60	mario	03	007	mario	3
cortex_SalVentAttn	28.94187272539389	121	mario	03	007	mario	3
cortex_SomMot	26.134037249637075	194	mario	03	007	mario	3
cortex_Vis	24.688563692464157	162	mario	03	007	mario	3
subcortex_CAU	21.574156985786924	8	mario	03	007	mario	3
subcortex_PUT	24.595214755116103	8	mario	03	007	mario	3
subcortex_THA	24.00452100686062	14	mario	03	007	mario	3
cerebellum	22.58505286653464	88	mario	03	008	mario	1
cortex_Cont	28.56819357560752	128	mario	03	008	mario	1
cortex_Default	28.309671534493514	209	mario	03	008	mario	1
cortex_DorsAttn	30.788242826362485	122	mario	03	008	mario	1
cortex_Limbic	13.441591487429593	60	mario	03	008	mario	1
cortex_SalVentAttn	30.114234464184346	121	mario	03	008	mario	1
cortex_SomMot	27.86325131366192	194	mario	03	008	mario	1
cortex_Vis	25.595878922437077	162	mario	03	008	mario	1
subcortex_CAU	21.932249608237573	8	mario	03	008	mario	1
subcortex_PUT	24.35458145314263	8	mario	03	008	mario	1
subcortex_THA	24.572177404506025	14	mario	03	008	mario	1
cerebellum	21.00361136035485	88	mario	03	009	mario	1
cortex_Cont	27.42619533186901	128	mario	03	009	mario	1
cortex_Default	26.934660259367508	209	mario	03	009	mario	1
cortex_DorsAttn	29.29846327045716	122	mario	03	009	mario	1
cortex_Limbic	11.753506888973138	60	mario	03	009	mario	1
cortex_SalVentAttn	28.901128943139586	121	mario	03	009	mario	1
cortex_SomMot	26.1252117033667	194	mario	03	009	mario	1
cortex_Vis	24.911550248972077	162	mario	03	009	mario	1
subcortex_CAU	20.738059858529304	8	mario	03	009	mario	1
subcortex_PUT	23.393659860101792	8	mario	03	009	mario	1
subcortex_THA	23.64520759397167	14	mario	03	009	mario	1
cerebellum	20.901438312925606	88	mario	03	009	mario	2
cortex_Cont	29.47649895201895	128	mario	03	009	mario	2
cortex_Default	28.769578625618013	209	mario	03	009	mario	2
cortex_DorsAttn	32.83541337948443	122	mario	03	009	mario	2
cortex_Limbic	12.867328797729066	60	mario	03	009	mario	2
cortex_SalVentAttn	30.49387730343759	121	mario	03	009	mario	2
cortex_SomMot	29.170463316633626	194	mario	03	009	mario	2
cortex_Vis	26.57532138524778	162	mario	03	009	mario	2
subcortex_CAU	21.455981987692454	8	mario	03	009	mario	2
subcortex_PUT	23.451235406915675	8	mario	03	009	mario	2
subcortex_THA	24.167869764399097	14	mario	03	009	mario	2
cerebellum	24.57107627159525	88	mario	03	010	mario	1
cortex_Cont	32.96357406196914	128	mario	03	010	mario	1
cortex_Default	32.071627761145436	209	mario	03	010	mario	1
cortex_DorsAttn	34.83430222423795	122	mario	03	010	mario	1
cortex_Limbic	15.208838342990708	60	mario	03	010	mario	1
cortex_SalVentAttn	33.59890996794205	121	mario	03	010	mario	1
cortex_SomMot	31.27037583894043	194	mario	03	010	mario	1
cortex_Vis	28.673757855821624	162	mario	03	010	mario	1
subcortex_CAU	23.135382936743845	8	mario	03	010	mario	1
subcortex_PUT	25.39794228126267	8	mario	03	010	mario	1
subcortex_THA	25.61241207146188	14	mario	03	010	mario	1
cerebellum	24.033172200864886	88	mario	03	010	mario	2
cortex_Cont	32.87143986247105	128	mario	03	010	mario	2
cortex_Default	32.13023543751392	209	mario	03	010	mario	2
cortex_DorsAttn	35.01091969495517	122	mario	03	010	mario	2
cortex_Limbic	15.416033587943705	60	mario	03	010	mario	2
cortex_SalVentAttn	34.409821333126814	121	mario	03	010	mario	2
cortex_SomMot	32.16648357408058	194	mario	03	010	mario	2
cortex_Vis	28.81467362617329	162	mario	03	010	mario	2
subcortex_CAU	23.743022285441	8	mario	03	010	mario	2
subcortex_PUT	25.591114899484225	8	mario	03	010	mario	2
subcortex_THA	26.092261221725767	14	mario	03	010	mario	2
cerebellum	24.643328675852615	88	mario	03	010	mario	3
cortex_Cont	32.34864326689531	128	mario	03	010	mario	3
cortex_Default	32.17579702729314	209	mario	03	010	mario	3
cortex_DorsAttn	35.525650702488406	122	mario	03	010	mario	3
cortex_Limbic	15.20336255664766	60	mario	03	010	mario	3
cortex_SalVentAttn	33.496225149750295	121	mario	03	010	mario	3
cortex_SomMot	31.399258762071426	194	mario	03	010	mario	3
cortex_Vis	30.59802178971154	162	mario	03	010	mario	3
subcortex_CAU	23.214549553410524	8	mario	03	010	mario	3
subcortex_PUT	25.34935731393639	8	mario	03	010	mario	3
subcortex_THA	26.159409110811364	14	mario	03	010	mario	3
cerebellum	22.834141731991064	88	mario	03	011	mario	1
cortex_Cont	32.14473098168713	128	mario	03	011	mario	1
cortex_Default	31.104003261103298	209	mario	03	011	mario	1
cortex_DorsAttn	32.67259244806922	122	mario	03	011	mario	1
cortex_Limbic	15.597675242740324	60	mario	03	011	mario	1
cortex_SalVentAttn	32.62726103773241	121	mario	03	011	mario	1
cortex_SomMot	29.26984502549604	194	mario	03	011	mario	1
cortex_Vis	26.653440685729795	162	mario	03	011	mario	1
subcortex_CAU	23.8444999496867	8	mario	03	011	mario	1
subcortex_PUT	25.9829592201728	8	mario	03	011	mario	1
subcortex_THA	25.354590155688538	14	mario	03	011	mario	1
cerebellum	24.706729188596004	88	mario	03	011	mario	2
cortex_Cont	32.49255537007999	128	mario	03	011	mario	2
cortex_Default	32.26202246390673	209	mario	03	011	mario	2
cortex_DorsAttn	35.22925790782327	122	mario	03	011	mario	2
cortex_Limbic	15.62937379881574	60	mario	03	011	mario	2
cortex_SalVentAttn	33.57478050537834	121	mario	03	011	mario	2
cortex_SomMot	31.499403005175154	194	mario	03	011	mario	2
cortex_Vis	29.866071369945686	162	mario	03	011	mario	2
subcortex_CAU	23.192068737901977	8	mario	03	011	mario	2
subcortex_PUT	25.716489771577905	8	mario	03	011	mario	2
subcortex_THA	26.386627707142594	14	mario	03	011	mario	2
cerebellum	24.12402475727313	88	mario	03	012	mario	1
cortex_Cont	27.635088590287495	128	mario	03	012	mario	1
cortex_Default	28.497379959888672	209	mario	03	012	mario	1
cortex_DorsAttn	29.3796207785309	122	mario	03	012	mario	1
cortex_Limbic	14.58913313044942	60	mario	03	012	mario	1
cortex_SalVentAttn	29.029836858681755	121	mario	03	012	mario	1
cortex_SomMot	26.98684266686827	194	mario	03	012	mario	1
cortex_Vis	26.869386028977647	162	mario	03	012	mario	1
subcortex_CAU	22.214169567692675	8	mario	03	012	mario	1
subcortex_PUT	24.37567576930304	8	mario	03	012	mario	1
subcortex_THA	24.582190069043463	14	mario	03	012	mario	1
cerebellum	27.058797091811506	88	mario	03	012	mario	2
cortex_Cont	33.05460494783377	128	mario	03	012	mario	2
cortex_Default	33.0410333621262	209	mario	03	012	mario	2
cortex_DorsAttn	35.776278185198144	122	mario	03	012	mario	2
cortex_Limbic	16.284031564008654	60	mario	03	012	mario	2
cortex_SalVentAttn	34.20017730578225	121	mario	03	012	mario	2
cortex_SomMot	32.657322213982965	194	mario	03	012	mario	2
cortex_Vis	30.969187860051978	162	mario	03	012	mario	2
subcortex_CAU	23.392287766938722	8	mario	03	012	mario	2
subcortex_PUT	25.912606986962466	8	mario	03	012	mario	2
subcortex_THA	26.079407924553866	14	mario	03	012	mario	2
cerebellum	22.071957159263977	88	mario	03	013	mario	1
cortex_Cont	28.637858956611904	128	mario	03	013	mario	1
cortex_Default	28.19605113587142	209	mario	03	013	mario	1
cortex_DorsAttn	29.75222454808604	122	mario	03	013	mario	1
cortex_Limbic	14.349689907042764	60	mario	03	013	mario	1
cortex_SalVentAttn	29.406936243829666	121	mario	03	013	mario	1
cortex_SomMot	26.969742991346212	194	mario	03	013	mario	1
cortex_Vis	25.46421483675072	162	mario	03	013	mario	1
subcortex_CAU	21.932146595654782	8	mario	03	013	mario	1
subcortex_PUT	24.229160213513605	8	mario	03	013	mario	1
subcortex_THA	23.91170203109951	14	mario	03	013	mario	1
cerebellum	25.989344475186954	88	mario	03	013	mario	2
cortex_Cont	34.70660189940358	128	mario	03	013	mario	2
cortex_Default	33.662970969873406	209	mario	03	013	mario	2
cortex_DorsAttn	37.22594778094193	122	mario	03	013	mario	2
cortex_Limbic	16.417728330181763	60	mario	03	013	mario	2
cortex_SalVentAttn	35.21503254792895	121	mario	03	013	mario	2
cortex_SomMot	33.704982352601675	194	mario	03	013	mario	2
cortex_Vis	31.556234485718477	162	mario	03	013	mario	2
subcortex_CAU	24.240041897514338	8	mario	03	013	mario	2
subcortex_PUT	26.501363279245844	8	mario	03	013	mario	2
subcortex_THA	25.707527269340087	14	mario	03	013	mario	2
cerebellum	26.18317527235074	88	mario	03	013	mario	3
cortex_Cont	33.922919893755704	128	mario	03	013	mario	3
cortex_Default	33.21783177902838	209	mario	03	013	mario	3
cortex_DorsAttn	37.02799439528648	122	mario	03	013	mario	3
cortex_Limbic	16.054689104768748	60	mario	03	013	mario	3
cortex_SalVentAttn	34.44363907431903	121	mario	03	013	mario	3
cortex_SomMot	33.1507699748099	194	mario	03	013	mario	3
cortex_Vis	31.97252611501729	162	mario	03	013	mario	3
subcortex_CAU	23.36376171397188	8	mario	03	013	mario	3
subcortex_PUT	25.775660682645217	8	mario	03	013	mario	3
subcortex_THA	25.69820271155075	14	mario	03	013	mario	3
cerebellum	26.449497727002495	88	mario	03	013	mario	4
cortex_Cont	33.924008930809194	128	mario	03	013	mario	4
cortex_Default	33.18487172961943	209	mario	03	013	mario	4
cortex_DorsAttn	36.82449669877231	122	mario	03	013	mario	4
cortex_Limbic	16.684185328611072	60	mario	03	013	mario	4
cortex_SalVentAttn	34.276067968241016	121	mario	03	013	mario	4
cortex_SomMot	32.90281462429686	194	mario	03	013	mario	4
cortex_Vis	31.588253262884397	162	mario	03	013	mario	4
subcortex_CAU	23.653570351466513	8	mario	03	013	mario	4
subcortex_PUT	25.879887254969663	8	mario	03	013	mario	4
subcortex_THA	25.522958724924347	14	mario	03	013	mario	4
cerebellum	23.571187677342127	88	mario	03	014	mario	1
cortex_Cont	31.91577919093265	128	mario	03	014	mario	1
cortex_Default	31.053826331045226	209	mario	03	014	mario	1
cortex_DorsAttn	32.20396277015881	122	mario	03	014	mario	1
cortex_Limbic	15.433604054462982	60	mario	03	014	mario	1
cortex_SalVentAttn	32.32332384958439	121	mario	03	014	mario	1
cortex_SomMot	29.137983459101918	194	mario	03	014	mario	1
cortex_Vis	26.5166503876258	162	mario	03	014	mario	1
subcortex_CAU	24.0283525655152	8	mario	03	014	mario	1
subcortex_PUT	25.708810211786957	8	mario	03	014	mario	1
subcortex_THA	24.921047516055022	14	mario	03	014	mario	1
cerebellum	27.55321657646206	88	mario	03	014	mario	2
cortex_Cont	36.760083364349455	128	mario	03	014	mario	2
cortex_Default	35.675751250325845	209	mario	03	014	mario	2
cortex_DorsAttn	39.05842693749843	122	mario	03	014	mario	2
cortex_Limbic	16.773250687465193	60	mario	03	014	mario	2
cortex_SalVentAttn	36.409824289789604	121	mario	03	014	mario	2
cortex_SomMot	35.10744479634644	194	mario	03	014	mario	2
cortex_Vis	32.5825084831269	162	mario	03	014	mario	2
subcortex_CAU	23.785835551466597	8	mario	03	014	mario	2
subcortex_PUT	25.712939099777753	8	mario	03	014	mario	2
subcortex_THA	26.552605349933668	14	mario	03	014	mario	2
cerebellum	29.394515073064472	88	mario	03	014	mario	3
cortex_Cont	37.911281138508365	128	mario	03	014	mario	3
cortex_Default	36.91425470287793	209	mario	03	014	mario	3
cortex_DorsAttn	40.77737327661424	122	mario	03	014	mario	3
cortex_Limbic	17.318500421481584	60	mario	03	014	mario	3
cortex_SalVentAttn	37.94689860392329	121	mario	03	014	mario	3
cortex_SomMot	36.9324058221138	194	mario	03	014	mario	3
cortex_Vis	34.77711889029624	162	mario	03	014	mario	3
subcortex_CAU	25.23166179007919	8	mario	03	014	mario	3
subcortex_PUT	27.064451567487644	8	mario	03	014	mario	3
subcortex_THA	27.0651345151005	14	mario	03	014	mario	3
cerebellum	29.87542899933296	88	mario	03	014	mario	4
cortex_Cont	38.71096810538719	128	mario	03	014	mario	4
cortex_Default	37.522974914061216	209	mario	03	014	mario	4
cortex_DorsAttn	42.29366617808561	122	mario	03	014	mario	4
cortex_Limbic	17.237376492818203	60	mario	03	014	mario	4
cortex_SalVentAttn	38.975160014758366	121	mario	03	014	mario	4
cortex_SomMot	38.78511015149669	194	mario	03	014	mario	4
cortex_Vis	35.182852634258104	162	mario	03	014	mario	4
subcortex_CAU	25.19799384143413	8	mario	03	014	mario	4
subcortex_PUT	26.960102081047122	8	mario	03	014	mario	4
subcortex_THA	27.260918379483822	14	mario	03	014	mario	4
cerebellum	26.409643806175893	88	mario	03	015	mario	1
cortex_Cont	31.692667633411403	128	mario	03	015	mario	1
cortex_Default	31.330418562398382	209	mario	03	015	mario	1
cortex_DorsAttn	34.86146756268664	122	mario	03	015	mario	1
cortex_Limbic	15.015090699779638	60	mario	03	015	mario	1
cortex_SalVentAttn	32.66799624216555	121	mario	03	015	mario	1
cortex_SomMot	30.232092496248466	194	mario	03	015	mario	1
cortex_Vis	30.826178873724636	162	mario	03	015	mario	1
subcortex_CAU	22.64847142685634	8	mario	03	015	mario	1
subcortex_PUT	24.768713854334777	8	mario	03	015	mario	1
subcortex_THA	25.71460201642251	14	mario	03	015	mario	1
cerebellum	28.12096198996637	88	mario	03	015	mario	2
cortex_Cont	36.55371043542689	128	mario	03	015	mario	2
cortex_Default	35.52350579978011	209	mario	03	015	mario	2
cortex_DorsAttn	39.04130867735157	122	mario	03	015	mario	2
cortex_Limbic	17.059628689388	60	mario	03	015	mario	2
cortex_SalVentAttn	36.8966701409197	121	mario	03	015	mario	2
cortex_SomMot	35.49400678532635	194	mario	03	015	mario	2
cortex_Vis	33.16634897186659	162	mario	03	015	mario	2
subcortex_CAU	24.832224245118056	8	mario	03	015	mario	2
subcortex_PUT	26.224373567341807	8	mario	03	015	mario	2
subcortex_THA	26.809532632292477	14	mario	03	015	mario	2
cerebellum	28.10020683338199	88	mario	03	015	mario	3
cortex_Cont	36.10680571435063	128	mario	03	015	mario	3
cortex_Default	35.08630417896038	209	mario	03	015	mario	3
cortex_DorsAttn	39.04587920951617	122	mario	03	015	mario	3
cortex_Limbic	16.36682311114511	60	mario	03	015	mario	3
cortex_SalVentAttn	36.48986195954824	121	mario	03	015	mario	3
cortex_SomMot	35.08415988508032	194	mario	03	015	mario	3
cortex_Vis	33.70152950396743	162	mario	03	015	mario	3
subcortex_CAU	24.355383176218933	8	mario	03	015	mario	3
subcortex_PUT	25.76776285476899	8	mario	03	015	mario	3
subcortex_THA	26.560618250586362	14	mario	03	015	mario	3
cerebellum	27.551319313165592	88	mario	03	015	mario	4
cortex_Cont	34.22214143360584	128	mario	03	015	mario	4
cortex_Default	33.81622642817027	209	mario	03	015	mario	4
cortex_DorsAttn	38.60635830732197	122	mario	03	015	mario	4
cortex_Limbic	15.241201774617393	60	mario	03	015	mario	4
cortex_SalVentAttn	35.0391561394549	121	mario	03	015	mario	4
cortex_SomMot	33.850190611798915	194	mario	03	015	mario	4
cortex_Vis	33.46201923228662	162	mario	03	015	mario	4
subcortex_CAU	23.310602673112445	8	mario	03	015	mario	4
subcortex_PUT	26.456141125455858	8	mario	03	015	mario	4
subcortex_THA	26.167491469934497	14	mario	03	015	mario	4
cerebellum	27.119630819591862	88	mario	03	016	mario	1
cortex_Cont	34.20569154558647	128	mario	03	016	mario	1
cortex_Default	34.0354439353575	209	mario	03	016	mario	1
cortex_DorsAttn	37.1892712241734	122	mario	03	016	mario	1
cortex_Limbic	16.12782002484479	60	mario	03	016	mario	1
cortex_SalVentAttn	34.99249826052395	121	mario	03	016	mario	1
cortex_SomMot	33.40702377005255	194	mario	03	016	mario	1
cortex_Vis	32.46055741627808	162	mario	03	016	mario	1
subcortex_CAU	24.99819987645691	8	mario	03	016	mario	1
subcortex_PUT	26.881608887381496	8	mario	03	016	mario	1
subcortex_THA	26.199790218760093	14	mario	03	016	mario	1
cerebellum	26.686594750933647	88	mario	03	016	mario	2
cortex_Cont	33.136772887941454	128	mario	03	016	mario	2
cortex_Default	32.79386820221865	209	mario	03	016	mario	2
cortex_DorsAttn	35.53034093066789	122	mario	03	016	mario	2
cortex_Limbic	15.678327022431262	60	mario	03	016	mario	2
cortex_SalVentAttn	34.22700963592512	121	mario	03	016	mario	2
cortex_SomMot	32.01237015350877	194	mario	03	016	mario	2
cortex_Vis	31.208871094708062	162	mario	03	016	mario	2
subcortex_CAU	24.050964161022762	8	mario	03	016	mario	2
subcortex_PUT	26.291447292549776	8	mario	03	016	mario	2
subcortex_THA	26.099751602959838	14	mario	03	016	mario	2
cerebellum	23.214897107863877	88	mario	03	017	mario	1
cortex_Cont	29.951294934844775	128	mario	03	017	mario	1
cortex_Default	29.346709960595483	209	mario	03	017	mario	1
cortex_DorsAttn	31.321925349197972	122	mario	03	017	mario	1
cortex_Limbic	14.512807459555459	60	mario	03	017	mario	1
cortex_SalVentAttn	30.757914763408657	121	mario	03	017	mario	1
cortex_SomMot	28.158193592426823	194	mario	03	017	mario	1
cortex_Vis	26.19880299356521	162	mario	03	017	mario	1
subcortex_CAU	22.2924878923168	8	mario	03	017	mario	1
subcortex_PUT	24.60896022865819	8	mario	03	017	mario	1
subcortex_THA	24.191539673466135	14	mario	03	017	mario	1
cerebellum	25.268312520458025	88	mario	03	017	mario	2
cortex_Cont	32.52296745354101	128	mario	03	017	mario	2
cortex_Default	31.941332765114893	209	mario	03	017	mario	2
cortex_DorsAttn	34.50609518709782	122	mario	03	017	mario	2
cortex_Limbic	15.843991460859153	60	mario	03	017	mario	2
cortex_SalVentAttn	33.228161488549354	121	mario	03	017	mario	2
cortex_SomMot	31.421857898726998	194	mario	03	017	mario	2
cortex_Vis	29.078470177693728	162	mario	03	017	mario	2
subcortex_CAU	22.837769684051043	8	mario	03	017	mario	2
subcortex_PUT	25.30832458795731	8	mario	03	017	mario	2
subcortex_THA	25.55537904803057	14	mario	03	017	mario	2
cerebellum	26.154307946628652	88	mario	03	017	mario	3
cortex_Cont	33.372354737926884	128	mario	03	017	mario	3
cortex_Default	32.610190272007195	209	mario	03	017	mario	3
cortex_DorsAttn	36.674715373177044	122	mario	03	017	mario	3
cortex_Limbic	15.644522330176645	60	mario	03	017	mario	3
cortex_SalVentAttn	34.07784758251405	121	mario	03	017	mario	3
cortex_SomMot	32.85327732441457	194	mario	03	017	mario	3
cortex_Vis	30.968724100614033	162	mario	03	017	mario	3
subcortex_CAU	22.627306760841467	8	mario	03	017	mario	3
subcortex_PUT	25.504737716075198	8	mario	03	017	mario	3
subcortex_THA	25.403144061295905	14	mario	03	017	mario	3
cerebellum	22.963851545664486	88	mario	03	018	mario	1
cortex_Cont	31.063599729098723	128	mario	03	018	mario	1
cortex_Default	30.50684754231992	209	mario	03	018	mario	1
cortex_DorsAttn	31.57610568487814	122	mario	03	018	mario	1
cortex_Limbic	14.832605787496231	60	mario	03	018	mario	1
cortex_SalVentAttn	32.069096029787666	121	mario	03	018	mario	1
cortex_SomMot	28.80067826917801	194	mario	03	018	mario	1
cortex_Vis	26.347307724443308	162	mario	03	018	mario	1
subcortex_CAU	24.058446820984326	8	mario	03	018	mario	1
subcortex_PUT	25.994418502479487	8	mario	03	018	mario	1
subcortex_THA	25.0043534264187	14	mario	03	018	mario	1
cerebellum	24.450321334424835	88	mario	03	018	mario	2
cortex_Cont	31.369028857778755	128	mario	03	018	mario	2
cortex_Default	31.30210178108728	209	mario	03	018	mario	2
cortex_DorsAttn	33.56596609386131	122	mario	03	018	mario	2
cortex_Limbic	14.814918141157323	60	mario	03	018	mario	2
cortex_SalVentAttn	32.99758063459568	121	mario	03	018	mario	2
cortex_SomMot	30.499582202996727	194	mario	03	018	mario	2
cortex_Vis	28.578100433508176	162	mario	03	018	mario	2
subcortex_CAU	23.776252329820412	8	mario	03	018	mario	2
subcortex_PUT	26.237553201372435	8	mario	03	018	mario	2
subcortex_THA	26.243428664926103	14	mario	03	018	mario	2
cerebellum	24.482298100359014	88	mario	03	018	mario	3
cortex_Cont	32.100420009903345	128	mario	03	018	mario	3
cortex_Default	31.865081459944523	209	mario	03	018	mario	3
cortex_DorsAttn	34.715862271990325	122	mario	03	018	mario	3
cortex_Limbic	15.41881584155599	60	mario	03	018	mario	3
cortex_SalVentAttn	33.347469392202335	121	mario	03	018	mario	3
cortex_SomMot	31.28670443126484	194	mario	03	018	mario	3
cortex_Vis	29.235000026113994	162	mario	03	018	mario	3
subcortex_CAU	24.30696864111715	8	mario	03	018	mario	3
subcortex_PUT	26.09400017338213	8	mario	03	018	mario	3
subcortex_THA	26.063679623156798	14	mario	03	018	mario	3
cerebellum	22.00235626353989	88	mario	03	019	mario	1
cortex_Cont	28.996429859840077	128	mario	03	019	mario	1
cortex_Default	28.585659352413145	209	mario	03	019	mario	1
cortex_DorsAttn	30.43140422605242	122	mario	03	019	mario	1
cortex_Limbic	13.678990580910261	60	mario	03	019	mario	1
cortex_SalVentAttn	29.83378916457876	121	mario	03	019	mario	1
cortex_SomMot	27.437591163572655	194	mario	03	019	mario	1
cortex_Vis	25.373416425866406	162	mario	03	019	mario	1
subcortex_CAU	21.632460661110727	8	mario	03	019	mario	1
subcortex_PUT	23.932793287332316	8	mario	03	019	mario	1
subcortex_THA	24.30440324477646	14	mario	03	019	mario	1
cerebellum	24.35651684700947	88	mario	03	019	mario	2
cortex_Cont	32.85693257497078	128	mario	03	019	mario	2
cortex_Default	32.02665570212223	209	mario	03	019	mario	2
cortex_DorsAttn	34.751726396184864	122	mario	03	019	mario	2
cortex_Limbic	14.756516641589121	60	mario	03	019	mario	2
cortex_SalVentAttn	33.649057657636156	121	mario	03	019	mario	2
cortex_SomMot	31.687035422842932	194	mario	03	019	mario	2
cortex_Vis	29.46893304836264	162	mario	03	019	mario	2
subcortex_CAU	23.24433384947756	8	mario	03	019	mario	2
subcortex_PUT	25.408342092757884	8	mario	03	019	mario	2
subcortex_THA	25.583749463859203	14	mario	03	019	mario	2
cerebellum	24.03710329286881	88	mario	03	019	mario	3
cortex_Cont	32.435323531314936	128	mario	03	019	mario	3
cortex_Default	31.334055978478062	209	mario	03	019	mario	3
cortex_DorsAttn	33.772659108222214	122	mario	03	019	mario	3
cortex_Limbic	14.524897191513043	60	mario	03	019	mario	3
cortex_SalVentAttn	33.22754866291789	121	mario	03	019	mario	3
cortex_SomMot	30.670052330213235	194	mario	03	019	mario	3
cortex_Vis	28.061029725148774	162	mario	03	019	mario	3
subcortex_CAU	23.526849664214385	8	mario	03	019	mario	3
subcortex_PUT	26.01776555424557	8	mario	03	019	mario	3
subcortex_THA	25.257159065336264	14	mario	03	019	mario	3
cerebellum	23.640753479578756	88	mario	03	019	mario	4
cortex_Cont	30.715201944591694	128	mario	03	019	mario	4
cortex_Default	29.969823207286808	209	mario	03	019	mario	4
cortex_DorsAttn	32.18231001212691	122	mario	03	019	mario	4
cortex_Limbic	14.202161982698636	60	mario	03	019	mario	4
cortex_SalVentAttn	32.04515174065606	121	mario	03	019	mario	4
cortex_SomMot	29.11641578664813	194	mario	03	019	mario	4
cortex_Vis	26.8952871872939	162	mario	03	019	mario	4
subcortex_CAU	22.48522315052498	8	mario	03	019	mario	4
subcortex_PUT	24.680210429423358	8	mario	03	019	mario	4
subcortex_THA	24.757443854987276	14	mario	03	019	mario	4
cerebellum	24.070932966419637	88	mario	03	020	mario	1
cortex_Cont	27.999812463029905	128	mario	03	020	mario	1
cortex_Default	27.92203439269341	209	mario	03	020	mario	1
cortex_DorsAttn	29.808608044644274	122	mario	03	020	mario	1
cortex_Limbic	14.337385244523263	60	mario	03	020	mario	1
cortex_SalVentAttn	29.42727313828004	121	mario	03	020	mario	1
cortex_SomMot	27.008112804351097	194	mario	03	020	mario	1
cortex_Vis	26.934538259321318	162	mario	03	020	mario	1
subcortex_CAU	21.342033787997085	8	mario	03	020	mario	1
subcortex_PUT	24.50520104946719	8	mario	03	020	mario	1
subcortex_THA	24.226675812253696	14	mario	03	020	mario	1
cerebellum	25.867757716628173	88	mario	03	020	mario	2
cortex_Cont	34.43919806538997	128	mario	03	020	mario	2
cortex_Default	33.757663850370946	209	mario	03	020	mario	2
cortex_DorsAttn	36.23831837030557	122	mario	03	020	mario	2
cortex_Limbic	15.943889228575946	60	mario	03	020	mario	2
cortex_SalVentAttn	35.07073222333157	121	mario	03	020	mario	2
cortex_SomMot	33.24649754410364	194	mario	03	020	mario	2
cortex_Vis	30.37463392493467	162	mario	03	020	mario	2
subcortex_CAU	23.866935336792373	8	mario	03	020	mario	2
subcortex_PUT	26.47252271803473	8	mario	03	020	mario	2
subcortex_THA	25.864444943127243	14	mario	03	020	mario	2
cerebellum	26.62335971490518	88	mario	03	020	mario	3
cortex_Cont	33.23903620234424	128	mario	03	020	mario	3
cortex_Default	33.11469457547621	209	mario	03	020	mario	3
cortex_DorsAttn	35.18746421975983	122	mario	03	020	mario	3
cortex_Limbic	15.795776795893493	60	mario	03	020	mario	3
cortex_SalVentAttn	35.03760665715808	121	mario	03	020	mario	3
cortex_SomMot	33.257861514093506	194	mario	03	020	mario	3
cortex_Vis	30.175452812436074	162	mario	03	020	mario	3
subcortex_CAU	24.428197596389555	8	mario	03	020	mario	3
subcortex_PUT	26.793930203986193	8	mario	03	020	mario	3
subcortex_THA	26.316634387388596	14	mario	03	020	mario	3
cerebellum	27.60123704227208	88	mario	03	020	mario	4
cortex_Cont	32.44782969024938	128	mario	03	020	mario	4
cortex_Default	32.56516707142586	209	mario	03	020	mario	4
cortex_DorsAttn	35.30498728108638	122	mario	03	020	mario	4
cortex_Limbic	15.46611855624128	60	mario	03	020	mario	4
cortex_SalVentAttn	34.004018322128914	121	mario	03	020	mario	4
cortex_SomMot	32.289207805906734	194	mario	03	020	mario	4
cortex_Vis	31.39767188250236	162	mario	03	020	mario	4
subcortex_CAU	23.11327311409382	8	mario	03	020	mario	4
subcortex_PUT	26.165112775286747	8	mario	03	020	mario	4
subcortex_THA	25.914201329285838	14	mario	03	020	mario	4
cerebellum	25.280951994372707	88	mario	03	021	mario	1
cortex_Cont	34.41139251120305	128	mario	03	021	mario	1
cortex_Default	33.740128961200554	209	mario	03	021	mario	1
cortex_DorsAttn	36.21783616917226	122	mario	03	021	mario	1
cortex_Limbic	16.018277613131545	60	mario	03	021	mario	1
cortex_SalVentAttn	34.79014561205054	121	mario	03	021	mario	1
cortex_SomMot	33.10454764072207	194	mario	03	021	mario	1
cortex_Vis	29.051285165108776	162	mario	03	021	mario	1
subcortex_CAU	24.712334136549053	8	mario	03	021	mario	1
subcortex_PUT	26.77978561092581	8	mario	03	021	mario	1
subcortex_THA	25.869637560258173	14	mario	03	021	mario	1
cerebellum	26.918797174036683	88	mario	03	021	mario	2
cortex_Cont	34.29103039093417	128	mario	03	021	mario	2
cortex_Default	34.134114314139204	209	mario	03	021	mario	2
cortex_DorsAttn	38.00883938691789	122	mario	03	021	mario	2
cortex_Limbic	16.66767703872129	60	mario	03	021	mario	2
cortex_SalVentAttn	35.15572262093714	121	mario	03	021	mario	2
cortex_SomMot	33.94835068840488	194	mario	03	021	mario	2
cortex_Vis	32.25849408058022	162	mario	03	021	mario	2
subcortex_CAU	23.56365231398331	8	mario	03	021	mario	2
subcortex_PUT	26.21346264370689	8	mario	03	021	mario	2
subcortex_THA	26.184623335617456	14	mario	03	021	mario	2
cerebellum	25.413936379535286	88	mario	03	021	mario	3
cortex_Cont	33.73129469676841	128	mario	03	021	mario	3
cortex_Default	33.211614948551315	209	mario	03	021	mario	3
cortex_DorsAttn	35.7752051404385	122	mario	03	021	mario	3
cortex_Limbic	16.450978655540855	60	mario	03	021	mario	3
cortex_SalVentAttn	35.60860203407899	121	mario	03	021	mario	3
cortex_SomMot	33.56279579108412	194	mario	03	021	mario	3
cortex_Vis	29.661188585006258	162	mario	03	021	mario	3
subcortex_CAU	24.91594487749382	8	mario	03	021	mario	3
subcortex_PUT	26.480661555793734	8	mario	03	021	mario	3
subcortex_THA	26.58943787783493	14	mario	03	021	mario	3
cerebellum	24.885885410213643	88	mario	03	022	mario	1
cortex_Cont	31.6839990346216	128	mario	03	022	mario	1
cortex_Default	31.159691156570506	209	mario	03	022	mario	1
cortex_DorsAttn	33.36614863934188	122	mario	03	022	mario	1
cortex_Limbic	15.123437355920709	60	mario	03	022	mario	1
cortex_SalVentAttn	32.680420617094114	121	mario	03	022	mario	1
cortex_SomMot	30.611425164378463	194	mario	03	022	mario	1
cortex_Vis	27.536356704876777	162	mario	03	022	mario	1
subcortex_CAU	22.976893047441777	8	mario	03	022	mario	1
subcortex_PUT	25.69186006324622	8	mario	03	022	mario	1
subcortex_THA	25.327918017935684	14	mario	03	022	mario	1
cerebellum	25.98663376040679	88	mario	03	022	mario	2
cortex_Cont	30.87733741848119	128	mario	03	022	mario	2
cortex_Default	31.076974771048242	209	mario	03	022	mario	2
cortex_DorsAttn	34.17470325157391	122	mario	03	022	mario	2
cortex_Limbic	15.459427308753153	60	mario	03	022	mario	2
cortex_SalVentAttn	32.76797130827312	121	mario	03	022	mario	2
cortex_SomMot	30.996687217277422	194	mario	03	022	mario	2
cortex_Vis	29.81806835055407	162	mario	03	022	mario	2
subcortex_CAU	22.446946921199125	8	mario	03	022	mario	2
subcortex_PUT	25.456604774060835	8	mario	03	022	mario	2
subcortex_THA	25.82399592567413	14	mario	03	022	mario	2
cerebellum	28.295681383295108	88	mario	03	022	mario	3
cortex_Cont	36.07082860414201	128	mario	03	022	mario	3
cortex_Default	35.30723228295156	209	mario	03	022	mario	3
cortex_DorsAttn	38.44263699762299	122	mario	03	022	mario	3
cortex_Limbic	17.148118286700836	60	mario	03	022	mario	3
cortex_SalVentAttn	36.481751933134134	121	mario	03	022	mario	3
cortex_SomMot	35.25755610214136	194	mario	03	022	mario	3
cortex_Vis	32.16331620146573	162	mario	03	022	mario	3
subcortex_CAU	23.83729662836004	8	mario	03	022	mario	3
subcortex_PUT	26.593637679869314	8	mario	03	022	mario	3
subcortex_THA	27.187146776070968	14	mario	03	022	mario	3
cerebellum	24.79998549898219	88	mario	03	022	mario	4
cortex_Cont	31.392097552904104	128	mario	03	022	mario	4
cortex_Default	31.297547713358714	209	mario	03	022	mario	4
cortex_DorsAttn	31.933635751763042	122	mario	03	022	mario	4
cortex_Limbic	15.691637243375881	60	mario	03	022	mario	4
cortex_SalVentAttn	32.775357384222055	121	mario	03	022	mario	4
cortex_SomMot	29.78843322414317	194	mario	03	022	mario	4
cortex_Vis	27.581798430287854	162	mario	03	022	mario	4
subcortex_CAU	23.36505215313121	8	mario	03	022	mario	4
subcortex_PUT	26.104529089827842	8	mario	03	022	mario	4
subcortex_THA	25.430236429631268	14	mario	03	022	mario	4
cerebellum	23.840679764243017	88	mario	03	023	mario	1
cortex_Cont	29.577201188929045	128	mario	03	023	mario	1
cortex_Default	29.64207463836047	209	mario	03	023	mario	1
cortex_DorsAttn	32.26998528753218	122	mario	03	023	mario	1
cortex_Limbic	14.229733525557037	60	mario	03	023	mario	1
cortex_SalVentAttn	30.775997142718914	121	mario	03	023	mario	1
cortex_SomMot	28.736389502288457	194	mario	03	023	mario	1
cortex_Vis	27.168965443010002	162	mario	03	023	mario	1
subcortex_CAU	21.972385965043365	8	mario	03	023	mario	1
subcortex_PUT	24.68177239995133	8	mario	03	023	mario	1
subcortex_THA	24.132834251228353	14	mario	03	023	mario	1
cerebellum	26.117679854122162	88	mario	03	023	mario	2
cortex_Cont	34.785411094566264	128	mario	03	023	mario	2
cortex_Default	33.62485925754544	209	mario	03	023	mario	2
cortex_DorsAttn	37.723709730742975	122	mario	03	023	mario	2
cortex_Limbic	15.407890578048107	60	mario	03	023	mario	2
cortex_SalVentAttn	35.12661533048186	121	mario	03	023	mario	2
cortex_SomMot	33.7140085998409	194	mario	03	023	mario	2
cortex_Vis	31.217114969053725	162	mario	03	023	mario	2
subcortex_CAU	23.815259634674955	8	mario	03	023	mario	2
subcortex_PUT	25.660229611431546	8	mario	03	023	mario	2
subcortex_THA	25.621786591055404	14	mario	03	023	mario	2
cerebellum	25.14163215097882	88	mario	03	023	mario	3
cortex_Cont	33.26171335568454	128	mario	03	023	mario	3
cortex_Default	32.73483773767958	209	mario	03	023	mario	3
cortex_DorsAttn	35.10289833339208	122	mario	03	023	mario	3
cortex_Limbic	15.93292178505615	60	mario	03	023	mario	3
cortex_SalVentAttn	34.399833579631455	121	mario	03	023	mario	3
cortex_SomMot	32.23696745683011	194	mario	03	023	mario	3
cortex_Vis	29.44636184682493	162	mario	03	023	mario	3
subcortex_CAU	24.08482174688768	8	mario	03	023	mario	3
subcortex_PUT	26.575422302031317	8	mario	03	023	mario	3
subcortex_THA	25.666626044780024	14	mario	03	023	mario	3
cerebellum	24.512377905818866	88	mario	03	024	mario	1
cortex_Cont	32.48946209297272	128	mario	03	024	mario	1
cortex_Default	32.00808760948405	209	mario	03	024	mario	1
cortex_DorsAttn	32.42618293075125	122	mario	03	024	mario	1
cortex_Limbic	16.256385141599136	60	mario	03	024	mario	1
cortex_SalVentAttn	33.44083241374615	121	mario	03	024	mario	1
cortex_SomMot	30.474453637736254	194	mario	03	024	mario	1
cortex_Vis	28.02614571463962	162	mario	03	024	mario	1
subcortex_CAU	24.320243553074032	8	mario	03	024	mario	1
subcortex_PUT	25.765064897303667	8	mario	03	024	mario	1
subcortex_THA	25.401913687882146	14	mario	03	024	mario	1
cerebellum	24.24534777265794	88	mario	03	024	mario	2
cortex_Cont	32.055473347011336	128	mario	03	024	mario	2
cortex_Default	31.58370865937325	209	mario	03	024	mario	2
cortex_DorsAttn	33.56599083263065	122	mario	03	024	mario	2
cortex_Limbic	15.573047125478963	60	mario	03	024	mario	2
cortex_SalVentAttn	32.939724674403266	121	mario	03	024	mario	2
cortex_SomMot	30.74394697773101	194	mario	03	024	mario	2
cortex_Vis	28.035105116525774	162	mario	03	024	mario	2
subcortex_CAU	23.66355760296574	8	mario	03	024	mario	2
subcortex_PUT	25.562868054015944	8	mario	03	024	mario	2
subcortex_THA	25.476208437789246	14	mario	03	024	mario	2
cerebellum	24.369720010178835	88	mario	03	025	mario	1
cortex_Cont	31.163281496697522	128	mario	03	025	mario	1
cortex_Default	30.530371638118485	209	mario	03	025	mario	1
cortex_DorsAttn	32.84288030375613	122	mario	03	025	mario	1
cortex_Limbic	14.578407224444879	60	mario	03	025	mario	1
cortex_SalVentAttn	32.017965991833115	121	mario	03	025	mario	1
cortex_SomMot	29.63226233849613	194	mario	03	025	mario	1
cortex_Vis	27.687720961836746	162	mario	03	025	mario	1
subcortex_CAU	22.80549958832676	8	mario	03	025	mario	1
subcortex_PUT	25.31787930791556	8	mario	03	025	mario	1
subcortex_THA	24.77431272460569	14	mario	03	025	mario	1
cerebellum	26.376332174995596	88	mario	03	025	mario	2
cortex_Cont	34.40585859527868	128	mario	03	025	mario	2
cortex_Default	33.78833288496255	209	mario	03	025	mario	2
cortex_DorsAttn	35.955008934836975	122	mario	03	025	mario	2
cortex_Limbic	17.027633555108185	60	mario	03	025	mario	2
cortex_SalVentAttn	35.346761134296194	121	mario	03	025	mario	2
cortex_SomMot	33.082931265671846	194	mario	03	025	mario	2
cortex_Vis	30.731553388581254	162	mario	03	025	mario	2
subcortex_CAU	24.896402630779708	8	mario	03	025	mario	2
subcortex_PUT	27.208887681760714	8	mario	03	025	mario	2
subcortex_THA	26.33263466200643	14	mario	03	025	mario	2
cerebellum	26.842141764394043	88	mario	03	025	mario	3
cortex_Cont	34.28379647399874	128	mario	03	025	mario	3
cortex_Default	33.64964964097452	209	mario	03	025	mario	3
cortex_DorsAttn	35.90553668543696	122	mario	03	025	mario	3
cortex_Limbic	17.43158882376639	60	mario	03	025	mario	3
cortex_SalVentAttn	34.941606662693275	121	mario	03	025	mario	3
cortex_SomMot	33.3209515397527	194	mario	03	025	mario	3
cortex_Vis	30.647500620343443	162	mario	03	025	mario	3
subcortex_CAU	24.30008909844897	8	mario	03	025	mario	3
subcortex_PUT	26.527129240180823	8	mario	03	025	mario	3
subcortex_THA	26.23041766352035	14	mario	03	025	mario	3
cerebellum	24.952923508318236	88	mario	03	025	mario	4
cortex_Cont	31.705091143548753	128	mario	03	025	mario	4
cortex_Default	31.28081047415011	209	mario	03	025	mario	4
cortex_DorsAttn	32.75551675570841	122	mario	03	025	mario	4
cortex_Limbic	16.085863178031197	60	mario	03	025	mario	4
cortex_SalVentAttn	33.76202623950377	121	mario	03	025	mario	4
cortex_SomMot	31.444835191844888	194	mario	03	025	mario	4
cortex_Vis	27.853292379712048	162	mario	03	025	mario	4
subcortex_CAU	24.18771151611276	8	mario	03	025	mario	4
subcortex_PUT	26.03366794123109	8	mario	03	025	mario	4
subcortex_THA	25.901244331753304	14	mario	03	025	mario	4
cerebellum	24.754635766666652	88	mario	03	025	mario	5
cortex_Cont	30.183851704208568	128	mario	03	025	mario	5
cortex_Default	30.338044790464643	209	mario	03	025	mario	5
cortex_DorsAttn	30.9658860502899	122	mario	03	025	mario	5
cortex_Limbic	15.77148267291354	60	mario	03	025	mario	5
cortex_SalVentAttn	31.52761805693485	121	mario	03	025	mario	5
cortex_SomMot	29.325385108799328	194	mario	03	025	mario	5
cortex_Vis	27.468934772568627	162	mario	03	025	mario	5
subcortex_CAU	23.368364528462525	8	mario	03	025	mario	5
subcortex_PUT	25.21910314801964	8	mario	03	025	mario	5
subcortex_THA	25.277776434857547	14	mario	03	025	mario	5
cerebellum	22.487262539633722	88	mario	03	026	mario	1
cortex_Cont	29.617753890195587	128	mario	03	026	mario	1
cortex_Default	29.477256567130123	209	mario	03	026	mario	1
cortex_DorsAttn	32.10099296338538	122	mario	03	026	mario	1
cortex_Limbic	13.542021801287243	60	mario	03	026	mario	1
cortex_SalVentAttn	31.35588678914393	121	mario	03	026	mario	1
cortex_SomMot	29.614818370499606	194	mario	03	026	mario	1
cortex_Vis	26.024621135601013	162	mario	03	026	mario	1
subcortex_CAU	22.89107531639311	8	mario	03	026	mario	1
subcortex_PUT	24.175220983954677	8	mario	03	026	mario	1
subcortex_THA	25.258533806911597	14	mario	03	026	mario	1
cerebellum	24.754526679669656	88	mario	03	026	mario	2
cortex_Cont	32.19989637729322	128	mario	03	026	mario	2
cortex_Default	31.798341904880402	209	mario	03	026	mario	2
cortex_DorsAttn	35.22554911863396	122	mario	03	026	mario	2
cortex_Limbic	15.054049282052658	60	mario	03	026	mario	2
cortex_SalVentAttn	33.65078347171708	121	mario	03	026	mario	2
cortex_SomMot	31.64581658288011	194	mario	03	026	mario	2
cortex_Vis	29.450157270540796	162	mario	03	026	mario	2
subcortex_CAU	23.45398034817509	8	mario	03	026	mario	2
subcortex_PUT	25.568255528211147	8	mario	03	026	mario	2
subcortex_THA	26.297944379432092	14	mario	03	026	mario	2
cerebellum	25.512285463416784	88	mario	03	026	mario	3
cortex_Cont	33.402986856118176	128	mario	03	026	mario	3
cortex_Default	32.59484216000575	209	mario	03	026	mario	3
cortex_DorsAttn	36.28274190982531	122	mario	03	026	mario	3
cortex_Limbic	14.221577862757494	60	mario	03	026	mario	3
cortex_SalVentAttn	34.638019118703234	121	mario	03	026	mario	3
cortex_SomMot	32.79563465144558	194	mario	03	026	mario	3
cortex_Vis	30.670829092329864	162	mario	03	026	mario	3
subcortex_CAU	23.74014422061937	8	mario	03	026	mario	3
subcortex_PUT	25.62536456714702	8	mario	03	026	mario	3
subcortex_THA	26.511396533495006	14	mario	03	026	mario	3
cerebellum	24.74019862800435	88	mario	03	027	mario	1
cortex_Cont	31.031425090107074	128	mario	03	027	mario	1
cortex_Default	30.69420761574686	209	mario	03	027	mario	1
cortex_DorsAttn	32.04515305301679	122	mario	03	027	mario	1
cortex_Limbic	16.2107895328269	60	mario	03	027	mario	1
cortex_SalVentAttn	31.47888578053269	121	mario	03	027	mario	1
cortex_SomMot	30.00623327086089	194	mario	03	027	mario	1
cortex_Vis	26.863151813047544	162	mario	03	027	mario	1
subcortex_CAU	23.519711087750586	8	mario	03	027	mario	1
subcortex_PUT	25.47404777467765	8	mario	03	027	mario	1
subcortex_THA	24.91450770130995	14	mario	03	027	mario	1
cerebellum	27.184144967880716	88	mario	03	027	mario	2
cortex_Cont	32.88085776156808	128	mario	03	027	mario	2
cortex_Default	32.559123294358336	209	mario	03	027	mario	2
cortex_DorsAttn	34.630884885594156	122	mario	03	027	mario	2
cortex_Limbic	16.213198423922613	60	mario	03	027	mario	2
cortex_SalVentAttn	33.781521793979884	121	mario	03	027	mario	2
cortex_SomMot	32.32232578570378	194	mario	03	027	mario	2
cortex_Vis	29.86514844452109	162	mario	03	027	mario	2
subcortex_CAU	24.10716292617635	8	mario	03	027	mario	2
subcortex_PUT	26.039261549197473	8	mario	03	027	mario	2
subcortex_THA	26.066650317956153	14	mario	03	027	mario	2
cerebellum	28.260754553741016	88	mario	03	027	mario	3
cortex_Cont	33.31129709923501	128	mario	03	027	mario	3
cortex_Default	32.98910665181808	209	mario	03	027	mario	3
cortex_DorsAttn	35.771358023915454	122	mario	03	027	mario	3
cortex_Limbic	16.40594439710531	60	mario	03	027	mario	3
cortex_SalVentAttn	34.72542256793989	121	mario	03	027	mario	3
cortex_SomMot	33.581729215490796	194	mario	03	027	mario	3
cortex_Vis	31.076399161040502	162	mario	03	027	mario	3
subcortex_CAU	24.40473304143374	8	mario	03	027	mario	3
subcortex_PUT	25.95744400034487	8	mario	03	027	mario	3
subcortex_THA	26.308645695668066	14	mario	03	027	mario	3
cerebellum	29.692592298012183	88	mario	03	027	mario	4
cortex_Cont	38.14487280559055	128	mario	03	027	mario	4
cortex_Default	36.97428432275706	209	mario	03	027	mario	4
cortex_DorsAttn	39.23707723684528	122	mario	03	027	mario	4
cortex_Limbic	17.721913483018955	60	mario	03	027	mario	4
cortex_SalVentAttn	38.09118567984229	121	mario	03	027	mario	4
cortex_SomMot	37.02912418034357	194	mario	03	027	mario	4
cortex_Vis	33.30037233557124	162	mario	03	027	mario	4
subcortex_CAU	25.68051617796516	8	mario	03	027	mario	4
subcortex_PUT	27.19657710318476	8	mario	03	027	mario	4
subcortex_THA	27.211258790035423	14	mario	03	027	mario	4
cerebellum	23.883468226589528	88	mario	03	028	mario	1
cortex_Cont	30.702401861176146	128	mario	03	028	mario	1
cortex_Default	30.365480150013386	209	mario	03	028	mario	1
cortex_DorsAttn	32.26657282744913	122	mario	03	028	mario	1
cortex_Limbic	14.960734950512942	60	mario	03	028	mario	1
cortex_SalVentAttn	32.043832020306546	121	mario	03	028	mario	1
cortex_SomMot	29.642945978347036	194	mario	03	028	mario	1
cortex_Vis	26.747853318363042	162	mario	03	028	mario	1
subcortex_CAU	23.250387808502	8	mario	03	028	mario	1
subcortex_PUT	25.763343309057834	8	mario	03	028	mario	1
subcortex_THA	25.32547043082317	14	mario	03	028	mario	1
cerebellum	28.580083954415787	88	mario	03	028	mario	2
cortex_Cont	35.53488392029295	128	mario	03	028	mario	2
cortex_Default	35.25908308483524	209	mario	03	028	mario	2
cortex_DorsAttn	37.98809646846882	122	mario	03	028	mario	2
cortex_Limbic	17.403372638073293	60	mario	03	028	mario	2
cortex_SalVentAttn	35.8396540303182	121	mario	03	028	mario	2
cortex_SomMot	34.81965671218217	194	mario	03	028	mario	2
cortex_Vis	32.628900043899726	162	mario	03	028	mario	2
subcortex_CAU	24.094396785015228	8	mario	03	028	mario	2
subcortex_PUT	26.676350257779294	8	mario	03	028	mario	2
subcortex_THA	26.824528497256296	14	mario	03	028	mario	2
cerebellum	27.71455610590408	88	mario	03	028	mario	3
cortex_Cont	33.537940844692635	128	mario	03	028	mario	3
cortex_Default	33.18944619561973	209	mario	03	028	mario	3
cortex_DorsAttn	36.94322231144621	122	mario	03	028	mario	3
cortex_Limbic	15.770837042594838	60	mario	03	028	mario	3
cortex_SalVentAttn	34.63549949576311	121	mario	03	028	mario	3
cortex_SomMot	33.77542545787468	194	mario	03	028	mario	3
cortex_Vis	31.594153545754395	162	mario	03	028	mario	3
subcortex_CAU	23.33128262226112	8	mario	03	028	mario	3
subcortex_PUT	25.830853695896153	8	mario	03	028	mario	3
subcortex_THA	26.72133382449338	14	mario	03	028	mario	3
cerebellum	28.45466028326132	88	mario	03	028	mario	4
cortex_Cont	35.123870523738674	128	mario	03	028	mario	4
cortex_Default	34.76760781696036	209	mario	03	028	mario	4
cortex_DorsAttn	38.1091642076862	122	mario	03	028	mario	4
cortex_Limbic	17.07891846366015	60	mario	03	028	mario	4
cortex_SalVentAttn	35.619888792866085	121	mario	03	028	mario	4
cortex_SomMot	34.17844470070199	194	mario	03	028	mario	4
cortex_Vis	33.16704766355685	162	mario	03	028	mario	4
subcortex_CAU	24.22445462483553	8	mario	03	028	mario	4
subcortex_PUT	26.511600197756533	8	mario	03	028	mario	4
subcortex_THA	26.822099328529365	14	mario	03	028	mario	4
cerebellum	24.38365631111511	88	mario	03	029	mario	1
cortex_Cont	30.582724438482966	128	mario	03	029	mario	1
cortex_Default	30.168161984852986	209	mario	03	029	mario	1
cortex_DorsAttn	32.04936640469231	122	mario	03	029	mario	1
cortex_Limbic	14.904705178897823	60	mario	03	029	mario	1
cortex_SalVentAttn	31.90649691742761	121	mario	03	029	mario	1
cortex_SomMot	29.367944243102354	194	mario	03	029	mario	1
cortex_Vis	26.477617564746197	162	mario	03	029	mario	1
subcortex_CAU	22.907776801988902	8	mario	03	029	mario	1
subcortex_PUT	25.223966982837865	8	mario	03	029	mario	1
subcortex_THA	25.20567551396883	14	mario	03	029	mario	1
cerebellum	28.218176318445714	88	mario	03	029	mario	2
cortex_Cont	36.03966412176232	128	mario	03	029	mario	2
cortex_Default	35.4842769836115	209	mario	03	029	mario	2
cortex_DorsAttn	38.69682522700093	122	mario	03	029	mario	2
cortex_Limbic	17.00617725427951	60	mario	03	029	mario	2
cortex_SalVentAttn	36.92468213856502	121	mario	03	029	mario	2
cortex_SomMot	35.80883622876795	194	mario	03	029	mario	2
cortex_Vis	32.19728598135096	162	mario	03	029	mario	2
subcortex_CAU	24.59475318854601	8	mario	03	029	mario	2
subcortex_PUT	26.703136393436946	8	mario	03	029	mario	2
subcortex_THA	27.225263989276876	14	mario	03	029	mario	2
cerebellum	26.138812962485403	88	mario	03	029	mario	3
cortex_Cont	30.673455911510306	128	mario	03	029	mario	3
cortex_Default	30.923193777184615	209	mario	03	029	mario	3
cortex_DorsAttn	32.84224333105596	122	mario	03	029	mario	3
cortex_Limbic	15.387015289205301	60	mario	03	029	mario	3
cortex_SalVentAttn	33.00089484458187	121	mario	03	029	mario	3
cortex_SomMot	31.119406355205328	194	mario	03	029	mario	3
cortex_Vis	29.165609582766137	162	mario	03	029	mario	3
subcortex_CAU	23.372902292166113	8	mario	03	029	mario	3
subcortex_PUT	25.497693818836552	8	mario	03	029	mario	3
subcortex_THA	26.489023859569375	14	mario	03	029	mario	3
cerebellum	26.747324063439063	88	mario	03	029	mario	4
cortex_Cont	31.89235629776601	128	mario	03	029	mario	4
cortex_Default	31.855364018595687	209	mario	03	029	mario	4
cortex_DorsAttn	35.02209710112006	122	mario	03	029	mario	4
cortex_Limbic	15.213922034787505	60	mario	03	029	mario	4
cortex_SalVentAttn	33.44319368342053	121	mario	03	029	mario	4
cortex_SomMot	31.71466175939387	194	mario	03	029	mario	4
cortex_Vis	30.501749093121333	162	mario	03	029	mario	4
subcortex_CAU	22.964546704109317	8	mario	03	029	mario	4
subcortex_PUT	25.34698003520816	8	mario	03	029	mario	4
subcortex_THA	26.018882166796242	14	mario	03	029	mario	4
cerebellum	24.575845550393083	88	mario	03	030	mario	1
cortex_Cont	32.7764242033225	128	mario	03	030	mario	1
cortex_Default	32.01777174612567	209	mario	03	030	mario	1
cortex_DorsAttn	33.642965609036494	122	mario	03	030	mario	1
cortex_Limbic	15.14653761166512	60	mario	03	030	mario	1
cortex_SalVentAttn	33.16346295143632	121	mario	03	030	mario	1
cortex_SomMot	31.107066145964296	194	mario	03	030	mario	1
cortex_Vis	27.672525459659752	162	mario	03	030	mario	1
subcortex_CAU	23.129760507543303	8	mario	03	030	mario	1
subcortex_PUT	24.40234545290092	8	mario	03	030	mario	1
subcortex_THA	24.393049336807138	14	mario	03	030	mario	1
cerebellum	25.06871011129816	88	mario	03	030	mario	2
cortex_Cont	33.06999077623323	128	mario	03	030	mario	2
cortex_Default	32.724261697887584	209	mario	03	030	mario	2
cortex_DorsAttn	34.552743658772016	122	mario	03	030	mario	2
cortex_Limbic	15.472791994449427	60	mario	03	030	mario	2
cortex_SalVentAttn	33.93330485858776	121	mario	03	030	mario	2
cortex_SomMot	32.46995341676519	194	mario	03	030	mario	2
cortex_Vis	28.55140243305076	162	mario	03	030	mario	2
subcortex_CAU	23.714808026716735	8	mario	03	030	mario	2
subcortex_PUT	24.830251801458367	8	mario	03	030	mario	2
subcortex_THA	25.044559005034888	14	mario	03	030	mario	2
cerebellum	24.11083020039514	88	mario	03	030	mario	3
cortex_Cont	31.910211160025028	128	mario	03	030	mario	3
cortex_Default	31.38821593666962	209	mario	03	030	mario	3
cortex_DorsAttn	32.49167180264247	122	mario	03	030	mario	3
cortex_Limbic	15.698148106064716	60	mario	03	030	mario	3
cortex_SalVentAttn	32.876473263055786	121	mario	03	030	mario	3
cortex_SomMot	31.02623897431306	194	mario	03	030	mario	3
cortex_Vis	26.884850300678497	162	mario	03	030	mario	3
subcortex_CAU	23.34781697737569	8	mario	03	030	mario	3
subcortex_PUT	24.484572556789587	8	mario	03	030	mario	3
subcortex_THA	24.6142526569238	14	mario	03	030	mario	3
cerebellum	24.54895884305977	88	mario	05	001	mario	1
cortex_Cont	32.321605394230545	128	mario	05	001	mario	1
cortex_Default	31.762104522250407	209	mario	05	001	mario	1
cortex_DorsAttn	32.59359474348518	122	mario	05	001	mario	1
cortex_Limbic	16.86353719819332	60	mario	05	001	mario	1
cortex_SalVentAttn	32.95711944760101	121	mario	05	001	mario	1
cortex_SomMot	31.420519022003482	194	mario	05	001	mario	1
cortex_Vis	27.152682314715648	162	mario	05	001	mario	1
subcortex_CAU	24.920674186471466	8	mario	05	001	mario	1
subcortex_PUT	23.989062074241104	8	mario	05	001	mario	1
subcortex_THA	25.23889692536888	14	mario	05	001	mario	1
cerebellum	25.105766769702687	88	mario	05	001	mario	2
cortex_Cont	29.809329112608058	128	mario	05	001	mario	2
cortex_Default	29.776401807303024	209	mario	05	001	mario	2
cortex_DorsAttn	30.34502370702832	122	mario	05	001	mario	2
cortex_Limbic	16.52118265017012	60	mario	05	001	mario	2
cortex_SalVentAttn	31.07575257499598	121	mario	05	001	mario	2
cortex_SomMot	29.821432278014893	194	mario	05	001	mario	2
cortex_Vis	26.44860346372467	162	mario	05	001	mario	2
subcortex_CAU	23.998791036589544	8	mario	05	001	mario	2
subcortex_PUT	23.160360660070886	8	mario	05	001	mario	2
subcortex_THA	25.347382336793338	14	mario	05	001	mario	2
cerebellum	27.428098616137888	88	mario	05	001	mario	3
cortex_Cont	33.58950924814264	128	mario	05	001	mario	3
cortex_Default	33.59170381584162	209	mario	05	001	mario	3
cortex_DorsAttn	36.02694961682872	122	mario	05	001	mario	3
cortex_Limbic	16.299201270655818	60	mario	05	001	mario	3
cortex_SalVentAttn	33.70498107344088	121	mario	05	001	mario	3
cortex_SomMot	33.12037467199917	194	mario	05	001	mario	3
cortex_Vis	31.21785253708762	162	mario	05	001	mario	3
subcortex_CAU	24.352818608781376	8	mario	05	001	mario	3
subcortex_PUT	23.71135197890229	8	mario	05	001	mario	3
subcortex_THA	25.520801345775908	14	mario	05	001	mario	3
cerebellum	26.847088326476626	88	mario	05	001	mario	4
cortex_Cont	36.26957025908118	128	mario	05	001	mario	4
cortex_Default	35.29709384362515	209	mario	05	001	mario	4
cortex_DorsAttn	38.119088087024366	122	mario	05	001	mario	4
cortex_Limbic	18.21839588058039	60	mario	05	001	mario	4
cortex_SalVentAttn	36.81765881409259	121	mario	05	001	mario	4
cortex_SomMot	37.346875981026834	194	mario	05	001	mario	4
cortex_Vis	30.700000353582237	162	mario	05	001	mario	4
subcortex_CAU	25.61290361621205	8	mario	05	001	mario	4
subcortex_PUT	24.426803563502304	8	mario	05	001	mario	4
subcortex_THA	26.33984828784946	14	mario	05	001	mario	4
cerebellum	28.026540913831354	88	mario	05	001	mario	5
cortex_Cont	38.34649526381756	128	mario	05	001	mario	5
cortex_Default	37.23157335388655	209	mario	05	001	mario	5
cortex_DorsAttn	40.844293012957664	122	mario	05	001	mario	5
cortex_Limbic	18.42412149619812	60	mario	05	001	mario	5
cortex_SalVentAttn	37.876486491529114	121	mario	05	001	mario	5
cortex_SomMot	38.08079303145362	194	mario	05	001	mario	5
cortex_Vis	33.248171378402205	162	mario	05	001	mario	5
subcortex_CAU	25.406400421932446	8	mario	05	001	mario	5
subcortex_PUT	24.559708436655622	8	mario	05	001	mario	5
subcortex_THA	26.270486288323582	14	mario	05	001	mario	5
cerebellum	26.488576707445453	88	mario	05	002	mario	1
cortex_Cont	35.26160852430156	128	mario	05	002	mario	1
cortex_Default	34.1367469695785	209	mario	05	002	mario	1
cortex_DorsAttn	36.8467555879444	122	mario	05	002	mario	1
cortex_Limbic	17.936487667169732	60	mario	05	002	mario	1
cortex_SalVentAttn	35.70416463839917	121	mario	05	002	mario	1
cortex_SomMot	35.26173414149102	194	mario	05	002	mario	1
cortex_Vis	29.243429005085808	162	mario	05	002	mario	1
subcortex_CAU	24.821952380485648	8	mario	05	002	mario	1
subcortex_PUT	23.98784235156324	8	mario	05	002	mario	1
subcortex_THA	25.931628677932057	14	mario	05	002	mario	1
cerebellum	29.651747611146746	88	mario	05	002	mario	2
cortex_Cont	36.48379197254243	128	mario	05	002	mario	2
cortex_Default	36.216434818329226	209	mario	05	002	mario	2
cortex_DorsAttn	39.59001512035246	122	mario	05	002	mario	2
cortex_Limbic	17.944877958276354	60	mario	05	002	mario	2
cortex_SalVentAttn	36.449490507182155	121	mario	05	002	mario	2
cortex_SomMot	36.24454885977003	194	mario	05	002	mario	2
cortex_Vis	35.03046730932777	162	mario	05	002	mario	2
subcortex_CAU	24.386222598435566	8	mario	05	002	mario	2
subcortex_PUT	23.892901849329395	8	mario	05	002	mario	2
subcortex_THA	25.493689716426193	14	mario	05	002	mario	2
cerebellum	27.71738758185902	88	mario	05	002	mario	3
cortex_Cont	39.626688424754896	128	mario	05	002	mario	3
cortex_Default	37.977424490664674	209	mario	05	002	mario	3
cortex_DorsAttn	40.148566307938864	122	mario	05	002	mario	3
cortex_Limbic	19.678796336915013	60	mario	05	002	mario	3
cortex_SalVentAttn	39.15788167601059	121	mario	05	002	mario	3
cortex_SomMot	39.47885555902521	194	mario	05	002	mario	3
cortex_Vis	32.55508729712889	162	mario	05	002	mario	3
subcortex_CAU	25.949989419638932	8	mario	05	002	mario	3
subcortex_PUT	24.693580656933374	8	mario	05	002	mario	3
subcortex_THA	26.242346594966513	14	mario	05	002	mario	3
cerebellum	24.04752253576243	88	mario	05	003	mario	1
cortex_Cont	31.55150183080751	128	mario	05	003	mario	1
cortex_Default	31.095363694006355	209	mario	05	003	mario	1
cortex_DorsAttn	32.754796489067004	122	mario	05	003	mario	1
cortex_Limbic	16.91981431119157	60	mario	05	003	mario	1
cortex_SalVentAttn	32.60480925562558	121	mario	05	003	mario	1
cortex_SomMot	31.81090551294113	194	mario	05	003	mario	1
cortex_Vis	27.05387270460997	162	mario	05	003	mario	1
subcortex_CAU	24.540345684278208	8	mario	05	003	mario	1
subcortex_PUT	24.552597680882247	8	mario	05	003	mario	1
subcortex_THA	25.286063514268353	14	mario	05	003	mario	1
cerebellum	28.408982393698754	88	mario	05	003	mario	2
cortex_Cont	39.03082091390499	128	mario	05	003	mario	2
cortex_Default	37.75867231743231	209	mario	05	003	mario	2
cortex_DorsAttn	41.45322081155668	122	mario	05	003	mario	2
cortex_Limbic	19.003276877578788	60	mario	05	003	mario	2
cortex_SalVentAttn	37.652750013884365	121	mario	05	003	mario	2
cortex_SomMot	38.79265721800828	194	mario	05	003	mario	2
cortex_Vis	33.9946730046969	162	mario	05	003	mario	2
subcortex_CAU	26.26553719739209	8	mario	05	003	mario	2
subcortex_PUT	25.072309992464806	8	mario	05	003	mario	2
subcortex_THA	26.19477932857482	14	mario	05	003	mario	2
cerebellum	26.660433327344478	88	mario	05	003	mario	3
cortex_Cont	35.10158077403915	128	mario	05	003	mario	3
cortex_Default	34.71435926115474	209	mario	05	003	mario	3
cortex_DorsAttn	38.30252415157808	122	mario	05	003	mario	3
cortex_Limbic	17.127896092916476	60	mario	05	003	mario	3
cortex_SalVentAttn	34.7469310770741	121	mario	05	003	mario	3
cortex_SomMot	35.223519606461664	194	mario	05	003	mario	3
cortex_Vis	31.33429734938274	162	mario	05	003	mario	3
subcortex_CAU	25.007905603469105	8	mario	05	003	mario	3
subcortex_PUT	24.34921048955836	8	mario	05	003	mario	3
subcortex_THA	25.273955664873423	14	mario	05	003	mario	3
cerebellum	27.718753714523107	88	mario	05	003	mario	4
cortex_Cont	36.92947596497099	128	mario	05	003	mario	4
cortex_Default	36.243262687925444	209	mario	05	003	mario	4
cortex_DorsAttn	40.303066968459305	122	mario	05	003	mario	4
cortex_Limbic	17.7381388330278	60	mario	05	003	mario	4
cortex_SalVentAttn	36.1813246756012	121	mario	05	003	mario	4
cortex_SomMot	35.94263937392108	194	mario	05	003	mario	4
cortex_Vis	34.23939814195281	162	mario	05	003	mario	4
subcortex_CAU	25.198730481629912	8	mario	05	003	mario	4
subcortex_PUT	24.477046182097638	8	mario	05	003	mario	4
subcortex_THA	25.358824594999714	14	mario	05	003	mario	4
cerebellum	24.4921318793508	88	mario	05	004	mario	1
cortex_Cont	33.85667877768443	128	mario	05	004	mario	1
cortex_Default	33.23291715997658	209	mario	05	004	mario	1
cortex_DorsAttn	33.78514352307963	122	mario	05	004	mario	1
cortex_Limbic	17.609818651604186	60	mario	05	004	mario	1
cortex_SalVentAttn	34.40538672963268	121	mario	05	004	mario	1
cortex_SomMot	32.50492308298661	194	mario	05	004	mario	1
cortex_Vis	27.718168070619587	162	mario	05	004	mario	1
subcortex_CAU	24.558413261180362	8	mario	05	004	mario	1
subcortex_PUT	24.104760397866418	8	mario	05	004	mario	1
subcortex_THA	25.25138597894028	14	mario	05	004	mario	1
cerebellum	28.023733940601893	88	mario	05	004	mario	2
cortex_Cont	39.68468531340946	128	mario	05	004	mario	2
cortex_Default	38.14576513587391	209	mario	05	004	mario	2
cortex_DorsAttn	40.92622813756459	122	mario	05	004	mario	2
cortex_Limbic	19.58009727062885	60	mario	05	004	mario	2
cortex_SalVentAttn	38.005644314196175	121	mario	05	004	mario	2
cortex_SomMot	38.95014062031747	194	mario	05	004	mario	2
cortex_Vis	32.73570359003266	162	mario	05	004	mario	2
subcortex_CAU	25.05374534142647	8	mario	05	004	mario	2
subcortex_PUT	24.047875821814518	8	mario	05	004	mario	2
subcortex_THA	25.96033736668429	14	mario	05	004	mario	2
cerebellum	26.6612688771159	88	mario	05	004	mario	3
cortex_Cont	36.82808257402962	128	mario	05	004	mario	3
cortex_Default	35.9344585818138	209	mario	05	004	mario	3
cortex_DorsAttn	38.03185562892002	122	mario	05	004	mario	3
cortex_Limbic	18.211927351903814	60	mario	05	004	mario	3
cortex_SalVentAttn	36.079991585811555	121	mario	05	004	mario	3
cortex_SomMot	37.111136346346505	194	mario	05	004	mario	3
cortex_Vis	30.673093331608904	162	mario	05	004	mario	3
subcortex_CAU	25.451208943737377	8	mario	05	004	mario	3
subcortex_PUT	24.36811528087572	8	mario	05	004	mario	3
subcortex_THA	25.56901624215427	14	mario	05	004	mario	3
cerebellum	29.241463266200252	88	mario	05	004	mario	4
cortex_Cont	38.06067324547156	128	mario	05	004	mario	4
cortex_Default	36.98971974251392	209	mario	05	004	mario	4
cortex_DorsAttn	41.898284480651654	122	mario	05	004	mario	4
cortex_Limbic	18.439346097594285	60	mario	05	004	mario	4
cortex_SalVentAttn	37.31399365596166	121	mario	05	004	mario	4
cortex_SomMot	38.20811180936176	194	mario	05	004	mario	4
cortex_Vis	34.10505820336515	162	mario	05	004	mario	4
subcortex_CAU	24.488445842457097	8	mario	05	004	mario	4
subcortex_PUT	23.93649849909067	8	mario	05	004	mario	4
subcortex_THA	25.857153518340144	14	mario	05	004	mario	4
cerebellum	26.715190659415885	88	mario	05	005	mario	1
cortex_Cont	37.496696393010176	128	mario	05	005	mario	1
cortex_Default	36.08033048733031	209	mario	05	005	mario	1
cortex_DorsAttn	38.376696981100885	122	mario	05	005	mario	1
cortex_Limbic	18.416210873235464	60	mario	05	005	mario	1
cortex_SalVentAttn	37.01253388094526	121	mario	05	005	mario	1
cortex_SomMot	37.35107841803371	194	mario	05	005	mario	1
cortex_Vis	30.49195852259193	162	mario	05	005	mario	1
subcortex_CAU	25.317897311613173	8	mario	05	005	mario	1
subcortex_PUT	24.459651906060778	8	mario	05	005	mario	1
subcortex_THA	26.132550215548964	14	mario	05	005	mario	1
cerebellum	28.762301824052646	88	mario	05	005	mario	2
cortex_Cont	39.2243672847145	128	mario	05	005	mario	2
cortex_Default	37.80654835342261	209	mario	05	005	mario	2
cortex_DorsAttn	39.68978517303106	122	mario	05	005	mario	2
cortex_Limbic	19.632670584765023	60	mario	05	005	mario	2
cortex_SalVentAttn	38.21704934074838	121	mario	05	005	mario	2
cortex_SomMot	38.36811040098282	194	mario	05	005	mario	2
cortex_Vis	32.13259159626963	162	mario	05	005	mario	2
subcortex_CAU	25.947187426004305	8	mario	05	005	mario	2
subcortex_PUT	24.86686874903455	8	mario	05	005	mario	2
subcortex_THA	26.353928514088132	14	mario	05	005	mario	2
cerebellum	30.66209591769962	88	mario	05	005	mario	3
cortex_Cont	42.20207224638199	128	mario	05	005	mario	3
cortex_Default	40.59802406250789	209	mario	05	005	mario	3
cortex_DorsAttn	42.98700716877883	122	mario	05	005	mario	3
cortex_Limbic	20.1981504943225	60	mario	05	005	mario	3
cortex_SalVentAttn	39.64004907748894	121	mario	05	005	mario	3
cortex_SomMot	41.153733440408686	194	mario	05	005	mario	3
cortex_Vis	35.019418218081746	162	mario	05	005	mario	3
subcortex_CAU	26.063813073327246	8	mario	05	005	mario	3
subcortex_PUT	24.92920516369144	8	mario	05	005	mario	3
subcortex_THA	26.4859417429934	14	mario	05	005	mario	3
cerebellum	29.301676437834374	88	mario	05	005	mario	4
cortex_Cont	38.37283808936011	128	mario	05	005	mario	4
cortex_Default	36.67064512987618	209	mario	05	005	mario	4
cortex_DorsAttn	41.12779881657361	122	mario	05	005	mario	4
cortex_Limbic	17.658894625269888	60	mario	05	005	mario	4
cortex_SalVentAttn	37.113920248696225	121	mario	05	005	mario	4
cortex_SomMot	36.990086081021545	194	mario	05	005	mario	4
cortex_Vis	34.577686400857274	162	mario	05	005	mario	4
subcortex_CAU	25.16573299450821	8	mario	05	005	mario	4
subcortex_PUT	24.636600243884576	8	mario	05	005	mario	4
subcortex_THA	25.87730311105368	14	mario	05	005	mario	4
cerebellum	27.232024269041627	88	mario	05	006	mario	1
cortex_Cont	35.95772793137827	128	mario	05	006	mario	1
cortex_Default	35.38553374640043	209	mario	05	006	mario	1
cortex_DorsAttn	37.65157976198828	122	mario	05	006	mario	1
cortex_Limbic	17.907013896154385	60	mario	05	006	mario	1
cortex_SalVentAttn	36.40205915434136	121	mario	05	006	mario	1
cortex_SomMot	35.393880676668125	194	mario	05	006	mario	1
cortex_Vis	31.900198309493163	162	mario	05	006	mario	1
subcortex_CAU	25.03930523199977	8	mario	05	006	mario	1
subcortex_PUT	24.966616412731423	8	mario	05	006	mario	1
subcortex_THA	26.0895634892542	14	mario	05	006	mario	1
cerebellum	26.41601225197314	88	mario	05	006	mario	2
cortex_Cont	35.813562090753585	128	mario	05	006	mario	2
cortex_Default	35.066435817828925	209	mario	05	006	mario	2
cortex_DorsAttn	36.61740877499605	122	mario	05	006	mario	2
cortex_Limbic	18.463808308831386	60	mario	05	006	mario	2
cortex_SalVentAttn	36.03856575813019	121	mario	05	006	mario	2
cortex_SomMot	35.45043520481555	194	mario	05	006	mario	2
cortex_Vis	29.969419355439765	162	mario	05	006	mario	2
subcortex_CAU	25.341471683932916	8	mario	05	006	mario	2
subcortex_PUT	24.741189403381824	8	mario	05	006	mario	2
subcortex_THA	26.015573236714406	14	mario	05	006	mario	2
cerebellum	26.703124742684313	88	mario	05	006	mario	3
cortex_Cont	35.09519325385971	128	mario	05	006	mario	3
cortex_Default	34.4251081000341	209	mario	05	006	mario	3
cortex_DorsAttn	36.078151662300364	122	mario	05	006	mario	3
cortex_Limbic	18.396513615647116	60	mario	05	006	mario	3
cortex_SalVentAttn	35.60681585546679	121	mario	05	006	mario	3
cortex_SomMot	34.69670707324975	194	mario	05	006	mario	3
cortex_Vis	29.996601883833705	162	mario	05	006	mario	3
subcortex_CAU	25.260085064765477	8	mario	05	006	mario	3
subcortex_PUT	24.56532206495224	8	mario	05	006	mario	3
subcortex_THA	26.039442388707833	14	mario	05	006	mario	3
cerebellum	27.187104882870027	88	mario	05	006	mario	4
cortex_Cont	39.08284545378382	128	mario	05	006	mario	4
cortex_Default	37.43543351902994	209	mario	05	006	mario	4
cortex_DorsAttn	40.60865444618461	122	mario	05	006	mario	4
cortex_Limbic	18.80317785594152	60	mario	05	006	mario	4
cortex_SalVentAttn	37.726202208543214	121	mario	05	006	mario	4
cortex_SomMot	38.28165326088672	194	mario	05	006	mario	4
cortex_Vis	32.604836464044745	162	mario	05	006	mario	4
subcortex_CAU	25.251145440239636	8	mario	05	006	mario	4
subcortex_PUT	24.85448009018222	8	mario	05	006	mario	4
subcortex_THA	25.989081185453554	14	mario	05	006	mario	4
cerebellum	24.115384321601883	88	mario	05	007	mario	1
cortex_Cont	31.670397430550562	128	mario	05	007	mario	1
cortex_Default	31.252427027935138	209	mario	05	007	mario	1
cortex_DorsAttn	32.166538440957474	122	mario	05	007	mario	1
cortex_Limbic	16.005159476950244	60	mario	05	007	mario	1
cortex_SalVentAttn	32.73075305585626	121	mario	05	007	mario	1
cortex_SomMot	30.626715739012557	194	mario	05	007	mario	1
cortex_Vis	26.794455804971	162	mario	05	007	mario	1
subcortex_CAU	24.332614512888043	8	mario	05	007	mario	1
subcortex_PUT	23.809336635428856	8	mario	05	007	mario	1
subcortex_THA	24.41292234010756	14	mario	05	007	mario	1
cerebellum	27.488003573561368	88	mario	05	007	mario	2
cortex_Cont	32.606562229377225	128	mario	05	007	mario	2
cortex_Default	32.099364104261554	209	mario	05	007	mario	2
cortex_DorsAttn	35.57962819551144	122	mario	05	007	mario	2
cortex_Limbic	15.52482182898516	60	mario	05	007	mario	2
cortex_SalVentAttn	32.65732805255262	121	mario	05	007	mario	2
cortex_SomMot	31.32938737763975	194	mario	05	007	mario	2
cortex_Vis	32.57042410876264	162	mario	05	007	mario	2
subcortex_CAU	22.698524274384898	8	mario	05	007	mario	2
subcortex_PUT	23.039133915784543	8	mario	05	007	mario	2
subcortex_THA	24.079408449532817	14	mario	05	007	mario	2
cerebellum	26.90699227443595	88	mario	05	007	mario	3
cortex_Cont	32.9549728677495	128	mario	05	007	mario	3
cortex_Default	32.20927246574892	209	mario	05	007	mario	3
cortex_DorsAttn	36.38451321623632	122	mario	05	007	mario	3
cortex_Limbic	16.073438193512764	60	mario	05	007	mario	3
cortex_SalVentAttn	32.83815822654565	121	mario	05	007	mario	3
cortex_SomMot	32.08621771207605	194	mario	05	007	mario	3
cortex_Vis	31.682403750856114	162	mario	05	007	mario	3
subcortex_CAU	23.236131513399897	8	mario	05	007	mario	3
subcortex_PUT	23.13421025223098	8	mario	05	007	mario	3
subcortex_THA	24.420751798488897	14	mario	05	007	mario	3
cerebellum	24.779869447518227	88	mario	05	007	mario	4
cortex_Cont	31.010524967494597	128	mario	05	007	mario	4
cortex_Default	30.407507364804818	209	mario	05	007	mario	4
cortex_DorsAttn	33.10698752752414	122	mario	05	007	mario	4
cortex_Limbic	15.264302897643663	60	mario	05	007	mario	4
cortex_SalVentAttn	31.007146630304565	121	mario	05	007	mario	4
cortex_SomMot	28.945329318556613	194	mario	05	007	mario	4
cortex_Vis	29.788125155442	162	mario	05	007	mario	4
subcortex_CAU	22.41923325556518	8	mario	05	007	mario	4
subcortex_PUT	22.476267567771085	8	mario	05	007	mario	4
subcortex_THA	23.58299879385695	14	mario	05	007	mario	4
cerebellum	27.304402989533113	88	mario	05	007	mario	5
cortex_Cont	36.84230829559955	128	mario	05	007	mario	5
cortex_Default	35.992330600782594	209	mario	05	007	mario	5
cortex_DorsAttn	39.09130442944237	122	mario	05	007	mario	5
cortex_Limbic	17.763591516928134	60	mario	05	007	mario	5
cortex_SalVentAttn	35.85625810519718	121	mario	05	007	mario	5
cortex_SomMot	35.609005357172194	194	mario	05	007	mario	5
cortex_Vis	32.32952245169724	162	mario	05	007	mario	5
subcortex_CAU	24.84920951492113	8	mario	05	007	mario	5
subcortex_PUT	23.46125884726934	8	mario	05	007	mario	5
subcortex_THA	25.288388480655037	14	mario	05	007	mario	5
cerebellum	29.799756887084524	88	mario	05	008	mario	1
cortex_Cont	39.16249582978135	128	mario	05	008	mario	1
cortex_Default	37.34631750896716	209	mario	05	008	mario	1
cortex_DorsAttn	42.137302515927	122	mario	05	008	mario	1
cortex_Limbic	18.398747949254805	60	mario	05	008	mario	1
cortex_SalVentAttn	38.56232349487064	121	mario	05	008	mario	1
cortex_SomMot	39.61210495566528	194	mario	05	008	mario	1
cortex_Vis	33.62230185081012	162	mario	05	008	mario	1
subcortex_CAU	24.802700230057386	8	mario	05	008	mario	1
subcortex_PUT	24.121076033815427	8	mario	05	008	mario	1
subcortex_THA	26.39194893007405	14	mario	05	008	mario	1
cerebellum	31.052676132535396	88	mario	05	008	mario	2
cortex_Cont	40.567673708250524	128	mario	05	008	mario	2
cortex_Default	39.01663364470633	209	mario	05	008	mario	2
cortex_DorsAttn	42.87275604638252	122	mario	05	008	mario	2
cortex_Limbic	18.909035090816023	60	mario	05	008	mario	2
cortex_SalVentAttn	39.048462823330446	121	mario	05	008	mario	2
cortex_SomMot	40.47586198380217	194	mario	05	008	mario	2
cortex_Vis	35.94392253006578	162	mario	05	008	mario	2
subcortex_CAU	25.271949845777407	8	mario	05	008	mario	2
subcortex_PUT	24.3100734181665	8	mario	05	008	mario	2
subcortex_THA	26.600019156216376	14	mario	05	008	mario	2
cerebellum	26.977266400456298	88	mario	05	009	mario	1
cortex_Cont	33.94714372831918	128	mario	05	009	mario	1
cortex_Default	33.50106106754756	209	mario	05	009	mario	1
cortex_DorsAttn	36.28185436988843	122	mario	05	009	mario	1
cortex_Limbic	16.775725563083395	60	mario	05	009	mario	1
cortex_SalVentAttn	33.978622077869474	121	mario	05	009	mario	1
cortex_SomMot	33.35299344039353	194	mario	05	009	mario	1
cortex_Vis	31.33665078725393	162	mario	05	009	mario	1
subcortex_CAU	23.947080743256947	8	mario	05	009	mario	1
subcortex_PUT	23.437667887045446	8	mario	05	009	mario	1
subcortex_THA	24.56942014135763	14	mario	05	009	mario	1
cerebellum	28.21080167904017	88	mario	05	009	mario	2
cortex_Cont	37.31874686506813	128	mario	05	009	mario	2
cortex_Default	36.079961868410926	209	mario	05	009	mario	2
cortex_DorsAttn	40.4876445107425	122	mario	05	009	mario	2
cortex_Limbic	18.12093429141852	60	mario	05	009	mario	2
cortex_SalVentAttn	37.27533475646735	121	mario	05	009	mario	2
cortex_SomMot	37.83619075241973	194	mario	05	009	mario	2
cortex_Vis	33.418585312823495	162	mario	05	009	mario	2
subcortex_CAU	25.151997926507214	8	mario	05	009	mario	2
subcortex_PUT	23.81050870021058	8	mario	05	009	mario	2
subcortex_THA	25.788221867215025	14	mario	05	009	mario	2
cerebellum	28.0185555407665	88	mario	05	009	mario	3
cortex_Cont	35.068411796296	128	mario	05	009	mario	3
cortex_Default	34.2331545463758	209	mario	05	009	mario	3
cortex_DorsAttn	38.85994676689129	122	mario	05	009	mario	3
cortex_Limbic	17.383583551514576	60	mario	05	009	mario	3
cortex_SalVentAttn	35.42460708168595	121	mario	05	009	mario	3
cortex_SomMot	35.502199028194006	194	mario	05	009	mario	3
cortex_Vis	31.882150538519426	162	mario	05	009	mario	3
subcortex_CAU	25.311655583102063	8	mario	05	009	mario	3
subcortex_PUT	23.957593474680298	8	mario	05	009	mario	3
subcortex_THA	25.822078712936904	14	mario	05	009	mario	3
cerebellum	28.1816104121148	88	mario	05	009	mario	4
cortex_Cont	38.45936971947966	128	mario	05	009	mario	4
cortex_Default	37.043836243631475	209	mario	05	009	mario	4
cortex_DorsAttn	40.931657267445026	122	mario	05	009	mario	4
cortex_Limbic	18.415718616805712	60	mario	05	009	mario	4
cortex_SalVentAttn	38.085595176461304	121	mario	05	009	mario	4
cortex_SomMot	38.501749819720544	194	mario	05	009	mario	4
cortex_Vis	33.58966630340369	162	mario	05	009	mario	4
subcortex_CAU	25.243900084075612	8	mario	05	009	mario	4
subcortex_PUT	23.845950655907785	8	mario	05	009	mario	4
subcortex_THA	25.67827218344089	14	mario	05	009	mario	4
cerebellum	23.555395377211834	88	mario	05	009	mario	5
cortex_Cont	28.162647020237756	128	mario	05	009	mario	5
cortex_Default	28.295049340251772	209	mario	05	009	mario	5
cortex_DorsAttn	29.268397105827482	122	mario	05	009	mario	5
cortex_Limbic	15.850991828264892	60	mario	05	009	mario	5
cortex_SalVentAttn	29.86843320996826	121	mario	05	009	mario	5
cortex_SomMot	28.26359946940232	194	mario	05	009	mario	5
cortex_Vis	26.43371141514176	162	mario	05	009	mario	5
subcortex_CAU	23.576494908824362	8	mario	05	009	mario	5
subcortex_PUT	22.667601222648592	8	mario	05	009	mario	5
subcortex_THA	24.207197061925903	14	mario	05	009	mario	5
cerebellum	27.975522729855587	88	mario	05	010	mario	1
cortex_Cont	39.550259921701176	128	mario	05	010	mario	1
cortex_Default	37.917890459313185	209	mario	05	010	mario	1
cortex_DorsAttn	41.56434299709179	122	mario	05	010	mario	1
cortex_Limbic	18.60188555545143	60	mario	05	010	mario	1
cortex_SalVentAttn	38.17103515577626	121	mario	05	010	mario	1
cortex_SomMot	39.071884624229654	194	mario	05	010	mario	1
cortex_Vis	32.67330117751189	162	mario	05	010	mario	1
subcortex_CAU	26.006512948059534	8	mario	05	010	mario	1
subcortex_PUT	24.67880901247873	8	mario	05	010	mario	1
subcortex_THA	25.86562395182745	14	mario	05	010	mario	1
cerebellum	28.957565380147113	88	mario	05	010	mario	2
cortex_Cont	38.24545713232405	128	mario	05	010	mario	2
cortex_Default	36.853841537626785	209	mario	05	010	mario	2
cortex_DorsAttn	40.49561656010135	122	mario	05	010	mario	2
cortex_Limbic	18.139125295321932	60	mario	05	010	mario	2
cortex_SalVentAttn	37.438133757064485	121	mario	05	010	mario	2
cortex_SomMot	38.13956155308753	194	mario	05	010	mario	2
cortex_Vis	33.409294647522664	162	mario	05	010	mario	2
subcortex_CAU	25.07121207096646	8	mario	05	010	mario	2
subcortex_PUT	24.258469477131317	8	mario	05	010	mario	2
subcortex_THA	25.67044051909479	14	mario	05	010	mario	2
cerebellum	27.74772638829519	88	mario	05	010	mario	3
cortex_Cont	38.568594062364724	128	mario	05	010	mario	3
cortex_Default	36.88070246808877	209	mario	05	010	mario	3
cortex_DorsAttn	42.31673514485445	122	mario	05	010	mario	3
cortex_Limbic	17.879871948016664	60	mario	05	010	mario	3
cortex_SalVentAttn	37.90716921396074	121	mario	05	010	mario	3
cortex_SomMot	38.86413296469035	194	mario	05	010	mario	3
cortex_Vis	33.80902562834254	162	mario	05	010	mario	3
subcortex_CAU	25.621467782107686	8	mario	05	010	mario	3
subcortex_PUT	24.530240371183886	8	mario	05	010	mario	3
subcortex_THA	25.584092708534474	14	mario	05	010	mario	3
cerebellum	28.094932195930834	88	mario	05	010	mario	4
cortex_Cont	35.56072981422507	128	mario	05	010	mario	4
cortex_Default	34.55123059453971	209	mario	05	010	mario	4
cortex_DorsAttn	39.109326056864404	122	mario	05	010	mario	4
cortex_Limbic	17.255315270268557	60	mario	05	010	mario	4
cortex_SalVentAttn	35.766460138407005	121	mario	05	010	mario	4
cortex_SomMot	35.992667398984025	194	mario	05	010	mario	4
cortex_Vis	31.566175725782582	162	mario	05	010	mario	4
subcortex_CAU	24.02262167032457	8	mario	05	010	mario	4
subcortex_PUT	23.544449246376075	8	mario	05	010	mario	4
subcortex_THA	25.543834106617517	14	mario	05	010	mario	4
cerebellum	24.69790438318233	88	mario	05	010	mario	5
cortex_Cont	32.18487616766155	128	mario	05	010	mario	5
cortex_Default	31.962795229355763	209	mario	05	010	mario	5
cortex_DorsAttn	33.702151074385995	122	mario	05	010	mario	5
cortex_Limbic	15.851639301314323	60	mario	05	010	mario	5
cortex_SalVentAttn	33.65673814333887	121	mario	05	010	mario	5
cortex_SomMot	32.61291737049636	194	mario	05	010	mario	5
cortex_Vis	28.087994272299714	162	mario	05	010	mario	5
subcortex_CAU	22.984612104033538	8	mario	05	010	mario	5
subcortex_PUT	23.081814812114768	8	mario	05	010	mario	5
subcortex_THA	24.521757897097586	14	mario	05	010	mario	5
cerebellum	27.783669233665762	88	mario	05	011	mario	1
cortex_Cont	35.4042797647062	128	mario	05	011	mario	1
cortex_Default	34.903535531607	209	mario	05	011	mario	1
cortex_DorsAttn	37.62227853421724	122	mario	05	011	mario	1
cortex_Limbic	17.56983214173265	60	mario	05	011	mario	1
cortex_SalVentAttn	35.31865988136628	121	mario	05	011	mario	1
cortex_SomMot	34.381225885407005	194	mario	05	011	mario	1
cortex_Vis	32.236114744038844	162	mario	05	011	mario	1
subcortex_CAU	24.991434740893773	8	mario	05	011	mario	1
subcortex_PUT	24.384843870857473	8	mario	05	011	mario	1
subcortex_THA	25.600048632583196	14	mario	05	011	mario	1
cerebellum	26.602258904614814	88	mario	05	011	mario	2
cortex_Cont	36.18968669042123	128	mario	05	011	mario	2
cortex_Default	34.837847288568376	209	mario	05	011	mario	2
cortex_DorsAttn	36.15476333778001	122	mario	05	011	mario	2
cortex_Limbic	18.756118589688292	60	mario	05	011	mario	2
cortex_SalVentAttn	36.66955173239426	121	mario	05	011	mario	2
cortex_SomMot	35.747316376396725	194	mario	05	011	mario	2
cortex_Vis	30.091333159338262	162	mario	05	011	mario	2
subcortex_CAU	26.233163361429497	8	mario	05	011	mario	2
subcortex_PUT	25.03976856604622	8	mario	05	011	mario	2
subcortex_THA	25.97446604178599	14	mario	05	011	mario	2
cerebellum	26.536302291851033	88	mario	05	011	mario	3
cortex_Cont	37.17853348665364	128	mario	05	011	mario	3
cortex_Default	35.94416176391123	209	mario	05	011	mario	3
cortex_DorsAttn	37.77696854490032	122	mario	05	011	mario	3
cortex_Limbic	18.920342466000992	60	mario	05	011	mario	3
cortex_SalVentAttn	37.173305816424886	121	mario	05	011	mario	3
cortex_SomMot	37.244665578000145	194	mario	05	011	mario	3
cortex_Vis	30.551624620073692	162	mario	05	011	mario	3
subcortex_CAU	26.02842001122422	8	mario	05	011	mario	3
subcortex_PUT	25.04430530424851	8	mario	05	011	mario	3
subcortex_THA	25.692238009483045	14	mario	05	011	mario	3
cerebellum	28.583323732305665	88	mario	05	011	mario	4
cortex_Cont	40.27643136578201	128	mario	05	011	mario	4
cortex_Default	38.363948862802566	209	mario	05	011	mario	4
cortex_DorsAttn	41.308483283371146	122	mario	05	011	mario	4
cortex_Limbic	19.296597183558692	60	mario	05	011	mario	4
cortex_SalVentAttn	38.73767863055591	121	mario	05	011	mario	4
cortex_SomMot	39.49762636331451	194	mario	05	011	mario	4
cortex_Vis	33.280364668153396	162	mario	05	011	mario	4
subcortex_CAU	26.299279775017016	8	mario	05	011	mario	4
subcortex_PUT	25.05815827499318	8	mario	05	011	mario	4
subcortex_THA	25.762423091063454	14	mario	05	011	mario	4
cerebellum	31.41790221495018	88	mario	05	012	mario	1
cortex_Cont	43.82942062096123	128	mario	05	012	mario	1
cortex_Default	40.45725065079488	209	mario	05	012	mario	1
cortex_DorsAttn	46.151306731884716	122	mario	05	012	mario	1
cortex_Limbic	20.425871893705345	60	mario	05	012	mario	1
cortex_SalVentAttn	41.4841999517439	121	mario	05	012	mario	1
cortex_SomMot	43.40221957764214	194	mario	05	012	mario	1
cortex_Vis	37.05715505485902	162	mario	05	012	mario	1
subcortex_CAU	25.768182364410563	8	mario	05	012	mario	1
subcortex_PUT	24.2152213095274	8	mario	05	012	mario	1
subcortex_THA	26.5178030115124	14	mario	05	012	mario	1
cerebellum	29.550042709316514	88	mario	05	012	mario	2
cortex_Cont	39.71111006088064	128	mario	05	012	mario	2
cortex_Default	37.81776901921098	209	mario	05	012	mario	2
cortex_DorsAttn	42.2015898834528	122	mario	05	012	mario	2
cortex_Limbic	19.288555002510744	60	mario	05	012	mario	2
cortex_SalVentAttn	38.193544448333476	121	mario	05	012	mario	2
cortex_SomMot	38.67060794138412	194	mario	05	012	mario	2
cortex_Vis	34.91897386615931	162	mario	05	012	mario	2
subcortex_CAU	25.80702163540014	8	mario	05	012	mario	2
subcortex_PUT	24.28296175709484	8	mario	05	012	mario	2
subcortex_THA	26.062568278887035	14	mario	05	012	mario	2
cerebellum	29.026273909566502	88	mario	05	012	mario	3
cortex_Cont	35.91788784403549	128	mario	05	012	mario	3
cortex_Default	35.6260299727862	209	mario	05	012	mario	3
cortex_DorsAttn	38.36229995634743	122	mario	05	012	mario	3
cortex_Limbic	18.026133448445286	60	mario	05	012	mario	3
cortex_SalVentAttn	36.14705091848212	121	mario	05	012	mario	3
cortex_SomMot	35.808094059870506	194	mario	05	012	mario	3
cortex_Vis	33.94409002424251	162	mario	05	012	mario	3
subcortex_CAU	25.166701480862727	8	mario	05	012	mario	3
subcortex_PUT	24.10878250183753	8	mario	05	012	mario	3
subcortex_THA	26.05371492263041	14	mario	05	012	mario	3
cerebellum	25.641918365638183	88	mario	05	013	mario	1
cortex_Cont	35.31541187847467	128	mario	05	013	mario	1
cortex_Default	34.374666655471266	209	mario	05	013	mario	1
cortex_DorsAttn	35.442562366201244	122	mario	05	013	mario	1
cortex_Limbic	18.28466257335433	60	mario	05	013	mario	1
cortex_SalVentAttn	35.75499097984311	121	mario	05	013	mario	1
cortex_SomMot	34.1189579084318	194	mario	05	013	mario	1
cortex_Vis	28.989004470806147	162	mario	05	013	mario	1
subcortex_CAU	26.542318792498587	8	mario	05	013	mario	1
subcortex_PUT	25.211704357631323	8	mario	05	013	mario	1
subcortex_THA	25.399391980411224	14	mario	05	013	mario	1
cerebellum	27.268830306207665	88	mario	05	013	mario	2
cortex_Cont	36.55072214500541	128	mario	05	013	mario	2
cortex_Default	35.12658126149239	209	mario	05	013	mario	2
cortex_DorsAttn	37.400060174314476	122	mario	05	013	mario	2
cortex_Limbic	17.63838986347187	60	mario	05	013	mario	2
cortex_SalVentAttn	36.061774126862815	121	mario	05	013	mario	2
cortex_SomMot	35.577335581052104	194	mario	05	013	mario	2
cortex_Vis	31.10417752246494	162	mario	05	013	mario	2
subcortex_CAU	25.471319191176406	8	mario	05	013	mario	2
subcortex_PUT	24.12606884389217	8	mario	05	013	mario	2
subcortex_THA	25.564557460869764	14	mario	05	013	mario	2
cerebellum	28.789074337780427	88	mario	05	013	mario	3
cortex_Cont	40.853119543584	128	mario	05	013	mario	3
cortex_Default	38.953139457191185	209	mario	05	013	mario	3
cortex_DorsAttn	42.36229191604791	122	mario	05	013	mario	3
cortex_Limbic	19.941236386626848	60	mario	05	013	mario	3
cortex_SalVentAttn	39.051412183512035	121	mario	05	013	mario	3
cortex_SomMot	40.35733786129238	194	mario	05	013	mario	3
cortex_Vis	33.25815698540378	162	mario	05	013	mario	3
subcortex_CAU	27.059025341622778	8	mario	05	013	mario	3
subcortex_PUT	25.006018916293634	8	mario	05	013	mario	3
subcortex_THA	26.15164881604324	14	mario	05	013	mario	3
cerebellum	30.125576551935602	88	mario	05	013	mario	4
cortex_Cont	40.78287534487546	128	mario	05	013	mario	4
cortex_Default	38.958007004922365	209	mario	05	013	mario	4
cortex_DorsAttn	43.57852235204023	122	mario	05	013	mario	4
cortex_Limbic	19.106690153340786	60	mario	05	013	mario	4
cortex_SalVentAttn	39.39113592514369	121	mario	05	013	mario	4
cortex_SomMot	40.23696635616385	194	mario	05	013	mario	4
cortex_Vis	34.93892747543678	162	mario	05	013	mario	4
subcortex_CAU	26.181827924107814	8	mario	05	013	mario	4
subcortex_PUT	24.395427757325226	8	mario	05	013	mario	4
subcortex_THA	26.21514238408531	14	mario	05	013	mario	4
cerebellum	29.91286919090375	88	mario	05	013	mario	5
cortex_Cont	40.619954416966095	128	mario	05	013	mario	5
cortex_Default	39.08390733719783	209	mario	05	013	mario	5
cortex_DorsAttn	43.13637525908834	122	mario	05	013	mario	5
cortex_Limbic	19.206373315307403	60	mario	05	013	mario	5
cortex_SalVentAttn	39.12158416737581	121	mario	05	013	mario	5
cortex_SomMot	40.533595976203046	194	mario	05	013	mario	5
cortex_Vis	34.20396774417346	162	mario	05	013	mario	5
subcortex_CAU	26.097348309693974	8	mario	05	013	mario	5
subcortex_PUT	24.68611530741289	8	mario	05	013	mario	5
subcortex_THA	26.181338879872037	14	mario	05	013	mario	5
cerebellum	27.12358931135402	88	mario	05	014	mario	1
cortex_Cont	40.268708157471394	128	mario	05	014	mario	1
cortex_Default	38.28670633820159	209	mario	05	014	mario	1
cortex_DorsAttn	38.97988865545669	122	mario	05	014	mario	1
cortex_Limbic	19.22222767985562	60	mario	05	014	mario	1
cortex_SalVentAttn	39.468185169799945	121	mario	05	014	mario	1
cortex_SomMot	39.374239636267184	194	mario	05	014	mario	1
cortex_Vis	30.631017733829935	162	mario	05	014	mario	1
subcortex_CAU	26.375513619265963	8	mario	05	014	mario	1
subcortex_PUT	24.395096563310208	8	mario	05	014	mario	1
subcortex_THA	25.68819903252393	14	mario	05	014	mario	1
cerebellum	30.515268627490457	88	mario	05	014	mario	2
cortex_Cont	42.50833442497494	128	mario	05	014	mario	2
cortex_Default	40.45078218706031	209	mario	05	014	mario	2
cortex_DorsAttn	45.47504854579323	122	mario	05	014	mario	2
cortex_Limbic	18.665959001059733	60	mario	05	014	mario	2
cortex_SalVentAttn	40.42139064984887	121	mario	05	014	mario	2
cortex_SomMot	41.51501080617715	194	mario	05	014	mario	2
cortex_Vis	37.35927060678124	162	mario	05	014	mario	2
subcortex_CAU	26.41067257768562	8	mario	05	014	mario	2
subcortex_PUT	24.54081064741227	8	mario	05	014	mario	2
subcortex_THA	26.012090210779373	14	mario	05	014	mario	2
cerebellum	29.018902210613852	88	mario	05	014	mario	3
cortex_Cont	39.64774800571348	128	mario	05	014	mario	3
cortex_Default	38.27375340636964	209	mario	05	014	mario	3
cortex_DorsAttn	41.39326099964618	122	mario	05	014	mario	3
cortex_Limbic	17.73557583561	60	mario	05	014	mario	3
cortex_SalVentAttn	38.81030295554853	121	mario	05	014	mario	3
cortex_SomMot	38.74001408174917	194	mario	05	014	mario	3
cortex_Vis	34.953075692534476	162	mario	05	014	mario	3
subcortex_CAU	25.64865270298507	8	mario	05	014	mario	3
subcortex_PUT	23.852038089778468	8	mario	05	014	mario	3
subcortex_THA	25.863705154318442	14	mario	05	014	mario	3
cerebellum	28.276064466983897	88	mario	05	014	mario	4
cortex_Cont	37.92163337252404	128	mario	05	014	mario	4
cortex_Default	36.741418295600134	209	mario	05	014	mario	4
cortex_DorsAttn	40.60351802669222	122	mario	05	014	mario	4
cortex_Limbic	18.18715029416212	60	mario	05	014	mario	4
cortex_SalVentAttn	37.9199426604678	121	mario	05	014	mario	4
cortex_SomMot	38.568333217074176	194	mario	05	014	mario	4
cortex_Vis	33.29188320933397	162	mario	05	014	mario	4
subcortex_CAU	26.31609498818961	8	mario	05	014	mario	4
subcortex_PUT	24.883329250194578	8	mario	05	014	mario	4
subcortex_THA	26.387924044225308	14	mario	05	014	mario	4
cerebellum	29.289276003383108	88	mario	05	014	mario	5
cortex_Cont	39.891904034071615	128	mario	05	014	mario	5
cortex_Default	37.76845704441258	209	mario	05	014	mario	5
cortex_DorsAttn	42.720869485392285	122	mario	05	014	mario	5
cortex_Limbic	18.005211623158836	60	mario	05	014	mario	5
cortex_SalVentAttn	38.25877084490023	121	mario	05	014	mario	5
cortex_SomMot	38.99963263708092	194	mario	05	014	mario	5
cortex_Vis	35.223099945256855	162	mario	05	014	mario	5
subcortex_CAU	25.640824398619316	8	mario	05	014	mario	5
subcortex_PUT	23.949210404697702	8	mario	05	014	mario	5
subcortex_THA	25.647497825657194	14	mario	05	014	mario	5
cerebellum	27.85031791514137	88	mario	05	015	mario	1
cortex_Cont	40.10369330683988	128	mario	05	015	mario	1
cortex_Default	37.850074303665515	209	mario	05	015	mario	1
cortex_DorsAttn	42.71174833315624	122	mario	05	015	mario	1
cortex_Limbic	18.978495283363227	60	mario	05	015	mario	1
cortex_SalVentAttn	38.09546111720778	121	mario	05	015	mario	1
cortex_SomMot	39.34829249493081	194	mario	05	015	mario	1
cortex_Vis	34.171195634073605	162	mario	05	015	mario	1
subcortex_CAU	26.432032965710043	8	mario	05	015	mario	1
subcortex_PUT	24.771823159713087	8	mario	05	015	mario	1
subcortex_THA	25.94670649200865	14	mario	05	015	mario	1
cerebellum	27.057990975297802	88	mario	05	015	mario	2
cortex_Cont	38.58544402512488	128	mario	05	015	mario	2
cortex_Default	36.61067671600117	209	mario	05	015	mario	2
cortex_DorsAttn	40.036722780462384	122	mario	05	015	mario	2
cortex_Limbic	18.434134037383174	60	mario	05	015	mario	2
cortex_SalVentAttn	37.392506620143955	121	mario	05	015	mario	2
cortex_SomMot	38.0942302563429	194	mario	05	015	mario	2
cortex_Vis	31.500957001452015	162	mario	05	015	mario	2
subcortex_CAU	24.930750702007863	8	mario	05	015	mario	2
subcortex_PUT	23.99757282453014	8	mario	05	015	mario	2
subcortex_THA	25.441918538459845	14	mario	05	015	mario	2
cerebellum	27.79876251323649	88	mario	05	015	mario	3
cortex_Cont	37.40860002702607	128	mario	05	015	mario	3
cortex_Default	35.93771573176482	209	mario	05	015	mario	3
cortex_DorsAttn	40.77085706372367	122	mario	05	015	mario	3
cortex_Limbic	17.46903224401979	60	mario	05	015	mario	3
cortex_SalVentAttn	36.15926919019005	121	mario	05	015	mario	3
cortex_SomMot	36.66371762586254	194	mario	05	015	mario	3
cortex_Vis	33.2882578230129	162	mario	05	015	mario	3
subcortex_CAU	24.495854655290863	8	mario	05	015	mario	3
subcortex_PUT	23.576464855823662	8	mario	05	015	mario	3
subcortex_THA	25.267031761548246	14	mario	05	015	mario	3
cerebellum	25.928642076570384	88	mario	05	015	mario	4
cortex_Cont	36.20383256345984	128	mario	05	015	mario	4
cortex_Default	34.988874305880806	209	mario	05	015	mario	4
cortex_DorsAttn	36.90834036265911	122	mario	05	015	mario	4
cortex_Limbic	17.872804819056544	60	mario	05	015	mario	4
cortex_SalVentAttn	35.57824335133115	121	mario	05	015	mario	4
cortex_SomMot	34.72902736557446	194	mario	05	015	mario	4
cortex_Vis	30.704193046245177	162	mario	05	015	mario	4
subcortex_CAU	25.194512867500485	8	mario	05	015	mario	4
subcortex_PUT	23.84993218969671	8	mario	05	015	mario	4
subcortex_THA	25.535416587209145	14	mario	05	015	mario	4
cerebellum	26.896326625819803	88	mario	05	015	mario	5
cortex_Cont	38.80809964966177	128	mario	05	015	mario	5
cortex_Default	36.592075620987465	209	mario	05	015	mario	5
cortex_DorsAttn	40.822935110395335	122	mario	05	015	mario	5
cortex_Limbic	18.391047740563998	60	mario	05	015	mario	5
cortex_SalVentAttn	36.44483286749131	121	mario	05	015	mario	5
cortex_SomMot	37.47101305453607	194	mario	05	015	mario	5
cortex_Vis	32.61868666499748	162	mario	05	015	mario	5
subcortex_CAU	24.645646734819117	8	mario	05	015	mario	5
subcortex_PUT	23.685704868621585	8	mario	05	015	mario	5
subcortex_THA	24.829535620184693	14	mario	05	015	mario	5
cerebellum	22.232970484304488	88	mario	05	016	mario	1
cortex_Cont	37.84754556004729	128	mario	05	016	mario	1
cortex_Default	36.257131669688576	209	mario	05	016	mario	1
cortex_DorsAttn	40.72492259512563	122	mario	05	016	mario	1
cortex_Limbic	17.264557607083695	60	mario	05	016	mario	1
cortex_SalVentAttn	36.91299010905626	121	mario	05	016	mario	1
cortex_SomMot	37.06872106941068	194	mario	05	016	mario	1
cortex_Vis	33.65592394736496	162	mario	05	016	mario	1
subcortex_CAU	24.770025044768417	8	mario	05	016	mario	1
subcortex_PUT	24.354536990199293	8	mario	05	016	mario	1
subcortex_THA	26.140288866292646	14	mario	05	016	mario	1
cerebellum	23.155183088538855	88	mario	05	016	mario	2
cortex_Cont	42.50367761355336	128	mario	05	016	mario	2
cortex_Default	39.98343981530926	209	mario	05	016	mario	2
cortex_DorsAttn	44.31752097209784	122	mario	05	016	mario	2
cortex_Limbic	18.626981170384955	60	mario	05	016	mario	2
cortex_SalVentAttn	40.21400741074285	121	mario	05	016	mario	2
cortex_SomMot	41.376983347974544	194	mario	05	016	mario	2
cortex_Vis	36.225576055408354	162	mario	05	016	mario	2
subcortex_CAU	26.09088253469345	8	mario	05	016	mario	2
subcortex_PUT	25.256047798230377	8	mario	05	016	mario	2
subcortex_THA	26.576195674205223	14	mario	05	016	mario	2
cerebellum	25.049390380070154	88	mario	05	016	mario	3
cortex_Cont	46.29373313501866	128	mario	05	016	mario	3
cortex_Default	43.72819122060072	209	mario	05	016	mario	3
cortex_DorsAttn	47.87479158532273	122	mario	05	016	mario	3
cortex_Limbic	20.855262599544876	60	mario	05	016	mario	3
cortex_SalVentAttn	42.63164789614865	121	mario	05	016	mario	3
cortex_SomMot	45.110676474371814	194	mario	05	016	mario	3
cortex_Vis	38.33303192475064	162	mario	05	016	mario	3
subcortex_CAU	26.12915788384615	8	mario	05	016	mario	3
subcortex_PUT	24.682738830873713	8	mario	05	016	mario	3
subcortex_THA	26.658905536663124	14	mario	05	016	mario	3
cerebellum	24.44744820239545	88	mario	05	016	mario	4
cortex_Cont	43.16174538409583	128	mario	05	016	mario	4
cortex_Default	40.91537039115269	209	mario	05	016	mario	4
cortex_DorsAttn	45.72088383313632	122	mario	05	016	mario	4
cortex_Limbic	19.00450243566973	60	mario	05	016	mario	4
cortex_SalVentAttn	40.37828222630931	121	mario	05	016	mario	4
cortex_SomMot	42.03394491070818	194	mario	05	016	mario	4
cortex_Vis	37.26577317743007	162	mario	05	016	mario	4
subcortex_CAU	25.589651957226796	8	mario	05	016	mario	4
subcortex_PUT	24.984457703718817	8	mario	05	016	mario	4
subcortex_THA	26.274075536621307	14	mario	05	016	mario	4
cerebellum	19.988857959586944	88	mario	05	016	mario	5
cortex_Cont	36.0176629463682	128	mario	05	016	mario	5
cortex_Default	34.409708450631285	209	mario	05	016	mario	5
cortex_DorsAttn	38.15703731076766	122	mario	05	016	mario	5
cortex_Limbic	15.611088179917989	60	mario	05	016	mario	5
cortex_SalVentAttn	35.2312093398149	121	mario	05	016	mario	5
cortex_SomMot	34.65630951182198	194	mario	05	016	mario	5
cortex_Vis	32.39108481584254	162	mario	05	016	mario	5
subcortex_CAU	23.585392658245155	8	mario	05	016	mario	5
subcortex_PUT	23.640617418382007	8	mario	05	016	mario	5
subcortex_THA	24.32637247696082	14	mario	05	016	mario	5
cerebellum	21.78141589008407	88	mario	05	017	mario	1
cortex_Cont	36.036988467763095	128	mario	05	017	mario	1
cortex_Default	34.51371470034705	209	mario	05	017	mario	1
cortex_DorsAttn	36.595771296706545	122	mario	05	017	mario	1
cortex_Limbic	18.187470699616544	60	mario	05	017	mario	1
cortex_SalVentAttn	36.1896776298959	121	mario	05	017	mario	1
cortex_SomMot	34.97806632685202	194	mario	05	017	mario	1
cortex_Vis	29.886260453420945	162	mario	05	017	mario	1
subcortex_CAU	25.05278828048465	8	mario	05	017	mario	1
subcortex_PUT	24.402598900139896	8	mario	05	017	mario	1
subcortex_THA	24.975206237600272	14	mario	05	017	mario	1
cerebellum	28.572984891718182	88	mario	05	017	mario	2
cortex_Cont	43.2851499898795	128	mario	05	017	mario	2
cortex_Default	41.02544239987361	209	mario	05	017	mario	2
cortex_DorsAttn	46.08816213600449	122	mario	05	017	mario	2
cortex_Limbic	19.823993575161477	60	mario	05	017	mario	2
cortex_SalVentAttn	40.382439029945395	121	mario	05	017	mario	2
cortex_SomMot	42.11644992499696	194	mario	05	017	mario	2
cortex_Vis	38.15977738632866	162	mario	05	017	mario	2
subcortex_CAU	25.6393035297362	8	mario	05	017	mario	2
subcortex_PUT	24.549012545239822	8	mario	05	017	mario	2
subcortex_THA	26.26471912505423	14	mario	05	017	mario	2
cerebellum	25.957101842072344	88	mario	05	017	mario	3
cortex_Cont	39.67543673868162	128	mario	05	017	mario	3
cortex_Default	37.72798381891846	209	mario	05	017	mario	3
cortex_DorsAttn	43.7464217409855	122	mario	05	017	mario	3
cortex_Limbic	18.016348778940667	60	mario	05	017	mario	3
cortex_SalVentAttn	37.93283432805195	121	mario	05	017	mario	3
cortex_SomMot	39.16919483926495	194	mario	05	017	mario	3
cortex_Vis	35.75489814711114	162	mario	05	017	mario	3
subcortex_CAU	24.300696942489044	8	mario	05	017	mario	3
subcortex_PUT	23.73271698684625	8	mario	05	017	mario	3
subcortex_THA	25.43666112976584	14	mario	05	017	mario	3
cerebellum	25.951237926315105	88	mario	05	017	mario	4
cortex_Cont	40.772262341054436	128	mario	05	017	mario	4
cortex_Default	38.920816063746365	209	mario	05	017	mario	4
cortex_DorsAttn	43.004896222415496	122	mario	05	017	mario	4
cortex_Limbic	19.702439962875953	60	mario	05	017	mario	4
cortex_SalVentAttn	38.9580287884728	121	mario	05	017	mario	4
cortex_SomMot	39.42199332688807	194	mario	05	017	mario	4
cortex_Vis	35.94508802553646	162	mario	05	017	mario	4
subcortex_CAU	25.655274538080796	8	mario	05	017	mario	4
subcortex_PUT	24.618944462082123	8	mario	05	017	mario	4
subcortex_THA	25.98999761037683	14	mario	05	017	mario	4
cerebellum	24.119217662105655	88	mario	05	017	mario	5
cortex_Cont	41.03191462904308	128	mario	05	017	mario	5
cortex_Default	38.36331577272818	209	mario	05	017	mario	5
cortex_DorsAttn	41.39348953255362	122	mario	05	017	mario	5
cortex_Limbic	19.21266141549685	60	mario	05	017	mario	5
cortex_SalVentAttn	38.7715070617969	121	mario	05	017	mario	5
cortex_SomMot	39.38785377547218	194	mario	05	017	mario	5
cortex_Vis	33.84477184913405	162	mario	05	017	mario	5
subcortex_CAU	25.813412133756927	8	mario	05	017	mario	5
subcortex_PUT	24.498831599396425	8	mario	05	017	mario	5
subcortex_THA	25.561344273050334	14	mario	05	017	mario	5
cerebellum	22.290698479573532	88	mario	05	018	mario	1
cortex_Cont	36.995590892637125	128	mario	05	018	mario	1
cortex_Default	35.62575149730844	209	mario	05	018	mario	1
cortex_DorsAttn	39.031880263238186	122	mario	05	018	mario	1
cortex_Limbic	17.524944304753333	60	mario	05	018	mario	1
cortex_SalVentAttn	36.98133944432521	121	mario	05	018	mario	1
cortex_SomMot	37.27648646234372	194	mario	05	018	mario	1
cortex_Vis	31.295431365175762	162	mario	05	018	mario	1
subcortex_CAU	25.72350894894877	8	mario	05	018	mario	1
subcortex_PUT	24.584127808458593	8	mario	05	018	mario	1
subcortex_THA	25.76932328709995	14	mario	05	018	mario	1
cerebellum	25.3985300857114	88	mario	05	018	mario	2
cortex_Cont	43.37330760782327	128	mario	05	018	mario	2
cortex_Default	40.942573920305676	209	mario	05	018	mario	2
cortex_DorsAttn	44.511764688931684	122	mario	05	018	mario	2
cortex_Limbic	19.728172129731743	60	mario	05	018	mario	2
cortex_SalVentAttn	40.69212309364905	121	mario	05	018	mario	2
cortex_SomMot	42.97953163710011	194	mario	05	018	mario	2
cortex_Vis	35.11023035216978	162	mario	05	018	mario	2
subcortex_CAU	26.46025734367783	8	mario	05	018	mario	2
subcortex_PUT	24.673220500770107	8	mario	05	018	mario	2
subcortex_THA	26.208620365221545	14	mario	05	018	mario	2
cerebellum	25.143395392637952	88	mario	05	018	mario	3
cortex_Cont	39.4806571082716	128	mario	05	018	mario	3
cortex_Default	37.20940412564635	209	mario	05	018	mario	3
cortex_DorsAttn	42.77084880273467	122	mario	05	018	mario	3
cortex_Limbic	17.899589739864318	60	mario	05	018	mario	3
cortex_SalVentAttn	38.546618707781676	121	mario	05	018	mario	3
cortex_SomMot	39.33680371167609	194	mario	05	018	mario	3
cortex_Vis	35.21936270811711	162	mario	05	018	mario	3
subcortex_CAU	26.023362157889775	8	mario	05	018	mario	3
subcortex_PUT	24.488535904594062	8	mario	05	018	mario	3
subcortex_THA	25.85229886469094	14	mario	05	018	mario	3
cerebellum	23.401874465886575	88	mario	05	018	mario	4
cortex_Cont	41.6040067664431	128	mario	05	018	mario	4
cortex_Default	38.91491626617019	209	mario	05	018	mario	4
cortex_DorsAttn	42.60857703698644	122	mario	05	018	mario	4
cortex_Limbic	18.702490108777504	60	mario	05	018	mario	4
cortex_SalVentAttn	38.64249678394258	121	mario	05	018	mario	4
cortex_SomMot	40.01165806907806	194	mario	05	018	mario	4
cortex_Vis	33.31538865753359	162	mario	05	018	mario	4
subcortex_CAU	26.173540679151706	8	mario	05	018	mario	4
subcortex_PUT	24.64261163860577	8	mario	05	018	mario	4
subcortex_THA	25.325824640633467	14	mario	05	018	mario	4
cerebellum	18.583874526465	88	mario	05	018	mario	5
cortex_Cont	33.791785128770286	128	mario	05	018	mario	5
cortex_Default	32.23409251234729	209	mario	05	018	mario	5
cortex_DorsAttn	34.58056614356675	122	mario	05	018	mario	5
cortex_Limbic	16.65705709463363	60	mario	05	018	mario	5
cortex_SalVentAttn	33.37400584651789	121	mario	05	018	mario	5
cortex_SomMot	31.899870229626714	194	mario	05	018	mario	5
cortex_Vis	28.261665067398223	162	mario	05	018	mario	5
subcortex_CAU	24.899114510241148	8	mario	05	018	mario	5
subcortex_PUT	23.58352317111977	8	mario	05	018	mario	5
subcortex_THA	24.206247286777714	14	mario	05	018	mario	5
cerebellum	23.29132809674469	88	mario	06	001	mario	1
cortex_Cont	29.988331663559446	128	mario	06	001	mario	1
cortex_Default	29.945807426935147	209	mario	06	001	mario	1
cortex_DorsAttn	31.506539562331202	122	mario	06	001	mario	1
cortex_Limbic	13.848305935938377	60	mario	06	001	mario	1
cortex_SalVentAttn	32.78764674955147	121	mario	06	001	mario	1
cortex_SomMot	30.74202042992009	194	mario	06	001	mario	1
cortex_Vis	24.362496867516903	162	mario	06	001	mario	1
subcortex_CAU	25.193135479976718	8	mario	06	001	mario	1
subcortex_PUT	27.397880244778868	8	mario	06	001	mario	1
subcortex_THA	26.6658096054661	14	mario	06	001	mario	1
cerebellum	27.994260219391528	88	mario	06	001	mario	2
cortex_Cont	34.05032442114296	128	mario	06	001	mario	2
cortex_Default	34.32283527228646	209	mario	06	001	mario	2
cortex_DorsAttn	35.80899043789058	122	mario	06	001	mario	2
cortex_Limbic	15.524717542978781	60	mario	06	001	mario	2
cortex_SalVentAttn	36.61471128535692	121	mario	06	001	mario	2
cortex_SomMot	34.39004333860462	194	mario	06	001	mario	2
cortex_Vis	29.613331752324708	162	mario	06	001	mario	2
subcortex_CAU	27.841697555143853	8	mario	06	001	mario	2
subcortex_PUT	28.857973618535603	8	mario	06	001	mario	2
subcortex_THA	28.598096102498427	14	mario	06	001	mario	2
cerebellum	24.107842933047642	88	mario	06	001	mario	3
cortex_Cont	32.37982731722047	128	mario	06	001	mario	3
cortex_Default	31.380332909054694	209	mario	06	001	mario	3
cortex_DorsAttn	33.262773774739806	122	mario	06	001	mario	3
cortex_Limbic	13.641375107441286	60	mario	06	001	mario	3
cortex_SalVentAttn	33.82706596370288	121	mario	06	001	mario	3
cortex_SomMot	32.00158023368741	194	mario	06	001	mario	3
cortex_Vis	26.171095815604424	162	mario	06	001	mario	3
subcortex_CAU	25.582424145623342	8	mario	06	001	mario	3
subcortex_PUT	27.489202995539163	8	mario	06	001	mario	3
subcortex_THA	27.051448423189207	14	mario	06	001	mario	3
cerebellum	24.579731012326864	88	mario	06	001	mario	4
cortex_Cont	32.43127048118515	128	mario	06	001	mario	4
cortex_Default	32.37526271288157	209	mario	06	001	mario	4
cortex_DorsAttn	32.10639208743606	122	mario	06	001	mario	4
cortex_Limbic	14.784584400692347	60	mario	06	001	mario	4
cortex_SalVentAttn	35.00810017907866	121	mario	06	001	mario	4
cortex_SomMot	31.676510646101118	194	mario	06	001	mario	4
cortex_Vis	27.206168612766856	162	mario	06	001	mario	4
subcortex_CAU	28.028988141721143	8	mario	06	001	mario	4
subcortex_PUT	28.4574588943565	8	mario	06	001	mario	4
subcortex_THA	27.895172594925523	14	mario	06	001	mario	4
cerebellum	20.592190618187576	88	mario	06	001	mario	5
cortex_Cont	26.031854148537867	128	mario	06	001	mario	5
cortex_Default	26.13519907642148	209	mario	06	001	mario	5
cortex_DorsAttn	27.428147820836237	122	mario	06	001	mario	5
cortex_Limbic	11.71358343839229	60	mario	06	001	mario	5
cortex_SalVentAttn	28.034548628868095	121	mario	06	001	mario	5
cortex_SomMot	25.54484020501557	194	mario	06	001	mario	5
cortex_Vis	22.835535445685395	162	mario	06	001	mario	5
subcortex_CAU	23.378771829257	8	mario	06	001	mario	5
subcortex_PUT	25.558489042465386	8	mario	06	001	mario	5
subcortex_THA	24.879018928654805	14	mario	06	001	mario	5
cerebellum	22.177425321987855	88	mario	06	002	mario	1
cortex_Cont	26.88114171303395	128	mario	06	002	mario	1
cortex_Default	27.326152625322234	209	mario	06	002	mario	1
cortex_DorsAttn	28.8320408176122	122	mario	06	002	mario	1
cortex_Limbic	13.015809223190116	60	mario	06	002	mario	1
cortex_SalVentAttn	30.06043335400551	121	mario	06	002	mario	1
cortex_SomMot	28.119026954754034	194	mario	06	002	mario	1
cortex_Vis	22.922167747592244	162	mario	06	002	mario	1
subcortex_CAU	24.722144824258585	8	mario	06	002	mario	1
subcortex_PUT	26.084960860223983	8	mario	06	002	mario	1
subcortex_THA	26.20671061359329	14	mario	06	002	mario	1
cerebellum	22.821107791954976	88	mario	06	002	mario	2
cortex_Cont	28.868721792922692	128	mario	06	002	mario	2
cortex_Default	28.73235105690736	209	mario	06	002	mario	2
cortex_DorsAttn	30.115894556741488	122	mario	06	002	mario	2
cortex_Limbic	13.33603732519476	60	mario	06	002	mario	2
cortex_SalVentAttn	31.513248403688365	121	mario	06	002	mario	2
cortex_SomMot	29.59554538003347	194	mario	06	002	mario	2
cortex_Vis	23.711690498599893	162	mario	06	002	mario	2
subcortex_CAU	26.125326683728765	8	mario	06	002	mario	2
subcortex_PUT	26.89635678668667	8	mario	06	002	mario	2
subcortex_THA	26.02635688623627	14	mario	06	002	mario	2
cerebellum	23.29603819140301	88	mario	06	002	mario	3
cortex_Cont	28.385323824795854	128	mario	06	002	mario	3
cortex_Default	28.359046455239234	209	mario	06	002	mario	3
cortex_DorsAttn	29.511691223947608	122	mario	06	002	mario	3
cortex_Limbic	13.205596876034157	60	mario	06	002	mario	3
cortex_SalVentAttn	30.333732304504842	121	mario	06	002	mario	3
cortex_SomMot	27.986537691030218	194	mario	06	002	mario	3
cortex_Vis	24.177342535515212	162	mario	06	002	mario	3
subcortex_CAU	25.62727857103276	8	mario	06	002	mario	3
subcortex_PUT	26.698688304041873	8	mario	06	002	mario	3
subcortex_THA	25.607256956293103	14	mario	06	002	mario	3
cerebellum	23.37655514924388	88	mario	06	002	mario	4
cortex_Cont	29.62964578872317	128	mario	06	002	mario	4
cortex_Default	29.580500807806647	209	mario	06	002	mario	4
cortex_DorsAttn	31.559223585839256	122	mario	06	002	mario	4
cortex_Limbic	13.396058310139098	60	mario	06	002	mario	4
cortex_SalVentAttn	31.11801453720365	121	mario	06	002	mario	4
cortex_SomMot	28.630774667890158	194	mario	06	002	mario	4
cortex_Vis	26.24974693789189	162	mario	06	002	mario	4
subcortex_CAU	27.234866879090028	8	mario	06	002	mario	4
subcortex_PUT	27.281871699696158	8	mario	06	002	mario	4
subcortex_THA	25.703109743865497	14	mario	06	002	mario	4
cerebellum	22.183380473508837	88	mario	06	002	mario	5
cortex_Cont	27.232689794509522	128	mario	06	002	mario	5
cortex_Default	27.835893634141705	209	mario	06	002	mario	5
cortex_DorsAttn	29.082117491210454	122	mario	06	002	mario	5
cortex_Limbic	13.001947170772414	60	mario	06	002	mario	5
cortex_SalVentAttn	29.644104238535586	121	mario	06	002	mario	5
cortex_SomMot	27.719797885204553	194	mario	06	002	mario	5
cortex_Vis	23.856999904575392	162	mario	06	002	mario	5
subcortex_CAU	24.944571633605996	8	mario	06	002	mario	5
subcortex_PUT	25.992580455373318	8	mario	06	002	mario	5
subcortex_THA	25.679690893482356	14	mario	06	002	mario	5
cerebellum	22.071680935902616	88	mario	06	003	mario	1
cortex_Cont	28.304566628888523	128	mario	06	003	mario	1
cortex_Default	28.20269176197446	209	mario	06	003	mario	1
cortex_DorsAttn	29.439402015451876	122	mario	06	003	mario	1
cortex_Limbic	13.211421195103117	60	mario	06	003	mario	1
cortex_SalVentAttn	31.24045527338436	121	mario	06	003	mario	1
cortex_SomMot	29.010510454062207	194	mario	06	003	mario	1
cortex_Vis	24.043028179480093	162	mario	06	003	mario	1
subcortex_CAU	24.99473026915896	8	mario	06	003	mario	1
subcortex_PUT	26.929063923518036	8	mario	06	003	mario	1
subcortex_THA	27.09985308389594	14	mario	06	003	mario	1
cerebellum	20.276501389136957	88	mario	06	003	mario	2
cortex_Cont	25.625731560518766	128	mario	06	003	mario	2
cortex_Default	25.716427067255207	209	mario	06	003	mario	2
cortex_DorsAttn	26.251084646932085	122	mario	06	003	mario	2
cortex_Limbic	12.086356598963887	60	mario	06	003	mario	2
cortex_SalVentAttn	28.64965171167033	121	mario	06	003	mario	2
cortex_SomMot	25.962266747430245	194	mario	06	003	mario	2
cortex_Vis	22.001992330272653	162	mario	06	003	mario	2
subcortex_CAU	23.22820101821528	8	mario	06	003	mario	2
subcortex_PUT	26.062631443947264	8	mario	06	003	mario	2
subcortex_THA	25.807355481377254	14	mario	06	003	mario	2
cerebellum	20.349501752539076	88	mario	06	003	mario	3
cortex_Cont	25.33065466323133	128	mario	06	003	mario	3
cortex_Default	25.441529207718187	209	mario	06	003	mario	3
cortex_DorsAttn	26.2842693705402	122	mario	06	003	mario	3
cortex_Limbic	11.753447527338942	60	mario	06	003	mario	3
cortex_SalVentAttn	28.29199395433321	121	mario	06	003	mario	3
cortex_SomMot	25.54987090622589	194	mario	06	003	mario	3
cortex_Vis	21.98249262004547	162	mario	06	003	mario	3
subcortex_CAU	22.89940698166038	8	mario	06	003	mario	3
subcortex_PUT	25.526665770034274	8	mario	06	003	mario	3
subcortex_THA	25.500831197801336	14	mario	06	003	mario	3
cerebellum	23.790397762164993	88	mario	06	003	mario	4
cortex_Cont	30.024058451034456	128	mario	06	003	mario	4
cortex_Default	29.701989387469016	209	mario	06	003	mario	4
cortex_DorsAttn	30.769046854240205	122	mario	06	003	mario	4
cortex_Limbic	13.94753906437754	60	mario	06	003	mario	4
cortex_SalVentAttn	32.41858924536973	121	mario	06	003	mario	4
cortex_SomMot	29.71353177927671	194	mario	06	003	mario	4
cortex_Vis	25.46711867997326	162	mario	06	003	mario	4
subcortex_CAU	26.179110868120155	8	mario	06	003	mario	4
subcortex_PUT	27.42605984651011	8	mario	06	003	mario	4
subcortex_THA	27.04480188410432	14	mario	06	003	mario	4
cerebellum	24.033008900557004	88	mario	06	004	mario	1
cortex_Cont	28.39590033304362	128	mario	06	004	mario	1
cortex_Default	29.057926100728807	209	mario	06	004	mario	1
cortex_DorsAttn	30.97482919386574	122	mario	06	004	mario	1
cortex_Limbic	13.510033376574476	60	mario	06	004	mario	1
cortex_SalVentAttn	30.096324965145495	121	mario	06	004	mario	1
cortex_SomMot	28.57353963081436	194	mario	06	004	mario	1
cortex_Vis	25.699581647394492	162	mario	06	004	mario	1
subcortex_CAU	24.114286801122862	8	mario	06	004	mario	1
subcortex_PUT	25.652054967841543	8	mario	06	004	mario	1
subcortex_THA	25.67712462947509	14	mario	06	004	mario	1
cerebellum	25.454138086329184	88	mario	06	004	mario	2
cortex_Cont	30.68751328987072	128	mario	06	004	mario	2
cortex_Default	30.98681439065331	209	mario	06	004	mario	2
cortex_DorsAttn	32.69343286576793	122	mario	06	004	mario	2
cortex_Limbic	14.23959529527079	60	mario	06	004	mario	2
cortex_SalVentAttn	32.995806763631656	121	mario	06	004	mario	2
cortex_SomMot	31.090170897864766	194	mario	06	004	mario	2
cortex_Vis	26.846244302307785	162	mario	06	004	mario	2
subcortex_CAU	25.87345174927689	8	mario	06	004	mario	2
subcortex_PUT	27.11278276115776	8	mario	06	004	mario	2
subcortex_THA	26.353645363665258	14	mario	06	004	mario	2
cerebellum	21.383047340552903	88	mario	06	004	mario	3
cortex_Cont	27.13728859456611	128	mario	06	004	mario	3
cortex_Default	27.358009656010346	209	mario	06	004	mario	3
cortex_DorsAttn	28.79410552690409	122	mario	06	004	mario	3
cortex_Limbic	12.46557642783691	60	mario	06	004	mario	3
cortex_SalVentAttn	29.159940060471595	121	mario	06	004	mario	3
cortex_SomMot	27.148486442702172	194	mario	06	004	mario	3
cortex_Vis	23.261079268583376	162	mario	06	004	mario	3
subcortex_CAU	23.67702997061505	8	mario	06	004	mario	3
subcortex_PUT	25.46325365323926	8	mario	06	004	mario	3
subcortex_THA	24.926559780125956	14	mario	06	004	mario	3
cerebellum	23.2949630974172	88	mario	06	004	mario	4
cortex_Cont	29.320685429078956	128	mario	06	004	mario	4
cortex_Default	29.237207935809863	209	mario	06	004	mario	4
cortex_DorsAttn	30.134770752363988	122	mario	06	004	mario	4
cortex_Limbic	14.047275518110832	60	mario	06	004	mario	4
cortex_SalVentAttn	31.835860202336494	121	mario	06	004	mario	4
cortex_SomMot	29.711243631318112	194	mario	06	004	mario	4
cortex_Vis	24.092540011747438	162	mario	06	004	mario	4
subcortex_CAU	25.734890842691797	8	mario	06	004	mario	4
subcortex_PUT	26.68216189007886	8	mario	06	004	mario	4
subcortex_THA	25.617396158852106	14	mario	06	004	mario	4
cerebellum	23.457981154622146	88	mario	06	004	mario	5
cortex_Cont	28.763067147501175	128	mario	06	004	mario	5
cortex_Default	29.03685336161873	209	mario	06	004	mario	5
cortex_DorsAttn	31.026988448293835	122	mario	06	004	mario	5
cortex_Limbic	13.25321038957072	60	mario	06	004	mario	5
cortex_SalVentAttn	30.82873182813197	121	mario	06	004	mario	5
cortex_SomMot	28.826750738163646	194	mario	06	004	mario	5
cortex_Vis	25.670903883977452	162	mario	06	004	mario	5
subcortex_CAU	24.417036975387937	8	mario	06	004	mario	5
subcortex_PUT	26.350101470988548	8	mario	06	004	mario	5
subcortex_THA	25.354474302814477	14	mario	06	004	mario	5
cerebellum	27.60726476491999	88	mario	06	005	mario	1
cortex_Cont	34.92561084670749	128	mario	06	005	mario	1
cortex_Default	34.86201800033925	209	mario	06	005	mario	1
cortex_DorsAttn	37.43954762377976	122	mario	06	005	mario	1
cortex_Limbic	15.779899240618224	60	mario	06	005	mario	1
cortex_SalVentAttn	36.833404396597594	121	mario	06	005	mario	1
cortex_SomMot	35.149771391071425	194	mario	06	005	mario	1
cortex_Vis	29.396965992732873	162	mario	06	005	mario	1
subcortex_CAU	28.515399634402414	8	mario	06	005	mario	1
subcortex_PUT	28.753710476160222	8	mario	06	005	mario	1
subcortex_THA	27.943915166015625	14	mario	06	005	mario	1
cerebellum	23.63355283286671	88	mario	06	005	mario	2
cortex_Cont	30.02781813193781	128	mario	06	005	mario	2
cortex_Default	30.46549304382201	209	mario	06	005	mario	2
cortex_DorsAttn	30.832560749205157	122	mario	06	005	mario	2
cortex_Limbic	14.638360497026914	60	mario	06	005	mario	2
cortex_SalVentAttn	32.82014330361232	121	mario	06	005	mario	2
cortex_SomMot	30.389324874811717	194	mario	06	005	mario	2
cortex_Vis	24.98362464116485	162	mario	06	005	mario	2
subcortex_CAU	25.950006388397277	8	mario	06	005	mario	2
subcortex_PUT	27.30963730353634	8	mario	06	005	mario	2
subcortex_THA	26.44770521291567	14	mario	06	005	mario	2
cerebellum	24.71754680745355	88	mario	06	005	mario	3
cortex_Cont	31.69345061475375	128	mario	06	005	mario	3
cortex_Default	31.745265608292936	209	mario	06	005	mario	3
cortex_DorsAttn	32.93502495943317	122	mario	06	005	mario	3
cortex_Limbic	14.875900538729379	60	mario	06	005	mario	3
cortex_SalVentAttn	33.45933723711284	121	mario	06	005	mario	3
cortex_SomMot	31.188183443671193	194	mario	06	005	mario	3
cortex_Vis	25.79366120489748	162	mario	06	005	mario	3
subcortex_CAU	26.74926823315194	8	mario	06	005	mario	3
subcortex_PUT	27.58809721133654	8	mario	06	005	mario	3
subcortex_THA	26.4541104960248	14	mario	06	005	mario	3
cerebellum	22.291271952587586	88	mario	06	006	mario	1
cortex_Cont	27.107384169779557	128	mario	06	006	mario	1
cortex_Default	27.505283566900005	209	mario	06	006	mario	1
cortex_DorsAttn	28.992216639948648	122	mario	06	006	mario	1
cortex_Limbic	13.096343067443014	60	mario	06	006	mario	1
cortex_SalVentAttn	29.75213618929818	121	mario	06	006	mario	1
cortex_SomMot	27.68166435843652	194	mario	06	006	mario	1
cortex_Vis	23.949934842429375	162	mario	06	006	mario	1
subcortex_CAU	23.66524851339665	8	mario	06	006	mario	1
subcortex_PUT	25.782221500809477	8	mario	06	006	mario	1
subcortex_THA	25.567170777762765	14	mario	06	006	mario	1
cerebellum	22.95168138994391	88	mario	06	006	mario	2
cortex_Cont	26.79315747420086	128	mario	06	006	mario	2
cortex_Default	27.625705939091144	209	mario	06	006	mario	2
cortex_DorsAttn	27.809855734387888	122	mario	06	006	mario	2
cortex_Limbic	12.770878218473598	60	mario	06	006	mario	2
cortex_SalVentAttn	30.20256557518487	121	mario	06	006	mario	2
cortex_SomMot	27.505611707519897	194	mario	06	006	mario	2
cortex_Vis	23.747628481425387	162	mario	06	006	mario	2
subcortex_CAU	25.043159649995857	8	mario	06	006	mario	2
subcortex_PUT	26.579748157210783	8	mario	06	006	mario	2
subcortex_THA	25.997499272819024	14	mario	06	006	mario	2
cerebellum	23.85931646168926	88	mario	06	006	mario	3
cortex_Cont	28.09613689642883	128	mario	06	006	mario	3
cortex_Default	28.775305208923033	209	mario	06	006	mario	3
cortex_DorsAttn	30.391497219193482	122	mario	06	006	mario	3
cortex_Limbic	13.364402467352175	60	mario	06	006	mario	3
cortex_SalVentAttn	30.679583081615416	121	mario	06	006	mario	3
cortex_SomMot	28.411076579705043	194	mario	06	006	mario	3
cortex_Vis	25.287647260166917	162	mario	06	006	mario	3
subcortex_CAU	24.78986989094466	8	mario	06	006	mario	3
subcortex_PUT	26.549551684903903	8	mario	06	006	mario	3
subcortex_THA	25.999553859544584	14	mario	06	006	mario	3
cerebellum	26.618965552337748	88	mario	06	006	mario	4
cortex_Cont	34.406404737148385	128	mario	06	006	mario	4
cortex_Default	33.45167721850794	209	mario	06	006	mario	4
cortex_DorsAttn	35.94855659713809	122	mario	06	006	mario	4
cortex_Limbic	15.116818881903434	60	mario	06	006	mario	4
cortex_SalVentAttn	36.420210677101025	121	mario	06	006	mario	4
cortex_SomMot	34.98995152050522	194	mario	06	006	mario	4
cortex_Vis	28.354894388081323	162	mario	06	006	mario	4
subcortex_CAU	26.716226753079884	8	mario	06	006	mario	4
subcortex_PUT	27.67213844730071	8	mario	06	006	mario	4
subcortex_THA	27.02995665495498	14	mario	06	006	mario	4
cerebellum	26.18876803668013	88	mario	06	007	mario	1
cortex_Cont	30.95116611545362	128	mario	06	007	mario	1
cortex_Default	31.04520132556433	209	mario	06	007	mario	1
cortex_DorsAttn	33.11252833172336	122	mario	06	007	mario	1
cortex_Limbic	14.900478231580403	60	mario	06	007	mario	1
cortex_SalVentAttn	33.264168798038696	121	mario	06	007	mario	1
cortex_SomMot	31.32001875571399	194	mario	06	007	mario	1
cortex_Vis	27.69058548668274	162	mario	06	007	mario	1
subcortex_CAU	26.428243142065153	8	mario	06	007	mario	1
subcortex_PUT	27.626262533613165	8	mario	06	007	mario	1
subcortex_THA	27.468819794717895	14	mario	06	007	mario	1
cerebellum	24.863443898480238	88	mario	06	007	mario	2
cortex_Cont	30.29280798756592	128	mario	06	007	mario	2
cortex_Default	30.174997583973443	209	mario	06	007	mario	2
cortex_DorsAttn	32.04910246111309	122	mario	06	007	mario	2
cortex_Limbic	13.881808719976124	60	mario	06	007	mario	2
cortex_SalVentAttn	32.92050918392356	121	mario	06	007	mario	2
cortex_SomMot	31.115869232619595	194	mario	06	007	mario	2
cortex_Vis	26.022793716249318	162	mario	06	007	mario	2
subcortex_CAU	26.66424139708831	8	mario	06	007	mario	2
subcortex_PUT	27.46285393342605	8	mario	06	007	mario	2
subcortex_THA	26.84976370589901	14	mario	06	007	mario	2
cerebellum	25.490600870578074	88	mario	06	007	mario	3
cortex_Cont	31.927994223887833	128	mario	06	007	mario	3
cortex_Default	31.585320506727378	209	mario	06	007	mario	3
cortex_DorsAttn	33.792024385540536	122	mario	06	007	mario	3
cortex_Limbic	14.741609802746785	60	mario	06	007	mario	3
cortex_SalVentAttn	33.7085317193782	121	mario	06	007	mario	3
cortex_SomMot	32.355820133912765	194	mario	06	007	mario	3
cortex_Vis	26.901314684392915	162	mario	06	007	mario	3
subcortex_CAU	26.7324611166254	8	mario	06	007	mario	3
subcortex_PUT	27.53746010063552	8	mario	06	007	mario	3
subcortex_THA	27.377919014257987	14	mario	06	007	mario	3
cerebellum	24.684230437483656	88	mario	06	007	mario	4
cortex_Cont	30.012406289132926	128	mario	06	007	mario	4
cortex_Default	30.470801301422295	209	mario	06	007	mario	4
cortex_DorsAttn	32.07004733525707	122	mario	06	007	mario	4
cortex_Limbic	14.537946690226278	60	mario	06	007	mario	4
cortex_SalVentAttn	32.05619645233488	121	mario	06	007	mario	4
cortex_SomMot	30.013555240181795	194	mario	06	007	mario	4
cortex_Vis	26.468622541723136	162	mario	06	007	mario	4
subcortex_CAU	26.103082068278198	8	mario	06	007	mario	4
subcortex_PUT	26.81134627500192	8	mario	06	007	mario	4
subcortex_THA	26.901107970563604	14	mario	06	007	mario	4
cerebellum	23.294638091097184	88	mario	06	008	mario	1
cortex_Cont	31.236501345988998	128	mario	06	008	mario	1
cortex_Default	30.473736538323987	209	mario	06	008	mario	1
cortex_DorsAttn	33.265655735894576	122	mario	06	008	mario	1
cortex_Limbic	13.321181476721643	60	mario	06	008	mario	1
cortex_SalVentAttn	32.659309189923796	121	mario	06	008	mario	1
cortex_SomMot	31.01249845890401	194	mario	06	008	mario	1
cortex_Vis	26.682609204357824	162	mario	06	008	mario	1
subcortex_CAU	25.131180861642413	8	mario	06	008	mario	1
subcortex_PUT	26.96950094828824	8	mario	06	008	mario	1
subcortex_THA	26.068861994533837	14	mario	06	008	mario	1
cerebellum	24.66597859833512	88	mario	06	008	mario	2
cortex_Cont	32.993076810511745	128	mario	06	008	mario	2
cortex_Default	32.30812396301959	209	mario	06	008	mario	2
cortex_DorsAttn	34.846506358138846	122	mario	06	008	mario	2
cortex_Limbic	14.029210416347174	60	mario	06	008	mario	2
cortex_SalVentAttn	34.684206800241704	121	mario	06	008	mario	2
cortex_SomMot	32.99975717315784	194	mario	06	008	mario	2
cortex_Vis	28.059089059577317	162	mario	06	008	mario	2
subcortex_CAU	26.452718699129463	8	mario	06	008	mario	2
subcortex_PUT	27.793454685436966	8	mario	06	008	mario	2
subcortex_THA	27.35161604316154	14	mario	06	008	mario	2
cerebellum	27.19472628675263	88	mario	06	008	mario	3
cortex_Cont	35.25555982445874	128	mario	06	008	mario	3
cortex_Default	34.311155880894766	209	mario	06	008	mario	3
cortex_DorsAttn	37.3052181636994	122	mario	06	008	mario	3
cortex_Limbic	15.124538211442028	60	mario	06	008	mario	3
cortex_SalVentAttn	36.65279598290702	121	mario	06	008	mario	3
cortex_SomMot	35.110515443671964	194	mario	06	008	mario	3
cortex_Vis	30.08087444948656	162	mario	06	008	mario	3
subcortex_CAU	27.67906934745109	8	mario	06	008	mario	3
subcortex_PUT	28.431634772370433	8	mario	06	008	mario	3
subcortex_THA	27.67268984270462	14	mario	06	008	mario	3
cerebellum	22.581445600064946	88	mario	06	009	mario	1
cortex_Cont	29.46740292253938	128	mario	06	009	mario	1
cortex_Default	29.40294102257864	209	mario	06	009	mario	1
cortex_DorsAttn	31.162298390551644	122	mario	06	009	mario	1
cortex_Limbic	13.746770924623904	60	mario	06	009	mario	1
cortex_SalVentAttn	31.227063984839123	121	mario	06	009	mario	1
cortex_SomMot	29.120920822900274	194	mario	06	009	mario	1
cortex_Vis	25.295247284123736	162	mario	06	009	mario	1
subcortex_CAU	26.17092041519849	8	mario	06	009	mario	1
subcortex_PUT	26.995362273954328	8	mario	06	009	mario	1
subcortex_THA	26.70817911112214	14	mario	06	009	mario	1
cerebellum	24.165461765125055	88	mario	06	009	mario	2
cortex_Cont	31.81981638415815	128	mario	06	009	mario	2
cortex_Default	31.5611805018743	209	mario	06	009	mario	2
cortex_DorsAttn	33.92220185434759	122	mario	06	009	mario	2
cortex_Limbic	14.444855270683062	60	mario	06	009	mario	2
cortex_SalVentAttn	33.57657902707545	121	mario	06	009	mario	2
cortex_SomMot	32.89253145979175	194	mario	06	009	mario	2
cortex_Vis	25.81753994290649	162	mario	06	009	mario	2
subcortex_CAU	26.965359248693737	8	mario	06	009	mario	2
subcortex_PUT	27.378663105575196	8	mario	06	009	mario	2
subcortex_THA	26.840504502184693	14	mario	06	009	mario	2
cerebellum	23.44177261999099	88	mario	06	009	mario	3
cortex_Cont	30.930807984137783	128	mario	06	009	mario	3
cortex_Default	30.370506544960225	209	mario	06	009	mario	3
cortex_DorsAttn	32.42433791443267	122	mario	06	009	mario	3
cortex_Limbic	14.154262360376418	60	mario	06	009	mario	3
cortex_SalVentAttn	32.487402174938836	121	mario	06	009	mario	3
cortex_SomMot	30.656377010428848	194	mario	06	009	mario	3
cortex_Vis	25.397665395199276	162	mario	06	009	mario	3
subcortex_CAU	26.384827198252978	8	mario	06	009	mario	3
subcortex_PUT	27.091435433055544	8	mario	06	009	mario	3
subcortex_THA	26.316896864092595	14	mario	06	009	mario	3
cerebellum	22.69821809489218	88	mario	06	009	mario	4
cortex_Cont	28.635159310713163	128	mario	06	009	mario	4
cortex_Default	28.75510858218712	209	mario	06	009	mario	4
cortex_DorsAttn	29.830039862807425	122	mario	06	009	mario	4
cortex_Limbic	13.084651719589424	60	mario	06	009	mario	4
cortex_SalVentAttn	30.643669196303154	121	mario	06	009	mario	4
cortex_SomMot	28.29823633171302	194	mario	06	009	mario	4
cortex_Vis	24.86854188107858	162	mario	06	009	mario	4
subcortex_CAU	25.312207042091245	8	mario	06	009	mario	4
subcortex_PUT	26.367068947696307	8	mario	06	009	mario	4
subcortex_THA	25.684009967950765	14	mario	06	009	mario	4
cerebellum	27.685721492151178	88	mario	06	010	mario	1
cortex_Cont	32.90987353313957	128	mario	06	010	mario	1
cortex_Default	32.94741535271472	209	mario	06	010	mario	1
cortex_DorsAttn	34.79332101484507	122	mario	06	010	mario	1
cortex_Limbic	15.293120459230071	60	mario	06	010	mario	1
cortex_SalVentAttn	34.215361942818824	121	mario	06	010	mario	1
cortex_SomMot	32.70883570384259	194	mario	06	010	mario	1
cortex_Vis	29.239696230680558	162	mario	06	010	mario	1
subcortex_CAU	26.702236274593453	8	mario	06	010	mario	1
subcortex_PUT	27.513374396701956	8	mario	06	010	mario	1
subcortex_THA	27.016811543116603	14	mario	06	010	mario	1
cerebellum	24.86543584595469	88	mario	06	010	mario	2
cortex_Cont	31.06182816819218	128	mario	06	010	mario	2
cortex_Default	31.331497329061506	209	mario	06	010	mario	2
cortex_DorsAttn	32.421703635050974	122	mario	06	010	mario	2
cortex_Limbic	14.003571620760237	60	mario	06	010	mario	2
cortex_SalVentAttn	32.54456761364691	121	mario	06	010	mario	2
cortex_SomMot	30.641073595477707	194	mario	06	010	mario	2
cortex_Vis	26.860646746843372	162	mario	06	010	mario	2
subcortex_CAU	26.118386625535802	8	mario	06	010	mario	2
subcortex_PUT	26.846159017496674	8	mario	06	010	mario	2
subcortex_THA	26.35289733838785	14	mario	06	010	mario	2
cerebellum	22.805987837367653	88	mario	06	010	mario	3
cortex_Cont	27.906532258870275	128	mario	06	010	mario	3
cortex_Default	28.59409535668934	209	mario	06	010	mario	3
cortex_DorsAttn	29.859092002793844	122	mario	06	010	mario	3
cortex_Limbic	13.14763631507119	60	mario	06	010	mario	3
cortex_SalVentAttn	30.34419721909807	121	mario	06	010	mario	3
cortex_SomMot	27.949979913376794	194	mario	06	010	mario	3
cortex_Vis	25.782004892707878	162	mario	06	010	mario	3
subcortex_CAU	24.81611911506968	8	mario	06	010	mario	3
subcortex_PUT	25.889885125648732	8	mario	06	010	mario	3
subcortex_THA	25.123894640138705	14	mario	06	010	mario	3
cerebellum	25.7945562358464	88	mario	06	010	mario	4
cortex_Cont	30.72062879053428	128	mario	06	010	mario	4
cortex_Default	30.62882873349721	209	mario	06	010	mario	4
cortex_DorsAttn	33.7404596577027	122	mario	06	010	mario	4
cortex_Limbic	13.792016712214597	60	mario	06	010	mario	4
cortex_SalVentAttn	32.672238811728256	121	mario	06	010	mario	4
cortex_SomMot	31.292357522654918	194	mario	06	010	mario	4
cortex_Vis	27.540491051937305	162	mario	06	010	mario	4
subcortex_CAU	25.292584530867252	8	mario	06	010	mario	4
subcortex_PUT	26.283830836237136	8	mario	06	010	mario	4
subcortex_THA	25.9475074629345	14	mario	06	010	mario	4
cerebellum	24.289929445059133	88	mario	06	011	mario	1
cortex_Cont	30.07481859409936	128	mario	06	011	mario	1
cortex_Default	30.239204561121465	209	mario	06	011	mario	1
cortex_DorsAttn	31.66053110341437	122	mario	06	011	mario	1
cortex_Limbic	13.62657443133114	60	mario	06	011	mario	1
cortex_SalVentAttn	32.51975645993834	121	mario	06	011	mario	1
cortex_SomMot	30.644824035726874	194	mario	06	011	mario	1
cortex_Vis	25.41101132230211	162	mario	06	011	mario	1
subcortex_CAU	26.69678134255323	8	mario	06	011	mario	1
subcortex_PUT	27.57127180534888	8	mario	06	011	mario	1
subcortex_THA	26.650528183490216	14	mario	06	011	mario	1
cerebellum	26.672640651131697	88	mario	06	011	mario	2
cortex_Cont	33.41592564587511	128	mario	06	011	mario	2
cortex_Default	33.53497468205182	209	mario	06	011	mario	2
cortex_DorsAttn	34.4219559370959	122	mario	06	011	mario	2
cortex_Limbic	15.27484295877088	60	mario	06	011	mario	2
cortex_SalVentAttn	35.72319759779189	121	mario	06	011	mario	2
cortex_SomMot	33.52912912246556	194	mario	06	011	mario	2
cortex_Vis	28.326539453219247	162	mario	06	011	mario	2
subcortex_CAU	26.449636818416007	8	mario	06	011	mario	2
subcortex_PUT	28.01315498388714	8	mario	06	011	mario	2
subcortex_THA	27.07514675436102	14	mario	06	011	mario	2
cerebellum	24.75872817753277	88	mario	06	011	mario	3
cortex_Cont	30.378736917865954	128	mario	06	011	mario	3
cortex_Default	30.739061155021624	209	mario	06	011	mario	3
cortex_DorsAttn	32.391300149432865	122	mario	06	011	mario	3
cortex_Limbic	14.046171549814444	60	mario	06	011	mario	3
cortex_SalVentAttn	32.7225172580178	121	mario	06	011	mario	3
cortex_SomMot	30.77659411369412	194	mario	06	011	mario	3
cortex_Vis	27.03778761067912	162	mario	06	011	mario	3
subcortex_CAU	25.808174416919577	8	mario	06	011	mario	3
subcortex_PUT	26.9338854805995	8	mario	06	011	mario	3
subcortex_THA	26.48152077216182	14	mario	06	011	mario	3
cerebellum	25.884186452683846	88	mario	06	011	mario	4
cortex_Cont	30.833142789387285	128	mario	06	011	mario	4
cortex_Default	30.86014022684035	209	mario	06	011	mario	4
cortex_DorsAttn	33.3696261791008	122	mario	06	011	mario	4
cortex_Limbic	14.38799526439137	60	mario	06	011	mario	4
cortex_SalVentAttn	33.022662718355846	121	mario	06	011	mario	4
cortex_SomMot	31.327364451942184	194	mario	06	011	mario	4
cortex_Vis	27.413100629395103	162	mario	06	011	mario	4
subcortex_CAU	25.52540258649943	8	mario	06	011	mario	4
subcortex_PUT	26.555983902962318	8	mario	06	011	mario	4
subcortex_THA	26.191407006315405	14	mario	06	011	mario	4
cerebellum	24.08149430478629	88	mario	06	011	mario	5
cortex_Cont	30.12410991123705	128	mario	06	011	mario	5
cortex_Default	30.147102356924403	209	mario	06	011	mario	5
cortex_DorsAttn	31.521043974603856	122	mario	06	011	mario	5
cortex_Limbic	14.078098642106301	60	mario	06	011	mario	5
cortex_SalVentAttn	32.00684206004318	121	mario	06	011	mario	5
cortex_SomMot	30.03813915267856	194	mario	06	011	mario	5
cortex_Vis	25.13564797258761	162	mario	06	011	mario	5
subcortex_CAU	24.99150045891839	8	mario	06	011	mario	5
subcortex_PUT	26.05977820538382	8	mario	06	011	mario	5
subcortex_THA	25.186163047762566	14	mario	06	011	mario	5
cerebellum	27.273470544338114	88	mario	06	012	mario	1
cortex_Cont	33.02160983591645	128	mario	06	012	mario	1
cortex_Default	32.993601034670505	209	mario	06	012	mario	1
cortex_DorsAttn	34.5777900337678	122	mario	06	012	mario	1
cortex_Limbic	16.129654062941572	60	mario	06	012	mario	1
cortex_SalVentAttn	35.25328268424247	121	mario	06	012	mario	1
cortex_SomMot	33.1150171359134	194	mario	06	012	mario	1
cortex_Vis	28.5446436522698	162	mario	06	012	mario	1
subcortex_CAU	26.74860435564195	8	mario	06	012	mario	1
subcortex_PUT	28.084504233590494	8	mario	06	012	mario	1
subcortex_THA	27.45110932123006	14	mario	06	012	mario	1
cerebellum	25.317989395206848	88	mario	06	012	mario	2
cortex_Cont	31.245660241496953	128	mario	06	012	mario	2
cortex_Default	31.313239837127707	209	mario	06	012	mario	2
cortex_DorsAttn	32.51771211462388	122	mario	06	012	mario	2
cortex_Limbic	14.357685217784027	60	mario	06	012	mario	2
cortex_SalVentAttn	33.349227114959795	121	mario	06	012	mario	2
cortex_SomMot	31.296790555257797	194	mario	06	012	mario	2
cortex_Vis	26.58564505478105	162	mario	06	012	mario	2
subcortex_CAU	26.458978238286658	8	mario	06	012	mario	2
subcortex_PUT	27.75825615244812	8	mario	06	012	mario	2
subcortex_THA	27.29387023684314	14	mario	06	012	mario	2
cerebellum	25.06266818529682	88	mario	06	012	mario	3
cortex_Cont	32.18103360939326	128	mario	06	012	mario	3
cortex_Default	31.638654955412232	209	mario	06	012	mario	3
cortex_DorsAttn	33.26926516679018	122	mario	06	012	mario	3
cortex_Limbic	14.511558693771848	60	mario	06	012	mario	3
cortex_SalVentAttn	33.740188548311465	121	mario	06	012	mario	3
cortex_SomMot	31.847193976763187	194	mario	06	012	mario	3
cortex_Vis	26.87750435914299	162	mario	06	012	mario	3
subcortex_CAU	25.3200935134922	8	mario	06	012	mario	3
subcortex_PUT	27.213617222549225	8	mario	06	012	mario	3
subcortex_THA	25.970846719986213	14	mario	06	012	mario	3
cerebellum	28.16930501552466	88	mario	06	012	mario	4
cortex_Cont	33.71911816434144	128	mario	06	012	mario	4
cortex_Default	33.193496380813016	209	mario	06	012	mario	4
cortex_DorsAttn	36.01288690234534	122	mario	06	012	mario	4
cortex_Limbic	15.292571694687387	60	mario	06	012	mario	4
cortex_SalVentAttn	35.002654998429186	121	mario	06	012	mario	4
cortex_SomMot	33.34891596703826	194	mario	06	012	mario	4
cortex_Vis	29.674542637012102	162	mario	06	012	mario	4
subcortex_CAU	26.304941237800794	8	mario	06	012	mario	4
subcortex_PUT	27.569664355710323	8	mario	06	012	mario	4
subcortex_THA	26.700593413126935	14	mario	06	012	mario	4
cerebellum	23.822785747103865	88	mario	06	012	mario	5
cortex_Cont	28.104223683553034	128	mario	06	012	mario	5
cortex_Default	27.925811536968247	209	mario	06	012	mario	5
cortex_DorsAttn	29.59486651370532	122	mario	06	012	mario	5
cortex_Limbic	13.669559975628307	60	mario	06	012	mario	5
cortex_SalVentAttn	29.991387027834094	121	mario	06	012	mario	5
cortex_SomMot	28.195240064808434	194	mario	06	012	mario	5
cortex_Vis	24.71150671834034	162	mario	06	012	mario	5
subcortex_CAU	23.784269472506885	8	mario	06	012	mario	5
subcortex_PUT	25.21660291884448	8	mario	06	012	mario	5
subcortex_THA	24.693049015073974	14	mario	06	012	mario	5
cerebellum	24.424099712062908	88	mario	06	013	mario	1
cortex_Cont	30.298493320840766	128	mario	06	013	mario	1
cortex_Default	30.504784167714227	209	mario	06	013	mario	1
cortex_DorsAttn	32.22846778731579	122	mario	06	013	mario	1
cortex_Limbic	14.939210937596505	60	mario	06	013	mario	1
cortex_SalVentAttn	32.69696794844106	121	mario	06	013	mario	1
cortex_SomMot	30.780561265120934	194	mario	06	013	mario	1
cortex_Vis	25.371868140129585	162	mario	06	013	mario	1
subcortex_CAU	26.254356098736377	8	mario	06	013	mario	1
subcortex_PUT	28.186056784217868	8	mario	06	013	mario	1
subcortex_THA	27.32386241743191	14	mario	06	013	mario	1
cerebellum	29.468269669605913	88	mario	06	013	mario	2
cortex_Cont	36.68194923586886	128	mario	06	013	mario	2
cortex_Default	35.93247750504403	209	mario	06	013	mario	2
cortex_DorsAttn	39.573529414026076	122	mario	06	013	mario	2
cortex_Limbic	16.422824064305694	60	mario	06	013	mario	2
cortex_SalVentAttn	37.75764592579232	121	mario	06	013	mario	2
cortex_SomMot	37.573006890733495	194	mario	06	013	mario	2
cortex_Vis	31.303853636943614	162	mario	06	013	mario	2
subcortex_CAU	27.461421348020608	8	mario	06	013	mario	2
subcortex_PUT	28.853997686222698	8	mario	06	013	mario	2
subcortex_THA	28.137701029389458	14	mario	06	013	mario	2
cerebellum	27.674399007629987	88	mario	06	013	mario	3
cortex_Cont	34.126405673669005	128	mario	06	013	mario	3
cortex_Default	33.879455081818605	209	mario	06	013	mario	3
cortex_DorsAttn	36.62151200436001	122	mario	06	013	mario	3
cortex_Limbic	15.625661071320044	60	mario	06	013	mario	3
cortex_SalVentAttn	35.24939300585234	121	mario	06	013	mario	3
cortex_SomMot	33.590223846682264	194	mario	06	013	mario	3
cortex_Vis	30.49790040894465	162	mario	06	013	mario	3
subcortex_CAU	26.97905816888796	8	mario	06	013	mario	3
subcortex_PUT	28.48379664224929	8	mario	06	013	mario	3
subcortex_THA	28.18133519295517	14	mario	06	013	mario	3
cerebellum	23.06819001622117	88	mario	06	013	mario	4
cortex_Cont	30.685313963608962	128	mario	06	013	mario	4
cortex_Default	30.33606338537246	209	mario	06	013	mario	4
cortex_DorsAttn	32.45366010667236	122	mario	06	013	mario	4
cortex_Limbic	14.296410825259303	60	mario	06	013	mario	4
cortex_SalVentAttn	32.646443117129586	121	mario	06	013	mario	4
cortex_SomMot	31.140745314328033	194	mario	06	013	mario	4
cortex_Vis	25.028194585440822	162	mario	06	013	mario	4
subcortex_CAU	27.310869956012983	8	mario	06	013	mario	4
subcortex_PUT	27.62098119642367	8	mario	06	013	mario	4
subcortex_THA	27.02064334933968	14	mario	06	013	mario	4
cerebellum	26.3351555885238	88	mario	06	013	mario	5
cortex_Cont	34.4178005434919	128	mario	06	013	mario	5
cortex_Default	33.74881994388617	209	mario	06	013	mario	5
cortex_DorsAttn	35.70155098358151	122	mario	06	013	mario	5
cortex_Limbic	16.23940348447638	60	mario	06	013	mario	5
cortex_SalVentAttn	35.78552139882188	121	mario	06	013	mario	5
cortex_SomMot	34.43737354667775	194	mario	06	013	mario	5
cortex_Vis	28.03402281593915	162	mario	06	013	mario	5
subcortex_CAU	27.51549129897513	8	mario	06	013	mario	5
subcortex_PUT	28.24099199835243	8	mario	06	013	mario	5
subcortex_THA	27.143129649371748	14	mario	06	013	mario	5
cerebellum	25.359229895208173	88	mario	06	014	mario	1
cortex_Cont	30.815826806642754	128	mario	06	014	mario	1
cortex_Default	31.108011136669447	209	mario	06	014	mario	1
cortex_DorsAttn	32.65009203779312	122	mario	06	014	mario	1
cortex_Limbic	14.42808553436769	60	mario	06	014	mario	1
cortex_SalVentAttn	32.97002945292651	121	mario	06	014	mario	1
cortex_SomMot	30.604857766201725	194	mario	06	014	mario	1
cortex_Vis	26.18120560390712	162	mario	06	014	mario	1
subcortex_CAU	25.301165028739597	8	mario	06	014	mario	1
subcortex_PUT	27.637491303060926	8	mario	06	014	mario	1
subcortex_THA	26.531402881106448	14	mario	06	014	mario	1
cerebellum	26.004230688842913	88	mario	06	014	mario	2
cortex_Cont	32.79179155096289	128	mario	06	014	mario	2
cortex_Default	32.619657108718265	209	mario	06	014	mario	2
cortex_DorsAttn	35.05976730584598	122	mario	06	014	mario	2
cortex_Limbic	14.168136015256334	60	mario	06	014	mario	2
cortex_SalVentAttn	34.488897641895456	121	mario	06	014	mario	2
cortex_SomMot	32.6929288549843	194	mario	06	014	mario	2
cortex_Vis	28.37796666587404	162	mario	06	014	mario	2
subcortex_CAU	24.959651065049037	8	mario	06	014	mario	2
subcortex_PUT	27.500474699754566	8	mario	06	014	mario	2
subcortex_THA	26.476877275918564	14	mario	06	014	mario	2
cerebellum	23.057116436593233	88	mario	06	014	mario	3
cortex_Cont	28.144181368550306	128	mario	06	014	mario	3
cortex_Default	28.47212961178466	209	mario	06	014	mario	3
cortex_DorsAttn	31.08570117976791	122	mario	06	014	mario	3
cortex_Limbic	12.809956217614332	60	mario	06	014	mario	3
cortex_SalVentAttn	30.76745408341482	121	mario	06	014	mario	3
cortex_SomMot	29.031039062673738	194	mario	06	014	mario	3
cortex_Vis	25.009088251081405	162	mario	06	014	mario	3
subcortex_CAU	23.97674304053888	8	mario	06	014	mario	3
subcortex_PUT	26.646686415061737	8	mario	06	014	mario	3
subcortex_THA	26.38289643670564	14	mario	06	014	mario	3
cerebellum	25.28388295088594	88	mario	06	014	mario	4
cortex_Cont	30.758858234553358	128	mario	06	014	mario	4
cortex_Default	30.877268011355135	209	mario	06	014	mario	4
cortex_DorsAttn	32.94252204312764	122	mario	06	014	mario	4
cortex_Limbic	14.749694650773808	60	mario	06	014	mario	4
cortex_SalVentAttn	33.32454233916844	121	mario	06	014	mario	4
cortex_SomMot	31.835439306920176	194	mario	06	014	mario	4
cortex_Vis	26.70282945570774	162	mario	06	014	mario	4
subcortex_CAU	25.61646171223818	8	mario	06	014	mario	4
subcortex_PUT	27.484398451104703	8	mario	06	014	mario	4
subcortex_THA	26.945709652258987	14	mario	06	014	mario	4
cerebellum	23.612942762362607	88	mario	06	015	mario	1
cortex_Cont	28.405160980274154	128	mario	06	015	mario	1
cortex_Default	28.399440563523154	209	mario	06	015	mario	1
cortex_DorsAttn	31.732353772934793	122	mario	06	015	mario	1
cortex_Limbic	13.88914102846072	60	mario	06	015	mario	1
cortex_SalVentAttn	30.663807207521565	121	mario	06	015	mario	1
cortex_SomMot	29.42252806562309	194	mario	06	015	mario	1
cortex_Vis	25.310439100287866	162	mario	06	015	mario	1
subcortex_CAU	24.570996216748142	8	mario	06	015	mario	1
subcortex_PUT	26.13832298936225	8	mario	06	015	mario	1
subcortex_THA	26.373761585627467	14	mario	06	015	mario	1
cerebellum	24.161991889686533	88	mario	06	015	mario	2
cortex_Cont	29.85336255871127	128	mario	06	015	mario	2
cortex_Default	29.44298952916005	209	mario	06	015	mario	2
cortex_DorsAttn	32.173677706267675	122	mario	06	015	mario	2
cortex_Limbic	14.206775205601515	60	mario	06	015	mario	2
cortex_SalVentAttn	31.893255518898304	121	mario	06	015	mario	2
cortex_SomMot	30.612573182338405	194	mario	06	015	mario	2
cortex_Vis	25.608629766008125	162	mario	06	015	mario	2
subcortex_CAU	26.28342290113691	8	mario	06	015	mario	2
subcortex_PUT	27.44199723285121	8	mario	06	015	mario	2
subcortex_THA	26.627499398426206	14	mario	06	015	mario	2
cerebellum	22.71104819464261	88	mario	06	015	mario	3
cortex_Cont	26.48551426048738	128	mario	06	015	mario	3
cortex_Default	26.893176110939685	209	mario	06	015	mario	3
cortex_DorsAttn	28.92691956020647	122	mario	06	015	mario	3
cortex_Limbic	12.93770534133679	60	mario	06	015	mario	3
cortex_SalVentAttn	28.80578665058146	121	mario	06	015	mario	3
cortex_SomMot	26.871065422786835	194	mario	06	015	mario	3
cortex_Vis	23.648067989029766	162	mario	06	015	mario	3
subcortex_CAU	22.673130221263982	8	mario	06	015	mario	3
subcortex_PUT	24.741416023139497	8	mario	06	015	mario	3
subcortex_THA	24.77211840301977	14	mario	06	015	mario	3
cerebellum	23.810184701282456	88	mario	06	015	mario	4
cortex_Cont	28.447799488102046	128	mario	06	015	mario	4
cortex_Default	28.610557765869615	209	mario	06	015	mario	4
cortex_DorsAttn	30.790680449714216	122	mario	06	015	mario	4
cortex_Limbic	14.071047090605653	60	mario	06	015	mario	4
cortex_SalVentAttn	30.246138114767476	121	mario	06	015	mario	4
cortex_SomMot	28.171134612819486	194	mario	06	015	mario	4
cortex_Vis	25.552541255569704	162	mario	06	015	mario	4
subcortex_CAU	25.152073312321047	8	mario	06	015	mario	4
subcortex_PUT	26.688095667063095	8	mario	06	015	mario	4
subcortex_THA	26.027842473672	14	mario	06	015	mario	4
cerebellum	26.487526962414258	88	mario	06	016	mario	1
cortex_Cont	31.71615090668073	128	mario	06	016	mario	1
cortex_Default	31.751935457175275	209	mario	06	016	mario	1
cortex_DorsAttn	34.394282290247915	122	mario	06	016	mario	1
cortex_Limbic	14.765730019647448	60	mario	06	016	mario	1
cortex_SalVentAttn	33.54156194292458	121	mario	06	016	mario	1
cortex_SomMot	31.927449601049755	194	mario	06	016	mario	1
cortex_Vis	27.79095870088291	162	mario	06	016	mario	1
subcortex_CAU	24.95872255277615	8	mario	06	016	mario	1
subcortex_PUT	27.646616926595986	8	mario	06	016	mario	1
subcortex_THA	26.6348309738532	14	mario	06	016	mario	1
cerebellum	27.103473101112787	88	mario	06	016	mario	2
cortex_Cont	32.85244375396383	128	mario	06	016	mario	2
cortex_Default	32.773183698848065	209	mario	06	016	mario	2
cortex_DorsAttn	36.52292528503126	122	mario	06	016	mario	2
cortex_Limbic	14.918540932402234	60	mario	06	016	mario	2
cortex_SalVentAttn	34.632659685843585	121	mario	06	016	mario	2
cortex_SomMot	33.55211088855164	194	mario	06	016	mario	2
cortex_Vis	29.503298210714547	162	mario	06	016	mario	2
subcortex_CAU	26.42684791065582	8	mario	06	016	mario	2
subcortex_PUT	28.48184403900219	8	mario	06	016	mario	2
subcortex_THA	27.859394829589437	14	mario	06	016	mario	2
cerebellum	24.781923159938938	88	mario	06	016	mario	3
cortex_Cont	31.067859999202643	128	mario	06	016	mario	3
cortex_Default	30.740209841962077	209	mario	06	016	mario	3
cortex_DorsAttn	33.23094919070135	122	mario	06	016	mario	3
cortex_Limbic	14.673856449481109	60	mario	06	016	mario	3
cortex_SalVentAttn	33.91421169143678	121	mario	06	016	mario	3
cortex_SomMot	32.522718318210885	194	mario	06	016	mario	3
cortex_Vis	26.125636103116307	162	mario	06	016	mario	3
subcortex_CAU	25.8725623046521	8	mario	06	016	mario	3
subcortex_PUT	27.916124601732623	8	mario	06	016	mario	3
subcortex_THA	26.982790189118806	14	mario	06	016	mario	3
cerebellum	25.69052997522853	88	mario	06	016	mario	4
cortex_Cont	29.402211995551568	128	mario	06	016	mario	4
cortex_Default	30.23706643610423	209	mario	06	016	mario	4
cortex_DorsAttn	32.29809267858133	122	mario	06	016	mario	4
cortex_Limbic	14.223518629687671	60	mario	06	016	mario	4
cortex_SalVentAttn	32.0400476077252	121	mario	06	016	mario	4
cortex_SomMot	30.055818126943947	194	mario	06	016	mario	4
cortex_Vis	27.457203379186023	162	mario	06	016	mario	4
subcortex_CAU	24.42264669313539	8	mario	06	016	mario	4
subcortex_PUT	27.223145482947483	8	mario	06	016	mario	4
subcortex_THA	26.612412242041007	14	mario	06	016	mario	4
cerebellum	28.817985642362615	88	mario	06	017	mario	1
cortex_Cont	34.01091743851273	128	mario	06	017	mario	1
cortex_Default	33.4268163754637	209	mario	06	017	mario	1
cortex_DorsAttn	36.86986245497716	122	mario	06	017	mario	1
cortex_Limbic	15.640193878414173	60	mario	06	017	mario	1
cortex_SalVentAttn	34.92774649016477	121	mario	06	017	mario	1
cortex_SomMot	34.21599961508387	194	mario	06	017	mario	1
cortex_Vis	30.715712298196177	162	mario	06	017	mario	1
subcortex_CAU	26.95472699038841	8	mario	06	017	mario	1
subcortex_PUT	28.421555167547016	8	mario	06	017	mario	1
subcortex_THA	27.878990802233982	14	mario	06	017	mario	1
cerebellum	28.35762042076535	88	mario	06	017	mario	2
cortex_Cont	34.766418319323904	128	mario	06	017	mario	2
cortex_Default	34.12161364892943	209	mario	06	017	mario	2
cortex_DorsAttn	37.80729077212772	122	mario	06	017	mario	2
cortex_Limbic	16.0752172227714	60	mario	06	017	mario	2
cortex_SalVentAttn	35.60079852368866	121	mario	06	017	mario	2
cortex_SomMot	34.833133851732214	194	mario	06	017	mario	2
cortex_Vis	30.144769757988662	162	mario	06	017	mario	2
subcortex_CAU	28.41734746003494	8	mario	06	017	mario	2
subcortex_PUT	29.44659971579472	8	mario	06	017	mario	2
subcortex_THA	28.383595710447448	14	mario	06	017	mario	2
cerebellum	26.457357106241215	88	mario	06	017	mario	3
cortex_Cont	31.835107153807563	128	mario	06	017	mario	3
cortex_Default	32.039556909645675	209	mario	06	017	mario	3
cortex_DorsAttn	33.603940907866104	122	mario	06	017	mario	3
cortex_Limbic	15.746335125197778	60	mario	06	017	mario	3
cortex_SalVentAttn	33.93843819868234	121	mario	06	017	mario	3
cortex_SomMot	32.45187173977003	194	mario	06	017	mario	3
cortex_Vis	27.15577412808785	162	mario	06	017	mario	3
subcortex_CAU	28.056673170775962	8	mario	06	017	mario	3
subcortex_PUT	28.825881510387745	8	mario	06	017	mario	3
subcortex_THA	27.78961411479772	14	mario	06	017	mario	3
cerebellum	28.093140390514815	88	mario	06	017	mario	4
cortex_Cont	30.733598070924664	128	mario	06	017	mario	4
cortex_Default	30.718950340566575	209	mario	06	017	mario	4
cortex_DorsAttn	33.24235427557732	122	mario	06	017	mario	4
cortex_Limbic	14.991650999264088	60	mario	06	017	mario	4
cortex_SalVentAttn	33.02783999333652	121	mario	06	017	mario	4
cortex_SomMot	30.64601353942413	194	mario	06	017	mario	4
cortex_Vis	27.86121423375711	162	mario	06	017	mario	4
subcortex_CAU	25.794562515498757	8	mario	06	017	mario	4
subcortex_PUT	27.358814089938107	8	mario	06	017	mario	4
subcortex_THA	26.886682686568673	14	mario	06	017	mario	4
cerebellum	26.90903404758268	88	mario	06	018	mario	1
cortex_Cont	31.12909735048335	128	mario	06	018	mario	1
cortex_Default	30.955952943563936	209	mario	06	018	mario	1
cortex_DorsAttn	34.11432980344268	122	mario	06	018	mario	1
cortex_Limbic	14.428102820952143	60	mario	06	018	mario	1
cortex_SalVentAttn	32.563568712093094	121	mario	06	018	mario	1
cortex_SomMot	31.43829159630176	194	mario	06	018	mario	1
cortex_Vis	27.965793126846496	162	mario	06	018	mario	1
subcortex_CAU	26.098856032386248	8	mario	06	018	mario	1
subcortex_PUT	28.20862237679987	8	mario	06	018	mario	1
subcortex_THA	26.855833739403312	14	mario	06	018	mario	1
cerebellum	28.67830769220723	88	mario	06	018	mario	2
cortex_Cont	35.9461670981709	128	mario	06	018	mario	2
cortex_Default	34.928363016351106	209	mario	06	018	mario	2
cortex_DorsAttn	39.10644152770989	122	mario	06	018	mario	2
cortex_Limbic	16.24304583527617	60	mario	06	018	mario	2
cortex_SalVentAttn	38.37742704316821	121	mario	06	018	mario	2
cortex_SomMot	37.72100218464896	194	mario	06	018	mario	2
cortex_Vis	30.44163338011722	162	mario	06	018	mario	2
subcortex_CAU	29.317939046977084	8	mario	06	018	mario	2
subcortex_PUT	30.77815377818571	8	mario	06	018	mario	2
subcortex_THA	29.778314711625093	14	mario	06	018	mario	2
cerebellum	24.797088147588056	88	mario	06	019	mario	1
cortex_Cont	30.81735047127415	128	mario	06	019	mario	1
cortex_Default	30.876413243985695	209	mario	06	019	mario	1
cortex_DorsAttn	33.040206590926566	122	mario	06	019	mario	1
cortex_Limbic	15.067069323533415	60	mario	06	019	mario	1
cortex_SalVentAttn	31.613252013393033	121	mario	06	019	mario	1
cortex_SomMot	29.532243773575534	194	mario	06	019	mario	1
cortex_Vis	26.803638262041144	162	mario	06	019	mario	1
subcortex_CAU	26.429284632343517	8	mario	06	019	mario	1
subcortex_PUT	27.26519776393945	8	mario	06	019	mario	1
subcortex_THA	26.377583546871787	14	mario	06	019	mario	1
cerebellum	25.91887683679639	88	mario	06	019	mario	2
cortex_Cont	33.00679250812337	128	mario	06	019	mario	2
cortex_Default	32.26046259338361	209	mario	06	019	mario	2
cortex_DorsAttn	34.92280933905767	122	mario	06	019	mario	2
cortex_Limbic	15.484794635269282	60	mario	06	019	mario	2
cortex_SalVentAttn	34.38398927329839	121	mario	06	019	mario	2
cortex_SomMot	33.044880772016676	194	mario	06	019	mario	2
cortex_Vis	27.13550153047992	162	mario	06	019	mario	2
subcortex_CAU	28.195055385949967	8	mario	06	019	mario	2
subcortex_PUT	28.692176062684826	8	mario	06	019	mario	2
subcortex_THA	27.51276445653772	14	mario	06	019	mario	2
cerebellum	26.991817327696207	88	mario	06	019	mario	3
cortex_Cont	33.68901605439537	128	mario	06	019	mario	3
cortex_Default	32.877236257027846	209	mario	06	019	mario	3
cortex_DorsAttn	35.64372019991585	122	mario	06	019	mario	3
cortex_Limbic	15.438620329942342	60	mario	06	019	mario	3
cortex_SalVentAttn	35.22652427804642	121	mario	06	019	mario	3
cortex_SomMot	34.31865484624634	194	mario	06	019	mario	3
cortex_Vis	28.169005724930887	162	mario	06	019	mario	3
subcortex_CAU	26.997053617420455	8	mario	06	019	mario	3
subcortex_PUT	28.300119466864007	8	mario	06	019	mario	3
subcortex_THA	27.50718693340937	14	mario	06	019	mario	3
cerebellum	27.965122323399058	88	mario	06	019	mario	4
cortex_Cont	37.281099308410056	128	mario	06	019	mario	4
cortex_Default	35.47273813377329	209	mario	06	019	mario	4
cortex_DorsAttn	38.55769580090713	122	mario	06	019	mario	4
cortex_Limbic	16.459981624490368	60	mario	06	019	mario	4
cortex_SalVentAttn	37.34156622348196	121	mario	06	019	mario	4
cortex_SomMot	36.55080072651064	194	mario	06	019	mario	4
cortex_Vis	29.87127471250855	162	mario	06	019	mario	4
subcortex_CAU	28.146958777909234	8	mario	06	019	mario	4
subcortex_PUT	29.12072862822002	8	mario	06	019	mario	4
subcortex_THA	27.535966917721336	14	mario	06	019	mario	4
cerebellum	28.05955716983043	88	mario	06	020	mario	1
cortex_Cont	36.37108121426097	128	mario	06	020	mario	1
cortex_Default	35.19427173931345	209	mario	06	020	mario	1
cortex_DorsAttn	37.03646378426496	122	mario	06	020	mario	1
cortex_Limbic	16.320729259234728	60	mario	06	020	mario	1
cortex_SalVentAttn	37.17706495831888	121	mario	06	020	mario	1
cortex_SomMot	35.941572244138456	194	mario	06	020	mario	1
cortex_Vis	28.763354497631198	162	mario	06	020	mario	1
subcortex_CAU	28.44601238750238	8	mario	06	020	mario	1
subcortex_PUT	29.125038589067323	8	mario	06	020	mario	1
subcortex_THA	28.08555310223705	14	mario	06	020	mario	1
cerebellum	27.18688001567188	88	mario	06	020	mario	2
cortex_Cont	34.102619121475975	128	mario	06	020	mario	2
cortex_Default	33.68048008666931	209	mario	06	020	mario	2
cortex_DorsAttn	34.91704948388226	122	mario	06	020	mario	2
cortex_Limbic	16.10094079018324	60	mario	06	020	mario	2
cortex_SalVentAttn	35.80237038965534	121	mario	06	020	mario	2
cortex_SomMot	34.521595073001535	194	mario	06	020	mario	2
cortex_Vis	27.53278106801884	162	mario	06	020	mario	2
subcortex_CAU	27.44872857451826	8	mario	06	020	mario	2
subcortex_PUT	28.624023541853294	8	mario	06	020	mario	2
subcortex_THA	27.585917357880813	14	mario	06	020	mario	2
cerebellum	27.456991690174366	88	mario	06	020	mario	3
cortex_Cont	29.41749091998358	128	mario	06	020	mario	3
cortex_Default	30.27951142934514	209	mario	06	020	mario	3
cortex_DorsAttn	33.3235919265151	122	mario	06	020	mario	3
cortex_Limbic	14.546815291133575	60	mario	06	020	mario	3
cortex_SalVentAttn	31.287282101191078	121	mario	06	020	mario	3
cortex_SomMot	29.218802400748167	194	mario	06	020	mario	3
cortex_Vis	28.94181542893734	162	mario	06	020	mario	3
subcortex_CAU	23.68312791926186	8	mario	06	020	mario	3
subcortex_PUT	26.32353677642096	8	mario	06	020	mario	3
subcortex_THA	26.467891581352053	14	mario	06	020	mario	3
cerebellum	27.23374847383989	88	mario	06	020	mario	4
cortex_Cont	33.23294546107936	128	mario	06	020	mario	4
cortex_Default	32.57049992778665	209	mario	06	020	mario	4
cortex_DorsAttn	35.054886154150196	122	mario	06	020	mario	4
cortex_Limbic	15.407723059482192	60	mario	06	020	mario	4
cortex_SalVentAttn	34.7044561984295	121	mario	06	020	mario	4
cortex_SomMot	33.18370789047512	194	mario	06	020	mario	4
cortex_Vis	28.109201871069622	162	mario	06	020	mario	4
subcortex_CAU	26.857430353090173	8	mario	06	020	mario	4
subcortex_PUT	27.9690763286957	8	mario	06	020	mario	4
subcortex_THA	27.157038529949027	14	mario	06	020	mario	4
cerebellum	25.826541717436523	88	mario	06	021	mario	1
cortex_Cont	30.164217359603214	128	mario	06	021	mario	1
cortex_Default	30.84237246812852	209	mario	06	021	mario	1
cortex_DorsAttn	33.623934478557565	122	mario	06	021	mario	1
cortex_Limbic	14.653456902287378	60	mario	06	021	mario	1
cortex_SalVentAttn	31.55301244575989	121	mario	06	021	mario	1
cortex_SomMot	29.753334264509956	194	mario	06	021	mario	1
cortex_Vis	28.459964022945535	162	mario	06	021	mario	1
subcortex_CAU	26.19796364469176	8	mario	06	021	mario	1
subcortex_PUT	27.106902647453914	8	mario	06	021	mario	1
subcortex_THA	27.348857131552023	14	mario	06	021	mario	1
cerebellum	28.190124280412306	88	mario	06	021	mario	2
cortex_Cont	32.9848919271033	128	mario	06	021	mario	2
cortex_Default	33.05695531071033	209	mario	06	021	mario	2
cortex_DorsAttn	36.567049648718026	122	mario	06	021	mario	2
cortex_Limbic	15.35276041410944	60	mario	06	021	mario	2
cortex_SalVentAttn	34.80831688111123	121	mario	06	021	mario	2
cortex_SomMot	34.01650134468233	194	mario	06	021	mario	2
cortex_Vis	29.787266603135354	162	mario	06	021	mario	2
subcortex_CAU	27.369642460314413	8	mario	06	021	mario	2
subcortex_PUT	28.130209401383333	8	mario	06	021	mario	2
subcortex_THA	28.11510787434936	14	mario	06	021	mario	2
cerebellum	27.299233760076557	88	mario	06	021	mario	3
cortex_Cont	33.32334208714135	128	mario	06	021	mario	3
cortex_Default	32.478128711673016	209	mario	06	021	mario	3
cortex_DorsAttn	35.59261964497234	122	mario	06	021	mario	3
cortex_Limbic	14.961828800009576	60	mario	06	021	mario	3
cortex_SalVentAttn	34.21077245121771	121	mario	06	021	mario	3
cortex_SomMot	33.42725098234728	194	mario	06	021	mario	3
cortex_Vis	28.721335462458054	162	mario	06	021	mario	3
subcortex_CAU	27.307884931636643	8	mario	06	021	mario	3
subcortex_PUT	27.860358937530943	8	mario	06	021	mario	3
subcortex_THA	27.347228001759444	14	mario	06	021	mario	3
cerebellum	27.017334821837462	88	mario	06	022	mario	1
cortex_Cont	33.92881282482389	128	mario	06	022	mario	1
cortex_Default	33.486910576340755	209	mario	06	022	mario	1
cortex_DorsAttn	35.626792773280606	122	mario	06	022	mario	1
cortex_Limbic	15.643436382413478	60	mario	06	022	mario	1
cortex_SalVentAttn	35.880385526580945	121	mario	06	022	mario	1
cortex_SomMot	33.88891887238862	194	mario	06	022	mario	1
cortex_Vis	28.309151116907067	162	mario	06	022	mario	1
subcortex_CAU	26.98078318010831	8	mario	06	022	mario	1
subcortex_PUT	28.283372937179628	8	mario	06	022	mario	1
subcortex_THA	27.36971141212326	14	mario	06	022	mario	1
cerebellum	25.103715156464947	88	mario	06	022	mario	2
cortex_Cont	31.766968285332453	128	mario	06	022	mario	2
cortex_Default	31.512971131955887	209	mario	06	022	mario	2
cortex_DorsAttn	34.166840638302205	122	mario	06	022	mario	2
cortex_Limbic	15.124245438156885	60	mario	06	022	mario	2
cortex_SalVentAttn	33.986799751728846	121	mario	06	022	mario	2
cortex_SomMot	32.704940238564014	194	mario	06	022	mario	2
cortex_Vis	26.894506966651793	162	mario	06	022	mario	2
subcortex_CAU	25.803802420040295	8	mario	06	022	mario	2
subcortex_PUT	27.48452020112544	8	mario	06	022	mario	2
subcortex_THA	26.73917251103399	14	mario	06	022	mario	2
cerebellum	28.106678431650064	88	mario	06	022	mario	3
cortex_Cont	34.80685355137086	128	mario	06	022	mario	3
cortex_Default	33.64687909082261	209	mario	06	022	mario	3
cortex_DorsAttn	38.058487684826844	122	mario	06	022	mario	3
cortex_Limbic	14.626913192407137	60	mario	06	022	mario	3
cortex_SalVentAttn	35.90954862318044	121	mario	06	022	mario	3
cortex_SomMot	35.69614111720348	194	mario	06	022	mario	3
cortex_Vis	30.25841306364722	162	mario	06	022	mario	3
subcortex_CAU	26.000637838085645	8	mario	06	022	mario	3
subcortex_PUT	27.35765603291311	8	mario	06	022	mario	3
subcortex_THA	26.905401989241533	14	mario	06	022	mario	3
cerebellum	24.391401188962927	88	mario	06	022	mario	4
cortex_Cont	30.822500280055223	128	mario	06	022	mario	4
cortex_Default	30.503603719669982	209	mario	06	022	mario	4
cortex_DorsAttn	32.95583922419474	122	mario	06	022	mario	4
cortex_Limbic	14.550717279369094	60	mario	06	022	mario	4
cortex_SalVentAttn	32.823336559514004	121	mario	06	022	mario	4
cortex_SomMot	30.982725378165203	194	mario	06	022	mario	4
cortex_Vis	26.417177960584596	162	mario	06	022	mario	4
subcortex_CAU	25.311390157495765	8	mario	06	022	mario	4
subcortex_PUT	26.998305824185437	8	mario	06	022	mario	4
subcortex_THA	26.477271864349923	14	mario	06	022	mario	4
cerebellum	26.954659132014605	88	mario	06	023	mario	1
cortex_Cont	34.825831424689206	128	mario	06	023	mario	1
cortex_Default	33.85008941180992	209	mario	06	023	mario	1
cortex_DorsAttn	36.03008223139156	122	mario	06	023	mario	1
cortex_Limbic	16.524376550954145	60	mario	06	023	mario	1
cortex_SalVentAttn	36.31065568454905	121	mario	06	023	mario	1
cortex_SomMot	34.678426010800166	194	mario	06	023	mario	1
cortex_Vis	28.226803114179567	162	mario	06	023	mario	1
subcortex_CAU	28.458147227648638	8	mario	06	023	mario	1
subcortex_PUT	29.15190251033856	8	mario	06	023	mario	1
subcortex_THA	27.72920405317297	14	mario	06	023	mario	1
cerebellum	25.749223928621383	88	mario	06	023	mario	2
cortex_Cont	32.71045330357539	128	mario	06	023	mario	2
cortex_Default	32.07163022926282	209	mario	06	023	mario	2
cortex_DorsAttn	34.29926327573573	122	mario	06	023	mario	2
cortex_Limbic	15.84982583226318	60	mario	06	023	mario	2
cortex_SalVentAttn	34.433407954319	121	mario	06	023	mario	2
cortex_SomMot	32.73956154091795	194	mario	06	023	mario	2
cortex_Vis	26.772821970987966	162	mario	06	023	mario	2
subcortex_CAU	28.064594964090325	8	mario	06	023	mario	2
subcortex_PUT	28.819889613003852	8	mario	06	023	mario	2
subcortex_THA	27.629229770944203	14	mario	06	023	mario	2
cerebellum	23.811622292900157	88	mario	06	023	mario	3
cortex_Cont	28.93371737703371	128	mario	06	023	mario	3
cortex_Default	29.138427821253366	209	mario	06	023	mario	3
cortex_DorsAttn	31.13379430616963	122	mario	06	023	mario	3
cortex_Limbic	13.63868374282698	60	mario	06	023	mario	3
cortex_SalVentAttn	30.822352323072426	121	mario	06	023	mario	3
cortex_SomMot	28.78572252924669	194	mario	06	023	mario	3
cortex_Vis	26.00544485502351	162	mario	06	023	mario	3
subcortex_CAU	25.61803237332265	8	mario	06	023	mario	3
subcortex_PUT	27.55516787158114	8	mario	06	023	mario	3
subcortex_THA	26.469808411310442	14	mario	06	023	mario	3
cerebellum	24.580368063434488	88	mario	06	023	mario	4
cortex_Cont	29.730824230889727	128	mario	06	023	mario	4
cortex_Default	29.838357952312634	209	mario	06	023	mario	4
cortex_DorsAttn	32.22598936275643	122	mario	06	023	mario	4
cortex_Limbic	13.323662705006948	60	mario	06	023	mario	4
cortex_SalVentAttn	31.410198270651172	121	mario	06	023	mario	4
cortex_SomMot	29.545465104982465	194	mario	06	023	mario	4
cortex_Vis	26.60003964451175	162	mario	06	023	mario	4
subcortex_CAU	25.940359052981027	8	mario	06	023	mario	4
subcortex_PUT	27.104178240986474	8	mario	06	023	mario	4
subcortex_THA	26.07490772455909	14	mario	06	023	mario	4
cerebellum	24.86100792679932	88	mario	06	023	mario	5
cortex_Cont	31.60048811579151	128	mario	06	023	mario	5
cortex_Default	31.184653458062098	209	mario	06	023	mario	5
cortex_DorsAttn	33.15464448041464	122	mario	06	023	mario	5
cortex_Limbic	14.81847250526909	60	mario	06	023	mario	5
cortex_SalVentAttn	33.59660522761231	121	mario	06	023	mario	5
cortex_SomMot	31.989991184657868	194	mario	06	023	mario	5
cortex_Vis	26.603067860266673	162	mario	06	023	mario	5
subcortex_CAU	27.696338830184715	8	mario	06	023	mario	5
subcortex_PUT	28.20130867439376	8	mario	06	023	mario	5
subcortex_THA	27.22202177501518	14	mario	06	023	mario	5
cerebellum	27.12296865927595	88	mario	06	024	mario	1
cortex_Cont	33.39625587569864	128	mario	06	024	mario	1
cortex_Default	32.73532425992732	209	mario	06	024	mario	1
cortex_DorsAttn	35.13638509429321	122	mario	06	024	mario	1
cortex_Limbic	15.913292189477374	60	mario	06	024	mario	1
cortex_SalVentAttn	35.00139031665643	121	mario	06	024	mario	1
cortex_SomMot	32.78479774749636	194	mario	06	024	mario	1
cortex_Vis	28.16490624778728	162	mario	06	024	mario	1
subcortex_CAU	27.947596384736578	8	mario	06	024	mario	1
subcortex_PUT	29.341120094477343	8	mario	06	024	mario	1
subcortex_THA	27.848908716423978	14	mario	06	024	mario	1
cerebellum	28.38608240719477	88	mario	06	024	mario	2
cortex_Cont	35.24682547488306	128	mario	06	024	mario	2
cortex_Default	34.53514418019991	209	mario	06	024	mario	2
cortex_DorsAttn	37.48290101787354	122	mario	06	024	mario	2
cortex_Limbic	16.015340821546225	60	mario	06	024	mario	2
cortex_SalVentAttn	36.80071294922539	121	mario	06	024	mario	2
cortex_SomMot	35.242292980866	194	mario	06	024	mario	2
cortex_Vis	30.487102775005216	162	mario	06	024	mario	2
subcortex_CAU	28.67599105882785	8	mario	06	024	mario	2
subcortex_PUT	29.480382061707694	8	mario	06	024	mario	2
subcortex_THA	28.637783819665522	14	mario	06	024	mario	2
cerebellum	26.3843375176026	88	mario	06	024	mario	3
cortex_Cont	32.262767941231985	128	mario	06	024	mario	3
cortex_Default	32.04052458849379	209	mario	06	024	mario	3
cortex_DorsAttn	33.800278168826836	122	mario	06	024	mario	3
cortex_Limbic	14.722579016454956	60	mario	06	024	mario	3
cortex_SalVentAttn	34.765501019751206	121	mario	06	024	mario	3
cortex_SomMot	33.18574089298754	194	mario	06	024	mario	3
cortex_Vis	27.19725607789118	162	mario	06	024	mario	3
subcortex_CAU	27.35542043288049	8	mario	06	024	mario	3
subcortex_PUT	28.39597595186373	8	mario	06	024	mario	3
subcortex_THA	27.80923917577373	14	mario	06	024	mario	3
cerebellum	27.960763390672067	88	mario	06	024	mario	4
cortex_Cont	32.11238445010023	128	mario	06	024	mario	4
cortex_Default	32.22608213225997	209	mario	06	024	mario	4
cortex_DorsAttn	34.89181979022247	122	mario	06	024	mario	4
cortex_Limbic	15.079599125685224	60	mario	06	024	mario	4
cortex_SalVentAttn	34.86164878691296	121	mario	06	024	mario	4
cortex_SomMot	32.787198769656804	194	mario	06	024	mario	4
cortex_Vis	28.98307778329617	162	mario	06	024	mario	4
subcortex_CAU	26.526431371635653	8	mario	06	024	mario	4
subcortex_PUT	27.966535707899347	8	mario	06	024	mario	4
subcortex_THA	27.609811043114767	14	mario	06	024	mario	4
cerebellum	29.359594580351356	88	mario	06	024	mario	5
cortex_Cont	34.41712307445629	128	mario	06	024	mario	5
cortex_Default	34.06110136841995	209	mario	06	024	mario	5
cortex_DorsAttn	38.4756738665782	122	mario	06	024	mario	5
cortex_Limbic	15.095619524047358	60	mario	06	024	mario	5
cortex_SalVentAttn	35.958040985885894	121	mario	06	024	mario	5
cortex_SomMot	34.44088498635841	194	mario	06	024	mario	5
cortex_Vis	32.24942451032358	162	mario	06	024	mario	5
subcortex_CAU	26.510205258591178	8	mario	06	024	mario	5
subcortex_PUT	28.26395604744807	8	mario	06	024	mario	5
subcortex_THA	27.471350214695157	14	mario	06	024	mario	5
cerebellum	26.818296887159455	88	mario	06	025	mario	1
cortex_Cont	34.831511002921246	128	mario	06	025	mario	1
cortex_Default	33.73515133772251	209	mario	06	025	mario	1
cortex_DorsAttn	34.540271363389245	122	mario	06	025	mario	1
cortex_Limbic	16.431191301082553	60	mario	06	025	mario	1
cortex_SalVentAttn	35.17364526413975	121	mario	06	025	mario	1
cortex_SomMot	32.44281527786397	194	mario	06	025	mario	1
cortex_Vis	27.815786240700938	162	mario	06	025	mario	1
subcortex_CAU	27.489546082898844	8	mario	06	025	mario	1
subcortex_PUT	28.640546058139137	8	mario	06	025	mario	1
subcortex_THA	27.298944557331733	14	mario	06	025	mario	1
cerebellum	31.6478684317648	88	mario	06	025	mario	2
cortex_Cont	37.2546078369797	128	mario	06	025	mario	2
cortex_Default	36.84419697345521	209	mario	06	025	mario	2
cortex_DorsAttn	39.90052712914012	122	mario	06	025	mario	2
cortex_Limbic	16.84931909715759	60	mario	06	025	mario	2
cortex_SalVentAttn	38.34851874922086	121	mario	06	025	mario	2
cortex_SomMot	37.158949488891906	194	mario	06	025	mario	2
cortex_Vis	33.631324549525104	162	mario	06	025	mario	2
subcortex_CAU	27.9441445716833	8	mario	06	025	mario	2
subcortex_PUT	29.13159596850069	8	mario	06	025	mario	2
subcortex_THA	28.589550523941963	14	mario	06	025	mario	2
cerebellum	29.305369010742506	88	mario	06	025	mario	3
cortex_Cont	32.96183364116684	128	mario	06	025	mario	3
cortex_Default	33.26419778869847	209	mario	06	025	mario	3
cortex_DorsAttn	36.743348068190755	122	mario	06	025	mario	3
cortex_Limbic	15.120832490484126	60	mario	06	025	mario	3
cortex_SalVentAttn	34.78015459172483	121	mario	06	025	mario	3
cortex_SomMot	33.45828353610874	194	mario	06	025	mario	3
cortex_Vis	30.97093535276637	162	mario	06	025	mario	3
subcortex_CAU	26.364597758327736	8	mario	06	025	mario	3
subcortex_PUT	28.42337626316126	8	mario	06	025	mario	3
subcortex_THA	27.63667097784644	14	mario	06	025	mario	3
cerebellum	29.295142788009844	88	mario	06	025	mario	4
cortex_Cont	31.2440428355039	128	mario	06	025	mario	4
cortex_Default	31.606545259917652	209	mario	06	025	mario	4
cortex_DorsAttn	35.148993836393466	122	mario	06	025	mario	4
cortex_Limbic	14.560439419239174	60	mario	06	025	mario	4
cortex_SalVentAttn	33.54146077224821	121	mario	06	025	mario	4
cortex_SomMot	31.630392794705468	194	mario	06	025	mario	4
cortex_Vis	30.334148082108044	162	mario	06	025	mario	4
subcortex_CAU	25.228991255903612	8	mario	06	025	mario	4
subcortex_PUT	27.627652192556766	8	mario	06	025	mario	4
subcortex_THA	26.85719346701425	14	mario	06	025	mario	4
cerebellum	28.098737900536683	88	mario	06	025	mario	5
cortex_Cont	32.2629521040382	128	mario	06	025	mario	5
cortex_Default	32.23957910328401	209	mario	06	025	mario	5
cortex_DorsAttn	36.1343891002899	122	mario	06	025	mario	5
cortex_Limbic	14.844306221160243	60	mario	06	025	mario	5
cortex_SalVentAttn	34.20459496050046	121	mario	06	025	mario	5
cortex_SomMot	32.496551902800924	194	mario	06	025	mario	5
cortex_Vis	29.914958342993533	162	mario	06	025	mario	5
subcortex_CAU	25.68615827480596	8	mario	06	025	mario	5
subcortex_PUT	27.25289175696165	8	mario	06	025	mario	5
subcortex_THA	27.06886834025391	14	mario	06	025	mario	5
