group	tsnr_mean	n_parcels	dataset	subject	session	task	run
cerebellum	34.22842364953743	88	movie10	01	001	bourne01	
cortex_Cont	48.043438413344354	128	movie10	01	001	bourne01	
cortex_Default	44.85517367753141	209	movie10	01	001	bourne01	
cortex_DorsAttn	46.930969063287684	122	movie10	01	001	bourne01	
cortex_Limbic	26.35992068625052	60	movie10	01	001	bourne01	
cortex_SalVentAttn	45.711243251854256	121	movie10	01	001	bourne01	
cortex_SomMot	46.071523176492924	194	movie10	01	001	bourne01	
cortex_Vis	38.07858576519248	162	movie10	01	001	bourne01	
subcortex_CAU	28.449944806865478	8	movie10	01	001	bourne01	
subcortex_PUT	28.50174103713253	8	movie10	01	001	bourne01	
subcortex_THA	27.439724412141732	14	movie10	01	001	bourne01	
cerebellum	34.687863616569786	88	movie10	01	001	bourne02	
cortex_Cont	48.118559811266046	128	movie10	01	001	bourne02	
cortex_Default	44.50418413486353	209	movie10	01	001	bourne02	
cortex_DorsAttn	47.39749066068214	122	movie10	01	001	bourne02	
cortex_Limbic	25.57433326192931	60	movie10	01	001	bourne02	
cortex_SalVentAttn	45.02933712737063	121	movie10	01	001	bourne02	
cortex_SomMot	45.93658533362328	194	movie10	01	001	bourne02	
cortex_Vis	39.382134150754034	162	movie10	01	001	bourne02	
subcortex_CAU	28.413428685702634	8	movie10	01	001	bourne02	
subcortex_PUT	27.934713484520405	8	movie10	01	001	bourne02	
subcortex_THA	27.31145243056239	14	movie10	01	001	bourne02	
cerebellum	35.06595233108496	88	movie10	01	001	bourne03	
cortex_Cont	49.6070921637956	128	movie10	01	001	bourne03	
cortex_Default	45.49313795357125	209	movie10	01	001	bourne03	
cortex_DorsAttn	48.34793692748793	122	movie10	01	001	bourne03	
cortex_Limbic	26.414843077763052	60	movie10	01	001	bourne03	
cortex_SalVentAttn	45.91839473877049	121	movie10	01	001	bourne03	
cortex_SomMot	46.265566578794974	194	movie10	01	001	bourne03	
cortex_Vis	39.97544356928105	162	movie10	01	001	bourne03	
subcortex_CAU	29.71899094665014	8	movie10	01	001	bourne03	
subcortex_PUT	30.011634084705687	8	movie10	01	001	bourne03	
subcortex_THA	27.22241282784488	14	movie10	01	001	bourne03	
cerebellum	36.00350740197161	88	movie10	01	001	bourne04	
cortex_Cont	46.74253432923027	128	movie10	01	001	bourne04	
cortex_Default	43.29971564762124	209	movie10	01	001	bourne04	
cortex_DorsAttn	47.79153732626266	122	movie10	01	001	bourne04	
cortex_Limbic	25.201024456686856	60	movie10	01	001	bourne04	
cortex_SalVentAttn	43.86764815547142	121	movie10	01	001	bourne04	
cortex_SomMot	44.35624419955715	194	movie10	01	001	bourne04	
cortex_Vis	39.99288154853026	162	movie10	01	001	bourne04	
subcortex_CAU	27.41718051419601	8	movie10	01	001	bourne04	
subcortex_PUT	28.446048574645136	8	movie10	01	001	bourne04	
subcortex_THA	27.365825270827685	14	movie10	01	001	bourne04	
cerebellum	31.662402415313373	88	movie10	01	001	bourne05	
cortex_Cont	40.11298635480063	128	movie10	01	001	bourne05	
cortex_Default	38.36786242069233	209	movie10	01	001	bourne05	
cortex_DorsAttn	40.935049833753155	122	movie10	01	001	bourne05	
cortex_Limbic	21.638240932026203	60	movie10	01	001	bourne05	
cortex_SalVentAttn	39.57091822287337	121	movie10	01	001	bourne05	
cortex_SomMot	39.09249999352464	194	movie10	01	001	bourne05	
cortex_Vis	34.39589056726634	162	movie10	01	001	bourne05	
subcortex_CAU	25.45737608558024	8	movie10	01	001	bourne05	
subcortex_PUT	26.213612917893983	8	movie10	01	001	bourne05	
subcortex_THA	26.184119597722503	14	movie10	01	001	bourne05	
cerebellum	35.36232791890606	88	movie10	01	002	bourne06	
cortex_Cont	46.07825621061015	128	movie10	01	002	bourne06	
cortex_Default	43.00482920689807	209	movie10	01	002	bourne06	
cortex_DorsAttn	47.07945056211701	122	movie10	01	002	bourne06	
cortex_Limbic	23.480662209372714	60	movie10	01	002	bourne06	
cortex_SalVentAttn	43.86253241451417	121	movie10	01	002	bourne06	
cortex_SomMot	44.84556845127041	194	movie10	01	002	bourne06	
cortex_Vis	39.568100921591274	162	movie10	01	002	bourne06	
subcortex_CAU	26.855871345160402	8	movie10	01	002	bourne06	
subcortex_PUT	26.5284784776684	8	movie10	01	002	bourne06	
subcortex_THA	27.395016262332803	14	movie10	01	002	bourne06	
cerebellum	36.03134105294142	88	movie10	01	002	bourne07	
cortex_Cont	46.292113445772934	128	movie10	01	002	bourne07	
cortex_Default	43.188168149186815	209	movie10	01	002	bourne07	
cortex_DorsAttn	47.15075654891271	122	movie10	01	002	bourne07	
cortex_Limbic	23.415022438412787	60	movie10	01	002	bourne07	
cortex_SalVentAttn	43.98287223205651	121	movie10	01	002	bourne07	
cortex_SomMot	44.68574442361401	194	movie10	01	002	bourne07	
cortex_Vis	40.29552468283555	162	movie10	01	002	bourne07	
subcortex_CAU	27.52852318391876	8	movie10	01	002	bourne07	
subcortex_PUT	27.83279858630319	8	movie10	01	002	bourne07	
subcortex_THA	27.14789637626377	14	movie10	01	002	bourne07	
cerebellum	35.0996950829393	88	movie10	01	002	bourne08	
cortex_Cont	47.124687302795174	128	movie10	01	002	bourne08	
cortex_Default	44.11552191489263	209	movie10	01	002	bourne08	
cortex_DorsAttn	45.816221969310405	122	movie10	01	002	bourne08	
cortex_Limbic	24.693349573456153	60	movie10	01	002	bourne08	
cortex_SalVentAttn	44.35390506392738	121	movie10	01	002	bourne08	
cortex_SomMot	43.92428482062975	194	movie10	01	002	bourne08	
cortex_Vis	39.058342566291955	162	movie10	01	002	bourne08	
subcortex_CAU	28.255089695838915	8	movie10	01	002	bourne08	
subcortex_PUT	28.515835356052698	8	movie10	01	002	bourne08	
subcortex_THA	27.172517454506416	14	movie10	01	002	bourne08	
cerebellum	33.135120829784796	88	movie10	01	002	bourne09	
cortex_Cont	38.88605645944732	128	movie10	01	002	bourne09	
cortex_Default	37.8205204883138	209	movie10	01	002	bourne09	
cortex_DorsAttn	40.85448880757339	122	movie10	01	002	bourne09	
cortex_Limbic	21.40810644733201	60	movie10	01	002	bourne09	
cortex_SalVentAttn	38.40807605506193	121	movie10	01	002	bourne09	
cortex_SomMot	37.42322961369651	194	movie10	01	002	bourne09	
cortex_Vis	35.93974217597387	162	movie10	01	002	bourne09	
subcortex_CAU	25.06151532683863	8	movie10	01	002	bourne09	
subcortex_PUT	26.22406760882533	8	movie10	01	002	bourne09	
subcortex_THA	25.260324120972466	14	movie10	01	002	bourne09	
cerebellum	36.58075301489657	88	movie10	01	002	bourne10	
cortex_Cont	49.98954954045048	128	movie10	01	002	bourne10	
cortex_Default	46.24359335362491	209	movie10	01	002	bourne10	
cortex_DorsAttn	49.63327243082229	122	movie10	01	002	bourne10	
cortex_Limbic	25.78520956673144	60	movie10	01	002	bourne10	
cortex_SalVentAttn	46.42549664249398	121	movie10	01	002	bourne10	
cortex_SomMot	48.401881020753144	194	movie10	01	002	bourne10	
cortex_Vis	40.77646303392706	162	movie10	01	002	bourne10	
subcortex_CAU	28.42105619864897	8	movie10	01	002	bourne10	
subcortex_PUT	27.895017348832216	8	movie10	01	002	bourne10	
subcortex_THA	27.27020972302937	14	movie10	01	002	bourne10	
cerebellum	34.76697239842826	88	movie10	01	003	wolf01	
cortex_Cont	45.899341323409544	128	movie10	01	003	wolf01	
cortex_Default	43.559524721731236	209	movie10	01	003	wolf01	
cortex_DorsAttn	46.368329625839365	122	movie10	01	003	wolf01	
cortex_Limbic	24.477690894091005	60	movie10	01	003	wolf01	
cortex_SalVentAttn	43.65308107475591	121	movie10	01	003	wolf01	
cortex_SomMot	43.68800345399637	194	movie10	01	003	wolf01	
cortex_Vis	38.89045019314104	162	movie10	01	003	wolf01	
subcortex_CAU	26.858136326233144	8	movie10	01	003	wolf01	
subcortex_PUT	27.95758387493561	8	movie10	01	003	wolf01	
subcortex_THA	27.321962760742554	14	movie10	01	003	wolf01	
cerebellum	34.72636436691525	88	movie10	01	003	wolf02	
cortex_Cont	44.8012641902533	128	movie10	01	003	wolf02	
cortex_Default	42.65021425232571	209	movie10	01	003	wolf02	
cortex_DorsAttn	45.591885537767546	122	movie10	01	003	wolf02	
cortex_Limbic	24.913982151871714	60	movie10	01	003	wolf02	
cortex_SalVentAttn	42.81588370704216	121	movie10	01	003	wolf02	
cortex_SomMot	41.75323538253314	194	movie10	01	003	wolf02	
cortex_Vis	38.97440837994842	162	movie10	01	003	wolf02	
subcortex_CAU	27.931145654785634	8	movie10	01	003	wolf02	
subcortex_PUT	28.97948415464469	8	movie10	01	003	wolf02	
subcortex_THA	26.82863610411271	14	movie10	01	003	wolf02	
cerebellum	33.305006238480495	88	movie10	01	003	wolf03	
cortex_Cont	41.23234842606218	128	movie10	01	003	wolf03	
cortex_Default	39.466010318445974	209	movie10	01	003	wolf03	
cortex_DorsAttn	42.200215900363425	122	movie10	01	003	wolf03	
cortex_Limbic	23.204329881162312	60	movie10	01	003	wolf03	
cortex_SalVentAttn	39.825454765929116	121	movie10	01	003	wolf03	
cortex_SomMot	38.06543767827392	194	movie10	01	003	wolf03	
cortex_Vis	37.51163549875295	162	movie10	01	003	wolf03	
subcortex_CAU	26.65121675796927	8	movie10	01	003	wolf03	
subcortex_PUT	28.021195510898426	8	movie10	01	003	wolf03	
subcortex_THA	25.635099701060938	14	movie10	01	003	wolf03	
cerebellum	31.46872401381521	88	movie10	01	003	wolf04	
cortex_Cont	39.47507516729792	128	movie10	01	003	wolf04	
cortex_Default	38.22659590944063	209	movie10	01	003	wolf04	
cortex_DorsAttn	39.78320741164326	122	movie10	01	003	wolf04	
cortex_Limbic	22.973085441921064	60	movie10	01	003	wolf04	
cortex_SalVentAttn	38.466882551188995	121	movie10	01	003	wolf04	
cortex_SomMot	36.77764887454274	194	movie10	01	003	wolf04	
cortex_Vis	35.112330904268006	162	movie10	01	003	wolf04	
subcortex_CAU	25.080061250679528	8	movie10	01	003	wolf04	
subcortex_PUT	26.694475171959066	8	movie10	01	003	wolf04	
subcortex_THA	25.323973552280737	14	movie10	01	003	wolf04	
cerebellum	35.195165363132794	88	movie10	01	003	wolf05	
cortex_Cont	47.6701870490337	128	movie10	01	003	wolf05	
cortex_Default	44.30509613089981	209	movie10	01	003	wolf05	
cortex_DorsAttn	47.502941522656535	122	movie10	01	003	wolf05	
cortex_Limbic	24.32707163673114	60	movie10	01	003	wolf05	
cortex_SalVentAttn	44.48956115989576	121	movie10	01	003	wolf05	
cortex_SomMot	45.624050475650115	194	movie10	01	003	wolf05	
cortex_Vis	39.433427712401524	162	movie10	01	003	wolf05	
subcortex_CAU	27.85740172822239	8	movie10	01	003	wolf05	
subcortex_PUT	27.19658589794382	8	movie10	01	003	wolf05	
subcortex_THA	26.814397742064585	14	movie10	01	003	wolf05	
cerebellum	32.63281044135917	88	movie10	01	003	wolf06	
cortex_Cont	46.09301886979796	128	movie10	01	003	wolf06	
cortex_Default	42.7401446270037	209	movie10	01	003	wolf06	
cortex_DorsAttn	44.23190467875087	122	movie10	01	003	wolf06	
cortex_Limbic	24.16676438184959	60	movie10	01	003	wolf06	
cortex_SalVentAttn	43.28558948695856	121	movie10	01	003	wolf06	
cortex_SomMot	43.281285937657955	194	movie10	01	003	wolf06	
cortex_Vis	36.43413755783165	162	movie10	01	003	wolf06	
subcortex_CAU	27.757586395441948	8	movie10	01	003	wolf06	
subcortex_PUT	27.44441254426278	8	movie10	01	003	wolf06	
subcortex_THA	26.372733170202963	14	movie10	01	003	wolf06	
cerebellum	35.927736420112225	88	movie10	01	004	wolf07	
cortex_Cont	45.702718255824045	128	movie10	01	004	wolf07	
cortex_Default	42.76912021943942	209	movie10	01	004	wolf07	
cortex_DorsAttn	46.197821952132166	122	movie10	01	004	wolf07	
cortex_Limbic	24.302530430594302	60	movie10	01	004	wolf07	
cortex_SalVentAttn	42.78245359179676	121	movie10	01	004	wolf07	
cortex_SomMot	43.28560865896457	194	movie10	01	004	wolf07	
cortex_Vis	39.362543512267216	162	movie10	01	004	wolf07	
subcortex_CAU	26.96100828702993	8	movie10	01	004	wolf07	
subcortex_PUT	28.175868921936615	8	movie10	01	004	wolf07	
subcortex_THA	27.49534775754561	14	movie10	01	004	wolf07	
cerebellum	33.84360877629797	88	movie10	01	004	wolf08	
cortex_Cont	45.439519928494335	128	movie10	01	004	wolf08	
cortex_Default	42.84882291993524	209	movie10	01	004	wolf08	
cortex_DorsAttn	45.256991688401456	122	movie10	01	004	wolf08	
cortex_Limbic	25.41518580940284	60	movie10	01	004	wolf08	
cortex_SalVentAttn	42.93835521405259	121	movie10	01	004	wolf08	
cortex_SomMot	42.85593359707602	194	movie10	01	004	wolf08	
cortex_Vis	36.75631747149755	162	movie10	01	004	wolf08	
subcortex_CAU	27.07459308947507	8	movie10	01	004	wolf08	
subcortex_PUT	28.20714925965109	8	movie10	01	004	wolf08	
subcortex_THA	27.39113714256829	14	movie10	01	004	wolf08	
cerebellum	35.78152597492113	88	movie10	01	004	wolf09	
cortex_Cont	45.6432988955502	128	movie10	01	004	wolf09	
cortex_Default	42.90954117322878	209	movie10	01	004	wolf09	
cortex_DorsAttn	46.37595030064337	122	movie10	01	004	wolf09	
cortex_Limbic	25.254277116499676	60	movie10	01	004	wolf09	
cortex_SalVentAttn	43.161872594913774	121	movie10	01	004	wolf09	
cortex_SomMot	42.955495675329466	194	movie10	01	004	wolf09	
cortex_Vis	39.03726997782129	162	movie10	01	004	wolf09	
subcortex_CAU	27.199362686484335	8	movie10	01	004	wolf09	
subcortex_PUT	28.37071200977625	8	movie10	01	004	wolf09	
subcortex_THA	27.400792782333678	14	movie10	01	004	wolf09	
cerebellum	35.078438360737316	88	movie10	01	004	wolf10	
cortex_Cont	44.26136345209923	128	movie10	01	004	wolf10	
cortex_Default	42.03275157144299	209	movie10	01	004	wolf10	
cortex_DorsAttn	45.49699571915226	122	movie10	01	004	wolf10	
cortex_Limbic	24.464430240542843	60	movie10	01	004	wolf10	
cortex_SalVentAttn	42.32377074008619	121	movie10	01	004	wolf10	
cortex_SomMot	41.37055287251558	194	movie10	01	004	wolf10	
cortex_Vis	38.9900704504706	162	movie10	01	004	wolf10	
subcortex_CAU	27.23058850712643	8	movie10	01	004	wolf10	
subcortex_PUT	28.063707376290353	8	movie10	01	004	wolf10	
subcortex_THA	27.275559129607014	14	movie10	01	004	wolf10	
cerebellum	32.7092224527803	88	movie10	01	004	wolf11	
cortex_Cont	40.743878933163394	128	movie10	01	004	wolf11	
cortex_Default	38.902747791364966	209	movie10	01	004	wolf11	
cortex_DorsAttn	41.346788894337664	122	movie10	01	004	wolf11	
cortex_Limbic	23.43782440459017	60	movie10	01	004	wolf11	
cortex_SalVentAttn	39.50962741917853	121	movie10	01	004	wolf11	
cortex_SomMot	38.38623404557267	194	movie10	01	004	wolf11	
cortex_Vis	35.942487814528775	162	movie10	01	004	wolf11	
subcortex_CAU	25.107064676062976	8	movie10	01	004	wolf11	
subcortex_PUT	27.216591206586397	8	movie10	01	004	wolf11	
subcortex_THA	25.542927530932985	14	movie10	01	004	wolf11	
cerebellum	32.94789799071537	88	movie10	01	004	wolf12	
cortex_Cont	45.22250072438864	128	movie10	01	004	wolf12	
cortex_Default	42.255914286959666	209	movie10	01	004	wolf12	
cortex_DorsAttn	44.02693958372675	122	movie10	01	004	wolf12	
cortex_Limbic	25.735786571243707	60	movie10	01	004	wolf12	
cortex_SalVentAttn	43.38178595415874	121	movie10	01	004	wolf12	
cortex_SomMot	42.97532433428713	194	movie10	01	004	wolf12	
cortex_Vis	35.59954022413338	162	movie10	01	004	wolf12	
subcortex_CAU	27.812251172078756	8	movie10	01	004	wolf12	
subcortex_PUT	28.343530870547216	8	movie10	01	004	wolf12	
subcortex_THA	27.422874214959126	14	movie10	01	004	wolf12	
cerebellum	33.860941623985305	88	movie10	01	005	wolf13	
cortex_Cont	41.33178749169328	128	movie10	01	005	wolf13	
cortex_Default	39.00858613329557	209	movie10	01	005	wolf13	
cortex_DorsAttn	41.94706816290903	122	movie10	01	005	wolf13	
cortex_Limbic	22.17091688835742	60	movie10	01	005	wolf13	
cortex_SalVentAttn	39.48969833419425	121	movie10	01	005	wolf13	
cortex_SomMot	39.131307934153796	194	movie10	01	005	wolf13	
cortex_Vis	36.65004454673802	162	movie10	01	005	wolf13	
subcortex_CAU	25.083415152580677	8	movie10	01	005	wolf13	
subcortex_PUT	26.338005469703784	8	movie10	01	005	wolf13	
subcortex_THA	25.89731761813264	14	movie10	01	005	wolf13	
cerebellum	35.78959645271113	88	movie10	01	005	wolf14	
cortex_Cont	48.73909529223257	128	movie10	01	005	wolf14	
cortex_Default	45.346595735306366	209	movie10	01	005	wolf14	
cortex_DorsAttn	48.115394498767415	122	movie10	01	005	wolf14	
cortex_Limbic	26.09385033015166	60	movie10	01	005	wolf14	
cortex_SalVentAttn	45.17733473658319	121	movie10	01	005	wolf14	
cortex_SomMot	45.864945635278474	194	movie10	01	005	wolf14	
cortex_Vis	39.05579763923404	162	movie10	01	005	wolf14	
subcortex_CAU	28.973996893535755	8	movie10	01	005	wolf14	
subcortex_PUT	30.050387136988142	8	movie10	01	005	wolf14	
subcortex_THA	26.847469525040772	14	movie10	01	005	wolf14	
cerebellum	33.21557030941505	88	movie10	01	005	wolf15	
cortex_Cont	46.85299173004844	128	movie10	01	005	wolf15	
cortex_Default	43.68517805195157	209	movie10	01	005	wolf15	
cortex_DorsAttn	44.44955908444964	122	movie10	01	005	wolf15	
cortex_Limbic	25.77298097185006	60	movie10	01	005	wolf15	
cortex_SalVentAttn	44.066348424523326	121	movie10	01	005	wolf15	
cortex_SomMot	43.25480424401907	194	movie10	01	005	wolf15	
cortex_Vis	36.24472626752131	162	movie10	01	005	wolf15	
subcortex_CAU	28.257986027953578	8	movie10	01	005	wolf15	
subcortex_PUT	28.482106348797227	8	movie10	01	005	wolf15	
subcortex_THA	26.92451752896094	14	movie10	01	005	wolf15	
cerebellum	34.939889485693364	88	movie10	01	006	life01	1
cortex_Cont	46.77807188620284	128	movie10	01	006	life01	1
cortex_Default	44.360837655755304	209	movie10	01	006	life01	1
cortex_DorsAttn	46.4437597706292	122	movie10	01	006	life01	1
cortex_Limbic	25.54089841964408	60	movie10	01	006	life01	1
cortex_SalVentAttn	44.554504766107016	121	movie10	01	006	life01	1
cortex_SomMot	44.61653207744441	194	movie10	01	006	life01	1
cortex_Vis	39.16982773430395	162	movie10	01	006	life01	1
subcortex_CAU	29.46826252668704	8	movie10	01	006	life01	1
subcortex_PUT	30.42627714843738	8	movie10	01	006	life01	1
subcortex_THA	27.272989966263477	14	movie10	01	006	life01	1
cerebellum	27.405102146702028	88	movie10	01	006	life02	1
cortex_Cont	37.91678290480942	128	movie10	01	006	life02	1
cortex_Default	36.421301712782004	209	movie10	01	006	life02	1
cortex_DorsAttn	37.125249273684034	122	movie10	01	006	life02	1
cortex_Limbic	21.211145415028586	60	movie10	01	006	life02	1
cortex_SalVentAttn	39.10846302649792	121	movie10	01	006	life02	1
cortex_SomMot	38.69920724750443	194	movie10	01	006	life02	1
cortex_Vis	29.7200410998294	162	movie10	01	006	life02	1
subcortex_CAU	25.330268537443548	8	movie10	01	006	life02	1
subcortex_PUT	26.8225338481366	8	movie10	01	006	life02	1
subcortex_THA	25.987961983140178	14	movie10	01	006	life02	1
cerebellum	31.137080876716162	88	movie10	01	006	wolf16	
cortex_Cont	43.7524926082481	128	movie10	01	006	wolf16	
cortex_Default	41.7332691466324	209	movie10	01	006	wolf16	
cortex_DorsAttn	44.05710851044238	122	movie10	01	006	wolf16	
cortex_Limbic	23.796979583174313	60	movie10	01	006	wolf16	
cortex_SalVentAttn	43.24394387580795	121	movie10	01	006	wolf16	
cortex_SomMot	42.77533356430001	194	movie10	01	006	wolf16	
cortex_Vis	34.88672529522866	162	movie10	01	006	wolf16	
subcortex_CAU	28.82339169474128	8	movie10	01	006	wolf16	
subcortex_PUT	29.23136750793751	8	movie10	01	006	wolf16	
subcortex_THA	27.44051073179784	14	movie10	01	006	wolf16	
cerebellum	32.75024126130052	88	movie10	01	006	wolf17	
cortex_Cont	47.866056220553226	128	movie10	01	006	wolf17	
cortex_Default	44.77408823031549	209	movie10	01	006	wolf17	
cortex_DorsAttn	46.644996045709384	122	movie10	01	006	wolf17	
cortex_Limbic	25.53393955771731	60	movie10	01	006	wolf17	
cortex_SalVentAttn	45.0259274532068	121	movie10	01	006	wolf17	
cortex_SomMot	45.8051065888297	194	movie10	01	006	wolf17	
cortex_Vis	37.16668375530969	162	movie10	01	006	wolf17	
subcortex_CAU	28.73537184591198	8	movie10	01	006	wolf17	
subcortex_PUT	28.93062324337566	8	movie10	01	006	wolf17	
subcortex_THA	27.543237358735826	14	movie10	01	006	wolf17	
cerebellum	33.80706670229248	88	movie10	01	007	figures01	1
cortex_Cont	46.114673851600074	128	movie10	01	007	figures01	1
cortex_Default	42.73035580123276	209	movie10	01	007	figures01	1
cortex_DorsAttn	45.41552748733849	122	movie10	01	007	figures01	1
cortex_Limbic	24.326419638784824	60	movie10	01	007	figures01	1
cortex_SalVentAttn	43.52264837773599	121	movie10	01	007	figures01	1
cortex_SomMot	44.545781785947156	194	movie10	01	007	figures01	1
cortex_Vis	37.03449276740989	162	movie10	01	007	figures01	1
subcortex_CAU	27.856552996804417	8	movie10	01	007	figures01	1
subcortex_PUT	28.00472363813623	8	movie10	01	007	figures01	1
subcortex_THA	26.680688539849946	14	movie10	01	007	figures01	1
cerebellum	34.46949803337707	88	movie10	01	007	figures02	1
cortex_Cont	42.68534385430327	128	movie10	01	007	figures02	1
cortex_Default	40.845173800813335	209	movie10	01	007	figures02	1
cortex_DorsAttn	42.49304848994233	122	movie10	01	007	figures02	1
cortex_Limbic	23.66561617618799	60	movie10	01	007	figures02	1
cortex_SalVentAttn	41.31398585383186	121	movie10	01	007	figures02	1
cortex_SomMot	40.12833758033607	194	movie10	01	007	figures02	1
cortex_Vis	37.557630312648456	162	movie10	01	007	figures02	1
subcortex_CAU	26.730941484569986	8	movie10	01	007	figures02	1
subcortex_PUT	26.949588190094705	8	movie10	01	007	figures02	1
subcortex_THA	26.59092736723654	14	movie10	01	007	figures02	1
cerebellum	36.10263591830628	88	movie10	01	007	figures03	1
cortex_Cont	46.652011734779386	128	movie10	01	007	figures03	1
cortex_Default	43.50190797835163	209	movie10	01	007	figures03	1
cortex_DorsAttn	46.82752692650214	122	movie10	01	007	figures03	1
cortex_Limbic	24.772626946700623	60	movie10	01	007	figures03	1
cortex_SalVentAttn	43.827678204045064	121	movie10	01	007	figures03	1
cortex_SomMot	44.33521434565017	194	movie10	01	007	figures03	1
cortex_Vis	39.58231737523719	162	movie10	01	007	figures03	1
subcortex_CAU	28.233053464576038	8	movie10	01	007	figures03	1
subcortex_PUT	28.41955783899648	8	movie10	01	007	figures03	1
subcortex_THA	27.25837722998086	14	movie10	01	007	figures03	1
cerebellum	29.446247456319874	88	movie10	01	007	life03	1
cortex_Cont	39.29707537503886	128	movie10	01	007	life03	1
cortex_Default	38.04630870482838	209	movie10	01	007	life03	1
cortex_DorsAttn	39.157632561735184	122	movie10	01	007	life03	1
cortex_Limbic	21.86110404277269	60	movie10	01	007	life03	1
cortex_SalVentAttn	40.04059810825696	121	movie10	01	007	life03	1
cortex_SomMot	39.576554586544944	194	movie10	01	007	life03	1
cortex_Vis	31.897161714272084	162	movie10	01	007	life03	1
subcortex_CAU	26.52984717044814	8	movie10	01	007	life03	1
subcortex_PUT	27.74500861015131	8	movie10	01	007	life03	1
subcortex_THA	26.412595523919986	14	movie10	01	007	life03	1
cerebellum	27.30696119794304	88	movie10	01	007	life04	1
cortex_Cont	36.92506344613198	128	movie10	01	007	life04	1
cortex_Default	35.90001292824514	209	movie10	01	007	life04	1
cortex_DorsAttn	35.339526890917	122	movie10	01	007	life04	1
cortex_Limbic	21.69757566338746	60	movie10	01	007	life04	1
cortex_SalVentAttn	38.065641742151485	121	movie10	01	007	life04	1
cortex_SomMot	35.53285023480971	194	movie10	01	007	life04	1
cortex_Vis	28.30016393481217	162	movie10	01	007	life04	1
subcortex_CAU	26.20123584351702	8	movie10	01	007	life04	1
subcortex_PUT	28.068560982788895	8	movie10	01	007	life04	1
subcortex_THA	25.325265511944277	14	movie10	01	007	life04	1
cerebellum	33.03848303194594	88	movie10	01	007	life05	1
cortex_Cont	38.066525269397026	128	movie10	01	007	life05	1
cortex_Default	37.04355460032434	209	movie10	01	007	life05	1
cortex_DorsAttn	39.56097634697518	122	movie10	01	007	life05	1
cortex_Limbic	20.895488608631215	60	movie10	01	007	life05	1
cortex_SalVentAttn	37.321296990822304	121	movie10	01	007	life05	1
cortex_SomMot	35.27187122527757	194	movie10	01	007	life05	1
cortex_Vis	36.63983937338792	162	movie10	01	007	life05	1
subcortex_CAU	24.11015298687633	8	movie10	01	007	life05	1
subcortex_PUT	26.10334867346696	8	movie10	01	007	life05	1
subcortex_THA	25.22149921221378	14	movie10	01	007	life05	1
cerebellum	34.716779171324816	88	movie10	01	008	figures05	1
cortex_Cont	46.52258263088108	128	movie10	01	008	figures05	1
cortex_Default	43.58438051914003	209	movie10	01	008	figures05	1
cortex_DorsAttn	46.82973279708461	122	movie10	01	008	figures05	1
cortex_Limbic	24.908973443086357	60	movie10	01	008	figures05	1
cortex_SalVentAttn	44.090956408546745	121	movie10	01	008	figures05	1
cortex_SomMot	44.67681952229515	194	movie10	01	008	figures05	1
cortex_Vis	39.58846210100247	162	movie10	01	008	figures05	1
subcortex_CAU	29.437622381953233	8	movie10	01	008	figures05	1
subcortex_PUT	29.87607544107006	8	movie10	01	008	figures05	1
subcortex_THA	27.339875401946426	14	movie10	01	008	figures05	1
cerebellum	36.59437148786321	88	movie10	01	008	figures06	1
cortex_Cont	49.681560441026576	128	movie10	01	008	figures06	1
cortex_Default	46.56452543327852	209	movie10	01	008	figures06	1
cortex_DorsAttn	50.52068531962328	122	movie10	01	008	figures06	1
cortex_Limbic	25.952902708825736	60	movie10	01	008	figures06	1
cortex_SalVentAttn	46.7026962116975	121	movie10	01	008	figures06	1
cortex_SomMot	48.62163773610955	194	movie10	01	008	figures06	1
cortex_Vis	41.49359518287426	162	movie10	01	008	figures06	1
subcortex_CAU	29.83569034957589	8	movie10	01	008	figures06	1
subcortex_PUT	30.34773643073188	8	movie10	01	008	figures06	1
subcortex_THA	27.800686060852538	14	movie10	01	008	figures06	1
cerebellum	34.036371656215344	88	movie10	01	008	figures07	1
cortex_Cont	44.895970751231424	128	movie10	01	008	figures07	1
cortex_Default	42.699683587885204	209	movie10	01	008	figures07	1
cortex_DorsAttn	45.29973367413902	122	movie10	01	008	figures07	1
cortex_Limbic	24.626692989810245	60	movie10	01	008	figures07	1
cortex_SalVentAttn	43.03837269592147	121	movie10	01	008	figures07	1
cortex_SomMot	42.67480152301675	194	movie10	01	008	figures07	1
cortex_Vis	38.39215315782536	162	movie10	01	008	figures07	1
subcortex_CAU	28.666457927202703	8	movie10	01	008	figures07	1
subcortex_PUT	29.23238757174176	8	movie10	01	008	figures07	1
subcortex_THA	27.022427343234085	14	movie10	01	008	figures07	1
cerebellum	34.822141644028726	88	movie10	01	008	figures08	1
cortex_Cont	48.152955122067034	128	movie10	01	008	figures08	1
cortex_Default	45.2905186757511	209	movie10	01	008	figures08	1
cortex_DorsAttn	47.91257772405718	122	movie10	01	008	figures08	1
cortex_Limbic	25.71229111946297	60	movie10	01	008	figures08	1
cortex_SalVentAttn	45.46212419512065	121	movie10	01	008	figures08	1
cortex_SomMot	45.324222543191	194	movie10	01	008	figures08	1
cortex_Vis	39.99336580189157	162	movie10	01	008	figures08	1
subcortex_CAU	28.477290347675254	8	movie10	01	008	figures08	1
subcortex_PUT	28.092711942792327	8	movie10	01	008	figures08	1
subcortex_THA	27.96074596800985	14	movie10	01	008	figures08	1
cerebellum	34.64510025501652	88	movie10	01	008	figures09	1
cortex_Cont	43.024128960829586	128	movie10	01	008	figures09	1
cortex_Default	41.49799439305783	209	movie10	01	008	figures09	1
cortex_DorsAttn	44.150664776050455	122	movie10	01	008	figures09	1
cortex_Limbic	23.63355681700352	60	movie10	01	008	figures09	1
cortex_SalVentAttn	42.27071065850842	121	movie10	01	008	figures09	1
cortex_SomMot	41.25162759334694	194	movie10	01	008	figures09	1
cortex_Vis	38.43467095216496	162	movie10	01	008	figures09	1
subcortex_CAU	27.00277658045927	8	movie10	01	008	figures09	1
subcortex_PUT	27.982329129267427	8	movie10	01	008	figures09	1
subcortex_THA	27.444708428870058	14	movie10	01	008	figures09	1
cerebellum	34.27980289800448	88	movie10	01	009	figures04	1
cortex_Cont	48.367275603301984	128	movie10	01	009	figures04	1
cortex_Default	44.98379408174987	209	movie10	01	009	figures04	1
cortex_DorsAttn	46.55479561016905	122	movie10	01	009	figures04	1
cortex_Limbic	26.701467243437815	60	movie10	01	009	figures04	1
cortex_SalVentAttn	45.4778101454992	121	movie10	01	009	figures04	1
cortex_SomMot	45.78781411621807	194	movie10	01	009	figures04	1
cortex_Vis	37.91443756479265	162	movie10	01	009	figures04	1
subcortex_CAU	29.812503802090337	8	movie10	01	009	figures04	1
subcortex_PUT	31.16892571455502	8	movie10	01	009	figures04	1
subcortex_THA	27.36852226423257	14	movie10	01	009	figures04	1
cerebellum	33.42047291030098	88	movie10	01	009	figures10	1
cortex_Cont	45.133326347770435	128	movie10	01	009	figures10	1
cortex_Default	42.531949443002624	209	movie10	01	009	figures10	1
cortex_DorsAttn	44.74803851618569	122	movie10	01	009	figures10	1
cortex_Limbic	25.048706051882103	60	movie10	01	009	figures10	1
cortex_SalVentAttn	43.645268947775115	121	movie10	01	009	figures10	1
cortex_SomMot	43.52747244640297	194	movie10	01	009	figures10	1
cortex_Vis	36.25647948309366	162	movie10	01	009	figures10	1
subcortex_CAU	29.034645827970362	8	movie10	01	009	figures10	1
subcortex_PUT	30.078421630933907	8	movie10	01	009	figures10	1
subcortex_THA	27.613211783418517	14	movie10	01	009	figures10	1
cerebellum	33.60393728976085	88	movie10	01	009	figures11	1
cortex_Cont	47.77840728325974	128	movie10	01	009	figures11	1
cortex_Default	44.0381748534204	209	movie10	01	009	figures11	1
cortex_DorsAttn	45.8961512424247	122	movie10	01	009	figures11	1
cortex_Limbic	26.00165887328604	60	movie10	01	009	figures11	1
cortex_SalVentAttn	44.88775725883728	121	movie10	01	009	figures11	1
cortex_SomMot	45.55564191654714	194	movie10	01	009	figures11	1
cortex_Vis	37.06206755593167	162	movie10	01	009	figures11	1
subcortex_CAU	29.85770765315007	8	movie10	01	009	figures11	1
subcortex_PUT	30.569394322981395	8	movie10	01	009	figures11	1
subcortex_THA	27.530472534781904	14	movie10	01	009	figures11	1
cerebellum	34.39371600194491	88	movie10	01	009	figures12	1
cortex_Cont	44.050474832953405	128	movie10	01	009	figures12	1
cortex_Default	41.78786861314066	209	movie10	01	009	figures12	1
cortex_DorsAttn	44.40703467620624	122	movie10	01	009	figures12	1
cortex_Limbic	24.675903819811108	60	movie10	01	009	figures12	1
cortex_SalVentAttn	42.7662678630968	121	movie10	01	009	figures12	1
cortex_SomMot	42.2475877537392	194	movie10	01	009	figures12	1
cortex_Vis	37.35196523457025	162	movie10	01	009	figures12	1
subcortex_CAU	28.683451126472217	8	movie10	01	009	figures12	1
subcortex_PUT	30.059378233779658	8	movie10	01	009	figures12	1
subcortex_THA	27.125682138938465	14	movie10	01	009	figures12	1
cerebellum	31.888614686398252	88	movie10	01	009	life01	2
cortex_Cont	40.08722177148626	128	movie10	01	009	life01	2
cortex_Default	39.03451231991111	209	movie10	01	009	life01	2
cortex_DorsAttn	40.84525510335582	122	movie10	01	009	life01	2
cortex_Limbic	22.487286273520347	60	movie10	01	009	life01	2
cortex_SalVentAttn	39.97968479371904	121	movie10	01	009	life01	2
cortex_SomMot	38.831202202058314	194	movie10	01	009	life01	2
cortex_Vis	34.20407224273026	162	movie10	01	009	life01	2
subcortex_CAU	26.307779085547082	8	movie10	01	009	life01	2
subcortex_PUT	28.645966825035842	8	movie10	01	009	life01	2
subcortex_THA	26.54077945046924	14	movie10	01	009	life01	2
cerebellum	33.92145745789646	88	movie10	01	009	life02	2
cortex_Cont	48.098554239564805	128	movie10	01	009	life02	2
cortex_Default	45.04854652338237	209	movie10	01	009	life02	2
cortex_DorsAttn	46.79177836338192	122	movie10	01	009	life02	2
cortex_Limbic	25.686305076946887	60	movie10	01	009	life02	2
cortex_SalVentAttn	45.93666836902334	121	movie10	01	009	life02	2
cortex_SomMot	46.4749441933961	194	movie10	01	009	life02	2
cortex_Vis	37.69030358804496	162	movie10	01	009	life02	2
subcortex_CAU	29.40855335753098	8	movie10	01	009	life02	2
subcortex_PUT	29.94351472485123	8	movie10	01	009	life02	2
subcortex_THA	27.587664588210007	14	movie10	01	009	life02	2
cerebellum	36.371303442163814	88	movie10	01	010	life03	2
cortex_Cont	47.25485531350305	128	movie10	01	010	life03	2
cortex_Default	44.52142961571256	209	movie10	01	010	life03	2
cortex_DorsAttn	47.86069108053243	122	movie10	01	010	life03	2
cortex_Limbic	24.423664268204437	60	movie10	01	010	life03	2
cortex_SalVentAttn	44.97538256484884	121	movie10	01	010	life03	2
cortex_SomMot	44.16514057770455	194	movie10	01	010	life03	2
cortex_Vis	40.266079340692556	162	movie10	01	010	life03	2
subcortex_CAU	28.256227145520718	8	movie10	01	010	life03	2
subcortex_PUT	29.078765444413424	8	movie10	01	010	life03	2
subcortex_THA	27.87746685661292	14	movie10	01	010	life03	2
cerebellum	34.9177174411814	88	movie10	01	010	life04	2
cortex_Cont	44.06574083383457	128	movie10	01	010	life04	2
cortex_Default	42.36626270980416	209	movie10	01	010	life04	2
cortex_DorsAttn	46.5466037179609	122	movie10	01	010	life04	2
cortex_Limbic	23.18246397629004	60	movie10	01	010	life04	2
cortex_SalVentAttn	43.30427731192823	121	movie10	01	010	life04	2
cortex_SomMot	42.03144009928764	194	movie10	01	010	life04	2
cortex_Vis	38.60395624064798	162	movie10	01	010	life04	2
subcortex_CAU	27.420666421622588	8	movie10	01	010	life04	2
subcortex_PUT	28.05038690608901	8	movie10	01	010	life04	2
subcortex_THA	27.65818269492983	14	movie10	01	010	life04	2
cerebellum	34.85307629172888	88	movie10	01	010	life05	2
cortex_Cont	43.081316327604696	128	movie10	01	010	life05	2
cortex_Default	41.51532644231041	209	movie10	01	010	life05	2
cortex_DorsAttn	43.30863372354821	122	movie10	01	010	life05	2
cortex_Limbic	23.359701118284097	60	movie10	01	010	life05	2
cortex_SalVentAttn	41.876022865902605	121	movie10	01	010	life05	2
cortex_SomMot	40.02998831520149	194	movie10	01	010	life05	2
cortex_Vis	37.689887142785125	162	movie10	01	010	life05	2
subcortex_CAU	26.989193021506487	8	movie10	01	010	life05	2
subcortex_PUT	28.03385800286455	8	movie10	01	010	life05	2
subcortex_THA	27.12333576987042	14	movie10	01	010	life05	2
cerebellum	35.97668593065378	88	movie10	01	011	figures01	2
cortex_Cont	48.11651030873476	128	movie10	01	011	figures01	2
cortex_Default	44.630548063779266	209	movie10	01	011	figures01	2
cortex_DorsAttn	47.61762483295732	122	movie10	01	011	figures01	2
cortex_Limbic	26.27210595464077	60	movie10	01	011	figures01	2
cortex_SalVentAttn	45.031181929288614	121	movie10	01	011	figures01	2
cortex_SomMot	45.89669860977707	194	movie10	01	011	figures01	2
cortex_Vis	39.465371330618375	162	movie10	01	011	figures01	2
subcortex_CAU	28.95165229486296	8	movie10	01	011	figures01	2
subcortex_PUT	29.561458708125787	8	movie10	01	011	figures01	2
subcortex_THA	28.263099728121478	14	movie10	01	011	figures01	2
cerebellum	36.49610674905642	88	movie10	01	011	figures02	2
cortex_Cont	48.5081251121702	128	movie10	01	011	figures02	2
cortex_Default	45.6292371639228	209	movie10	01	011	figures02	2
cortex_DorsAttn	46.8996924237091	122	movie10	01	011	figures02	2
cortex_Limbic	26.63242961937658	60	movie10	01	011	figures02	2
cortex_SalVentAttn	45.242858135334295	121	movie10	01	011	figures02	2
cortex_SomMot	45.60363718094829	194	movie10	01	011	figures02	2
cortex_Vis	39.31439012771312	162	movie10	01	011	figures02	2
subcortex_CAU	29.20225927401878	8	movie10	01	011	figures02	2
subcortex_PUT	29.483903892631904	8	movie10	01	011	figures02	2
subcortex_THA	28.416057053013066	14	movie10	01	011	figures02	2
cerebellum	33.11499147598991	88	movie10	01	011	figures03	2
cortex_Cont	41.667925103822476	128	movie10	01	011	figures03	2
cortex_Default	39.88626884775663	209	movie10	01	011	figures03	2
cortex_DorsAttn	42.69777640364928	122	movie10	01	011	figures03	2
cortex_Limbic	23.331217345086834	60	movie10	01	011	figures03	2
cortex_SalVentAttn	40.533336714409	121	movie10	01	011	figures03	2
cortex_SomMot	39.793791187498584	194	movie10	01	011	figures03	2
cortex_Vis	36.57244069869798	162	movie10	01	011	figures03	2
subcortex_CAU	26.661966152247636	8	movie10	01	011	figures03	2
subcortex_PUT	27.842364536052102	8	movie10	01	011	figures03	2
subcortex_THA	26.179875713788334	14	movie10	01	011	figures03	2
cerebellum	35.8399419533174	88	movie10	01	011	figures04	2
cortex_Cont	46.89139413517972	128	movie10	01	011	figures04	2
cortex_Default	44.308917931136065	209	movie10	01	011	figures04	2
cortex_DorsAttn	47.30130758945382	122	movie10	01	011	figures04	2
cortex_Limbic	25.264299157896808	60	movie10	01	011	figures04	2
cortex_SalVentAttn	44.787226086499395	121	movie10	01	011	figures04	2
cortex_SomMot	44.57005062390105	194	movie10	01	011	figures04	2
cortex_Vis	39.72280825675026	162	movie10	01	011	figures04	2
subcortex_CAU	29.098633072594584	8	movie10	01	011	figures04	2
subcortex_PUT	30.289036408987688	8	movie10	01	011	figures04	2
subcortex_THA	27.47357717953169	14	movie10	01	011	figures04	2
cerebellum	36.13861709319524	88	movie10	01	012	figures05	2
cortex_Cont	48.06467785301067	128	movie10	01	012	figures05	2
cortex_Default	44.73771538540653	209	movie10	01	012	figures05	2
cortex_DorsAttn	47.92305928350789	122	movie10	01	012	figures05	2
cortex_Limbic	26.729721636898066	60	movie10	01	012	figures05	2
cortex_SalVentAttn	45.01242240859918	121	movie10	01	012	figures05	2
cortex_SomMot	45.82144743209106	194	movie10	01	012	figures05	2
cortex_Vis	39.286480798717484	162	movie10	01	012	figures05	2
subcortex_CAU	29.585334493535743	8	movie10	01	012	figures05	2
subcortex_PUT	30.148991630472505	8	movie10	01	012	figures05	2
subcortex_THA	27.75862999828103	14	movie10	01	012	figures05	2
cerebellum	32.62785704542118	88	movie10	01	012	figures06	2
cortex_Cont	45.538221371651204	128	movie10	01	012	figures06	2
cortex_Default	42.77318482197815	209	movie10	01	012	figures06	2
cortex_DorsAttn	45.52891453241486	122	movie10	01	012	figures06	2
cortex_Limbic	25.304539899547517	60	movie10	01	012	figures06	2
cortex_SalVentAttn	44.19523308163123	121	movie10	01	012	figures06	2
cortex_SomMot	44.714142268683844	194	movie10	01	012	figures06	2
cortex_Vis	36.065322199228795	162	movie10	01	012	figures06	2
subcortex_CAU	28.42070432954263	8	movie10	01	012	figures06	2
subcortex_PUT	29.853231268894042	8	movie10	01	012	figures06	2
subcortex_THA	27.828078659363012	14	movie10	01	012	figures06	2
cerebellum	35.87216585396037	88	movie10	01	012	figures07	2
cortex_Cont	48.1026548300202	128	movie10	01	012	figures07	2
cortex_Default	45.19936199432769	209	movie10	01	012	figures07	2
cortex_DorsAttn	47.358292681034435	122	movie10	01	012	figures07	2
cortex_Limbic	26.928674417512603	60	movie10	01	012	figures07	2
cortex_SalVentAttn	45.12375348216547	121	movie10	01	012	figures07	2
cortex_SomMot	44.84364311379626	194	movie10	01	012	figures07	2
cortex_Vis	39.77138304931443	162	movie10	01	012	figures07	2
subcortex_CAU	29.513339775494984	8	movie10	01	012	figures07	2
subcortex_PUT	30.07690032229317	8	movie10	01	012	figures07	2
subcortex_THA	27.898610388173715	14	movie10	01	012	figures07	2
cerebellum	37.300184829951554	88	movie10	01	012	figures08	2
cortex_Cont	44.600652418470695	128	movie10	01	012	figures08	2
cortex_Default	41.00839209297639	209	movie10	01	012	figures08	2
cortex_DorsAttn	45.777993887872086	122	movie10	01	012	figures08	2
cortex_Limbic	24.0719702339952	60	movie10	01	012	figures08	2
cortex_SalVentAttn	42.4139996701944	121	movie10	01	012	figures08	2
cortex_SomMot	40.606917776436596	194	movie10	01	012	figures08	2
cortex_Vis	40.26164560972184	162	movie10	01	012	figures08	2
subcortex_CAU	27.22521251718672	8	movie10	01	012	figures08	2
subcortex_PUT	26.91635181329075	8	movie10	01	012	figures08	2
subcortex_THA	26.209965017345215	14	movie10	01	012	figures08	2
cerebellum	34.80453830731418	88	movie10	01	012	figures09	2
cortex_Cont	46.21971791713601	128	movie10	01	012	figures09	2
cortex_Default	43.17844837011132	209	movie10	01	012	figures09	2
cortex_DorsAttn	45.746757985290884	122	movie10	01	012	figures09	2
cortex_Limbic	26.10837624363339	60	movie10	01	012	figures09	2
cortex_SalVentAttn	43.820066905298745	121	movie10	01	012	figures09	2
cortex_SomMot	43.69142735142987	194	movie10	01	012	figures09	2
cortex_Vis	37.79777856076044	162	movie10	01	012	figures09	2
subcortex_CAU	27.95307373952767	8	movie10	01	012	figures09	2
subcortex_PUT	29.356771241021104	8	movie10	01	012	figures09	2
subcortex_THA	27.37826310023241	14	movie10	01	012	figures09	2
cerebellum	36.05086735542323	88	movie10	01	012	figures10	2
cortex_Cont	49.459447442025514	128	movie10	01	012	figures10	2
cortex_Default	45.39592675243986	209	movie10	01	012	figures10	2
cortex_DorsAttn	48.72318361280295	122	movie10	01	012	figures10	2
cortex_Limbic	26.132050536142934	60	movie10	01	012	figures10	2
cortex_SalVentAttn	45.60581169856911	121	movie10	01	012	figures10	2
cortex_SomMot	46.62977548013033	194	movie10	01	012	figures10	2
cortex_Vis	39.493655190609644	162	movie10	01	012	figures10	2
subcortex_CAU	28.58041506513298	8	movie10	01	012	figures10	2
subcortex_PUT	29.18308551250925	8	movie10	01	012	figures10	2
subcortex_THA	27.27053916842041	14	movie10	01	012	figures10	2
cerebellum	33.38771484278528	88	movie10	01	012	figures11	2
cortex_Cont	40.486880408624764	128	movie10	01	012	figures11	2
cortex_Default	39.43302412871232	209	movie10	01	012	figures11	2
cortex_DorsAttn	40.66278834421976	122	movie10	01	012	figures11	2
cortex_Limbic	23.188954091956578	60	movie10	01	012	figures11	2
cortex_SalVentAttn	40.28352794676179	121	movie10	01	012	figures11	2
cortex_SomMot	38.6944040466699	194	movie10	01	012	figures11	2
cortex_Vis	36.173282777066575	162	movie10	01	012	figures11	2
subcortex_CAU	26.015055432742336	8	movie10	01	012	figures11	2
subcortex_PUT	26.965953012917282	8	movie10	01	012	figures11	2
subcortex_THA	27.162506552435826	14	movie10	01	012	figures11	2
cerebellum	31.040718084663975	88	movie10	01	012	figures12	2
cortex_Cont	43.24220279762521	128	movie10	01	012	figures12	2
cortex_Default	40.829643299555556	209	movie10	01	012	figures12	2
cortex_DorsAttn	41.37263840172699	122	movie10	01	012	figures12	2
cortex_Limbic	24.36266815289613	60	movie10	01	012	figures12	2
cortex_SalVentAttn	42.917481650096406	121	movie10	01	012	figures12	2
cortex_SomMot	42.74182666893234	194	movie10	01	012	figures12	2
cortex_Vis	33.3784870182593	162	movie10	01	012	figures12	2
subcortex_CAU	27.244840043920885	8	movie10	01	012	figures12	2
subcortex_PUT	27.739104171472373	8	movie10	01	012	figures12	2
subcortex_THA	27.17236511920115	14	movie10	01	012	figures12	2
cerebellum	28.280748868854673	88	movie10	02	001	life01	1
cortex_Cont	38.83342564745342	128	movie10	02	001	life01	1
cortex_Default	36.0148074405115	209	movie10	02	001	life01	1
cortex_DorsAttn	38.72059253011764	122	movie10	02	001	life01	1
cortex_Limbic	19.64257805430068	60	movie10	02	001	life01	1
cortex_SalVentAttn	38.69952665247317	121	movie10	02	001	life01	1
cortex_SomMot	36.831413669275875	194	movie10	02	001	life01	1
cortex_Vis	30.582049632015888	162	movie10	02	001	life01	1
subcortex_CAU	29.41654029509183	8	movie10	02	001	life01	1
subcortex_PUT	28.825866516533353	8	movie10	02	001	life01	1
subcortex_THA	26.638112723024086	14	movie10	02	001	life01	1
cerebellum	30.48094041147335	88	movie10	02	001	life02	1
cortex_Cont	41.41378296692547	128	movie10	02	001	life02	1
cortex_Default	38.08312729653291	209	movie10	02	001	life02	1
cortex_DorsAttn	41.91130262770535	122	movie10	02	001	life02	1
cortex_Limbic	20.67012924688317	60	movie10	02	001	life02	1
cortex_SalVentAttn	39.57948919607745	121	movie10	02	001	life02	1
cortex_SomMot	38.042487466865154	194	movie10	02	001	life02	1
cortex_Vis	33.48641932813193	162	movie10	02	001	life02	1
subcortex_CAU	29.271377387449277	8	movie10	02	001	life02	1
subcortex_PUT	28.912439368456084	8	movie10	02	001	life02	1
subcortex_THA	26.48929740107991	14	movie10	02	001	life02	1
cerebellum	26.83689282143748	88	movie10	02	001	life03	1
cortex_Cont	38.05119245152849	128	movie10	02	001	life03	1
cortex_Default	35.39310883397232	209	movie10	02	001	life03	1
cortex_DorsAttn	39.94026476541117	122	movie10	02	001	life03	1
cortex_Limbic	19.398488832106448	60	movie10	02	001	life03	1
cortex_SalVentAttn	37.51622944019762	121	movie10	02	001	life03	1
cortex_SomMot	37.584180345860105	194	movie10	02	001	life03	1
cortex_Vis	30.670456252747332	162	movie10	02	001	life03	1
subcortex_CAU	28.71021181192715	8	movie10	02	001	life03	1
subcortex_PUT	28.336279522868942	8	movie10	02	001	life03	1
subcortex_THA	26.40736385346278	14	movie10	02	001	life03	1
cerebellum	29.37398734914008	88	movie10	02	001	life04	1
cortex_Cont	41.12836377735755	128	movie10	02	001	life04	1
cortex_Default	37.607964535108536	209	movie10	02	001	life04	1
cortex_DorsAttn	43.663310149754516	122	movie10	02	001	life04	1
cortex_Limbic	20.613894937726293	60	movie10	02	001	life04	1
cortex_SalVentAttn	39.089831459132654	121	movie10	02	001	life04	1
cortex_SomMot	39.150706553110815	194	movie10	02	001	life04	1
cortex_Vis	33.05303573123832	162	movie10	02	001	life04	1
subcortex_CAU	28.99901399304924	8	movie10	02	001	life04	1
subcortex_PUT	28.37876467066233	8	movie10	02	001	life04	1
subcortex_THA	26.146672079522727	14	movie10	02	001	life04	1
cerebellum	33.13844613218472	88	movie10	02	002	figures01	1
cortex_Cont	47.67989896460528	128	movie10	02	002	figures01	1
cortex_Default	41.81799721844317	209	movie10	02	002	figures01	1
cortex_DorsAttn	49.79394465163445	122	movie10	02	002	figures01	1
cortex_Limbic	21.56344714348784	60	movie10	02	002	figures01	1
cortex_SalVentAttn	44.2440614960906	121	movie10	02	002	figures01	1
cortex_SomMot	44.80116001285712	194	movie10	02	002	figures01	1
cortex_Vis	36.46279289646865	162	movie10	02	002	figures01	1
subcortex_CAU	32.605556000964604	8	movie10	02	002	figures01	1
subcortex_PUT	30.18779551234802	8	movie10	02	002	figures01	1
subcortex_THA	27.504914803918602	14	movie10	02	002	figures01	1
cerebellum	32.42437643848917	88	movie10	02	002	figures02	1
cortex_Cont	44.1710742018859	128	movie10	02	002	figures02	1
cortex_Default	40.21667101864575	209	movie10	02	002	figures02	1
cortex_DorsAttn	42.38990205527539	122	movie10	02	002	figures02	1
cortex_Limbic	23.009659802140558	60	movie10	02	002	figures02	1
cortex_SalVentAttn	41.1951592813632	121	movie10	02	002	figures02	1
cortex_SomMot	38.275329686521715	194	movie10	02	002	figures02	1
cortex_Vis	33.356242412099625	162	movie10	02	002	figures02	1
subcortex_CAU	31.905989134761622	8	movie10	02	002	figures02	1
subcortex_PUT	30.239965287069527	8	movie10	02	002	figures02	1
subcortex_THA	27.553333952170252	14	movie10	02	002	figures02	1
cerebellum	30.117001877234433	88	movie10	02	002	figures03	1
cortex_Cont	43.55691990794454	128	movie10	02	002	figures03	1
cortex_Default	38.76785284458888	209	movie10	02	002	figures03	1
cortex_DorsAttn	41.892266737240654	122	movie10	02	002	figures03	1
cortex_Limbic	22.747136571004987	60	movie10	02	002	figures03	1
cortex_SalVentAttn	40.65618176344842	121	movie10	02	002	figures03	1
cortex_SomMot	37.646202670871396	194	movie10	02	002	figures03	1
cortex_Vis	32.76724067373282	162	movie10	02	002	figures03	1
subcortex_CAU	31.63644866239141	8	movie10	02	002	figures03	1
subcortex_PUT	29.879281667657942	8	movie10	02	002	figures03	1
subcortex_THA	26.474394701174628	14	movie10	02	002	figures03	1
cerebellum	34.098246231454	88	movie10	02	002	figures04	1
cortex_Cont	47.18148482420136	128	movie10	02	002	figures04	1
cortex_Default	41.875882096214085	209	movie10	02	002	figures04	1
cortex_DorsAttn	50.6174629756306	122	movie10	02	002	figures04	1
cortex_Limbic	21.961014072938124	60	movie10	02	002	figures04	1
cortex_SalVentAttn	43.73026431685907	121	movie10	02	002	figures04	1
cortex_SomMot	45.02659825331666	194	movie10	02	002	figures04	1
cortex_Vis	38.002425182790915	162	movie10	02	002	figures04	1
subcortex_CAU	31.99544041095102	8	movie10	02	002	figures04	1
subcortex_PUT	30.156982103827477	8	movie10	02	002	figures04	1
subcortex_THA	26.891799375855452	14	movie10	02	002	figures04	1
cerebellum	31.355494047100468	88	movie10	02	002	figures05	1
cortex_Cont	43.40585066124776	128	movie10	02	002	figures05	1
cortex_Default	38.78104453610964	209	movie10	02	002	figures05	1
cortex_DorsAttn	44.20526751151863	122	movie10	02	002	figures05	1
cortex_Limbic	21.33271392674562	60	movie10	02	002	figures05	1
cortex_SalVentAttn	41.363699357133754	121	movie10	02	002	figures05	1
cortex_SomMot	39.76590823461264	194	movie10	02	002	figures05	1
cortex_Vis	33.91763498362579	162	movie10	02	002	figures05	1
subcortex_CAU	31.06555058076704	8	movie10	02	002	figures05	1
subcortex_PUT	29.658484785635853	8	movie10	02	002	figures05	1
subcortex_THA	26.72498195419618	14	movie10	02	002	figures05	1
cerebellum	33.24229508947068	88	movie10	02	002	figures06	1
cortex_Cont	47.81810447043048	128	movie10	02	002	figures06	1
cortex_Default	41.999917005150515	209	movie10	02	002	figures06	1
cortex_DorsAttn	49.21858828441999	122	movie10	02	002	figures06	1
cortex_Limbic	22.773495004615018	60	movie10	02	002	figures06	1
cortex_SalVentAttn	44.17111103791413	121	movie10	02	002	figures06	1
cortex_SomMot	43.43936017818285	194	movie10	02	002	figures06	1
cortex_Vis	37.275257603746134	162	movie10	02	002	figures06	1
subcortex_CAU	31.96113993335816	8	movie10	02	002	figures06	1
subcortex_PUT	29.762592268814565	8	movie10	02	002	figures06	1
subcortex_THA	27.050062423709853	14	movie10	02	002	figures06	1
cerebellum	31.19918948576227	88	movie10	02	002	life05	1
cortex_Cont	45.53639138808934	128	movie10	02	002	life05	1
cortex_Default	40.95930987302609	209	movie10	02	002	life05	1
cortex_DorsAttn	47.68431586094633	122	movie10	02	002	life05	1
cortex_Limbic	22.09406308828475	60	movie10	02	002	life05	1
cortex_SalVentAttn	43.24183527264622	121	movie10	02	002	life05	1
cortex_SomMot	44.663572598690145	194	movie10	02	002	life05	1
cortex_Vis	35.21324089179911	162	movie10	02	002	life05	1
subcortex_CAU	32.37415286491744	8	movie10	02	002	life05	1
subcortex_PUT	30.2646348143113	8	movie10	02	002	life05	1
subcortex_THA	27.874512537112793	14	movie10	02	002	life05	1
cerebellum	30.439090974990982	88	movie10	02	003	figures07	1
cortex_Cont	42.18354115561647	128	movie10	02	003	figures07	1
cortex_Default	37.62260480961233	209	movie10	02	003	figures07	1
cortex_DorsAttn	44.40349530984371	122	movie10	02	003	figures07	1
cortex_Limbic	20.47626566783391	60	movie10	02	003	figures07	1
cortex_SalVentAttn	40.793280853103795	121	movie10	02	003	figures07	1
cortex_SomMot	40.99877132112835	194	movie10	02	003	figures07	1
cortex_Vis	32.157040783761644	162	movie10	02	003	figures07	1
subcortex_CAU	30.978563407798212	8	movie10	02	003	figures07	1
subcortex_PUT	29.584494762938508	8	movie10	02	003	figures07	1
subcortex_THA	26.650617114685797	14	movie10	02	003	figures07	1
cerebellum	35.39793869947334	88	movie10	02	003	figures08	1
cortex_Cont	50.097194266908026	128	movie10	02	003	figures08	1
cortex_Default	43.76469200137119	209	movie10	02	003	figures08	1
cortex_DorsAttn	51.3744752046392	122	movie10	02	003	figures08	1
cortex_Limbic	23.21649917436157	60	movie10	02	003	figures08	1
cortex_SalVentAttn	45.0627229627501	121	movie10	02	003	figures08	1
cortex_SomMot	45.00988283799995	194	movie10	02	003	figures08	1
cortex_Vis	38.34487216179113	162	movie10	02	003	figures08	1
subcortex_CAU	32.41953249051335	8	movie10	02	003	figures08	1
subcortex_PUT	30.478445715905465	8	movie10	02	003	figures08	1
subcortex_THA	28.039019902017625	14	movie10	02	003	figures08	1
cerebellum	33.111517806669546	88	movie10	02	003	figures09	1
cortex_Cont	45.798824888368316	128	movie10	02	003	figures09	1
cortex_Default	40.24549056629761	209	movie10	02	003	figures09	1
cortex_DorsAttn	48.200917160622794	122	movie10	02	003	figures09	1
cortex_Limbic	21.445395751463042	60	movie10	02	003	figures09	1
cortex_SalVentAttn	42.86117694297357	121	movie10	02	003	figures09	1
cortex_SomMot	41.906772351120445	194	movie10	02	003	figures09	1
cortex_Vis	36.22233781778827	162	movie10	02	003	figures09	1
subcortex_CAU	31.821914972795824	8	movie10	02	003	figures09	1
subcortex_PUT	29.99905508546742	8	movie10	02	003	figures09	1
subcortex_THA	27.076790834032018	14	movie10	02	003	figures09	1
cerebellum	32.86119683625767	88	movie10	02	003	figures10	1
cortex_Cont	46.182148960341046	128	movie10	02	003	figures10	1
cortex_Default	40.827781099243715	209	movie10	02	003	figures10	1
cortex_DorsAttn	45.99582508113189	122	movie10	02	003	figures10	1
cortex_Limbic	22.244047735953096	60	movie10	02	003	figures10	1
cortex_SalVentAttn	43.59693654482378	121	movie10	02	003	figures10	1
cortex_SomMot	41.088229439253446	194	movie10	02	003	figures10	1
cortex_Vis	34.99182960733805	162	movie10	02	003	figures10	1
subcortex_CAU	32.53178462341496	8	movie10	02	003	figures10	1
subcortex_PUT	30.33982007636338	8	movie10	02	003	figures10	1
subcortex_THA	27.17228318821063	14	movie10	02	003	figures10	1
cerebellum	32.85756227807753	88	movie10	02	003	figures11	1
cortex_Cont	46.623814956807266	128	movie10	02	003	figures11	1
cortex_Default	40.586187301161	209	movie10	02	003	figures11	1
cortex_DorsAttn	48.04090993142121	122	movie10	02	003	figures11	1
cortex_Limbic	22.435936567728994	60	movie10	02	003	figures11	1
cortex_SalVentAttn	43.24229276272315	121	movie10	02	003	figures11	1
cortex_SomMot	42.90874309391306	194	movie10	02	003	figures11	1
cortex_Vis	34.96812112473121	162	movie10	02	003	figures11	1
subcortex_CAU	32.289845218284654	8	movie10	02	003	figures11	1
subcortex_PUT	29.90377294168696	8	movie10	02	003	figures11	1
subcortex_THA	26.83757644321571	14	movie10	02	003	figures11	1
cerebellum	31.7916873749691	88	movie10	02	003	figures12	1
cortex_Cont	44.402409105023374	128	movie10	02	003	figures12	1
cortex_Default	39.49976318621052	209	movie10	02	003	figures12	1
cortex_DorsAttn	45.070105746976104	122	movie10	02	003	figures12	1
cortex_Limbic	21.394948904045986	60	movie10	02	003	figures12	1
cortex_SalVentAttn	42.40026691454857	121	movie10	02	003	figures12	1
cortex_SomMot	41.29542274259645	194	movie10	02	003	figures12	1
cortex_Vis	34.005660277410584	162	movie10	02	003	figures12	1
subcortex_CAU	31.897886519086995	8	movie10	02	003	figures12	1
subcortex_PUT	29.666596417329636	8	movie10	02	003	figures12	1
subcortex_THA	27.061181708198507	14	movie10	02	003	figures12	1
cerebellum	31.687678844656453	88	movie10	02	004	bourne01	
cortex_Cont	43.1459453774999	128	movie10	02	004	bourne01	
cortex_Default	39.424559567390375	209	movie10	02	004	bourne01	
cortex_DorsAttn	44.843584842906964	122	movie10	02	004	bourne01	
cortex_Limbic	21.431728179594415	60	movie10	02	004	bourne01	
cortex_SalVentAttn	42.59597419089519	121	movie10	02	004	bourne01	
cortex_SomMot	43.03307630457828	194	movie10	02	004	bourne01	
cortex_Vis	33.410207911815	162	movie10	02	004	bourne01	
subcortex_CAU	31.87029555523589	8	movie10	02	004	bourne01	
subcortex_PUT	30.21025514089385	8	movie10	02	004	bourne01	
subcortex_THA	27.815767843325567	14	movie10	02	004	bourne01	
cerebellum	32.33002901951761	88	movie10	02	004	bourne02	
cortex_Cont	45.98945443203063	128	movie10	02	004	bourne02	
cortex_Default	40.51771216555684	209	movie10	02	004	bourne02	
cortex_DorsAttn	46.269900853283545	122	movie10	02	004	bourne02	
cortex_Limbic	22.07765328634198	60	movie10	02	004	bourne02	
cortex_SalVentAttn	42.856152903214166	121	movie10	02	004	bourne02	
cortex_SomMot	42.218144705010566	194	movie10	02	004	bourne02	
cortex_Vis	34.55126822984161	162	movie10	02	004	bourne02	
subcortex_CAU	32.04518379277518	8	movie10	02	004	bourne02	
subcortex_PUT	30.19364062186991	8	movie10	02	004	bourne02	
subcortex_THA	27.465318769062637	14	movie10	02	004	bourne02	
cerebellum	34.64390133917964	88	movie10	02	004	bourne03	
cortex_Cont	50.85078382491418	128	movie10	02	004	bourne03	
cortex_Default	44.340182888066884	209	movie10	02	004	bourne03	
cortex_DorsAttn	51.924942534589576	122	movie10	02	004	bourne03	
cortex_Limbic	24.31416021547972	60	movie10	02	004	bourne03	
cortex_SalVentAttn	46.21062243815216	121	movie10	02	004	bourne03	
cortex_SomMot	46.65224950384245	194	movie10	02	004	bourne03	
cortex_Vis	38.21315499556562	162	movie10	02	004	bourne03	
subcortex_CAU	31.41852011039259	8	movie10	02	004	bourne03	
subcortex_PUT	29.618680583003602	8	movie10	02	004	bourne03	
subcortex_THA	27.1661919050481	14	movie10	02	004	bourne03	
cerebellum	30.755824005926446	88	movie10	02	004	bourne04	
cortex_Cont	45.18030464002165	128	movie10	02	004	bourne04	
cortex_Default	39.78482096141965	209	movie10	02	004	bourne04	
cortex_DorsAttn	46.75110532958822	122	movie10	02	004	bourne04	
cortex_Limbic	22.27394919819479	60	movie10	02	004	bourne04	
cortex_SalVentAttn	42.55416194655762	121	movie10	02	004	bourne04	
cortex_SomMot	43.702981327693294	194	movie10	02	004	bourne04	
cortex_Vis	33.81657584959838	162	movie10	02	004	bourne04	
subcortex_CAU	30.562920475277714	8	movie10	02	004	bourne04	
subcortex_PUT	29.319455708890715	8	movie10	02	004	bourne04	
subcortex_THA	26.595419197619133	14	movie10	02	004	bourne04	
cerebellum	33.43128304068496	88	movie10	02	004	bourne05	
cortex_Cont	47.015903002769065	128	movie10	02	004	bourne05	
cortex_Default	41.702494666370306	209	movie10	02	004	bourne05	
cortex_DorsAttn	49.29339004911597	122	movie10	02	004	bourne05	
cortex_Limbic	23.729885873837905	60	movie10	02	004	bourne05	
cortex_SalVentAttn	43.719996798512994	121	movie10	02	004	bourne05	
cortex_SomMot	44.954877430112774	194	movie10	02	004	bourne05	
cortex_Vis	37.19025867433818	162	movie10	02	004	bourne05	
subcortex_CAU	30.66026107708102	8	movie10	02	004	bourne05	
subcortex_PUT	29.538716978522196	8	movie10	02	004	bourne05	
subcortex_THA	26.75848275086378	14	movie10	02	004	bourne05	
cerebellum	32.77326729509943	88	movie10	02	005	bourne06	
cortex_Cont	45.84372023359871	128	movie10	02	005	bourne06	
cortex_Default	40.575654716915736	209	movie10	02	005	bourne06	
cortex_DorsAttn	48.45663909738339	122	movie10	02	005	bourne06	
cortex_Limbic	21.371344050792757	60	movie10	02	005	bourne06	
cortex_SalVentAttn	43.34990555584751	121	movie10	02	005	bourne06	
cortex_SomMot	43.164076417674636	194	movie10	02	005	bourne06	
cortex_Vis	36.28606019172506	162	movie10	02	005	bourne06	
subcortex_CAU	32.22867628389088	8	movie10	02	005	bourne06	
subcortex_PUT	29.87307832026089	8	movie10	02	005	bourne06	
subcortex_THA	27.515916084352398	14	movie10	02	005	bourne06	
cerebellum	33.258612605672646	88	movie10	02	005	bourne07	
cortex_Cont	48.09248961452942	128	movie10	02	005	bourne07	
cortex_Default	42.09412957272627	209	movie10	02	005	bourne07	
cortex_DorsAttn	49.40540821827614	122	movie10	02	005	bourne07	
cortex_Limbic	23.302877644977904	60	movie10	02	005	bourne07	
cortex_SalVentAttn	43.99028870229268	121	movie10	02	005	bourne07	
cortex_SomMot	43.9039242708521	194	movie10	02	005	bourne07	
cortex_Vis	37.36706255494936	162	movie10	02	005	bourne07	
subcortex_CAU	32.229229789967505	8	movie10	02	005	bourne07	
subcortex_PUT	29.659090997321425	8	movie10	02	005	bourne07	
subcortex_THA	27.31893694108572	14	movie10	02	005	bourne07	
cerebellum	28.230162760129566	88	movie10	02	005	bourne08	
cortex_Cont	39.05463376913787	128	movie10	02	005	bourne08	
cortex_Default	35.098296142491606	209	movie10	02	005	bourne08	
cortex_DorsAttn	41.11978624780872	122	movie10	02	005	bourne08	
cortex_Limbic	19.93088327683912	60	movie10	02	005	bourne08	
cortex_SalVentAttn	37.52342514687678	121	movie10	02	005	bourne08	
cortex_SomMot	36.99428834614577	194	movie10	02	005	bourne08	
cortex_Vis	31.340322744471916	162	movie10	02	005	bourne08	
subcortex_CAU	29.62646226024466	8	movie10	02	005	bourne08	
subcortex_PUT	28.012583179065082	8	movie10	02	005	bourne08	
subcortex_THA	25.654586635634367	14	movie10	02	005	bourne08	
cerebellum	31.203752226330234	88	movie10	02	005	bourne09	
cortex_Cont	46.360812399918125	128	movie10	02	005	bourne09	
cortex_Default	40.83240052769867	209	movie10	02	005	bourne09	
cortex_DorsAttn	48.0429370902848	122	movie10	02	005	bourne09	
cortex_Limbic	22.38345515896115	60	movie10	02	005	bourne09	
cortex_SalVentAttn	42.239806017282675	121	movie10	02	005	bourne09	
cortex_SomMot	43.690949432775945	194	movie10	02	005	bourne09	
cortex_Vis	35.171431625042445	162	movie10	02	005	bourne09	
subcortex_CAU	31.21118739464892	8	movie10	02	005	bourne09	
subcortex_PUT	28.765391388113745	8	movie10	02	005	bourne09	
subcortex_THA	26.578661577310687	14	movie10	02	005	bourne09	
cerebellum	33.26050773647003	88	movie10	02	005	bourne10	
cortex_Cont	46.79512530705721	128	movie10	02	005	bourne10	
cortex_Default	41.38547023791639	209	movie10	02	005	bourne10	
cortex_DorsAttn	49.34448039792035	122	movie10	02	005	bourne10	
cortex_Limbic	22.60924155611982	60	movie10	02	005	bourne10	
cortex_SalVentAttn	42.64823667550411	121	movie10	02	005	bourne10	
cortex_SomMot	42.73482923306889	194	movie10	02	005	bourne10	
cortex_Vis	38.04952946953922	162	movie10	02	005	bourne10	
subcortex_CAU	31.141127917338558	8	movie10	02	005	bourne10	
subcortex_PUT	29.12667446061658	8	movie10	02	005	bourne10	
subcortex_THA	27.11758945307852	14	movie10	02	005	bourne10	
cerebellum	35.67080100577106	88	movie10	02	006	wolf01	
cortex_Cont	46.67763854408624	128	movie10	02	006	wolf01	
cortex_Default	42.1203135073626	209	movie10	02	006	wolf01	
cortex_DorsAttn	50.564840532350914	122	movie10	02	006	wolf01	
cortex_Limbic	22.95739897728496	60	movie10	02	006	wolf01	
cortex_SalVentAttn	43.754582157050514	121	movie10	02	006	wolf01	
cortex_SomMot	43.985365434944285	194	movie10	02	006	wolf01	
cortex_Vis	39.17648550829525	162	movie10	02	006	wolf01	
subcortex_CAU	31.325988242574848	8	movie10	02	006	wolf01	
subcortex_PUT	29.67069753159832	8	movie10	02	006	wolf01	
subcortex_THA	27.40414069113777	14	movie10	02	006	wolf01	
cerebellum	35.602306840267964	88	movie10	02	006	wolf02	
cortex_Cont	46.315409516354265	128	movie10	02	006	wolf02	
cortex_Default	41.85910883927209	209	movie10	02	006	wolf02	
cortex_DorsAttn	49.546457814911484	122	movie10	02	006	wolf02	
cortex_Limbic	22.454578093973907	60	movie10	02	006	wolf02	
cortex_SalVentAttn	42.28806269133946	121	movie10	02	006	wolf02	
cortex_SomMot	41.479453702376176	194	movie10	02	006	wolf02	
cortex_Vis	39.78914749720509	162	movie10	02	006	wolf02	
subcortex_CAU	30.60145841461974	8	movie10	02	006	wolf02	
subcortex_PUT	29.63943335606976	8	movie10	02	006	wolf02	
subcortex_THA	26.929205321762378	14	movie10	02	006	wolf02	
cerebellum	36.51557074936408	88	movie10	02	006	wolf03	
cortex_Cont	50.66696301698761	128	movie10	02	006	wolf03	
cortex_Default	44.43663610160871	209	movie10	02	006	wolf03	
cortex_DorsAttn	54.61391810754739	122	movie10	02	006	wolf03	
cortex_Limbic	23.748996126054486	60	movie10	02	006	wolf03	
cortex_SalVentAttn	45.73440872472999	121	movie10	02	006	wolf03	
cortex_SomMot	46.56333839538773	194	movie10	02	006	wolf03	
cortex_Vis	42.06930077108873	162	movie10	02	006	wolf03	
subcortex_CAU	31.395159713042986	8	movie10	02	006	wolf03	
subcortex_PUT	29.698135351717145	8	movie10	02	006	wolf03	
subcortex_THA	27.21637976548677	14	movie10	02	006	wolf03	
cerebellum	35.09461722239746	88	movie10	02	006	wolf04	
cortex_Cont	47.12331885879873	128	movie10	02	006	wolf04	
cortex_Default	41.993720583707095	209	movie10	02	006	wolf04	
cortex_DorsAttn	49.698621607597694	122	movie10	02	006	wolf04	
cortex_Limbic	21.867009395640434	60	movie10	02	006	wolf04	
cortex_SalVentAttn	43.033593268525635	121	movie10	02	006	wolf04	
cortex_SomMot	42.058310089516326	194	movie10	02	006	wolf04	
cortex_Vis	39.374278958410144	162	movie10	02	006	wolf04	
subcortex_CAU	30.945435316656347	8	movie10	02	006	wolf04	
subcortex_PUT	29.38358590976373	8	movie10	02	006	wolf04	
subcortex_THA	27.23694437480785	14	movie10	02	006	wolf04	
cerebellum	32.76256530551095	88	movie10	02	006	wolf05	
cortex_Cont	42.27538496220631	128	movie10	02	006	wolf05	
cortex_Default	38.645919778281026	209	movie10	02	006	wolf05	
cortex_DorsAttn	45.69749907675695	122	movie10	02	006	wolf05	
cortex_Limbic	20.614726314422466	60	movie10	02	006	wolf05	
cortex_SalVentAttn	39.478409220075775	121	movie10	02	006	wolf05	
cortex_SomMot	38.93906366670728	194	movie10	02	006	wolf05	
cortex_Vis	35.83787482194877	162	movie10	02	006	wolf05	
subcortex_CAU	31.309185228641063	8	movie10	02	006	wolf05	
subcortex_PUT	29.40500006357249	8	movie10	02	006	wolf05	
subcortex_THA	26.31723053994063	14	movie10	02	006	wolf05	
cerebellum	33.1192348888114	88	movie10	02	006	wolf06	
cortex_Cont	43.12910885530187	128	movie10	02	006	wolf06	
cortex_Default	39.26000814944551	209	movie10	02	006	wolf06	
cortex_DorsAttn	47.97648396576201	122	movie10	02	006	wolf06	
cortex_Limbic	20.229634793639153	60	movie10	02	006	wolf06	
cortex_SalVentAttn	41.45893751659922	121	movie10	02	006	wolf06	
cortex_SomMot	42.02110376873778	194	movie10	02	006	wolf06	
cortex_Vis	36.78648181794647	162	movie10	02	006	wolf06	
subcortex_CAU	28.865882486222606	8	movie10	02	006	wolf06	
subcortex_PUT	28.26570843319608	8	movie10	02	006	wolf06	
subcortex_THA	26.78090526810438	14	movie10	02	006	wolf06	
cerebellum	25.420309120680486	88	movie10	02	007	wolf07	
cortex_Cont	36.54148304162004	128	movie10	02	007	wolf07	
cortex_Default	34.148473179425594	209	movie10	02	007	wolf07	
cortex_DorsAttn	35.56889015343223	122	movie10	02	007	wolf07	
cortex_Limbic	19.69156062418973	60	movie10	02	007	wolf07	
cortex_SalVentAttn	36.38708947961849	121	movie10	02	007	wolf07	
cortex_SomMot	35.37606168327428	194	movie10	02	007	wolf07	
cortex_Vis	28.11775716388559	162	movie10	02	007	wolf07	
subcortex_CAU	29.80316984416015	8	movie10	02	007	wolf07	
subcortex_PUT	28.412106862109688	8	movie10	02	007	wolf07	
subcortex_THA	25.59441017195391	14	movie10	02	007	wolf07	
cerebellum	26.263545640882036	88	movie10	02	007	wolf08	
cortex_Cont	37.02869580525951	128	movie10	02	007	wolf08	
cortex_Default	34.65072234994251	209	movie10	02	007	wolf08	
cortex_DorsAttn	36.817377762938904	122	movie10	02	007	wolf08	
cortex_Limbic	18.246860371065825	60	movie10	02	007	wolf08	
cortex_SalVentAttn	36.00242449000026	121	movie10	02	007	wolf08	
cortex_SomMot	34.71138315727582	194	movie10	02	007	wolf08	
cortex_Vis	29.420364050393182	162	movie10	02	007	wolf08	
subcortex_CAU	28.997702651528126	8	movie10	02	007	wolf08	
subcortex_PUT	28.101963011682095	8	movie10	02	007	wolf08	
subcortex_THA	25.734496233623453	14	movie10	02	007	wolf08	
cerebellum	26.088156539896318	88	movie10	02	007	wolf09	
cortex_Cont	36.56636220534459	128	movie10	02	007	wolf09	
cortex_Default	34.25790436132099	209	movie10	02	007	wolf09	
cortex_DorsAttn	36.60136943176783	122	movie10	02	007	wolf09	
cortex_Limbic	19.706579536945892	60	movie10	02	007	wolf09	
cortex_SalVentAttn	35.541423151792976	121	movie10	02	007	wolf09	
cortex_SomMot	34.861381361653656	194	movie10	02	007	wolf09	
cortex_Vis	29.180472418484367	162	movie10	02	007	wolf09	
subcortex_CAU	29.505741015038485	8	movie10	02	007	wolf09	
subcortex_PUT	28.52224888697709	8	movie10	02	007	wolf09	
subcortex_THA	25.206136924208163	14	movie10	02	007	wolf09	
cerebellum	30.319324513856188	88	movie10	02	007	wolf10	
cortex_Cont	45.234855953849745	128	movie10	02	007	wolf10	
cortex_Default	41.0910057819467	209	movie10	02	007	wolf10	
cortex_DorsAttn	47.33893528356354	122	movie10	02	007	wolf10	
cortex_Limbic	22.051884865259122	60	movie10	02	007	wolf10	
cortex_SalVentAttn	42.24686189931783	121	movie10	02	007	wolf10	
cortex_SomMot	43.152342610733776	194	movie10	02	007	wolf10	
cortex_Vis	36.2689838442339	162	movie10	02	007	wolf10	
subcortex_CAU	30.619554354028935	8	movie10	02	007	wolf10	
subcortex_PUT	29.354333291835225	8	movie10	02	007	wolf10	
subcortex_THA	26.757082784468416	14	movie10	02	007	wolf10	
cerebellum	30.513303931612505	88	movie10	02	007	wolf11	
cortex_Cont	44.697189607513515	128	movie10	02	007	wolf11	
cortex_Default	40.54329146184087	209	movie10	02	007	wolf11	
cortex_DorsAttn	47.67306809182422	122	movie10	02	007	wolf11	
cortex_Limbic	21.829934594918537	60	movie10	02	007	wolf11	
cortex_SalVentAttn	42.37388724986627	121	movie10	02	007	wolf11	
cortex_SomMot	44.05978419210562	194	movie10	02	007	wolf11	
cortex_Vis	36.6331132964855	162	movie10	02	007	wolf11	
subcortex_CAU	30.273438754756697	8	movie10	02	007	wolf11	
subcortex_PUT	29.171157521376276	8	movie10	02	007	wolf11	
subcortex_THA	26.81912805134648	14	movie10	02	007	wolf11	
cerebellum	28.686368268161743	88	movie10	02	007	wolf12	
cortex_Cont	43.583676979942624	128	movie10	02	007	wolf12	
cortex_Default	39.306206636301084	209	movie10	02	007	wolf12	
cortex_DorsAttn	44.96158116549274	122	movie10	02	007	wolf12	
cortex_Limbic	22.010740913243414	60	movie10	02	007	wolf12	
cortex_SalVentAttn	41.18726142619113	121	movie10	02	007	wolf12	
cortex_SomMot	42.4334636837126	194	movie10	02	007	wolf12	
cortex_Vis	34.11773262619913	162	movie10	02	007	wolf12	
subcortex_CAU	30.207139777133012	8	movie10	02	007	wolf12	
subcortex_PUT	29.05762003286685	8	movie10	02	007	wolf12	
subcortex_THA	26.67416820993998	14	movie10	02	007	wolf12	
cerebellum	32.94973824708433	88	movie10	02	008	wolf13	
cortex_Cont	44.927556006671566	128	movie10	02	008	wolf13	
cortex_Default	40.634111238701976	209	movie10	02	008	wolf13	
cortex_DorsAttn	44.67059436815191	122	movie10	02	008	wolf13	
cortex_Limbic	21.57212967114071	60	movie10	02	008	wolf13	
cortex_SalVentAttn	41.66341820313832	121	movie10	02	008	wolf13	
cortex_SomMot	39.518835604586684	194	movie10	02	008	wolf13	
cortex_Vis	36.37112111363604	162	movie10	02	008	wolf13	
subcortex_CAU	31.709174388787957	8	movie10	02	008	wolf13	
subcortex_PUT	29.8329584430618	8	movie10	02	008	wolf13	
subcortex_THA	27.07422014342062	14	movie10	02	008	wolf13	
cerebellum	33.70825632647638	88	movie10	02	008	wolf14	
cortex_Cont	46.553993752471264	128	movie10	02	008	wolf14	
cortex_Default	41.6240777532264	209	movie10	02	008	wolf14	
cortex_DorsAttn	47.721109694144566	122	movie10	02	008	wolf14	
cortex_Limbic	22.146907405280142	60	movie10	02	008	wolf14	
cortex_SalVentAttn	43.019888635992935	121	movie10	02	008	wolf14	
cortex_SomMot	41.1751515496792	194	movie10	02	008	wolf14	
cortex_Vis	37.901833928606365	162	movie10	02	008	wolf14	
subcortex_CAU	31.84571974178887	8	movie10	02	008	wolf14	
subcortex_PUT	29.668358572287644	8	movie10	02	008	wolf14	
subcortex_THA	27.29566126210715	14	movie10	02	008	wolf14	
cerebellum	34.14150576551557	88	movie10	02	008	wolf15	
cortex_Cont	49.59411410203835	128	movie10	02	008	wolf15	
cortex_Default	43.7558873500904	209	movie10	02	008	wolf15	
cortex_DorsAttn	49.92378878347877	122	movie10	02	008	wolf15	
cortex_Limbic	23.32297354722117	60	movie10	02	008	wolf15	
cortex_SalVentAttn	44.096963406049184	121	movie10	02	008	wolf15	
cortex_SomMot	43.24537376172033	194	movie10	02	008	wolf15	
cortex_Vis	38.764063614248364	162	movie10	02	008	wolf15	
subcortex_CAU	32.18897804752339	8	movie10	02	008	wolf15	
subcortex_PUT	29.758844599764156	8	movie10	02	008	wolf15	
subcortex_THA	26.986538383601474	14	movie10	02	008	wolf15	
cerebellum	35.87984378616367	88	movie10	02	008	wolf16	
cortex_Cont	49.31817314236729	128	movie10	02	008	wolf16	
cortex_Default	43.908646585113836	209	movie10	02	008	wolf16	
cortex_DorsAttn	52.865279220842254	122	movie10	02	008	wolf16	
cortex_Limbic	23.25721572734872	60	movie10	02	008	wolf16	
cortex_SalVentAttn	44.29758645076326	121	movie10	02	008	wolf16	
cortex_SomMot	43.824273624906745	194	movie10	02	008	wolf16	
cortex_Vis	41.303935571692456	162	movie10	02	008	wolf16	
subcortex_CAU	32.49746405512853	8	movie10	02	008	wolf16	
subcortex_PUT	29.683947911402285	8	movie10	02	008	wolf16	
subcortex_THA	27.17211216285391	14	movie10	02	008	wolf16	
cerebellum	32.81654320580058	88	movie10	02	008	wolf17	
cortex_Cont	46.26622744669937	128	movie10	02	008	wolf17	
cortex_Default	41.199317333684796	209	movie10	02	008	wolf17	
cortex_DorsAttn	48.48639765642636	122	movie10	02	008	wolf17	
cortex_Limbic	22.220583047206983	60	movie10	02	008	wolf17	
cortex_SalVentAttn	42.34054978840812	121	movie10	02	008	wolf17	
cortex_SomMot	42.07155304622794	194	movie10	02	008	wolf17	
cortex_Vis	37.41501021209857	162	movie10	02	008	wolf17	
subcortex_CAU	31.46609743251734	8	movie10	02	008	wolf17	
subcortex_PUT	29.00907712902816	8	movie10	02	008	wolf17	
subcortex_THA	26.692287582075192	14	movie10	02	008	wolf17	
cerebellum	28.3586884523889	88	movie10	02	009	life01	2
cortex_Cont	37.680465356191654	128	movie10	02	009	life01	2
cortex_Default	34.55228829747918	209	movie10	02	009	life01	2
cortex_DorsAttn	35.926951635756296	122	movie10	02	009	life01	2
cortex_Limbic	20.045200773049146	60	movie10	02	009	life01	2
cortex_SalVentAttn	36.22354774950218	121	movie10	02	009	life01	2
cortex_SomMot	32.91044572197821	194	movie10	02	009	life01	2
cortex_Vis	29.448646194495314	162	movie10	02	009	life01	2
subcortex_CAU	30.001808749872826	8	movie10	02	009	life01	2
subcortex_PUT	28.720440292369585	8	movie10	02	009	life01	2
subcortex_THA	25.370631545893225	14	movie10	02	009	life01	2
cerebellum	33.622439387482125	88	movie10	02	009	life02	2
cortex_Cont	44.454398893560324	128	movie10	02	009	life02	2
cortex_Default	40.30769529794321	209	movie10	02	009	life02	2
cortex_DorsAttn	46.355243969286086	122	movie10	02	009	life02	2
cortex_Limbic	21.700323279816327	60	movie10	02	009	life02	2
cortex_SalVentAttn	41.52045150473388	121	movie10	02	009	life02	2
cortex_SomMot	39.427850287499766	194	movie10	02	009	life02	2
cortex_Vis	37.54031371946386	162	movie10	02	009	life02	2
subcortex_CAU	30.516888097490057	8	movie10	02	009	life02	2
subcortex_PUT	29.52133990896898	8	movie10	02	009	life02	2
subcortex_THA	26.385812392654262	14	movie10	02	009	life02	2
cerebellum	34.43742598740139	88	movie10	02	009	life03	2
cortex_Cont	46.60784313896097	128	movie10	02	009	life03	2
cortex_Default	42.143880174908254	209	movie10	02	009	life03	2
cortex_DorsAttn	48.818594635404835	122	movie10	02	009	life03	2
cortex_Limbic	22.243367818807776	60	movie10	02	009	life03	2
cortex_SalVentAttn	43.17319289041097	121	movie10	02	009	life03	2
cortex_SomMot	42.4358252157552	194	movie10	02	009	life03	2
cortex_Vis	37.098205848520855	162	movie10	02	009	life03	2
subcortex_CAU	30.833154360050216	8	movie10	02	009	life03	2
subcortex_PUT	29.360696740342792	8	movie10	02	009	life03	2
subcortex_THA	26.84431382654868	14	movie10	02	009	life03	2
cerebellum	31.355207541408618	88	movie10	02	009	life04	2
cortex_Cont	42.264842714060165	128	movie10	02	009	life04	2
cortex_Default	38.52794748084428	209	movie10	02	009	life04	2
cortex_DorsAttn	42.23657319615809	122	movie10	02	009	life04	2
cortex_Limbic	21.437713000708857	60	movie10	02	009	life04	2
cortex_SalVentAttn	39.76383307229377	121	movie10	02	009	life04	2
cortex_SomMot	37.13541380458196	194	movie10	02	009	life04	2
cortex_Vis	33.267635764775996	162	movie10	02	009	life04	2
subcortex_CAU	29.8164310251024	8	movie10	02	009	life04	2
subcortex_PUT	28.979084759450483	8	movie10	02	009	life04	2
subcortex_THA	26.20856479898995	14	movie10	02	009	life04	2
cerebellum	32.89515600461074	88	movie10	02	009	life05	2
cortex_Cont	43.97542129474883	128	movie10	02	009	life05	2
cortex_Default	39.78290525842251	209	movie10	02	009	life05	2
cortex_DorsAttn	46.33249179052226	122	movie10	02	009	life05	2
cortex_Limbic	21.920993927798204	60	movie10	02	009	life05	2
cortex_SalVentAttn	40.7530696637662	121	movie10	02	009	life05	2
cortex_SomMot	38.889032264127216	194	movie10	02	009	life05	2
cortex_Vis	37.215122202518124	162	movie10	02	009	life05	2
subcortex_CAU	29.849557376839755	8	movie10	02	009	life05	2
subcortex_PUT	29.00637092487943	8	movie10	02	009	life05	2
subcortex_THA	25.806449843194997	14	movie10	02	009	life05	2
cerebellum	35.207280767475346	88	movie10	02	010	figures01	2
cortex_Cont	46.50885024805284	128	movie10	02	010	figures01	2
cortex_Default	42.137099945046785	209	movie10	02	010	figures01	2
cortex_DorsAttn	48.446085178667516	122	movie10	02	010	figures01	2
cortex_Limbic	22.776954071268474	60	movie10	02	010	figures01	2
cortex_SalVentAttn	44.25005597192437	121	movie10	02	010	figures01	2
cortex_SomMot	45.395850271595855	194	movie10	02	010	figures01	2
cortex_Vis	38.36710452810098	162	movie10	02	010	figures01	2
subcortex_CAU	32.465308935658285	8	movie10	02	010	figures01	2
subcortex_PUT	30.71256601210665	8	movie10	02	010	figures01	2
subcortex_THA	27.901390069804954	14	movie10	02	010	figures01	2
cerebellum	34.156465814316505	88	movie10	02	010	figures02	2
cortex_Cont	48.76961173746251	128	movie10	02	010	figures02	2
cortex_Default	43.2118693971498	209	movie10	02	010	figures02	2
cortex_DorsAttn	49.73124127691623	122	movie10	02	010	figures02	2
cortex_Limbic	24.609507558371398	60	movie10	02	010	figures02	2
cortex_SalVentAttn	45.66997782681737	121	movie10	02	010	figures02	2
cortex_SomMot	47.2790727057532	194	movie10	02	010	figures02	2
cortex_Vis	37.82310092213299	162	movie10	02	010	figures02	2
subcortex_CAU	32.33809822417246	8	movie10	02	010	figures02	2
subcortex_PUT	31.266287985730187	8	movie10	02	010	figures02	2
subcortex_THA	28.17500219381225	14	movie10	02	010	figures02	2
cerebellum	36.89093936843721	88	movie10	02	010	figures03	2
cortex_Cont	50.56340123244742	128	movie10	02	010	figures03	2
cortex_Default	45.10270445363962	209	movie10	02	010	figures03	2
cortex_DorsAttn	54.15200943662873	122	movie10	02	010	figures03	2
cortex_Limbic	25.46917552181891	60	movie10	02	010	figures03	2
cortex_SalVentAttn	45.59649034566039	121	movie10	02	010	figures03	2
cortex_SomMot	47.65668047317427	194	movie10	02	010	figures03	2
cortex_Vis	42.090421013652325	162	movie10	02	010	figures03	2
subcortex_CAU	32.66204951213505	8	movie10	02	010	figures03	2
subcortex_PUT	30.74045466059887	8	movie10	02	010	figures03	2
subcortex_THA	28.293661065248948	14	movie10	02	010	figures03	2
cerebellum	30.404342326405196	88	movie10	02	010	figures04	2
cortex_Cont	41.79348639810368	128	movie10	02	010	figures04	2
cortex_Default	38.3231449571919	209	movie10	02	010	figures04	2
cortex_DorsAttn	43.39758129068168	122	movie10	02	010	figures04	2
cortex_Limbic	22.334824279387995	60	movie10	02	010	figures04	2
cortex_SalVentAttn	41.23652209693759	121	movie10	02	010	figures04	2
cortex_SomMot	42.19130828821066	194	movie10	02	010	figures04	2
cortex_Vis	33.59400943332044	162	movie10	02	010	figures04	2
subcortex_CAU	31.072319529237774	8	movie10	02	010	figures04	2
subcortex_PUT	30.198069282354275	8	movie10	02	010	figures04	2
subcortex_THA	27.340591041300172	14	movie10	02	010	figures04	2
cerebellum	31.72354304363787	88	movie10	02	010	figures05	2
cortex_Cont	42.82284651493483	128	movie10	02	010	figures05	2
cortex_Default	39.46840258041127	209	movie10	02	010	figures05	2
cortex_DorsAttn	44.99582834277827	122	movie10	02	010	figures05	2
cortex_Limbic	22.71628745413771	60	movie10	02	010	figures05	2
cortex_SalVentAttn	41.62683210680814	121	movie10	02	010	figures05	2
cortex_SomMot	42.35582303310342	194	movie10	02	010	figures05	2
cortex_Vis	34.66253223821301	162	movie10	02	010	figures05	2
subcortex_CAU	30.746027973084047	8	movie10	02	010	figures05	2
subcortex_PUT	29.292588541982575	8	movie10	02	010	figures05	2
subcortex_THA	27.15665380484102	14	movie10	02	010	figures05	2
cerebellum	31.468372738476702	88	movie10	02	011	figures06	2
cortex_Cont	40.33404334501963	128	movie10	02	011	figures06	2
cortex_Default	37.52847095132782	209	movie10	02	011	figures06	2
cortex_DorsAttn	42.232048975458525	122	movie10	02	011	figures06	2
cortex_Limbic	20.5720162557359	60	movie10	02	011	figures06	2
cortex_SalVentAttn	38.53624055424818	121	movie10	02	011	figures06	2
cortex_SomMot	37.01674509902551	194	movie10	02	011	figures06	2
cortex_Vis	34.308490685879995	162	movie10	02	011	figures06	2
subcortex_CAU	29.53198880460339	8	movie10	02	011	figures06	2
subcortex_PUT	29.687352598033478	8	movie10	02	011	figures06	2
subcortex_THA	27.43473326234277	14	movie10	02	011	figures06	2
cerebellum	33.30088959586044	88	movie10	02	011	figures07	2
cortex_Cont	42.89943353221016	128	movie10	02	011	figures07	2
cortex_Default	39.76237721802964	209	movie10	02	011	figures07	2
cortex_DorsAttn	44.8095228797243	122	movie10	02	011	figures07	2
cortex_Limbic	21.25823671868294	60	movie10	02	011	figures07	2
cortex_SalVentAttn	40.669116887139914	121	movie10	02	011	figures07	2
cortex_SomMot	39.02128462318318	194	movie10	02	011	figures07	2
cortex_Vis	38.43028486498222	162	movie10	02	011	figures07	2
subcortex_CAU	29.986713923176037	8	movie10	02	011	figures07	2
subcortex_PUT	29.782565723088805	8	movie10	02	011	figures07	2
subcortex_THA	27.61690231623042	14	movie10	02	011	figures07	2
cerebellum	33.6765706480381	88	movie10	02	011	figures08	2
cortex_Cont	45.088634737310095	128	movie10	02	011	figures08	2
cortex_Default	41.239213563493664	209	movie10	02	011	figures08	2
cortex_DorsAttn	48.25621984065655	122	movie10	02	011	figures08	2
cortex_Limbic	22.421544489561224	60	movie10	02	011	figures08	2
cortex_SalVentAttn	42.132410141812436	121	movie10	02	011	figures08	2
cortex_SomMot	41.86635922842137	194	movie10	02	011	figures08	2
cortex_Vis	39.45349125870486	162	movie10	02	011	figures08	2
subcortex_CAU	30.288682348201093	8	movie10	02	011	figures08	2
subcortex_PUT	30.117266042718065	8	movie10	02	011	figures08	2
subcortex_THA	27.674829411126193	14	movie10	02	011	figures08	2
cerebellum	30.985758143140206	88	movie10	02	011	figures09	2
cortex_Cont	41.996995335131956	128	movie10	02	011	figures09	2
cortex_Default	39.05463847626208	209	movie10	02	011	figures09	2
cortex_DorsAttn	42.4553146989746	122	movie10	02	011	figures09	2
cortex_Limbic	21.646819903053157	60	movie10	02	011	figures09	2
cortex_SalVentAttn	39.93732695663989	121	movie10	02	011	figures09	2
cortex_SomMot	38.401105361351284	194	movie10	02	011	figures09	2
cortex_Vis	35.10935041074608	162	movie10	02	011	figures09	2
subcortex_CAU	29.7440173895918	8	movie10	02	011	figures09	2
subcortex_PUT	29.791721341433945	8	movie10	02	011	figures09	2
subcortex_THA	27.39609901691686	14	movie10	02	011	figures09	2
cerebellum	35.471504888517224	88	movie10	02	012	figures10	2
cortex_Cont	47.39139039711623	128	movie10	02	012	figures10	2
cortex_Default	42.60204127472163	209	movie10	02	012	figures10	2
cortex_DorsAttn	51.79726402558563	122	movie10	02	012	figures10	2
cortex_Limbic	23.322207173584125	60	movie10	02	012	figures10	2
cortex_SalVentAttn	43.71322584959988	121	movie10	02	012	figures10	2
cortex_SomMot	44.63193483527497	194	movie10	02	012	figures10	2
cortex_Vis	41.454855933564005	162	movie10	02	012	figures10	2
subcortex_CAU	30.37976768941621	8	movie10	02	012	figures10	2
subcortex_PUT	29.04803624037778	8	movie10	02	012	figures10	2
subcortex_THA	27.067777890920045	14	movie10	02	012	figures10	2
cerebellum	34.7720943292374	88	movie10	02	012	figures11	2
cortex_Cont	47.66987425510613	128	movie10	02	012	figures11	2
cortex_Default	43.132581449942535	209	movie10	02	012	figures11	2
cortex_DorsAttn	50.260509625120214	122	movie10	02	012	figures11	2
cortex_Limbic	24.793333772499246	60	movie10	02	012	figures11	2
cortex_SalVentAttn	43.798368962188455	121	movie10	02	012	figures11	2
cortex_SomMot	45.02866846019369	194	movie10	02	012	figures11	2
cortex_Vis	40.65855363468594	162	movie10	02	012	figures11	2
subcortex_CAU	30.59020995578288	8	movie10	02	012	figures11	2
subcortex_PUT	29.565763238388378	8	movie10	02	012	figures11	2
subcortex_THA	27.163023474317175	14	movie10	02	012	figures11	2
cerebellum	34.99101222051948	88	movie10	02	012	figures12	2
cortex_Cont	46.71041513307798	128	movie10	02	012	figures12	2
cortex_Default	42.456082539738446	209	movie10	02	012	figures12	2
cortex_DorsAttn	49.70997494353421	122	movie10	02	012	figures12	2
cortex_Limbic	24.431445849783017	60	movie10	02	012	figures12	2
cortex_SalVentAttn	42.839583529885296	121	movie10	02	012	figures12	2
cortex_SomMot	43.336804421221316	194	movie10	02	012	figures12	2
cortex_Vis	40.96682020171435	162	movie10	02	012	figures12	2
subcortex_CAU	30.28505465211135	8	movie10	02	012	figures12	2
subcortex_PUT	29.372442884805075	8	movie10	02	012	figures12	2
subcortex_THA	26.868673318697578	14	movie10	02	012	figures12	2
cerebellum	34.17623102081562	88	movie10	03	001	bourne01	
cortex_Cont	44.03722051414714	128	movie10	03	001	bourne01	
cortex_Default	41.83218971537808	209	movie10	03	001	bourne01	
cortex_DorsAttn	47.09037945858521	122	movie10	03	001	bourne01	
cortex_Limbic	24.653351426192792	60	movie10	03	001	bourne01	
cortex_SalVentAttn	41.23588394603941	121	movie10	03	001	bourne01	
cortex_SomMot	40.24637163872228	194	movie10	03	001	bourne01	
cortex_Vis	40.365792301766206	162	movie10	03	001	bourne01	
subcortex_CAU	27.328596978243773	8	movie10	03	001	bourne01	
subcortex_PUT	27.394595654432987	8	movie10	03	001	bourne01	
subcortex_THA	27.54486192205311	14	movie10	03	001	bourne01	
cerebellum	30.977853879834253	88	movie10	03	001	bourne02	
cortex_Cont	39.95286608168189	128	movie10	03	001	bourne02	
cortex_Default	38.309329863430925	209	movie10	03	001	bourne02	
cortex_DorsAttn	42.81370302677118	122	movie10	03	001	bourne02	
cortex_Limbic	21.327697771799276	60	movie10	03	001	bourne02	
cortex_SalVentAttn	39.0305529255995	121	movie10	03	001	bourne02	
cortex_SomMot	38.44075400608311	194	movie10	03	001	bourne02	
cortex_Vis	36.22513835342216	162	movie10	03	001	bourne02	
subcortex_CAU	25.523901042440354	8	movie10	03	001	bourne02	
subcortex_PUT	26.68496337373709	8	movie10	03	001	bourne02	
subcortex_THA	27.380070012759685	14	movie10	03	001	bourne02	
cerebellum	32.45801334487362	88	movie10	03	001	bourne03	
cortex_Cont	40.64422853518302	128	movie10	03	001	bourne03	
cortex_Default	39.011709123790176	209	movie10	03	001	bourne03	
cortex_DorsAttn	45.16944283467511	122	movie10	03	001	bourne03	
cortex_Limbic	21.96614384759867	60	movie10	03	001	bourne03	
cortex_SalVentAttn	39.40697920104231	121	movie10	03	001	bourne03	
cortex_SomMot	39.53434568776643	194	movie10	03	001	bourne03	
cortex_Vis	37.783192099230476	162	movie10	03	001	bourne03	
subcortex_CAU	25.125184473074775	8	movie10	03	001	bourne03	
subcortex_PUT	26.61654014078912	8	movie10	03	001	bourne03	
subcortex_THA	27.119949245084154	14	movie10	03	001	bourne03	
cerebellum	34.66863658715307	88	movie10	03	001	bourne04	
cortex_Cont	45.66607027115365	128	movie10	03	001	bourne04	
cortex_Default	43.27901349334604	209	movie10	03	001	bourne04	
cortex_DorsAttn	48.67009817064128	122	movie10	03	001	bourne04	
cortex_Limbic	25.10613776110753	60	movie10	03	001	bourne04	
cortex_SalVentAttn	43.487793434537174	121	movie10	03	001	bourne04	
cortex_SomMot	44.15965652924783	194	movie10	03	001	bourne04	
cortex_Vis	40.3439263441546	162	movie10	03	001	bourne04	
subcortex_CAU	27.310358818804115	8	movie10	03	001	bourne04	
subcortex_PUT	27.497276448678605	8	movie10	03	001	bourne04	
subcortex_THA	28.120229496200345	14	movie10	03	001	bourne04	
cerebellum	34.131701692450015	88	movie10	03	001	bourne05	
cortex_Cont	43.993370411408	128	movie10	03	001	bourne05	
cortex_Default	41.678575290615555	209	movie10	03	001	bourne05	
cortex_DorsAttn	47.35076178909625	122	movie10	03	001	bourne05	
cortex_Limbic	24.98041394988667	60	movie10	03	001	bourne05	
cortex_SalVentAttn	42.0284730131366	121	movie10	03	001	bourne05	
cortex_SomMot	42.535244633406315	194	movie10	03	001	bourne05	
cortex_Vis	39.29500508589334	162	movie10	03	001	bourne05	
subcortex_CAU	28.27489967257427	8	movie10	03	001	bourne05	
subcortex_PUT	28.59878552886632	8	movie10	03	001	bourne05	
subcortex_THA	28.169734199472394	14	movie10	03	001	bourne05	
cerebellum	33.686400015276945	88	movie10	03	002	bourne06	
cortex_Cont	44.363912250434026	128	movie10	03	002	bourne06	
cortex_Default	41.77411402173463	209	movie10	03	002	bourne06	
cortex_DorsAttn	48.24004674703998	122	movie10	03	002	bourne06	
cortex_Limbic	24.381013956047738	60	movie10	03	002	bourne06	
cortex_SalVentAttn	42.39261527015268	121	movie10	03	002	bourne06	
cortex_SomMot	42.75895278137188	194	movie10	03	002	bourne06	
cortex_Vis	40.085577932930605	162	movie10	03	002	bourne06	
subcortex_CAU	26.728829365039466	8	movie10	03	002	bourne06	
subcortex_PUT	27.615537573276292	8	movie10	03	002	bourne06	
subcortex_THA	28.308969820130454	14	movie10	03	002	bourne06	
cerebellum	35.156593461707814	88	movie10	03	002	bourne07	
cortex_Cont	46.15440416280939	128	movie10	03	002	bourne07	
cortex_Default	43.5232374469271	209	movie10	03	002	bourne07	
cortex_DorsAttn	50.02764977673496	122	movie10	03	002	bourne07	
cortex_Limbic	25.175148165514113	60	movie10	03	002	bourne07	
cortex_SalVentAttn	43.926884268182256	121	movie10	03	002	bourne07	
cortex_SomMot	45.78741083998378	194	movie10	03	002	bourne07	
cortex_Vis	41.70745535006211	162	movie10	03	002	bourne07	
subcortex_CAU	27.3891433873869	8	movie10	03	002	bourne07	
subcortex_PUT	27.957018165412975	8	movie10	03	002	bourne07	
subcortex_THA	28.642862343338148	14	movie10	03	002	bourne07	
cerebellum	35.537011278358484	88	movie10	03	002	bourne08	
cortex_Cont	45.867203691495085	128	movie10	03	002	bourne08	
cortex_Default	43.274800344458775	209	movie10	03	002	bourne08	
cortex_DorsAttn	50.34097917651018	122	movie10	03	002	bourne08	
cortex_Limbic	25.803911537177303	60	movie10	03	002	bourne08	
cortex_SalVentAttn	44.04994835506354	121	movie10	03	002	bourne08	
cortex_SomMot	45.588606503371714	194	movie10	03	002	bourne08	
cortex_Vis	41.58779519118327	162	movie10	03	002	bourne08	
subcortex_CAU	27.87301677090871	8	movie10	03	002	bourne08	
subcortex_PUT	28.085702073037936	8	movie10	03	002	bourne08	
subcortex_THA	28.988191967912854	14	movie10	03	002	bourne08	
cerebellum	32.444446177761634	88	movie10	03	002	bourne09	
cortex_Cont	44.945950391401475	128	movie10	03	002	bourne09	
cortex_Default	42.127023329303526	209	movie10	03	002	bourne09	
cortex_DorsAttn	48.14047737828903	122	movie10	03	002	bourne09	
cortex_Limbic	24.074687914335186	60	movie10	03	002	bourne09	
cortex_SalVentAttn	43.16369792214445	121	movie10	03	002	bourne09	
cortex_SomMot	44.763083231980296	194	movie10	03	002	bourne09	
cortex_Vis	38.25443714660991	162	movie10	03	002	bourne09	
subcortex_CAU	27.04510733145031	8	movie10	03	002	bourne09	
subcortex_PUT	27.522437203546495	8	movie10	03	002	bourne09	
subcortex_THA	28.707481439427152	14	movie10	03	002	bourne09	
cerebellum	33.548176762633325	88	movie10	03	002	bourne10	
cortex_Cont	41.91846284632827	128	movie10	03	002	bourne10	
cortex_Default	40.31642572862729	209	movie10	03	002	bourne10	
cortex_DorsAttn	43.64788150518036	122	movie10	03	002	bourne10	
cortex_Limbic	23.31899924908324	60	movie10	03	002	bourne10	
cortex_SalVentAttn	40.41495189456064	121	movie10	03	002	bourne10	
cortex_SomMot	38.808711520230965	194	movie10	03	002	bourne10	
cortex_Vis	38.36498820511088	162	movie10	03	002	bourne10	
subcortex_CAU	26.90980233720182	8	movie10	03	002	bourne10	
subcortex_PUT	27.34966752352396	8	movie10	03	002	bourne10	
subcortex_THA	28.664005117464605	14	movie10	03	002	bourne10	
cerebellum	32.075033239268464	88	movie10	03	003	wolf01	
cortex_Cont	41.78463037943572	128	movie10	03	003	wolf01	
cortex_Default	39.73174344331006	209	movie10	03	003	wolf01	
cortex_DorsAttn	46.03547499426469	122	movie10	03	003	wolf01	
cortex_Limbic	22.234781970467168	60	movie10	03	003	wolf01	
cortex_SalVentAttn	40.317816494655155	121	movie10	03	003	wolf01	
cortex_SomMot	40.56320486939467	194	movie10	03	003	wolf01	
cortex_Vis	39.027616552765316	162	movie10	03	003	wolf01	
subcortex_CAU	25.719428099511084	8	movie10	03	003	wolf01	
subcortex_PUT	26.900444345367575	8	movie10	03	003	wolf01	
subcortex_THA	27.659379882902027	14	movie10	03	003	wolf01	
cerebellum	35.557851725417954	88	movie10	03	003	wolf02	
cortex_Cont	46.23480139053974	128	movie10	03	003	wolf02	
cortex_Default	43.151219790828435	209	movie10	03	003	wolf02	
cortex_DorsAttn	49.24516534114546	122	movie10	03	003	wolf02	
cortex_Limbic	26.0196887526165	60	movie10	03	003	wolf02	
cortex_SalVentAttn	42.920521549286896	121	movie10	03	003	wolf02	
cortex_SomMot	43.33480538157512	194	movie10	03	003	wolf02	
cortex_Vis	43.92391051400667	162	movie10	03	003	wolf02	
subcortex_CAU	26.97507674021123	8	movie10	03	003	wolf02	
subcortex_PUT	27.406192543390596	8	movie10	03	003	wolf02	
subcortex_THA	28.425680837298465	14	movie10	03	003	wolf02	
cerebellum	34.880963525132195	88	movie10	03	003	wolf03	
cortex_Cont	44.844810788391534	128	movie10	03	003	wolf03	
cortex_Default	42.349088349305056	209	movie10	03	003	wolf03	
cortex_DorsAttn	46.92536952758963	122	movie10	03	003	wolf03	
cortex_Limbic	25.239252865437606	60	movie10	03	003	wolf03	
cortex_SalVentAttn	43.11361922365501	121	movie10	03	003	wolf03	
cortex_SomMot	43.16723633876479	194	movie10	03	003	wolf03	
cortex_Vis	41.37644924150717	162	movie10	03	003	wolf03	
subcortex_CAU	27.086660105762668	8	movie10	03	003	wolf03	
subcortex_PUT	26.984368398110355	8	movie10	03	003	wolf03	
subcortex_THA	28.493071207441385	14	movie10	03	003	wolf03	
cerebellum	31.41569112209456	88	movie10	03	003	wolf04	
cortex_Cont	40.05562201322332	128	movie10	03	003	wolf04	
cortex_Default	38.40083772306267	209	movie10	03	003	wolf04	
cortex_DorsAttn	42.426554902278525	122	movie10	03	003	wolf04	
cortex_Limbic	22.873882476266058	60	movie10	03	003	wolf04	
cortex_SalVentAttn	39.19248374550088	121	movie10	03	003	wolf04	
cortex_SomMot	38.32457339762329	194	movie10	03	003	wolf04	
cortex_Vis	35.90400237767951	162	movie10	03	003	wolf04	
subcortex_CAU	27.015658255776486	8	movie10	03	003	wolf04	
subcortex_PUT	27.72891533587649	8	movie10	03	003	wolf04	
subcortex_THA	28.60620460648605	14	movie10	03	003	wolf04	
cerebellum	28.657292009392503	88	movie10	03	003	wolf05	
cortex_Cont	37.202793735693135	128	movie10	03	003	wolf05	
cortex_Default	35.44048652599403	209	movie10	03	003	wolf05	
cortex_DorsAttn	39.951426470425574	122	movie10	03	003	wolf05	
cortex_Limbic	20.99803695589202	60	movie10	03	003	wolf05	
cortex_SalVentAttn	36.79310590191805	121	movie10	03	003	wolf05	
cortex_SomMot	35.58605667825018	194	movie10	03	003	wolf05	
cortex_Vis	33.754338759791544	162	movie10	03	003	wolf05	
subcortex_CAU	24.063433833304998	8	movie10	03	003	wolf05	
subcortex_PUT	25.724191642148305	8	movie10	03	003	wolf05	
subcortex_THA	26.704134773106954	14	movie10	03	003	wolf05	
cerebellum	30.626364749182493	88	movie10	03	003	wolf06	
cortex_Cont	41.411179880650316	128	movie10	03	003	wolf06	
cortex_Default	39.35557685093704	209	movie10	03	003	wolf06	
cortex_DorsAttn	41.583606470399886	122	movie10	03	003	wolf06	
cortex_Limbic	24.317112029819278	60	movie10	03	003	wolf06	
cortex_SalVentAttn	40.57952885595569	121	movie10	03	003	wolf06	
cortex_SomMot	38.561488056702	194	movie10	03	003	wolf06	
cortex_Vis	34.148606463244064	162	movie10	03	003	wolf06	
subcortex_CAU	27.009006122577787	8	movie10	03	003	wolf06	
subcortex_PUT	27.700461382779423	8	movie10	03	003	wolf06	
subcortex_THA	28.237727422191227	14	movie10	03	003	wolf06	
cerebellum	32.1851262909168	88	movie10	03	004	wolf07	
cortex_Cont	43.17142403641171	128	movie10	03	004	wolf07	
cortex_Default	40.72104251241835	209	movie10	03	004	wolf07	
cortex_DorsAttn	46.46037639493973	122	movie10	03	004	wolf07	
cortex_Limbic	23.974993339767135	60	movie10	03	004	wolf07	
cortex_SalVentAttn	41.963140194334	121	movie10	03	004	wolf07	
cortex_SomMot	42.73744705938221	194	movie10	03	004	wolf07	
cortex_Vis	38.540012182271084	162	movie10	03	004	wolf07	
subcortex_CAU	26.384792365532576	8	movie10	03	004	wolf07	
subcortex_PUT	27.48470195548333	8	movie10	03	004	wolf07	
subcortex_THA	28.48332974637231	14	movie10	03	004	wolf07	
cerebellum	31.26318235822894	88	movie10	03	004	wolf08	
cortex_Cont	41.46195324571469	128	movie10	03	004	wolf08	
cortex_Default	39.62633038279491	209	movie10	03	004	wolf08	
cortex_DorsAttn	42.701555677068185	122	movie10	03	004	wolf08	
cortex_Limbic	23.48011029490529	60	movie10	03	004	wolf08	
cortex_SalVentAttn	41.045515710604555	121	movie10	03	004	wolf08	
cortex_SomMot	39.83842574785227	194	movie10	03	004	wolf08	
cortex_Vis	35.29793452552857	162	movie10	03	004	wolf08	
subcortex_CAU	27.05500788381838	8	movie10	03	004	wolf08	
subcortex_PUT	27.340082104746116	8	movie10	03	004	wolf08	
subcortex_THA	28.54987410716502	14	movie10	03	004	wolf08	
cerebellum	30.377868134463384	88	movie10	03	004	wolf09	
cortex_Cont	39.774188045665504	128	movie10	03	004	wolf09	
cortex_Default	38.07620905864565	209	movie10	03	004	wolf09	
cortex_DorsAttn	42.910135394531856	122	movie10	03	004	wolf09	
cortex_Limbic	21.88998863428442	60	movie10	03	004	wolf09	
cortex_SalVentAttn	39.408717877993624	121	movie10	03	004	wolf09	
cortex_SomMot	39.808961650181914	194	movie10	03	004	wolf09	
cortex_Vis	35.543240673353964	162	movie10	03	004	wolf09	
subcortex_CAU	25.297428867600853	8	movie10	03	004	wolf09	
subcortex_PUT	26.861525367107518	8	movie10	03	004	wolf09	
subcortex_THA	28.21962479199439	14	movie10	03	004	wolf09	
cerebellum	31.3620583698828	88	movie10	03	004	wolf10	
cortex_Cont	40.11314519111777	128	movie10	03	004	wolf10	
cortex_Default	38.50493504678897	209	movie10	03	004	wolf10	
cortex_DorsAttn	42.68703603809932	122	movie10	03	004	wolf10	
cortex_Limbic	23.074191527035477	60	movie10	03	004	wolf10	
cortex_SalVentAttn	40.22032486271463	121	movie10	03	004	wolf10	
cortex_SomMot	39.35693765642291	194	movie10	03	004	wolf10	
cortex_Vis	35.622994289187126	162	movie10	03	004	wolf10	
subcortex_CAU	26.675300144979726	8	movie10	03	004	wolf10	
subcortex_PUT	27.09470981387689	8	movie10	03	004	wolf10	
subcortex_THA	28.291368464588313	14	movie10	03	004	wolf10	
cerebellum	35.22238548605486	88	movie10	03	004	wolf11	
cortex_Cont	44.72631561793401	128	movie10	03	004	wolf11	
cortex_Default	42.14337820577516	209	movie10	03	004	wolf11	
cortex_DorsAttn	49.53166518240412	122	movie10	03	004	wolf11	
cortex_Limbic	24.19356711066279	60	movie10	03	004	wolf11	
cortex_SalVentAttn	42.72678110182419	121	movie10	03	004	wolf11	
cortex_SomMot	44.07726677713867	194	movie10	03	004	wolf11	
cortex_Vis	42.43161566300482	162	movie10	03	004	wolf11	
subcortex_CAU	26.7576875897313	8	movie10	03	004	wolf11	
subcortex_PUT	27.37094578431517	8	movie10	03	004	wolf11	
subcortex_THA	28.908682896999586	14	movie10	03	004	wolf11	
cerebellum	31.09753081190586	88	movie10	03	004	wolf12	
cortex_Cont	40.85521769357618	128	movie10	03	004	wolf12	
cortex_Default	39.09047965261042	209	movie10	03	004	wolf12	
cortex_DorsAttn	42.03543820196615	122	movie10	03	004	wolf12	
cortex_Limbic	23.057890550587224	60	movie10	03	004	wolf12	
cortex_SalVentAttn	40.272649184179855	121	movie10	03	004	wolf12	
cortex_SomMot	38.79032630856513	194	movie10	03	004	wolf12	
cortex_Vis	35.374283102242245	162	movie10	03	004	wolf12	
subcortex_CAU	26.676064215343263	8	movie10	03	004	wolf12	
subcortex_PUT	27.226318229246044	8	movie10	03	004	wolf12	
subcortex_THA	28.247620098794922	14	movie10	03	004	wolf12	
cerebellum	32.55047694691766	88	movie10	03	005	wolf13	
cortex_Cont	41.311496781403655	128	movie10	03	005	wolf13	
cortex_Default	39.59843642900276	209	movie10	03	005	wolf13	
cortex_DorsAttn	45.5048030387984	122	movie10	03	005	wolf13	
cortex_Limbic	23.14326695617676	60	movie10	03	005	wolf13	
cortex_SalVentAttn	40.20949434839281	121	movie10	03	005	wolf13	
cortex_SomMot	40.79284873461586	194	movie10	03	005	wolf13	
cortex_Vis	37.82077426453093	162	movie10	03	005	wolf13	
subcortex_CAU	25.95774382381812	8	movie10	03	005	wolf13	
subcortex_PUT	28.064342535265517	8	movie10	03	005	wolf13	
subcortex_THA	28.282546540578604	14	movie10	03	005	wolf13	
cerebellum	35.32173717440132	88	movie10	03	005	wolf14	
cortex_Cont	45.9423998202894	128	movie10	03	005	wolf14	
cortex_Default	43.37751404828211	209	movie10	03	005	wolf14	
cortex_DorsAttn	50.26505066635491	122	movie10	03	005	wolf14	
cortex_Limbic	25.474259359884034	60	movie10	03	005	wolf14	
cortex_SalVentAttn	43.805745373975284	121	movie10	03	005	wolf14	
cortex_SomMot	44.40535173924044	194	movie10	03	005	wolf14	
cortex_Vis	42.042684377421224	162	movie10	03	005	wolf14	
subcortex_CAU	27.956211944255656	8	movie10	03	005	wolf14	
subcortex_PUT	28.722422936151943	8	movie10	03	005	wolf14	
subcortex_THA	29.480116473549405	14	movie10	03	005	wolf14	
cerebellum	31.345421552794434	88	movie10	03	005	wolf15	
cortex_Cont	39.22078632191946	128	movie10	03	005	wolf15	
cortex_Default	38.053290167312504	209	movie10	03	005	wolf15	
cortex_DorsAttn	42.71017912955028	122	movie10	03	005	wolf15	
cortex_Limbic	22.153537610407316	60	movie10	03	005	wolf15	
cortex_SalVentAttn	38.88629714922715	121	movie10	03	005	wolf15	
cortex_SomMot	38.3792534331805	194	movie10	03	005	wolf15	
cortex_Vis	35.46433363651459	162	movie10	03	005	wolf15	
subcortex_CAU	24.93270059272784	8	movie10	03	005	wolf15	
subcortex_PUT	26.940038139443473	8	movie10	03	005	wolf15	
subcortex_THA	28.20057905905225	14	movie10	03	005	wolf15	
cerebellum	31.00853784815394	88	movie10	03	005	wolf16	
cortex_Cont	40.75614349298843	128	movie10	03	005	wolf16	
cortex_Default	38.87474103057504	209	movie10	03	005	wolf16	
cortex_DorsAttn	44.23644272725445	122	movie10	03	005	wolf16	
cortex_Limbic	22.297490972947138	60	movie10	03	005	wolf16	
cortex_SalVentAttn	40.16672544865712	121	movie10	03	005	wolf16	
cortex_SomMot	40.3070863384967	194	movie10	03	005	wolf16	
cortex_Vis	35.51902076106833	162	movie10	03	005	wolf16	
subcortex_CAU	25.245343549203728	8	movie10	03	005	wolf16	
subcortex_PUT	26.761835065069196	8	movie10	03	005	wolf16	
subcortex_THA	28.37434757028497	14	movie10	03	005	wolf16	
cerebellum	28.046734689373537	88	movie10	03	005	wolf17	
cortex_Cont	39.8153229872672	128	movie10	03	005	wolf17	
cortex_Default	38.16216427961037	209	movie10	03	005	wolf17	
cortex_DorsAttn	41.42761369683867	122	movie10	03	005	wolf17	
cortex_Limbic	22.810531681835304	60	movie10	03	005	wolf17	
cortex_SalVentAttn	39.7786287626172	121	movie10	03	005	wolf17	
cortex_SomMot	38.679294199984646	194	movie10	03	005	wolf17	
cortex_Vis	32.13815959755598	162	movie10	03	005	wolf17	
subcortex_CAU	26.708766968116496	8	movie10	03	005	wolf17	
subcortex_PUT	27.39238374617608	8	movie10	03	005	wolf17	
subcortex_THA	28.471647828894227	14	movie10	03	005	wolf17	
cerebellum	32.65174014657273	88	movie10	03	006	life01	1
cortex_Cont	44.239913269733556	128	movie10	03	006	life01	1
cortex_Default	42.33770338575978	209	movie10	03	006	life01	1
cortex_DorsAttn	45.88616784884925	122	movie10	03	006	life01	1
cortex_Limbic	25.784292117454225	60	movie10	03	006	life01	1
cortex_SalVentAttn	41.87669274284421	121	movie10	03	006	life01	1
cortex_SomMot	41.15746571250893	194	movie10	03	006	life01	1
cortex_Vis	38.383498912992685	162	movie10	03	006	life01	1
subcortex_CAU	26.94157143432215	8	movie10	03	006	life01	1
subcortex_PUT	27.498301295881948	8	movie10	03	006	life01	1
subcortex_THA	27.626233566730683	14	movie10	03	006	life01	1
cerebellum	34.73690345955408	88	movie10	03	006	life02	1
cortex_Cont	48.040425154109386	128	movie10	03	006	life02	1
cortex_Default	45.0441212591885	209	movie10	03	006	life02	1
cortex_DorsAttn	49.821352820217264	122	movie10	03	006	life02	1
cortex_Limbic	26.400297434716148	60	movie10	03	006	life02	1
cortex_SalVentAttn	44.31963608696404	121	movie10	03	006	life02	1
cortex_SomMot	44.544978311532375	194	movie10	03	006	life02	1
cortex_Vis	40.38325413073623	162	movie10	03	006	life02	1
subcortex_CAU	27.384550642412513	8	movie10	03	006	life02	1
subcortex_PUT	27.63113010467861	8	movie10	03	006	life02	1
subcortex_THA	28.057745163492168	14	movie10	03	006	life02	1
cerebellum	30.07806633060384	88	movie10	03	006	life03	1
cortex_Cont	41.08471303603589	128	movie10	03	006	life03	1
cortex_Default	39.0429797494939	209	movie10	03	006	life03	1
cortex_DorsAttn	41.29677763572356	122	movie10	03	006	life03	1
cortex_Limbic	24.36974020436168	60	movie10	03	006	life03	1
cortex_SalVentAttn	38.760469341641105	121	movie10	03	006	life03	1
cortex_SomMot	36.62130526182859	194	movie10	03	006	life03	1
cortex_Vis	34.26374363440993	162	movie10	03	006	life03	1
subcortex_CAU	25.5716757069765	8	movie10	03	006	life03	1
subcortex_PUT	26.620511570231663	8	movie10	03	006	life03	1
subcortex_THA	26.541130185744425	14	movie10	03	006	life03	1
cerebellum	30.726831810066134	88	movie10	03	006	life04	1
cortex_Cont	39.304525017211105	128	movie10	03	006	life04	1
cortex_Default	38.27129260016782	209	movie10	03	006	life04	1
cortex_DorsAttn	40.742932312055196	122	movie10	03	006	life04	1
cortex_Limbic	22.304014515910204	60	movie10	03	006	life04	1
cortex_SalVentAttn	38.85017676529636	121	movie10	03	006	life04	1
cortex_SomMot	36.32651339784232	194	movie10	03	006	life04	1
cortex_Vis	35.18195593961688	162	movie10	03	006	life04	1
subcortex_CAU	25.802020997473434	8	movie10	03	006	life04	1
subcortex_PUT	26.8051510631935	8	movie10	03	006	life04	1
subcortex_THA	27.46139695366119	14	movie10	03	006	life04	1
cerebellum	32.63574770298945	88	movie10	03	006	life05	1
cortex_Cont	43.96105865204892	128	movie10	03	006	life05	1
cortex_Default	41.30880062361085	209	movie10	03	006	life05	1
cortex_DorsAttn	47.632039630078694	122	movie10	03	006	life05	1
cortex_Limbic	23.64065065082859	60	movie10	03	006	life05	1
cortex_SalVentAttn	41.58878948400673	121	movie10	03	006	life05	1
cortex_SomMot	42.30880712130185	194	movie10	03	006	life05	1
cortex_Vis	39.90696818229169	162	movie10	03	006	life05	1
subcortex_CAU	25.678387195796702	8	movie10	03	006	life05	1
subcortex_PUT	26.88853028006436	8	movie10	03	006	life05	1
subcortex_THA	27.896501940133508	14	movie10	03	006	life05	1
cerebellum	31.39588859282675	88	movie10	03	007	figures01	1
cortex_Cont	42.10160951517782	128	movie10	03	007	figures01	1
cortex_Default	39.87822139394642	209	movie10	03	007	figures01	1
cortex_DorsAttn	44.9974553045342	122	movie10	03	007	figures01	1
cortex_Limbic	23.042989559432577	60	movie10	03	007	figures01	1
cortex_SalVentAttn	39.92158542992554	121	movie10	03	007	figures01	1
cortex_SomMot	39.97550189409911	194	movie10	03	007	figures01	1
cortex_Vis	37.97077854310546	162	movie10	03	007	figures01	1
subcortex_CAU	26.27809571962726	8	movie10	03	007	figures01	1
subcortex_PUT	27.132531275836023	8	movie10	03	007	figures01	1
subcortex_THA	27.36417170870657	14	movie10	03	007	figures01	1
cerebellum	33.65913443544272	88	movie10	03	007	figures02	1
cortex_Cont	42.487811058583624	128	movie10	03	007	figures02	1
cortex_Default	40.200048617622244	209	movie10	03	007	figures02	1
cortex_DorsAttn	45.33867743250954	122	movie10	03	007	figures02	1
cortex_Limbic	23.27513908643776	60	movie10	03	007	figures02	1
cortex_SalVentAttn	40.349182724609825	121	movie10	03	007	figures02	1
cortex_SomMot	39.882210389801656	194	movie10	03	007	figures02	1
cortex_Vis	38.95753183938443	162	movie10	03	007	figures02	1
subcortex_CAU	26.73085164844036	8	movie10	03	007	figures02	1
subcortex_PUT	27.20062796087154	8	movie10	03	007	figures02	1
subcortex_THA	27.689314568566093	14	movie10	03	007	figures02	1
cerebellum	31.69526024061386	88	movie10	03	007	figures03	1
cortex_Cont	41.37261784352828	128	movie10	03	007	figures03	1
cortex_Default	39.26008134021435	209	movie10	03	007	figures03	1
cortex_DorsAttn	43.14642418863977	122	movie10	03	007	figures03	1
cortex_Limbic	22.895851275572692	60	movie10	03	007	figures03	1
cortex_SalVentAttn	40.48193455315304	121	movie10	03	007	figures03	1
cortex_SomMot	39.70859852847038	194	movie10	03	007	figures03	1
cortex_Vis	35.9303341558303	162	movie10	03	007	figures03	1
subcortex_CAU	26.75752419731551	8	movie10	03	007	figures03	1
subcortex_PUT	27.213500310545882	8	movie10	03	007	figures03	1
subcortex_THA	28.005532960859323	14	movie10	03	007	figures03	1
cerebellum	29.293112184917117	88	movie10	03	007	figures04	1
cortex_Cont	37.64568312040079	128	movie10	03	007	figures04	1
cortex_Default	36.38425279563992	209	movie10	03	007	figures04	1
cortex_DorsAttn	39.69804925474156	122	movie10	03	007	figures04	1
cortex_Limbic	21.594250182722348	60	movie10	03	007	figures04	1
cortex_SalVentAttn	37.21826949970654	121	movie10	03	007	figures04	1
cortex_SomMot	35.58673010583294	194	movie10	03	007	figures04	1
cortex_Vis	33.87847581679782	162	movie10	03	007	figures04	1
subcortex_CAU	25.578304441325205	8	movie10	03	007	figures04	1
subcortex_PUT	26.485425810550485	8	movie10	03	007	figures04	1
subcortex_THA	26.750934940084033	14	movie10	03	007	figures04	1
cerebellum	29.562416635902345	88	movie10	03	007	figures05	1
cortex_Cont	38.23981030533977	128	movie10	03	007	figures05	1
cortex_Default	36.41985704574656	209	movie10	03	007	figures05	1
cortex_DorsAttn	40.168758786340995	122	movie10	03	007	figures05	1
cortex_Limbic	21.36476937621664	60	movie10	03	007	figures05	1
cortex_SalVentAttn	37.608996138382246	121	movie10	03	007	figures05	1
cortex_SomMot	36.68357256797257	194	movie10	03	007	figures05	1
cortex_Vis	33.33299825209917	162	movie10	03	007	figures05	1
subcortex_CAU	25.546547627103017	8	movie10	03	007	figures05	1
subcortex_PUT	26.455407479368823	8	movie10	03	007	figures05	1
subcortex_THA	27.146894323318044	14	movie10	03	007	figures05	1
cerebellum	28.26137947951862	88	movie10	03	007	figures06	1
cortex_Cont	35.63068985151123	128	movie10	03	007	figures06	1
cortex_Default	34.79442361627103	209	movie10	03	007	figures06	1
cortex_DorsAttn	38.49205499811991	122	movie10	03	007	figures06	1
cortex_Limbic	20.628763038977805	60	movie10	03	007	figures06	1
cortex_SalVentAttn	35.72131801460224	121	movie10	03	007	figures06	1
cortex_SomMot	34.58253517421164	194	movie10	03	007	figures06	1
cortex_Vis	32.185434844136246	162	movie10	03	007	figures06	1
subcortex_CAU	24.887778367850753	8	movie10	03	007	figures06	1
subcortex_PUT	26.084020949759946	8	movie10	03	007	figures06	1
subcortex_THA	26.53774618793181	14	movie10	03	007	figures06	1
cerebellum	27.387364869543116	88	movie10	03	009	figures07	1
cortex_Cont	42.29226921480184	128	movie10	03	009	figures07	1
cortex_Default	39.75851819519397	209	movie10	03	009	figures07	1
cortex_DorsAttn	45.71443260039813	122	movie10	03	009	figures07	1
cortex_Limbic	22.7272167838794	60	movie10	03	009	figures07	1
cortex_SalVentAttn	39.92980305093987	121	movie10	03	009	figures07	1
cortex_SomMot	40.087886379401425	194	movie10	03	009	figures07	1
cortex_Vis	38.719110289880284	162	movie10	03	009	figures07	1
subcortex_CAU	26.32179541505043	8	movie10	03	009	figures07	1
subcortex_PUT	27.46070433831698	8	movie10	03	009	figures07	1
subcortex_THA	27.37743342723356	14	movie10	03	009	figures07	1
cerebellum	29.78240719538604	88	movie10	03	009	figures08	1
cortex_Cont	47.304142581587605	128	movie10	03	009	figures08	1
cortex_Default	44.144196316866974	209	movie10	03	009	figures08	1
cortex_DorsAttn	48.626899942091775	122	movie10	03	009	figures08	1
cortex_Limbic	25.504926734941428	60	movie10	03	009	figures08	1
cortex_SalVentAttn	43.607834128496656	121	movie10	03	009	figures08	1
cortex_SomMot	43.8550160272873	194	movie10	03	009	figures08	1
cortex_Vis	40.9901220951481	162	movie10	03	009	figures08	1
subcortex_CAU	28.381116501458955	8	movie10	03	009	figures08	1
subcortex_PUT	28.2888650628912	8	movie10	03	009	figures08	1
subcortex_THA	28.354190003749462	14	movie10	03	009	figures08	1
cerebellum	27.43814863663441	88	movie10	03	009	figures09	1
cortex_Cont	42.692378299781005	128	movie10	03	009	figures09	1
cortex_Default	39.851427474916306	209	movie10	03	009	figures09	1
cortex_DorsAttn	46.26208026023684	122	movie10	03	009	figures09	1
cortex_Limbic	22.028326863457266	60	movie10	03	009	figures09	1
cortex_SalVentAttn	40.32363267436577	121	movie10	03	009	figures09	1
cortex_SomMot	40.329105934469304	194	movie10	03	009	figures09	1
cortex_Vis	39.634403606113246	162	movie10	03	009	figures09	1
subcortex_CAU	25.688186864439178	8	movie10	03	009	figures09	1
subcortex_PUT	26.296207332499183	8	movie10	03	009	figures09	1
subcortex_THA	27.504441879087455	14	movie10	03	009	figures09	1
cerebellum	34.01427926524957	88	movie10	03	010	figures10	1
cortex_Cont	46.71435082111497	128	movie10	03	010	figures10	1
cortex_Default	43.39058521582177	209	movie10	03	010	figures10	1
cortex_DorsAttn	49.4736016776902	122	movie10	03	010	figures10	1
cortex_Limbic	25.18770024059012	60	movie10	03	010	figures10	1
cortex_SalVentAttn	43.127405673087	121	movie10	03	010	figures10	1
cortex_SomMot	45.08448389559835	194	movie10	03	010	figures10	1
cortex_Vis	39.324068243855045	162	movie10	03	010	figures10	1
subcortex_CAU	28.1199555970654	8	movie10	03	010	figures10	1
subcortex_PUT	28.50190984884638	8	movie10	03	010	figures10	1
subcortex_THA	28.136051657700566	14	movie10	03	010	figures10	1
cerebellum	32.59906744344363	88	movie10	03	010	figures11	1
cortex_Cont	44.89127424959426	128	movie10	03	010	figures11	1
cortex_Default	41.432883135199546	209	movie10	03	010	figures11	1
cortex_DorsAttn	45.383832839971255	122	movie10	03	010	figures11	1
cortex_Limbic	23.962534767673546	60	movie10	03	010	figures11	1
cortex_SalVentAttn	41.62224090097937	121	movie10	03	010	figures11	1
cortex_SomMot	41.27083561640311	194	movie10	03	010	figures11	1
cortex_Vis	37.159038404255305	162	movie10	03	010	figures11	1
subcortex_CAU	27.187489938730977	8	movie10	03	010	figures11	1
subcortex_PUT	27.624395537292003	8	movie10	03	010	figures11	1
subcortex_THA	27.84443065871745	14	movie10	03	010	figures11	1
cerebellum	30.300610207069585	88	movie10	03	010	figures12	1
cortex_Cont	42.93001439534041	128	movie10	03	010	figures12	1
cortex_Default	40.36462625638009	209	movie10	03	010	figures12	1
cortex_DorsAttn	44.69407863318116	122	movie10	03	010	figures12	1
cortex_Limbic	23.827671141147995	60	movie10	03	010	figures12	1
cortex_SalVentAttn	40.713042084821524	121	movie10	03	010	figures12	1
cortex_SomMot	40.03133614128845	194	movie10	03	010	figures12	1
cortex_Vis	35.670994706252735	162	movie10	03	010	figures12	1
subcortex_CAU	27.37604140968083	8	movie10	03	010	figures12	1
subcortex_PUT	28.077114169093733	8	movie10	03	010	figures12	1
subcortex_THA	28.42503704893861	14	movie10	03	010	figures12	1
cerebellum	34.48207614771021	88	movie10	03	011	life01	2
cortex_Cont	45.317668960622676	128	movie10	03	011	life01	2
cortex_Default	43.41292061800966	209	movie10	03	011	life01	2
cortex_DorsAttn	49.00748125788069	122	movie10	03	011	life01	2
cortex_Limbic	25.823887872438835	60	movie10	03	011	life01	2
cortex_SalVentAttn	43.43258854493419	121	movie10	03	011	life01	2
cortex_SomMot	44.8550603587088	194	movie10	03	011	life01	2
cortex_Vis	40.61165841933562	162	movie10	03	011	life01	2
subcortex_CAU	27.647026013581684	8	movie10	03	011	life01	2
subcortex_PUT	28.470892211435377	8	movie10	03	011	life01	2
subcortex_THA	28.73784015167252	14	movie10	03	011	life01	2
cerebellum	36.11101919259089	88	movie10	03	011	life02	2
cortex_Cont	47.38361698798505	128	movie10	03	011	life02	2
cortex_Default	44.550264690490636	209	movie10	03	011	life02	2
cortex_DorsAttn	50.41028740553695	122	movie10	03	011	life02	2
cortex_Limbic	26.86876594319458	60	movie10	03	011	life02	2
cortex_SalVentAttn	43.7571275805877	121	movie10	03	011	life02	2
cortex_SomMot	43.57771535308686	194	movie10	03	011	life02	2
cortex_Vis	43.989564453635715	162	movie10	03	011	life02	2
subcortex_CAU	27.607845327807	8	movie10	03	011	life02	2
subcortex_PUT	27.80656099663668	8	movie10	03	011	life02	2
subcortex_THA	28.651986346171928	14	movie10	03	011	life02	2
cerebellum	37.13936634684557	88	movie10	03	011	life03	2
cortex_Cont	49.57328370389849	128	movie10	03	011	life03	2
cortex_Default	46.69473773429855	209	movie10	03	011	life03	2
cortex_DorsAttn	52.9880070723966	122	movie10	03	011	life03	2
cortex_Limbic	27.760088923774276	60	movie10	03	011	life03	2
cortex_SalVentAttn	45.159117556459044	121	movie10	03	011	life03	2
cortex_SomMot	46.55849670547608	194	movie10	03	011	life03	2
cortex_Vis	44.0442425107783	162	movie10	03	011	life03	2
subcortex_CAU	28.65196677364793	8	movie10	03	011	life03	2
subcortex_PUT	29.050603001667692	8	movie10	03	011	life03	2
subcortex_THA	28.756105114283006	14	movie10	03	011	life03	2
cerebellum	33.311383114392115	88	movie10	03	011	life04	2
cortex_Cont	44.62276840239507	128	movie10	03	011	life04	2
cortex_Default	42.810896671819144	209	movie10	03	011	life04	2
cortex_DorsAttn	45.2642198614323	122	movie10	03	011	life04	2
cortex_Limbic	25.70148082635729	60	movie10	03	011	life04	2
cortex_SalVentAttn	42.92233515764001	121	movie10	03	011	life04	2
cortex_SomMot	42.510549246602956	194	movie10	03	011	life04	2
cortex_Vis	37.84126707618837	162	movie10	03	011	life04	2
subcortex_CAU	27.733461900546185	8	movie10	03	011	life04	2
subcortex_PUT	27.664821071946605	8	movie10	03	011	life04	2
subcortex_THA	28.185205226530712	14	movie10	03	011	life04	2
cerebellum	33.34134694094294	88	movie10	03	011	life05	2
cortex_Cont	44.930346636828745	128	movie10	03	011	life05	2
cortex_Default	42.43936865647185	209	movie10	03	011	life05	2
cortex_DorsAttn	47.73940398078773	122	movie10	03	011	life05	2
cortex_Limbic	24.836719074101666	60	movie10	03	011	life05	2
cortex_SalVentAttn	43.44235030983436	121	movie10	03	011	life05	2
cortex_SomMot	44.891592126408305	194	movie10	03	011	life05	2
cortex_Vis	39.38993548347487	162	movie10	03	011	life05	2
subcortex_CAU	27.31775910847984	8	movie10	03	011	life05	2
subcortex_PUT	27.782161008245957	8	movie10	03	011	life05	2
subcortex_THA	28.362564219400873	14	movie10	03	011	life05	2
cerebellum	35.62343822759451	88	movie10	03	012	figures01	2
cortex_Cont	46.48687438069763	128	movie10	03	012	figures01	2
cortex_Default	43.299124656070646	209	movie10	03	012	figures01	2
cortex_DorsAttn	50.25845476042128	122	movie10	03	012	figures01	2
cortex_Limbic	24.772140110697947	60	movie10	03	012	figures01	2
cortex_SalVentAttn	44.07021519413491	121	movie10	03	012	figures01	2
cortex_SomMot	46.00247410620216	194	movie10	03	012	figures01	2
cortex_Vis	41.952578450878	162	movie10	03	012	figures01	2
subcortex_CAU	27.622214764892714	8	movie10	03	012	figures01	2
subcortex_PUT	27.77040990012607	8	movie10	03	012	figures01	2
subcortex_THA	28.130807022570085	14	movie10	03	012	figures01	2
cerebellum	36.001507207527396	88	movie10	03	012	figures02	2
cortex_Cont	45.97297085375572	128	movie10	03	012	figures02	2
cortex_Default	42.915995192125926	209	movie10	03	012	figures02	2
cortex_DorsAttn	48.2668512527839	122	movie10	03	012	figures02	2
cortex_Limbic	26.053478614699785	60	movie10	03	012	figures02	2
cortex_SalVentAttn	42.985846505598964	121	movie10	03	012	figures02	2
cortex_SomMot	43.65602544121682	194	movie10	03	012	figures02	2
cortex_Vis	42.1743100742971	162	movie10	03	012	figures02	2
subcortex_CAU	27.358853029064402	8	movie10	03	012	figures02	2
subcortex_PUT	27.58793799451121	8	movie10	03	012	figures02	2
subcortex_THA	28.159909607545632	14	movie10	03	012	figures02	2
cerebellum	35.7971983774371	88	movie10	03	012	figures03	2
cortex_Cont	44.68633897528656	128	movie10	03	012	figures03	2
cortex_Default	41.95010459275229	209	movie10	03	012	figures03	2
cortex_DorsAttn	48.391345905532766	122	movie10	03	012	figures03	2
cortex_Limbic	24.41943763165171	60	movie10	03	012	figures03	2
cortex_SalVentAttn	42.542204394788094	121	movie10	03	012	figures03	2
cortex_SomMot	43.56038428010603	194	movie10	03	012	figures03	2
cortex_Vis	41.53305125785995	162	movie10	03	012	figures03	2
subcortex_CAU	27.12397192821931	8	movie10	03	012	figures03	2
subcortex_PUT	27.326170458654452	8	movie10	03	012	figures03	2
subcortex_THA	28.179647241141964	14	movie10	03	012	figures03	2
cerebellum	32.352454157692854	88	movie10	03	012	figures04	2
cortex_Cont	43.493917759131676	128	movie10	03	012	figures04	2
cortex_Default	40.21297563240074	209	movie10	03	012	figures04	2
cortex_DorsAttn	45.529335916818766	122	movie10	03	012	figures04	2
cortex_Limbic	23.83077980913214	60	movie10	03	012	figures04	2
cortex_SalVentAttn	41.33101386500757	121	movie10	03	012	figures04	2
cortex_SomMot	42.381786460397194	194	movie10	03	012	figures04	2
cortex_Vis	37.75199968044134	162	movie10	03	012	figures04	2
subcortex_CAU	25.731659194724145	8	movie10	03	012	figures04	2
subcortex_PUT	26.34460360829546	8	movie10	03	012	figures04	2
subcortex_THA	27.065501657594417	14	movie10	03	012	figures04	2
cerebellum	30.63218500346986	88	movie10	03	012	figures05	2
cortex_Cont	40.386208227235976	128	movie10	03	012	figures05	2
cortex_Default	38.15918213405974	209	movie10	03	012	figures05	2
cortex_DorsAttn	42.597798845564675	122	movie10	03	012	figures05	2
cortex_Limbic	21.59517918302238	60	movie10	03	012	figures05	2
cortex_SalVentAttn	40.06685020486539	121	movie10	03	012	figures05	2
cortex_SomMot	40.3721477961701	194	movie10	03	012	figures05	2
cortex_Vis	34.59520689516316	162	movie10	03	012	figures05	2
subcortex_CAU	25.89773622547788	8	movie10	03	012	figures05	2
subcortex_PUT	26.7838205961856	8	movie10	03	012	figures05	2
subcortex_THA	27.201634950727563	14	movie10	03	012	figures05	2
cerebellum	32.88608007174788	88	movie10	03	012	figures06	2
cortex_Cont	40.27525519252412	128	movie10	03	012	figures06	2
cortex_Default	38.213024249257266	209	movie10	03	012	figures06	2
cortex_DorsAttn	45.39005215685414	122	movie10	03	012	figures06	2
cortex_Limbic	21.499073657709562	60	movie10	03	012	figures06	2
cortex_SalVentAttn	39.810447189595315	121	movie10	03	012	figures06	2
cortex_SomMot	40.50244446079163	194	movie10	03	012	figures06	2
cortex_Vis	38.13713309582403	162	movie10	03	012	figures06	2
subcortex_CAU	24.212134164323775	8	movie10	03	012	figures06	2
subcortex_PUT	25.883691273207024	8	movie10	03	012	figures06	2
subcortex_THA	27.147998083094496	14	movie10	03	012	figures06	2
cerebellum	34.525715700840976	88	movie10	03	013	figures07	2
cortex_Cont	43.50893691188611	128	movie10	03	013	figures07	2
cortex_Default	41.16560993384363	209	movie10	03	013	figures07	2
cortex_DorsAttn	47.061494412471944	122	movie10	03	013	figures07	2
cortex_Limbic	22.50064596250245	60	movie10	03	013	figures07	2
cortex_SalVentAttn	41.96997147094066	121	movie10	03	013	figures07	2
cortex_SomMot	43.06618045616374	194	movie10	03	013	figures07	2
cortex_Vis	39.36364247984012	162	movie10	03	013	figures07	2
subcortex_CAU	27.38259925729117	8	movie10	03	013	figures07	2
subcortex_PUT	27.56827228844998	8	movie10	03	013	figures07	2
subcortex_THA	28.04028659925018	14	movie10	03	013	figures07	2
cerebellum	34.234801630332754	88	movie10	03	013	figures08	2
cortex_Cont	44.233933317761526	128	movie10	03	013	figures08	2
cortex_Default	41.616942507603454	209	movie10	03	013	figures08	2
cortex_DorsAttn	45.176285192370095	122	movie10	03	013	figures08	2
cortex_Limbic	24.391869391227257	60	movie10	03	013	figures08	2
cortex_SalVentAttn	42.607311137981625	121	movie10	03	013	figures08	2
cortex_SomMot	41.80634741483548	194	movie10	03	013	figures08	2
cortex_Vis	38.660740495086664	162	movie10	03	013	figures08	2
subcortex_CAU	28.272718658787305	8	movie10	03	013	figures08	2
subcortex_PUT	28.12411280255464	8	movie10	03	013	figures08	2
subcortex_THA	28.388300438753713	14	movie10	03	013	figures08	2
cerebellum	34.977671136955436	88	movie10	03	013	figures09	2
cortex_Cont	44.60587522434694	128	movie10	03	013	figures09	2
cortex_Default	41.667905661966316	209	movie10	03	013	figures09	2
cortex_DorsAttn	48.36837029673928	122	movie10	03	013	figures09	2
cortex_Limbic	23.4714922217754	60	movie10	03	013	figures09	2
cortex_SalVentAttn	42.93408122389869	121	movie10	03	013	figures09	2
cortex_SomMot	43.50005281431561	194	movie10	03	013	figures09	2
cortex_Vis	41.51399183087717	162	movie10	03	013	figures09	2
subcortex_CAU	27.04268611843096	8	movie10	03	013	figures09	2
subcortex_PUT	27.61542488839134	8	movie10	03	013	figures09	2
subcortex_THA	28.641553769683295	14	movie10	03	013	figures09	2
cerebellum	33.041041097832384	88	movie10	03	013	figures10	2
cortex_Cont	41.8453945827676	128	movie10	03	013	figures10	2
cortex_Default	39.26420060294965	209	movie10	03	013	figures10	2
cortex_DorsAttn	45.64489054034069	122	movie10	03	013	figures10	2
cortex_Limbic	21.81590756851334	60	movie10	03	013	figures10	2
cortex_SalVentAttn	40.50643108861019	121	movie10	03	013	figures10	2
cortex_SomMot	41.54291077548244	194	movie10	03	013	figures10	2
cortex_Vis	38.807771853733854	162	movie10	03	013	figures10	2
subcortex_CAU	25.792666798109334	8	movie10	03	013	figures10	2
subcortex_PUT	26.963323278273965	8	movie10	03	013	figures10	2
subcortex_THA	28.142807693550772	14	movie10	03	013	figures10	2
cerebellum	34.435369370783825	88	movie10	03	013	figures11	2
cortex_Cont	43.257080653153	128	movie10	03	013	figures11	2
cortex_Default	40.27362828938616	209	movie10	03	013	figures11	2
cortex_DorsAttn	47.232092559089224	122	movie10	03	013	figures11	2
cortex_Limbic	22.887248845740793	60	movie10	03	013	figures11	2
cortex_SalVentAttn	41.293138329317415	121	movie10	03	013	figures11	2
cortex_SomMot	42.37526854399614	194	movie10	03	013	figures11	2
cortex_Vis	40.01575452789853	162	movie10	03	013	figures11	2
subcortex_CAU	25.76208457719071	8	movie10	03	013	figures11	2
subcortex_PUT	26.95837051065667	8	movie10	03	013	figures11	2
subcortex_THA	27.907305707895173	14	movie10	03	013	figures11	2
cerebellum	34.82218154625735	88	movie10	03	013	figures12	2
cortex_Cont	42.5473882814475	128	movie10	03	013	figures12	2
cortex_Default	40.81739767916538	209	movie10	03	013	figures12	2
cortex_DorsAttn	45.631562272762544	122	movie10	03	013	figures12	2
cortex_Limbic	23.5707089267849	60	movie10	03	013	figures12	2
cortex_SalVentAttn	41.52031547632308	121	movie10	03	013	figures12	2
cortex_SomMot	40.689839215514446	194	movie10	03	013	figures12	2
cortex_Vis	39.30249650611171	162	movie10	03	013	figures12	2
subcortex_CAU	26.726739373073073	8	movie10	03	013	figures12	2
subcortex_PUT	27.562981054211	8	movie10	03	013	figures12	2
subcortex_THA	28.444712976494678	14	movie10	03	013	figures12	2
cerebellum	27.996007850719494	88	movie10	05	001	life01	1
cortex_Cont	37.6030949212596	128	movie10	05	001	life01	1
cortex_Default	35.455128149334	209	movie10	05	001	life01	1
cortex_DorsAttn	41.374070363216845	122	movie10	05	001	life01	1
cortex_Limbic	19.068580163256307	60	movie10	05	001	life01	1
cortex_SalVentAttn	35.85986095876322	121	movie10	05	001	life01	1
cortex_SomMot	35.978554819788485	194	movie10	05	001	life01	1
cortex_Vis	35.58268352176681	162	movie10	05	001	life01	1
subcortex_CAU	24.422020959514374	8	movie10	05	001	life01	1
subcortex_PUT	23.30906182481251	8	movie10	05	001	life01	1
subcortex_THA	24.757159886793545	14	movie10	05	001	life01	1
cerebellum	26.07445664007805	88	movie10	05	001	life02	1
cortex_Cont	37.463297665664385	128	movie10	05	001	life02	1
cortex_Default	35.47851275724727	209	movie10	05	001	life02	1
cortex_DorsAttn	39.437902039078715	122	movie10	05	001	life02	1
cortex_Limbic	19.64114860578584	60	movie10	05	001	life02	1
cortex_SalVentAttn	36.04059910593534	121	movie10	05	001	life02	1
cortex_SomMot	35.66461596659819	194	movie10	05	001	life02	1
cortex_Vis	31.4868195976288	162	movie10	05	001	life02	1
subcortex_CAU	25.150076868945643	8	movie10	05	001	life02	1
subcortex_PUT	23.104576750145032	8	movie10	05	001	life02	1
subcortex_THA	24.8445563796462	14	movie10	05	001	life02	1
cerebellum	26.775913818897752	88	movie10	05	001	life03	1
cortex_Cont	36.82357411314832	128	movie10	05	001	life03	1
cortex_Default	35.216612239942855	209	movie10	05	001	life03	1
cortex_DorsAttn	37.609313980277285	122	movie10	05	001	life03	1
cortex_Limbic	19.558584336483122	60	movie10	05	001	life03	1
cortex_SalVentAttn	35.503682075488314	121	movie10	05	001	life03	1
cortex_SomMot	33.171448873133286	194	movie10	05	001	life03	1
cortex_Vis	30.81389688967418	162	movie10	05	001	life03	1
subcortex_CAU	25.616922563633253	8	movie10	05	001	life03	1
subcortex_PUT	24.128332016094696	8	movie10	05	001	life03	1
subcortex_THA	24.76077582387961	14	movie10	05	001	life03	1
cerebellum	26.541119204892972	88	movie10	05	001	life04	1
cortex_Cont	35.45900655457443	128	movie10	05	001	life04	1
cortex_Default	33.47298094139977	209	movie10	05	001	life04	1
cortex_DorsAttn	38.74235458330335	122	movie10	05	001	life04	1
cortex_Limbic	18.72762935807886	60	movie10	05	001	life04	1
cortex_SalVentAttn	34.203347650438694	121	movie10	05	001	life04	1
cortex_SomMot	33.481508175789386	194	movie10	05	001	life04	1
cortex_Vis	31.929440560258588	162	movie10	05	001	life04	1
subcortex_CAU	24.702259917121637	8	movie10	05	001	life04	1
subcortex_PUT	23.920133911733394	8	movie10	05	001	life04	1
subcortex_THA	24.68635209577611	14	movie10	05	001	life04	1
cerebellum	30.441460441808623	88	movie10	05	001	life05	1
cortex_Cont	42.12347786256363	128	movie10	05	001	life05	1
cortex_Default	39.251514375005854	209	movie10	05	001	life05	1
cortex_DorsAttn	45.271099884068136	122	movie10	05	001	life05	1
cortex_Limbic	22.424142808135127	60	movie10	05	001	life05	1
cortex_SalVentAttn	39.78151436836581	121	movie10	05	001	life05	1
cortex_SomMot	41.244957427665604	194	movie10	05	001	life05	1
cortex_Vis	35.68194084901962	162	movie10	05	001	life05	1
subcortex_CAU	26.410204618320133	8	movie10	05	001	life05	1
subcortex_PUT	24.415810434584834	8	movie10	05	001	life05	1
subcortex_THA	25.729680361116305	14	movie10	05	001	life05	1
cerebellum	24.073437104937703	88	movie10	05	002	figures01	1
cortex_Cont	35.34096046458009	128	movie10	05	002	figures01	1
cortex_Default	33.55254382947822	209	movie10	05	002	figures01	1
cortex_DorsAttn	38.51135702095618	122	movie10	05	002	figures01	1
cortex_Limbic	18.812374466187315	60	movie10	05	002	figures01	1
cortex_SalVentAttn	34.062647558279565	121	movie10	05	002	figures01	1
cortex_SomMot	33.95003394018808	194	movie10	05	002	figures01	1
cortex_Vis	32.413871656523064	162	movie10	05	002	figures01	1
subcortex_CAU	24.797803269130853	8	movie10	05	002	figures01	1
subcortex_PUT	23.366290589257297	8	movie10	05	002	figures01	1
subcortex_THA	24.20129113450113	14	movie10	05	002	figures01	1
cerebellum	27.596547862477397	88	movie10	05	002	figures02	1
cortex_Cont	41.58256023841927	128	movie10	05	002	figures02	1
cortex_Default	38.71540068360895	209	movie10	05	002	figures02	1
cortex_DorsAttn	46.08722272719375	122	movie10	05	002	figures02	1
cortex_Limbic	20.143677857615177	60	movie10	05	002	figures02	1
cortex_SalVentAttn	38.82958857206026	121	movie10	05	002	figures02	1
cortex_SomMot	41.009272390120664	194	movie10	05	002	figures02	1
cortex_Vis	35.517644059141396	162	movie10	05	002	figures02	1
subcortex_CAU	26.33817137467137	8	movie10	05	002	figures02	1
subcortex_PUT	24.158682517690274	8	movie10	05	002	figures02	1
subcortex_THA	25.17615001529625	14	movie10	05	002	figures02	1
cerebellum	24.190367964793605	88	movie10	05	002	figures03	1
cortex_Cont	32.686888042731596	128	movie10	05	002	figures03	1
cortex_Default	31.375733135447767	209	movie10	05	002	figures03	1
cortex_DorsAttn	34.93192266790235	122	movie10	05	002	figures03	1
cortex_Limbic	18.744752762369632	60	movie10	05	002	figures03	1
cortex_SalVentAttn	31.834875906272575	121	movie10	05	002	figures03	1
cortex_SomMot	30.448705974147316	194	movie10	05	002	figures03	1
cortex_Vis	29.806596004733965	162	movie10	05	002	figures03	1
subcortex_CAU	23.8408365792969	8	movie10	05	002	figures03	1
subcortex_PUT	22.53980049821262	8	movie10	05	002	figures03	1
subcortex_THA	23.229733373199764	14	movie10	05	002	figures03	1
cerebellum	22.286515232751547	88	movie10	05	002	figures04	1
cortex_Cont	33.76264076780688	128	movie10	05	002	figures04	1
cortex_Default	32.34997946755686	209	movie10	05	002	figures04	1
cortex_DorsAttn	35.135070371991354	122	movie10	05	002	figures04	1
cortex_Limbic	18.48218638201767	60	movie10	05	002	figures04	1
cortex_SalVentAttn	32.68686652098213	121	movie10	05	002	figures04	1
cortex_SomMot	30.685189926192926	194	movie10	05	002	figures04	1
cortex_Vis	29.43037180565572	162	movie10	05	002	figures04	1
subcortex_CAU	25.337264452232688	8	movie10	05	002	figures04	1
subcortex_PUT	23.34157168480253	8	movie10	05	002	figures04	1
subcortex_THA	23.080395892742303	14	movie10	05	002	figures04	1
cerebellum	24.283283795485634	88	movie10	05	002	figures05	1
cortex_Cont	34.14295864064541	128	movie10	05	002	figures05	1
cortex_Default	32.969151745505656	209	movie10	05	002	figures05	1
cortex_DorsAttn	37.87178530060643	122	movie10	05	002	figures05	1
cortex_Limbic	18.228611461131827	60	movie10	05	002	figures05	1
cortex_SalVentAttn	32.703848750840145	121	movie10	05	002	figures05	1
cortex_SomMot	31.948867270757145	194	movie10	05	002	figures05	1
cortex_Vis	32.839071202775315	162	movie10	05	002	figures05	1
subcortex_CAU	24.683596051384907	8	movie10	05	002	figures05	1
subcortex_PUT	22.9207979043262	8	movie10	05	002	figures05	1
subcortex_THA	23.5678007900394	14	movie10	05	002	figures05	1
cerebellum	26.900957963866635	88	movie10	05	003	figures06	1
cortex_Cont	39.6155066698163	128	movie10	05	003	figures06	1
cortex_Default	37.0839118871012	209	movie10	05	003	figures06	1
cortex_DorsAttn	43.216532959452856	122	movie10	05	003	figures06	1
cortex_Limbic	21.165506815249614	60	movie10	05	003	figures06	1
cortex_SalVentAttn	37.549642396525535	121	movie10	05	003	figures06	1
cortex_SomMot	37.9637575785774	194	movie10	05	003	figures06	1
cortex_Vis	35.71700171944321	162	movie10	05	003	figures06	1
subcortex_CAU	26.262791525884175	8	movie10	05	003	figures06	1
subcortex_PUT	24.774547984140792	8	movie10	05	003	figures06	1
subcortex_THA	25.44180988476913	14	movie10	05	003	figures06	1
cerebellum	27.21766076542707	88	movie10	05	003	figures07	1
cortex_Cont	39.78087865581077	128	movie10	05	003	figures07	1
cortex_Default	37.64117030892335	209	movie10	05	003	figures07	1
cortex_DorsAttn	42.89844772062805	122	movie10	05	003	figures07	1
cortex_Limbic	21.429258091089405	60	movie10	05	003	figures07	1
cortex_SalVentAttn	37.77468121186349	121	movie10	05	003	figures07	1
cortex_SomMot	37.51449987984229	194	movie10	05	003	figures07	1
cortex_Vis	36.3413591740974	162	movie10	05	003	figures07	1
subcortex_CAU	26.818694917983297	8	movie10	05	003	figures07	1
subcortex_PUT	25.000204064871422	8	movie10	05	003	figures07	1
subcortex_THA	25.663381252572957	14	movie10	05	003	figures07	1
cerebellum	28.60988732507185	88	movie10	05	003	figures08	1
cortex_Cont	41.42760315107791	128	movie10	05	003	figures08	1
cortex_Default	38.678120074797036	209	movie10	05	003	figures08	1
cortex_DorsAttn	46.27650293983555	122	movie10	05	003	figures08	1
cortex_Limbic	20.747491918053957	60	movie10	05	003	figures08	1
cortex_SalVentAttn	39.07902567348009	121	movie10	05	003	figures08	1
cortex_SomMot	40.17429982553326	194	movie10	05	003	figures08	1
cortex_Vis	37.06196750734854	162	movie10	05	003	figures08	1
subcortex_CAU	27.116864039844053	8	movie10	05	003	figures08	1
subcortex_PUT	25.094557243528627	8	movie10	05	003	figures08	1
subcortex_THA	26.047331766958354	14	movie10	05	003	figures08	1
cerebellum	26.323455781315285	88	movie10	05	003	figures09	1
cortex_Cont	44.48097435071789	128	movie10	05	003	figures09	1
cortex_Default	41.39152026599083	209	movie10	05	003	figures09	1
cortex_DorsAttn	45.56733975216588	122	movie10	05	003	figures09	1
cortex_Limbic	24.47013857131948	60	movie10	05	003	figures09	1
cortex_SalVentAttn	40.88075782167327	121	movie10	05	003	figures09	1
cortex_SomMot	42.72935482953701	194	movie10	05	003	figures09	1
cortex_Vis	35.62672642976904	162	movie10	05	003	figures09	1
subcortex_CAU	28.696620809816118	8	movie10	05	003	figures09	1
subcortex_PUT	26.219532288009958	8	movie10	05	003	figures09	1
subcortex_THA	26.008630889239814	14	movie10	05	003	figures09	1
cerebellum	30.36019505185251	88	movie10	05	003	figures10	1
cortex_Cont	42.079890927947346	128	movie10	05	003	figures10	1
cortex_Default	39.66824594646943	209	movie10	05	003	figures10	1
cortex_DorsAttn	45.249274299027974	122	movie10	05	003	figures10	1
cortex_Limbic	21.813888613371077	60	movie10	05	003	figures10	1
cortex_SalVentAttn	39.18146480199196	121	movie10	05	003	figures10	1
cortex_SomMot	40.53478263291605	194	movie10	05	003	figures10	1
cortex_Vis	38.446874246049	162	movie10	05	003	figures10	1
subcortex_CAU	26.275552730711095	8	movie10	05	003	figures10	1
subcortex_PUT	23.805894175860598	8	movie10	05	003	figures10	1
subcortex_THA	25.591272761805726	14	movie10	05	003	figures10	1
cerebellum	26.491315411515515	88	movie10	05	003	figures11	1
cortex_Cont	35.02683840543387	128	movie10	05	003	figures11	1
cortex_Default	33.480573864069704	209	movie10	05	003	figures11	1
cortex_DorsAttn	37.6935589172037	122	movie10	05	003	figures11	1
cortex_Limbic	20.126329159088428	60	movie10	05	003	figures11	1
cortex_SalVentAttn	33.508321764337076	121	movie10	05	003	figures11	1
cortex_SomMot	31.894147719449993	194	movie10	05	003	figures11	1
cortex_Vis	32.62311676944958	162	movie10	05	003	figures11	1
subcortex_CAU	24.844232433612863	8	movie10	05	003	figures11	1
subcortex_PUT	23.665568418551224	8	movie10	05	003	figures11	1
subcortex_THA	24.49395147231544	14	movie10	05	003	figures11	1
cerebellum	24.23579160757681	88	movie10	05	003	figures12	1
cortex_Cont	35.444292825390455	128	movie10	05	003	figures12	1
cortex_Default	33.30501661512389	209	movie10	05	003	figures12	1
cortex_DorsAttn	36.20843916431911	122	movie10	05	003	figures12	1
cortex_Limbic	20.303925053335277	60	movie10	05	003	figures12	1
cortex_SalVentAttn	34.45248775232579	121	movie10	05	003	figures12	1
cortex_SomMot	32.95671930176287	194	movie10	05	003	figures12	1
cortex_Vis	29.1076482944925	162	movie10	05	003	figures12	1
subcortex_CAU	25.474735683076336	8	movie10	05	003	figures12	1
subcortex_PUT	23.86573585938666	8	movie10	05	003	figures12	1
subcortex_THA	23.828320925503128	14	movie10	05	003	figures12	1
cerebellum	29.036458115031213	88	movie10	05	004	wolf01	
cortex_Cont	38.37504933661273	128	movie10	05	004	wolf01	
cortex_Default	36.859404186777724	209	movie10	05	004	wolf01	
cortex_DorsAttn	41.20303187527816	122	movie10	05	004	wolf01	
cortex_Limbic	20.633626533348682	60	movie10	05	004	wolf01	
cortex_SalVentAttn	36.80431839268976	121	movie10	05	004	wolf01	
cortex_SomMot	37.56871245204045	194	movie10	05	004	wolf01	
cortex_Vis	34.03102086464657	162	movie10	05	004	wolf01	
subcortex_CAU	24.79618305183301	8	movie10	05	004	wolf01	
subcortex_PUT	23.34873137050343	8	movie10	05	004	wolf01	
subcortex_THA	25.088003008956075	14	movie10	05	004	wolf01	
cerebellum	29.966304601476068	88	movie10	05	004	wolf02	
cortex_Cont	40.861372517946485	128	movie10	05	004	wolf02	
cortex_Default	38.94806648805672	209	movie10	05	004	wolf02	
cortex_DorsAttn	40.467795038322464	122	movie10	05	004	wolf02	
cortex_Limbic	23.192070957660924	60	movie10	05	004	wolf02	
cortex_SalVentAttn	38.78197202579698	121	movie10	05	004	wolf02	
cortex_SomMot	36.88760448761246	194	movie10	05	004	wolf02	
cortex_Vis	34.988459197033634	162	movie10	05	004	wolf02	
subcortex_CAU	26.388267320379125	8	movie10	05	004	wolf02	
subcortex_PUT	24.36287530055331	8	movie10	05	004	wolf02	
subcortex_THA	25.313616285549674	14	movie10	05	004	wolf02	
cerebellum	31.217009349040723	88	movie10	05	004	wolf03	
cortex_Cont	42.65969901669387	128	movie10	05	004	wolf03	
cortex_Default	40.04039312218651	209	movie10	05	004	wolf03	
cortex_DorsAttn	45.247647664780416	122	movie10	05	004	wolf03	
cortex_Limbic	22.536067131406238	60	movie10	05	004	wolf03	
cortex_SalVentAttn	39.65551965333492	121	movie10	05	004	wolf03	
cortex_SomMot	40.641794015904786	194	movie10	05	004	wolf03	
cortex_Vis	38.113799126287226	162	movie10	05	004	wolf03	
subcortex_CAU	26.518259563947765	8	movie10	05	004	wolf03	
subcortex_PUT	24.062710848605544	8	movie10	05	004	wolf03	
subcortex_THA	25.066260989870695	14	movie10	05	004	wolf03	
cerebellum	28.66494884355768	88	movie10	05	005	wolf04	
cortex_Cont	37.887715847126294	128	movie10	05	005	wolf04	
cortex_Default	35.528880805242444	209	movie10	05	005	wolf04	
cortex_DorsAttn	42.81622214659228	122	movie10	05	005	wolf04	
cortex_Limbic	18.922119849711674	60	movie10	05	005	wolf04	
cortex_SalVentAttn	35.49978262541742	121	movie10	05	005	wolf04	
cortex_SomMot	36.11689936720767	194	movie10	05	005	wolf04	
cortex_Vis	35.769963876900086	162	movie10	05	005	wolf04	
subcortex_CAU	24.678421778005248	8	movie10	05	005	wolf04	
subcortex_PUT	23.446319679884237	8	movie10	05	005	wolf04	
subcortex_THA	24.674929194228092	14	movie10	05	005	wolf04	
cerebellum	28.13199868902816	88	movie10	05	005	wolf05	
cortex_Cont	42.23526704599204	128	movie10	05	005	wolf05	
cortex_Default	39.39655987886909	209	movie10	05	005	wolf05	
cortex_DorsAttn	43.80374010431375	122	movie10	05	005	wolf05	
cortex_Limbic	22.285024770597822	60	movie10	05	005	wolf05	
cortex_SalVentAttn	40.3686507711362	121	movie10	05	005	wolf05	
cortex_SomMot	41.25934151417437	194	movie10	05	005	wolf05	
cortex_Vis	34.13749597308697	162	movie10	05	005	wolf05	
subcortex_CAU	27.6111507892471	8	movie10	05	005	wolf05	
subcortex_PUT	24.51727219024593	8	movie10	05	005	wolf05	
subcortex_THA	25.965515302505064	14	movie10	05	005	wolf05	
cerebellum	29.73530295458612	88	movie10	05	005	wolf06	
cortex_Cont	39.328067360851094	128	movie10	05	005	wolf06	
cortex_Default	37.81821001114178	209	movie10	05	005	wolf06	
cortex_DorsAttn	44.150812491586485	122	movie10	05	005	wolf06	
cortex_Limbic	20.137585176078684	60	movie10	05	005	wolf06	
cortex_SalVentAttn	37.35737780465002	121	movie10	05	005	wolf06	
cortex_SomMot	38.67108279807508	194	movie10	05	005	wolf06	
cortex_Vis	35.76160538660192	162	movie10	05	005	wolf06	
subcortex_CAU	27.285090788705354	8	movie10	05	005	wolf06	
subcortex_PUT	24.157092472567378	8	movie10	05	005	wolf06	
subcortex_THA	25.622939766766656	14	movie10	05	005	wolf06	
cerebellum	28.974677994016336	88	movie10	05	005	wolf07	
cortex_Cont	38.256565689375826	128	movie10	05	005	wolf07	
cortex_Default	36.63482432405778	209	movie10	05	005	wolf07	
cortex_DorsAttn	41.981814775315414	122	movie10	05	005	wolf07	
cortex_Limbic	20.02911547033586	60	movie10	05	005	wolf07	
cortex_SalVentAttn	36.77042950914757	121	movie10	05	005	wolf07	
cortex_SomMot	36.79154885101729	194	movie10	05	005	wolf07	
cortex_Vis	34.532138136009856	162	movie10	05	005	wolf07	
subcortex_CAU	27.26792622688954	8	movie10	05	005	wolf07	
subcortex_PUT	24.047614441079087	8	movie10	05	005	wolf07	
subcortex_THA	25.226635128214788	14	movie10	05	005	wolf07	
cerebellum	29.79456336559299	88	movie10	05	005	wolf08	
cortex_Cont	42.27692475086265	128	movie10	05	005	wolf08	
cortex_Default	39.66910064233625	209	movie10	05	005	wolf08	
cortex_DorsAttn	43.56455493289828	122	movie10	05	005	wolf08	
cortex_Limbic	22.57466167234207	60	movie10	05	005	wolf08	
cortex_SalVentAttn	39.307122135134044	121	movie10	05	005	wolf08	
cortex_SomMot	39.46149046727073	194	movie10	05	005	wolf08	
cortex_Vis	35.94691436876636	162	movie10	05	005	wolf08	
subcortex_CAU	27.387843797938064	8	movie10	05	005	wolf08	
subcortex_PUT	24.268165919442286	8	movie10	05	005	wolf08	
subcortex_THA	25.95367046866922	14	movie10	05	005	wolf08	
cerebellum	29.93635966759964	88	movie10	05	005	wolf09	
cortex_Cont	42.62293155976138	128	movie10	05	005	wolf09	
cortex_Default	39.7007947842495	209	movie10	05	005	wolf09	
cortex_DorsAttn	45.97192342780074	122	movie10	05	005	wolf09	
cortex_Limbic	22.62974756669153	60	movie10	05	005	wolf09	
cortex_SalVentAttn	39.354289126072416	121	movie10	05	005	wolf09	
cortex_SomMot	40.670420350382514	194	movie10	05	005	wolf09	
cortex_Vis	36.81745556334299	162	movie10	05	005	wolf09	
subcortex_CAU	27.098597583936577	8	movie10	05	005	wolf09	
subcortex_PUT	23.97191835348693	8	movie10	05	005	wolf09	
subcortex_THA	25.627928127109282	14	movie10	05	005	wolf09	
cerebellum	29.152662038996162	88	movie10	05	005	wolf10	
cortex_Cont	40.14048189524479	128	movie10	05	005	wolf10	
cortex_Default	38.00087845599275	209	movie10	05	005	wolf10	
cortex_DorsAttn	45.10434308698025	122	movie10	05	005	wolf10	
cortex_Limbic	21.111832728014836	60	movie10	05	005	wolf10	
cortex_SalVentAttn	37.78717589644241	121	movie10	05	005	wolf10	
cortex_SomMot	39.461927010192284	194	movie10	05	005	wolf10	
cortex_Vis	35.76392699437466	162	movie10	05	005	wolf10	
subcortex_CAU	26.805723611974468	8	movie10	05	005	wolf10	
subcortex_PUT	23.862086375540095	8	movie10	05	005	wolf10	
subcortex_THA	25.539966778887976	14	movie10	05	005	wolf10	
cerebellum	24.370128146692288	88	movie10	05	005	wolf11	
cortex_Cont	33.227660600061526	128	movie10	05	005	wolf11	
cortex_Default	31.792317016156673	209	movie10	05	005	wolf11	
cortex_DorsAttn	35.73348231525623	122	movie10	05	005	wolf11	
cortex_Limbic	18.84942975771985	60	movie10	05	005	wolf11	
cortex_SalVentAttn	32.10509227992773	121	movie10	05	005	wolf11	
cortex_SomMot	30.600622154186212	194	movie10	05	005	wolf11	
cortex_Vis	29.687117121596938	162	movie10	05	005	wolf11	
subcortex_CAU	23.681400023980743	8	movie10	05	005	wolf11	
subcortex_PUT	22.188092071880472	8	movie10	05	005	wolf11	
subcortex_THA	23.433032983993396	14	movie10	05	005	wolf11	
cerebellum	30.363235318454045	88	movie10	05	005	wolf12	
cortex_Cont	39.69239566355989	128	movie10	05	005	wolf12	
cortex_Default	37.63928099143378	209	movie10	05	005	wolf12	
cortex_DorsAttn	45.67707685884198	122	movie10	05	005	wolf12	
cortex_Limbic	20.6715428407881	60	movie10	05	005	wolf12	
cortex_SalVentAttn	37.01149471561945	121	movie10	05	005	wolf12	
cortex_SomMot	38.895620004889714	194	movie10	05	005	wolf12	
cortex_Vis	36.73621715058816	162	movie10	05	005	wolf12	
subcortex_CAU	26.21669489286785	8	movie10	05	005	wolf12	
subcortex_PUT	23.791698560673233	8	movie10	05	005	wolf12	
subcortex_THA	25.468017556072546	14	movie10	05	005	wolf12	
cerebellum	24.1826842929054	88	movie10	05	007	wolf13	
cortex_Cont	33.47613634188316	128	movie10	05	007	wolf13	
cortex_Default	32.23063253309545	209	movie10	05	007	wolf13	
cortex_DorsAttn	35.5733463895134	122	movie10	05	007	wolf13	
cortex_Limbic	17.250970851013903	60	movie10	05	007	wolf13	
cortex_SalVentAttn	33.09502946162684	121	movie10	05	007	wolf13	
cortex_SomMot	33.76485306954454	194	movie10	05	007	wolf13	
cortex_Vis	28.55534543089838	162	movie10	05	007	wolf13	
subcortex_CAU	24.132347057071115	8	movie10	05	007	wolf13	
subcortex_PUT	22.994807620849105	8	movie10	05	007	wolf13	
subcortex_THA	24.087265553701165	14	movie10	05	007	wolf13	
cerebellum	31.106448190515472	88	movie10	05	007	wolf14	
cortex_Cont	42.20741348702112	128	movie10	05	007	wolf14	
cortex_Default	39.46456098453076	209	movie10	05	007	wolf14	
cortex_DorsAttn	45.944777360763254	122	movie10	05	007	wolf14	
cortex_Limbic	22.614672302463212	60	movie10	05	007	wolf14	
cortex_SalVentAttn	39.17661174226398	121	movie10	05	007	wolf14	
cortex_SomMot	39.61700699144691	194	movie10	05	007	wolf14	
cortex_Vis	38.40830180716642	162	movie10	05	007	wolf14	
subcortex_CAU	28.008631719780944	8	movie10	05	007	wolf14	
subcortex_PUT	25.606162466209792	8	movie10	05	007	wolf14	
subcortex_THA	26.11836945032059	14	movie10	05	007	wolf14	
cerebellum	32.292010188699585	88	movie10	05	007	wolf15	
cortex_Cont	44.37229859456738	128	movie10	05	007	wolf15	
cortex_Default	41.051654254144566	209	movie10	05	007	wolf15	
cortex_DorsAttn	48.100756379574456	122	movie10	05	007	wolf15	
cortex_Limbic	22.665239208757086	60	movie10	05	007	wolf15	
cortex_SalVentAttn	40.10712310143124	121	movie10	05	007	wolf15	
cortex_SomMot	42.55591736395525	194	movie10	05	007	wolf15	
cortex_Vis	39.01507693463632	162	movie10	05	007	wolf15	
subcortex_CAU	27.828386569369314	8	movie10	05	007	wolf15	
subcortex_PUT	24.977788358771434	8	movie10	05	007	wolf15	
subcortex_THA	26.319943330333196	14	movie10	05	007	wolf15	
cerebellum	32.275895368091774	88	movie10	05	007	wolf16	
cortex_Cont	45.710490616477635	128	movie10	05	007	wolf16	
cortex_Default	42.4429805159316	209	movie10	05	007	wolf16	
cortex_DorsAttn	50.08614576908395	122	movie10	05	007	wolf16	
cortex_Limbic	23.774651550438353	60	movie10	05	007	wolf16	
cortex_SalVentAttn	41.97339253435971	121	movie10	05	007	wolf16	
cortex_SomMot	44.604623983204824	194	movie10	05	007	wolf16	
cortex_Vis	40.38484178059385	162	movie10	05	007	wolf16	
subcortex_CAU	28.665382288675623	8	movie10	05	007	wolf16	
subcortex_PUT	25.505113013988037	8	movie10	05	007	wolf16	
subcortex_THA	26.598373791179604	14	movie10	05	007	wolf16	
cerebellum	31.8715692818968	88	movie10	05	007	wolf17	
cortex_Cont	42.239335319386406	128	movie10	05	007	wolf17	
cortex_Default	39.777459283918034	209	movie10	05	007	wolf17	
cortex_DorsAttn	46.510602076732475	122	movie10	05	007	wolf17	
cortex_Limbic	21.930113609854704	60	movie10	05	007	wolf17	
cortex_SalVentAttn	38.86502272008484	121	movie10	05	007	wolf17	
cortex_SomMot	39.622845881485816	194	movie10	05	007	wolf17	
cortex_Vis	39.241718294094866	162	movie10	05	007	wolf17	
subcortex_CAU	28.6537567527299	8	movie10	05	007	wolf17	
subcortex_PUT	24.993642845359748	8	movie10	05	007	wolf17	
subcortex_THA	26.261684649201005	14	movie10	05	007	wolf17	
cerebellum	28.286616630391723	88	movie10	05	008	life01	2
cortex_Cont	37.8262298414501	128	movie10	05	008	life01	2
cortex_Default	36.32397893371753	209	movie10	05	008	life01	2
cortex_DorsAttn	40.55468017735959	122	movie10	05	008	life01	2
cortex_Limbic	19.173029164493357	60	movie10	05	008	life01	2
cortex_SalVentAttn	36.41447059457877	121	movie10	05	008	life01	2
cortex_SomMot	36.12980858214601	194	movie10	05	008	life01	2
cortex_Vis	33.9373495853529	162	movie10	05	008	life01	2
subcortex_CAU	25.563559716069562	8	movie10	05	008	life01	2
subcortex_PUT	23.823107470210402	8	movie10	05	008	life01	2
subcortex_THA	25.415629820622332	14	movie10	05	008	life01	2
cerebellum	31.520103352436877	88	movie10	05	008	life02	2
cortex_Cont	41.260799141088484	128	movie10	05	008	life02	2
cortex_Default	38.95398442598678	209	movie10	05	008	life02	2
cortex_DorsAttn	46.65519368786475	122	movie10	05	008	life02	2
cortex_Limbic	20.56662675290876	60	movie10	05	008	life02	2
cortex_SalVentAttn	39.25336722460678	121	movie10	05	008	life02	2
cortex_SomMot	40.24065521618621	194	movie10	05	008	life02	2
cortex_Vis	37.72398942660765	162	movie10	05	008	life02	2
subcortex_CAU	25.284354493578686	8	movie10	05	008	life02	2
subcortex_PUT	22.956528291384032	8	movie10	05	008	life02	2
subcortex_THA	25.410139823294987	14	movie10	05	008	life02	2
cerebellum	26.58038206915111	88	movie10	05	008	life03	2
cortex_Cont	35.332870120506115	128	movie10	05	008	life03	2
cortex_Default	33.79213065462664	209	movie10	05	008	life03	2
cortex_DorsAttn	39.56771847112754	122	movie10	05	008	life03	2
cortex_Limbic	18.08368891606183	60	movie10	05	008	life03	2
cortex_SalVentAttn	33.730430087233124	121	movie10	05	008	life03	2
cortex_SomMot	33.19857498718793	194	movie10	05	008	life03	2
cortex_Vis	33.943985277960124	162	movie10	05	008	life03	2
subcortex_CAU	24.114696195790696	8	movie10	05	008	life03	2
subcortex_PUT	22.779854444487995	8	movie10	05	008	life03	2
subcortex_THA	23.748218564509468	14	movie10	05	008	life03	2
cerebellum	29.309119196239052	88	movie10	05	008	life04	2
cortex_Cont	39.822430992031364	128	movie10	05	008	life04	2
cortex_Default	37.30270723555873	209	movie10	05	008	life04	2
cortex_DorsAttn	44.24888639573422	122	movie10	05	008	life04	2
cortex_Limbic	19.72908378552989	60	movie10	05	008	life04	2
cortex_SalVentAttn	37.51341889168561	121	movie10	05	008	life04	2
cortex_SomMot	38.31044564500142	194	movie10	05	008	life04	2
cortex_Vis	36.090206897285526	162	movie10	05	008	life04	2
subcortex_CAU	25.469992008138846	8	movie10	05	008	life04	2
subcortex_PUT	23.959401419630765	8	movie10	05	008	life04	2
subcortex_THA	25.105909486851257	14	movie10	05	008	life04	2
cerebellum	31.80108478779624	88	movie10	05	008	life05	2
cortex_Cont	45.71466051718707	128	movie10	05	008	life05	2
cortex_Default	42.86511766275065	209	movie10	05	008	life05	2
cortex_DorsAttn	47.935649440639416	122	movie10	05	008	life05	2
cortex_Limbic	23.3661616487413	60	movie10	05	008	life05	2
cortex_SalVentAttn	41.71215567504457	121	movie10	05	008	life05	2
cortex_SomMot	43.693638645445475	194	movie10	05	008	life05	2
cortex_Vis	38.793111258925954	162	movie10	05	008	life05	2
subcortex_CAU	27.361079371690376	8	movie10	05	008	life05	2
subcortex_PUT	24.774928500653445	8	movie10	05	008	life05	2
subcortex_THA	25.918735669249912	14	movie10	05	008	life05	2
cerebellum	29.980460998030626	88	movie10	05	009	bourne01	
cortex_Cont	40.49609729111694	128	movie10	05	009	bourne01	
cortex_Default	38.46597077859883	209	movie10	05	009	bourne01	
cortex_DorsAttn	41.71047087804517	122	movie10	05	009	bourne01	
cortex_Limbic	21.51026725343133	60	movie10	05	009	bourne01	
cortex_SalVentAttn	37.83345607695712	121	movie10	05	009	bourne01	
cortex_SomMot	36.848569516741804	194	movie10	05	009	bourne01	
cortex_Vis	33.352664828742206	162	movie10	05	009	bourne01	
subcortex_CAU	26.38266124835202	8	movie10	05	009	bourne01	
subcortex_PUT	23.903112693980404	8	movie10	05	009	bourne01	
subcortex_THA	25.062785269006458	14	movie10	05	009	bourne01	
cerebellum	28.89901798770842	88	movie10	05	009	bourne02	
cortex_Cont	38.8032980041876	128	movie10	05	009	bourne02	
cortex_Default	36.74020040951479	209	movie10	05	009	bourne02	
cortex_DorsAttn	42.73394306591136	122	movie10	05	009	bourne02	
cortex_Limbic	20.391319402139388	60	movie10	05	009	bourne02	
cortex_SalVentAttn	36.745101946116776	121	movie10	05	009	bourne02	
cortex_SomMot	37.01074661721541	194	movie10	05	009	bourne02	
cortex_Vis	35.10453371304457	162	movie10	05	009	bourne02	
subcortex_CAU	26.372496806187915	8	movie10	05	009	bourne02	
subcortex_PUT	24.478615867395106	8	movie10	05	009	bourne02	
subcortex_THA	25.014385792662775	14	movie10	05	009	bourne02	
cerebellum	31.264532686831455	88	movie10	05	009	bourne03	
cortex_Cont	42.37191246604876	128	movie10	05	009	bourne03	
cortex_Default	39.42127362119298	209	movie10	05	009	bourne03	
cortex_DorsAttn	46.80539608703418	122	movie10	05	009	bourne03	
cortex_Limbic	22.4176075551541	60	movie10	05	009	bourne03	
cortex_SalVentAttn	39.32957398405024	121	movie10	05	009	bourne03	
cortex_SomMot	39.55337277765255	194	movie10	05	009	bourne03	
cortex_Vis	37.422449834808035	162	movie10	05	009	bourne03	
subcortex_CAU	27.025499810835186	8	movie10	05	009	bourne03	
subcortex_PUT	24.903066042353494	8	movie10	05	009	bourne03	
subcortex_THA	26.502075013398745	14	movie10	05	009	bourne03	
cerebellum	26.04708048017367	88	movie10	05	009	bourne04	
cortex_Cont	36.057445952965814	128	movie10	05	009	bourne04	
cortex_Default	33.81419780184044	209	movie10	05	009	bourne04	
cortex_DorsAttn	39.055821923924576	122	movie10	05	009	bourne04	
cortex_Limbic	19.591962242835166	60	movie10	05	009	bourne04	
cortex_SalVentAttn	34.24094045204915	121	movie10	05	009	bourne04	
cortex_SomMot	33.65779163047165	194	movie10	05	009	bourne04	
cortex_Vis	31.202070689846423	162	movie10	05	009	bourne04	
subcortex_CAU	25.292182985163745	8	movie10	05	009	bourne04	
subcortex_PUT	23.45118508686627	8	movie10	05	009	bourne04	
subcortex_THA	24.805946902007747	14	movie10	05	009	bourne04	
cerebellum	29.579197027580815	88	movie10	05	009	bourne05	
cortex_Cont	38.78911739935969	128	movie10	05	009	bourne05	
cortex_Default	36.71337665510476	209	movie10	05	009	bourne05	
cortex_DorsAttn	42.57262215851909	122	movie10	05	009	bourne05	
cortex_Limbic	21.328926997413056	60	movie10	05	009	bourne05	
cortex_SalVentAttn	36.69078836429644	121	movie10	05	009	bourne05	
cortex_SomMot	36.71982412573227	194	movie10	05	009	bourne05	
cortex_Vis	35.50915774002607	162	movie10	05	009	bourne05	
subcortex_CAU	26.305540528960954	8	movie10	05	009	bourne05	
subcortex_PUT	24.130537251757474	8	movie10	05	009	bourne05	
subcortex_THA	25.71919899600427	14	movie10	05	009	bourne05	
cerebellum	30.377082273529705	88	movie10	05	009	bourne06	
cortex_Cont	38.45326102637012	128	movie10	05	009	bourne06	
cortex_Default	36.145850846516645	209	movie10	05	009	bourne06	
cortex_DorsAttn	43.70189687263349	122	movie10	05	009	bourne06	
cortex_Limbic	20.71645226468315	60	movie10	05	009	bourne06	
cortex_SalVentAttn	36.31070642735586	121	movie10	05	009	bourne06	
cortex_SomMot	36.396149979971895	194	movie10	05	009	bourne06	
cortex_Vis	37.03913458605181	162	movie10	05	009	bourne06	
subcortex_CAU	26.206579914215432	8	movie10	05	009	bourne06	
subcortex_PUT	23.787602785505285	8	movie10	05	009	bourne06	
subcortex_THA	25.451629630128668	14	movie10	05	009	bourne06	
cerebellum	27.349676430975123	88	movie10	05	009	bourne07	
cortex_Cont	37.374008891595196	128	movie10	05	009	bourne07	
cortex_Default	35.33689535395377	209	movie10	05	009	bourne07	
cortex_DorsAttn	40.65533881764127	122	movie10	05	009	bourne07	
cortex_Limbic	19.943385296605094	60	movie10	05	009	bourne07	
cortex_SalVentAttn	35.90350572886081	121	movie10	05	009	bourne07	
cortex_SomMot	35.86292511398796	194	movie10	05	009	bourne07	
cortex_Vis	32.61382155662731	162	movie10	05	009	bourne07	
subcortex_CAU	26.09092883914179	8	movie10	05	009	bourne07	
subcortex_PUT	23.73817911690383	8	movie10	05	009	bourne07	
subcortex_THA	25.095600411840262	14	movie10	05	009	bourne07	
cerebellum	27.83743436726769	88	movie10	05	009	bourne08	
cortex_Cont	38.057099056897705	128	movie10	05	009	bourne08	
cortex_Default	36.24917250655965	209	movie10	05	009	bourne08	
cortex_DorsAttn	40.67438262472245	122	movie10	05	009	bourne08	
cortex_Limbic	20.999367262423345	60	movie10	05	009	bourne08	
cortex_SalVentAttn	36.04027322586158	121	movie10	05	009	bourne08	
cortex_SomMot	35.64710500130228	194	movie10	05	009	bourne08	
cortex_Vis	34.09177620719312	162	movie10	05	009	bourne08	
subcortex_CAU	27.25362638978308	8	movie10	05	009	bourne08	
subcortex_PUT	24.129275112327242	8	movie10	05	009	bourne08	
subcortex_THA	24.531419957199954	14	movie10	05	009	bourne08	
cerebellum	30.22083968645036	88	movie10	05	009	bourne09	
cortex_Cont	38.85854036848589	128	movie10	05	009	bourne09	
cortex_Default	36.929469678137934	209	movie10	05	009	bourne09	
cortex_DorsAttn	43.33420525050029	122	movie10	05	009	bourne09	
cortex_Limbic	21.44075284334878	60	movie10	05	009	bourne09	
cortex_SalVentAttn	36.959992460776625	121	movie10	05	009	bourne09	
cortex_SomMot	36.626073979586074	194	movie10	05	009	bourne09	
cortex_Vis	37.409729895068786	162	movie10	05	009	bourne09	
subcortex_CAU	27.04826114301246	8	movie10	05	009	bourne09	
subcortex_PUT	24.175415404068943	8	movie10	05	009	bourne09	
subcortex_THA	25.586284104001603	14	movie10	05	009	bourne09	
cerebellum	26.345436703489316	88	movie10	05	009	bourne10	
cortex_Cont	33.19977221450356	128	movie10	05	009	bourne10	
cortex_Default	32.29359289871179	209	movie10	05	009	bourne10	
cortex_DorsAttn	35.84839597415997	122	movie10	05	009	bourne10	
cortex_Limbic	19.20753619320757	60	movie10	05	009	bourne10	
cortex_SalVentAttn	32.16746002135029	121	movie10	05	009	bourne10	
cortex_SomMot	31.146896197874554	194	movie10	05	009	bourne10	
cortex_Vis	30.74734502703511	162	movie10	05	009	bourne10	
subcortex_CAU	24.85751362017755	8	movie10	05	009	bourne10	
subcortex_PUT	22.95400869483893	8	movie10	05	009	bourne10	
subcortex_THA	23.46586943618624	14	movie10	05	009	bourne10	
cerebellum	24.7134718311901	88	movie10	05	010	figures01	2
cortex_Cont	35.326731968474206	128	movie10	05	010	figures01	2
cortex_Default	34.14864018235863	209	movie10	05	010	figures01	2
cortex_DorsAttn	38.670285891076084	122	movie10	05	010	figures01	2
cortex_Limbic	18.199552154910045	60	movie10	05	010	figures01	2
cortex_SalVentAttn	33.79236213455408	121	movie10	05	010	figures01	2
cortex_SomMot	33.722554371416386	194	movie10	05	010	figures01	2
cortex_Vis	32.83320540018473	162	movie10	05	010	figures01	2
subcortex_CAU	24.69489283025369	8	movie10	05	010	figures01	2
subcortex_PUT	23.84549812533785	8	movie10	05	010	figures01	2
subcortex_THA	23.95950833602959	14	movie10	05	010	figures01	2
cerebellum	25.699881518174323	88	movie10	05	010	figures02	2
cortex_Cont	35.650505754600836	128	movie10	05	010	figures02	2
cortex_Default	34.768771912663226	209	movie10	05	010	figures02	2
cortex_DorsAttn	37.174771134083436	122	movie10	05	010	figures02	2
cortex_Limbic	20.27927506319738	60	movie10	05	010	figures02	2
cortex_SalVentAttn	34.86844152160695	121	movie10	05	010	figures02	2
cortex_SomMot	33.75318429741512	194	movie10	05	010	figures02	2
cortex_Vis	31.984275696377065	162	movie10	05	010	figures02	2
subcortex_CAU	25.173211860042223	8	movie10	05	010	figures02	2
subcortex_PUT	24.33603512596007	8	movie10	05	010	figures02	2
subcortex_THA	25.29062417133355	14	movie10	05	010	figures02	2
cerebellum	27.775350398066504	88	movie10	05	010	figures03	2
cortex_Cont	38.83710005763802	128	movie10	05	010	figures03	2
cortex_Default	36.1384483869981	209	movie10	05	010	figures03	2
cortex_DorsAttn	39.72880043634947	122	movie10	05	010	figures03	2
cortex_Limbic	21.855201765516266	60	movie10	05	010	figures03	2
cortex_SalVentAttn	36.95691417016731	121	movie10	05	010	figures03	2
cortex_SomMot	35.0373600454256	194	movie10	05	010	figures03	2
cortex_Vis	32.03313189195075	162	movie10	05	010	figures03	2
subcortex_CAU	26.24210404258981	8	movie10	05	010	figures03	2
subcortex_PUT	24.18736177781563	8	movie10	05	010	figures03	2
subcortex_THA	25.263804451137133	14	movie10	05	010	figures03	2
cerebellum	22.971253700444247	88	movie10	05	010	figures04	2
cortex_Cont	30.60751903092348	128	movie10	05	010	figures04	2
cortex_Default	29.241103447421857	209	movie10	05	010	figures04	2
cortex_DorsAttn	32.70048867298563	122	movie10	05	010	figures04	2
cortex_Limbic	17.76240509003979	60	movie10	05	010	figures04	2
cortex_SalVentAttn	29.8458273027609	121	movie10	05	010	figures04	2
cortex_SomMot	28.158674807288453	194	movie10	05	010	figures04	2
cortex_Vis	26.92392899407065	162	movie10	05	010	figures04	2
subcortex_CAU	22.21983589510745	8	movie10	05	010	figures04	2
subcortex_PUT	21.810660882067314	8	movie10	05	010	figures04	2
subcortex_THA	22.890352447848098	14	movie10	05	010	figures04	2
cerebellum	26.4651917713461	88	movie10	05	010	figures05	2
cortex_Cont	34.66726600398007	128	movie10	05	010	figures05	2
cortex_Default	33.3556357271638	209	movie10	05	010	figures05	2
cortex_DorsAttn	38.78244290478044	122	movie10	05	010	figures05	2
cortex_Limbic	18.274467913855535	60	movie10	05	010	figures05	2
cortex_SalVentAttn	33.5988140243956	121	movie10	05	010	figures05	2
cortex_SomMot	33.20277902166376	194	movie10	05	010	figures05	2
cortex_Vis	31.97499326651436	162	movie10	05	010	figures05	2
subcortex_CAU	23.867411512381285	8	movie10	05	010	figures05	2
subcortex_PUT	22.772200384593113	8	movie10	05	010	figures05	2
subcortex_THA	24.045917672882748	14	movie10	05	010	figures05	2
cerebellum	24.163248056738542	88	movie10	05	010	figures06	2
cortex_Cont	32.32215397575309	128	movie10	05	010	figures06	2
cortex_Default	31.346701226999006	209	movie10	05	010	figures06	2
cortex_DorsAttn	34.523138365926	122	movie10	05	010	figures06	2
cortex_Limbic	19.26062896535597	60	movie10	05	010	figures06	2
cortex_SalVentAttn	31.626189387659718	121	movie10	05	010	figures06	2
cortex_SomMot	30.169652846013967	194	movie10	05	010	figures06	2
cortex_Vis	29.601350006403827	162	movie10	05	010	figures06	2
subcortex_CAU	24.064584835238527	8	movie10	05	010	figures06	2
subcortex_PUT	23.210272962916743	8	movie10	05	010	figures06	2
subcortex_THA	23.20545736404078	14	movie10	05	010	figures06	2
cerebellum	26.41742408470293	88	movie10	05	010	figures07	2
cortex_Cont	33.49008438178951	128	movie10	05	010	figures07	2
cortex_Default	32.604852970197506	209	movie10	05	010	figures07	2
cortex_DorsAttn	37.885649595254726	122	movie10	05	010	figures07	2
cortex_Limbic	17.60619817802144	60	movie10	05	010	figures07	2
cortex_SalVentAttn	32.3503497049686	121	movie10	05	010	figures07	2
cortex_SomMot	32.21349334080894	194	movie10	05	010	figures07	2
cortex_Vis	30.97621041925949	162	movie10	05	010	figures07	2
subcortex_CAU	23.69694322757879	8	movie10	05	010	figures07	2
subcortex_PUT	22.658670753937656	8	movie10	05	010	figures07	2
subcortex_THA	24.089547586891403	14	movie10	05	010	figures07	2
cerebellum	27.846030526221636	88	movie10	05	010	figures08	2
cortex_Cont	35.03465940506552	128	movie10	05	010	figures08	2
cortex_Default	33.50208646185638	209	movie10	05	010	figures08	2
cortex_DorsAttn	38.528912899373566	122	movie10	05	010	figures08	2
cortex_Limbic	19.483096764474155	60	movie10	05	010	figures08	2
cortex_SalVentAttn	33.608847237684735	121	movie10	05	010	figures08	2
cortex_SomMot	32.376122302578786	194	movie10	05	010	figures08	2
cortex_Vis	33.76002559516493	162	movie10	05	010	figures08	2
subcortex_CAU	24.39034604946923	8	movie10	05	010	figures08	2
subcortex_PUT	22.8990859380244	8	movie10	05	010	figures08	2
subcortex_THA	24.615677957084813	14	movie10	05	010	figures08	2
cerebellum	28.316112816296048	88	movie10	05	010	figures09	2
cortex_Cont	38.33614321141996	128	movie10	05	010	figures09	2
cortex_Default	36.059400248745305	209	movie10	05	010	figures09	2
cortex_DorsAttn	41.53926035826216	122	movie10	05	010	figures09	2
cortex_Limbic	20.396795682694524	60	movie10	05	010	figures09	2
cortex_SalVentAttn	36.17394624211621	121	movie10	05	010	figures09	2
cortex_SomMot	37.00888262921594	194	movie10	05	010	figures09	2
cortex_Vis	34.03366888124484	162	movie10	05	010	figures09	2
subcortex_CAU	25.95533829823534	8	movie10	05	010	figures09	2
subcortex_PUT	23.663182775471405	8	movie10	05	010	figures09	2
subcortex_THA	25.021042963467284	14	movie10	05	010	figures09	2
cerebellum	29.628284703614497	88	movie10	05	010	figures10	2
cortex_Cont	40.41707698189247	128	movie10	05	010	figures10	2
cortex_Default	38.226658253003436	209	movie10	05	010	figures10	2
cortex_DorsAttn	44.02516109839093	122	movie10	05	010	figures10	2
cortex_Limbic	21.45790191280139	60	movie10	05	010	figures10	2
cortex_SalVentAttn	38.000464746095425	121	movie10	05	010	figures10	2
cortex_SomMot	39.803273240714475	194	movie10	05	010	figures10	2
cortex_Vis	35.58569056769879	162	movie10	05	010	figures10	2
subcortex_CAU	27.752172852392185	8	movie10	05	010	figures10	2
subcortex_PUT	24.46256091316344	8	movie10	05	010	figures10	2
subcortex_THA	25.622258731712517	14	movie10	05	010	figures10	2
cerebellum	27.920533478575724	88	movie10	05	010	figures11	2
cortex_Cont	37.81725301436265	128	movie10	05	010	figures11	2
cortex_Default	35.81386733915392	209	movie10	05	010	figures11	2
cortex_DorsAttn	40.16306612573973	122	movie10	05	010	figures11	2
cortex_Limbic	21.219013960615484	60	movie10	05	010	figures11	2
cortex_SalVentAttn	36.050437933730244	121	movie10	05	010	figures11	2
cortex_SomMot	35.702305288319096	194	movie10	05	010	figures11	2
cortex_Vis	33.390292912698094	162	movie10	05	010	figures11	2
subcortex_CAU	26.03076824283234	8	movie10	05	010	figures11	2
subcortex_PUT	23.54449046013944	8	movie10	05	010	figures11	2
subcortex_THA	25.04861596607125	14	movie10	05	010	figures11	2
cerebellum	29.916532009043916	88	movie10	05	010	figures12	2
cortex_Cont	36.47057794069412	128	movie10	05	010	figures12	2
cortex_Default	35.516533674260195	209	movie10	05	010	figures12	2
cortex_DorsAttn	42.15642905378908	122	movie10	05	010	figures12	2
cortex_Limbic	19.544912436122694	60	movie10	05	010	figures12	2
cortex_SalVentAttn	34.62753710121922	121	movie10	05	010	figures12	2
cortex_SomMot	34.75610581579706	194	movie10	05	010	figures12	2
cortex_Vis	36.59976511835795	162	movie10	05	010	figures12	2
subcortex_CAU	24.940035333388593	8	movie10	05	010	figures12	2
subcortex_PUT	22.656635480299055	8	movie10	05	010	figures12	2
subcortex_THA	24.962913080834085	14	movie10	05	010	figures12	2
cerebellum	33.80705863681216	88	movie10	06	001	life01	1
cortex_Cont	39.22314172100667	128	movie10	06	001	life01	1
cortex_Default	37.842061369563	209	movie10	06	001	life01	1
cortex_DorsAttn	42.009304891101166	122	movie10	06	001	life01	1
cortex_Limbic	20.683882006615775	60	movie10	06	001	life01	1
cortex_SalVentAttn	38.50223913015582	121	movie10	06	001	life01	1
cortex_SomMot	38.199272514076156	194	movie10	06	001	life01	1
cortex_Vis	34.468043888037585	162	movie10	06	001	life01	1
subcortex_CAU	28.490413439135047	8	movie10	06	001	life01	1
subcortex_PUT	29.32453631656016	8	movie10	06	001	life01	1
subcortex_THA	27.816756109424347	14	movie10	06	001	life01	1
cerebellum	33.3412194822852	88	movie10	06	001	life02	1
cortex_Cont	37.99716776293696	128	movie10	06	001	life02	1
cortex_Default	37.06076049051412	209	movie10	06	001	life02	1
cortex_DorsAttn	41.28108682118191	122	movie10	06	001	life02	1
cortex_Limbic	20.118017513593898	60	movie10	06	001	life02	1
cortex_SalVentAttn	38.07690076451399	121	movie10	06	001	life02	1
cortex_SomMot	36.96094081390134	194	movie10	06	001	life02	1
cortex_Vis	33.98792298886877	162	movie10	06	001	life02	1
subcortex_CAU	28.487636092587223	8	movie10	06	001	life02	1
subcortex_PUT	29.03621733558144	8	movie10	06	001	life02	1
subcortex_THA	27.67253709150119	14	movie10	06	001	life02	1
cerebellum	25.60763898733842	88	movie10	06	001	life03	1
cortex_Cont	31.834301586454878	128	movie10	06	001	life03	1
cortex_Default	31.524610613727948	209	movie10	06	001	life03	1
cortex_DorsAttn	32.43809476636382	122	movie10	06	001	life03	1
cortex_Limbic	17.007536367747907	60	movie10	06	001	life03	1
cortex_SalVentAttn	33.00593984753507	121	movie10	06	001	life03	1
cortex_SomMot	30.17435550677518	194	movie10	06	001	life03	1
cortex_Vis	26.251040338939035	162	movie10	06	001	life03	1
subcortex_CAU	26.152114499418154	8	movie10	06	001	life03	1
subcortex_PUT	27.775646599661922	8	movie10	06	001	life03	1
subcortex_THA	26.491866965410253	14	movie10	06	001	life03	1
cerebellum	26.35876070201388	88	movie10	06	001	life04	1
cortex_Cont	33.06290946524135	128	movie10	06	001	life04	1
cortex_Default	32.51796057413816	209	movie10	06	001	life04	1
cortex_DorsAttn	34.492357681073486	122	movie10	06	001	life04	1
cortex_Limbic	18.084382616590247	60	movie10	06	001	life04	1
cortex_SalVentAttn	34.04792759058154	121	movie10	06	001	life04	1
cortex_SomMot	32.73721067388045	194	movie10	06	001	life04	1
cortex_Vis	26.895402904620493	162	movie10	06	001	life04	1
subcortex_CAU	26.72881428436713	8	movie10	06	001	life04	1
subcortex_PUT	27.618892933688002	8	movie10	06	001	life04	1
subcortex_THA	26.86784931424346	14	movie10	06	001	life04	1
cerebellum	26.773302923126593	88	movie10	06	001	life05	1
cortex_Cont	34.26437018608914	128	movie10	06	001	life05	1
cortex_Default	33.27140622891924	209	movie10	06	001	life05	1
cortex_DorsAttn	32.96022923515364	122	movie10	06	001	life05	1
cortex_Limbic	18.690869334986488	60	movie10	06	001	life05	1
cortex_SalVentAttn	34.670381792035585	121	movie10	06	001	life05	1
cortex_SomMot	31.45077139791996	194	movie10	06	001	life05	1
cortex_Vis	25.814188170605362	162	movie10	06	001	life05	1
subcortex_CAU	28.822921824555454	8	movie10	06	001	life05	1
subcortex_PUT	28.43217128015279	8	movie10	06	001	life05	1
subcortex_THA	26.594666888787682	14	movie10	06	001	life05	1
cerebellum	30.674838203843844	88	movie10	06	002	figures01	1
cortex_Cont	43.3383437168323	128	movie10	06	002	figures01	1
cortex_Default	40.00346964763839	209	movie10	06	002	figures01	1
cortex_DorsAttn	44.077008227845695	122	movie10	06	002	figures01	1
cortex_Limbic	21.37768654664583	60	movie10	06	002	figures01	1
cortex_SalVentAttn	41.21714649644048	121	movie10	06	002	figures01	1
cortex_SomMot	43.08668035143686	194	movie10	06	002	figures01	1
cortex_Vis	31.757847375726328	162	movie10	06	002	figures01	1
subcortex_CAU	30.462962990707116	8	movie10	06	002	figures01	1
subcortex_PUT	29.195816434274604	8	movie10	06	002	figures01	1
subcortex_THA	28.551650132366255	14	movie10	06	002	figures01	1
cerebellum	30.42957201550438	88	movie10	06	002	figures02	1
cortex_Cont	42.164709733039636	128	movie10	06	002	figures02	1
cortex_Default	39.14931325895047	209	movie10	06	002	figures02	1
cortex_DorsAttn	40.7901896126548	122	movie10	06	002	figures02	1
cortex_Limbic	21.456426912846858	60	movie10	06	002	figures02	1
cortex_SalVentAttn	40.57215024944422	121	movie10	06	002	figures02	1
cortex_SomMot	39.559322974653185	194	movie10	06	002	figures02	1
cortex_Vis	30.30436930676785	162	movie10	06	002	figures02	1
subcortex_CAU	30.418333241984804	8	movie10	06	002	figures02	1
subcortex_PUT	29.276386571635122	8	movie10	06	002	figures02	1
subcortex_THA	28.88349904666049	14	movie10	06	002	figures02	1
cerebellum	29.101457763367378	88	movie10	06	002	figures03	1
cortex_Cont	39.35107720427278	128	movie10	06	002	figures03	1
cortex_Default	36.962005141063585	209	movie10	06	002	figures03	1
cortex_DorsAttn	37.846880361290545	122	movie10	06	002	figures03	1
cortex_Limbic	20.483545213826794	60	movie10	06	002	figures03	1
cortex_SalVentAttn	39.20797363430557	121	movie10	06	002	figures03	1
cortex_SomMot	36.80460247683224	194	movie10	06	002	figures03	1
cortex_Vis	28.740621181949958	162	movie10	06	002	figures03	1
subcortex_CAU	30.7812874891939	8	movie10	06	002	figures03	1
subcortex_PUT	28.99914826870111	8	movie10	06	002	figures03	1
subcortex_THA	28.75852528769307	14	movie10	06	002	figures03	1
cerebellum	34.0230597178505	88	movie10	06	002	figures04	1
cortex_Cont	40.541022260352094	128	movie10	06	002	figures04	1
cortex_Default	38.59147267051981	209	movie10	06	002	figures04	1
cortex_DorsAttn	42.460719303781275	122	movie10	06	002	figures04	1
cortex_Limbic	20.47126730368499	60	movie10	06	002	figures04	1
cortex_SalVentAttn	39.67758589024031	121	movie10	06	002	figures04	1
cortex_SomMot	38.75657861835776	194	movie10	06	002	figures04	1
cortex_Vis	34.17967411777643	162	movie10	06	002	figures04	1
subcortex_CAU	31.72784588108672	8	movie10	06	002	figures04	1
subcortex_PUT	29.107664168012665	8	movie10	06	002	figures04	1
subcortex_THA	28.82082643012352	14	movie10	06	002	figures04	1
cerebellum	27.98730825679023	88	movie10	06	002	figures05	1
cortex_Cont	36.32143794673821	128	movie10	06	002	figures05	1
cortex_Default	34.98517165296393	209	movie10	06	002	figures05	1
cortex_DorsAttn	36.09543381363247	122	movie10	06	002	figures05	1
cortex_Limbic	19.176828208917538	60	movie10	06	002	figures05	1
cortex_SalVentAttn	36.929723328425155	121	movie10	06	002	figures05	1
cortex_SomMot	34.64086516461335	194	movie10	06	002	figures05	1
cortex_Vis	27.571566207389502	162	movie10	06	002	figures05	1
subcortex_CAU	30.817327266870777	8	movie10	06	002	figures05	1
subcortex_PUT	28.869557075443193	8	movie10	06	002	figures05	1
subcortex_THA	28.252840833849678	14	movie10	06	002	figures05	1
cerebellum	26.22331596987721	88	movie10	06	002	figures06	1
cortex_Cont	34.69291065124863	128	movie10	06	002	figures06	1
cortex_Default	32.86101932682843	209	movie10	06	002	figures06	1
cortex_DorsAttn	35.611575653280966	122	movie10	06	002	figures06	1
cortex_Limbic	17.296213466993652	60	movie10	06	002	figures06	1
cortex_SalVentAttn	35.255205162331436	121	movie10	06	002	figures06	1
cortex_SomMot	34.74660816627735	194	movie10	06	002	figures06	1
cortex_Vis	25.990413277173655	162	movie10	06	002	figures06	1
subcortex_CAU	28.058718791136755	8	movie10	06	002	figures06	1
subcortex_PUT	27.658609396532423	8	movie10	06	002	figures06	1
subcortex_THA	26.363689367446398	14	movie10	06	002	figures06	1
cerebellum	33.371445791921225	88	movie10	06	003	figures07	1
cortex_Cont	40.6225622869833	128	movie10	06	003	figures07	1
cortex_Default	38.44229310749159	209	movie10	06	003	figures07	1
cortex_DorsAttn	43.25459121207831	122	movie10	06	003	figures07	1
cortex_Limbic	19.807750752061345	60	movie10	06	003	figures07	1
cortex_SalVentAttn	39.5519340395047	121	movie10	06	003	figures07	1
cortex_SomMot	40.24848069449784	194	movie10	06	003	figures07	1
cortex_Vis	33.719263254682794	162	movie10	06	003	figures07	1
subcortex_CAU	28.993496658104604	8	movie10	06	003	figures07	1
subcortex_PUT	29.098806478307594	8	movie10	06	003	figures07	1
subcortex_THA	27.912666612785227	14	movie10	06	003	figures07	1
cerebellum	35.70040015547232	88	movie10	06	003	figures08	1
cortex_Cont	42.88879831448209	128	movie10	06	003	figures08	1
cortex_Default	40.324063103418055	209	movie10	06	003	figures08	1
cortex_DorsAttn	45.963268899964774	122	movie10	06	003	figures08	1
cortex_Limbic	21.78378687868741	60	movie10	06	003	figures08	1
cortex_SalVentAttn	41.61862107124571	121	movie10	06	003	figures08	1
cortex_SomMot	41.658702527972906	194	movie10	06	003	figures08	1
cortex_Vis	36.75046870063428	162	movie10	06	003	figures08	1
subcortex_CAU	29.618987219910437	8	movie10	06	003	figures08	1
subcortex_PUT	29.613304114408802	8	movie10	06	003	figures08	1
subcortex_THA	28.8281769422018	14	movie10	06	003	figures08	1
cerebellum	32.1238939198994	88	movie10	06	003	figures09	1
cortex_Cont	41.316650451907	128	movie10	06	003	figures09	1
cortex_Default	39.05293929672916	209	movie10	06	003	figures09	1
cortex_DorsAttn	40.94091923739834	122	movie10	06	003	figures09	1
cortex_Limbic	21.791966002804767	60	movie10	06	003	figures09	1
cortex_SalVentAttn	40.742786627766954	121	movie10	06	003	figures09	1
cortex_SomMot	39.022819298378806	194	movie10	06	003	figures09	1
cortex_Vis	32.0955783051932	162	movie10	06	003	figures09	1
subcortex_CAU	31.651150273065166	8	movie10	06	003	figures09	1
subcortex_PUT	29.855120200158424	8	movie10	06	003	figures09	1
subcortex_THA	29.07898425748405	14	movie10	06	003	figures09	1
cerebellum	31.922628714943553	88	movie10	06	003	figures10	1
cortex_Cont	38.418758363931545	128	movie10	06	003	figures10	1
cortex_Default	36.914753132349375	209	movie10	06	003	figures10	1
cortex_DorsAttn	39.87541614639055	122	movie10	06	003	figures10	1
cortex_Limbic	20.371925317983663	60	movie10	06	003	figures10	1
cortex_SalVentAttn	38.448614914280036	121	movie10	06	003	figures10	1
cortex_SomMot	36.59373669149073	194	movie10	06	003	figures10	1
cortex_Vis	31.96061567149219	162	movie10	06	003	figures10	1
subcortex_CAU	30.21651127179618	8	movie10	06	003	figures10	1
subcortex_PUT	29.106649490243957	8	movie10	06	003	figures10	1
subcortex_THA	28.56785182263537	14	movie10	06	003	figures10	1
cerebellum	32.54179626577563	88	movie10	06	003	figures11	1
cortex_Cont	40.57997539909012	128	movie10	06	003	figures11	1
cortex_Default	38.760756280207424	209	movie10	06	003	figures11	1
cortex_DorsAttn	41.524979937829634	122	movie10	06	003	figures11	1
cortex_Limbic	21.18759349277321	60	movie10	06	003	figures11	1
cortex_SalVentAttn	39.47853724843483	121	movie10	06	003	figures11	1
cortex_SomMot	39.12262734572889	194	movie10	06	003	figures11	1
cortex_Vis	32.30573017498969	162	movie10	06	003	figures11	1
subcortex_CAU	30.325014564137962	8	movie10	06	003	figures11	1
subcortex_PUT	29.19831228649407	8	movie10	06	003	figures11	1
subcortex_THA	28.76128372378251	14	movie10	06	003	figures11	1
cerebellum	30.97174509368749	88	movie10	06	003	figures12	1
cortex_Cont	39.67511212997208	128	movie10	06	003	figures12	1
cortex_Default	37.52053998041682	209	movie10	06	003	figures12	1
cortex_DorsAttn	40.976809814977166	122	movie10	06	003	figures12	1
cortex_Limbic	19.746569387008773	60	movie10	06	003	figures12	1
cortex_SalVentAttn	39.11744158346834	121	movie10	06	003	figures12	1
cortex_SomMot	38.913317017403294	194	movie10	06	003	figures12	1
cortex_Vis	31.440195914018773	162	movie10	06	003	figures12	1
subcortex_CAU	27.86900611299624	8	movie10	06	003	figures12	1
subcortex_PUT	27.572587465687384	8	movie10	06	003	figures12	1
subcortex_THA	27.50348208363307	14	movie10	06	003	figures12	1
cerebellum	29.443881388843543	88	movie10	06	004	life01	2
cortex_Cont	41.369271631820695	128	movie10	06	004	life01	2
cortex_Default	38.74517065320353	209	movie10	06	004	life01	2
cortex_DorsAttn	41.260375557685684	122	movie10	06	004	life01	2
cortex_Limbic	21.051687739044155	60	movie10	06	004	life01	2
cortex_SalVentAttn	41.193203683460226	121	movie10	06	004	life01	2
cortex_SomMot	41.831967770740455	194	movie10	06	004	life01	2
cortex_Vis	30.073867791044297	162	movie10	06	004	life01	2
subcortex_CAU	30.952628051588242	8	movie10	06	004	life01	2
subcortex_PUT	29.755475372517726	8	movie10	06	004	life01	2
subcortex_THA	28.318647282638402	14	movie10	06	004	life01	2
cerebellum	28.471037162467553	88	movie10	06	004	life02	2
cortex_Cont	35.29729280384683	128	movie10	06	004	life02	2
cortex_Default	34.731283690262174	209	movie10	06	004	life02	2
cortex_DorsAttn	37.6902331657885	122	movie10	06	004	life02	2
cortex_Limbic	19.2261535328094	60	movie10	06	004	life02	2
cortex_SalVentAttn	36.85607899985765	121	movie10	06	004	life02	2
cortex_SomMot	36.16536078672642	194	movie10	06	004	life02	2
cortex_Vis	28.0044538868991	162	movie10	06	004	life02	2
subcortex_CAU	28.788715907707058	8	movie10	06	004	life02	2
subcortex_PUT	28.973099548054638	8	movie10	06	004	life02	2
subcortex_THA	27.416741765710377	14	movie10	06	004	life02	2
cerebellum	28.149651461676637	88	movie10	06	005	bourne01	
cortex_Cont	35.478812347479604	128	movie10	06	005	bourne01	
cortex_Default	33.92051287774137	209	movie10	06	005	bourne01	
cortex_DorsAttn	38.4531030411086	122	movie10	06	005	bourne01	
cortex_Limbic	16.134862198475535	60	movie10	06	005	bourne01	
cortex_SalVentAttn	36.69321622681871	121	movie10	06	005	bourne01	
cortex_SomMot	36.06182455008804	194	movie10	06	005	bourne01	
cortex_Vis	28.207926784706604	162	movie10	06	005	bourne01	
subcortex_CAU	27.89050405815148	8	movie10	06	005	bourne01	
subcortex_PUT	28.035280851784748	8	movie10	06	005	bourne01	
subcortex_THA	26.48701978711669	14	movie10	06	005	bourne01	
cerebellum	28.772704030431022	88	movie10	06	005	bourne02	
cortex_Cont	34.51994159349309	128	movie10	06	005	bourne02	
cortex_Default	33.38933086560973	209	movie10	06	005	bourne02	
cortex_DorsAttn	37.34076242225518	122	movie10	06	005	bourne02	
cortex_Limbic	16.406889599489947	60	movie10	06	005	bourne02	
cortex_SalVentAttn	34.909295711978196	121	movie10	06	005	bourne02	
cortex_SomMot	34.354047350106526	194	movie10	06	005	bourne02	
cortex_Vis	29.60004593539744	162	movie10	06	005	bourne02	
subcortex_CAU	27.41924204376311	8	movie10	06	005	bourne02	
subcortex_PUT	27.78899603480767	8	movie10	06	005	bourne02	
subcortex_THA	26.17565704463167	14	movie10	06	005	bourne02	
cerebellum	26.72573996023118	88	movie10	06	005	bourne03	
cortex_Cont	30.998128172211363	128	movie10	06	005	bourne03	
cortex_Default	30.666269725326195	209	movie10	06	005	bourne03	
cortex_DorsAttn	32.623448884394946	122	movie10	06	005	bourne03	
cortex_Limbic	15.232652520540883	60	movie10	06	005	bourne03	
cortex_SalVentAttn	32.93775855431524	121	movie10	06	005	bourne03	
cortex_SomMot	30.87294980046142	194	movie10	06	005	bourne03	
cortex_Vis	26.675324627154264	162	movie10	06	005	bourne03	
subcortex_CAU	26.56052312208764	8	movie10	06	005	bourne03	
subcortex_PUT	27.454037916470003	8	movie10	06	005	bourne03	
subcortex_THA	25.837584337685097	14	movie10	06	005	bourne03	
cerebellum	29.15909613209304	88	movie10	06	005	bourne04	
cortex_Cont	35.11679480738001	128	movie10	06	005	bourne04	
cortex_Default	33.517227749414694	209	movie10	06	005	bourne04	
cortex_DorsAttn	38.582804318726375	122	movie10	06	005	bourne04	
cortex_Limbic	15.830406566181503	60	movie10	06	005	bourne04	
cortex_SalVentAttn	35.29524080605274	121	movie10	06	005	bourne04	
cortex_SomMot	34.69133529681061	194	movie10	06	005	bourne04	
cortex_Vis	30.783814837468373	162	movie10	06	005	bourne04	
subcortex_CAU	27.811471067424648	8	movie10	06	005	bourne04	
subcortex_PUT	27.79848882545801	8	movie10	06	005	bourne04	
subcortex_THA	26.568631496707983	14	movie10	06	005	bourne04	
cerebellum	31.593530223769623	88	movie10	06	005	bourne05	
cortex_Cont	36.43111086325666	128	movie10	06	005	bourne05	
cortex_Default	34.974608187411775	209	movie10	06	005	bourne05	
cortex_DorsAttn	39.023677302104325	122	movie10	06	005	bourne05	
cortex_Limbic	16.525165085906142	60	movie10	06	005	bourne05	
cortex_SalVentAttn	36.75413724662788	121	movie10	06	005	bourne05	
cortex_SomMot	36.33931020838853	194	movie10	06	005	bourne05	
cortex_Vis	31.686461882676955	162	movie10	06	005	bourne05	
subcortex_CAU	28.31772616569213	8	movie10	06	005	bourne05	
subcortex_PUT	28.39718455220751	8	movie10	06	005	bourne05	
subcortex_THA	26.940193410403456	14	movie10	06	005	bourne05	
cerebellum	30.227871917694983	88	movie10	06	005	life03	2
cortex_Cont	40.427042052922296	128	movie10	06	005	life03	2
cortex_Default	38.06348453353634	209	movie10	06	005	life03	2
cortex_DorsAttn	41.82872680585351	122	movie10	06	005	life03	2
cortex_Limbic	20.596738007152226	60	movie10	06	005	life03	2
cortex_SalVentAttn	39.279610819323686	121	movie10	06	005	life03	2
cortex_SomMot	39.15011648303157	194	movie10	06	005	life03	2
cortex_Vis	31.589196552510945	162	movie10	06	005	life03	2
subcortex_CAU	29.4167606647513	8	movie10	06	005	life03	2
subcortex_PUT	29.542316206417006	8	movie10	06	005	life03	2
subcortex_THA	28.879931637178878	14	movie10	06	005	life03	2
cerebellum	30.62295899376465	88	movie10	06	005	life04	2
cortex_Cont	39.95132567294002	128	movie10	06	005	life04	2
cortex_Default	37.72320975431913	209	movie10	06	005	life04	2
cortex_DorsAttn	41.615563985549585	122	movie10	06	005	life04	2
cortex_Limbic	20.74952196560839	60	movie10	06	005	life04	2
cortex_SalVentAttn	39.6076548605235	121	movie10	06	005	life04	2
cortex_SomMot	38.59742721131297	194	movie10	06	005	life04	2
cortex_Vis	31.88949249875526	162	movie10	06	005	life04	2
subcortex_CAU	28.727911308426204	8	movie10	06	005	life04	2
subcortex_PUT	28.764677465139233	8	movie10	06	005	life04	2
subcortex_THA	28.51157381621322	14	movie10	06	005	life04	2
cerebellum	27.97764666633896	88	movie10	06	005	life05	2
cortex_Cont	37.90723397262984	128	movie10	06	005	life05	2
cortex_Default	36.00949541108186	209	movie10	06	005	life05	2
cortex_DorsAttn	37.16638257085824	122	movie10	06	005	life05	2
cortex_Limbic	19.748946026512623	60	movie10	06	005	life05	2
cortex_SalVentAttn	37.626537649992386	121	movie10	06	005	life05	2
cortex_SomMot	35.78460163900489	194	movie10	06	005	life05	2
cortex_Vis	27.90407132533001	162	movie10	06	005	life05	2
subcortex_CAU	28.377640834168226	8	movie10	06	005	life05	2
subcortex_PUT	28.22760940440227	8	movie10	06	005	life05	2
subcortex_THA	27.1788795882426	14	movie10	06	005	life05	2
cerebellum	29.749315612358206	88	movie10	06	006	bourne06	
cortex_Cont	39.15442292263318	128	movie10	06	006	bourne06	
cortex_Default	36.744427467584515	209	movie10	06	006	bourne06	
cortex_DorsAttn	41.18067630836376	122	movie10	06	006	bourne06	
cortex_Limbic	17.540275067422794	60	movie10	06	006	bourne06	
cortex_SalVentAttn	39.073176304965266	121	movie10	06	006	bourne06	
cortex_SomMot	40.12191387824774	194	movie10	06	006	bourne06	
cortex_Vis	31.013279622806287	162	movie10	06	006	bourne06	
subcortex_CAU	28.48832765710681	8	movie10	06	006	bourne06	
subcortex_PUT	29.134420769593653	8	movie10	06	006	bourne06	
subcortex_THA	27.83106175080139	14	movie10	06	006	bourne06	
cerebellum	30.697509801817997	88	movie10	06	006	bourne07	
cortex_Cont	40.93122983923161	128	movie10	06	006	bourne07	
cortex_Default	39.13507159918065	209	movie10	06	006	bourne07	
cortex_DorsAttn	41.38715138802948	122	movie10	06	006	bourne07	
cortex_Limbic	18.868532929702557	60	movie10	06	006	bourne07	
cortex_SalVentAttn	40.347573215348326	121	movie10	06	006	bourne07	
cortex_SomMot	40.81590109674571	194	movie10	06	006	bourne07	
cortex_Vis	31.413460900268614	162	movie10	06	006	bourne07	
subcortex_CAU	29.5641188958419	8	movie10	06	006	bourne07	
subcortex_PUT	29.587099183805798	8	movie10	06	006	bourne07	
subcortex_THA	28.017551180233802	14	movie10	06	006	bourne07	
cerebellum	30.209753386030982	88	movie10	06	006	bourne08	
cortex_Cont	37.51379658455224	128	movie10	06	006	bourne08	
cortex_Default	36.278266840350426	209	movie10	06	006	bourne08	
cortex_DorsAttn	39.02921984588751	122	movie10	06	006	bourne08	
cortex_Limbic	18.51927886312846	60	movie10	06	006	bourne08	
cortex_SalVentAttn	38.22288070029143	121	movie10	06	006	bourne08	
cortex_SomMot	37.15966075585784	194	movie10	06	006	bourne08	
cortex_Vis	30.79155422891193	162	movie10	06	006	bourne08	
subcortex_CAU	28.730246634509005	8	movie10	06	006	bourne08	
subcortex_PUT	29.226801215116062	8	movie10	06	006	bourne08	
subcortex_THA	27.91915396713605	14	movie10	06	006	bourne08	
cerebellum	27.385906743410956	88	movie10	06	006	bourne09	
cortex_Cont	34.75045020161653	128	movie10	06	006	bourne09	
cortex_Default	33.774842124609755	209	movie10	06	006	bourne09	
cortex_DorsAttn	36.31191777055288	122	movie10	06	006	bourne09	
cortex_Limbic	16.78895724335103	60	movie10	06	006	bourne09	
cortex_SalVentAttn	36.3530230237902	121	movie10	06	006	bourne09	
cortex_SomMot	35.68368951431504	194	movie10	06	006	bourne09	
cortex_Vis	27.38639699133571	162	movie10	06	006	bourne09	
subcortex_CAU	27.95340589642667	8	movie10	06	006	bourne09	
subcortex_PUT	28.69688590078524	8	movie10	06	006	bourne09	
subcortex_THA	26.916062930146843	14	movie10	06	006	bourne09	
cerebellum	28.44751778939465	88	movie10	06	006	bourne10	
cortex_Cont	34.99669640822768	128	movie10	06	006	bourne10	
cortex_Default	33.42291378298687	209	movie10	06	006	bourne10	
cortex_DorsAttn	35.78399669874232	122	movie10	06	006	bourne10	
cortex_Limbic	16.786538546721587	60	movie10	06	006	bourne10	
cortex_SalVentAttn	34.73113071405324	121	movie10	06	006	bourne10	
cortex_SomMot	32.6966375374386	194	movie10	06	006	bourne10	
cortex_Vis	27.659156979282052	162	movie10	06	006	bourne10	
subcortex_CAU	27.413307257873523	8	movie10	06	006	bourne10	
subcortex_PUT	28.253898938408547	8	movie10	06	006	bourne10	
subcortex_THA	26.032363386154735	14	movie10	06	006	bourne10	
cerebellum	26.028342782817678	88	movie10	06	006	figures01	2
cortex_Cont	33.05071084126167	128	movie10	06	006	figures01	2
cortex_Default	31.839072913400223	209	movie10	06	006	figures01	2
cortex_DorsAttn	33.57916122300246	122	movie10	06	006	figures01	2
cortex_Limbic	18.207984031767214	60	movie10	06	006	figures01	2
cortex_SalVentAttn	35.03879505573052	121	movie10	06	006	figures01	2
cortex_SomMot	32.98167713348757	194	movie10	06	006	figures01	2
cortex_Vis	26.097233302897823	162	movie10	06	006	figures01	2
subcortex_CAU	28.026693208076345	8	movie10	06	006	figures01	2
subcortex_PUT	28.508815688787287	8	movie10	06	006	figures01	2
subcortex_THA	27.759005800190828	14	movie10	06	006	figures01	2
cerebellum	31.229111018326492	88	movie10	06	006	figures02	2
cortex_Cont	37.291215620201946	128	movie10	06	006	figures02	2
cortex_Default	36.03275749530111	209	movie10	06	006	figures02	2
cortex_DorsAttn	40.752883736254745	122	movie10	06	006	figures02	2
cortex_Limbic	20.675097926210068	60	movie10	06	006	figures02	2
cortex_SalVentAttn	37.35097130922067	121	movie10	06	006	figures02	2
cortex_SomMot	36.803272193503595	194	movie10	06	006	figures02	2
cortex_Vis	32.222369308301474	162	movie10	06	006	figures02	2
subcortex_CAU	30.67112119433728	8	movie10	06	006	figures02	2
subcortex_PUT	29.380692766434933	8	movie10	06	006	figures02	2
subcortex_THA	29.143094027079574	14	movie10	06	006	figures02	2
cerebellum	27.777980112961234	88	movie10	06	006	figures03	2
cortex_Cont	35.048177456895786	128	movie10	06	006	figures03	2
cortex_Default	34.169071434136136	209	movie10	06	006	figures03	2
cortex_DorsAttn	35.870041886424495	122	movie10	06	006	figures03	2
cortex_Limbic	19.731416258868872	60	movie10	06	006	figures03	2
cortex_SalVentAttn	36.330722268093545	121	movie10	06	006	figures03	2
cortex_SomMot	34.418891896747255	194	movie10	06	006	figures03	2
cortex_Vis	27.581637704030886	162	movie10	06	006	figures03	2
subcortex_CAU	29.72011728820492	8	movie10	06	006	figures03	2
subcortex_PUT	29.062332196489955	8	movie10	06	006	figures03	2
subcortex_THA	28.284942173709744	14	movie10	06	006	figures03	2
cerebellum	26.134912909100844	88	movie10	06	006	figures04	2
cortex_Cont	32.69403918651081	128	movie10	06	006	figures04	2
cortex_Default	32.14308469729188	209	movie10	06	006	figures04	2
cortex_DorsAttn	34.918565588953484	122	movie10	06	006	figures04	2
cortex_Limbic	17.441015777333767	60	movie10	06	006	figures04	2
cortex_SalVentAttn	33.90236683660113	121	movie10	06	006	figures04	2
cortex_SomMot	32.902480075102304	194	movie10	06	006	figures04	2
cortex_Vis	26.961593682544997	162	movie10	06	006	figures04	2
subcortex_CAU	28.292149146368608	8	movie10	06	006	figures04	2
subcortex_PUT	28.14877561621411	8	movie10	06	006	figures04	2
subcortex_THA	27.374294922682974	14	movie10	06	006	figures04	2
cerebellum	29.67238221014519	88	movie10	06	007	figures05	2
cortex_Cont	36.886834810445094	128	movie10	06	007	figures05	2
cortex_Default	36.28831446348037	209	movie10	06	007	figures05	2
cortex_DorsAttn	37.65561396437247	122	movie10	06	007	figures05	2
cortex_Limbic	20.455418038128236	60	movie10	06	007	figures05	2
cortex_SalVentAttn	37.83454361340773	121	movie10	06	007	figures05	2
cortex_SomMot	35.88596336765113	194	movie10	06	007	figures05	2
cortex_Vis	30.237771053970345	162	movie10	06	007	figures05	2
subcortex_CAU	30.30522748354033	8	movie10	06	007	figures05	2
subcortex_PUT	30.214517640154927	8	movie10	06	007	figures05	2
subcortex_THA	29.35888776611561	14	movie10	06	007	figures05	2
cerebellum	32.99532982663816	88	movie10	06	007	figures06	2
cortex_Cont	38.305088296192004	128	movie10	06	007	figures06	2
cortex_Default	37.62408703642135	209	movie10	06	007	figures06	2
cortex_DorsAttn	40.69127262602212	122	movie10	06	007	figures06	2
cortex_Limbic	20.483859218213112	60	movie10	06	007	figures06	2
cortex_SalVentAttn	38.679920609833864	121	movie10	06	007	figures06	2
cortex_SomMot	37.07644431143354	194	movie10	06	007	figures06	2
cortex_Vis	34.26785668819598	162	movie10	06	007	figures06	2
subcortex_CAU	30.465341731646106	8	movie10	06	007	figures06	2
subcortex_PUT	30.203599485404087	8	movie10	06	007	figures06	2
subcortex_THA	29.321638180011444	14	movie10	06	007	figures06	2
cerebellum	30.362748988257696	88	movie10	06	007	figures07	2
cortex_Cont	36.97696057839355	128	movie10	06	007	figures07	2
cortex_Default	36.47854103717403	209	movie10	06	007	figures07	2
cortex_DorsAttn	38.01928154315799	122	movie10	06	007	figures07	2
cortex_Limbic	20.19170868571603	60	movie10	06	007	figures07	2
cortex_SalVentAttn	37.886768581698334	121	movie10	06	007	figures07	2
cortex_SomMot	35.31359946813786	194	movie10	06	007	figures07	2
cortex_Vis	31.245071716538337	162	movie10	06	007	figures07	2
subcortex_CAU	30.399904338297507	8	movie10	06	007	figures07	2
subcortex_PUT	29.56206064451795	8	movie10	06	007	figures07	2
subcortex_THA	29.06400623557726	14	movie10	06	007	figures07	2
cerebellum	32.64323294883434	88	movie10	06	007	figures08	2
cortex_Cont	43.20793464432415	128	movie10	06	007	figures08	2
cortex_Default	40.95828503734412	209	movie10	06	007	figures08	2
cortex_DorsAttn	44.301667577079364	122	movie10	06	007	figures08	2
cortex_Limbic	22.86031744282076	60	movie10	06	007	figures08	2
cortex_SalVentAttn	42.13003160229667	121	movie10	06	007	figures08	2
cortex_SomMot	43.006910204021494	194	movie10	06	007	figures08	2
cortex_Vis	33.91400845885355	162	movie10	06	007	figures08	2
subcortex_CAU	31.576370067655212	8	movie10	06	007	figures08	2
subcortex_PUT	30.07246684399157	8	movie10	06	007	figures08	2
subcortex_THA	29.55754821040083	14	movie10	06	007	figures08	2
cerebellum	34.93781485369233	88	movie10	06	008	figures09	2
cortex_Cont	43.24113684960016	128	movie10	06	008	figures09	2
cortex_Default	40.926066170168575	209	movie10	06	008	figures09	2
cortex_DorsAttn	44.90842500526045	122	movie10	06	008	figures09	2
cortex_Limbic	21.58829481481879	60	movie10	06	008	figures09	2
cortex_SalVentAttn	41.88468981087016	121	movie10	06	008	figures09	2
cortex_SomMot	42.207583853468456	194	movie10	06	008	figures09	2
cortex_Vis	35.191276025727895	162	movie10	06	008	figures09	2
subcortex_CAU	30.83130545662968	8	movie10	06	008	figures09	2
subcortex_PUT	29.397216512808672	8	movie10	06	008	figures09	2
subcortex_THA	29.202098986448004	14	movie10	06	008	figures09	2
cerebellum	25.86951934876789	88	movie10	06	008	figures10	2
cortex_Cont	36.03272259775853	128	movie10	06	008	figures10	2
cortex_Default	33.41460836593416	209	movie10	06	008	figures10	2
cortex_DorsAttn	36.06099788357314	122	movie10	06	008	figures10	2
cortex_Limbic	17.73728607631568	60	movie10	06	008	figures10	2
cortex_SalVentAttn	35.33276560667445	121	movie10	06	008	figures10	2
cortex_SomMot	34.8399619192162	194	movie10	06	008	figures10	2
cortex_Vis	26.204555942439285	162	movie10	06	008	figures10	2
subcortex_CAU	28.05233795781243	8	movie10	06	008	figures10	2
subcortex_PUT	27.698133781387202	8	movie10	06	008	figures10	2
subcortex_THA	25.70030927864266	14	movie10	06	008	figures10	2
cerebellum	30.751145844582734	88	movie10	06	008	figures11	2
cortex_Cont	37.64545407870917	128	movie10	06	008	figures11	2
cortex_Default	36.49179180781844	209	movie10	06	008	figures11	2
cortex_DorsAttn	40.14957579550928	122	movie10	06	008	figures11	2
cortex_Limbic	19.11323204627205	60	movie10	06	008	figures11	2
cortex_SalVentAttn	38.72431188478858	121	movie10	06	008	figures11	2
cortex_SomMot	37.98227998228889	194	movie10	06	008	figures11	2
cortex_Vis	30.376409648592897	162	movie10	06	008	figures11	2
subcortex_CAU	28.75714507091407	8	movie10	06	008	figures11	2
subcortex_PUT	29.251005383375965	8	movie10	06	008	figures11	2
subcortex_THA	28.50388612527442	14	movie10	06	008	figures11	2
cerebellum	32.263882799190085	88	movie10	06	008	figures12	2
cortex_Cont	39.691217001865596	128	movie10	06	008	figures12	2
cortex_Default	38.224253738963384	209	movie10	06	008	figures12	2
cortex_DorsAttn	41.824260878112625	122	movie10	06	008	figures12	2
cortex_Limbic	20.009400015963294	60	movie10	06	008	figures12	2
cortex_SalVentAttn	39.942394950788305	121	movie10	06	008	figures12	2
cortex_SomMot	37.99739522715467	194	movie10	06	008	figures12	2
cortex_Vis	32.47556022457259	162	movie10	06	008	figures12	2
subcortex_CAU	30.141999211748633	8	movie10	06	008	figures12	2
subcortex_PUT	29.432296485463326	8	movie10	06	008	figures12	2
subcortex_THA	28.822759385993237	14	movie10	06	008	figures12	2
cerebellum	30.749379642903758	88	movie10	06	009	wolf01	
cortex_Cont	42.07398296839791	128	movie10	06	009	wolf01	
cortex_Default	39.570360535829394	209	movie10	06	009	wolf01	
cortex_DorsAttn	40.133915505339935	122	movie10	06	009	wolf01	
cortex_Limbic	21.61196404202416	60	movie10	06	009	wolf01	
cortex_SalVentAttn	41.02432631601559	121	movie10	06	009	wolf01	
cortex_SomMot	39.53216032298056	194	movie10	06	009	wolf01	
cortex_Vis	29.86941036890694	162	movie10	06	009	wolf01	
subcortex_CAU	32.74646222180755	8	movie10	06	009	wolf01	
subcortex_PUT	30.666536919718435	8	movie10	06	009	wolf01	
subcortex_THA	29.348457354543676	14	movie10	06	009	wolf01	
cerebellum	33.375427867415716	88	movie10	06	009	wolf02	
cortex_Cont	40.52913216913119	128	movie10	06	009	wolf02	
cortex_Default	38.73019173033348	209	movie10	06	009	wolf02	
cortex_DorsAttn	42.15765378477428	122	movie10	06	009	wolf02	
cortex_Limbic	21.057937367880225	60	movie10	06	009	wolf02	
cortex_SalVentAttn	40.53302579497154	121	movie10	06	009	wolf02	
cortex_SomMot	38.47179715183882	194	movie10	06	009	wolf02	
cortex_Vis	33.32894063385828	162	movie10	06	009	wolf02	
subcortex_CAU	30.14847267038428	8	movie10	06	009	wolf02	
subcortex_PUT	30.137962647456035	8	movie10	06	009	wolf02	
subcortex_THA	29.54345321927234	14	movie10	06	009	wolf02	
cerebellum	35.10232745584195	88	movie10	06	009	wolf03	
cortex_Cont	42.617315303080574	128	movie10	06	009	wolf03	
cortex_Default	40.58705138689332	209	movie10	06	009	wolf03	
cortex_DorsAttn	43.800720053546286	122	movie10	06	009	wolf03	
cortex_Limbic	22.31342154359527	60	movie10	06	009	wolf03	
cortex_SalVentAttn	41.733339453746304	121	movie10	06	009	wolf03	
cortex_SomMot	40.39122249061065	194	movie10	06	009	wolf03	
cortex_Vis	35.160590477624375	162	movie10	06	009	wolf03	
subcortex_CAU	30.691515663937746	8	movie10	06	009	wolf03	
subcortex_PUT	30.172965656872183	8	movie10	06	009	wolf03	
subcortex_THA	29.579489184486587	14	movie10	06	009	wolf03	
cerebellum	31.72595205255105	88	movie10	06	009	wolf04	
cortex_Cont	40.877613239829095	128	movie10	06	009	wolf04	
cortex_Default	38.902016877863346	209	movie10	06	009	wolf04	
cortex_DorsAttn	39.35705127804576	122	movie10	06	009	wolf04	
cortex_Limbic	21.745283876880986	60	movie10	06	009	wolf04	
cortex_SalVentAttn	39.72128795194295	121	movie10	06	009	wolf04	
cortex_SomMot	37.76982663992117	194	movie10	06	009	wolf04	
cortex_Vis	31.071996703999496	162	movie10	06	009	wolf04	
subcortex_CAU	32.64860079254236	8	movie10	06	009	wolf04	
subcortex_PUT	30.61436572836017	8	movie10	06	009	wolf04	
subcortex_THA	29.330467691182996	14	movie10	06	009	wolf04	
cerebellum	33.13564514541506	88	movie10	06	009	wolf05	
cortex_Cont	43.6249795033475	128	movie10	06	009	wolf05	
cortex_Default	41.17308548765349	209	movie10	06	009	wolf05	
cortex_DorsAttn	43.70361644186971	122	movie10	06	009	wolf05	
cortex_Limbic	22.342595834469176	60	movie10	06	009	wolf05	
cortex_SalVentAttn	42.373454131174256	121	movie10	06	009	wolf05	
cortex_SomMot	41.62173891907633	194	movie10	06	009	wolf05	
cortex_Vis	32.889400485514436	162	movie10	06	009	wolf05	
subcortex_CAU	31.483574950464217	8	movie10	06	009	wolf05	
subcortex_PUT	30.171331650676432	8	movie10	06	009	wolf05	
subcortex_THA	29.471884196874907	14	movie10	06	009	wolf05	
cerebellum	32.66123205846285	88	movie10	06	009	wolf06	
cortex_Cont	42.87021845279985	128	movie10	06	009	wolf06	
cortex_Default	40.459870323528364	209	movie10	06	009	wolf06	
cortex_DorsAttn	42.23637685257542	122	movie10	06	009	wolf06	
cortex_Limbic	22.299820209867743	60	movie10	06	009	wolf06	
cortex_SalVentAttn	41.9659960335251	121	movie10	06	009	wolf06	
cortex_SomMot	40.44842275158391	194	movie10	06	009	wolf06	
cortex_Vis	32.21686994946963	162	movie10	06	009	wolf06	
subcortex_CAU	31.457454676487338	8	movie10	06	009	wolf06	
subcortex_PUT	30.1512024326114	8	movie10	06	009	wolf06	
subcortex_THA	29.413267239725098	14	movie10	06	009	wolf06	
cerebellum	34.017958709476034	88	movie10	06	009	wolf07	
cortex_Cont	40.76171181190867	128	movie10	06	009	wolf07	
cortex_Default	38.37419932364067	209	movie10	06	009	wolf07	
cortex_DorsAttn	42.958816413116374	122	movie10	06	009	wolf07	
cortex_Limbic	21.119566953054413	60	movie10	06	009	wolf07	
cortex_SalVentAttn	39.88950372871809	121	movie10	06	009	wolf07	
cortex_SomMot	39.95771935224567	194	movie10	06	009	wolf07	
cortex_Vis	33.5984113543608	162	movie10	06	009	wolf07	
subcortex_CAU	29.57693474668452	8	movie10	06	009	wolf07	
subcortex_PUT	29.395897533228293	8	movie10	06	009	wolf07	
subcortex_THA	28.612135404984578	14	movie10	06	009	wolf07	
cerebellum	32.841992614352534	88	movie10	06	009	wolf08	
cortex_Cont	38.262466418635505	128	movie10	06	009	wolf08	
cortex_Default	36.921984994286646	209	movie10	06	009	wolf08	
cortex_DorsAttn	40.8394413811606	122	movie10	06	009	wolf08	
cortex_Limbic	20.2097105039469	60	movie10	06	009	wolf08	
cortex_SalVentAttn	38.10390450650644	121	movie10	06	009	wolf08	
cortex_SomMot	37.616328125507515	194	movie10	06	009	wolf08	
cortex_Vis	32.65417871023207	162	movie10	06	009	wolf08	
subcortex_CAU	29.134839317715574	8	movie10	06	009	wolf08	
subcortex_PUT	29.162852649382437	8	movie10	06	009	wolf08	
subcortex_THA	28.755225670897676	14	movie10	06	009	wolf08	
cerebellum	29.978434247290043	88	movie10	06	010	wolf09	
cortex_Cont	38.259184010290106	128	movie10	06	010	wolf09	
cortex_Default	36.843110885325586	209	movie10	06	010	wolf09	
cortex_DorsAttn	39.5222214452431	122	movie10	06	010	wolf09	
cortex_Limbic	20.38149117535752	60	movie10	06	010	wolf09	
cortex_SalVentAttn	37.74289024760331	121	movie10	06	010	wolf09	
cortex_SomMot	37.61156933309093	194	movie10	06	010	wolf09	
cortex_Vis	30.23473798285203	162	movie10	06	010	wolf09	
subcortex_CAU	29.102105647393778	8	movie10	06	010	wolf09	
subcortex_PUT	29.479610895388785	8	movie10	06	010	wolf09	
subcortex_THA	28.13519464328787	14	movie10	06	010	wolf09	
cerebellum	26.58462440390042	88	movie10	06	010	wolf10	
cortex_Cont	33.527999539523655	128	movie10	06	010	wolf10	
cortex_Default	32.61513930377827	209	movie10	06	010	wolf10	
cortex_DorsAttn	34.77918033291527	122	movie10	06	010	wolf10	
cortex_Limbic	17.57078111386643	60	movie10	06	010	wolf10	
cortex_SalVentAttn	34.62290318372095	121	movie10	06	010	wolf10	
cortex_SomMot	33.41744832251943	194	movie10	06	010	wolf10	
cortex_Vis	27.22405904565216	162	movie10	06	010	wolf10	
subcortex_CAU	26.89914293203807	8	movie10	06	010	wolf10	
subcortex_PUT	28.209360893578385	8	movie10	06	010	wolf10	
subcortex_THA	27.985454738259552	14	movie10	06	010	wolf10	
cerebellum	31.816059768015567	88	movie10	06	010	wolf11	
cortex_Cont	37.52251247830691	128	movie10	06	010	wolf11	
cortex_Default	36.33801105540869	209	movie10	06	010	wolf11	
cortex_DorsAttn	39.83953973782565	122	movie10	06	010	wolf11	
cortex_Limbic	19.839743066436903	60	movie10	06	010	wolf11	
cortex_SalVentAttn	37.85246138977513	121	movie10	06	010	wolf11	
cortex_SomMot	37.336696071224594	194	movie10	06	010	wolf11	
cortex_Vis	31.782903717145665	162	movie10	06	010	wolf11	
subcortex_CAU	28.598382748462186	8	movie10	06	010	wolf11	
subcortex_PUT	28.981270787268784	8	movie10	06	010	wolf11	
subcortex_THA	27.896673399718246	14	movie10	06	010	wolf11	
cerebellum	26.8225020295465	88	movie10	06	010	wolf12	
cortex_Cont	35.049537205241	128	movie10	06	010	wolf12	
cortex_Default	33.39086303097216	209	movie10	06	010	wolf12	
cortex_DorsAttn	35.58192990698036	122	movie10	06	010	wolf12	
cortex_Limbic	18.978493016154207	60	movie10	06	010	wolf12	
cortex_SalVentAttn	36.303127356228416	121	movie10	06	010	wolf12	
cortex_SomMot	35.702340770286405	194	movie10	06	010	wolf12	
cortex_Vis	26.028801413065267	162	movie10	06	010	wolf12	
subcortex_CAU	29.2115110248168	8	movie10	06	010	wolf12	
subcortex_PUT	29.179519822875527	8	movie10	06	010	wolf12	
subcortex_THA	27.350433620848456	14	movie10	06	010	wolf12	
cerebellum	27.557316248865334	88	movie10	06	010	wolf13	
cortex_Cont	33.51275712522791	128	movie10	06	010	wolf13	
cortex_Default	32.55796291870806	209	movie10	06	010	wolf13	
cortex_DorsAttn	34.28671091357416	122	movie10	06	010	wolf13	
cortex_Limbic	18.12002057645162	60	movie10	06	010	wolf13	
cortex_SalVentAttn	34.513811265187854	121	movie10	06	010	wolf13	
cortex_SomMot	32.78601370402206	194	movie10	06	010	wolf13	
cortex_Vis	27.07806263680307	162	movie10	06	010	wolf13	
subcortex_CAU	27.461939384281404	8	movie10	06	010	wolf13	
subcortex_PUT	28.433282048261525	8	movie10	06	010	wolf13	
subcortex_THA	27.30391289705339	14	movie10	06	010	wolf13	
cerebellum	29.004560966200867	88	movie10	06	010	wolf14	
cortex_Cont	36.61064194211914	128	movie10	06	010	wolf14	
cortex_Default	35.71158531948705	209	movie10	06	010	wolf14	
cortex_DorsAttn	38.16003941196568	122	movie10	06	010	wolf14	
cortex_Limbic	19.939940314649068	60	movie10	06	010	wolf14	
cortex_SalVentAttn	36.827647771427124	121	movie10	06	010	wolf14	
cortex_SomMot	37.76376731469093	194	movie10	06	010	wolf14	
cortex_Vis	28.922569675469255	162	movie10	06	010	wolf14	
subcortex_CAU	30.166375663719847	8	movie10	06	010	wolf14	
subcortex_PUT	28.616311703386614	8	movie10	06	010	wolf14	
subcortex_THA	27.80014664319467	14	movie10	06	010	wolf14	
cerebellum	25.665767434349995	88	movie10	06	010	wolf15	
cortex_Cont	32.61343920330055	128	movie10	06	010	wolf15	
cortex_Default	31.703964949648523	209	movie10	06	010	wolf15	
cortex_DorsAttn	32.05323397230111	122	movie10	06	010	wolf15	
cortex_Limbic	17.25896058726847	60	movie10	06	010	wolf15	
cortex_SalVentAttn	32.56088463723183	121	movie10	06	010	wolf15	
cortex_SomMot	30.402973096328253	194	movie10	06	010	wolf15	
cortex_Vis	25.639800125310025	162	movie10	06	010	wolf15	
subcortex_CAU	26.192757736250385	8	movie10	06	010	wolf15	
subcortex_PUT	27.09304409445312	8	movie10	06	010	wolf15	
subcortex_THA	25.708927499702487	14	movie10	06	010	wolf15	
cerebellum	32.69064444814103	88	movie10	06	010	wolf16	
cortex_Cont	39.738784230934804	128	movie10	06	010	wolf16	
cortex_Default	38.343114703428675	209	movie10	06	010	wolf16	
cortex_DorsAttn	41.33187458429516	122	movie10	06	010	wolf16	
cortex_Limbic	21.354364031166433	60	movie10	06	010	wolf16	
cortex_SalVentAttn	39.55185535929281	121	movie10	06	010	wolf16	
cortex_SomMot	38.7749520478447	194	movie10	06	010	wolf16	
cortex_Vis	32.96773561742641	162	movie10	06	010	wolf16	
subcortex_CAU	30.475211201147268	8	movie10	06	010	wolf16	
subcortex_PUT	29.146062430299004	8	movie10	06	010	wolf16	
subcortex_THA	28.963623633899378	14	movie10	06	010	wolf16	
cerebellum	27.35848312693123	88	movie10	06	010	wolf17	
cortex_Cont	35.447877157492115	128	movie10	06	010	wolf17	
cortex_Default	34.270236024770604	209	movie10	06	010	wolf17	
cortex_DorsAttn	36.802290426804	122	movie10	06	010	wolf17	
cortex_Limbic	18.71792650444457	60	movie10	06	010	wolf17	
cortex_SalVentAttn	36.69005221515645	121	movie10	06	010	wolf17	
cortex_SomMot	36.92703467817589	194	movie10	06	010	wolf17	
cortex_Vis	27.36254448783818	162	movie10	06	010	wolf17	
subcortex_CAU	30.07344112203144	8	movie10	06	010	wolf17	
subcortex_PUT	28.6686359968495	8	movie10	06	010	wolf17	
subcortex_THA	27.920823177676386	14	movie10	06	010	wolf17	
