group	tsnr_mean	n_parcels	dataset	subject	session	task	run
cerebellum	21.74733139580385	88	narratives	01	001	ForgotRecall	
cortex_Cont	27.417473225848287	128	narratives	01	001	ForgotRecall	
cortex_Default	26.456479492741874	209	narratives	01	001	ForgotRecall	
cortex_DorsAttn	31.220970456162608	122	narratives	01	001	ForgotRecall	
cortex_Limbic	11.551870364297026	60	narratives	01	001	ForgotRecall	
cortex_SalVentAttn	29.9551551897364	121	narratives	01	001	ForgotRecall	
cortex_SomMot	29.284973073050164	194	narratives	01	001	ForgotRecall	
cortex_Vis	25.307327650555298	162	narratives	01	001	ForgotRecall	
subcortex_CAU	19.743117814118172	8	narratives	01	001	ForgotRecall	
subcortex_PUT	20.40680912156691	8	narratives	01	001	ForgotRecall	
subcortex_THA	22.260933679916693	14	narratives	01	001	ForgotRecall	
cerebellum	32.78042842280857	88	narratives	01	001	ForgotRecency	
cortex_Cont	46.930048455397824	128	narratives	01	001	ForgotRecency	
cortex_Default	43.33029624967073	209	narratives	01	001	ForgotRecency	
cortex_DorsAttn	48.72319501407359	122	narratives	01	001	ForgotRecency	
cortex_Limbic	17.035827657658526	60	narratives	01	001	ForgotRecency	
cortex_SalVentAttn	45.90002559068349	121	narratives	01	001	ForgotRecency	
cortex_SomMot	46.96300077044221	194	narratives	01	001	ForgotRecency	
cortex_Vis	39.97530824118111	162	narratives	01	001	ForgotRecency	
subcortex_CAU	27.653885968505495	8	narratives	01	001	ForgotRecency	
subcortex_PUT	27.377773006471703	8	narratives	01	001	ForgotRecency	
subcortex_THA	26.739831786259256	14	narratives	01	001	ForgotRecency	
cerebellum	27.905307241805584	88	narratives	01	001	ForgotStory	
cortex_Cont	37.40229790918449	128	narratives	01	001	ForgotStory	
cortex_Default	35.463127270258305	209	narratives	01	001	ForgotStory	
cortex_DorsAttn	40.84249020792991	122	narratives	01	001	ForgotStory	
cortex_Limbic	14.44174577589095	60	narratives	01	001	ForgotStory	
cortex_SalVentAttn	38.601557453998694	121	narratives	01	001	ForgotStory	
cortex_SomMot	38.59818635350054	194	narratives	01	001	ForgotStory	
cortex_Vis	33.594929918864096	162	narratives	01	001	ForgotStory	
subcortex_CAU	24.432505275659043	8	narratives	01	001	ForgotStory	
subcortex_PUT	24.412328732943212	8	narratives	01	001	ForgotStory	
subcortex_THA	25.44663026856103	14	narratives	01	001	ForgotStory	
cerebellum	24.22262478685282	88	narratives	01	001	LucyRecall	
cortex_Cont	32.23618068992927	128	narratives	01	001	LucyRecall	
cortex_Default	30.33452495218875	209	narratives	01	001	LucyRecall	
cortex_DorsAttn	36.28166393651351	122	narratives	01	001	LucyRecall	
cortex_Limbic	12.822803105099236	60	narratives	01	001	LucyRecall	
cortex_SalVentAttn	34.06040456025559	121	narratives	01	001	LucyRecall	
cortex_SomMot	34.14925345017259	194	narratives	01	001	LucyRecall	
cortex_Vis	28.17361419782278	162	narratives	01	001	LucyRecall	
subcortex_CAU	22.13102976153064	8	narratives	01	001	LucyRecall	
subcortex_PUT	21.34499068677572	8	narratives	01	001	LucyRecall	
subcortex_THA	23.243490861525633	14	narratives	01	001	LucyRecall	
cerebellum	32.31457807868955	88	narratives	01	001	LucyRecency	
cortex_Cont	41.4510037355882	128	narratives	01	001	LucyRecency	
cortex_Default	39.35689435604571	209	narratives	01	001	LucyRecency	
cortex_DorsAttn	45.88068554185537	122	narratives	01	001	LucyRecency	
cortex_Limbic	16.51399715965007	60	narratives	01	001	LucyRecency	
cortex_SalVentAttn	41.27536198477378	121	narratives	01	001	LucyRecency	
cortex_SomMot	41.94842636392655	194	narratives	01	001	LucyRecency	
cortex_Vis	39.018688855118285	162	narratives	01	001	LucyRecency	
subcortex_CAU	26.34566456679033	8	narratives	01	001	LucyRecency	
subcortex_PUT	25.53960826782604	8	narratives	01	001	LucyRecency	
subcortex_THA	26.279820295742134	14	narratives	01	001	LucyRecency	
cerebellum	33.931215492659305	88	narratives	01	001	LucyStory	
cortex_Cont	43.57894327085125	128	narratives	01	001	LucyStory	
cortex_Default	40.85924218053581	209	narratives	01	001	LucyStory	
cortex_DorsAttn	49.64047463523689	122	narratives	01	001	LucyStory	
cortex_Limbic	15.827151655802048	60	narratives	01	001	LucyStory	
cortex_SalVentAttn	42.27449612006563	121	narratives	01	001	LucyStory	
cortex_SomMot	43.293666637654134	194	narratives	01	001	LucyStory	
cortex_Vis	40.77058980736486	162	narratives	01	001	LucyStory	
subcortex_CAU	25.71278799595559	8	narratives	01	001	LucyStory	
subcortex_PUT	25.694027340290233	8	narratives	01	001	LucyStory	
subcortex_THA	26.203667290573396	14	narratives	01	001	LucyStory	
cerebellum	23.74837723110519	88	narratives	01	002	BlackRecall	
cortex_Cont	32.59547662350881	128	narratives	01	002	BlackRecall	
cortex_Default	30.616018807155342	209	narratives	01	002	BlackRecall	
cortex_DorsAttn	35.11223513321625	122	narratives	01	002	BlackRecall	
cortex_Limbic	12.704013304978508	60	narratives	01	002	BlackRecall	
cortex_SalVentAttn	34.34368565131264	121	narratives	01	002	BlackRecall	
cortex_SomMot	33.67876397411906	194	narratives	01	002	BlackRecall	
cortex_Vis	27.69042125801242	162	narratives	01	002	BlackRecall	
subcortex_CAU	22.807772367389216	8	narratives	01	002	BlackRecall	
subcortex_PUT	22.966656273553937	8	narratives	01	002	BlackRecall	
subcortex_THA	23.495066004497524	14	narratives	01	002	BlackRecall	
cerebellum	35.704725033016196	88	narratives	01	002	BlackRecency	
cortex_Cont	49.83568872574779	128	narratives	01	002	BlackRecency	
cortex_Default	45.879338889095	209	narratives	01	002	BlackRecency	
cortex_DorsAttn	52.515952300050735	122	narratives	01	002	BlackRecency	
cortex_Limbic	18.14106999031268	60	narratives	01	002	BlackRecency	
cortex_SalVentAttn	48.13799683009174	121	narratives	01	002	BlackRecency	
cortex_SomMot	50.65905002074243	194	narratives	01	002	BlackRecency	
cortex_Vis	42.48728864335422	162	narratives	01	002	BlackRecency	
subcortex_CAU	28.21344873901384	8	narratives	01	002	BlackRecency	
subcortex_PUT	27.685790233574973	8	narratives	01	002	BlackRecency	
subcortex_THA	27.349475100704108	14	narratives	01	002	BlackRecency	
cerebellum	30.07595978576435	88	narratives	01	002	BlackStory	
cortex_Cont	37.94386405772369	128	narratives	01	002	BlackStory	
cortex_Default	35.693293212992806	209	narratives	01	002	BlackStory	
cortex_DorsAttn	41.98720818255383	122	narratives	01	002	BlackStory	
cortex_Limbic	14.701986028288308	60	narratives	01	002	BlackStory	
cortex_SalVentAttn	38.85378961651589	121	narratives	01	002	BlackStory	
cortex_SomMot	39.06491155472167	194	narratives	01	002	BlackStory	
cortex_Vis	34.2831744609302	162	narratives	01	002	BlackStory	
subcortex_CAU	24.414157471059067	8	narratives	01	002	BlackStory	
subcortex_PUT	24.740885877957762	8	narratives	01	002	BlackStory	
subcortex_THA	26.148790995183685	14	narratives	01	002	BlackStory	
cerebellum	24.710799584021345	88	narratives	01	002	NotthefallintactRecall	
cortex_Cont	31.99013664164414	128	narratives	01	002	NotthefallintactRecall	
cortex_Default	30.424367361331292	209	narratives	01	002	NotthefallintactRecall	
cortex_DorsAttn	37.052546042487236	122	narratives	01	002	NotthefallintactRecall	
cortex_Limbic	12.199446611661504	60	narratives	01	002	NotthefallintactRecall	
cortex_SalVentAttn	34.19747729634086	121	narratives	01	002	NotthefallintactRecall	
cortex_SomMot	34.31555156970073	194	narratives	01	002	NotthefallintactRecall	
cortex_Vis	29.612496865068525	162	narratives	01	002	NotthefallintactRecall	
subcortex_CAU	21.74432306789368	8	narratives	01	002	NotthefallintactRecall	
subcortex_PUT	22.197012181099094	8	narratives	01	002	NotthefallintactRecall	
subcortex_THA	23.095557837899502	14	narratives	01	002	NotthefallintactRecall	
cerebellum	35.730391017904076	88	narratives	01	002	NotthefallintactRecency	
cortex_Cont	50.68637083060138	128	narratives	01	002	NotthefallintactRecency	
cortex_Default	46.68687975901036	209	narratives	01	002	NotthefallintactRecency	
cortex_DorsAttn	53.23130483356845	122	narratives	01	002	NotthefallintactRecency	
cortex_Limbic	18.163497533179175	60	narratives	01	002	NotthefallintactRecency	
cortex_SalVentAttn	48.059344440678345	121	narratives	01	002	NotthefallintactRecency	
cortex_SomMot	50.016238185901635	194	narratives	01	002	NotthefallintactRecency	
cortex_Vis	44.19265761555528	162	narratives	01	002	NotthefallintactRecency	
subcortex_CAU	28.384263868603462	8	narratives	01	002	NotthefallintactRecency	
subcortex_PUT	27.118523287940665	8	narratives	01	002	NotthefallintactRecency	
subcortex_THA	27.332804834403237	14	narratives	01	002	NotthefallintactRecency	
cerebellum	30.489493094640405	88	narratives	01	002	NotthefallintactStory	
cortex_Cont	38.98520846580507	128	narratives	01	002	NotthefallintactStory	
cortex_Default	36.9593862273657	209	narratives	01	002	NotthefallintactStory	
cortex_DorsAttn	41.85328516782693	122	narratives	01	002	NotthefallintactStory	
cortex_Limbic	15.52805869026916	60	narratives	01	002	NotthefallintactStory	
cortex_SalVentAttn	40.54648989842142	121	narratives	01	002	NotthefallintactStory	
cortex_SomMot	40.1881927651311	194	narratives	01	002	NotthefallintactStory	
cortex_Vis	34.668283584030384	162	narratives	01	002	NotthefallintactStory	
subcortex_CAU	25.735686412050203	8	narratives	01	002	NotthefallintactStory	
subcortex_PUT	25.66087686322817	8	narratives	01	002	NotthefallintactStory	
subcortex_THA	26.18989237007702	14	narratives	01	002	NotthefallintactStory	
cerebellum	22.521159948585115	88	narratives	01	003	ForgotRecall	
cortex_Cont	30.048959707540202	128	narratives	01	003	ForgotRecall	
cortex_Default	28.106223276388175	209	narratives	01	003	ForgotRecall	
cortex_DorsAttn	31.465014881584167	122	narratives	01	003	ForgotRecall	
cortex_Limbic	12.516644088425206	60	narratives	01	003	ForgotRecall	
cortex_SalVentAttn	32.15345164764979	121	narratives	01	003	ForgotRecall	
cortex_SomMot	31.565036037144296	194	narratives	01	003	ForgotRecall	
cortex_Vis	24.57758874763126	162	narratives	01	003	ForgotRecall	
subcortex_CAU	21.292941362676157	8	narratives	01	003	ForgotRecall	
subcortex_PUT	21.427591375099198	8	narratives	01	003	ForgotRecall	
subcortex_THA	22.92252155370116	14	narratives	01	003	ForgotRecall	
cerebellum	36.011843301072155	88	narratives	01	003	ForgotRecency	
cortex_Cont	50.96973423105922	128	narratives	01	003	ForgotRecency	
cortex_Default	46.49241959592944	209	narratives	01	003	ForgotRecency	
cortex_DorsAttn	54.36752353173052	122	narratives	01	003	ForgotRecency	
cortex_Limbic	17.86520856193784	60	narratives	01	003	ForgotRecency	
cortex_SalVentAttn	48.14445497395519	121	narratives	01	003	ForgotRecency	
cortex_SomMot	51.008752616019706	194	narratives	01	003	ForgotRecency	
cortex_Vis	45.014814114733525	162	narratives	01	003	ForgotRecency	
subcortex_CAU	27.824261611724413	8	narratives	01	003	ForgotRecency	
subcortex_PUT	26.760247193931747	8	narratives	01	003	ForgotRecency	
subcortex_THA	26.806559832444982	14	narratives	01	003	ForgotRecency	
cerebellum	33.24706892300633	88	narratives	01	003	ForgotStory	
cortex_Cont	43.29746206054764	128	narratives	01	003	ForgotStory	
cortex_Default	40.20498925848071	209	narratives	01	003	ForgotStory	
cortex_DorsAttn	46.59898934148303	122	narratives	01	003	ForgotStory	
cortex_Limbic	16.127043652926325	60	narratives	01	003	ForgotStory	
cortex_SalVentAttn	43.74769260244467	121	narratives	01	003	ForgotStory	
cortex_SomMot	44.78866028362739	194	narratives	01	003	ForgotStory	
cortex_Vis	38.19436644014325	162	narratives	01	003	ForgotStory	
subcortex_CAU	26.91119839161401	8	narratives	01	003	ForgotStory	
subcortex_PUT	25.505555960484013	8	narratives	01	003	ForgotStory	
subcortex_THA	26.72049384102404	14	narratives	01	003	ForgotStory	
cerebellum	21.980785077728427	88	narratives	01	003	LucyRecall	
cortex_Cont	28.01304777649208	128	narratives	01	003	LucyRecall	
cortex_Default	26.619052246264893	209	narratives	01	003	LucyRecall	
cortex_DorsAttn	31.05885432336583	122	narratives	01	003	LucyRecall	
cortex_Limbic	11.285954033959236	60	narratives	01	003	LucyRecall	
cortex_SalVentAttn	30.45397014344171	121	narratives	01	003	LucyRecall	
cortex_SomMot	29.9240651679625	194	narratives	01	003	LucyRecall	
cortex_Vis	24.61213769366222	162	narratives	01	003	LucyRecall	
subcortex_CAU	20.53830762615112	8	narratives	01	003	LucyRecall	
subcortex_PUT	20.538745054537678	8	narratives	01	003	LucyRecall	
subcortex_THA	21.556248895263593	14	narratives	01	003	LucyRecall	
cerebellum	25.721407670355916	88	narratives	01	003	LucyStory	
cortex_Cont	30.85929621661084	128	narratives	01	003	LucyStory	
cortex_Default	30.375411656227556	209	narratives	01	003	LucyStory	
cortex_DorsAttn	32.65684812151229	122	narratives	01	003	LucyStory	
cortex_Limbic	13.324384137826739	60	narratives	01	003	LucyStory	
cortex_SalVentAttn	32.4522325388596	121	narratives	01	003	LucyStory	
cortex_SomMot	29.485037567306154	194	narratives	01	003	LucyStory	
cortex_Vis	28.191720811852257	162	narratives	01	003	LucyStory	
subcortex_CAU	23.500323373368857	8	narratives	01	003	LucyStory	
subcortex_PUT	23.895467404190757	8	narratives	01	003	LucyStory	
subcortex_THA	23.676412930828064	14	narratives	01	003	LucyStory	
cerebellum	22.85551680830684	88	narratives	01	004	BlackRecall	
cortex_Cont	31.533148374279733	128	narratives	01	004	BlackRecall	
cortex_Default	29.125754068555537	209	narratives	01	004	BlackRecall	
cortex_DorsAttn	33.63244323468985	122	narratives	01	004	BlackRecall	
cortex_Limbic	12.446863947391735	60	narratives	01	004	BlackRecall	
cortex_SalVentAttn	33.65357331080733	121	narratives	01	004	BlackRecall	
cortex_SomMot	32.86649443382122	194	narratives	01	004	BlackRecall	
cortex_Vis	25.6598508019296	162	narratives	01	004	BlackRecall	
subcortex_CAU	21.85927340726486	8	narratives	01	004	BlackRecall	
subcortex_PUT	22.060231643913575	8	narratives	01	004	BlackRecall	
subcortex_THA	23.304119572505446	14	narratives	01	004	BlackRecall	
cerebellum	27.191483197296247	88	narratives	01	004	BlackStory	
cortex_Cont	36.29136442069761	128	narratives	01	004	BlackStory	
cortex_Default	35.005365150042564	209	narratives	01	004	BlackStory	
cortex_DorsAttn	38.61108713943382	122	narratives	01	004	BlackStory	
cortex_Limbic	14.358269648418212	60	narratives	01	004	BlackStory	
cortex_SalVentAttn	38.15152589064185	121	narratives	01	004	BlackStory	
cortex_SomMot	36.13799798110148	194	narratives	01	004	BlackStory	
cortex_Vis	31.071355078655184	162	narratives	01	004	BlackStory	
subcortex_CAU	24.2441031132807	8	narratives	01	004	BlackStory	
subcortex_PUT	25.769983112084137	8	narratives	01	004	BlackStory	
subcortex_THA	25.81791539836618	14	narratives	01	004	BlackStory	
cerebellum	26.557386973228418	88	narratives	01	004	NotthefallintactRecall	
cortex_Cont	37.08737077502789	128	narratives	01	004	NotthefallintactRecall	
cortex_Default	34.27655193784683	209	narratives	01	004	NotthefallintactRecall	
cortex_DorsAttn	42.13108411167332	122	narratives	01	004	NotthefallintactRecall	
cortex_Limbic	13.166330727874888	60	narratives	01	004	NotthefallintactRecall	
cortex_SalVentAttn	37.99634702092412	121	narratives	01	004	NotthefallintactRecall	
cortex_SomMot	39.53465616215975	194	narratives	01	004	NotthefallintactRecall	
cortex_Vis	32.23898264959993	162	narratives	01	004	NotthefallintactRecall	
subcortex_CAU	22.820753072252984	8	narratives	01	004	NotthefallintactRecall	
subcortex_PUT	23.178834565346612	8	narratives	01	004	NotthefallintactRecall	
subcortex_THA	24.24024751563727	14	narratives	01	004	NotthefallintactRecall	
cerebellum	35.65477781963846	88	narratives	01	004	NotthefallintactRecency	
cortex_Cont	51.55352566262767	128	narratives	01	004	NotthefallintactRecency	
cortex_Default	46.92473469503672	209	narratives	01	004	NotthefallintactRecency	
cortex_DorsAttn	54.034864543713454	122	narratives	01	004	NotthefallintactRecency	
cortex_Limbic	17.718666678532987	60	narratives	01	004	NotthefallintactRecency	
cortex_SalVentAttn	48.408068017130674	121	narratives	01	004	NotthefallintactRecency	
cortex_SomMot	51.34926500865892	194	narratives	01	004	NotthefallintactRecency	
cortex_Vis	43.93886424480462	162	narratives	01	004	NotthefallintactRecency	
subcortex_CAU	27.29818176563595	8	narratives	01	004	NotthefallintactRecency	
subcortex_PUT	27.17699424120542	8	narratives	01	004	NotthefallintactRecency	
subcortex_THA	26.989644747306453	14	narratives	01	004	NotthefallintactRecency	
cerebellum	35.04911945155613	88	narratives	01	004	NotthefallintactStory	
cortex_Cont	47.60818582279721	128	narratives	01	004	NotthefallintactStory	
cortex_Default	43.67844628661553	209	narratives	01	004	NotthefallintactStory	
cortex_DorsAttn	52.39312200440542	122	narratives	01	004	NotthefallintactStory	
cortex_Limbic	17.170614510695923	60	narratives	01	004	NotthefallintactStory	
cortex_SalVentAttn	45.56898676118689	121	narratives	01	004	NotthefallintactStory	
cortex_SomMot	48.21317666228167	194	narratives	01	004	NotthefallintactStory	
cortex_Vis	42.42336874654585	162	narratives	01	004	NotthefallintactStory	
subcortex_CAU	26.82888108293325	8	narratives	01	004	NotthefallintactStory	
subcortex_PUT	26.17184808084443	8	narratives	01	004	NotthefallintactStory	
subcortex_THA	27.13155826178924	14	narratives	01	004	NotthefallintactStory	
cerebellum	23.36650600455674	88	narratives	01	005	ForgotRecall	
cortex_Cont	31.63409747730709	128	narratives	01	005	ForgotRecall	
cortex_Default	29.61097662571368	209	narratives	01	005	ForgotRecall	
cortex_DorsAttn	34.73119435460012	122	narratives	01	005	ForgotRecall	
cortex_Limbic	12.576383034066549	60	narratives	01	005	ForgotRecall	
cortex_SalVentAttn	34.42025148620211	121	narratives	01	005	ForgotRecall	
cortex_SomMot	33.51653222575447	194	narratives	01	005	ForgotRecall	
cortex_Vis	26.532688819264113	162	narratives	01	005	ForgotRecall	
subcortex_CAU	20.663159545100044	8	narratives	01	005	ForgotRecall	
subcortex_PUT	21.97470975340492	8	narratives	01	005	ForgotRecall	
subcortex_THA	23.34927672099573	14	narratives	01	005	ForgotRecall	
cerebellum	37.58376966943252	88	narratives	01	005	ForgotRecency	
cortex_Cont	51.81889415547054	128	narratives	01	005	ForgotRecency	
cortex_Default	47.8133555734214	209	narratives	01	005	ForgotRecency	
cortex_DorsAttn	54.83984881810194	122	narratives	01	005	ForgotRecency	
cortex_Limbic	17.91147817843533	60	narratives	01	005	ForgotRecency	
cortex_SalVentAttn	49.09491604015773	121	narratives	01	005	ForgotRecency	
cortex_SomMot	52.43184138803965	194	narratives	01	005	ForgotRecency	
cortex_Vis	44.41645918659695	162	narratives	01	005	ForgotRecency	
subcortex_CAU	26.718796760366782	8	narratives	01	005	ForgotRecency	
subcortex_PUT	26.579292031882176	8	narratives	01	005	ForgotRecency	
subcortex_THA	27.094704965757156	14	narratives	01	005	ForgotRecency	
cerebellum	31.005717200531112	88	narratives	01	005	ForgotStory	
cortex_Cont	40.06598704577256	128	narratives	01	005	ForgotStory	
cortex_Default	37.22845805958093	209	narratives	01	005	ForgotStory	
cortex_DorsAttn	42.91078780961156	122	narratives	01	005	ForgotStory	
cortex_Limbic	14.627285995442287	60	narratives	01	005	ForgotStory	
cortex_SalVentAttn	41.32731466996222	121	narratives	01	005	ForgotStory	
cortex_SomMot	41.74436686227282	194	narratives	01	005	ForgotStory	
cortex_Vis	34.88001717142996	162	narratives	01	005	ForgotStory	
subcortex_CAU	24.60718629932936	8	narratives	01	005	ForgotStory	
subcortex_PUT	24.84280252105405	8	narratives	01	005	ForgotStory	
subcortex_THA	26.20950489248562	14	narratives	01	005	ForgotStory	
cerebellum	23.66423074790192	88	narratives	01	005	LucyRecall	
cortex_Cont	31.466979503860653	128	narratives	01	005	LucyRecall	
cortex_Default	29.33643616572458	209	narratives	01	005	LucyRecall	
cortex_DorsAttn	34.93291622764926	122	narratives	01	005	LucyRecall	
cortex_Limbic	12.410108110998118	60	narratives	01	005	LucyRecall	
cortex_SalVentAttn	34.155833566233696	121	narratives	01	005	LucyRecall	
cortex_SomMot	34.04702579684456	194	narratives	01	005	LucyRecall	
cortex_Vis	26.578639957461352	162	narratives	01	005	LucyRecall	
subcortex_CAU	20.83829153438515	8	narratives	01	005	LucyRecall	
subcortex_PUT	21.163417940506154	8	narratives	01	005	LucyRecall	
subcortex_THA	23.607627149932465	14	narratives	01	005	LucyRecall	
cerebellum	37.53334408325616	88	narratives	01	005	LucyRecency	
cortex_Cont	52.155031548747296	128	narratives	01	005	LucyRecency	
cortex_Default	47.857325544962194	209	narratives	01	005	LucyRecency	
cortex_DorsAttn	55.01138476355551	122	narratives	01	005	LucyRecency	
cortex_Limbic	17.916130072628487	60	narratives	01	005	LucyRecency	
cortex_SalVentAttn	49.395712341876354	121	narratives	01	005	LucyRecency	
cortex_SomMot	52.43443708928346	194	narratives	01	005	LucyRecency	
cortex_Vis	45.429118036113564	162	narratives	01	005	LucyRecency	
subcortex_CAU	27.771423228937408	8	narratives	01	005	LucyRecency	
subcortex_PUT	26.668908722607803	8	narratives	01	005	LucyRecency	
subcortex_THA	27.331758408288863	14	narratives	01	005	LucyRecency	
cerebellum	23.13693155955323	88	narratives	01	006	BlackRecall	
cortex_Cont	28.781029728725656	128	narratives	01	006	BlackRecall	
cortex_Default	28.129233965163795	209	narratives	01	006	BlackRecall	
cortex_DorsAttn	32.585300346081446	122	narratives	01	006	BlackRecall	
cortex_Limbic	11.743185250365661	60	narratives	01	006	BlackRecall	
cortex_SalVentAttn	30.912242875094748	121	narratives	01	006	BlackRecall	
cortex_SomMot	30.228807984169045	194	narratives	01	006	BlackRecall	
cortex_Vis	26.54813271192006	162	narratives	01	006	BlackRecall	
subcortex_CAU	18.926381438065228	8	narratives	01	006	BlackRecall	
subcortex_PUT	20.11934575582907	8	narratives	01	006	BlackRecall	
subcortex_THA	22.079573953186525	14	narratives	01	006	BlackRecall	
cerebellum	35.074328347446524	88	narratives	01	006	BlackRecency	
cortex_Cont	47.138217703071405	128	narratives	01	006	BlackRecency	
cortex_Default	43.71972243043608	209	narratives	01	006	BlackRecency	
cortex_DorsAttn	51.84872709245399	122	narratives	01	006	BlackRecency	
cortex_Limbic	17.129627485643727	60	narratives	01	006	BlackRecency	
cortex_SalVentAttn	46.23963249970152	121	narratives	01	006	BlackRecency	
cortex_SomMot	48.17231625593141	194	narratives	01	006	BlackRecency	
cortex_Vis	42.79713188899996	162	narratives	01	006	BlackRecency	
subcortex_CAU	26.45950777840636	8	narratives	01	006	BlackRecency	
subcortex_PUT	24.903367459787088	8	narratives	01	006	BlackRecency	
subcortex_THA	26.484456255870366	14	narratives	01	006	BlackRecency	
cerebellum	36.03213538682691	88	narratives	01	006	BlackStory	
cortex_Cont	45.85390248220253	128	narratives	01	006	BlackStory	
cortex_Default	43.20695281820512	209	narratives	01	006	BlackStory	
cortex_DorsAttn	49.293312316701396	122	narratives	01	006	BlackStory	
cortex_Limbic	17.249764329306483	60	narratives	01	006	BlackStory	
cortex_SalVentAttn	44.526356564714675	121	narratives	01	006	BlackStory	
cortex_SomMot	46.41227180314824	194	narratives	01	006	BlackStory	
cortex_Vis	42.02225434860123	162	narratives	01	006	BlackStory	
subcortex_CAU	27.152261701463296	8	narratives	01	006	BlackStory	
subcortex_PUT	26.022553581032383	8	narratives	01	006	BlackStory	
subcortex_THA	26.775067932562195	14	narratives	01	006	BlackStory	
cerebellum	22.89290706115401	88	narratives	01	006	NotthefallintactRecall	
cortex_Cont	30.11998952001783	128	narratives	01	006	NotthefallintactRecall	
cortex_Default	28.759695425317915	209	narratives	01	006	NotthefallintactRecall	
cortex_DorsAttn	33.92926708483404	122	narratives	01	006	NotthefallintactRecall	
cortex_Limbic	12.06924046730286	60	narratives	01	006	NotthefallintactRecall	
cortex_SalVentAttn	32.114904274330364	121	narratives	01	006	NotthefallintactRecall	
cortex_SomMot	31.339752751109508	194	narratives	01	006	NotthefallintactRecall	
cortex_Vis	26.944298143596445	162	narratives	01	006	NotthefallintactRecall	
subcortex_CAU	20.153628747617883	8	narratives	01	006	NotthefallintactRecall	
subcortex_PUT	20.372213901176	8	narratives	01	006	NotthefallintactRecall	
subcortex_THA	22.58327221774173	14	narratives	01	006	NotthefallintactRecall	
cerebellum	34.77395727692233	88	narratives	01	006	NotthefallintactRecency	
cortex_Cont	46.952258875664285	128	narratives	01	006	NotthefallintactRecency	
cortex_Default	43.53692920318835	209	narratives	01	006	NotthefallintactRecency	
cortex_DorsAttn	50.91687042276244	122	narratives	01	006	NotthefallintactRecency	
cortex_Limbic	17.147250545292195	60	narratives	01	006	NotthefallintactRecency	
cortex_SalVentAttn	45.97916413274926	121	narratives	01	006	NotthefallintactRecency	
cortex_SomMot	48.24129012255229	194	narratives	01	006	NotthefallintactRecency	
cortex_Vis	41.52074834618681	162	narratives	01	006	NotthefallintactRecency	
subcortex_CAU	26.342400026177756	8	narratives	01	006	NotthefallintactRecency	
subcortex_PUT	25.26367849360066	8	narratives	01	006	NotthefallintactRecency	
subcortex_THA	26.261783041724147	14	narratives	01	006	NotthefallintactRecency	
cerebellum	32.18144184027321	88	narratives	01	006	NotthefallintactStory	
cortex_Cont	44.14637418776889	128	narratives	01	006	NotthefallintactStory	
cortex_Default	40.964217812167114	209	narratives	01	006	NotthefallintactStory	
cortex_DorsAttn	46.12077602580805	122	narratives	01	006	NotthefallintactStory	
cortex_Limbic	16.56805186505792	60	narratives	01	006	NotthefallintactStory	
cortex_SalVentAttn	43.22511433221131	121	narratives	01	006	NotthefallintactStory	
cortex_SomMot	44.7503825956412	194	narratives	01	006	NotthefallintactStory	
cortex_Vis	38.447930520705754	162	narratives	01	006	NotthefallintactStory	
subcortex_CAU	25.823317984851577	8	narratives	01	006	NotthefallintactStory	
subcortex_PUT	24.744008472702074	8	narratives	01	006	NotthefallintactStory	
subcortex_THA	26.132644818085446	14	narratives	01	006	NotthefallintactStory	
cerebellum	25.035683851459442	88	narratives	01	007	PiemanRecall	
cortex_Cont	33.449423950169205	128	narratives	01	007	PiemanRecall	
cortex_Default	31.639452085749014	209	narratives	01	007	PiemanRecall	
cortex_DorsAttn	37.857462557410436	122	narratives	01	007	PiemanRecall	
cortex_Limbic	12.951293746383117	60	narratives	01	007	PiemanRecall	
cortex_SalVentAttn	34.81447728730437	121	narratives	01	007	PiemanRecall	
cortex_SomMot	34.79761571222161	194	narratives	01	007	PiemanRecall	
cortex_Vis	30.319516235878282	162	narratives	01	007	PiemanRecall	
subcortex_CAU	21.711760850153464	8	narratives	01	007	PiemanRecall	
subcortex_PUT	22.354282504119155	8	narratives	01	007	PiemanRecall	
subcortex_THA	23.324137043907296	14	narratives	01	007	PiemanRecall	
cerebellum	30.864940672755154	88	narratives	01	007	PiemanRecency	
cortex_Cont	41.41778918385377	128	narratives	01	007	PiemanRecency	
cortex_Default	39.42768636472433	209	narratives	01	007	PiemanRecency	
cortex_DorsAttn	43.89371247232247	122	narratives	01	007	PiemanRecency	
cortex_Limbic	15.980195632482634	60	narratives	01	007	PiemanRecency	
cortex_SalVentAttn	42.57026806016258	121	narratives	01	007	PiemanRecency	
cortex_SomMot	42.854319703579115	194	narratives	01	007	PiemanRecency	
cortex_Vis	36.848392964446965	162	narratives	01	007	PiemanRecency	
subcortex_CAU	25.978746102894185	8	narratives	01	007	PiemanRecency	
subcortex_PUT	24.906109209514288	8	narratives	01	007	PiemanRecency	
subcortex_THA	26.197244943502405	14	narratives	01	007	PiemanRecency	
cerebellum	33.04882822050824	88	narratives	01	007	PiemanStory	
cortex_Cont	42.192932074705965	128	narratives	01	007	PiemanStory	
cortex_Default	39.619986446281516	209	narratives	01	007	PiemanStory	
cortex_DorsAttn	45.144551496586736	122	narratives	01	007	PiemanStory	
cortex_Limbic	16.26661605914331	60	narratives	01	007	PiemanStory	
cortex_SalVentAttn	42.054595817765716	121	narratives	01	007	PiemanStory	
cortex_SomMot	43.11201917255286	194	narratives	01	007	PiemanStory	
cortex_Vis	38.048752260966175	162	narratives	01	007	PiemanStory	
subcortex_CAU	26.3921287616154	8	narratives	01	007	PiemanStory	
subcortex_PUT	25.410160235914724	8	narratives	01	007	PiemanStory	
subcortex_THA	26.431322020170693	14	narratives	01	007	PiemanStory	
cerebellum	24.405610477857667	88	narratives	01	007	SlumlordRecall	
cortex_Cont	32.251193968533926	128	narratives	01	007	SlumlordRecall	
cortex_Default	30.556450018457333	209	narratives	01	007	SlumlordRecall	
cortex_DorsAttn	35.717761386627394	122	narratives	01	007	SlumlordRecall	
cortex_Limbic	12.820863559573427	60	narratives	01	007	SlumlordRecall	
cortex_SalVentAttn	34.138270570780044	121	narratives	01	007	SlumlordRecall	
cortex_SomMot	33.956096568059	194	narratives	01	007	SlumlordRecall	
cortex_Vis	28.373479451840996	162	narratives	01	007	SlumlordRecall	
subcortex_CAU	21.926916952794958	8	narratives	01	007	SlumlordRecall	
subcortex_PUT	21.629391248786117	8	narratives	01	007	SlumlordRecall	
subcortex_THA	23.25822796246681	14	narratives	01	007	SlumlordRecall	
cerebellum	35.27183911678512	88	narratives	01	007	SlumlordRecency	
cortex_Cont	48.68386606284349	128	narratives	01	007	SlumlordRecency	
cortex_Default	45.799690253058394	209	narratives	01	007	SlumlordRecency	
cortex_DorsAttn	49.98451966719285	122	narratives	01	007	SlumlordRecency	
cortex_Limbic	18.486216780996763	60	narratives	01	007	SlumlordRecency	
cortex_SalVentAttn	46.951677792875756	121	narratives	01	007	SlumlordRecency	
cortex_SomMot	48.46472236831014	194	narratives	01	007	SlumlordRecency	
cortex_Vis	41.647724374917	162	narratives	01	007	SlumlordRecency	
subcortex_CAU	27.781985770276172	8	narratives	01	007	SlumlordRecency	
subcortex_PUT	26.711544324285292	8	narratives	01	007	SlumlordRecency	
subcortex_THA	26.741863124012877	14	narratives	01	007	SlumlordRecency	
cerebellum	31.804077178192752	88	narratives	01	007	SlumlordStory	
cortex_Cont	42.81134267077003	128	narratives	01	007	SlumlordStory	
cortex_Default	39.74318735621325	209	narratives	01	007	SlumlordStory	
cortex_DorsAttn	45.37712923567506	122	narratives	01	007	SlumlordStory	
cortex_Limbic	16.27617531829389	60	narratives	01	007	SlumlordStory	
cortex_SalVentAttn	43.01231683230538	121	narratives	01	007	SlumlordStory	
cortex_SomMot	44.12902145468445	194	narratives	01	007	SlumlordStory	
cortex_Vis	36.75711059771014	162	narratives	01	007	SlumlordStory	
subcortex_CAU	26.176346564518276	8	narratives	01	007	SlumlordStory	
subcortex_PUT	26.053923540925517	8	narratives	01	007	SlumlordStory	
subcortex_THA	26.642123600614333	14	narratives	01	007	SlumlordStory	
cerebellum	37.69704093827509	88	narratives	01	008	PrettymouthRecency	
cortex_Cont	49.46709042621437	128	narratives	01	008	PrettymouthRecency	
cortex_Default	46.31340258191979	209	narratives	01	008	PrettymouthRecency	
cortex_DorsAttn	53.41972112659227	122	narratives	01	008	PrettymouthRecency	
cortex_Limbic	18.32315145704504	60	narratives	01	008	PrettymouthRecency	
cortex_SalVentAttn	47.88452164214265	121	narratives	01	008	PrettymouthRecency	
cortex_SomMot	51.50394903737205	194	narratives	01	008	PrettymouthRecency	
cortex_Vis	44.74259541771633	162	narratives	01	008	PrettymouthRecency	
subcortex_CAU	28.095102008655587	8	narratives	01	008	PrettymouthRecency	
subcortex_PUT	25.929693870189922	8	narratives	01	008	PrettymouthRecency	
subcortex_THA	27.034014428166756	14	narratives	01	008	PrettymouthRecency	
cerebellum	32.06852975152084	88	narratives	01	008	PrettymouthStory	
cortex_Cont	44.478216028783166	128	narratives	01	008	PrettymouthStory	
cortex_Default	41.282103568907154	209	narratives	01	008	PrettymouthStory	
cortex_DorsAttn	46.425559555017166	122	narratives	01	008	PrettymouthStory	
cortex_Limbic	17.23909063498984	60	narratives	01	008	PrettymouthStory	
cortex_SalVentAttn	43.126132785480216	121	narratives	01	008	PrettymouthStory	
cortex_SomMot	44.59102430686596	194	narratives	01	008	PrettymouthStory	
cortex_Vis	37.82406267752246	162	narratives	01	008	PrettymouthStory	
subcortex_CAU	26.21113767330266	8	narratives	01	008	PrettymouthStory	
subcortex_PUT	25.827197533292292	8	narratives	01	008	PrettymouthStory	
subcortex_THA	26.29340351417664	14	narratives	01	008	PrettymouthStory	
cerebellum	36.637042925445904	88	narratives	01	008	TunnelRecency	
cortex_Cont	51.91488711771493	128	narratives	01	008	TunnelRecency	
cortex_Default	47.67759007823824	209	narratives	01	008	TunnelRecency	
cortex_DorsAttn	54.80086321174993	122	narratives	01	008	TunnelRecency	
cortex_Limbic	18.24252754203238	60	narratives	01	008	TunnelRecency	
cortex_SalVentAttn	49.09235668199476	121	narratives	01	008	TunnelRecency	
cortex_SomMot	52.87807120804359	194	narratives	01	008	TunnelRecency	
cortex_Vis	44.30192251652959	162	narratives	01	008	TunnelRecency	
subcortex_CAU	28.04181502108113	8	narratives	01	008	TunnelRecency	
subcortex_PUT	26.484600084047475	8	narratives	01	008	TunnelRecency	
subcortex_THA	27.344163089714076	14	narratives	01	008	TunnelRecency	
cerebellum	26.281573146239076	88	narratives	01	008	Tunnelpart1Recall	
cortex_Cont	35.41534200999125	128	narratives	01	008	Tunnelpart1Recall	
cortex_Default	33.610834707503805	209	narratives	01	008	Tunnelpart1Recall	
cortex_DorsAttn	40.115511549227975	122	narratives	01	008	Tunnelpart1Recall	
cortex_Limbic	13.36763377681206	60	narratives	01	008	Tunnelpart1Recall	
cortex_SalVentAttn	36.20933382351785	121	narratives	01	008	Tunnelpart1Recall	
cortex_SomMot	36.585824540109556	194	narratives	01	008	Tunnelpart1Recall	
cortex_Vis	31.333130194598063	162	narratives	01	008	Tunnelpart1Recall	
subcortex_CAU	22.321071082731105	8	narratives	01	008	Tunnelpart1Recall	
subcortex_PUT	23.218027492640136	8	narratives	01	008	Tunnelpart1Recall	
subcortex_THA	23.67562744860704	14	narratives	01	008	Tunnelpart1Recall	
cerebellum	31.67232866630442	88	narratives	01	008	Tunnelpart1Story	
cortex_Cont	40.97279478827315	128	narratives	01	008	Tunnelpart1Story	
cortex_Default	39.113533079017294	209	narratives	01	008	Tunnelpart1Story	
cortex_DorsAttn	43.38301610838227	122	narratives	01	008	Tunnelpart1Story	
cortex_Limbic	16.516879752516402	60	narratives	01	008	Tunnelpart1Story	
cortex_SalVentAttn	41.38185349986292	121	narratives	01	008	Tunnelpart1Story	
cortex_SomMot	40.99076259996411	194	narratives	01	008	Tunnelpart1Story	
cortex_Vis	35.41477572036473	162	narratives	01	008	Tunnelpart1Story	
subcortex_CAU	25.926046668772376	8	narratives	01	008	Tunnelpart1Story	
subcortex_PUT	24.94933672714909	8	narratives	01	008	Tunnelpart1Story	
subcortex_THA	26.435051070881872	14	narratives	01	008	Tunnelpart1Story	
cerebellum	30.507522942920954	88	narratives	01	008	Tunnelpart2Story	
cortex_Cont	41.065096482299886	128	narratives	01	008	Tunnelpart2Story	
cortex_Default	39.17178762632759	209	narratives	01	008	Tunnelpart2Story	
cortex_DorsAttn	41.956726283344814	122	narratives	01	008	Tunnelpart2Story	
cortex_Limbic	16.40576536057222	60	narratives	01	008	Tunnelpart2Story	
cortex_SalVentAttn	42.70983523468378	121	narratives	01	008	Tunnelpart2Story	
cortex_SomMot	42.67826004310208	194	narratives	01	008	Tunnelpart2Story	
cortex_Vis	35.10614295947469	162	narratives	01	008	Tunnelpart2Story	
subcortex_CAU	26.67635924634627	8	narratives	01	008	Tunnelpart2Story	
subcortex_PUT	25.827683868300227	8	narratives	01	008	Tunnelpart2Story	
subcortex_THA	26.668127242267097	14	narratives	01	008	Tunnelpart2Story	
cerebellum	25.912299905835084	88	narratives	01	009	PiemanRecall	
cortex_Cont	35.38330238185496	128	narratives	01	009	PiemanRecall	
cortex_Default	33.485242008669935	209	narratives	01	009	PiemanRecall	
cortex_DorsAttn	40.116974119259424	122	narratives	01	009	PiemanRecall	
cortex_Limbic	13.370519472613436	60	narratives	01	009	PiemanRecall	
cortex_SalVentAttn	36.50131122924604	121	narratives	01	009	PiemanRecall	
cortex_SomMot	37.652423487790266	194	narratives	01	009	PiemanRecall	
cortex_Vis	30.586977035279425	162	narratives	01	009	PiemanRecall	
subcortex_CAU	22.221459458411033	8	narratives	01	009	PiemanRecall	
subcortex_PUT	23.359596219132808	8	narratives	01	009	PiemanRecall	
subcortex_THA	24.147966683919886	14	narratives	01	009	PiemanRecall	
cerebellum	32.63934589574995	88	narratives	01	009	PiemanRecency	
cortex_Cont	43.778668216031015	128	narratives	01	009	PiemanRecency	
cortex_Default	41.32606536098715	209	narratives	01	009	PiemanRecency	
cortex_DorsAttn	48.00496347264287	122	narratives	01	009	PiemanRecency	
cortex_Limbic	16.46372134873564	60	narratives	01	009	PiemanRecency	
cortex_SalVentAttn	43.59598632590482	121	narratives	01	009	PiemanRecency	
cortex_SomMot	45.051805420024905	194	narratives	01	009	PiemanRecency	
cortex_Vis	39.92042103561333	162	narratives	01	009	PiemanRecency	
subcortex_CAU	26.457246667822023	8	narratives	01	009	PiemanRecency	
subcortex_PUT	25.940888712999175	8	narratives	01	009	PiemanRecency	
subcortex_THA	26.55368858948308	14	narratives	01	009	PiemanRecency	
cerebellum	33.38939924646954	88	narratives	01	009	PiemanStory	
cortex_Cont	44.04587715463914	128	narratives	01	009	PiemanStory	
cortex_Default	40.46987036664402	209	narratives	01	009	PiemanStory	
cortex_DorsAttn	46.999717130799866	122	narratives	01	009	PiemanStory	
cortex_Limbic	16.769119532564062	60	narratives	01	009	PiemanStory	
cortex_SalVentAttn	43.10170028666534	121	narratives	01	009	PiemanStory	
cortex_SomMot	44.14472491618308	194	narratives	01	009	PiemanStory	
cortex_Vis	37.5044167936234	162	narratives	01	009	PiemanStory	
subcortex_CAU	26.69976541037049	8	narratives	01	009	PiemanStory	
subcortex_PUT	25.940209124125428	8	narratives	01	009	PiemanStory	
subcortex_THA	26.51729083759992	14	narratives	01	009	PiemanStory	
cerebellum	25.143778517255498	88	narratives	01	009	SlumlordRecall	
cortex_Cont	34.97348378045166	128	narratives	01	009	SlumlordRecall	
cortex_Default	32.92796423735637	209	narratives	01	009	SlumlordRecall	
cortex_DorsAttn	38.407399964999826	122	narratives	01	009	SlumlordRecall	
cortex_Limbic	13.358101873934215	60	narratives	01	009	SlumlordRecall	
cortex_SalVentAttn	36.252805063912994	121	narratives	01	009	SlumlordRecall	
cortex_SomMot	36.691390647088454	194	narratives	01	009	SlumlordRecall	
cortex_Vis	29.3735681496138	162	narratives	01	009	SlumlordRecall	
subcortex_CAU	21.856354085543714	8	narratives	01	009	SlumlordRecall	
subcortex_PUT	22.896327149069613	8	narratives	01	009	SlumlordRecall	
subcortex_THA	23.733806429741186	14	narratives	01	009	SlumlordRecall	
cerebellum	35.17286239416469	88	narratives	01	009	SlumlordRecency	
cortex_Cont	50.47768368747789	128	narratives	01	009	SlumlordRecency	
cortex_Default	46.16017250022337	209	narratives	01	009	SlumlordRecency	
cortex_DorsAttn	53.1481679209017	122	narratives	01	009	SlumlordRecency	
cortex_Limbic	18.4158394191792	60	narratives	01	009	SlumlordRecency	
cortex_SalVentAttn	47.44280456737127	121	narratives	01	009	SlumlordRecency	
cortex_SomMot	50.61800381235251	194	narratives	01	009	SlumlordRecency	
cortex_Vis	42.68518757400682	162	narratives	01	009	SlumlordRecency	
subcortex_CAU	27.825833631174767	8	narratives	01	009	SlumlordRecency	
subcortex_PUT	26.899997950559733	8	narratives	01	009	SlumlordRecency	
subcortex_THA	27.017432916371657	14	narratives	01	009	SlumlordRecency	
cerebellum	32.92512849573762	88	narratives	01	009	SlumlordStory	
cortex_Cont	45.311043125808226	128	narratives	01	009	SlumlordStory	
cortex_Default	41.51271421854956	209	narratives	01	009	SlumlordStory	
cortex_DorsAttn	46.99563011858522	122	narratives	01	009	SlumlordStory	
cortex_Limbic	17.15702912784115	60	narratives	01	009	SlumlordStory	
cortex_SalVentAttn	43.558624107080895	121	narratives	01	009	SlumlordStory	
cortex_SomMot	44.9567208142695	194	narratives	01	009	SlumlordStory	
cortex_Vis	38.67522456676664	162	narratives	01	009	SlumlordStory	
subcortex_CAU	26.889339965756626	8	narratives	01	009	SlumlordStory	
subcortex_PUT	26.281793804900605	8	narratives	01	009	SlumlordStory	
subcortex_THA	26.526492666537358	14	narratives	01	009	SlumlordStory	
cerebellum	25.771077710772694	88	narratives	01	010	PrettymouthRecall	
cortex_Cont	34.981345754659536	128	narratives	01	010	PrettymouthRecall	
cortex_Default	33.00546691344563	209	narratives	01	010	PrettymouthRecall	
cortex_DorsAttn	38.23924759610543	122	narratives	01	010	PrettymouthRecall	
cortex_Limbic	13.930411443418866	60	narratives	01	010	PrettymouthRecall	
cortex_SalVentAttn	36.31069383198522	121	narratives	01	010	PrettymouthRecall	
cortex_SomMot	36.17686738352047	194	narratives	01	010	PrettymouthRecall	
cortex_Vis	29.952737666087845	162	narratives	01	010	PrettymouthRecall	
subcortex_CAU	22.549573382573392	8	narratives	01	010	PrettymouthRecall	
subcortex_PUT	23.655476733164956	8	narratives	01	010	PrettymouthRecall	
subcortex_THA	23.90492970218941	14	narratives	01	010	PrettymouthRecall	
cerebellum	37.00685692143837	88	narratives	01	010	PrettymouthRecency	
cortex_Cont	53.13066217972739	128	narratives	01	010	PrettymouthRecency	
cortex_Default	49.12565000985549	209	narratives	01	010	PrettymouthRecency	
cortex_DorsAttn	55.995431039904936	122	narratives	01	010	PrettymouthRecency	
cortex_Limbic	18.682395203186864	60	narratives	01	010	PrettymouthRecency	
cortex_SalVentAttn	50.43424855058289	121	narratives	01	010	PrettymouthRecency	
cortex_SomMot	53.794155379674876	194	narratives	01	010	PrettymouthRecency	
cortex_Vis	45.01023868770626	162	narratives	01	010	PrettymouthRecency	
subcortex_CAU	29.24995134651816	8	narratives	01	010	PrettymouthRecency	
subcortex_PUT	27.021082124248654	8	narratives	01	010	PrettymouthRecency	
subcortex_THA	27.319240381771966	14	narratives	01	010	PrettymouthRecency	
cerebellum	35.18041848393079	88	narratives	01	010	PrettymouthStory	
cortex_Cont	48.2489720903662	128	narratives	01	010	PrettymouthStory	
cortex_Default	44.71274157955181	209	narratives	01	010	PrettymouthStory	
cortex_DorsAttn	52.286103614209594	122	narratives	01	010	PrettymouthStory	
cortex_Limbic	17.462397536152476	60	narratives	01	010	PrettymouthStory	
cortex_SalVentAttn	46.295956713078006	121	narratives	01	010	PrettymouthStory	
cortex_SomMot	48.172902699511084	194	narratives	01	010	PrettymouthStory	
cortex_Vis	41.67332011582438	162	narratives	01	010	PrettymouthStory	
subcortex_CAU	27.509424599512137	8	narratives	01	010	PrettymouthStory	
subcortex_PUT	26.476194116010248	8	narratives	01	010	PrettymouthStory	
subcortex_THA	26.769290332917603	14	narratives	01	010	PrettymouthStory	
cerebellum	35.151707046423816	88	narratives	01	010	TunnelRecency	
cortex_Cont	50.38965354800704	128	narratives	01	010	TunnelRecency	
cortex_Default	46.284520147500274	209	narratives	01	010	TunnelRecency	
cortex_DorsAttn	54.19782000787667	122	narratives	01	010	TunnelRecency	
cortex_Limbic	18.344905421146528	60	narratives	01	010	TunnelRecency	
cortex_SalVentAttn	48.849001556390235	121	narratives	01	010	TunnelRecency	
cortex_SomMot	52.10574480553722	194	narratives	01	010	TunnelRecency	
cortex_Vis	42.96251634934217	162	narratives	01	010	TunnelRecency	
subcortex_CAU	27.809563762752422	8	narratives	01	010	TunnelRecency	
subcortex_PUT	26.70050509385953	8	narratives	01	010	TunnelRecency	
subcortex_THA	27.000638519062903	14	narratives	01	010	TunnelRecency	
cerebellum	26.247461778542608	88	narratives	01	010	Tunnelpart1Recall	
cortex_Cont	36.54250763080522	128	narratives	01	010	Tunnelpart1Recall	
cortex_Default	34.55511997954006	209	narratives	01	010	Tunnelpart1Recall	
cortex_DorsAttn	39.52142727587881	122	narratives	01	010	Tunnelpart1Recall	
cortex_Limbic	13.96975221385502	60	narratives	01	010	Tunnelpart1Recall	
cortex_SalVentAttn	37.432912197181636	121	narratives	01	010	Tunnelpart1Recall	
cortex_SomMot	37.769655766284146	194	narratives	01	010	Tunnelpart1Recall	
cortex_Vis	30.63443984334163	162	narratives	01	010	Tunnelpart1Recall	
subcortex_CAU	23.208408454248154	8	narratives	01	010	Tunnelpart1Recall	
subcortex_PUT	23.052681889117018	8	narratives	01	010	Tunnelpart1Recall	
subcortex_THA	24.15361753873352	14	narratives	01	010	Tunnelpart1Recall	
cerebellum	34.87227776107017	88	narratives	01	010	Tunnelpart1Story	
cortex_Cont	49.80106723500594	128	narratives	01	010	Tunnelpart1Story	
cortex_Default	46.00203492305975	209	narratives	01	010	Tunnelpart1Story	
cortex_DorsAttn	52.626001698152464	122	narratives	01	010	Tunnelpart1Story	
cortex_Limbic	17.488668463785924	60	narratives	01	010	Tunnelpart1Story	
cortex_SalVentAttn	48.024348002919496	121	narratives	01	010	Tunnelpart1Story	
cortex_SomMot	49.99692225055843	194	narratives	01	010	Tunnelpart1Story	
cortex_Vis	42.083697685764534	162	narratives	01	010	Tunnelpart1Story	
subcortex_CAU	27.93738068947516	8	narratives	01	010	Tunnelpart1Story	
subcortex_PUT	26.845416526043536	8	narratives	01	010	Tunnelpart1Story	
subcortex_THA	26.960584940664145	14	narratives	01	010	Tunnelpart1Story	
cerebellum	25.348709312103676	88	narratives	01	010	Tunnelpart2Recall	
cortex_Cont	34.24467989510853	128	narratives	01	010	Tunnelpart2Recall	
cortex_Default	32.36163512385826	209	narratives	01	010	Tunnelpart2Recall	
cortex_DorsAttn	37.586062172845885	122	narratives	01	010	Tunnelpart2Recall	
cortex_Limbic	13.389087839658535	60	narratives	01	010	Tunnelpart2Recall	
cortex_SalVentAttn	35.57181812015189	121	narratives	01	010	Tunnelpart2Recall	
cortex_SomMot	35.57411424073433	194	narratives	01	010	Tunnelpart2Recall	
cortex_Vis	29.49623731174095	162	narratives	01	010	Tunnelpart2Recall	
subcortex_CAU	22.920400824922467	8	narratives	01	010	Tunnelpart2Recall	
subcortex_PUT	22.564216401061227	8	narratives	01	010	Tunnelpart2Recall	
subcortex_THA	23.74870917009528	14	narratives	01	010	Tunnelpart2Recall	
cerebellum	32.9296276554094	88	narratives	01	010	Tunnelpart2Story	
cortex_Cont	44.24222572100758	128	narratives	01	010	Tunnelpart2Story	
cortex_Default	41.34103580769872	209	narratives	01	010	Tunnelpart2Story	
cortex_DorsAttn	48.449704362539315	122	narratives	01	010	Tunnelpart2Story	
cortex_Limbic	16.651546676682802	60	narratives	01	010	Tunnelpart2Story	
cortex_SalVentAttn	43.9923844304253	121	narratives	01	010	Tunnelpart2Story	
cortex_SomMot	45.602949919032916	194	narratives	01	010	Tunnelpart2Story	
cortex_Vis	38.33872915254672	162	narratives	01	010	Tunnelpart2Story	
subcortex_CAU	26.460120183963802	8	narratives	01	010	Tunnelpart2Story	
subcortex_PUT	25.625446465969244	8	narratives	01	010	Tunnelpart2Story	
subcortex_THA	26.23344089735423	14	narratives	01	010	Tunnelpart2Story	
cerebellum	25.760343333354374	88	narratives	01	011	PiemanRecall	
cortex_Cont	36.089985967382525	128	narratives	01	011	PiemanRecall	
cortex_Default	33.406019152745536	209	narratives	01	011	PiemanRecall	
cortex_DorsAttn	39.79610229031703	122	narratives	01	011	PiemanRecall	
cortex_Limbic	13.48625454019949	60	narratives	01	011	PiemanRecall	
cortex_SalVentAttn	36.5154959923036	121	narratives	01	011	PiemanRecall	
cortex_SomMot	37.1506215181902	194	narratives	01	011	PiemanRecall	
cortex_Vis	31.213184143114866	162	narratives	01	011	PiemanRecall	
subcortex_CAU	22.621363474674204	8	narratives	01	011	PiemanRecall	
subcortex_PUT	23.296060158859113	8	narratives	01	011	PiemanRecall	
subcortex_THA	23.768456236618896	14	narratives	01	011	PiemanRecall	
cerebellum	34.82829140473448	88	narratives	01	011	PiemanStory	
cortex_Cont	47.36992934580607	128	narratives	01	011	PiemanStory	
cortex_Default	43.8907383109239	209	narratives	01	011	PiemanStory	
cortex_DorsAttn	50.67251656871371	122	narratives	01	011	PiemanStory	
cortex_Limbic	17.413585975911662	60	narratives	01	011	PiemanStory	
cortex_SalVentAttn	45.48479584315326	121	narratives	01	011	PiemanStory	
cortex_SomMot	48.00803078087208	194	narratives	01	011	PiemanStory	
cortex_Vis	42.80635292677375	162	narratives	01	011	PiemanStory	
subcortex_CAU	27.03528773619858	8	narratives	01	011	PiemanStory	
subcortex_PUT	27.2565576726093	8	narratives	01	011	PiemanStory	
subcortex_THA	27.09196724637286	14	narratives	01	011	PiemanStory	
cerebellum	24.43946280002981	88	narratives	01	011	SlumlordRecall	
cortex_Cont	33.97333277516582	128	narratives	01	011	SlumlordRecall	
cortex_Default	31.795937087969836	209	narratives	01	011	SlumlordRecall	
cortex_DorsAttn	37.59755321254033	122	narratives	01	011	SlumlordRecall	
cortex_Limbic	13.117231698828254	60	narratives	01	011	SlumlordRecall	
cortex_SalVentAttn	35.14155750766474	121	narratives	01	011	SlumlordRecall	
cortex_SomMot	35.31127828308343	194	narratives	01	011	SlumlordRecall	
cortex_Vis	29.435947871550493	162	narratives	01	011	SlumlordRecall	
subcortex_CAU	21.935147393193752	8	narratives	01	011	SlumlordRecall	
subcortex_PUT	23.152840148778115	8	narratives	01	011	SlumlordRecall	
subcortex_THA	23.45750541916161	14	narratives	01	011	SlumlordRecall	
cerebellum	34.61511029328684	88	narratives	01	011	SlumlordRecency	
cortex_Cont	49.657078896463304	128	narratives	01	011	SlumlordRecency	
cortex_Default	46.020016159779274	209	narratives	01	011	SlumlordRecency	
cortex_DorsAttn	51.39975409916536	122	narratives	01	011	SlumlordRecency	
cortex_Limbic	18.26177947946389	60	narratives	01	011	SlumlordRecency	
cortex_SalVentAttn	46.97957403063025	121	narratives	01	011	SlumlordRecency	
cortex_SomMot	49.80162400695319	194	narratives	01	011	SlumlordRecency	
cortex_Vis	42.7880553662383	162	narratives	01	011	SlumlordRecency	
subcortex_CAU	27.644393577580047	8	narratives	01	011	SlumlordRecency	
subcortex_PUT	26.904643806912787	8	narratives	01	011	SlumlordRecency	
subcortex_THA	26.84157006277974	14	narratives	01	011	SlumlordRecency	
cerebellum	33.907276095999705	88	narratives	01	011	SlumlordStory	
cortex_Cont	47.0858004090164	128	narratives	01	011	SlumlordStory	
cortex_Default	43.56389232170446	209	narratives	01	011	SlumlordStory	
cortex_DorsAttn	49.120855012623686	122	narratives	01	011	SlumlordStory	
cortex_Limbic	17.482839791155353	60	narratives	01	011	SlumlordStory	
cortex_SalVentAttn	45.207626041439646	121	narratives	01	011	SlumlordStory	
cortex_SomMot	47.966848768175936	194	narratives	01	011	SlumlordStory	
cortex_Vis	40.458436998260616	162	narratives	01	011	SlumlordStory	
subcortex_CAU	27.958687585063718	8	narratives	01	011	SlumlordStory	
subcortex_PUT	27.140321631989096	8	narratives	01	011	SlumlordStory	
subcortex_THA	26.892045047898442	14	narratives	01	011	SlumlordStory	
cerebellum	36.019467640800386	88	narratives	01	012	PrettymouthRecency	
cortex_Cont	49.04874371187717	128	narratives	01	012	PrettymouthRecency	
cortex_Default	45.61608400455945	209	narratives	01	012	PrettymouthRecency	
cortex_DorsAttn	52.487787985629744	122	narratives	01	012	PrettymouthRecency	
cortex_Limbic	18.29996553540875	60	narratives	01	012	PrettymouthRecency	
cortex_SalVentAttn	47.02397308450457	121	narratives	01	012	PrettymouthRecency	
cortex_SomMot	48.79551370485675	194	narratives	01	012	PrettymouthRecency	
cortex_Vis	44.36750277106727	162	narratives	01	012	PrettymouthRecency	
subcortex_CAU	27.5631193732181	8	narratives	01	012	PrettymouthRecency	
subcortex_PUT	26.47215985315994	8	narratives	01	012	PrettymouthRecency	
subcortex_THA	27.049922241873816	14	narratives	01	012	PrettymouthRecency	
cerebellum	34.87481422745483	88	narratives	01	012	PrettymouthStory	
cortex_Cont	47.680988773443524	128	narratives	01	012	PrettymouthStory	
cortex_Default	44.235825522453645	209	narratives	01	012	PrettymouthStory	
cortex_DorsAttn	51.89658352181378	122	narratives	01	012	PrettymouthStory	
cortex_Limbic	16.735617553960186	60	narratives	01	012	PrettymouthStory	
cortex_SalVentAttn	45.796308128194745	121	narratives	01	012	PrettymouthStory	
cortex_SomMot	48.74876887029827	194	narratives	01	012	PrettymouthStory	
cortex_Vis	42.43725215775174	162	narratives	01	012	PrettymouthStory	
subcortex_CAU	26.419101738969236	8	narratives	01	012	PrettymouthStory	
subcortex_PUT	26.653547245633213	8	narratives	01	012	PrettymouthStory	
subcortex_THA	27.0314739545969	14	narratives	01	012	PrettymouthStory	
cerebellum	24.920658235222994	88	narratives	01	012	Tunnelpart1Recall	
cortex_Cont	34.107744152810895	128	narratives	01	012	Tunnelpart1Recall	
cortex_Default	32.738948428675364	209	narratives	01	012	Tunnelpart1Recall	
cortex_DorsAttn	37.65896325425945	122	narratives	01	012	Tunnelpart1Recall	
cortex_Limbic	13.168344350903324	60	narratives	01	012	Tunnelpart1Recall	
cortex_SalVentAttn	35.45906261400633	121	narratives	01	012	Tunnelpart1Recall	
cortex_SomMot	35.944773167707666	194	narratives	01	012	Tunnelpart1Recall	
cortex_Vis	29.578449076170177	162	narratives	01	012	Tunnelpart1Recall	
subcortex_CAU	21.750670248487385	8	narratives	01	012	Tunnelpart1Recall	
subcortex_PUT	23.572857270872095	8	narratives	01	012	Tunnelpart1Recall	
subcortex_THA	23.713604993709147	14	narratives	01	012	Tunnelpart1Recall	
cerebellum	27.646528438499214	88	narratives	01	012	Tunnelpart1Story	
cortex_Cont	33.198820212351194	128	narratives	01	012	Tunnelpart1Story	
cortex_Default	33.22762268331961	209	narratives	01	012	Tunnelpart1Story	
cortex_DorsAttn	34.397456954103134	122	narratives	01	012	Tunnelpart1Story	
cortex_Limbic	14.697784420001716	60	narratives	01	012	Tunnelpart1Story	
cortex_SalVentAttn	34.80881182774089	121	narratives	01	012	Tunnelpart1Story	
cortex_SomMot	31.457472915862244	194	narratives	01	012	Tunnelpart1Story	
cortex_Vis	30.620636755888242	162	narratives	01	012	Tunnelpart1Story	
subcortex_CAU	24.408435402473238	8	narratives	01	012	Tunnelpart1Story	
subcortex_PUT	24.393098725066434	8	narratives	01	012	Tunnelpart1Story	
subcortex_THA	24.800618693878175	14	narratives	01	012	Tunnelpart1Story	
cerebellum	26.46043286222148	88	narratives	01	012	Tunnelpart2Recall	
cortex_Cont	37.13572072779602	128	narratives	01	012	Tunnelpart2Recall	
cortex_Default	34.86290122149596	209	narratives	01	012	Tunnelpart2Recall	
cortex_DorsAttn	40.997738792011496	122	narratives	01	012	Tunnelpart2Recall	
cortex_Limbic	13.975829874115778	60	narratives	01	012	Tunnelpart2Recall	
cortex_SalVentAttn	37.69261323447832	121	narratives	01	012	Tunnelpart2Recall	
cortex_SomMot	38.54115482182106	194	narratives	01	012	Tunnelpart2Recall	
cortex_Vis	32.10263020530276	162	narratives	01	012	Tunnelpart2Recall	
subcortex_CAU	22.9148066223495	8	narratives	01	012	Tunnelpart2Recall	
subcortex_PUT	23.317256108543766	8	narratives	01	012	Tunnelpart2Recall	
subcortex_THA	24.325628977205014	14	narratives	01	012	Tunnelpart2Recall	
cerebellum	35.02849727619075	88	narratives	01	012	Tunnelpart2Story	
cortex_Cont	45.2685843852356	128	narratives	01	012	Tunnelpart2Story	
cortex_Default	42.40258066035886	209	narratives	01	012	Tunnelpart2Story	
cortex_DorsAttn	49.55233930252717	122	narratives	01	012	Tunnelpart2Story	
cortex_Limbic	16.828205302216325	60	narratives	01	012	Tunnelpart2Story	
cortex_SalVentAttn	44.499006670905636	121	narratives	01	012	Tunnelpart2Story	
cortex_SomMot	47.81633999273914	194	narratives	01	012	Tunnelpart2Story	
cortex_Vis	40.29462988548201	162	narratives	01	012	Tunnelpart2Story	
subcortex_CAU	26.1720370567501	8	narratives	01	012	Tunnelpart2Story	
subcortex_PUT	25.829585340533256	8	narratives	01	012	Tunnelpart2Story	
subcortex_THA	26.592154279184655	14	narratives	01	012	Tunnelpart2Story	
cerebellum	15.66023012314418	88	narratives	02	001	ForgotRecall	
cortex_Cont	32.13901793219724	128	narratives	02	001	ForgotRecall	
cortex_Default	30.049866810637468	209	narratives	02	001	ForgotRecall	
cortex_DorsAttn	33.82529551070944	122	narratives	02	001	ForgotRecall	
cortex_Limbic	13.257380488355372	60	narratives	02	001	ForgotRecall	
cortex_SalVentAttn	32.58406407998665	121	narratives	02	001	ForgotRecall	
cortex_SomMot	31.849205716577288	194	narratives	02	001	ForgotRecall	
cortex_Vis	27.077926254633226	162	narratives	02	001	ForgotRecall	
subcortex_CAU	27.576680166669192	8	narratives	02	001	ForgotRecall	
subcortex_PUT	27.69277319748607	8	narratives	02	001	ForgotRecall	
subcortex_THA	24.00751297022979	14	narratives	02	001	ForgotRecall	
cerebellum	22.25739975314688	88	narratives	02	001	ForgotRecency	
cortex_Cont	48.0523800957902	128	narratives	02	001	ForgotRecency	
cortex_Default	42.806432100766514	209	narratives	02	001	ForgotRecency	
cortex_DorsAttn	51.616105638892655	122	narratives	02	001	ForgotRecency	
cortex_Limbic	17.186208311246407	60	narratives	02	001	ForgotRecency	
cortex_SalVentAttn	43.67052425583492	121	narratives	02	001	ForgotRecency	
cortex_SomMot	45.368659673523624	194	narratives	02	001	ForgotRecency	
cortex_Vis	41.15350955690395	162	narratives	02	001	ForgotRecency	
subcortex_CAU	31.413264390760155	8	narratives	02	001	ForgotRecency	
subcortex_PUT	29.31520699081927	8	narratives	02	001	ForgotRecency	
subcortex_THA	26.521801340501632	14	narratives	02	001	ForgotRecency	
cerebellum	15.650512832113575	88	narratives	02	001	ForgotStory	
cortex_Cont	36.60490188622205	128	narratives	02	001	ForgotStory	
cortex_Default	33.82741923891076	209	narratives	02	001	ForgotStory	
cortex_DorsAttn	35.54883988310528	122	narratives	02	001	ForgotStory	
cortex_Limbic	14.786258421702579	60	narratives	02	001	ForgotStory	
cortex_SalVentAttn	35.986660348425424	121	narratives	02	001	ForgotStory	
cortex_SomMot	34.93209021331965	194	narratives	02	001	ForgotStory	
cortex_Vis	29.485605169943444	162	narratives	02	001	ForgotStory	
subcortex_CAU	29.43168896558055	8	narratives	02	001	ForgotStory	
subcortex_PUT	28.488769213837266	8	narratives	02	001	ForgotStory	
subcortex_THA	24.13469834371224	14	narratives	02	001	ForgotStory	
cerebellum	15.781458428117311	88	narratives	02	001	LucyRecall	
cortex_Cont	29.63057859497997	128	narratives	02	001	LucyRecall	
cortex_Default	28.11566144776381	209	narratives	02	001	LucyRecall	
cortex_DorsAttn	30.618629820166973	122	narratives	02	001	LucyRecall	
cortex_Limbic	13.140412971408614	60	narratives	02	001	LucyRecall	
cortex_SalVentAttn	30.93515898146935	121	narratives	02	001	LucyRecall	
cortex_SomMot	29.32008754525988	194	narratives	02	001	LucyRecall	
cortex_Vis	25.364878537338534	162	narratives	02	001	LucyRecall	
subcortex_CAU	27.274111653881043	8	narratives	02	001	LucyRecall	
subcortex_PUT	27.44555753738175	8	narratives	02	001	LucyRecall	
subcortex_THA	24.071707677036983	14	narratives	02	001	LucyRecall	
cerebellum	22.572039790314673	88	narratives	02	001	LucyRecency	
cortex_Cont	45.91874375289291	128	narratives	02	001	LucyRecency	
cortex_Default	41.63097578763238	209	narratives	02	001	LucyRecency	
cortex_DorsAttn	48.547290209093674	122	narratives	02	001	LucyRecency	
cortex_Limbic	17.42287060185656	60	narratives	02	001	LucyRecency	
cortex_SalVentAttn	42.48457332576778	121	narratives	02	001	LucyRecency	
cortex_SomMot	43.80752166259091	194	narratives	02	001	LucyRecency	
cortex_Vis	39.14733873941389	162	narratives	02	001	LucyRecency	
subcortex_CAU	31.46732874191959	8	narratives	02	001	LucyRecency	
subcortex_PUT	29.404190080304275	8	narratives	02	001	LucyRecency	
subcortex_THA	26.527403975855005	14	narratives	02	001	LucyRecency	
cerebellum	16.698389104573803	88	narratives	02	001	LucyStory	
cortex_Cont	35.25952053203495	128	narratives	02	001	LucyStory	
cortex_Default	32.55642638999557	209	narratives	02	001	LucyStory	
cortex_DorsAttn	34.487211392697084	122	narratives	02	001	LucyStory	
cortex_Limbic	14.151593744384162	60	narratives	02	001	LucyStory	
cortex_SalVentAttn	34.33324483680273	121	narratives	02	001	LucyStory	
cortex_SomMot	32.941923204723054	194	narratives	02	001	LucyStory	
cortex_Vis	29.629470997037465	162	narratives	02	001	LucyStory	
subcortex_CAU	29.006815195461517	8	narratives	02	001	LucyStory	
subcortex_PUT	28.374757971296177	8	narratives	02	001	LucyStory	
subcortex_THA	23.63441483012931	14	narratives	02	001	LucyStory	
cerebellum	19.51352109328378	88	narratives	02	002	BlackRecall	
cortex_Cont	34.44758964328538	128	narratives	02	002	BlackRecall	
cortex_Default	31.994153464699416	209	narratives	02	002	BlackRecall	
cortex_DorsAttn	36.867373045169096	122	narratives	02	002	BlackRecall	
cortex_Limbic	14.144624469516966	60	narratives	02	002	BlackRecall	
cortex_SalVentAttn	33.95790559355647	121	narratives	02	002	BlackRecall	
cortex_SomMot	33.97953865543765	194	narratives	02	002	BlackRecall	
cortex_Vis	30.53413490580753	162	narratives	02	002	BlackRecall	
subcortex_CAU	27.776997691496298	8	narratives	02	002	BlackRecall	
subcortex_PUT	27.426161535457968	8	narratives	02	002	BlackRecall	
subcortex_THA	24.09115949588298	14	narratives	02	002	BlackRecall	
cerebellum	26.263712947904143	88	narratives	02	002	BlackRecency	
cortex_Cont	45.31640879879344	128	narratives	02	002	BlackRecency	
cortex_Default	41.05246266682818	209	narratives	02	002	BlackRecency	
cortex_DorsAttn	49.12232930230055	122	narratives	02	002	BlackRecency	
cortex_Limbic	17.864811932125587	60	narratives	02	002	BlackRecency	
cortex_SalVentAttn	42.27209638722006	121	narratives	02	002	BlackRecency	
cortex_SomMot	44.53635469830269	194	narratives	02	002	BlackRecency	
cortex_Vis	41.25223532211996	162	narratives	02	002	BlackRecency	
subcortex_CAU	30.360337254564122	8	narratives	02	002	BlackRecency	
subcortex_PUT	29.204731940392303	8	narratives	02	002	BlackRecency	
subcortex_THA	25.96285466253705	14	narratives	02	002	BlackRecency	
cerebellum	18.64211219494289	88	narratives	02	002	BlackStory	
cortex_Cont	37.94231254480148	128	narratives	02	002	BlackStory	
cortex_Default	35.3425431235997	209	narratives	02	002	BlackStory	
cortex_DorsAttn	37.80312951248191	122	narratives	02	002	BlackStory	
cortex_Limbic	15.445571318396935	60	narratives	02	002	BlackStory	
cortex_SalVentAttn	37.60562332791054	121	narratives	02	002	BlackStory	
cortex_SomMot	37.250571177652276	194	narratives	02	002	BlackStory	
cortex_Vis	30.987407083687522	162	narratives	02	002	BlackStory	
subcortex_CAU	30.22638634150607	8	narratives	02	002	BlackStory	
subcortex_PUT	28.87278608753387	8	narratives	02	002	BlackStory	
subcortex_THA	25.248740084132226	14	narratives	02	002	BlackStory	
cerebellum	16.496577403985068	88	narratives	02	002	NotthefallintactRecall	
cortex_Cont	29.572817936049745	128	narratives	02	002	NotthefallintactRecall	
cortex_Default	28.091638277534713	209	narratives	02	002	NotthefallintactRecall	
cortex_DorsAttn	31.017351373468472	122	narratives	02	002	NotthefallintactRecall	
cortex_Limbic	12.814875931166535	60	narratives	02	002	NotthefallintactRecall	
cortex_SalVentAttn	29.88004496445982	121	narratives	02	002	NotthefallintactRecall	
cortex_SomMot	28.903558663581215	194	narratives	02	002	NotthefallintactRecall	
cortex_Vis	26.382944376418504	162	narratives	02	002	NotthefallintactRecall	
subcortex_CAU	26.517001046864443	8	narratives	02	002	NotthefallintactRecall	
subcortex_PUT	26.16774756964795	8	narratives	02	002	NotthefallintactRecall	
subcortex_THA	22.665592026799867	14	narratives	02	002	NotthefallintactRecall	
cerebellum	22.973313344240434	88	narratives	02	002	NotthefallintactRecency	
cortex_Cont	44.34692346831125	128	narratives	02	002	NotthefallintactRecency	
cortex_Default	40.59635267217042	209	narratives	02	002	NotthefallintactRecency	
cortex_DorsAttn	48.80992813862129	122	narratives	02	002	NotthefallintactRecency	
cortex_Limbic	17.11013050108919	60	narratives	02	002	NotthefallintactRecency	
cortex_SalVentAttn	41.086351540514165	121	narratives	02	002	NotthefallintactRecency	
cortex_SomMot	42.73778136720333	194	narratives	02	002	NotthefallintactRecency	
cortex_Vis	40.213317613392206	162	narratives	02	002	NotthefallintactRecency	
subcortex_CAU	29.650506869300063	8	narratives	02	002	NotthefallintactRecency	
subcortex_PUT	28.418090047016193	8	narratives	02	002	NotthefallintactRecency	
subcortex_THA	25.165207981010614	14	narratives	02	002	NotthefallintactRecency	
cerebellum	17.45366186619001	88	narratives	02	002	NotthefallintactStory	
cortex_Cont	33.38510100783699	128	narratives	02	002	NotthefallintactStory	
cortex_Default	31.672427932627325	209	narratives	02	002	NotthefallintactStory	
cortex_DorsAttn	34.11545344668304	122	narratives	02	002	NotthefallintactStory	
cortex_Limbic	14.35129700499978	60	narratives	02	002	NotthefallintactStory	
cortex_SalVentAttn	34.6148706635559	121	narratives	02	002	NotthefallintactStory	
cortex_SomMot	34.351010995755345	194	narratives	02	002	NotthefallintactStory	
cortex_Vis	28.10943168822667	162	narratives	02	002	NotthefallintactStory	
subcortex_CAU	28.45816403438043	8	narratives	02	002	NotthefallintactStory	
subcortex_PUT	27.73604355114221	8	narratives	02	002	NotthefallintactStory	
subcortex_THA	24.227618103036825	14	narratives	02	002	NotthefallintactStory	
cerebellum	15.43844078822246	88	narratives	02	003	ForgotRecall	
cortex_Cont	31.054857650281463	128	narratives	02	003	ForgotRecall	
cortex_Default	28.975929170006566	209	narratives	02	003	ForgotRecall	
cortex_DorsAttn	31.037335263947785	122	narratives	02	003	ForgotRecall	
cortex_Limbic	13.124918671526185	60	narratives	02	003	ForgotRecall	
cortex_SalVentAttn	31.27292441083667	121	narratives	02	003	ForgotRecall	
cortex_SomMot	29.49897504020642	194	narratives	02	003	ForgotRecall	
cortex_Vis	25.31793434679811	162	narratives	02	003	ForgotRecall	
subcortex_CAU	27.780236080378376	8	narratives	02	003	ForgotRecall	
subcortex_PUT	27.049311861272944	8	narratives	02	003	ForgotRecall	
subcortex_THA	23.48693890487056	14	narratives	02	003	ForgotRecall	
cerebellum	22.776531129393955	88	narratives	02	003	ForgotRecency	
cortex_Cont	46.60691332933568	128	narratives	02	003	ForgotRecency	
cortex_Default	41.30600213734803	209	narratives	02	003	ForgotRecency	
cortex_DorsAttn	50.22578190266796	122	narratives	02	003	ForgotRecency	
cortex_Limbic	17.044948157274185	60	narratives	02	003	ForgotRecency	
cortex_SalVentAttn	43.12109394170002	121	narratives	02	003	ForgotRecency	
cortex_SomMot	44.98320337224946	194	narratives	02	003	ForgotRecency	
cortex_Vis	39.40107769378134	162	narratives	02	003	ForgotRecency	
subcortex_CAU	31.241275521325353	8	narratives	02	003	ForgotRecency	
subcortex_PUT	29.30826170693922	8	narratives	02	003	ForgotRecency	
subcortex_THA	26.52211760713525	14	narratives	02	003	ForgotRecency	
cerebellum	15.98661188838072	88	narratives	02	003	ForgotStory	
cortex_Cont	35.569260831927394	128	narratives	02	003	ForgotStory	
cortex_Default	32.756337309031544	209	narratives	02	003	ForgotStory	
cortex_DorsAttn	35.59154537379109	122	narratives	02	003	ForgotStory	
cortex_Limbic	14.842192535654554	60	narratives	02	003	ForgotStory	
cortex_SalVentAttn	34.88715702998372	121	narratives	02	003	ForgotStory	
cortex_SomMot	33.766018307509086	194	narratives	02	003	ForgotStory	
cortex_Vis	28.873397456484387	162	narratives	02	003	ForgotStory	
subcortex_CAU	29.70093493704274	8	narratives	02	003	ForgotStory	
subcortex_PUT	28.45866739370429	8	narratives	02	003	ForgotStory	
subcortex_THA	24.37962302777242	14	narratives	02	003	ForgotStory	
cerebellum	15.87321537526469	88	narratives	02	003	LucyRecall	
cortex_Cont	31.11125882496343	128	narratives	02	003	LucyRecall	
cortex_Default	29.357067892981902	209	narratives	02	003	LucyRecall	
cortex_DorsAttn	30.902542296181963	122	narratives	02	003	LucyRecall	
cortex_Limbic	13.174654598583526	60	narratives	02	003	LucyRecall	
cortex_SalVentAttn	31.57400300854564	121	narratives	02	003	LucyRecall	
cortex_SomMot	30.065874204114536	194	narratives	02	003	LucyRecall	
cortex_Vis	25.8831966029732	162	narratives	02	003	LucyRecall	
subcortex_CAU	27.97824029751924	8	narratives	02	003	LucyRecall	
subcortex_PUT	27.350855301790432	8	narratives	02	003	LucyRecall	
subcortex_THA	23.531384174101568	14	narratives	02	003	LucyRecall	
cerebellum	22.18848813914111	88	narratives	02	003	LucyRecency	
cortex_Cont	44.06046730900182	128	narratives	02	003	LucyRecency	
cortex_Default	39.45779033399207	209	narratives	02	003	LucyRecency	
cortex_DorsAttn	44.94326805848628	122	narratives	02	003	LucyRecency	
cortex_Limbic	16.520729816203964	60	narratives	02	003	LucyRecency	
cortex_SalVentAttn	40.643245832210965	121	narratives	02	003	LucyRecency	
cortex_SomMot	40.61856615285871	194	narratives	02	003	LucyRecency	
cortex_Vis	37.06913572347201	162	narratives	02	003	LucyRecency	
subcortex_CAU	31.122800377218994	8	narratives	02	003	LucyRecency	
subcortex_PUT	28.769295167573425	8	narratives	02	003	LucyRecency	
subcortex_THA	25.750047513415783	14	narratives	02	003	LucyRecency	
cerebellum	15.621062048245227	88	narratives	02	003	LucyStory	
cortex_Cont	35.76826033274933	128	narratives	02	003	LucyStory	
cortex_Default	32.826999636609955	209	narratives	02	003	LucyStory	
cortex_DorsAttn	33.58611837131567	122	narratives	02	003	LucyStory	
cortex_Limbic	14.795212281382025	60	narratives	02	003	LucyStory	
cortex_SalVentAttn	34.31263989143831	121	narratives	02	003	LucyStory	
cortex_SomMot	33.29280277940246	194	narratives	02	003	LucyStory	
cortex_Vis	28.16113369633904	162	narratives	02	003	LucyStory	
subcortex_CAU	29.30781631123631	8	narratives	02	003	LucyStory	
subcortex_PUT	28.198632431905136	8	narratives	02	003	LucyStory	
subcortex_THA	23.60546490213783	14	narratives	02	003	LucyStory	
cerebellum	16.946908353673056	88	narratives	02	004	BlackRecall	
cortex_Cont	36.79779709599503	128	narratives	02	004	BlackRecall	
cortex_Default	33.63462210767415	209	narratives	02	004	BlackRecall	
cortex_DorsAttn	36.9503803182775	122	narratives	02	004	BlackRecall	
cortex_Limbic	15.023834199420905	60	narratives	02	004	BlackRecall	
cortex_SalVentAttn	35.67412092766743	121	narratives	02	004	BlackRecall	
cortex_SomMot	34.68941250943224	194	narratives	02	004	BlackRecall	
cortex_Vis	29.269217083594064	162	narratives	02	004	BlackRecall	
subcortex_CAU	30.02626569309425	8	narratives	02	004	BlackRecall	
subcortex_PUT	28.95258540451997	8	narratives	02	004	BlackRecall	
subcortex_THA	24.692200635757292	14	narratives	02	004	BlackRecall	
cerebellum	20.960167420231105	88	narratives	02	004	BlackRecency	
cortex_Cont	48.96527157422134	128	narratives	02	004	BlackRecency	
cortex_Default	42.91867223908779	209	narratives	02	004	BlackRecency	
cortex_DorsAttn	50.91118408721454	122	narratives	02	004	BlackRecency	
cortex_Limbic	17.247349453926187	60	narratives	02	004	BlackRecency	
cortex_SalVentAttn	43.84330249984166	121	narratives	02	004	BlackRecency	
cortex_SomMot	45.2838849760646	194	narratives	02	004	BlackRecency	
cortex_Vis	40.0630942627137	162	narratives	02	004	BlackRecency	
subcortex_CAU	32.14868582620223	8	narratives	02	004	BlackRecency	
subcortex_PUT	30.042169243134126	8	narratives	02	004	BlackRecency	
subcortex_THA	26.42396754190946	14	narratives	02	004	BlackRecency	
cerebellum	18.565048285597456	88	narratives	02	004	BlackStory	
cortex_Cont	41.46370001634625	128	narratives	02	004	BlackStory	
cortex_Default	37.82126614737279	209	narratives	02	004	BlackStory	
cortex_DorsAttn	40.232020897865425	122	narratives	02	004	BlackStory	
cortex_Limbic	16.413267386917646	60	narratives	02	004	BlackStory	
cortex_SalVentAttn	39.62591093608733	121	narratives	02	004	BlackStory	
cortex_SomMot	38.364195088171584	194	narratives	02	004	BlackStory	
cortex_Vis	33.20245012587816	162	narratives	02	004	BlackStory	
subcortex_CAU	31.5463808542849	8	narratives	02	004	BlackStory	
subcortex_PUT	29.43974778845501	8	narratives	02	004	BlackStory	
subcortex_THA	25.839610704831454	14	narratives	02	004	BlackStory	
cerebellum	16.472665939521075	88	narratives	02	004	NotthefallintactRecall	
cortex_Cont	37.0268454464802	128	narratives	02	004	NotthefallintactRecall	
cortex_Default	33.79531942516344	209	narratives	02	004	NotthefallintactRecall	
cortex_DorsAttn	38.0069288301417	122	narratives	02	004	NotthefallintactRecall	
cortex_Limbic	14.653307012932986	60	narratives	02	004	NotthefallintactRecall	
cortex_SalVentAttn	35.96622974378155	121	narratives	02	004	NotthefallintactRecall	
cortex_SomMot	35.73178275578365	194	narratives	02	004	NotthefallintactRecall	
cortex_Vis	29.276550636382638	162	narratives	02	004	NotthefallintactRecall	
subcortex_CAU	29.6846432278065	8	narratives	02	004	NotthefallintactRecall	
subcortex_PUT	28.72232703627265	8	narratives	02	004	NotthefallintactRecall	
subcortex_THA	24.39372517527574	14	narratives	02	004	NotthefallintactRecall	
cerebellum	19.483225249312937	88	narratives	02	004	NotthefallintactRecency	
cortex_Cont	47.283238467779356	128	narratives	02	004	NotthefallintactRecency	
cortex_Default	41.703408668355095	209	narratives	02	004	NotthefallintactRecency	
cortex_DorsAttn	48.86780778434469	122	narratives	02	004	NotthefallintactRecency	
cortex_Limbic	17.107734070229764	60	narratives	02	004	NotthefallintactRecency	
cortex_SalVentAttn	43.0537122572345	121	narratives	02	004	NotthefallintactRecency	
cortex_SomMot	44.049293691074794	194	narratives	02	004	NotthefallintactRecency	
cortex_Vis	37.40465997490518	162	narratives	02	004	NotthefallintactRecency	
subcortex_CAU	32.0721090919578	8	narratives	02	004	NotthefallintactRecency	
subcortex_PUT	29.666934939304486	8	narratives	02	004	NotthefallintactRecency	
subcortex_THA	26.169231045872607	14	narratives	02	004	NotthefallintactRecency	
cerebellum	19.737400895449905	88	narratives	02	004	NotthefallintactStory	
cortex_Cont	42.26425846472381	128	narratives	02	004	NotthefallintactStory	
cortex_Default	38.60472291386021	209	narratives	02	004	NotthefallintactStory	
cortex_DorsAttn	44.004077413987055	122	narratives	02	004	NotthefallintactStory	
cortex_Limbic	16.41311054605356	60	narratives	02	004	NotthefallintactStory	
cortex_SalVentAttn	40.15955467464418	121	narratives	02	004	NotthefallintactStory	
cortex_SomMot	40.32683917117664	194	narratives	02	004	NotthefallintactStory	
cortex_Vis	35.30664331163601	162	narratives	02	004	NotthefallintactStory	
subcortex_CAU	31.862465452452575	8	narratives	02	004	NotthefallintactStory	
subcortex_PUT	29.57507393684435	8	narratives	02	004	NotthefallintactStory	
subcortex_THA	26.376319334278076	14	narratives	02	004	NotthefallintactStory	
cerebellum	14.732507983634095	88	narratives	02	005	ForgotRecall	
cortex_Cont	32.48679671950284	128	narratives	02	005	ForgotRecall	
cortex_Default	30.2915831855699	209	narratives	02	005	ForgotRecall	
cortex_DorsAttn	33.42243452148251	122	narratives	02	005	ForgotRecall	
cortex_Limbic	12.939637860640168	60	narratives	02	005	ForgotRecall	
cortex_SalVentAttn	32.6483128600462	121	narratives	02	005	ForgotRecall	
cortex_SomMot	31.851066774337685	194	narratives	02	005	ForgotRecall	
cortex_Vis	26.993102316158428	162	narratives	02	005	ForgotRecall	
subcortex_CAU	29.191991201637514	8	narratives	02	005	ForgotRecall	
subcortex_PUT	28.79275806760541	8	narratives	02	005	ForgotRecall	
subcortex_THA	24.422147079059595	14	narratives	02	005	ForgotRecall	
cerebellum	21.315822495878262	88	narratives	02	005	ForgotRecency	
cortex_Cont	49.22145851570492	128	narratives	02	005	ForgotRecency	
cortex_Default	43.59054986198759	209	narratives	02	005	ForgotRecency	
cortex_DorsAttn	52.81927521340022	122	narratives	02	005	ForgotRecency	
cortex_Limbic	16.378452967258138	60	narratives	02	005	ForgotRecency	
cortex_SalVentAttn	45.07756541939577	121	narratives	02	005	ForgotRecency	
cortex_SomMot	46.900387787172924	194	narratives	02	005	ForgotRecency	
cortex_Vis	41.27009371806069	162	narratives	02	005	ForgotRecency	
subcortex_CAU	32.943682696133344	8	narratives	02	005	ForgotRecency	
subcortex_PUT	30.89780686060827	8	narratives	02	005	ForgotRecency	
subcortex_THA	27.187478790601983	14	narratives	02	005	ForgotRecency	
cerebellum	14.708459659766696	88	narratives	02	005	ForgotStory	
cortex_Cont	35.84933888546761	128	narratives	02	005	ForgotStory	
cortex_Default	32.78840147824172	209	narratives	02	005	ForgotStory	
cortex_DorsAttn	33.94366048843838	122	narratives	02	005	ForgotStory	
cortex_Limbic	13.959976810385792	60	narratives	02	005	ForgotStory	
cortex_SalVentAttn	34.0975422332895	121	narratives	02	005	ForgotStory	
cortex_SomMot	32.84691795770844	194	narratives	02	005	ForgotStory	
cortex_Vis	28.403843942338696	162	narratives	02	005	ForgotStory	
subcortex_CAU	29.501993166201387	8	narratives	02	005	ForgotStory	
subcortex_PUT	28.864061307269814	8	narratives	02	005	ForgotStory	
subcortex_THA	23.86921263888441	14	narratives	02	005	ForgotStory	
cerebellum	16.444516580359196	88	narratives	02	005	LucyRecall	
cortex_Cont	35.105819907346124	128	narratives	02	005	LucyRecall	
cortex_Default	32.08852090059605	209	narratives	02	005	LucyRecall	
cortex_DorsAttn	36.64277386207453	122	narratives	02	005	LucyRecall	
cortex_Limbic	13.208485025467578	60	narratives	02	005	LucyRecall	
cortex_SalVentAttn	34.75831677497611	121	narratives	02	005	LucyRecall	
cortex_SomMot	34.63962148916162	194	narratives	02	005	LucyRecall	
cortex_Vis	29.397762163219912	162	narratives	02	005	LucyRecall	
subcortex_CAU	29.91563387480596	8	narratives	02	005	LucyRecall	
subcortex_PUT	29.56727134593457	8	narratives	02	005	LucyRecall	
subcortex_THA	24.445882951425737	14	narratives	02	005	LucyRecall	
cerebellum	21.425398984035542	88	narratives	02	005	LucyRecency	
cortex_Cont	48.289804143659076	128	narratives	02	005	LucyRecency	
cortex_Default	43.1834127667869	209	narratives	02	005	LucyRecency	
cortex_DorsAttn	51.966840132903314	122	narratives	02	005	LucyRecency	
cortex_Limbic	16.200965947649824	60	narratives	02	005	LucyRecency	
cortex_SalVentAttn	44.56547397689184	121	narratives	02	005	LucyRecency	
cortex_SomMot	46.13153704207017	194	narratives	02	005	LucyRecency	
cortex_Vis	41.13437158350768	162	narratives	02	005	LucyRecency	
subcortex_CAU	32.70229384532831	8	narratives	02	005	LucyRecency	
subcortex_PUT	31.548095867669765	8	narratives	02	005	LucyRecency	
subcortex_THA	27.850326691012615	14	narratives	02	005	LucyRecency	
cerebellum	15.066487159489743	88	narratives	02	005	LucyStory	
cortex_Cont	35.22874471545345	128	narratives	02	005	LucyStory	
cortex_Default	32.66469591500975	209	narratives	02	005	LucyStory	
cortex_DorsAttn	34.93045974127001	122	narratives	02	005	LucyStory	
cortex_Limbic	13.79009472971113	60	narratives	02	005	LucyStory	
cortex_SalVentAttn	36.63326451540682	121	narratives	02	005	LucyStory	
cortex_SomMot	35.67313087843514	194	narratives	02	005	LucyStory	
cortex_Vis	28.999180307961154	162	narratives	02	005	LucyStory	
subcortex_CAU	31.469825837393287	8	narratives	02	005	LucyStory	
subcortex_PUT	29.977246898440086	8	narratives	02	005	LucyStory	
subcortex_THA	25.54498565628109	14	narratives	02	005	LucyStory	
cerebellum	21.828003365708124	88	narratives	02	006	BlackRecall	
cortex_Cont	32.595251098489015	128	narratives	02	006	BlackRecall	
cortex_Default	30.415297110304135	209	narratives	02	006	BlackRecall	
cortex_DorsAttn	34.161242713391005	122	narratives	02	006	BlackRecall	
cortex_Limbic	14.915312618524814	60	narratives	02	006	BlackRecall	
cortex_SalVentAttn	32.47670199924555	121	narratives	02	006	BlackRecall	
cortex_SomMot	31.815184645813805	194	narratives	02	006	BlackRecall	
cortex_Vis	27.341719773980035	162	narratives	02	006	BlackRecall	
subcortex_CAU	28.43290095938577	8	narratives	02	006	BlackRecall	
subcortex_PUT	27.55157380016479	8	narratives	02	006	BlackRecall	
subcortex_THA	23.59196567228285	14	narratives	02	006	BlackRecall	
cerebellum	29.203738321508617	88	narratives	02	006	BlackRecency	
cortex_Cont	47.417249953245495	128	narratives	02	006	BlackRecency	
cortex_Default	42.2756632405421	209	narratives	02	006	BlackRecency	
cortex_DorsAttn	49.54261262346226	122	narratives	02	006	BlackRecency	
cortex_Limbic	20.030193573937268	60	narratives	02	006	BlackRecency	
cortex_SalVentAttn	43.015069600299896	121	narratives	02	006	BlackRecency	
cortex_SomMot	44.69535060156727	194	narratives	02	006	BlackRecency	
cortex_Vis	38.58591528604349	162	narratives	02	006	BlackRecency	
subcortex_CAU	32.429114290792	8	narratives	02	006	BlackRecency	
subcortex_PUT	30.279292325456268	8	narratives	02	006	BlackRecency	
subcortex_THA	27.188714070964817	14	narratives	02	006	BlackRecency	
cerebellum	16.9389959138161	88	narratives	02	006	BlackStory	
cortex_Cont	35.48468763137172	128	narratives	02	006	BlackStory	
cortex_Default	32.544574048813594	209	narratives	02	006	BlackStory	
cortex_DorsAttn	34.29620105018284	122	narratives	02	006	BlackStory	
cortex_Limbic	15.35892658941972	60	narratives	02	006	BlackStory	
cortex_SalVentAttn	34.945028384110756	121	narratives	02	006	BlackStory	
cortex_SomMot	34.03764820389035	194	narratives	02	006	BlackStory	
cortex_Vis	28.58346792883779	162	narratives	02	006	BlackStory	
subcortex_CAU	29.901046995301783	8	narratives	02	006	BlackStory	
subcortex_PUT	29.04184010881085	8	narratives	02	006	BlackStory	
subcortex_THA	24.554198909467623	14	narratives	02	006	BlackStory	
cerebellum	21.261462257095527	88	narratives	02	006	NotthefallintactRecall	
cortex_Cont	33.16431929280984	128	narratives	02	006	NotthefallintactRecall	
cortex_Default	30.61859302463959	209	narratives	02	006	NotthefallintactRecall	
cortex_DorsAttn	34.89917803520823	122	narratives	02	006	NotthefallintactRecall	
cortex_Limbic	14.605882593779096	60	narratives	02	006	NotthefallintactRecall	
cortex_SalVentAttn	32.84720526706732	121	narratives	02	006	NotthefallintactRecall	
cortex_SomMot	32.13587428191322	194	narratives	02	006	NotthefallintactRecall	
cortex_Vis	27.29166875905612	162	narratives	02	006	NotthefallintactRecall	
subcortex_CAU	28.023077104190822	8	narratives	02	006	NotthefallintactRecall	
subcortex_PUT	26.99372445394232	8	narratives	02	006	NotthefallintactRecall	
subcortex_THA	23.691497941659005	14	narratives	02	006	NotthefallintactRecall	
cerebellum	26.301121144649247	88	narratives	02	006	NotthefallintactRecency	
cortex_Cont	42.14817190629556	128	narratives	02	006	NotthefallintactRecency	
cortex_Default	38.59960061732143	209	narratives	02	006	NotthefallintactRecency	
cortex_DorsAttn	44.44117483003644	122	narratives	02	006	NotthefallintactRecency	
cortex_Limbic	18.39489989793854	60	narratives	02	006	NotthefallintactRecency	
cortex_SalVentAttn	39.46299164447407	121	narratives	02	006	NotthefallintactRecency	
cortex_SomMot	40.20623049417929	194	narratives	02	006	NotthefallintactRecency	
cortex_Vis	35.284084036251485	162	narratives	02	006	NotthefallintactRecency	
subcortex_CAU	30.92338238465679	8	narratives	02	006	NotthefallintactRecency	
subcortex_PUT	29.20869535759404	8	narratives	02	006	NotthefallintactRecency	
subcortex_THA	26.002127569287023	14	narratives	02	006	NotthefallintactRecency	
cerebellum	25.71437185865075	88	narratives	02	006	NotthefallintactStory	
cortex_Cont	38.973212291965204	128	narratives	02	006	NotthefallintactStory	
cortex_Default	36.02664031057529	209	narratives	02	006	NotthefallintactStory	
cortex_DorsAttn	40.641764337816866	122	narratives	02	006	NotthefallintactStory	
cortex_Limbic	17.522410195349458	60	narratives	02	006	NotthefallintactStory	
cortex_SalVentAttn	38.401446062232786	121	narratives	02	006	NotthefallintactStory	
cortex_SomMot	38.43790938206672	194	narratives	02	006	NotthefallintactStory	
cortex_Vis	32.80226965795952	162	narratives	02	006	NotthefallintactStory	
subcortex_CAU	30.294371411661324	8	narratives	02	006	NotthefallintactStory	
subcortex_PUT	28.236718393817537	8	narratives	02	006	NotthefallintactStory	
subcortex_THA	25.527733751983963	14	narratives	02	006	NotthefallintactStory	
cerebellum	18.002960403690043	88	narratives	02	007	PiemanRecall	
cortex_Cont	34.36641389469649	128	narratives	02	007	PiemanRecall	
cortex_Default	31.62053039911618	209	narratives	02	007	PiemanRecall	
cortex_DorsAttn	35.70631643544382	122	narratives	02	007	PiemanRecall	
cortex_Limbic	14.149765472170362	60	narratives	02	007	PiemanRecall	
cortex_SalVentAttn	33.7463707388116	121	narratives	02	007	PiemanRecall	
cortex_SomMot	33.28445413394548	194	narratives	02	007	PiemanRecall	
cortex_Vis	28.026912876403582	162	narratives	02	007	PiemanRecall	
subcortex_CAU	28.901611811449854	8	narratives	02	007	PiemanRecall	
subcortex_PUT	28.65372015318757	8	narratives	02	007	PiemanRecall	
subcortex_THA	24.270596447492192	14	narratives	02	007	PiemanRecall	
cerebellum	23.00836068701681	88	narratives	02	007	PiemanStory	
cortex_Cont	44.946899026021796	128	narratives	02	007	PiemanStory	
cortex_Default	40.52566265470747	209	narratives	02	007	PiemanStory	
cortex_DorsAttn	46.25548138772695	122	narratives	02	007	PiemanStory	
cortex_Limbic	17.36306938823164	60	narratives	02	007	PiemanStory	
cortex_SalVentAttn	41.682874952361466	121	narratives	02	007	PiemanStory	
cortex_SomMot	42.95067412797573	194	narratives	02	007	PiemanStory	
cortex_Vis	36.501898216887646	162	narratives	02	007	PiemanStory	
subcortex_CAU	32.01425303371681	8	narratives	02	007	PiemanStory	
subcortex_PUT	30.157900867186605	8	narratives	02	007	PiemanStory	
subcortex_THA	26.750318054237685	14	narratives	02	007	PiemanStory	
cerebellum	21.908379345468546	88	narratives	02	007	SlumlordRecency	
cortex_Cont	42.17990759567813	128	narratives	02	007	SlumlordRecency	
cortex_Default	37.968532023690976	209	narratives	02	007	SlumlordRecency	
cortex_DorsAttn	43.90436896657381	122	narratives	02	007	SlumlordRecency	
cortex_Limbic	16.087524059527475	60	narratives	02	007	SlumlordRecency	
cortex_SalVentAttn	39.38292606238417	121	narratives	02	007	SlumlordRecency	
cortex_SomMot	39.240296498888725	194	narratives	02	007	SlumlordRecency	
cortex_Vis	36.12902121247228	162	narratives	02	007	SlumlordRecency	
subcortex_CAU	31.459675144606585	8	narratives	02	007	SlumlordRecency	
subcortex_PUT	30.306412199861967	8	narratives	02	007	SlumlordRecency	
subcortex_THA	25.97918799709308	14	narratives	02	007	SlumlordRecency	
cerebellum	17.623692345677654	88	narratives	02	007	SlumlordStory	
cortex_Cont	35.089283444922096	128	narratives	02	007	SlumlordStory	
cortex_Default	32.463653262296866	209	narratives	02	007	SlumlordStory	
cortex_DorsAttn	34.56349000145682	122	narratives	02	007	SlumlordStory	
cortex_Limbic	14.519451094391927	60	narratives	02	007	SlumlordStory	
cortex_SalVentAttn	34.35438021343066	121	narratives	02	007	SlumlordStory	
cortex_SomMot	33.88325425894716	194	narratives	02	007	SlumlordStory	
cortex_Vis	28.045546416760097	162	narratives	02	007	SlumlordStory	
subcortex_CAU	29.294711341370135	8	narratives	02	007	SlumlordStory	
subcortex_PUT	28.942262819326952	8	narratives	02	007	SlumlordStory	
subcortex_THA	24.592104457138046	14	narratives	02	007	SlumlordStory	
cerebellum	16.324387456574872	88	narratives	02	008	PrettymouthRecall	
cortex_Cont	34.03465021984906	128	narratives	02	008	PrettymouthRecall	
cortex_Default	31.5533961603379	209	narratives	02	008	PrettymouthRecall	
cortex_DorsAttn	34.43740944974395	122	narratives	02	008	PrettymouthRecall	
cortex_Limbic	13.545864844045973	60	narratives	02	008	PrettymouthRecall	
cortex_SalVentAttn	34.41563637052657	121	narratives	02	008	PrettymouthRecall	
cortex_SomMot	32.936366416068154	194	narratives	02	008	PrettymouthRecall	
cortex_Vis	27.672071704761713	162	narratives	02	008	PrettymouthRecall	
subcortex_CAU	29.3211600712437	8	narratives	02	008	PrettymouthRecall	
subcortex_PUT	29.20784301068991	8	narratives	02	008	PrettymouthRecall	
subcortex_THA	25.100937891752203	14	narratives	02	008	PrettymouthRecall	
cerebellum	22.450073412881686	88	narratives	02	008	PrettymouthRecency	
cortex_Cont	52.04641783072579	128	narratives	02	008	PrettymouthRecency	
cortex_Default	45.71145921040367	209	narratives	02	008	PrettymouthRecency	
cortex_DorsAttn	55.66810848661051	122	narratives	02	008	PrettymouthRecency	
cortex_Limbic	17.38346568688918	60	narratives	02	008	PrettymouthRecency	
cortex_SalVentAttn	45.8684708092831	121	narratives	02	008	PrettymouthRecency	
cortex_SomMot	48.60439850197481	194	narratives	02	008	PrettymouthRecency	
cortex_Vis	42.331630014726166	162	narratives	02	008	PrettymouthRecency	
subcortex_CAU	33.01156132722668	8	narratives	02	008	PrettymouthRecency	
subcortex_PUT	31.398425687741575	8	narratives	02	008	PrettymouthRecency	
subcortex_THA	27.28702461884909	14	narratives	02	008	PrettymouthRecency	
cerebellum	18.891746126943186	88	narratives	02	008	PrettymouthStory	
cortex_Cont	42.37448651736021	128	narratives	02	008	PrettymouthStory	
cortex_Default	38.18513684581547	209	narratives	02	008	PrettymouthStory	
cortex_DorsAttn	47.21607419992717	122	narratives	02	008	PrettymouthStory	
cortex_Limbic	14.38911409981154	60	narratives	02	008	PrettymouthStory	
cortex_SalVentAttn	40.794094099665465	121	narratives	02	008	PrettymouthStory	
cortex_SomMot	42.02649403865278	194	narratives	02	008	PrettymouthStory	
cortex_Vis	37.61290161305182	162	narratives	02	008	PrettymouthStory	
subcortex_CAU	31.09385796429386	8	narratives	02	008	PrettymouthStory	
subcortex_PUT	30.0709258905549	8	narratives	02	008	PrettymouthStory	
subcortex_THA	26.50157282158192	14	narratives	02	008	PrettymouthStory	
cerebellum	19.542266112824116	88	narratives	02	008	TunnelRecency	
cortex_Cont	42.424180182405415	128	narratives	02	008	TunnelRecency	
cortex_Default	38.22184079303311	209	narratives	02	008	TunnelRecency	
cortex_DorsAttn	44.49934349630166	122	narratives	02	008	TunnelRecency	
cortex_Limbic	15.170095262711222	60	narratives	02	008	TunnelRecency	
cortex_SalVentAttn	39.678979925321634	121	narratives	02	008	TunnelRecency	
cortex_SomMot	39.9347921681864	194	narratives	02	008	TunnelRecency	
cortex_Vis	35.21868404636013	162	narratives	02	008	TunnelRecency	
subcortex_CAU	31.484960435187205	8	narratives	02	008	TunnelRecency	
subcortex_PUT	30.282984218467696	8	narratives	02	008	TunnelRecency	
subcortex_THA	25.66586148476774	14	narratives	02	008	TunnelRecency	
cerebellum	16.48115593210829	88	narratives	02	008	Tunnelpart1Recall	
cortex_Cont	33.93337153392557	128	narratives	02	008	Tunnelpart1Recall	
cortex_Default	31.493562305911137	209	narratives	02	008	Tunnelpart1Recall	
cortex_DorsAttn	35.9005249381256	122	narratives	02	008	Tunnelpart1Recall	
cortex_Limbic	13.306412867649678	60	narratives	02	008	Tunnelpart1Recall	
cortex_SalVentAttn	33.57040678090275	121	narratives	02	008	Tunnelpart1Recall	
cortex_SomMot	33.38382068965185	194	narratives	02	008	Tunnelpart1Recall	
cortex_Vis	28.30296670943098	162	narratives	02	008	Tunnelpart1Recall	
subcortex_CAU	29.130986003286694	8	narratives	02	008	Tunnelpart1Recall	
subcortex_PUT	28.631237181228283	8	narratives	02	008	Tunnelpart1Recall	
subcortex_THA	24.314916200021123	14	narratives	02	008	Tunnelpart1Recall	
cerebellum	18.59283931217421	88	narratives	02	008	Tunnelpart1Story	
cortex_Cont	41.9732436160805	128	narratives	02	008	Tunnelpart1Story	
cortex_Default	37.94336780248547	209	narratives	02	008	Tunnelpart1Story	
cortex_DorsAttn	44.700915060934044	122	narratives	02	008	Tunnelpart1Story	
cortex_Limbic	14.94805628400228	60	narratives	02	008	Tunnelpart1Story	
cortex_SalVentAttn	39.83027629786996	121	narratives	02	008	Tunnelpart1Story	
cortex_SomMot	40.637836489856795	194	narratives	02	008	Tunnelpart1Story	
cortex_Vis	35.518868724370165	162	narratives	02	008	Tunnelpart1Story	
subcortex_CAU	31.610286031641056	8	narratives	02	008	Tunnelpart1Story	
subcortex_PUT	30.091162643279176	8	narratives	02	008	Tunnelpart1Story	
subcortex_THA	26.34712986902437	14	narratives	02	008	Tunnelpart1Story	
cerebellum	14.77336689893746	88	narratives	02	008	Tunnelpart2Recall	
cortex_Cont	30.25478024158986	128	narratives	02	008	Tunnelpart2Recall	
cortex_Default	28.058204628734575	209	narratives	02	008	Tunnelpart2Recall	
cortex_DorsAttn	31.89175675960839	122	narratives	02	008	Tunnelpart2Recall	
cortex_Limbic	12.127605791012316	60	narratives	02	008	Tunnelpart2Recall	
cortex_SalVentAttn	30.09643586509745	121	narratives	02	008	Tunnelpart2Recall	
cortex_SomMot	29.734183299086194	194	narratives	02	008	Tunnelpart2Recall	
cortex_Vis	25.7825501796752	162	narratives	02	008	Tunnelpart2Recall	
subcortex_CAU	27.650548813146866	8	narratives	02	008	Tunnelpart2Recall	
subcortex_PUT	27.828825229560657	8	narratives	02	008	Tunnelpart2Recall	
subcortex_THA	22.428856432118994	14	narratives	02	008	Tunnelpart2Recall	
cerebellum	18.903788947021955	88	narratives	02	008	Tunnelpart2Story	
cortex_Cont	39.55681328004924	128	narratives	02	008	Tunnelpart2Story	
cortex_Default	35.95137078203382	209	narratives	02	008	Tunnelpart2Story	
cortex_DorsAttn	44.24781721622299	122	narratives	02	008	Tunnelpart2Story	
cortex_Limbic	14.680401431085551	60	narratives	02	008	Tunnelpart2Story	
cortex_SalVentAttn	38.212889375996355	121	narratives	02	008	Tunnelpart2Story	
cortex_SomMot	39.88366450862236	194	narratives	02	008	Tunnelpart2Story	
cortex_Vis	34.65330248938952	162	narratives	02	008	Tunnelpart2Story	
subcortex_CAU	31.335831206939893	8	narratives	02	008	Tunnelpart2Story	
subcortex_PUT	29.707760746608436	8	narratives	02	008	Tunnelpart2Story	
subcortex_THA	25.796850321740855	14	narratives	02	008	Tunnelpart2Story	
cerebellum	18.83520495589294	88	narratives	02	009	PiemanRecall	
cortex_Cont	33.44058377611937	128	narratives	02	009	PiemanRecall	
cortex_Default	31.544837317164323	209	narratives	02	009	PiemanRecall	
cortex_DorsAttn	35.06957365052078	122	narratives	02	009	PiemanRecall	
cortex_Limbic	14.264698396180014	60	narratives	02	009	PiemanRecall	
cortex_SalVentAttn	33.471939375748384	121	narratives	02	009	PiemanRecall	
cortex_SomMot	32.74768182463908	194	narratives	02	009	PiemanRecall	
cortex_Vis	28.492995920809044	162	narratives	02	009	PiemanRecall	
subcortex_CAU	28.81907783316706	8	narratives	02	009	PiemanRecall	
subcortex_PUT	28.831780022484644	8	narratives	02	009	PiemanRecall	
subcortex_THA	24.615566068077577	14	narratives	02	009	PiemanRecall	
cerebellum	23.46232478644159	88	narratives	02	009	PiemanRecency	
cortex_Cont	46.99917102486227	128	narratives	02	009	PiemanRecency	
cortex_Default	42.369608227707964	209	narratives	02	009	PiemanRecency	
cortex_DorsAttn	50.45120984878562	122	narratives	02	009	PiemanRecency	
cortex_Limbic	18.016589962963863	60	narratives	02	009	PiemanRecency	
cortex_SalVentAttn	43.312961492170054	121	narratives	02	009	PiemanRecency	
cortex_SomMot	44.77168455481388	194	narratives	02	009	PiemanRecency	
cortex_Vis	39.16643175479191	162	narratives	02	009	PiemanRecency	
subcortex_CAU	32.38399298439634	8	narratives	02	009	PiemanRecency	
subcortex_PUT	31.074410538517682	8	narratives	02	009	PiemanRecency	
subcortex_THA	26.850187680343527	14	narratives	02	009	PiemanRecency	
cerebellum	18.996905037720396	88	narratives	02	009	PiemanStory	
cortex_Cont	40.31542841147168	128	narratives	02	009	PiemanStory	
cortex_Default	37.23460159569614	209	narratives	02	009	PiemanStory	
cortex_DorsAttn	41.37672056170495	122	narratives	02	009	PiemanStory	
cortex_Limbic	15.914933300130098	60	narratives	02	009	PiemanStory	
cortex_SalVentAttn	38.74297696644078	121	narratives	02	009	PiemanStory	
cortex_SomMot	39.01484406373138	194	narratives	02	009	PiemanStory	
cortex_Vis	32.16877392766447	162	narratives	02	009	PiemanStory	
subcortex_CAU	31.00346115531047	8	narratives	02	009	PiemanStory	
subcortex_PUT	29.83509808454879	8	narratives	02	009	PiemanStory	
subcortex_THA	25.556121023972164	14	narratives	02	009	PiemanStory	
cerebellum	24.06206291431805	88	narratives	02	009	SlumlordRecency	
cortex_Cont	45.54341100451099	128	narratives	02	009	SlumlordRecency	
cortex_Default	41.25317117333664	209	narratives	02	009	SlumlordRecency	
cortex_DorsAttn	47.79841425616523	122	narratives	02	009	SlumlordRecency	
cortex_Limbic	17.544300607661274	60	narratives	02	009	SlumlordRecency	
cortex_SalVentAttn	41.47626494586459	121	narratives	02	009	SlumlordRecency	
cortex_SomMot	42.39437453739823	194	narratives	02	009	SlumlordRecency	
cortex_Vis	38.568784314931975	162	narratives	02	009	SlumlordRecency	
subcortex_CAU	31.79468982983175	8	narratives	02	009	SlumlordRecency	
subcortex_PUT	30.65597699740476	8	narratives	02	009	SlumlordRecency	
subcortex_THA	26.694436732364796	14	narratives	02	009	SlumlordRecency	
cerebellum	21.32443885485851	88	narratives	02	009	SlumlordStory	
cortex_Cont	41.42908169656108	128	narratives	02	009	SlumlordStory	
cortex_Default	38.412804801634444	209	narratives	02	009	SlumlordStory	
cortex_DorsAttn	45.64831343694258	122	narratives	02	009	SlumlordStory	
cortex_Limbic	16.090299982111297	60	narratives	02	009	SlumlordStory	
cortex_SalVentAttn	39.916356077530914	121	narratives	02	009	SlumlordStory	
cortex_SomMot	41.122210264370665	194	narratives	02	009	SlumlordStory	
cortex_Vis	36.33648681375449	162	narratives	02	009	SlumlordStory	
subcortex_CAU	31.031038695796727	8	narratives	02	009	SlumlordStory	
subcortex_PUT	29.75255457155808	8	narratives	02	009	SlumlordStory	
subcortex_THA	26.562130119195217	14	narratives	02	009	SlumlordStory	
cerebellum	17.394155399769154	88	narratives	02	010	PrettymouthRecall	
cortex_Cont	32.295244624710584	128	narratives	02	010	PrettymouthRecall	
cortex_Default	29.848268682820244	209	narratives	02	010	PrettymouthRecall	
cortex_DorsAttn	32.13882551828253	122	narratives	02	010	PrettymouthRecall	
cortex_Limbic	13.802193232130824	60	narratives	02	010	PrettymouthRecall	
cortex_SalVentAttn	32.37821279337642	121	narratives	02	010	PrettymouthRecall	
cortex_SomMot	31.310070543761572	194	narratives	02	010	PrettymouthRecall	
cortex_Vis	25.087368624042515	162	narratives	02	010	PrettymouthRecall	
subcortex_CAU	28.775803905505892	8	narratives	02	010	PrettymouthRecall	
subcortex_PUT	27.792180262182054	8	narratives	02	010	PrettymouthRecall	
subcortex_THA	23.796121576708508	14	narratives	02	010	PrettymouthRecall	
cerebellum	23.942586857428093	88	narratives	02	010	PrettymouthRecency	
cortex_Cont	46.59945031949195	128	narratives	02	010	PrettymouthRecency	
cortex_Default	41.29148991447416	209	narratives	02	010	PrettymouthRecency	
cortex_DorsAttn	47.591491287359325	122	narratives	02	010	PrettymouthRecency	
cortex_Limbic	17.88855849263646	60	narratives	02	010	PrettymouthRecency	
cortex_SalVentAttn	41.68192267412917	121	narratives	02	010	PrettymouthRecency	
cortex_SomMot	43.242013414009016	194	narratives	02	010	PrettymouthRecency	
cortex_Vis	36.426829072955066	162	narratives	02	010	PrettymouthRecency	
subcortex_CAU	32.16741989752114	8	narratives	02	010	PrettymouthRecency	
subcortex_PUT	30.168977622452417	8	narratives	02	010	PrettymouthRecency	
subcortex_THA	26.222188911694364	14	narratives	02	010	PrettymouthRecency	
cerebellum	18.811586896322623	88	narratives	02	010	PrettymouthStory	
cortex_Cont	38.70920610999041	128	narratives	02	010	PrettymouthStory	
cortex_Default	35.154452483829076	209	narratives	02	010	PrettymouthStory	
cortex_DorsAttn	36.44511465957804	122	narratives	02	010	PrettymouthStory	
cortex_Limbic	15.869833382869578	60	narratives	02	010	PrettymouthStory	
cortex_SalVentAttn	37.034704751538364	121	narratives	02	010	PrettymouthStory	
cortex_SomMot	36.3129380789472	194	narratives	02	010	PrettymouthStory	
cortex_Vis	29.48486190407054	162	narratives	02	010	PrettymouthStory	
subcortex_CAU	30.37881237122199	8	narratives	02	010	PrettymouthStory	
subcortex_PUT	28.747071977184017	8	narratives	02	010	PrettymouthStory	
subcortex_THA	24.721944839332178	14	narratives	02	010	PrettymouthStory	
cerebellum	21.555713900259292	88	narratives	02	010	TunnelRecency	
cortex_Cont	38.56664349932372	128	narratives	02	010	TunnelRecency	
cortex_Default	35.68863147082061	209	narratives	02	010	TunnelRecency	
cortex_DorsAttn	40.239146919758944	122	narratives	02	010	TunnelRecency	
cortex_Limbic	16.268945295656014	60	narratives	02	010	TunnelRecency	
cortex_SalVentAttn	36.807636852692795	121	narratives	02	010	TunnelRecency	
cortex_SomMot	36.91198652069027	194	narratives	02	010	TunnelRecency	
cortex_Vis	32.20921672569544	162	narratives	02	010	TunnelRecency	
subcortex_CAU	30.133908836587658	8	narratives	02	010	TunnelRecency	
subcortex_PUT	28.631472630380795	8	narratives	02	010	TunnelRecency	
subcortex_THA	24.93914043406823	14	narratives	02	010	TunnelRecency	
cerebellum	17.7923183827119	88	narratives	02	010	Tunnelpart1Recall	
cortex_Cont	31.46106742323219	128	narratives	02	010	Tunnelpart1Recall	
cortex_Default	29.311478967524287	209	narratives	02	010	Tunnelpart1Recall	
cortex_DorsAttn	33.12051258694077	122	narratives	02	010	Tunnelpart1Recall	
cortex_Limbic	14.150197298710061	60	narratives	02	010	Tunnelpart1Recall	
cortex_SalVentAttn	31.953345716461175	121	narratives	02	010	Tunnelpart1Recall	
cortex_SomMot	31.567901176746343	194	narratives	02	010	Tunnelpart1Recall	
cortex_Vis	25.83111934049633	162	narratives	02	010	Tunnelpart1Recall	
subcortex_CAU	27.532194597692055	8	narratives	02	010	Tunnelpart1Recall	
subcortex_PUT	27.258142499790306	8	narratives	02	010	Tunnelpart1Recall	
subcortex_THA	24.07309807909005	14	narratives	02	010	Tunnelpart1Recall	
cerebellum	19.83413663253918	88	narratives	02	010	Tunnelpart1Story	
cortex_Cont	39.59141287989439	128	narratives	02	010	Tunnelpart1Story	
cortex_Default	35.82698714472523	209	narratives	02	010	Tunnelpart1Story	
cortex_DorsAttn	42.020790077991	122	narratives	02	010	Tunnelpart1Story	
cortex_Limbic	16.413260790955487	60	narratives	02	010	Tunnelpart1Story	
cortex_SalVentAttn	38.03268787575938	121	narratives	02	010	Tunnelpart1Story	
cortex_SomMot	39.13265580370935	194	narratives	02	010	Tunnelpart1Story	
cortex_Vis	31.878645891642417	162	narratives	02	010	Tunnelpart1Story	
subcortex_CAU	31.561972012584732	8	narratives	02	010	Tunnelpart1Story	
subcortex_PUT	29.22176813332489	8	narratives	02	010	Tunnelpart1Story	
subcortex_THA	25.732500891572894	14	narratives	02	010	Tunnelpart1Story	
cerebellum	19.459829829054062	88	narratives	02	010	Tunnelpart2Story	
cortex_Cont	36.836395644545924	128	narratives	02	010	Tunnelpart2Story	
cortex_Default	33.83296048307456	209	narratives	02	010	Tunnelpart2Story	
cortex_DorsAttn	37.82337993180097	122	narratives	02	010	Tunnelpart2Story	
cortex_Limbic	16.529956315760934	60	narratives	02	010	Tunnelpart2Story	
cortex_SalVentAttn	35.893164500389354	121	narratives	02	010	Tunnelpart2Story	
cortex_SomMot	35.9003340958606	194	narratives	02	010	Tunnelpart2Story	
cortex_Vis	29.433034813633153	162	narratives	02	010	Tunnelpart2Story	
subcortex_CAU	29.90746211407077	8	narratives	02	010	Tunnelpart2Story	
subcortex_PUT	28.396710052383774	8	narratives	02	010	Tunnelpart2Story	
subcortex_THA	24.714328418832746	14	narratives	02	010	Tunnelpart2Story	
cerebellum	17.54925651971909	88	narratives	02	011	PiemanRecall	
cortex_Cont	34.96425043950754	128	narratives	02	011	PiemanRecall	
cortex_Default	32.219559485031944	209	narratives	02	011	PiemanRecall	
cortex_DorsAttn	35.31992935910821	122	narratives	02	011	PiemanRecall	
cortex_Limbic	14.294208367215953	60	narratives	02	011	PiemanRecall	
cortex_SalVentAttn	34.823803920608455	121	narratives	02	011	PiemanRecall	
cortex_SomMot	34.07503995346822	194	narratives	02	011	PiemanRecall	
cortex_Vis	27.652282576810755	162	narratives	02	011	PiemanRecall	
subcortex_CAU	30.697917624241512	8	narratives	02	011	PiemanRecall	
subcortex_PUT	29.305969854570037	8	narratives	02	011	PiemanRecall	
subcortex_THA	25.353799882637414	14	narratives	02	011	PiemanRecall	
cerebellum	22.95470870537814	88	narratives	02	011	PiemanRecency	
cortex_Cont	45.043569235511214	128	narratives	02	011	PiemanRecency	
cortex_Default	40.23411302411422	209	narratives	02	011	PiemanRecency	
cortex_DorsAttn	48.01207313187575	122	narratives	02	011	PiemanRecency	
cortex_Limbic	16.728097523133624	60	narratives	02	011	PiemanRecency	
cortex_SalVentAttn	41.51576900470256	121	narratives	02	011	PiemanRecency	
cortex_SomMot	42.78787832969718	194	narratives	02	011	PiemanRecency	
cortex_Vis	38.97222849483136	162	narratives	02	011	PiemanRecency	
subcortex_CAU	32.80201933641747	8	narratives	02	011	PiemanRecency	
subcortex_PUT	30.299222465955015	8	narratives	02	011	PiemanRecency	
subcortex_THA	26.874265324988137	14	narratives	02	011	PiemanRecency	
cerebellum	19.379884568238488	88	narratives	02	011	PiemanStory	
cortex_Cont	38.979833371385794	128	narratives	02	011	PiemanStory	
cortex_Default	35.79283962844961	209	narratives	02	011	PiemanStory	
cortex_DorsAttn	39.27542777299392	122	narratives	02	011	PiemanStory	
cortex_Limbic	15.490546767388816	60	narratives	02	011	PiemanStory	
cortex_SalVentAttn	37.17231362524913	121	narratives	02	011	PiemanStory	
cortex_SomMot	37.078389967495745	194	narratives	02	011	PiemanStory	
cortex_Vis	31.813696723945057	162	narratives	02	011	PiemanStory	
subcortex_CAU	31.18099704791249	8	narratives	02	011	PiemanStory	
subcortex_PUT	29.207870062036317	8	narratives	02	011	PiemanStory	
subcortex_THA	25.373385491553368	14	narratives	02	011	PiemanStory	
cerebellum	16.31617402744275	88	narratives	02	011	SlumlordRecall	
cortex_Cont	33.338756658965586	128	narratives	02	011	SlumlordRecall	
cortex_Default	30.839052356779153	209	narratives	02	011	SlumlordRecall	
cortex_DorsAttn	33.46661607724428	122	narratives	02	011	SlumlordRecall	
cortex_Limbic	13.84225218263859	60	narratives	02	011	SlumlordRecall	
cortex_SalVentAttn	33.09015002976307	121	narratives	02	011	SlumlordRecall	
cortex_SomMot	32.17616852834356	194	narratives	02	011	SlumlordRecall	
cortex_Vis	26.06815231726258	162	narratives	02	011	SlumlordRecall	
subcortex_CAU	29.754275370916673	8	narratives	02	011	SlumlordRecall	
subcortex_PUT	28.33669209914291	8	narratives	02	011	SlumlordRecall	
subcortex_THA	24.294745806302966	14	narratives	02	011	SlumlordRecall	
cerebellum	24.198513199575572	88	narratives	02	011	SlumlordRecency	
cortex_Cont	47.84918289146359	128	narratives	02	011	SlumlordRecency	
cortex_Default	42.05441628556072	209	narratives	02	011	SlumlordRecency	
cortex_DorsAttn	48.22741923850503	122	narratives	02	011	SlumlordRecency	
cortex_Limbic	17.481430581290788	60	narratives	02	011	SlumlordRecency	
cortex_SalVentAttn	42.89008755939207	121	narratives	02	011	SlumlordRecency	
cortex_SomMot	43.86294786493061	194	narratives	02	011	SlumlordRecency	
cortex_Vis	37.551841442973476	162	narratives	02	011	SlumlordRecency	
subcortex_CAU	33.017723188407984	8	narratives	02	011	SlumlordRecency	
subcortex_PUT	30.380097138351836	8	narratives	02	011	SlumlordRecency	
subcortex_THA	26.608263336784894	14	narratives	02	011	SlumlordRecency	
cerebellum	20.085110837906836	88	narratives	02	011	SlumlordStory	
cortex_Cont	42.646639713421976	128	narratives	02	011	SlumlordStory	
cortex_Default	38.80314046286376	209	narratives	02	011	SlumlordStory	
cortex_DorsAttn	46.02543911367038	122	narratives	02	011	SlumlordStory	
cortex_Limbic	16.28687539688278	60	narratives	02	011	SlumlordStory	
cortex_SalVentAttn	40.51181642555601	121	narratives	02	011	SlumlordStory	
cortex_SomMot	41.599550773982	194	narratives	02	011	SlumlordStory	
cortex_Vis	36.214404971621356	162	narratives	02	011	SlumlordStory	
subcortex_CAU	32.461931649955304	8	narratives	02	011	SlumlordStory	
subcortex_PUT	30.109204962165528	8	narratives	02	011	SlumlordStory	
subcortex_THA	26.907790220066392	14	narratives	02	011	SlumlordStory	
cerebellum	15.40430100002735	88	narratives	02	012	PrettymouthStory	
cortex_Cont	34.51984604068309	128	narratives	02	012	PrettymouthStory	
cortex_Default	31.77638048929761	209	narratives	02	012	PrettymouthStory	
cortex_DorsAttn	33.47241541439247	122	narratives	02	012	PrettymouthStory	
cortex_Limbic	14.514799810243524	60	narratives	02	012	PrettymouthStory	
cortex_SalVentAttn	33.843116453340606	121	narratives	02	012	PrettymouthStory	
cortex_SomMot	32.86743923346842	194	narratives	02	012	PrettymouthStory	
cortex_Vis	27.37306169495405	162	narratives	02	012	PrettymouthStory	
subcortex_CAU	29.456851018858877	8	narratives	02	012	PrettymouthStory	
subcortex_PUT	28.615470448465988	8	narratives	02	012	PrettymouthStory	
subcortex_THA	24.10249335732941	14	narratives	02	012	PrettymouthStory	
cerebellum	18.38758589052549	88	narratives	02	012	TunnelRecency	
cortex_Cont	41.37167809183022	128	narratives	02	012	TunnelRecency	
cortex_Default	37.64317079916212	209	narratives	02	012	TunnelRecency	
cortex_DorsAttn	45.316835766856414	122	narratives	02	012	TunnelRecency	
cortex_Limbic	15.140199656827763	60	narratives	02	012	TunnelRecency	
cortex_SalVentAttn	39.087635743069285	121	narratives	02	012	TunnelRecency	
cortex_SomMot	40.01488198914345	194	narratives	02	012	TunnelRecency	
cortex_Vis	35.75839794135274	162	narratives	02	012	TunnelRecency	
subcortex_CAU	29.83231917366944	8	narratives	02	012	TunnelRecency	
subcortex_PUT	29.08528771430492	8	narratives	02	012	TunnelRecency	
subcortex_THA	24.820147745326018	14	narratives	02	012	TunnelRecency	
cerebellum	13.836173239692558	88	narratives	02	012	Tunnelpart1Recall	
cortex_Cont	28.08428213166888	128	narratives	02	012	Tunnelpart1Recall	
cortex_Default	26.901954142760566	209	narratives	02	012	Tunnelpart1Recall	
cortex_DorsAttn	29.295860026597857	122	narratives	02	012	Tunnelpart1Recall	
cortex_Limbic	11.861779263831588	60	narratives	02	012	Tunnelpart1Recall	
cortex_SalVentAttn	28.718411728445602	121	narratives	02	012	Tunnelpart1Recall	
cortex_SomMot	28.035974243552467	194	narratives	02	012	Tunnelpart1Recall	
cortex_Vis	24.52932960807288	162	narratives	02	012	Tunnelpart1Recall	
subcortex_CAU	25.77774768596976	8	narratives	02	012	Tunnelpart1Recall	
subcortex_PUT	26.839060509940662	8	narratives	02	012	Tunnelpart1Recall	
subcortex_THA	22.28033835609063	14	narratives	02	012	Tunnelpart1Recall	
cerebellum	14.375546723732919	88	narratives	02	012	Tunnelpart1Story	
cortex_Cont	33.7962775306874	128	narratives	02	012	Tunnelpart1Story	
cortex_Default	31.06335512345034	209	narratives	02	012	Tunnelpart1Story	
cortex_DorsAttn	32.27239902317555	122	narratives	02	012	Tunnelpart1Story	
cortex_Limbic	13.692774020947903	60	narratives	02	012	Tunnelpart1Story	
cortex_SalVentAttn	32.494892032697514	121	narratives	02	012	Tunnelpart1Story	
cortex_SomMot	31.59844828859467	194	narratives	02	012	Tunnelpart1Story	
cortex_Vis	25.691403925479587	162	narratives	02	012	Tunnelpart1Story	
subcortex_CAU	28.41502722959043	8	narratives	02	012	Tunnelpart1Story	
subcortex_PUT	28.044343763713005	8	narratives	02	012	Tunnelpart1Story	
subcortex_THA	23.00605615269189	14	narratives	02	012	Tunnelpart1Story	
cerebellum	13.890863939247096	88	narratives	02	012	Tunnelpart2Recall	
cortex_Cont	28.543757660221484	128	narratives	02	012	Tunnelpart2Recall	
cortex_Default	27.171334477986576	209	narratives	02	012	Tunnelpart2Recall	
cortex_DorsAttn	29.436418960610705	122	narratives	02	012	Tunnelpart2Recall	
cortex_Limbic	12.21837254960067	60	narratives	02	012	Tunnelpart2Recall	
cortex_SalVentAttn	28.880936803744365	121	narratives	02	012	Tunnelpart2Recall	
cortex_SomMot	28.035403803869425	194	narratives	02	012	Tunnelpart2Recall	
cortex_Vis	24.680888527382322	162	narratives	02	012	Tunnelpart2Recall	
subcortex_CAU	25.863801874080377	8	narratives	02	012	Tunnelpart2Recall	
subcortex_PUT	27.08744434136799	8	narratives	02	012	Tunnelpart2Recall	
subcortex_THA	22.38844017153986	14	narratives	02	012	Tunnelpart2Recall	
cerebellum	14.715702095839829	88	narratives	02	012	Tunnelpart2Story	
cortex_Cont	35.111627303219876	128	narratives	02	012	Tunnelpart2Story	
cortex_Default	32.69080941963977	209	narratives	02	012	Tunnelpart2Story	
cortex_DorsAttn	35.557648278483	122	narratives	02	012	Tunnelpart2Story	
cortex_Limbic	13.810802654862572	60	narratives	02	012	Tunnelpart2Story	
cortex_SalVentAttn	33.558242813042405	121	narratives	02	012	Tunnelpart2Story	
cortex_SomMot	33.562942136780684	194	narratives	02	012	Tunnelpart2Story	
cortex_Vis	27.879838332774174	162	narratives	02	012	Tunnelpart2Story	
subcortex_CAU	28.414459472987303	8	narratives	02	012	Tunnelpart2Story	
subcortex_PUT	28.188337508369717	8	narratives	02	012	Tunnelpart2Story	
subcortex_THA	23.234314952398098	14	narratives	02	012	Tunnelpart2Story	
cerebellum	23.830678894209985	88	narratives	03	001	ForgotRecall	
cortex_Cont	31.026556064102746	128	narratives	03	001	ForgotRecall	
cortex_Default	31.110753083303777	209	narratives	03	001	ForgotRecall	
cortex_DorsAttn	28.3447136811945	122	narratives	03	001	ForgotRecall	
cortex_Limbic	13.142689129255732	60	narratives	03	001	ForgotRecall	
cortex_SalVentAttn	32.59364790350412	121	narratives	03	001	ForgotRecall	
cortex_SomMot	25.693488798074064	194	narratives	03	001	ForgotRecall	
cortex_Vis	27.52106662060958	162	narratives	03	001	ForgotRecall	
subcortex_CAU	23.02484998839644	8	narratives	03	001	ForgotRecall	
subcortex_PUT	24.628162101233993	8	narratives	03	001	ForgotRecall	
subcortex_THA	25.06184822109114	14	narratives	03	001	ForgotRecall	
cerebellum	34.511392278424495	88	narratives	03	001	ForgotRecency	
cortex_Cont	45.89005919346827	128	narratives	03	001	ForgotRecency	
cortex_Default	43.22719852433196	209	narratives	03	001	ForgotRecency	
cortex_DorsAttn	51.270541696956094	122	narratives	03	001	ForgotRecency	
cortex_Limbic	19.330493957333733	60	narratives	03	001	ForgotRecency	
cortex_SalVentAttn	43.32533739562094	121	narratives	03	001	ForgotRecency	
cortex_SomMot	45.081639389670634	194	narratives	03	001	ForgotRecency	
cortex_Vis	44.06012206030037	162	narratives	03	001	ForgotRecency	
subcortex_CAU	25.207692271443676	8	narratives	03	001	ForgotRecency	
subcortex_PUT	26.295322341014828	8	narratives	03	001	ForgotRecency	
subcortex_THA	27.308618143691838	14	narratives	03	001	ForgotRecency	
cerebellum	26.849622665540593	88	narratives	03	001	ForgotStory	
cortex_Cont	32.30128784488302	128	narratives	03	001	ForgotStory	
cortex_Default	32.636850915697984	209	narratives	03	001	ForgotStory	
cortex_DorsAttn	35.76620026972949	122	narratives	03	001	ForgotStory	
cortex_Limbic	15.288793346963296	60	narratives	03	001	ForgotStory	
cortex_SalVentAttn	34.7064988330447	121	narratives	03	001	ForgotStory	
cortex_SomMot	32.81313258818378	194	narratives	03	001	ForgotStory	
cortex_Vis	30.043319176909606	162	narratives	03	001	ForgotStory	
subcortex_CAU	22.955789382161605	8	narratives	03	001	ForgotStory	
subcortex_PUT	25.671566089706957	8	narratives	03	001	ForgotStory	
subcortex_THA	26.14388198799494	14	narratives	03	001	ForgotStory	
cerebellum	23.596283553841115	88	narratives	03	001	LucyRecall	
cortex_Cont	30.66942253950617	128	narratives	03	001	LucyRecall	
cortex_Default	30.282513948955096	209	narratives	03	001	LucyRecall	
cortex_DorsAttn	33.23774910114642	122	narratives	03	001	LucyRecall	
cortex_Limbic	13.660421147555052	60	narratives	03	001	LucyRecall	
cortex_SalVentAttn	33.01663097997395	121	narratives	03	001	LucyRecall	
cortex_SomMot	31.146960927168827	194	narratives	03	001	LucyRecall	
cortex_Vis	27.580757863296633	162	narratives	03	001	LucyRecall	
subcortex_CAU	23.344780982290633	8	narratives	03	001	LucyRecall	
subcortex_PUT	25.498981721877936	8	narratives	03	001	LucyRecall	
subcortex_THA	25.593888654817952	14	narratives	03	001	LucyRecall	
cerebellum	29.313590105908414	88	narratives	03	001	LucyRecency	
cortex_Cont	38.663768167168776	128	narratives	03	001	LucyRecency	
cortex_Default	37.43566481227823	209	narratives	03	001	LucyRecency	
cortex_DorsAttn	41.223930984646934	122	narratives	03	001	LucyRecency	
cortex_Limbic	17.64670626841039	60	narratives	03	001	LucyRecency	
cortex_SalVentAttn	38.94219687561946	121	narratives	03	001	LucyRecency	
cortex_SomMot	37.78714668709185	194	narratives	03	001	LucyRecency	
cortex_Vis	35.47224994015979	162	narratives	03	001	LucyRecency	
subcortex_CAU	25.761912916245713	8	narratives	03	001	LucyRecency	
subcortex_PUT	27.182395655227086	8	narratives	03	001	LucyRecency	
subcortex_THA	27.174542870893145	14	narratives	03	001	LucyRecency	
cerebellum	30.085508840882504	88	narratives	03	001	LucyStory	
cortex_Cont	37.580400990999756	128	narratives	03	001	LucyStory	
cortex_Default	36.75785370835233	209	narratives	03	001	LucyStory	
cortex_DorsAttn	40.849985925687335	122	narratives	03	001	LucyStory	
cortex_Limbic	16.57122551132176	60	narratives	03	001	LucyStory	
cortex_SalVentAttn	38.23684463866877	121	narratives	03	001	LucyStory	
cortex_SomMot	37.74907098840376	194	narratives	03	001	LucyStory	
cortex_Vis	35.04187454529199	162	narratives	03	001	LucyStory	
subcortex_CAU	25.468318414633064	8	narratives	03	001	LucyStory	
subcortex_PUT	26.294635205439068	8	narratives	03	001	LucyStory	
subcortex_THA	26.479996940573567	14	narratives	03	001	LucyStory	
cerebellum	22.791081634949624	88	narratives	03	002	BlackRecall	
cortex_Cont	29.441725387655836	128	narratives	03	002	BlackRecall	
cortex_Default	28.820773842966666	209	narratives	03	002	BlackRecall	
cortex_DorsAttn	31.726494260450288	122	narratives	03	002	BlackRecall	
cortex_Limbic	13.253344487509485	60	narratives	03	002	BlackRecall	
cortex_SalVentAttn	32.03033674384976	121	narratives	03	002	BlackRecall	
cortex_SomMot	29.735114503274833	194	narratives	03	002	BlackRecall	
cortex_Vis	26.69523349835522	162	narratives	03	002	BlackRecall	
subcortex_CAU	21.835166344793947	8	narratives	03	002	BlackRecall	
subcortex_PUT	24.84833948634975	8	narratives	03	002	BlackRecall	
subcortex_THA	25.48948380314953	14	narratives	03	002	BlackRecall	
cerebellum	34.6879326598403	88	narratives	03	002	BlackRecency	
cortex_Cont	46.35643972619367	128	narratives	03	002	BlackRecency	
cortex_Default	43.19020126687634	209	narratives	03	002	BlackRecency	
cortex_DorsAttn	52.231918850635154	122	narratives	03	002	BlackRecency	
cortex_Limbic	19.10581832470873	60	narratives	03	002	BlackRecency	
cortex_SalVentAttn	43.99274196570301	121	narratives	03	002	BlackRecency	
cortex_SomMot	45.837187472500304	194	narratives	03	002	BlackRecency	
cortex_Vis	45.39258415991652	162	narratives	03	002	BlackRecency	
subcortex_CAU	25.70200920507706	8	narratives	03	002	BlackRecency	
subcortex_PUT	27.350936235024783	8	narratives	03	002	BlackRecency	
subcortex_THA	28.04386681665705	14	narratives	03	002	BlackRecency	
cerebellum	31.779221572184884	88	narratives	03	002	BlackStory	
cortex_Cont	37.48235601111982	128	narratives	03	002	BlackStory	
cortex_Default	36.283559686682	209	narratives	03	002	BlackStory	
cortex_DorsAttn	44.79060211039347	122	narratives	03	002	BlackStory	
cortex_Limbic	16.451081725691477	60	narratives	03	002	BlackStory	
cortex_SalVentAttn	38.733893046142434	121	narratives	03	002	BlackStory	
cortex_SomMot	39.56832190490049	194	narratives	03	002	BlackStory	
cortex_Vis	37.97844216044474	162	narratives	03	002	BlackStory	
subcortex_CAU	23.35090362209758	8	narratives	03	002	BlackStory	
subcortex_PUT	25.95035446750554	8	narratives	03	002	BlackStory	
subcortex_THA	27.258265516838172	14	narratives	03	002	BlackStory	
cerebellum	23.59768109373373	88	narratives	03	002	NotthefallintactRecall	
cortex_Cont	28.868508021209976	128	narratives	03	002	NotthefallintactRecall	
cortex_Default	28.354923797069592	209	narratives	03	002	NotthefallintactRecall	
cortex_DorsAttn	32.74890524016942	122	narratives	03	002	NotthefallintactRecall	
cortex_Limbic	11.76164460613443	60	narratives	03	002	NotthefallintactRecall	
cortex_SalVentAttn	30.980153924866848	121	narratives	03	002	NotthefallintactRecall	
cortex_SomMot	29.10543333261518	194	narratives	03	002	NotthefallintactRecall	
cortex_Vis	27.337301275414486	162	narratives	03	002	NotthefallintactRecall	
subcortex_CAU	20.43592855120962	8	narratives	03	002	NotthefallintactRecall	
subcortex_PUT	23.75178838565816	8	narratives	03	002	NotthefallintactRecall	
subcortex_THA	24.278889247728646	14	narratives	03	002	NotthefallintactRecall	
cerebellum	28.787405052955084	88	narratives	03	002	NotthefallintactRecency	
cortex_Cont	37.804532440852356	128	narratives	03	002	NotthefallintactRecency	
cortex_Default	36.19403294671606	209	narratives	03	002	NotthefallintactRecency	
cortex_DorsAttn	39.50660224549888	122	narratives	03	002	NotthefallintactRecency	
cortex_Limbic	17.543465691831045	60	narratives	03	002	NotthefallintactRecency	
cortex_SalVentAttn	37.856884068924955	121	narratives	03	002	NotthefallintactRecency	
cortex_SomMot	36.17069127856678	194	narratives	03	002	NotthefallintactRecency	
cortex_Vis	33.25644698745406	162	narratives	03	002	NotthefallintactRecency	
subcortex_CAU	24.368572072122113	8	narratives	03	002	NotthefallintactRecency	
subcortex_PUT	26.901479697103895	8	narratives	03	002	NotthefallintactRecency	
subcortex_THA	26.853250458872477	14	narratives	03	002	NotthefallintactRecency	
cerebellum	24.6748235173147	88	narratives	03	003	ForgotRecall	
cortex_Cont	30.5441564120289	128	narratives	03	003	ForgotRecall	
cortex_Default	30.07188865100131	209	narratives	03	003	ForgotRecall	
cortex_DorsAttn	34.46859901077691	122	narratives	03	003	ForgotRecall	
cortex_Limbic	13.457854058060455	60	narratives	03	003	ForgotRecall	
cortex_SalVentAttn	32.56540170551526	121	narratives	03	003	ForgotRecall	
cortex_SomMot	31.046368100330096	194	narratives	03	003	ForgotRecall	
cortex_Vis	28.728737394232628	162	narratives	03	003	ForgotRecall	
subcortex_CAU	22.046910194517277	8	narratives	03	003	ForgotRecall	
subcortex_PUT	25.026766607335865	8	narratives	03	003	ForgotRecall	
subcortex_THA	25.394737891118787	14	narratives	03	003	ForgotRecall	
cerebellum	24.180524705626343	88	narratives	03	003	ForgotRecency	
cortex_Cont	31.289314276582473	128	narratives	03	003	ForgotRecency	
cortex_Default	30.586379142977748	209	narratives	03	003	ForgotRecency	
cortex_DorsAttn	33.516547089079836	122	narratives	03	003	ForgotRecency	
cortex_Limbic	14.23465373924016	60	narratives	03	003	ForgotRecency	
cortex_SalVentAttn	32.40169040167356	121	narratives	03	003	ForgotRecency	
cortex_SomMot	30.075501990703078	194	narratives	03	003	ForgotRecency	
cortex_Vis	27.977623227309625	162	narratives	03	003	ForgotRecency	
subcortex_CAU	23.101830432575508	8	narratives	03	003	ForgotRecency	
subcortex_PUT	25.32732337033137	8	narratives	03	003	ForgotRecency	
subcortex_THA	24.626852109532816	14	narratives	03	003	ForgotRecency	
cerebellum	27.528306197668083	88	narratives	03	003	ForgotStory	
cortex_Cont	31.876638200933296	128	narratives	03	003	ForgotStory	
cortex_Default	32.33095798194845	209	narratives	03	003	ForgotStory	
cortex_DorsAttn	34.85196572413724	122	narratives	03	003	ForgotStory	
cortex_Limbic	16.417140759174263	60	narratives	03	003	ForgotStory	
cortex_SalVentAttn	34.461235710516924	121	narratives	03	003	ForgotStory	
cortex_SomMot	32.6363525088998	194	narratives	03	003	ForgotStory	
cortex_Vis	29.56429814946528	162	narratives	03	003	ForgotStory	
subcortex_CAU	24.420433249981137	8	narratives	03	003	ForgotStory	
subcortex_PUT	26.527289858747935	8	narratives	03	003	ForgotStory	
subcortex_THA	26.845728230527573	14	narratives	03	003	ForgotStory	
cerebellum	23.263966202817038	88	narratives	03	003	LucyRecall	
cortex_Cont	30.209210878591126	128	narratives	03	003	LucyRecall	
cortex_Default	29.45730185017435	209	narratives	03	003	LucyRecall	
cortex_DorsAttn	33.087643121741145	122	narratives	03	003	LucyRecall	
cortex_Limbic	13.085368125460606	60	narratives	03	003	LucyRecall	
cortex_SalVentAttn	32.310916308053024	121	narratives	03	003	LucyRecall	
cortex_SomMot	30.480371686929676	194	narratives	03	003	LucyRecall	
cortex_Vis	27.498125383079007	162	narratives	03	003	LucyRecall	
subcortex_CAU	22.604477041263685	8	narratives	03	003	LucyRecall	
subcortex_PUT	25.30534391868029	8	narratives	03	003	LucyRecall	
subcortex_THA	25.34952897842232	14	narratives	03	003	LucyRecall	
cerebellum	30.99253338566168	88	narratives	03	003	LucyRecency	
cortex_Cont	40.35997685113885	128	narratives	03	003	LucyRecency	
cortex_Default	39.01335306197179	209	narratives	03	003	LucyRecency	
cortex_DorsAttn	43.4265214367596	122	narratives	03	003	LucyRecency	
cortex_Limbic	18.758802865650235	60	narratives	03	003	LucyRecency	
cortex_SalVentAttn	39.77781150250093	121	narratives	03	003	LucyRecency	
cortex_SomMot	39.089552807296855	194	narratives	03	003	LucyRecency	
cortex_Vis	38.427633446303254	162	narratives	03	003	LucyRecency	
subcortex_CAU	26.869246291252885	8	narratives	03	003	LucyRecency	
subcortex_PUT	27.536437017869616	8	narratives	03	003	LucyRecency	
subcortex_THA	27.921707439465425	14	narratives	03	003	LucyRecency	
cerebellum	35.06956743509811	88	narratives	03	003	LucyStory	
cortex_Cont	42.568345225220625	128	narratives	03	003	LucyStory	
cortex_Default	40.57106716254367	209	narratives	03	003	LucyStory	
cortex_DorsAttn	48.97207003259399	122	narratives	03	003	LucyStory	
cortex_Limbic	19.360107826775668	60	narratives	03	003	LucyStory	
cortex_SalVentAttn	42.46310189620281	121	narratives	03	003	LucyStory	
cortex_SomMot	44.41143505323658	194	narratives	03	003	LucyStory	
cortex_Vis	40.99037640368638	162	narratives	03	003	LucyStory	
subcortex_CAU	26.577058973411113	8	narratives	03	003	LucyStory	
subcortex_PUT	27.937215565059205	8	narratives	03	003	LucyStory	
subcortex_THA	28.162380829659387	14	narratives	03	003	LucyStory	
cerebellum	28.371551653020596	88	narratives	03	004	BlackRecency	
cortex_Cont	36.86464940545987	128	narratives	03	004	BlackRecency	
cortex_Default	35.60328974638561	209	narratives	03	004	BlackRecency	
cortex_DorsAttn	39.333625466058024	122	narratives	03	004	BlackRecency	
cortex_Limbic	17.0800712040179	60	narratives	03	004	BlackRecency	
cortex_SalVentAttn	38.011361060759796	121	narratives	03	004	BlackRecency	
cortex_SomMot	36.563248656062676	194	narratives	03	004	BlackRecency	
cortex_Vis	33.16996654449645	162	narratives	03	004	BlackRecency	
subcortex_CAU	26.055870212038457	8	narratives	03	004	BlackRecency	
subcortex_PUT	27.57702859985151	8	narratives	03	004	BlackRecency	
subcortex_THA	27.476572461071235	14	narratives	03	004	BlackRecency	
cerebellum	30.463981279700473	88	narratives	03	004	BlackStory	
cortex_Cont	36.85216312943189	128	narratives	03	004	BlackStory	
cortex_Default	35.70140194846686	209	narratives	03	004	BlackStory	
cortex_DorsAttn	40.86533067164303	122	narratives	03	004	BlackStory	
cortex_Limbic	17.795855616255306	60	narratives	03	004	BlackStory	
cortex_SalVentAttn	38.01083308219892	121	narratives	03	004	BlackStory	
cortex_SomMot	38.08076224730833	194	narratives	03	004	BlackStory	
cortex_Vis	33.24348315504695	162	narratives	03	004	BlackStory	
subcortex_CAU	25.171212600348696	8	narratives	03	004	BlackStory	
subcortex_PUT	26.9756957240988	8	narratives	03	004	BlackStory	
subcortex_THA	27.39697581694626	14	narratives	03	004	BlackStory	
cerebellum	26.382157254560955	88	narratives	03	004	NotthefallintactRecall	
cortex_Cont	32.533032509311276	128	narratives	03	004	NotthefallintactRecall	
cortex_Default	31.892220802726268	209	narratives	03	004	NotthefallintactRecall	
cortex_DorsAttn	36.58068819998723	122	narratives	03	004	NotthefallintactRecall	
cortex_Limbic	13.683844386138775	60	narratives	03	004	NotthefallintactRecall	
cortex_SalVentAttn	34.28438611318276	121	narratives	03	004	NotthefallintactRecall	
cortex_SomMot	32.91678896025636	194	narratives	03	004	NotthefallintactRecall	
cortex_Vis	30.125150697202038	162	narratives	03	004	NotthefallintactRecall	
subcortex_CAU	22.838442105183418	8	narratives	03	004	NotthefallintactRecall	
subcortex_PUT	25.43899108798511	8	narratives	03	004	NotthefallintactRecall	
subcortex_THA	25.72135133935488	14	narratives	03	004	NotthefallintactRecall	
cerebellum	35.13156096827311	88	narratives	03	004	NotthefallintactRecency	
cortex_Cont	46.477263848059636	128	narratives	03	004	NotthefallintactRecency	
cortex_Default	44.64980376501058	209	narratives	03	004	NotthefallintactRecency	
cortex_DorsAttn	49.71447854415808	122	narratives	03	004	NotthefallintactRecency	
cortex_Limbic	20.34566562870687	60	narratives	03	004	NotthefallintactRecency	
cortex_SalVentAttn	44.68411703681635	121	narratives	03	004	NotthefallintactRecency	
cortex_SomMot	45.70213466221457	194	narratives	03	004	NotthefallintactRecency	
cortex_Vis	42.723011527812375	162	narratives	03	004	NotthefallintactRecency	
subcortex_CAU	26.61864748814328	8	narratives	03	004	NotthefallintactRecency	
subcortex_PUT	28.3279971547069	8	narratives	03	004	NotthefallintactRecency	
subcortex_THA	28.09972446130408	14	narratives	03	004	NotthefallintactRecency	
cerebellum	24.072085684654724	88	narratives	03	004	NotthefallintactStory	
cortex_Cont	29.170416260737944	128	narratives	03	004	NotthefallintactStory	
cortex_Default	29.03082796701349	209	narratives	03	004	NotthefallintactStory	
cortex_DorsAttn	31.86133075784384	122	narratives	03	004	NotthefallintactStory	
cortex_Limbic	14.181675022463184	60	narratives	03	004	NotthefallintactStory	
cortex_SalVentAttn	31.20283265158408	121	narratives	03	004	NotthefallintactStory	
cortex_SomMot	29.271867493814973	194	narratives	03	004	NotthefallintactStory	
cortex_Vis	26.75879422231823	162	narratives	03	004	NotthefallintactStory	
subcortex_CAU	22.21743698089968	8	narratives	03	004	NotthefallintactStory	
subcortex_PUT	24.927657409473355	8	narratives	03	004	NotthefallintactStory	
subcortex_THA	25.081648269051552	14	narratives	03	004	NotthefallintactStory	
cerebellum	25.121223105392616	88	narratives	03	005	ForgotRecall	
cortex_Cont	31.879888734956584	128	narratives	03	005	ForgotRecall	
cortex_Default	31.06577453696827	209	narratives	03	005	ForgotRecall	
cortex_DorsAttn	35.7064175890138	122	narratives	03	005	ForgotRecall	
cortex_Limbic	13.613176898023514	60	narratives	03	005	ForgotRecall	
cortex_SalVentAttn	33.40846360874694	121	narratives	03	005	ForgotRecall	
cortex_SomMot	32.187479223726015	194	narratives	03	005	ForgotRecall	
cortex_Vis	29.395921237209883	162	narratives	03	005	ForgotRecall	
subcortex_CAU	22.756734153524846	8	narratives	03	005	ForgotRecall	
subcortex_PUT	25.18501330585482	8	narratives	03	005	ForgotRecall	
subcortex_THA	25.572814521542565	14	narratives	03	005	ForgotRecall	
cerebellum	32.304805563016345	88	narratives	03	005	ForgotRecency	
cortex_Cont	44.04596329403612	128	narratives	03	005	ForgotRecency	
cortex_Default	42.141530474634536	209	narratives	03	005	ForgotRecency	
cortex_DorsAttn	46.72404076731165	122	narratives	03	005	ForgotRecency	
cortex_Limbic	19.81692983220772	60	narratives	03	005	ForgotRecency	
cortex_SalVentAttn	42.78651428638598	121	narratives	03	005	ForgotRecency	
cortex_SomMot	42.97905145444895	194	narratives	03	005	ForgotRecency	
cortex_Vis	38.38010752344484	162	narratives	03	005	ForgotRecency	
subcortex_CAU	26.766877292428724	8	narratives	03	005	ForgotRecency	
subcortex_PUT	27.76706704091184	8	narratives	03	005	ForgotRecency	
subcortex_THA	27.663908642724486	14	narratives	03	005	ForgotRecency	
cerebellum	27.182063995252175	88	narratives	03	005	ForgotStory	
cortex_Cont	33.895539989648036	128	narratives	03	005	ForgotStory	
cortex_Default	33.52732703454505	209	narratives	03	005	ForgotStory	
cortex_DorsAttn	36.01894253167542	122	narratives	03	005	ForgotStory	
cortex_Limbic	16.642693017668144	60	narratives	03	005	ForgotStory	
cortex_SalVentAttn	35.533656887703174	121	narratives	03	005	ForgotStory	
cortex_SomMot	33.397621442988175	194	narratives	03	005	ForgotStory	
cortex_Vis	29.735709642838444	162	narratives	03	005	ForgotStory	
subcortex_CAU	24.865172887525965	8	narratives	03	005	ForgotStory	
subcortex_PUT	26.92781073212536	8	narratives	03	005	ForgotStory	
subcortex_THA	26.392765332285418	14	narratives	03	005	ForgotStory	
cerebellum	28.562860422979966	88	narratives	03	005	LucyRecall	
cortex_Cont	35.919147274758465	128	narratives	03	005	LucyRecall	
cortex_Default	34.79849236726861	209	narratives	03	005	LucyRecall	
cortex_DorsAttn	40.55777606955571	122	narratives	03	005	LucyRecall	
cortex_Limbic	15.599491510770635	60	narratives	03	005	LucyRecall	
cortex_SalVentAttn	37.56842182541852	121	narratives	03	005	LucyRecall	
cortex_SomMot	36.96751591526482	194	narratives	03	005	LucyRecall	
cortex_Vis	33.96708011479305	162	narratives	03	005	LucyRecall	
subcortex_CAU	24.617014083648503	8	narratives	03	005	LucyRecall	
subcortex_PUT	26.726099184426683	8	narratives	03	005	LucyRecall	
subcortex_THA	27.121590341691622	14	narratives	03	005	LucyRecall	
cerebellum	33.737512043942964	88	narratives	03	005	LucyRecency	
cortex_Cont	46.50315274829788	128	narratives	03	005	LucyRecency	
cortex_Default	44.12635955629662	209	narratives	03	005	LucyRecency	
cortex_DorsAttn	49.44514363702906	122	narratives	03	005	LucyRecency	
cortex_Limbic	20.166104091598104	60	narratives	03	005	LucyRecency	
cortex_SalVentAttn	43.70632093991904	121	narratives	03	005	LucyRecency	
cortex_SomMot	45.06812355780091	194	narratives	03	005	LucyRecency	
cortex_Vis	40.86417902268992	162	narratives	03	005	LucyRecency	
subcortex_CAU	27.484134445660683	8	narratives	03	005	LucyRecency	
subcortex_PUT	28.136304219679907	8	narratives	03	005	LucyRecency	
subcortex_THA	27.939378466996548	14	narratives	03	005	LucyRecency	
cerebellum	34.449158490608305	88	narratives	03	005	LucyStory	
cortex_Cont	43.03606167207461	128	narratives	03	005	LucyStory	
cortex_Default	41.78853726514418	209	narratives	03	005	LucyStory	
cortex_DorsAttn	47.4801661483439	122	narratives	03	005	LucyStory	
cortex_Limbic	19.954202724877025	60	narratives	03	005	LucyStory	
cortex_SalVentAttn	41.86739526203026	121	narratives	03	005	LucyStory	
cortex_SomMot	42.39085158589351	194	narratives	03	005	LucyStory	
cortex_Vis	40.14073803994864	162	narratives	03	005	LucyStory	
subcortex_CAU	27.281924971712943	8	narratives	03	005	LucyStory	
subcortex_PUT	28.22340359051111	8	narratives	03	005	LucyStory	
subcortex_THA	28.05853193737773	14	narratives	03	005	LucyStory	
cerebellum	23.547926666618626	88	narratives	03	006	BlackRecall	
cortex_Cont	28.85915348786772	128	narratives	03	006	BlackRecall	
cortex_Default	28.582444253575286	209	narratives	03	006	BlackRecall	
cortex_DorsAttn	32.15997504974473	122	narratives	03	006	BlackRecall	
cortex_Limbic	12.35601713623236	60	narratives	03	006	BlackRecall	
cortex_SalVentAttn	30.79666764823637	121	narratives	03	006	BlackRecall	
cortex_SomMot	28.789364047824293	194	narratives	03	006	BlackRecall	
cortex_Vis	27.365392930349756	162	narratives	03	006	BlackRecall	
subcortex_CAU	21.10374188326118	8	narratives	03	006	BlackRecall	
subcortex_PUT	23.893994430861085	8	narratives	03	006	BlackRecall	
subcortex_THA	24.670588205909002	14	narratives	03	006	BlackRecall	
cerebellum	32.47903825146565	88	narratives	03	006	BlackRecency	
cortex_Cont	43.22096052840898	128	narratives	03	006	BlackRecency	
cortex_Default	41.41841873015342	209	narratives	03	006	BlackRecency	
cortex_DorsAttn	45.75360525341188	122	narratives	03	006	BlackRecency	
cortex_Limbic	19.02698017088162	60	narratives	03	006	BlackRecency	
cortex_SalVentAttn	41.06696692963895	121	narratives	03	006	BlackRecency	
cortex_SomMot	40.791033642814725	194	narratives	03	006	BlackRecency	
cortex_Vis	40.35220988181336	162	narratives	03	006	BlackRecency	
subcortex_CAU	25.629383954343606	8	narratives	03	006	BlackRecency	
subcortex_PUT	26.982698935889545	8	narratives	03	006	BlackRecency	
subcortex_THA	26.888466445657297	14	narratives	03	006	BlackRecency	
cerebellum	26.485123064365688	88	narratives	03	006	BlackStory	
cortex_Cont	29.164114987300145	128	narratives	03	006	BlackStory	
cortex_Default	28.99302627825583	209	narratives	03	006	BlackStory	
cortex_DorsAttn	31.68244096169517	122	narratives	03	006	BlackStory	
cortex_Limbic	15.827867920194079	60	narratives	03	006	BlackStory	
cortex_SalVentAttn	31.191689334249872	121	narratives	03	006	BlackStory	
cortex_SomMot	30.639236382448935	194	narratives	03	006	BlackStory	
cortex_Vis	28.135522670184887	162	narratives	03	006	BlackStory	
subcortex_CAU	21.921876482978547	8	narratives	03	006	BlackStory	
subcortex_PUT	23.607021381394436	8	narratives	03	006	BlackStory	
subcortex_THA	24.93937766418412	14	narratives	03	006	BlackStory	
cerebellum	23.096200790003028	88	narratives	03	006	NotthefallintactRecall	
cortex_Cont	26.719629983188014	128	narratives	03	006	NotthefallintactRecall	
cortex_Default	26.789264419105127	209	narratives	03	006	NotthefallintactRecall	
cortex_DorsAttn	29.76900812152291	122	narratives	03	006	NotthefallintactRecall	
cortex_Limbic	12.555313629862031	60	narratives	03	006	NotthefallintactRecall	
cortex_SalVentAttn	28.80105107299087	121	narratives	03	006	NotthefallintactRecall	
cortex_SomMot	27.057672285205953	194	narratives	03	006	NotthefallintactRecall	
cortex_Vis	26.312350158576272	162	narratives	03	006	NotthefallintactRecall	
subcortex_CAU	21.12637071671416	8	narratives	03	006	NotthefallintactRecall	
subcortex_PUT	23.6837906364441	8	narratives	03	006	NotthefallintactRecall	
subcortex_THA	24.177243545462055	14	narratives	03	006	NotthefallintactRecall	
cerebellum	33.67116687104206	88	narratives	03	006	NotthefallintactRecency	
cortex_Cont	45.86809708764869	128	narratives	03	006	NotthefallintactRecency	
cortex_Default	43.587422794765416	209	narratives	03	006	NotthefallintactRecency	
cortex_DorsAttn	50.34895102579061	122	narratives	03	006	NotthefallintactRecency	
cortex_Limbic	19.326919857066034	60	narratives	03	006	NotthefallintactRecency	
cortex_SalVentAttn	43.33654143601246	121	narratives	03	006	NotthefallintactRecency	
cortex_SomMot	45.02264250136356	194	narratives	03	006	NotthefallintactRecency	
cortex_Vis	42.88287303389751	162	narratives	03	006	NotthefallintactRecency	
subcortex_CAU	25.970186734304093	8	narratives	03	006	NotthefallintactRecency	
subcortex_PUT	27.212281307924954	8	narratives	03	006	NotthefallintactRecency	
subcortex_THA	27.223059074270626	14	narratives	03	006	NotthefallintactRecency	
cerebellum	25.01841631589484	88	narratives	03	006	NotthefallintactStory	
cortex_Cont	27.334523452518795	128	narratives	03	006	NotthefallintactStory	
cortex_Default	27.71815059554099	209	narratives	03	006	NotthefallintactStory	
cortex_DorsAttn	29.34476875403843	122	narratives	03	006	NotthefallintactStory	
cortex_Limbic	15.045940778529193	60	narratives	03	006	NotthefallintactStory	
cortex_SalVentAttn	29.887290232202783	121	narratives	03	006	NotthefallintactStory	
cortex_SomMot	27.95141128741868	194	narratives	03	006	NotthefallintactStory	
cortex_Vis	26.89322961950799	162	narratives	03	006	NotthefallintactStory	
subcortex_CAU	21.8705039361326	8	narratives	03	006	NotthefallintactStory	
subcortex_PUT	23.23660544161019	8	narratives	03	006	NotthefallintactStory	
subcortex_THA	24.231955622647053	14	narratives	03	006	NotthefallintactStory	
cerebellum	23.682581507963015	88	narratives	03	007	PiemanRecall	
cortex_Cont	29.281966886982715	128	narratives	03	007	PiemanRecall	
cortex_Default	29.227257241297842	209	narratives	03	007	PiemanRecall	
cortex_DorsAttn	32.88133496531393	122	narratives	03	007	PiemanRecall	
cortex_Limbic	14.055140475959437	60	narratives	03	007	PiemanRecall	
cortex_SalVentAttn	31.581003790110167	121	narratives	03	007	PiemanRecall	
cortex_SomMot	29.74904661486534	194	narratives	03	007	PiemanRecall	
cortex_Vis	27.462930140560438	162	narratives	03	007	PiemanRecall	
subcortex_CAU	22.646454448120142	8	narratives	03	007	PiemanRecall	
subcortex_PUT	25.009257775409814	8	narratives	03	007	PiemanRecall	
subcortex_THA	25.772314580767524	14	narratives	03	007	PiemanRecall	
cerebellum	33.45429098428582	88	narratives	03	007	PiemanRecency	
cortex_Cont	46.88404879917114	128	narratives	03	007	PiemanRecency	
cortex_Default	43.74333901481906	209	narratives	03	007	PiemanRecency	
cortex_DorsAttn	50.632397943970666	122	narratives	03	007	PiemanRecency	
cortex_Limbic	21.096770806026555	60	narratives	03	007	PiemanRecency	
cortex_SalVentAttn	43.726912189696456	121	narratives	03	007	PiemanRecency	
cortex_SomMot	44.97381675768485	194	narratives	03	007	PiemanRecency	
cortex_Vis	41.42764528953096	162	narratives	03	007	PiemanRecency	
subcortex_CAU	27.240508784256257	8	narratives	03	007	PiemanRecency	
subcortex_PUT	28.542235366400533	8	narratives	03	007	PiemanRecency	
subcortex_THA	28.322224019712177	14	narratives	03	007	PiemanRecency	
cerebellum	32.639824962575524	88	narratives	03	007	PiemanStory	
cortex_Cont	38.447914655151706	128	narratives	03	007	PiemanStory	
cortex_Default	37.22677013981257	209	narratives	03	007	PiemanStory	
cortex_DorsAttn	44.095625547078185	122	narratives	03	007	PiemanStory	
cortex_Limbic	18.96504968344308	60	narratives	03	007	PiemanStory	
cortex_SalVentAttn	39.14185812551216	121	narratives	03	007	PiemanStory	
cortex_SomMot	39.20608188008339	194	narratives	03	007	PiemanStory	
cortex_Vis	37.45317671003222	162	narratives	03	007	PiemanStory	
subcortex_CAU	25.791053993204773	8	narratives	03	007	PiemanStory	
subcortex_PUT	25.88019310917025	8	narratives	03	007	PiemanStory	
subcortex_THA	27.91962559251283	14	narratives	03	007	PiemanStory	
cerebellum	33.106066050093965	88	narratives	03	007	SlumlordRecency	
cortex_Cont	44.9292522861251	128	narratives	03	007	SlumlordRecency	
cortex_Default	42.357456318741974	209	narratives	03	007	SlumlordRecency	
cortex_DorsAttn	49.598681642348	122	narratives	03	007	SlumlordRecency	
cortex_Limbic	20.556941888832924	60	narratives	03	007	SlumlordRecency	
cortex_SalVentAttn	42.92784528245766	121	narratives	03	007	SlumlordRecency	
cortex_SomMot	43.74298650256339	194	narratives	03	007	SlumlordRecency	
cortex_Vis	42.281600045228664	162	narratives	03	007	SlumlordRecency	
subcortex_CAU	26.9147699782878	8	narratives	03	007	SlumlordRecency	
subcortex_PUT	28.703814349653562	8	narratives	03	007	SlumlordRecency	
subcortex_THA	28.330397894385925	14	narratives	03	007	SlumlordRecency	
cerebellum	33.8969105091432	88	narratives	03	007	SlumlordStory	
cortex_Cont	41.33705421375682	128	narratives	03	007	SlumlordStory	
cortex_Default	40.22452805319625	209	narratives	03	007	SlumlordStory	
cortex_DorsAttn	45.07162689030174	122	narratives	03	007	SlumlordStory	
cortex_Limbic	19.150025345394184	60	narratives	03	007	SlumlordStory	
cortex_SalVentAttn	41.7549311202735	121	narratives	03	007	SlumlordStory	
cortex_SomMot	41.31958813394614	194	narratives	03	007	SlumlordStory	
cortex_Vis	38.95356644544299	162	narratives	03	007	SlumlordStory	
subcortex_CAU	27.09422414870604	8	narratives	03	007	SlumlordStory	
subcortex_PUT	28.85878674489268	8	narratives	03	007	SlumlordStory	
subcortex_THA	28.525206751263955	14	narratives	03	007	SlumlordStory	
cerebellum	26.490018485706397	88	narratives	03	008	PrettymouthRecall	
cortex_Cont	32.76876833567694	128	narratives	03	008	PrettymouthRecall	
cortex_Default	32.11669537635534	209	narratives	03	008	PrettymouthRecall	
cortex_DorsAttn	37.26802659544051	122	narratives	03	008	PrettymouthRecall	
cortex_Limbic	13.821491326690182	60	narratives	03	008	PrettymouthRecall	
cortex_SalVentAttn	34.084631619438234	121	narratives	03	008	PrettymouthRecall	
cortex_SomMot	32.000620349420515	194	narratives	03	008	PrettymouthRecall	
cortex_Vis	31.267014996268458	162	narratives	03	008	PrettymouthRecall	
subcortex_CAU	23.30478929106164	8	narratives	03	008	PrettymouthRecall	
subcortex_PUT	25.45771913361871	8	narratives	03	008	PrettymouthRecall	
subcortex_THA	25.78284476980923	14	narratives	03	008	PrettymouthRecall	
cerebellum	33.95723076301096	88	narratives	03	008	PrettymouthRecency	
cortex_Cont	47.67447055186956	128	narratives	03	008	PrettymouthRecency	
cortex_Default	44.561161765891185	209	narratives	03	008	PrettymouthRecency	
cortex_DorsAttn	49.97900010511756	122	narratives	03	008	PrettymouthRecency	
cortex_Limbic	21.388129575396963	60	narratives	03	008	PrettymouthRecency	
cortex_SalVentAttn	44.148836508043495	121	narratives	03	008	PrettymouthRecency	
cortex_SomMot	45.33674925004644	194	narratives	03	008	PrettymouthRecency	
cortex_Vis	40.9848136688325	162	narratives	03	008	PrettymouthRecency	
subcortex_CAU	27.70654286479249	8	narratives	03	008	PrettymouthRecency	
subcortex_PUT	28.433478270151365	8	narratives	03	008	PrettymouthRecency	
subcortex_THA	27.94661728923564	14	narratives	03	008	PrettymouthRecency	
cerebellum	35.88651919923178	88	narratives	03	008	PrettymouthStory	
cortex_Cont	43.225377304430246	128	narratives	03	008	PrettymouthStory	
cortex_Default	41.29417350926153	209	narratives	03	008	PrettymouthStory	
cortex_DorsAttn	48.845280796035624	122	narratives	03	008	PrettymouthStory	
cortex_Limbic	18.86882654248338	60	narratives	03	008	PrettymouthStory	
cortex_SalVentAttn	42.68698037782126	121	narratives	03	008	PrettymouthStory	
cortex_SomMot	43.809245862306405	194	narratives	03	008	PrettymouthStory	
cortex_Vis	40.58261307267753	162	narratives	03	008	PrettymouthStory	
subcortex_CAU	26.858645934261247	8	narratives	03	008	PrettymouthStory	
subcortex_PUT	28.166366235150438	8	narratives	03	008	PrettymouthStory	
subcortex_THA	28.222099189165238	14	narratives	03	008	PrettymouthStory	
cerebellum	25.529952585439204	88	narratives	03	008	TunnelRecall1	
cortex_Cont	33.19952038094757	128	narratives	03	008	TunnelRecall1	
cortex_Default	32.149555550925776	209	narratives	03	008	TunnelRecall1	
cortex_DorsAttn	36.68452015776322	122	narratives	03	008	TunnelRecall1	
cortex_Limbic	14.625521761646223	60	narratives	03	008	TunnelRecall1	
cortex_SalVentAttn	35.002182568227774	121	narratives	03	008	TunnelRecall1	
cortex_SomMot	33.2724967419806	194	narratives	03	008	TunnelRecall1	
cortex_Vis	29.971036558309724	162	narratives	03	008	TunnelRecall1	
subcortex_CAU	24.218243265581908	8	narratives	03	008	TunnelRecall1	
subcortex_PUT	26.179249824303263	8	narratives	03	008	TunnelRecall1	
subcortex_THA	26.346153202174285	14	narratives	03	008	TunnelRecall1	
cerebellum	25.567857463351697	88	narratives	03	008	TunnelRecall2	
cortex_Cont	32.316705800980095	128	narratives	03	008	TunnelRecall2	
cortex_Default	31.725382085628084	209	narratives	03	008	TunnelRecall2	
cortex_DorsAttn	36.008569151159286	122	narratives	03	008	TunnelRecall2	
cortex_Limbic	14.53794754469482	60	narratives	03	008	TunnelRecall2	
cortex_SalVentAttn	33.90961213358735	121	narratives	03	008	TunnelRecall2	
cortex_SomMot	32.32079488272387	194	narratives	03	008	TunnelRecall2	
cortex_Vis	29.874884630233	162	narratives	03	008	TunnelRecall2	
subcortex_CAU	23.284887977747193	8	narratives	03	008	TunnelRecall2	
subcortex_PUT	26.23959565335496	8	narratives	03	008	TunnelRecall2	
subcortex_THA	26.21058387371952	14	narratives	03	008	TunnelRecall2	
cerebellum	35.290711111247525	88	narratives	03	008	TunnelRecency	
cortex_Cont	50.221049363057894	128	narratives	03	008	TunnelRecency	
cortex_Default	46.32430173060852	209	narratives	03	008	TunnelRecency	
cortex_DorsAttn	54.54651578485625	122	narratives	03	008	TunnelRecency	
cortex_Limbic	21.79648633462393	60	narratives	03	008	TunnelRecency	
cortex_SalVentAttn	45.44094692239909	121	narratives	03	008	TunnelRecency	
cortex_SomMot	47.921078363599996	194	narratives	03	008	TunnelRecency	
cortex_Vis	45.30730971764944	162	narratives	03	008	TunnelRecency	
subcortex_CAU	27.370722446791824	8	narratives	03	008	TunnelRecency	
subcortex_PUT	28.445696336333054	8	narratives	03	008	TunnelRecency	
subcortex_THA	27.89530712997883	14	narratives	03	008	TunnelRecency	
cerebellum	33.01155961096815	88	narratives	03	008	Tunnelpart1Story	
cortex_Cont	40.082018449798504	128	narratives	03	008	Tunnelpart1Story	
cortex_Default	38.135645490881885	209	narratives	03	008	Tunnelpart1Story	
cortex_DorsAttn	45.307021921625584	122	narratives	03	008	Tunnelpart1Story	
cortex_Limbic	18.08227578410779	60	narratives	03	008	Tunnelpart1Story	
cortex_SalVentAttn	40.41165970511166	121	narratives	03	008	Tunnelpart1Story	
cortex_SomMot	40.891397959667046	194	narratives	03	008	Tunnelpart1Story	
cortex_Vis	37.9588814155855	162	narratives	03	008	Tunnelpart1Story	
subcortex_CAU	26.070248446713794	8	narratives	03	008	Tunnelpart1Story	
subcortex_PUT	27.425727996832965	8	narratives	03	008	Tunnelpart1Story	
subcortex_THA	27.62886967719799	14	narratives	03	008	Tunnelpart1Story	
cerebellum	33.64814033407089	88	narratives	03	008	Tunnelpart2Story	
cortex_Cont	41.820072296138115	128	narratives	03	008	Tunnelpart2Story	
cortex_Default	39.93622549748881	209	narratives	03	008	Tunnelpart2Story	
cortex_DorsAttn	46.010951184770846	122	narratives	03	008	Tunnelpart2Story	
cortex_Limbic	19.144959486545485	60	narratives	03	008	Tunnelpart2Story	
cortex_SalVentAttn	41.188621867787724	121	narratives	03	008	Tunnelpart2Story	
cortex_SomMot	41.345981852763856	194	narratives	03	008	Tunnelpart2Story	
cortex_Vis	39.4637738242054	162	narratives	03	008	Tunnelpart2Story	
subcortex_CAU	26.74084959230044	8	narratives	03	008	Tunnelpart2Story	
subcortex_PUT	27.837615655768182	8	narratives	03	008	Tunnelpart2Story	
subcortex_THA	27.92571243278837	14	narratives	03	008	Tunnelpart2Story	
cerebellum	19.140943856732402	88	narratives	03	009	PiemanRecall	
cortex_Cont	27.000637383444907	128	narratives	03	009	PiemanRecall	
cortex_Default	26.8672045188753	209	narratives	03	009	PiemanRecall	
cortex_DorsAttn	29.912731257871364	122	narratives	03	009	PiemanRecall	
cortex_Limbic	11.384056384463962	60	narratives	03	009	PiemanRecall	
cortex_SalVentAttn	29.482380141869655	121	narratives	03	009	PiemanRecall	
cortex_SomMot	27.566448539102918	194	narratives	03	009	PiemanRecall	
cortex_Vis	25.010552279690415	162	narratives	03	009	PiemanRecall	
subcortex_CAU	20.70657048200843	8	narratives	03	009	PiemanRecall	
subcortex_PUT	23.903263126140715	8	narratives	03	009	PiemanRecall	
subcortex_THA	24.26333412391932	14	narratives	03	009	PiemanRecall	
cerebellum	30.569354021418068	88	narratives	03	009	PiemanRecency	
cortex_Cont	45.51223791862924	128	narratives	03	009	PiemanRecency	
cortex_Default	43.38070290181492	209	narratives	03	009	PiemanRecency	
cortex_DorsAttn	49.14295340781296	122	narratives	03	009	PiemanRecency	
cortex_Limbic	19.70388240446486	60	narratives	03	009	PiemanRecency	
cortex_SalVentAttn	42.82831329162719	121	narratives	03	009	PiemanRecency	
cortex_SomMot	43.35995752128355	194	narratives	03	009	PiemanRecency	
cortex_Vis	41.784387309381614	162	narratives	03	009	PiemanRecency	
subcortex_CAU	26.65215370737595	8	narratives	03	009	PiemanRecency	
subcortex_PUT	28.019550233348145	8	narratives	03	009	PiemanRecency	
subcortex_THA	27.797942359034455	14	narratives	03	009	PiemanRecency	
cerebellum	24.96715194489766	88	narratives	03	009	PiemanStory	
cortex_Cont	32.86399832728048	128	narratives	03	009	PiemanStory	
cortex_Default	32.73506841559157	209	narratives	03	009	PiemanStory	
cortex_DorsAttn	36.26039108021718	122	narratives	03	009	PiemanStory	
cortex_Limbic	15.355325089939418	60	narratives	03	009	PiemanStory	
cortex_SalVentAttn	35.06900868314384	121	narratives	03	009	PiemanStory	
cortex_SomMot	33.10222435611884	194	narratives	03	009	PiemanStory	
cortex_Vis	31.552791483707356	162	narratives	03	009	PiemanStory	
subcortex_CAU	23.341970362506984	8	narratives	03	009	PiemanStory	
subcortex_PUT	25.27564470931842	8	narratives	03	009	PiemanStory	
subcortex_THA	25.945695028198635	14	narratives	03	009	PiemanStory	
cerebellum	19.30185031992006	88	narratives	03	009	SlumlordRecall	
cortex_Cont	27.51789764010687	128	narratives	03	009	SlumlordRecall	
cortex_Default	27.309520739859302	209	narratives	03	009	SlumlordRecall	
cortex_DorsAttn	30.66430620979554	122	narratives	03	009	SlumlordRecall	
cortex_Limbic	11.602442188023018	60	narratives	03	009	SlumlordRecall	
cortex_SalVentAttn	30.050470550078195	121	narratives	03	009	SlumlordRecall	
cortex_SomMot	28.480246243763315	194	narratives	03	009	SlumlordRecall	
cortex_Vis	25.37432832783668	162	narratives	03	009	SlumlordRecall	
subcortex_CAU	20.874928265175754	8	narratives	03	009	SlumlordRecall	
subcortex_PUT	23.128400875042608	8	narratives	03	009	SlumlordRecall	
subcortex_THA	24.25197394858642	14	narratives	03	009	SlumlordRecall	
cerebellum	29.40978357972409	88	narratives	03	009	SlumlordRecency	
cortex_Cont	43.95025106132783	128	narratives	03	009	SlumlordRecency	
cortex_Default	41.09588436471673	209	narratives	03	009	SlumlordRecency	
cortex_DorsAttn	47.82501561897079	122	narratives	03	009	SlumlordRecency	
cortex_Limbic	18.324022221475136	60	narratives	03	009	SlumlordRecency	
cortex_SalVentAttn	42.42656696929222	121	narratives	03	009	SlumlordRecency	
cortex_SomMot	43.0924579105741	194	narratives	03	009	SlumlordRecency	
cortex_Vis	40.58342741960506	162	narratives	03	009	SlumlordRecency	
subcortex_CAU	25.24966239211838	8	narratives	03	009	SlumlordRecency	
subcortex_PUT	26.516511449531766	8	narratives	03	009	SlumlordRecency	
subcortex_THA	27.121730942927	14	narratives	03	009	SlumlordRecency	
cerebellum	28.760022001728895	88	narratives	03	009	SlumlordStory	
cortex_Cont	37.07666978161025	128	narratives	03	009	SlumlordStory	
cortex_Default	36.26271283084507	209	narratives	03	009	SlumlordStory	
cortex_DorsAttn	43.62975274883904	122	narratives	03	009	SlumlordStory	
cortex_Limbic	15.473227200568363	60	narratives	03	009	SlumlordStory	
cortex_SalVentAttn	38.27524659894796	121	narratives	03	009	SlumlordStory	
cortex_SomMot	38.85349500908215	194	narratives	03	009	SlumlordStory	
cortex_Vis	36.10799997139549	162	narratives	03	009	SlumlordStory	
subcortex_CAU	24.17564673395265	8	narratives	03	009	SlumlordStory	
subcortex_PUT	26.42447992084822	8	narratives	03	009	SlumlordStory	
subcortex_THA	26.558752177122635	14	narratives	03	009	SlumlordStory	
cerebellum	24.667251425375902	88	narratives	03	010	PrettymouthRecall	
cortex_Cont	30.32115748475811	128	narratives	03	010	PrettymouthRecall	
cortex_Default	29.94440818626744	209	narratives	03	010	PrettymouthRecall	
cortex_DorsAttn	34.005815587895476	122	narratives	03	010	PrettymouthRecall	
cortex_Limbic	14.059268876432784	60	narratives	03	010	PrettymouthRecall	
cortex_SalVentAttn	32.30835476435227	121	narratives	03	010	PrettymouthRecall	
cortex_SomMot	30.591974400821414	194	narratives	03	010	PrettymouthRecall	
cortex_Vis	28.694371158060523	162	narratives	03	010	PrettymouthRecall	
subcortex_CAU	22.51303642044858	8	narratives	03	010	PrettymouthRecall	
subcortex_PUT	24.791179797407022	8	narratives	03	010	PrettymouthRecall	
subcortex_THA	25.501241784926048	14	narratives	03	010	PrettymouthRecall	
cerebellum	29.944934278056085	88	narratives	03	010	PrettymouthRecency	
cortex_Cont	41.388205626578305	128	narratives	03	010	PrettymouthRecency	
cortex_Default	39.833731991940255	209	narratives	03	010	PrettymouthRecency	
cortex_DorsAttn	43.58145948448483	122	narratives	03	010	PrettymouthRecency	
cortex_Limbic	19.167474317130594	60	narratives	03	010	PrettymouthRecency	
cortex_SalVentAttn	41.45254884625025	121	narratives	03	010	PrettymouthRecency	
cortex_SomMot	41.21103739863639	194	narratives	03	010	PrettymouthRecency	
cortex_Vis	36.07852827729077	162	narratives	03	010	PrettymouthRecency	
subcortex_CAU	27.018153820825233	8	narratives	03	010	PrettymouthRecency	
subcortex_PUT	28.162672068122813	8	narratives	03	010	PrettymouthRecency	
subcortex_THA	27.61241971750966	14	narratives	03	010	PrettymouthRecency	
cerebellum	27.097367186173482	88	narratives	03	010	PrettymouthStory	
cortex_Cont	32.94536124369809	128	narratives	03	010	PrettymouthStory	
cortex_Default	32.624050440294695	209	narratives	03	010	PrettymouthStory	
cortex_DorsAttn	35.107885832982284	122	narratives	03	010	PrettymouthStory	
cortex_Limbic	16.726074357339545	60	narratives	03	010	PrettymouthStory	
cortex_SalVentAttn	35.30277625976134	121	narratives	03	010	PrettymouthStory	
cortex_SomMot	33.739820692607374	194	narratives	03	010	PrettymouthStory	
cortex_Vis	30.063909039057037	162	narratives	03	010	PrettymouthStory	
subcortex_CAU	24.914475096596824	8	narratives	03	010	PrettymouthStory	
subcortex_PUT	26.59570070139506	8	narratives	03	010	PrettymouthStory	
subcortex_THA	26.54316484838052	14	narratives	03	010	PrettymouthStory	
cerebellum	32.874037676110056	88	narratives	03	010	TunnelRecency	
cortex_Cont	46.842214512814515	128	narratives	03	010	TunnelRecency	
cortex_Default	43.93651317747774	209	narratives	03	010	TunnelRecency	
cortex_DorsAttn	49.3544429623227	122	narratives	03	010	TunnelRecency	
cortex_Limbic	21.08704800212341	60	narratives	03	010	TunnelRecency	
cortex_SalVentAttn	43.952091738159865	121	narratives	03	010	TunnelRecency	
cortex_SomMot	45.099640043652684	194	narratives	03	010	TunnelRecency	
cortex_Vis	40.94044482671997	162	narratives	03	010	TunnelRecency	
subcortex_CAU	26.821737310628418	8	narratives	03	010	TunnelRecency	
subcortex_PUT	28.130818177914456	8	narratives	03	010	TunnelRecency	
subcortex_THA	27.68194187588964	14	narratives	03	010	TunnelRecency	
cerebellum	24.327470362468308	88	narratives	03	010	Tunnelpart1Recall	
cortex_Cont	29.488224057592447	128	narratives	03	010	Tunnelpart1Recall	
cortex_Default	29.115103206315787	209	narratives	03	010	Tunnelpart1Recall	
cortex_DorsAttn	33.48550360033953	122	narratives	03	010	Tunnelpart1Recall	
cortex_Limbic	13.204039375652496	60	narratives	03	010	Tunnelpart1Recall	
cortex_SalVentAttn	31.79274841661904	121	narratives	03	010	Tunnelpart1Recall	
cortex_SomMot	30.316426186395432	194	narratives	03	010	Tunnelpart1Recall	
cortex_Vis	27.383022324250092	162	narratives	03	010	Tunnelpart1Recall	
subcortex_CAU	21.80039764446132	8	narratives	03	010	Tunnelpart1Recall	
subcortex_PUT	24.926278613275944	8	narratives	03	010	Tunnelpart1Recall	
subcortex_THA	25.238119899894986	14	narratives	03	010	Tunnelpart1Recall	
cerebellum	26.46087331535292	88	narratives	03	010	Tunnelpart1Story	
cortex_Cont	32.20729441535931	128	narratives	03	010	Tunnelpart1Story	
cortex_Default	31.494597846187784	209	narratives	03	010	Tunnelpart1Story	
cortex_DorsAttn	34.89499587790252	122	narratives	03	010	Tunnelpart1Story	
cortex_Limbic	16.13604157114463	60	narratives	03	010	Tunnelpart1Story	
cortex_SalVentAttn	34.38460101242501	121	narratives	03	010	Tunnelpart1Story	
cortex_SomMot	32.50338627533217	194	narratives	03	010	Tunnelpart1Story	
cortex_Vis	29.218060036198253	162	narratives	03	010	Tunnelpart1Story	
subcortex_CAU	24.24298789860899	8	narratives	03	010	Tunnelpart1Story	
subcortex_PUT	26.11489093023541	8	narratives	03	010	Tunnelpart1Story	
subcortex_THA	26.102470427813195	14	narratives	03	010	Tunnelpart1Story	
cerebellum	23.421097763054856	88	narratives	03	010	Tunnelpart2Recall	
cortex_Cont	29.60191905346589	128	narratives	03	010	Tunnelpart2Recall	
cortex_Default	29.102140596446144	209	narratives	03	010	Tunnelpart2Recall	
cortex_DorsAttn	32.70187587823976	122	narratives	03	010	Tunnelpart2Recall	
cortex_Limbic	13.196046622671288	60	narratives	03	010	Tunnelpart2Recall	
cortex_SalVentAttn	31.34009201963144	121	narratives	03	010	Tunnelpart2Recall	
cortex_SomMot	30.04677445334016	194	narratives	03	010	Tunnelpart2Recall	
cortex_Vis	27.0766381420006	162	narratives	03	010	Tunnelpart2Recall	
subcortex_CAU	22.17760762392941	8	narratives	03	010	Tunnelpart2Recall	
subcortex_PUT	24.41177664760566	8	narratives	03	010	Tunnelpart2Recall	
subcortex_THA	24.923408699846505	14	narratives	03	010	Tunnelpart2Recall	
cerebellum	26.352413132016284	88	narratives	03	010	Tunnelpart2Story	
cortex_Cont	32.692587734188336	128	narratives	03	010	Tunnelpart2Story	
cortex_Default	32.24658746971624	209	narratives	03	010	Tunnelpart2Story	
cortex_DorsAttn	34.33652509375028	122	narratives	03	010	Tunnelpart2Story	
cortex_Limbic	15.987777922906227	60	narratives	03	010	Tunnelpart2Story	
cortex_SalVentAttn	34.37862030046771	121	narratives	03	010	Tunnelpart2Story	
cortex_SomMot	32.37523417412062	194	narratives	03	010	Tunnelpart2Story	
cortex_Vis	29.65047802928277	162	narratives	03	010	Tunnelpart2Story	
subcortex_CAU	24.25579030681909	8	narratives	03	010	Tunnelpart2Story	
subcortex_PUT	25.60039499281403	8	narratives	03	010	Tunnelpart2Story	
subcortex_THA	25.80517445706398	14	narratives	03	010	Tunnelpart2Story	
cerebellum	23.79336385904454	88	narratives	03	011	PiemanRecall	
cortex_Cont	29.386882706450955	128	narratives	03	011	PiemanRecall	
cortex_Default	28.704429182500768	209	narratives	03	011	PiemanRecall	
cortex_DorsAttn	32.33907023693019	122	narratives	03	011	PiemanRecall	
cortex_Limbic	12.963703888489473	60	narratives	03	011	PiemanRecall	
cortex_SalVentAttn	31.320095358765826	121	narratives	03	011	PiemanRecall	
cortex_SomMot	29.640182759852337	194	narratives	03	011	PiemanRecall	
cortex_Vis	26.74937884777664	162	narratives	03	011	PiemanRecall	
subcortex_CAU	22.137098161819978	8	narratives	03	011	PiemanRecall	
subcortex_PUT	24.706006975039962	8	narratives	03	011	PiemanRecall	
subcortex_THA	24.98895119022284	14	narratives	03	011	PiemanRecall	
cerebellum	32.46117206197937	88	narratives	03	011	PiemanRecency	
cortex_Cont	44.57595241755865	128	narratives	03	011	PiemanRecency	
cortex_Default	42.64325624709555	209	narratives	03	011	PiemanRecency	
cortex_DorsAttn	47.42895436629928	122	narratives	03	011	PiemanRecency	
cortex_Limbic	20.26516748056787	60	narratives	03	011	PiemanRecency	
cortex_SalVentAttn	43.25727454775216	121	narratives	03	011	PiemanRecency	
cortex_SomMot	43.48281962923371	194	narratives	03	011	PiemanRecency	
cortex_Vis	39.253599187756464	162	narratives	03	011	PiemanRecency	
subcortex_CAU	26.942805596342616	8	narratives	03	011	PiemanRecency	
subcortex_PUT	27.97157569258725	8	narratives	03	011	PiemanRecency	
subcortex_THA	27.64488052412614	14	narratives	03	011	PiemanRecency	
cerebellum	28.974057574122238	88	narratives	03	011	PiemanStory	
cortex_Cont	34.59738299885202	128	narratives	03	011	PiemanStory	
cortex_Default	34.362722444020896	209	narratives	03	011	PiemanStory	
cortex_DorsAttn	39.189046423709414	122	narratives	03	011	PiemanStory	
cortex_Limbic	16.377686458133606	60	narratives	03	011	PiemanStory	
cortex_SalVentAttn	36.479513021792904	121	narratives	03	011	PiemanStory	
cortex_SomMot	35.74779450978058	194	narratives	03	011	PiemanStory	
cortex_Vis	33.08043030254565	162	narratives	03	011	PiemanStory	
subcortex_CAU	24.207934801258	8	narratives	03	011	PiemanStory	
subcortex_PUT	26.367067869197243	8	narratives	03	011	PiemanStory	
subcortex_THA	26.743960302718058	14	narratives	03	011	PiemanStory	
cerebellum	22.742005272397773	88	narratives	03	011	SlumlordRecall	
cortex_Cont	28.89867601985258	128	narratives	03	011	SlumlordRecall	
cortex_Default	28.380358034344667	209	narratives	03	011	SlumlordRecall	
cortex_DorsAttn	31.359530915576194	122	narratives	03	011	SlumlordRecall	
cortex_Limbic	12.76932925781788	60	narratives	03	011	SlumlordRecall	
cortex_SalVentAttn	30.960740814965185	121	narratives	03	011	SlumlordRecall	
cortex_SomMot	29.174303682275163	194	narratives	03	011	SlumlordRecall	
cortex_Vis	25.657390318182625	162	narratives	03	011	SlumlordRecall	
subcortex_CAU	22.135759084930445	8	narratives	03	011	SlumlordRecall	
subcortex_PUT	24.426955343527915	8	narratives	03	011	SlumlordRecall	
subcortex_THA	24.831723870989244	14	narratives	03	011	SlumlordRecall	
cerebellum	31.93454394243272	88	narratives	03	011	SlumlordRecency	
cortex_Cont	43.808108047294574	128	narratives	03	011	SlumlordRecency	
cortex_Default	41.670427161152716	209	narratives	03	011	SlumlordRecency	
cortex_DorsAttn	46.46737780920712	122	narratives	03	011	SlumlordRecency	
cortex_Limbic	19.232359341422786	60	narratives	03	011	SlumlordRecency	
cortex_SalVentAttn	42.436354938851366	121	narratives	03	011	SlumlordRecency	
cortex_SomMot	43.26837951206181	194	narratives	03	011	SlumlordRecency	
cortex_Vis	37.82804516456644	162	narratives	03	011	SlumlordRecency	
subcortex_CAU	26.587121239272275	8	narratives	03	011	SlumlordRecency	
subcortex_PUT	28.05018164992322	8	narratives	03	011	SlumlordRecency	
subcortex_THA	27.510324143339357	14	narratives	03	011	SlumlordRecency	
cerebellum	24.08989256821785	88	narratives	03	012	PrettymouthRecall	
cortex_Cont	30.461050797166333	128	narratives	03	012	PrettymouthRecall	
cortex_Default	30.066484046077342	209	narratives	03	012	PrettymouthRecall	
cortex_DorsAttn	33.729227737314375	122	narratives	03	012	PrettymouthRecall	
cortex_Limbic	12.83218418744357	60	narratives	03	012	PrettymouthRecall	
cortex_SalVentAttn	32.681825786676136	121	narratives	03	012	PrettymouthRecall	
cortex_SomMot	30.771907202517053	194	narratives	03	012	PrettymouthRecall	
cortex_Vis	28.021657880433093	162	narratives	03	012	PrettymouthRecall	
subcortex_CAU	22.529265479173166	8	narratives	03	012	PrettymouthRecall	
subcortex_PUT	24.978560211439525	8	narratives	03	012	PrettymouthRecall	
subcortex_THA	25.36051455561711	14	narratives	03	012	PrettymouthRecall	
cerebellum	36.1948473987358	88	narratives	03	012	PrettymouthRecency	
cortex_Cont	49.154075805351376	128	narratives	03	012	PrettymouthRecency	
cortex_Default	46.46065627878543	209	narratives	03	012	PrettymouthRecency	
cortex_DorsAttn	54.29248205435449	122	narratives	03	012	PrettymouthRecency	
cortex_Limbic	21.33362384193065	60	narratives	03	012	PrettymouthRecency	
cortex_SalVentAttn	46.306812329700556	121	narratives	03	012	PrettymouthRecency	
cortex_SomMot	48.91160276953613	194	narratives	03	012	PrettymouthRecency	
cortex_Vis	45.229688070589525	162	narratives	03	012	PrettymouthRecency	
subcortex_CAU	27.301497862758623	8	narratives	03	012	PrettymouthRecency	
subcortex_PUT	28.522838371819155	8	narratives	03	012	PrettymouthRecency	
subcortex_THA	28.341315381638363	14	narratives	03	012	PrettymouthRecency	
cerebellum	32.7400994451404	88	narratives	03	012	PrettymouthStory	
cortex_Cont	39.621986174756536	128	narratives	03	012	PrettymouthStory	
cortex_Default	38.06562044270447	209	narratives	03	012	PrettymouthStory	
cortex_DorsAttn	44.6134845034813	122	narratives	03	012	PrettymouthStory	
cortex_Limbic	18.08299859317298	60	narratives	03	012	PrettymouthStory	
cortex_SalVentAttn	39.74290460879808	121	narratives	03	012	PrettymouthStory	
cortex_SomMot	39.796101144138866	194	narratives	03	012	PrettymouthStory	
cortex_Vis	38.36897190280866	162	narratives	03	012	PrettymouthStory	
subcortex_CAU	25.723997444849957	8	narratives	03	012	PrettymouthStory	
subcortex_PUT	27.084074774918054	8	narratives	03	012	PrettymouthStory	
subcortex_THA	27.436285708795378	14	narratives	03	012	PrettymouthStory	
cerebellum	31.993877056784083	88	narratives	03	012	TunnelRecency	
cortex_Cont	44.28895068013424	128	narratives	03	012	TunnelRecency	
cortex_Default	41.92852792325028	209	narratives	03	012	TunnelRecency	
cortex_DorsAttn	47.87779116522691	122	narratives	03	012	TunnelRecency	
cortex_Limbic	19.456432211127616	60	narratives	03	012	TunnelRecency	
cortex_SalVentAttn	43.20849649897857	121	narratives	03	012	TunnelRecency	
cortex_SomMot	44.198114745786924	194	narratives	03	012	TunnelRecency	
cortex_Vis	39.528197434723566	162	narratives	03	012	TunnelRecency	
subcortex_CAU	26.49160039603534	8	narratives	03	012	TunnelRecency	
subcortex_PUT	27.6356319379238	8	narratives	03	012	TunnelRecency	
subcortex_THA	27.531542466311944	14	narratives	03	012	TunnelRecency	
cerebellum	23.658435523460692	88	narratives	03	012	Tunnelpart1Recall	
cortex_Cont	30.241469817406934	128	narratives	03	012	Tunnelpart1Recall	
cortex_Default	29.85667881567605	209	narratives	03	012	Tunnelpart1Recall	
cortex_DorsAttn	33.14589072488815	122	narratives	03	012	Tunnelpart1Recall	
cortex_Limbic	13.732736224557108	60	narratives	03	012	Tunnelpart1Recall	
cortex_SalVentAttn	32.33753640242008	121	narratives	03	012	Tunnelpart1Recall	
cortex_SomMot	30.62485385092912	194	narratives	03	012	Tunnelpart1Recall	
cortex_Vis	27.070199294416728	162	narratives	03	012	Tunnelpart1Recall	
subcortex_CAU	22.79248576796531	8	narratives	03	012	Tunnelpart1Recall	
subcortex_PUT	24.87369978516617	8	narratives	03	012	Tunnelpart1Recall	
subcortex_THA	25.22753277126878	14	narratives	03	012	Tunnelpart1Recall	
cerebellum	23.513119859322703	88	narratives	03	012	Tunnelpart2Recall	
cortex_Cont	30.254401081960015	128	narratives	03	012	Tunnelpart2Recall	
cortex_Default	29.8925901965634	209	narratives	03	012	Tunnelpart2Recall	
cortex_DorsAttn	32.70790190842757	122	narratives	03	012	Tunnelpart2Recall	
cortex_Limbic	14.362652836809227	60	narratives	03	012	Tunnelpart2Recall	
cortex_SalVentAttn	32.16917725370455	121	narratives	03	012	Tunnelpart2Recall	
cortex_SomMot	30.3531594915957	194	narratives	03	012	Tunnelpart2Recall	
cortex_Vis	27.155446435555774	162	narratives	03	012	Tunnelpart2Recall	
subcortex_CAU	22.64631031969854	8	narratives	03	012	Tunnelpart2Recall	
subcortex_PUT	24.954420604282852	8	narratives	03	012	Tunnelpart2Recall	
subcortex_THA	25.216902626083147	14	narratives	03	012	Tunnelpart2Recall	
cerebellum	25.34516850356878	88	narratives	03	012	Tunnelpart2Story	
cortex_Cont	31.904608058641646	128	narratives	03	012	Tunnelpart2Story	
cortex_Default	31.542384746274244	209	narratives	03	012	Tunnelpart2Story	
cortex_DorsAttn	33.407033991655425	122	narratives	03	012	Tunnelpart2Story	
cortex_Limbic	15.903643919985559	60	narratives	03	012	Tunnelpart2Story	
cortex_SalVentAttn	33.65285710995168	121	narratives	03	012	Tunnelpart2Story	
cortex_SomMot	31.04231460453759	194	narratives	03	012	Tunnelpart2Story	
cortex_Vis	28.034950944076986	162	narratives	03	012	Tunnelpart2Story	
subcortex_CAU	23.454541315912667	8	narratives	03	012	Tunnelpart2Story	
subcortex_PUT	25.559155474148334	8	narratives	03	012	Tunnelpart2Story	
subcortex_THA	25.43727840541494	14	narratives	03	012	Tunnelpart2Story	
cerebellum	21.114112781092604	88	narratives	05	001	ForgotRecall	
cortex_Cont	41.185889889052255	128	narratives	05	001	ForgotRecall	
cortex_Default	38.98777753335662	209	narratives	05	001	ForgotRecall	
cortex_DorsAttn	42.630984823605864	122	narratives	05	001	ForgotRecall	
cortex_Limbic	18.44234422235431	60	narratives	05	001	ForgotRecall	
cortex_SalVentAttn	39.9277884124713	121	narratives	05	001	ForgotRecall	
cortex_SomMot	40.29049587012827	194	narratives	05	001	ForgotRecall	
cortex_Vis	33.79087282339045	162	narratives	05	001	ForgotRecall	
subcortex_CAU	27.91788330608509	8	narratives	05	001	ForgotRecall	
subcortex_PUT	26.188994393701385	8	narratives	05	001	ForgotRecall	
subcortex_THA	27.10715070600514	14	narratives	05	001	ForgotRecall	
cerebellum	18.767968259531315	88	narratives	05	001	ForgotStory	
cortex_Cont	33.012483776838046	128	narratives	05	001	ForgotStory	
cortex_Default	32.34231221742634	209	narratives	05	001	ForgotStory	
cortex_DorsAttn	36.44739173134344	122	narratives	05	001	ForgotStory	
cortex_Limbic	15.512951685610817	60	narratives	05	001	ForgotStory	
cortex_SalVentAttn	33.94262323949763	121	narratives	05	001	ForgotStory	
cortex_SomMot	32.937000530476354	194	narratives	05	001	ForgotStory	
cortex_Vis	30.316941840474176	162	narratives	05	001	ForgotStory	
subcortex_CAU	25.108989344917653	8	narratives	05	001	ForgotStory	
subcortex_PUT	23.870401449341095	8	narratives	05	001	ForgotStory	
subcortex_THA	24.972035081056383	14	narratives	05	001	ForgotStory	
cerebellum	21.266431519677564	88	narratives	05	001	LucyRecall	
cortex_Cont	40.23986238710844	128	narratives	05	001	LucyRecall	
cortex_Default	38.260165999330596	209	narratives	05	001	LucyRecall	
cortex_DorsAttn	43.84302905802067	122	narratives	05	001	LucyRecall	
cortex_Limbic	18.245956669509034	60	narratives	05	001	LucyRecall	
cortex_SalVentAttn	38.681424085805254	121	narratives	05	001	LucyRecall	
cortex_SomMot	40.26829083930159	194	narratives	05	001	LucyRecall	
cortex_Vis	34.612677385276385	162	narratives	05	001	LucyRecall	
subcortex_CAU	27.522339344694455	8	narratives	05	001	LucyRecall	
subcortex_PUT	26.021840691342938	8	narratives	05	001	LucyRecall	
subcortex_THA	26.46260502341143	14	narratives	05	001	LucyRecall	
cerebellum	27.78938470906614	88	narratives	05	001	LucyRecency	
cortex_Cont	53.51057143104105	128	narratives	05	001	LucyRecency	
cortex_Default	48.385203284066044	209	narratives	05	001	LucyRecency	
cortex_DorsAttn	56.96265517658686	122	narratives	05	001	LucyRecency	
cortex_Limbic	21.94307867626375	60	narratives	05	001	LucyRecency	
cortex_SalVentAttn	47.23290618682356	121	narratives	05	001	LucyRecency	
cortex_SomMot	51.552346201097336	194	narratives	05	001	LucyRecency	
cortex_Vis	43.33094423796536	162	narratives	05	001	LucyRecency	
subcortex_CAU	29.06526369259213	8	narratives	05	001	LucyRecency	
subcortex_PUT	27.214381522202707	8	narratives	05	001	LucyRecency	
subcortex_THA	28.492657109719953	14	narratives	05	001	LucyRecency	
cerebellum	18.315535784426796	88	narratives	05	001	LucyStory	
cortex_Cont	38.29276115428952	128	narratives	05	001	LucyStory	
cortex_Default	35.856033299989136	209	narratives	05	001	LucyStory	
cortex_DorsAttn	39.0136682984974	122	narratives	05	001	LucyStory	
cortex_Limbic	17.965147504745065	60	narratives	05	001	LucyStory	
cortex_SalVentAttn	36.74597570606224	121	narratives	05	001	LucyStory	
cortex_SomMot	36.16087050194703	194	narratives	05	001	LucyStory	
cortex_Vis	30.677063614086315	162	narratives	05	001	LucyStory	
subcortex_CAU	27.640114255008296	8	narratives	05	001	LucyStory	
subcortex_PUT	25.889669229784253	8	narratives	05	001	LucyStory	
subcortex_THA	25.632134717377138	14	narratives	05	001	LucyStory	
cerebellum	19.173738516736577	88	narratives	05	002	BlackRecall	
cortex_Cont	34.011712920969366	128	narratives	05	002	BlackRecall	
cortex_Default	33.87077276197016	209	narratives	05	002	BlackRecall	
cortex_DorsAttn	37.930061757005	122	narratives	05	002	BlackRecall	
cortex_Limbic	15.370524171842396	60	narratives	05	002	BlackRecall	
cortex_SalVentAttn	34.82364721617845	121	narratives	05	002	BlackRecall	
cortex_SomMot	34.27121197293647	194	narratives	05	002	BlackRecall	
cortex_Vis	31.223556666041087	162	narratives	05	002	BlackRecall	
subcortex_CAU	23.918186660330306	8	narratives	05	002	BlackRecall	
subcortex_PUT	23.653891449886242	8	narratives	05	002	BlackRecall	
subcortex_THA	25.67992262589733	14	narratives	05	002	BlackRecall	
cerebellum	25.51741035000853	88	narratives	05	002	BlackRecency	
cortex_Cont	49.33012335194321	128	narratives	05	002	BlackRecency	
cortex_Default	45.69499119049005	209	narratives	05	002	BlackRecency	
cortex_DorsAttn	52.425569683163964	122	narratives	05	002	BlackRecency	
cortex_Limbic	20.91307288557134	60	narratives	05	002	BlackRecency	
cortex_SalVentAttn	44.448099149591776	121	narratives	05	002	BlackRecency	
cortex_SomMot	47.093599285690395	194	narratives	05	002	BlackRecency	
cortex_Vis	42.3360747860604	162	narratives	05	002	BlackRecency	
subcortex_CAU	27.511558550087983	8	narratives	05	002	BlackRecency	
subcortex_PUT	25.165490637546096	8	narratives	05	002	BlackRecency	
subcortex_THA	27.08946227495244	14	narratives	05	002	BlackRecency	
cerebellum	21.398911262077334	88	narratives	05	002	BlackStory	
cortex_Cont	40.71198976444728	128	narratives	05	002	BlackStory	
cortex_Default	38.44910910563039	209	narratives	05	002	BlackStory	
cortex_DorsAttn	42.98975962513667	122	narratives	05	002	BlackStory	
cortex_Limbic	18.020218384372065	60	narratives	05	002	BlackStory	
cortex_SalVentAttn	38.91286782550846	121	narratives	05	002	BlackStory	
cortex_SomMot	39.286834410187865	194	narratives	05	002	BlackStory	
cortex_Vis	33.09084201837161	162	narratives	05	002	BlackStory	
subcortex_CAU	25.415517402436237	8	narratives	05	002	BlackStory	
subcortex_PUT	23.570177878706573	8	narratives	05	002	BlackStory	
subcortex_THA	25.754058842665156	14	narratives	05	002	BlackStory	
cerebellum	23.394977889356422	88	narratives	05	002	NotthefallintactRecency	
cortex_Cont	43.48349845926492	128	narratives	05	002	NotthefallintactRecency	
cortex_Default	40.68711715876226	209	narratives	05	002	NotthefallintactRecency	
cortex_DorsAttn	46.83208314421789	122	narratives	05	002	NotthefallintactRecency	
cortex_Limbic	19.09646094329596	60	narratives	05	002	NotthefallintactRecency	
cortex_SalVentAttn	40.73051412208574	121	narratives	05	002	NotthefallintactRecency	
cortex_SomMot	41.18437760964999	194	narratives	05	002	NotthefallintactRecency	
cortex_Vis	39.50760635606741	162	narratives	05	002	NotthefallintactRecency	
subcortex_CAU	26.095720664718083	8	narratives	05	002	NotthefallintactRecency	
subcortex_PUT	24.839074456823834	8	narratives	05	002	NotthefallintactRecency	
subcortex_THA	26.462701389250594	14	narratives	05	002	NotthefallintactRecency	
cerebellum	20.60654574288662	88	narratives	05	002	NotthefallintactStory	
cortex_Cont	37.22808130448404	128	narratives	05	002	NotthefallintactStory	
cortex_Default	35.57549963014058	209	narratives	05	002	NotthefallintactStory	
cortex_DorsAttn	40.691573792338474	122	narratives	05	002	NotthefallintactStory	
cortex_Limbic	16.687921860979852	60	narratives	05	002	NotthefallintactStory	
cortex_SalVentAttn	36.560211695605275	121	narratives	05	002	NotthefallintactStory	
cortex_SomMot	35.92204337346086	194	narratives	05	002	NotthefallintactStory	
cortex_Vis	34.08160338302506	162	narratives	05	002	NotthefallintactStory	
subcortex_CAU	24.858311464933863	8	narratives	05	002	NotthefallintactStory	
subcortex_PUT	23.947666719608044	8	narratives	05	002	NotthefallintactStory	
subcortex_THA	25.36778162636542	14	narratives	05	002	NotthefallintactStory	
cerebellum	22.176655200961843	88	narratives	05	003	ForgotRecall	
cortex_Cont	41.703345551554214	128	narratives	05	003	ForgotRecall	
cortex_Default	39.36018879640653	209	narratives	05	003	ForgotRecall	
cortex_DorsAttn	45.46999230268325	122	narratives	05	003	ForgotRecall	
cortex_Limbic	17.63595065509913	60	narratives	05	003	ForgotRecall	
cortex_SalVentAttn	40.346166465018	121	narratives	05	003	ForgotRecall	
cortex_SomMot	41.878384071765794	194	narratives	05	003	ForgotRecall	
cortex_Vis	35.99221691777981	162	narratives	05	003	ForgotRecall	
subcortex_CAU	26.39390442115426	8	narratives	05	003	ForgotRecall	
subcortex_PUT	24.676448654401014	8	narratives	05	003	ForgotRecall	
subcortex_THA	26.668849226283395	14	narratives	05	003	ForgotRecall	
cerebellum	26.21104481547359	88	narratives	05	003	ForgotRecency	
cortex_Cont	53.09499558308397	128	narratives	05	003	ForgotRecency	
cortex_Default	48.516614893314866	209	narratives	05	003	ForgotRecency	
cortex_DorsAttn	56.70905789788315	122	narratives	05	003	ForgotRecency	
cortex_Limbic	21.22009319904313	60	narratives	05	003	ForgotRecency	
cortex_SalVentAttn	46.92585143970167	121	narratives	05	003	ForgotRecency	
cortex_SomMot	50.83271635702586	194	narratives	05	003	ForgotRecency	
cortex_Vis	43.51183639284012	162	narratives	05	003	ForgotRecency	
subcortex_CAU	28.790635677294645	8	narratives	05	003	ForgotRecency	
subcortex_PUT	26.299461577767865	8	narratives	05	003	ForgotRecency	
subcortex_THA	27.901180798015083	14	narratives	05	003	ForgotRecency	
cerebellum	21.634732131036017	88	narratives	05	003	ForgotStory	
cortex_Cont	40.047924753464116	128	narratives	05	003	ForgotStory	
cortex_Default	37.82761452993306	209	narratives	05	003	ForgotStory	
cortex_DorsAttn	43.538194107162084	122	narratives	05	003	ForgotStory	
cortex_Limbic	17.01012142042297	60	narratives	05	003	ForgotStory	
cortex_SalVentAttn	38.98862772788147	121	narratives	05	003	ForgotStory	
cortex_SomMot	39.6535168264678	194	narratives	05	003	ForgotStory	
cortex_Vis	34.7629184541768	162	narratives	05	003	ForgotStory	
subcortex_CAU	26.800584780549073	8	narratives	05	003	ForgotStory	
subcortex_PUT	24.440436383449224	8	narratives	05	003	ForgotStory	
subcortex_THA	26.483601952106948	14	narratives	05	003	ForgotStory	
cerebellum	21.265427654974015	88	narratives	05	003	LucyRecall	
cortex_Cont	41.972271657896606	128	narratives	05	003	LucyRecall	
cortex_Default	39.273859592215935	209	narratives	05	003	LucyRecall	
cortex_DorsAttn	45.22575540998591	122	narratives	05	003	LucyRecall	
cortex_Limbic	17.275329321184373	60	narratives	05	003	LucyRecall	
cortex_SalVentAttn	39.9708464373283	121	narratives	05	003	LucyRecall	
cortex_SomMot	41.18313869674592	194	narratives	05	003	LucyRecall	
cortex_Vis	35.78723040600133	162	narratives	05	003	LucyRecall	
subcortex_CAU	25.98703825171898	8	narratives	05	003	LucyRecall	
subcortex_PUT	24.77541453965589	8	narratives	05	003	LucyRecall	
subcortex_THA	26.2916615597384	14	narratives	05	003	LucyRecall	
cerebellum	17.40946259881741	88	narratives	05	003	LucyRecency	
cortex_Cont	33.07290253614686	128	narratives	05	003	LucyRecency	
cortex_Default	31.88947166042956	209	narratives	05	003	LucyRecency	
cortex_DorsAttn	34.279491805457226	122	narratives	05	003	LucyRecency	
cortex_Limbic	15.92569330697628	60	narratives	05	003	LucyRecency	
cortex_SalVentAttn	33.50233364192716	121	narratives	05	003	LucyRecency	
cortex_SomMot	32.2113241974234	194	narratives	05	003	LucyRecency	
cortex_Vis	27.591571937459292	162	narratives	05	003	LucyRecency	
subcortex_CAU	25.229319701401828	8	narratives	05	003	LucyRecency	
subcortex_PUT	23.400072244419828	8	narratives	05	003	LucyRecency	
subcortex_THA	25.365467008401026	14	narratives	05	003	LucyRecency	
cerebellum	18.163063373698236	88	narratives	05	003	LucyStory	
cortex_Cont	34.87761434153687	128	narratives	05	003	LucyStory	
cortex_Default	33.27332909849902	209	narratives	05	003	LucyStory	
cortex_DorsAttn	36.5052939775037	122	narratives	05	003	LucyStory	
cortex_Limbic	16.06647422925548	60	narratives	05	003	LucyStory	
cortex_SalVentAttn	34.54428554370152	121	narratives	05	003	LucyStory	
cortex_SomMot	33.63759936190016	194	narratives	05	003	LucyStory	
cortex_Vis	28.219084775330572	162	narratives	05	003	LucyStory	
subcortex_CAU	24.307955065262576	8	narratives	05	003	LucyStory	
subcortex_PUT	23.615456034517976	8	narratives	05	003	LucyStory	
subcortex_THA	24.07663788009471	14	narratives	05	003	LucyStory	
cerebellum	18.30016028473544	88	narratives	05	004	BlackRecall	
cortex_Cont	35.67958128807362	128	narratives	05	004	BlackRecall	
cortex_Default	34.550449704699226	209	narratives	05	004	BlackRecall	
cortex_DorsAttn	38.317896878409286	122	narratives	05	004	BlackRecall	
cortex_Limbic	15.227912740772442	60	narratives	05	004	BlackRecall	
cortex_SalVentAttn	36.201884684341245	121	narratives	05	004	BlackRecall	
cortex_SomMot	35.65469222215782	194	narratives	05	004	BlackRecall	
cortex_Vis	32.62035279789813	162	narratives	05	004	BlackRecall	
subcortex_CAU	24.49144692158982	8	narratives	05	004	BlackRecall	
subcortex_PUT	24.34728677851972	8	narratives	05	004	BlackRecall	
subcortex_THA	25.660006583981648	14	narratives	05	004	BlackRecall	
cerebellum	20.068675592607864	88	narratives	05	004	BlackStory	
cortex_Cont	38.433664261041635	128	narratives	05	004	BlackStory	
cortex_Default	36.50649843623073	209	narratives	05	004	BlackStory	
cortex_DorsAttn	42.02594590922404	122	narratives	05	004	BlackStory	
cortex_Limbic	16.729929321946123	60	narratives	05	004	BlackStory	
cortex_SalVentAttn	38.15723356585324	121	narratives	05	004	BlackStory	
cortex_SomMot	38.585097086318804	194	narratives	05	004	BlackStory	
cortex_Vis	34.2317328677234	162	narratives	05	004	BlackStory	
subcortex_CAU	25.690796573409024	8	narratives	05	004	BlackStory	
subcortex_PUT	23.980337415558218	8	narratives	05	004	BlackStory	
subcortex_THA	26.142114531605664	14	narratives	05	004	BlackStory	
cerebellum	19.219394648717966	88	narratives	05	004	NotthefallintactRecall	
cortex_Cont	40.44381429369126	128	narratives	05	004	NotthefallintactRecall	
cortex_Default	38.18061954221258	209	narratives	05	004	NotthefallintactRecall	
cortex_DorsAttn	44.18577528049646	122	narratives	05	004	NotthefallintactRecall	
cortex_Limbic	16.28272088921198	60	narratives	05	004	NotthefallintactRecall	
cortex_SalVentAttn	39.698739568289355	121	narratives	05	004	NotthefallintactRecall	
cortex_SomMot	40.96860068363286	194	narratives	05	004	NotthefallintactRecall	
cortex_Vis	33.78590613814363	162	narratives	05	004	NotthefallintactRecall	
subcortex_CAU	25.650960408044014	8	narratives	05	004	NotthefallintactRecall	
subcortex_PUT	24.501620464940075	8	narratives	05	004	NotthefallintactRecall	
subcortex_THA	26.622372506388025	14	narratives	05	004	NotthefallintactRecall	
cerebellum	22.101259229326327	88	narratives	05	004	NotthefallintactRecency	
cortex_Cont	45.68780391980182	128	narratives	05	004	NotthefallintactRecency	
cortex_Default	42.53899075398779	209	narratives	05	004	NotthefallintactRecency	
cortex_DorsAttn	50.445318998342614	122	narratives	05	004	NotthefallintactRecency	
cortex_Limbic	17.46371635143668	60	narratives	05	004	NotthefallintactRecency	
cortex_SalVentAttn	43.41191770318063	121	narratives	05	004	NotthefallintactRecency	
cortex_SomMot	45.99707847490225	194	narratives	05	004	NotthefallintactRecency	
cortex_Vis	38.805919148298884	162	narratives	05	004	NotthefallintactRecency	
subcortex_CAU	26.492281190412868	8	narratives	05	004	NotthefallintactRecency	
subcortex_PUT	25.313966275910623	8	narratives	05	004	NotthefallintactRecency	
subcortex_THA	27.125647435181943	14	narratives	05	004	NotthefallintactRecency	
cerebellum	17.10771699429997	88	narratives	05	004	NotthefallintactStory	
cortex_Cont	35.9058672194791	128	narratives	05	004	NotthefallintactStory	
cortex_Default	34.34032651507869	209	narratives	05	004	NotthefallintactStory	
cortex_DorsAttn	37.00812548271051	122	narratives	05	004	NotthefallintactStory	
cortex_Limbic	15.737055480512181	60	narratives	05	004	NotthefallintactStory	
cortex_SalVentAttn	36.2126228988221	121	narratives	05	004	NotthefallintactStory	
cortex_SomMot	35.33006918010522	194	narratives	05	004	NotthefallintactStory	
cortex_Vis	29.563519808316666	162	narratives	05	004	NotthefallintactStory	
subcortex_CAU	25.567094155349864	8	narratives	05	004	NotthefallintactStory	
subcortex_PUT	24.226475918052536	8	narratives	05	004	NotthefallintactStory	
subcortex_THA	25.95269288595254	14	narratives	05	004	NotthefallintactStory	
cerebellum	24.303403445874196	88	narratives	05	005	ForgotRecall	
cortex_Cont	40.53390547418036	128	narratives	05	005	ForgotRecall	
cortex_Default	38.432925430764406	209	narratives	05	005	ForgotRecall	
cortex_DorsAttn	43.398659456192725	122	narratives	05	005	ForgotRecall	
cortex_Limbic	17.89104828469311	60	narratives	05	005	ForgotRecall	
cortex_SalVentAttn	39.78689061354118	121	narratives	05	005	ForgotRecall	
cortex_SomMot	39.49334907369685	194	narratives	05	005	ForgotRecall	
cortex_Vis	35.8094117156742	162	narratives	05	005	ForgotRecall	
subcortex_CAU	25.88095634932616	8	narratives	05	005	ForgotRecall	
subcortex_PUT	24.47195612053197	8	narratives	05	005	ForgotRecall	
subcortex_THA	26.720486931130154	14	narratives	05	005	ForgotRecall	
cerebellum	26.049733623688727	88	narratives	05	005	ForgotRecency	
cortex_Cont	48.56610256212218	128	narratives	05	005	ForgotRecency	
cortex_Default	44.84999145663445	209	narratives	05	005	ForgotRecency	
cortex_DorsAttn	52.28555945555096	122	narratives	05	005	ForgotRecency	
cortex_Limbic	20.277129326272465	60	narratives	05	005	ForgotRecency	
cortex_SalVentAttn	44.76965440044818	121	narratives	05	005	ForgotRecency	
cortex_SomMot	47.74341066437761	194	narratives	05	005	ForgotRecency	
cortex_Vis	41.115142112387055	162	narratives	05	005	ForgotRecency	
subcortex_CAU	27.244714431588363	8	narratives	05	005	ForgotRecency	
subcortex_PUT	25.501417325899848	8	narratives	05	005	ForgotRecency	
subcortex_THA	27.595576217290276	14	narratives	05	005	ForgotRecency	
cerebellum	19.151953610702808	88	narratives	05	005	ForgotStory	
cortex_Cont	34.00178456180956	128	narratives	05	005	ForgotStory	
cortex_Default	32.930000854624666	209	narratives	05	005	ForgotStory	
cortex_DorsAttn	34.9663063030143	122	narratives	05	005	ForgotStory	
cortex_Limbic	16.276286411186042	60	narratives	05	005	ForgotStory	
cortex_SalVentAttn	35.06994588893029	121	narratives	05	005	ForgotStory	
cortex_SomMot	33.46086028819392	194	narratives	05	005	ForgotStory	
cortex_Vis	28.48633718264983	162	narratives	05	005	ForgotStory	
subcortex_CAU	24.307151392240197	8	narratives	05	005	ForgotStory	
subcortex_PUT	23.644586130730733	8	narratives	05	005	ForgotStory	
subcortex_THA	25.11952900192559	14	narratives	05	005	ForgotStory	
cerebellum	18.688609287958375	88	narratives	05	005	LucyRecall	
cortex_Cont	35.24194408532691	128	narratives	05	005	LucyRecall	
cortex_Default	34.11898013718668	209	narratives	05	005	LucyRecall	
cortex_DorsAttn	36.91198369054807	122	narratives	05	005	LucyRecall	
cortex_Limbic	16.353406030127392	60	narratives	05	005	LucyRecall	
cortex_SalVentAttn	36.38017690795537	121	narratives	05	005	LucyRecall	
cortex_SomMot	35.40239613689928	194	narratives	05	005	LucyRecall	
cortex_Vis	29.991657026368625	162	narratives	05	005	LucyRecall	
subcortex_CAU	24.985046960602425	8	narratives	05	005	LucyRecall	
subcortex_PUT	24.384290436071648	8	narratives	05	005	LucyRecall	
subcortex_THA	26.196315625786777	14	narratives	05	005	LucyRecall	
cerebellum	22.845703357234182	88	narratives	05	005	LucyRecency	
cortex_Cont	39.45051165353836	128	narratives	05	005	LucyRecency	
cortex_Default	38.07225990966632	209	narratives	05	005	LucyRecency	
cortex_DorsAttn	43.69005530804996	122	narratives	05	005	LucyRecency	
cortex_Limbic	17.248824248004727	60	narratives	05	005	LucyRecency	
cortex_SalVentAttn	39.31377358735484	121	narratives	05	005	LucyRecency	
cortex_SomMot	40.3996095122273	194	narratives	05	005	LucyRecency	
cortex_Vis	35.03671266070497	162	narratives	05	005	LucyRecency	
subcortex_CAU	25.76634551609159	8	narratives	05	005	LucyRecency	
subcortex_PUT	24.925266606402772	8	narratives	05	005	LucyRecency	
subcortex_THA	26.682229988539838	14	narratives	05	005	LucyRecency	
cerebellum	16.655670096618145	88	narratives	05	005	LucyStory	
cortex_Cont	32.717004844054216	128	narratives	05	005	LucyStory	
cortex_Default	31.734721222448258	209	narratives	05	005	LucyStory	
cortex_DorsAttn	32.61091716498277	122	narratives	05	005	LucyStory	
cortex_Limbic	15.78781423584385	60	narratives	05	005	LucyStory	
cortex_SalVentAttn	32.50677173686995	121	narratives	05	005	LucyStory	
cortex_SomMot	30.03871148562094	194	narratives	05	005	LucyStory	
cortex_Vis	26.30789503168295	162	narratives	05	005	LucyStory	
subcortex_CAU	23.633134121419	8	narratives	05	005	LucyStory	
subcortex_PUT	23.22144159415704	8	narratives	05	005	LucyStory	
subcortex_THA	24.003724188932246	14	narratives	05	005	LucyStory	
cerebellum	20.690161388588482	88	narratives	05	006	BlackRecall	
cortex_Cont	36.22634888332908	128	narratives	05	006	BlackRecall	
cortex_Default	34.89326423375197	209	narratives	05	006	BlackRecall	
cortex_DorsAttn	38.236566427529375	122	narratives	05	006	BlackRecall	
cortex_Limbic	16.07644030979916	60	narratives	05	006	BlackRecall	
cortex_SalVentAttn	36.20724376817695	121	narratives	05	006	BlackRecall	
cortex_SomMot	35.626603782015884	194	narratives	05	006	BlackRecall	
cortex_Vis	33.270824948885185	162	narratives	05	006	BlackRecall	
subcortex_CAU	24.560802515092952	8	narratives	05	006	BlackRecall	
subcortex_PUT	23.528355056689247	8	narratives	05	006	BlackRecall	
subcortex_THA	25.58276454537013	14	narratives	05	006	BlackRecall	
cerebellum	21.00261726563951	88	narratives	05	006	BlackRecency	
cortex_Cont	37.12349857807901	128	narratives	05	006	BlackRecency	
cortex_Default	35.923255510853444	209	narratives	05	006	BlackRecency	
cortex_DorsAttn	40.37558710995233	122	narratives	05	006	BlackRecency	
cortex_Limbic	16.867147891233483	60	narratives	05	006	BlackRecency	
cortex_SalVentAttn	37.594143012654285	121	narratives	05	006	BlackRecency	
cortex_SomMot	37.764139554551136	194	narratives	05	006	BlackRecency	
cortex_Vis	32.893672197601546	162	narratives	05	006	BlackRecency	
subcortex_CAU	25.099197133343	8	narratives	05	006	BlackRecency	
subcortex_PUT	23.66243918275563	8	narratives	05	006	BlackRecency	
subcortex_THA	26.18437124424027	14	narratives	05	006	BlackRecency	
cerebellum	18.707033469301724	88	narratives	05	006	BlackStory	
cortex_Cont	36.511943869116905	128	narratives	05	006	BlackStory	
cortex_Default	34.51151433692535	209	narratives	05	006	BlackStory	
cortex_DorsAttn	39.14742799035215	122	narratives	05	006	BlackStory	
cortex_Limbic	16.010805461556842	60	narratives	05	006	BlackStory	
cortex_SalVentAttn	36.12758528025003	121	narratives	05	006	BlackStory	
cortex_SomMot	35.881584525746426	194	narratives	05	006	BlackStory	
cortex_Vis	30.675866785798885	162	narratives	05	006	BlackStory	
subcortex_CAU	25.97375634644078	8	narratives	05	006	BlackStory	
subcortex_PUT	24.572778082505433	8	narratives	05	006	BlackStory	
subcortex_THA	25.727412492581326	14	narratives	05	006	BlackStory	
cerebellum	22.286529704626624	88	narratives	05	006	NotthefallintactRecall	
cortex_Cont	39.94921098860169	128	narratives	05	006	NotthefallintactRecall	
cortex_Default	37.57390911944537	209	narratives	05	006	NotthefallintactRecall	
cortex_DorsAttn	43.552506603230476	122	narratives	05	006	NotthefallintactRecall	
cortex_Limbic	16.930438853190257	60	narratives	05	006	NotthefallintactRecall	
cortex_SalVentAttn	38.796448343783744	121	narratives	05	006	NotthefallintactRecall	
cortex_SomMot	40.426274727622676	194	narratives	05	006	NotthefallintactRecall	
cortex_Vis	34.52143375811253	162	narratives	05	006	NotthefallintactRecall	
subcortex_CAU	25.48780549626933	8	narratives	05	006	NotthefallintactRecall	
subcortex_PUT	23.83130900618092	8	narratives	05	006	NotthefallintactRecall	
subcortex_THA	25.814430877505032	14	narratives	05	006	NotthefallintactRecall	
cerebellum	22.61934063398584	88	narratives	05	006	NotthefallintactRecency	
cortex_Cont	43.186773503223264	128	narratives	05	006	NotthefallintactRecency	
cortex_Default	40.48239653507696	209	narratives	05	006	NotthefallintactRecency	
cortex_DorsAttn	45.497407209902285	122	narratives	05	006	NotthefallintactRecency	
cortex_Limbic	18.603721269857754	60	narratives	05	006	NotthefallintactRecency	
cortex_SalVentAttn	41.673668305870216	121	narratives	05	006	NotthefallintactRecency	
cortex_SomMot	43.10010207282851	194	narratives	05	006	NotthefallintactRecency	
cortex_Vis	36.222779171334295	162	narratives	05	006	NotthefallintactRecency	
subcortex_CAU	26.412171033744684	8	narratives	05	006	NotthefallintactRecency	
subcortex_PUT	23.92724995176904	8	narratives	05	006	NotthefallintactRecency	
subcortex_THA	26.393722318082514	14	narratives	05	006	NotthefallintactRecency	
cerebellum	19.100310901133053	88	narratives	05	006	NotthefallintactStory	
cortex_Cont	35.60167662811848	128	narratives	05	006	NotthefallintactStory	
cortex_Default	34.326241943652036	209	narratives	05	006	NotthefallintactStory	
cortex_DorsAttn	39.199329010314706	122	narratives	05	006	NotthefallintactStory	
cortex_Limbic	15.393711587830369	60	narratives	05	006	NotthefallintactStory	
cortex_SalVentAttn	35.96784591384295	121	narratives	05	006	NotthefallintactStory	
cortex_SomMot	35.88997819457779	194	narratives	05	006	NotthefallintactStory	
cortex_Vis	32.342543009020886	162	narratives	05	006	NotthefallintactStory	
subcortex_CAU	24.392515952729514	8	narratives	05	006	NotthefallintactStory	
subcortex_PUT	23.48353405773067	8	narratives	05	006	NotthefallintactStory	
subcortex_THA	25.71136188427965	14	narratives	05	006	NotthefallintactStory	
cerebellum	23.071032818201424	88	narratives	05	007	PiemanRecall	
cortex_Cont	47.992937066748375	128	narratives	05	007	PiemanRecall	
cortex_Default	44.66482607428139	209	narratives	05	007	PiemanRecall	
cortex_DorsAttn	52.26719642427369	122	narratives	05	007	PiemanRecall	
cortex_Limbic	19.30222211456887	60	narratives	05	007	PiemanRecall	
cortex_SalVentAttn	44.18081627783614	121	narratives	05	007	PiemanRecall	
cortex_SomMot	46.60230818319707	194	narratives	05	007	PiemanRecall	
cortex_Vis	41.04389231693844	162	narratives	05	007	PiemanRecall	
subcortex_CAU	27.492432135188274	8	narratives	05	007	PiemanRecall	
subcortex_PUT	25.738161767193485	8	narratives	05	007	PiemanRecall	
subcortex_THA	27.5428328862931	14	narratives	05	007	PiemanRecall	
cerebellum	18.998826607336515	88	narratives	05	007	PiemanStory	
cortex_Cont	35.38874872560079	128	narratives	05	007	PiemanStory	
cortex_Default	33.59979026223812	209	narratives	05	007	PiemanStory	
cortex_DorsAttn	38.36805988713623	122	narratives	05	007	PiemanStory	
cortex_Limbic	15.076195281182423	60	narratives	05	007	PiemanStory	
cortex_SalVentAttn	34.69841091203603	121	narratives	05	007	PiemanStory	
cortex_SomMot	33.732226461566995	194	narratives	05	007	PiemanStory	
cortex_Vis	30.686690130748694	162	narratives	05	007	PiemanStory	
subcortex_CAU	24.306177748576285	8	narratives	05	007	PiemanStory	
subcortex_PUT	23.16461034462366	8	narratives	05	007	PiemanStory	
subcortex_THA	24.773911129024025	14	narratives	05	007	PiemanStory	
cerebellum	20.128651659983888	88	narratives	05	007	SlumlordRecall	
cortex_Cont	36.10160385014394	128	narratives	05	007	SlumlordRecall	
cortex_Default	34.40612300867143	209	narratives	05	007	SlumlordRecall	
cortex_DorsAttn	38.148321603215315	122	narratives	05	007	SlumlordRecall	
cortex_Limbic	15.715506667492377	60	narratives	05	007	SlumlordRecall	
cortex_SalVentAttn	36.63151521041089	121	narratives	05	007	SlumlordRecall	
cortex_SomMot	36.52039082744719	194	narratives	05	007	SlumlordRecall	
cortex_Vis	30.758827520369934	162	narratives	05	007	SlumlordRecall	
subcortex_CAU	24.71626684945452	8	narratives	05	007	SlumlordRecall	
subcortex_PUT	23.58026648604556	8	narratives	05	007	SlumlordRecall	
subcortex_THA	25.457637443126618	14	narratives	05	007	SlumlordRecall	
cerebellum	24.734161195880436	88	narratives	05	007	SlumlordRecency	
cortex_Cont	47.44762723225333	128	narratives	05	007	SlumlordRecency	
cortex_Default	43.78648275853354	209	narratives	05	007	SlumlordRecency	
cortex_DorsAttn	51.500980862569726	122	narratives	05	007	SlumlordRecency	
cortex_Limbic	19.28352356887126	60	narratives	05	007	SlumlordRecency	
cortex_SalVentAttn	45.16936053193084	121	narratives	05	007	SlumlordRecency	
cortex_SomMot	48.331291580914574	194	narratives	05	007	SlumlordRecency	
cortex_Vis	39.56092544712378	162	narratives	05	007	SlumlordRecency	
subcortex_CAU	27.31250764012617	8	narratives	05	007	SlumlordRecency	
subcortex_PUT	25.534928044352338	8	narratives	05	007	SlumlordRecency	
subcortex_THA	28.11907089320397	14	narratives	05	007	SlumlordRecency	
cerebellum	15.628211160250595	88	narratives	05	007	SlumlordStory	
cortex_Cont	30.729842287892968	128	narratives	05	007	SlumlordStory	
cortex_Default	29.514746854103368	209	narratives	05	007	SlumlordStory	
cortex_DorsAttn	31.257527920619893	122	narratives	05	007	SlumlordStory	
cortex_Limbic	13.933901917137659	60	narratives	05	007	SlumlordStory	
cortex_SalVentAttn	31.628747254107815	121	narratives	05	007	SlumlordStory	
cortex_SomMot	30.101458109108414	194	narratives	05	007	SlumlordStory	
cortex_Vis	24.929311071306408	162	narratives	05	007	SlumlordStory	
subcortex_CAU	24.079417250065674	8	narratives	05	007	SlumlordStory	
subcortex_PUT	23.180558119250378	8	narratives	05	007	SlumlordStory	
subcortex_THA	24.150142136369485	14	narratives	05	007	SlumlordStory	
cerebellum	19.096454148634123	88	narratives	05	008	PrettymouthRecall	
cortex_Cont	39.47652062625671	128	narratives	05	008	PrettymouthRecall	
cortex_Default	36.88031239345308	209	narratives	05	008	PrettymouthRecall	
cortex_DorsAttn	42.03866404199077	122	narratives	05	008	PrettymouthRecall	
cortex_Limbic	16.675612042347616	60	narratives	05	008	PrettymouthRecall	
cortex_SalVentAttn	38.58644821042637	121	narratives	05	008	PrettymouthRecall	
cortex_SomMot	38.29318430394103	194	narratives	05	008	PrettymouthRecall	
cortex_Vis	33.38700504232428	162	narratives	05	008	PrettymouthRecall	
subcortex_CAU	24.95051706809879	8	narratives	05	008	PrettymouthRecall	
subcortex_PUT	23.26289854280685	8	narratives	05	008	PrettymouthRecall	
subcortex_THA	26.196524295306055	14	narratives	05	008	PrettymouthRecall	
cerebellum	22.8474260451254	88	narratives	05	008	PrettymouthRecency	
cortex_Cont	47.71057057557234	128	narratives	05	008	PrettymouthRecency	
cortex_Default	44.26804000922686	209	narratives	05	008	PrettymouthRecency	
cortex_DorsAttn	50.48271330989819	122	narratives	05	008	PrettymouthRecency	
cortex_Limbic	19.435791204229933	60	narratives	05	008	PrettymouthRecency	
cortex_SalVentAttn	43.910148667847736	121	narratives	05	008	PrettymouthRecency	
cortex_SomMot	46.52230103157759	194	narratives	05	008	PrettymouthRecency	
cortex_Vis	39.99697031122751	162	narratives	05	008	PrettymouthRecency	
subcortex_CAU	27.625597687542257	8	narratives	05	008	PrettymouthRecency	
subcortex_PUT	25.906802197405383	8	narratives	05	008	PrettymouthRecency	
subcortex_THA	27.256688638169376	14	narratives	05	008	PrettymouthRecency	
cerebellum	16.72175452081871	88	narratives	05	008	PrettymouthStory	
cortex_Cont	32.20501500375816	128	narratives	05	008	PrettymouthStory	
cortex_Default	31.138277375282932	209	narratives	05	008	PrettymouthStory	
cortex_DorsAttn	34.54367171907505	122	narratives	05	008	PrettymouthStory	
cortex_Limbic	14.288541196471837	60	narratives	05	008	PrettymouthStory	
cortex_SalVentAttn	32.091268114158915	121	narratives	05	008	PrettymouthStory	
cortex_SomMot	30.572333827358303	194	narratives	05	008	PrettymouthStory	
cortex_Vis	28.371457867583104	162	narratives	05	008	PrettymouthStory	
subcortex_CAU	22.969408347164848	8	narratives	05	008	PrettymouthStory	
subcortex_PUT	22.94497201001623	8	narratives	05	008	PrettymouthStory	
subcortex_THA	23.915227905486994	14	narratives	05	008	PrettymouthStory	
cerebellum	22.69149960291417	88	narratives	05	008	TunnelRecency	
cortex_Cont	48.22663234050802	128	narratives	05	008	TunnelRecency	
cortex_Default	44.348687315046185	209	narratives	05	008	TunnelRecency	
cortex_DorsAttn	52.52566431014746	122	narratives	05	008	TunnelRecency	
cortex_Limbic	19.1441681597134	60	narratives	05	008	TunnelRecency	
cortex_SalVentAttn	44.323537992612835	121	narratives	05	008	TunnelRecency	
cortex_SomMot	46.96122496054555	194	narratives	05	008	TunnelRecency	
cortex_Vis	41.44646787392904	162	narratives	05	008	TunnelRecency	
subcortex_CAU	27.323471392923718	8	narratives	05	008	TunnelRecency	
subcortex_PUT	25.610066923269088	8	narratives	05	008	TunnelRecency	
subcortex_THA	27.30518230592178	14	narratives	05	008	TunnelRecency	
cerebellum	18.469544662572133	88	narratives	05	008	Tunnelpart1Recall	
cortex_Cont	34.848619768375876	128	narratives	05	008	Tunnelpart1Recall	
cortex_Default	33.39686198253011	209	narratives	05	008	Tunnelpart1Recall	
cortex_DorsAttn	37.81161276576736	122	narratives	05	008	Tunnelpart1Recall	
cortex_Limbic	15.074739415600586	60	narratives	05	008	Tunnelpart1Recall	
cortex_SalVentAttn	34.748288684298835	121	narratives	05	008	Tunnelpart1Recall	
cortex_SomMot	34.11944904512068	194	narratives	05	008	Tunnelpart1Recall	
cortex_Vis	31.51538705304243	162	narratives	05	008	Tunnelpart1Recall	
subcortex_CAU	23.36602973229076	8	narratives	05	008	Tunnelpart1Recall	
subcortex_PUT	23.39792564168951	8	narratives	05	008	Tunnelpart1Recall	
subcortex_THA	24.758565436476598	14	narratives	05	008	Tunnelpart1Recall	
cerebellum	18.965992787210688	88	narratives	05	008	Tunnelpart1Story	
cortex_Cont	35.48736712583582	128	narratives	05	008	Tunnelpart1Story	
cortex_Default	33.85247022621158	209	narratives	05	008	Tunnelpart1Story	
cortex_DorsAttn	37.622746841501765	122	narratives	05	008	Tunnelpart1Story	
cortex_Limbic	15.808675260533642	60	narratives	05	008	Tunnelpart1Story	
cortex_SalVentAttn	35.85913324310835	121	narratives	05	008	Tunnelpart1Story	
cortex_SomMot	35.0704035093523	194	narratives	05	008	Tunnelpart1Story	
cortex_Vis	29.744704154776734	162	narratives	05	008	Tunnelpart1Story	
subcortex_CAU	24.34850953115227	8	narratives	05	008	Tunnelpart1Story	
subcortex_PUT	24.04337290300289	8	narratives	05	008	Tunnelpart1Story	
subcortex_THA	25.349353639888193	14	narratives	05	008	Tunnelpart1Story	
cerebellum	18.203739117042947	88	narratives	05	008	Tunnelpart2Recall	
cortex_Cont	36.62385553293518	128	narratives	05	008	Tunnelpart2Recall	
cortex_Default	34.95385722207969	209	narratives	05	008	Tunnelpart2Recall	
cortex_DorsAttn	39.29236590332954	122	narratives	05	008	Tunnelpart2Recall	
cortex_Limbic	15.460428343205885	60	narratives	05	008	Tunnelpart2Recall	
cortex_SalVentAttn	36.338974675857045	121	narratives	05	008	Tunnelpart2Recall	
cortex_SomMot	36.05088186454621	194	narratives	05	008	Tunnelpart2Recall	
cortex_Vis	31.964940859427763	162	narratives	05	008	Tunnelpart2Recall	
subcortex_CAU	24.59894017820183	8	narratives	05	008	Tunnelpart2Recall	
subcortex_PUT	24.31175558481015	8	narratives	05	008	Tunnelpart2Recall	
subcortex_THA	25.35218134280594	14	narratives	05	008	Tunnelpart2Recall	
cerebellum	18.96407406874587	88	narratives	05	008	Tunnelpart2Story	
cortex_Cont	37.857183005238234	128	narratives	05	008	Tunnelpart2Story	
cortex_Default	35.42455086206907	209	narratives	05	008	Tunnelpart2Story	
cortex_DorsAttn	41.119206749592955	122	narratives	05	008	Tunnelpart2Story	
cortex_Limbic	15.703725934468592	60	narratives	05	008	Tunnelpart2Story	
cortex_SalVentAttn	36.69916894378366	121	narratives	05	008	Tunnelpart2Story	
cortex_SomMot	36.95537534827168	194	narratives	05	008	Tunnelpart2Story	
cortex_Vis	31.93949899389088	162	narratives	05	008	Tunnelpart2Story	
subcortex_CAU	24.381029253319696	8	narratives	05	008	Tunnelpart2Story	
subcortex_PUT	23.633311511137155	8	narratives	05	008	Tunnelpart2Story	
subcortex_THA	25.015194739680084	14	narratives	05	008	Tunnelpart2Story	
cerebellum	17.643969425054312	88	narratives	05	009	PiemanRecall	
cortex_Cont	36.33118403488519	128	narratives	05	009	PiemanRecall	
cortex_Default	34.45349580390849	209	narratives	05	009	PiemanRecall	
cortex_DorsAttn	37.54444514207474	122	narratives	05	009	PiemanRecall	
cortex_Limbic	15.843135661131397	60	narratives	05	009	PiemanRecall	
cortex_SalVentAttn	36.96189018097264	121	narratives	05	009	PiemanRecall	
cortex_SomMot	36.2685716767745	194	narratives	05	009	PiemanRecall	
cortex_Vis	29.811500825770985	162	narratives	05	009	PiemanRecall	
subcortex_CAU	25.745310779094254	8	narratives	05	009	PiemanRecall	
subcortex_PUT	23.99205897493627	8	narratives	05	009	PiemanRecall	
subcortex_THA	25.784930093876152	14	narratives	05	009	PiemanRecall	
cerebellum	24.82015773242023	88	narratives	05	009	PiemanRecency	
cortex_Cont	50.338331069042624	128	narratives	05	009	PiemanRecency	
cortex_Default	46.29034743117804	209	narratives	05	009	PiemanRecency	
cortex_DorsAttn	53.366843307775845	122	narratives	05	009	PiemanRecency	
cortex_Limbic	20.45943504745622	60	narratives	05	009	PiemanRecency	
cortex_SalVentAttn	46.3782179842721	121	narratives	05	009	PiemanRecency	
cortex_SomMot	49.47312050926012	194	narratives	05	009	PiemanRecency	
cortex_Vis	43.32766543197121	162	narratives	05	009	PiemanRecency	
subcortex_CAU	27.540758827855413	8	narratives	05	009	PiemanRecency	
subcortex_PUT	25.13938385082789	8	narratives	05	009	PiemanRecency	
subcortex_THA	27.15594555915556	14	narratives	05	009	PiemanRecency	
cerebellum	17.051545667363005	88	narratives	05	009	PiemanStory	
cortex_Cont	32.3463224681294	128	narratives	05	009	PiemanStory	
cortex_Default	31.06814439179066	209	narratives	05	009	PiemanStory	
cortex_DorsAttn	31.42048425774217	122	narratives	05	009	PiemanStory	
cortex_Limbic	15.638520425649423	60	narratives	05	009	PiemanStory	
cortex_SalVentAttn	32.28547719596179	121	narratives	05	009	PiemanStory	
cortex_SomMot	29.393997646375574	194	narratives	05	009	PiemanStory	
cortex_Vis	25.12777112056716	162	narratives	05	009	PiemanStory	
subcortex_CAU	24.239962429384583	8	narratives	05	009	PiemanStory	
subcortex_PUT	22.937224632814047	8	narratives	05	009	PiemanStory	
subcortex_THA	23.534433081979323	14	narratives	05	009	PiemanStory	
cerebellum	18.832250259286095	88	narratives	05	009	SlumlordRecall	
cortex_Cont	36.8999065688658	128	narratives	05	009	SlumlordRecall	
cortex_Default	35.171760065775544	209	narratives	05	009	SlumlordRecall	
cortex_DorsAttn	39.02316847188056	122	narratives	05	009	SlumlordRecall	
cortex_Limbic	15.615162673702319	60	narratives	05	009	SlumlordRecall	
cortex_SalVentAttn	37.175130545785	121	narratives	05	009	SlumlordRecall	
cortex_SomMot	36.79579513631807	194	narratives	05	009	SlumlordRecall	
cortex_Vis	31.71130174722039	162	narratives	05	009	SlumlordRecall	
subcortex_CAU	26.03979287632786	8	narratives	05	009	SlumlordRecall	
subcortex_PUT	24.52552932864562	8	narratives	05	009	SlumlordRecall	
subcortex_THA	25.865881202706472	14	narratives	05	009	SlumlordRecall	
cerebellum	24.35754414686403	88	narratives	05	009	SlumlordRecency	
cortex_Cont	47.79858643304195	128	narratives	05	009	SlumlordRecency	
cortex_Default	44.64786142173459	209	narratives	05	009	SlumlordRecency	
cortex_DorsAttn	48.45930407845192	122	narratives	05	009	SlumlordRecency	
cortex_Limbic	19.894406861494726	60	narratives	05	009	SlumlordRecency	
cortex_SalVentAttn	43.8796520416238	121	narratives	05	009	SlumlordRecency	
cortex_SomMot	45.414789118466295	194	narratives	05	009	SlumlordRecency	
cortex_Vis	38.67314417565499	162	narratives	05	009	SlumlordRecency	
subcortex_CAU	27.41099183849777	8	narratives	05	009	SlumlordRecency	
subcortex_PUT	25.376685282141732	8	narratives	05	009	SlumlordRecency	
subcortex_THA	26.83760588213491	14	narratives	05	009	SlumlordRecency	
cerebellum	19.136730005196526	88	narratives	05	010	PrettymouthRecall	
cortex_Cont	41.514810206104784	128	narratives	05	010	PrettymouthRecall	
cortex_Default	38.71316172497558	209	narratives	05	010	PrettymouthRecall	
cortex_DorsAttn	45.19868966541567	122	narratives	05	010	PrettymouthRecall	
cortex_Limbic	16.28865924022252	60	narratives	05	010	PrettymouthRecall	
cortex_SalVentAttn	39.50573862335938	121	narratives	05	010	PrettymouthRecall	
cortex_SomMot	40.38195188987209	194	narratives	05	010	PrettymouthRecall	
cortex_Vis	35.6753043572329	162	narratives	05	010	PrettymouthRecall	
subcortex_CAU	26.137316481078077	8	narratives	05	010	PrettymouthRecall	
subcortex_PUT	25.114641684374728	8	narratives	05	010	PrettymouthRecall	
subcortex_THA	26.269526354716678	14	narratives	05	010	PrettymouthRecall	
cerebellum	22.31175192864078	88	narratives	05	010	PrettymouthRecency	
cortex_Cont	44.6953837152706	128	narratives	05	010	PrettymouthRecency	
cortex_Default	41.93141475731005	209	narratives	05	010	PrettymouthRecency	
cortex_DorsAttn	47.18859623578334	122	narratives	05	010	PrettymouthRecency	
cortex_Limbic	18.464214306309557	60	narratives	05	010	PrettymouthRecency	
cortex_SalVentAttn	42.21908615694415	121	narratives	05	010	PrettymouthRecency	
cortex_SomMot	43.47693735712721	194	narratives	05	010	PrettymouthRecency	
cortex_Vis	38.39047826634647	162	narratives	05	010	PrettymouthRecency	
subcortex_CAU	26.424969793463852	8	narratives	05	010	PrettymouthRecency	
subcortex_PUT	24.857590226779585	8	narratives	05	010	PrettymouthRecency	
subcortex_THA	26.961791847643845	14	narratives	05	010	PrettymouthRecency	
cerebellum	19.229884723092923	88	narratives	05	010	PrettymouthStory	
cortex_Cont	36.46996752339944	128	narratives	05	010	PrettymouthStory	
cortex_Default	34.82190775578455	209	narratives	05	010	PrettymouthStory	
cortex_DorsAttn	39.05043805304553	122	narratives	05	010	PrettymouthStory	
cortex_Limbic	14.913484644109872	60	narratives	05	010	PrettymouthStory	
cortex_SalVentAttn	35.91452156326255	121	narratives	05	010	PrettymouthStory	
cortex_SomMot	35.551426917746426	194	narratives	05	010	PrettymouthStory	
cortex_Vis	31.550480747134085	162	narratives	05	010	PrettymouthStory	
subcortex_CAU	23.990859410418015	8	narratives	05	010	PrettymouthStory	
subcortex_PUT	23.244855490582196	8	narratives	05	010	PrettymouthStory	
subcortex_THA	24.68557457583294	14	narratives	05	010	PrettymouthStory	
cerebellum	24.18349928099934	88	narratives	05	010	TunnelRecency	
cortex_Cont	46.92514558860022	128	narratives	05	010	TunnelRecency	
cortex_Default	43.416935697041275	209	narratives	05	010	TunnelRecency	
cortex_DorsAttn	49.84860407747276	122	narratives	05	010	TunnelRecency	
cortex_Limbic	19.711350387672663	60	narratives	05	010	TunnelRecency	
cortex_SalVentAttn	43.30435150812936	121	narratives	05	010	TunnelRecency	
cortex_SomMot	45.14103418235217	194	narratives	05	010	TunnelRecency	
cortex_Vis	40.37977074650259	162	narratives	05	010	TunnelRecency	
subcortex_CAU	26.274056646671696	8	narratives	05	010	TunnelRecency	
subcortex_PUT	24.44087416754333	8	narratives	05	010	TunnelRecency	
subcortex_THA	26.770255117473557	14	narratives	05	010	TunnelRecency	
cerebellum	17.931330225210548	88	narratives	05	010	Tunnelpart1Recall	
cortex_Cont	35.149592226715264	128	narratives	05	010	Tunnelpart1Recall	
cortex_Default	33.801982400750354	209	narratives	05	010	Tunnelpart1Recall	
cortex_DorsAttn	37.30555588030444	122	narratives	05	010	Tunnelpart1Recall	
cortex_Limbic	15.31700680560724	60	narratives	05	010	Tunnelpart1Recall	
cortex_SalVentAttn	35.53580969287739	121	narratives	05	010	Tunnelpart1Recall	
cortex_SomMot	34.92249859654807	194	narratives	05	010	Tunnelpart1Recall	
cortex_Vis	29.73136524413074	162	narratives	05	010	Tunnelpart1Recall	
subcortex_CAU	24.767910225757543	8	narratives	05	010	Tunnelpart1Recall	
subcortex_PUT	23.858663823619406	8	narratives	05	010	Tunnelpart1Recall	
subcortex_THA	24.888146358996913	14	narratives	05	010	Tunnelpart1Recall	
cerebellum	18.988560890208205	88	narratives	05	010	Tunnelpart1Story	
cortex_Cont	33.29199650230489	128	narratives	05	010	Tunnelpart1Story	
cortex_Default	32.25013695268352	209	narratives	05	010	Tunnelpart1Story	
cortex_DorsAttn	33.81705412578963	122	narratives	05	010	Tunnelpart1Story	
cortex_Limbic	15.071273884230441	60	narratives	05	010	Tunnelpart1Story	
cortex_SalVentAttn	33.61280941890518	121	narratives	05	010	Tunnelpart1Story	
cortex_SomMot	32.19823287635882	194	narratives	05	010	Tunnelpart1Story	
cortex_Vis	27.164584581683997	162	narratives	05	010	Tunnelpart1Story	
subcortex_CAU	24.102442485411377	8	narratives	05	010	Tunnelpart1Story	
subcortex_PUT	23.083869374468765	8	narratives	05	010	Tunnelpart1Story	
subcortex_THA	24.487890876795397	14	narratives	05	010	Tunnelpart1Story	
cerebellum	18.499391282398975	88	narratives	05	010	Tunnelpart2Recall	
cortex_Cont	36.22889963793256	128	narratives	05	010	Tunnelpart2Recall	
cortex_Default	34.41822740330905	209	narratives	05	010	Tunnelpart2Recall	
cortex_DorsAttn	38.487227646262525	122	narratives	05	010	Tunnelpart2Recall	
cortex_Limbic	15.284537991317352	60	narratives	05	010	Tunnelpart2Recall	
cortex_SalVentAttn	35.79008510738937	121	narratives	05	010	Tunnelpart2Recall	
cortex_SomMot	35.37038130134447	194	narratives	05	010	Tunnelpart2Recall	
cortex_Vis	31.476185425137597	162	narratives	05	010	Tunnelpart2Recall	
subcortex_CAU	23.94341357540494	8	narratives	05	010	Tunnelpart2Recall	
subcortex_PUT	22.986457092471436	8	narratives	05	010	Tunnelpart2Recall	
subcortex_THA	24.595003030643948	14	narratives	05	010	Tunnelpart2Recall	
cerebellum	18.265777324863127	88	narratives	05	010	Tunnelpart2Story	
cortex_Cont	33.52276479066908	128	narratives	05	010	Tunnelpart2Story	
cortex_Default	32.640939117334355	209	narratives	05	010	Tunnelpart2Story	
cortex_DorsAttn	36.33164126741723	122	narratives	05	010	Tunnelpart2Story	
cortex_Limbic	14.557611958991389	60	narratives	05	010	Tunnelpart2Story	
cortex_SalVentAttn	33.3502193815191	121	narratives	05	010	Tunnelpart2Story	
cortex_SomMot	32.261186477981404	194	narratives	05	010	Tunnelpart2Story	
cortex_Vis	31.28574829184009	162	narratives	05	010	Tunnelpart2Story	
subcortex_CAU	23.420185817307477	8	narratives	05	010	Tunnelpart2Story	
subcortex_PUT	22.38070300877925	8	narratives	05	010	Tunnelpart2Story	
subcortex_THA	23.819496517690386	14	narratives	05	010	Tunnelpart2Story	
cerebellum	18.822772468797016	88	narratives	05	011	PiemanRecall	
cortex_Cont	37.49146016096276	128	narratives	05	011	PiemanRecall	
cortex_Default	34.975752780281134	209	narratives	05	011	PiemanRecall	
cortex_DorsAttn	39.927753471955825	122	narratives	05	011	PiemanRecall	
cortex_Limbic	15.554209887149621	60	narratives	05	011	PiemanRecall	
cortex_SalVentAttn	37.42635236204302	121	narratives	05	011	PiemanRecall	
cortex_SomMot	37.66701603747528	194	narratives	05	011	PiemanRecall	
cortex_Vis	32.03693832659309	162	narratives	05	011	PiemanRecall	
subcortex_CAU	25.62478727426215	8	narratives	05	011	PiemanRecall	
subcortex_PUT	24.0277969740404	8	narratives	05	011	PiemanRecall	
subcortex_THA	25.84696414044708	14	narratives	05	011	PiemanRecall	
cerebellum	23.19897638658853	88	narratives	05	011	PiemanRecency	
cortex_Cont	46.5546866824721	128	narratives	05	011	PiemanRecency	
cortex_Default	43.14117086929093	209	narratives	05	011	PiemanRecency	
cortex_DorsAttn	50.41701547615274	122	narratives	05	011	PiemanRecency	
cortex_Limbic	19.041286194304593	60	narratives	05	011	PiemanRecency	
cortex_SalVentAttn	43.34802929405892	121	narratives	05	011	PiemanRecency	
cortex_SomMot	45.50701890698422	194	narratives	05	011	PiemanRecency	
cortex_Vis	39.507224924071004	162	narratives	05	011	PiemanRecency	
subcortex_CAU	27.58462074430891	8	narratives	05	011	PiemanRecency	
subcortex_PUT	25.331467852216953	8	narratives	05	011	PiemanRecency	
subcortex_THA	27.308185698899052	14	narratives	05	011	PiemanRecency	
cerebellum	17.10849332025837	88	narratives	05	011	PiemanStory	
cortex_Cont	34.023707021389214	128	narratives	05	011	PiemanStory	
cortex_Default	32.48412319854032	209	narratives	05	011	PiemanStory	
cortex_DorsAttn	34.876040193156065	122	narratives	05	011	PiemanStory	
cortex_Limbic	16.177129446035448	60	narratives	05	011	PiemanStory	
cortex_SalVentAttn	35.174151905351316	121	narratives	05	011	PiemanStory	
cortex_SomMot	34.633247137720055	194	narratives	05	011	PiemanStory	
cortex_Vis	28.196813786989164	162	narratives	05	011	PiemanStory	
subcortex_CAU	24.78741188295892	8	narratives	05	011	PiemanStory	
subcortex_PUT	22.756036421507886	8	narratives	05	011	PiemanStory	
subcortex_THA	25.022731225148156	14	narratives	05	011	PiemanStory	
cerebellum	23.865882035694668	88	narratives	05	011	SlumlordRecency	
cortex_Cont	50.53192660736097	128	narratives	05	011	SlumlordRecency	
cortex_Default	45.66261302478186	209	narratives	05	011	SlumlordRecency	
cortex_DorsAttn	53.171092763155116	122	narratives	05	011	SlumlordRecency	
cortex_Limbic	19.997278611249886	60	narratives	05	011	SlumlordRecency	
cortex_SalVentAttn	45.05955862262426	121	narratives	05	011	SlumlordRecency	
cortex_SomMot	47.62871742346314	194	narratives	05	011	SlumlordRecency	
cortex_Vis	41.55802154328009	162	narratives	05	011	SlumlordRecency	
subcortex_CAU	27.6919308487009	8	narratives	05	011	SlumlordRecency	
subcortex_PUT	25.469780546475512	8	narratives	05	011	SlumlordRecency	
subcortex_THA	27.41769342554762	14	narratives	05	011	SlumlordRecency	
cerebellum	16.287512643940037	88	narratives	05	011	SlumlordStory	
cortex_Cont	29.786092317108498	128	narratives	05	011	SlumlordStory	
cortex_Default	28.880957161872594	209	narratives	05	011	SlumlordStory	
cortex_DorsAttn	31.079771238367464	122	narratives	05	011	SlumlordStory	
cortex_Limbic	14.469269410533492	60	narratives	05	011	SlumlordStory	
cortex_SalVentAttn	31.716311262748903	121	narratives	05	011	SlumlordStory	
cortex_SomMot	29.73730574865017	194	narratives	05	011	SlumlordStory	
cortex_Vis	27.11945121386132	162	narratives	05	011	SlumlordStory	
subcortex_CAU	24.591210518752384	8	narratives	05	011	SlumlordStory	
subcortex_PUT	23.681769264984734	8	narratives	05	011	SlumlordStory	
subcortex_THA	24.44876214231646	14	narratives	05	011	SlumlordStory	
cerebellum	29.58590970769802	88	narratives	05	012	PrettymouthRecall	
cortex_Cont	42.03224814059221	128	narratives	05	012	PrettymouthRecall	
cortex_Default	39.2485049841305	209	narratives	05	012	PrettymouthRecall	
cortex_DorsAttn	45.3657815062754	122	narratives	05	012	PrettymouthRecall	
cortex_Limbic	18.20635756966799	60	narratives	05	012	PrettymouthRecall	
cortex_SalVentAttn	40.57091203685332	121	narratives	05	012	PrettymouthRecall	
cortex_SomMot	40.288564332825906	194	narratives	05	012	PrettymouthRecall	
cortex_Vis	36.362890122867185	162	narratives	05	012	PrettymouthRecall	
subcortex_CAU	25.92090407283536	8	narratives	05	012	PrettymouthRecall	
subcortex_PUT	24.263961055686288	8	narratives	05	012	PrettymouthRecall	
subcortex_THA	26.69739285295529	14	narratives	05	012	PrettymouthRecall	
cerebellum	31.798247238062995	88	narratives	05	012	PrettymouthRecency	
cortex_Cont	46.04608787647641	128	narratives	05	012	PrettymouthRecency	
cortex_Default	42.990807183637614	209	narratives	05	012	PrettymouthRecency	
cortex_DorsAttn	49.144628438235785	122	narratives	05	012	PrettymouthRecency	
cortex_Limbic	20.439358996850753	60	narratives	05	012	PrettymouthRecency	
cortex_SalVentAttn	43.061679675014496	121	narratives	05	012	PrettymouthRecency	
cortex_SomMot	43.53557957095935	194	narratives	05	012	PrettymouthRecency	
cortex_Vis	39.43384947349473	162	narratives	05	012	PrettymouthRecency	
subcortex_CAU	27.537485252603258	8	narratives	05	012	PrettymouthRecency	
subcortex_PUT	24.77432088505188	8	narratives	05	012	PrettymouthRecency	
subcortex_THA	27.086483199529805	14	narratives	05	012	PrettymouthRecency	
cerebellum	26.223484886652013	88	narratives	05	012	PrettymouthStory	
cortex_Cont	35.76519141993053	128	narratives	05	012	PrettymouthStory	
cortex_Default	34.46382471949531	209	narratives	05	012	PrettymouthStory	
cortex_DorsAttn	36.71082317560142	122	narratives	05	012	PrettymouthStory	
cortex_Limbic	17.802722644499077	60	narratives	05	012	PrettymouthStory	
cortex_SalVentAttn	36.30341417263037	121	narratives	05	012	PrettymouthStory	
cortex_SomMot	34.04908032630825	194	narratives	05	012	PrettymouthStory	
cortex_Vis	29.485721419063665	162	narratives	05	012	PrettymouthStory	
subcortex_CAU	25.933070449231078	8	narratives	05	012	PrettymouthStory	
subcortex_PUT	24.11037001403187	8	narratives	05	012	PrettymouthStory	
subcortex_THA	25.67262529465763	14	narratives	05	012	PrettymouthStory	
cerebellum	32.7034730411276	88	narratives	05	012	TunnelRecency	
cortex_Cont	47.21164710972222	128	narratives	05	012	TunnelRecency	
cortex_Default	43.69823844349519	209	narratives	05	012	TunnelRecency	
cortex_DorsAttn	49.03802485581284	122	narratives	05	012	TunnelRecency	
cortex_Limbic	21.045898523369875	60	narratives	05	012	TunnelRecency	
cortex_SalVentAttn	44.71405010663922	121	narratives	05	012	TunnelRecency	
cortex_SomMot	44.0744092036553	194	narratives	05	012	TunnelRecency	
cortex_Vis	39.999726579449614	162	narratives	05	012	TunnelRecency	
subcortex_CAU	27.70705945857373	8	narratives	05	012	TunnelRecency	
subcortex_PUT	24.8252100955754	8	narratives	05	012	TunnelRecency	
subcortex_THA	27.633642891276406	14	narratives	05	012	TunnelRecency	
cerebellum	27.893653059288344	88	narratives	05	012	Tunnelpart1Recall	
cortex_Cont	39.21878724960709	128	narratives	05	012	Tunnelpart1Recall	
cortex_Default	37.12267068417502	209	narratives	05	012	Tunnelpart1Recall	
cortex_DorsAttn	41.321445436542106	122	narratives	05	012	Tunnelpart1Recall	
cortex_Limbic	18.018485709694207	60	narratives	05	012	Tunnelpart1Recall	
cortex_SalVentAttn	38.38606907958016	121	narratives	05	012	Tunnelpart1Recall	
cortex_SomMot	36.975782069537296	194	narratives	05	012	Tunnelpart1Recall	
cortex_Vis	33.89920067236268	162	narratives	05	012	Tunnelpart1Recall	
subcortex_CAU	25.73220144939095	8	narratives	05	012	Tunnelpart1Recall	
subcortex_PUT	23.624322135150084	8	narratives	05	012	Tunnelpart1Recall	
subcortex_THA	25.905691049100803	14	narratives	05	012	Tunnelpart1Recall	
cerebellum	26.462339158954162	88	narratives	05	012	Tunnelpart1Story	
cortex_Cont	37.07076434729914	128	narratives	05	012	Tunnelpart1Story	
cortex_Default	35.61489015260838	209	narratives	05	012	Tunnelpart1Story	
cortex_DorsAttn	36.35177380128125	122	narratives	05	012	Tunnelpart1Story	
cortex_Limbic	18.45025392887582	60	narratives	05	012	Tunnelpart1Story	
cortex_SalVentAttn	36.69022717830765	121	narratives	05	012	Tunnelpart1Story	
cortex_SomMot	33.91716101837963	194	narratives	05	012	Tunnelpart1Story	
cortex_Vis	28.59437837817138	162	narratives	05	012	Tunnelpart1Story	
subcortex_CAU	25.630365287547974	8	narratives	05	012	Tunnelpart1Story	
subcortex_PUT	23.525474739873747	8	narratives	05	012	Tunnelpart1Story	
subcortex_THA	25.13220652951708	14	narratives	05	012	Tunnelpart1Story	
cerebellum	27.10175345858213	88	narratives	05	012	Tunnelpart2Recall	
cortex_Cont	39.340665587374765	128	narratives	05	012	Tunnelpart2Recall	
cortex_Default	37.277315527556304	209	narratives	05	012	Tunnelpart2Recall	
cortex_DorsAttn	40.157308363165996	122	narratives	05	012	Tunnelpart2Recall	
cortex_Limbic	18.415710929092704	60	narratives	05	012	Tunnelpart2Recall	
cortex_SalVentAttn	38.91031648043824	121	narratives	05	012	Tunnelpart2Recall	
cortex_SomMot	37.568435964537166	194	narratives	05	012	Tunnelpart2Recall	
cortex_Vis	32.13576539042634	162	narratives	05	012	Tunnelpart2Recall	
subcortex_CAU	25.629572434381007	8	narratives	05	012	Tunnelpart2Recall	
subcortex_PUT	23.687644344695926	8	narratives	05	012	Tunnelpart2Recall	
subcortex_THA	26.019932920956567	14	narratives	05	012	Tunnelpart2Recall	
cerebellum	29.31280331932421	88	narratives	05	012	Tunnelpart2Story	
cortex_Cont	40.35027030670553	128	narratives	05	012	Tunnelpart2Story	
cortex_Default	37.97583855272953	209	narratives	05	012	Tunnelpart2Story	
cortex_DorsAttn	42.6850372315188	122	narratives	05	012	Tunnelpart2Story	
cortex_Limbic	18.918159109967476	60	narratives	05	012	Tunnelpart2Story	
cortex_SalVentAttn	39.62145136955726	121	narratives	05	012	Tunnelpart2Story	
cortex_SomMot	38.77270763307739	194	narratives	05	012	Tunnelpart2Story	
cortex_Vis	34.299703981080775	162	narratives	05	012	Tunnelpart2Story	
subcortex_CAU	26.32087167364206	8	narratives	05	012	Tunnelpart2Story	
subcortex_PUT	24.046448355575208	8	narratives	05	012	Tunnelpart2Story	
subcortex_THA	26.370261028041643	14	narratives	05	012	Tunnelpart2Story	
cerebellum	21.60196161208014	88	narratives	06	001	ForgotRecall	
cortex_Cont	28.151228359700276	128	narratives	06	001	ForgotRecall	
cortex_Default	27.187756315605128	209	narratives	06	001	ForgotRecall	
cortex_DorsAttn	28.836226226242967	122	narratives	06	001	ForgotRecall	
cortex_Limbic	12.965999579777652	60	narratives	06	001	ForgotRecall	
cortex_SalVentAttn	28.846114208682437	121	narratives	06	001	ForgotRecall	
cortex_SomMot	27.081598530268817	194	narratives	06	001	ForgotRecall	
cortex_Vis	22.326929663192306	162	narratives	06	001	ForgotRecall	
subcortex_CAU	24.068558341140342	8	narratives	06	001	ForgotRecall	
subcortex_PUT	25.677716363592875	8	narratives	06	001	ForgotRecall	
subcortex_THA	24.583038531554653	14	narratives	06	001	ForgotRecall	
cerebellum	31.752074904223672	88	narratives	06	001	ForgotStory	
cortex_Cont	36.187338442055655	128	narratives	06	001	ForgotStory	
cortex_Default	35.70286179547578	209	narratives	06	001	ForgotStory	
cortex_DorsAttn	40.7604021208007	122	narratives	06	001	ForgotStory	
cortex_Limbic	16.17213905129029	60	narratives	06	001	ForgotStory	
cortex_SalVentAttn	38.06816367005238	121	narratives	06	001	ForgotStory	
cortex_SomMot	38.156172407378875	194	narratives	06	001	ForgotStory	
cortex_Vis	31.955721345807635	162	narratives	06	001	ForgotStory	
subcortex_CAU	28.365079464171096	8	narratives	06	001	ForgotStory	
subcortex_PUT	28.17659418303831	8	narratives	06	001	ForgotStory	
subcortex_THA	28.29218422028268	14	narratives	06	001	ForgotStory	
cerebellum	22.243620684296847	88	narratives	06	001	LucyRecall	
cortex_Cont	28.37096427693674	128	narratives	06	001	LucyRecall	
cortex_Default	27.437849537726773	209	narratives	06	001	LucyRecall	
cortex_DorsAttn	30.124975504542206	122	narratives	06	001	LucyRecall	
cortex_Limbic	13.161311534944357	60	narratives	06	001	LucyRecall	
cortex_SalVentAttn	29.159456377862277	121	narratives	06	001	LucyRecall	
cortex_SomMot	27.60591542785577	194	narratives	06	001	LucyRecall	
cortex_Vis	23.93643946691471	162	narratives	06	001	LucyRecall	
subcortex_CAU	25.07572332419146	8	narratives	06	001	LucyRecall	
subcortex_PUT	25.930489747220427	8	narratives	06	001	LucyRecall	
subcortex_THA	24.942180906938855	14	narratives	06	001	LucyRecall	
cerebellum	35.2317135419714	88	narratives	06	001	LucyRecency	
cortex_Cont	45.41939911066773	128	narratives	06	001	LucyRecency	
cortex_Default	43.084014001700524	209	narratives	06	001	LucyRecency	
cortex_DorsAttn	48.49215557213293	122	narratives	06	001	LucyRecency	
cortex_Limbic	19.896989159220446	60	narratives	06	001	LucyRecency	
cortex_SalVentAttn	43.13770565365252	121	narratives	06	001	LucyRecency	
cortex_SomMot	44.43294863211612	194	narratives	06	001	LucyRecency	
cortex_Vis	37.986160144389686	162	narratives	06	001	LucyRecency	
subcortex_CAU	32.493293879141866	8	narratives	06	001	LucyRecency	
subcortex_PUT	30.612422054911175	8	narratives	06	001	LucyRecency	
subcortex_THA	29.816659583988688	14	narratives	06	001	LucyRecency	
cerebellum	26.429901029777582	88	narratives	06	001	LucyStory	
cortex_Cont	32.71597456614724	128	narratives	06	001	LucyStory	
cortex_Default	32.6969226912672	209	narratives	06	001	LucyStory	
cortex_DorsAttn	35.45161535734376	122	narratives	06	001	LucyStory	
cortex_Limbic	15.310501532142945	60	narratives	06	001	LucyStory	
cortex_SalVentAttn	35.23218227893556	121	narratives	06	001	LucyStory	
cortex_SomMot	34.121711862981535	194	narratives	06	001	LucyStory	
cortex_Vis	27.161521741362215	162	narratives	06	001	LucyStory	
subcortex_CAU	28.895564417608277	8	narratives	06	001	LucyStory	
subcortex_PUT	28.443387994608603	8	narratives	06	001	LucyStory	
subcortex_THA	28.43347454913529	14	narratives	06	001	LucyStory	
cerebellum	23.335115978665122	88	narratives	06	002	BlackRecall	
cortex_Cont	28.33088964962547	128	narratives	06	002	BlackRecall	
cortex_Default	28.105153935927568	209	narratives	06	002	BlackRecall	
cortex_DorsAttn	30.364252290274397	122	narratives	06	002	BlackRecall	
cortex_Limbic	13.305115591081865	60	narratives	06	002	BlackRecall	
cortex_SalVentAttn	30.106930014492328	121	narratives	06	002	BlackRecall	
cortex_SomMot	28.450384537987134	194	narratives	06	002	BlackRecall	
cortex_Vis	24.588648607760486	162	narratives	06	002	BlackRecall	
subcortex_CAU	24.622565649366425	8	narratives	06	002	BlackRecall	
subcortex_PUT	26.050313421187877	8	narratives	06	002	BlackRecall	
subcortex_THA	25.40969992029705	14	narratives	06	002	BlackRecall	
cerebellum	26.444183877801674	88	narratives	06	002	BlackRecency	
cortex_Cont	37.48111744617842	128	narratives	06	002	BlackRecency	
cortex_Default	35.61074791651114	209	narratives	06	002	BlackRecency	
cortex_DorsAttn	37.648251887756025	122	narratives	06	002	BlackRecency	
cortex_Limbic	16.687649597059494	60	narratives	06	002	BlackRecency	
cortex_SalVentAttn	38.088910515220654	121	narratives	06	002	BlackRecency	
cortex_SomMot	36.099967802197405	194	narratives	06	002	BlackRecency	
cortex_Vis	28.739792233937806	162	narratives	06	002	BlackRecency	
subcortex_CAU	29.32395063829992	8	narratives	06	002	BlackRecency	
subcortex_PUT	29.272949510364473	8	narratives	06	002	BlackRecency	
subcortex_THA	27.712126157229772	14	narratives	06	002	BlackRecency	
cerebellum	22.483326018757026	88	narratives	06	002	NotthefallintactRecall	
cortex_Cont	26.875205093063297	128	narratives	06	002	NotthefallintactRecall	
cortex_Default	26.735413257675994	209	narratives	06	002	NotthefallintactRecall	
cortex_DorsAttn	30.154390067481142	122	narratives	06	002	NotthefallintactRecall	
cortex_Limbic	12.324403541535721	60	narratives	06	002	NotthefallintactRecall	
cortex_SalVentAttn	28.753257833826694	121	narratives	06	002	NotthefallintactRecall	
cortex_SomMot	27.46403662570513	194	narratives	06	002	NotthefallintactRecall	
cortex_Vis	24.4525221805594	162	narratives	06	002	NotthefallintactRecall	
subcortex_CAU	22.738427469841152	8	narratives	06	002	NotthefallintactRecall	
subcortex_PUT	24.498321348737136	8	narratives	06	002	NotthefallintactRecall	
subcortex_THA	24.41484326970534	14	narratives	06	002	NotthefallintactRecall	
cerebellum	28.37422354739024	88	narratives	06	002	NotthefallintactRecency	
cortex_Cont	36.694717144782075	128	narratives	06	002	NotthefallintactRecency	
cortex_Default	35.690380296084925	209	narratives	06	002	NotthefallintactRecency	
cortex_DorsAttn	39.0125550754942	122	narratives	06	002	NotthefallintactRecency	
cortex_Limbic	16.202286539371038	60	narratives	06	002	NotthefallintactRecency	
cortex_SalVentAttn	37.848803828924304	121	narratives	06	002	NotthefallintactRecency	
cortex_SomMot	37.181624969673926	194	narratives	06	002	NotthefallintactRecency	
cortex_Vis	30.58724079088358	162	narratives	06	002	NotthefallintactRecency	
subcortex_CAU	29.334276842323167	8	narratives	06	002	NotthefallintactRecency	
subcortex_PUT	28.69756172867544	8	narratives	06	002	NotthefallintactRecency	
subcortex_THA	28.099060285993925	14	narratives	06	002	NotthefallintactRecency	
cerebellum	28.98672234914577	88	narratives	06	002	NotthefallintactStory	
cortex_Cont	33.80525957901768	128	narratives	06	002	NotthefallintactStory	
cortex_Default	32.93810649484216	209	narratives	06	002	NotthefallintactStory	
cortex_DorsAttn	37.12538527335987	122	narratives	06	002	NotthefallintactStory	
cortex_Limbic	15.446977065327879	60	narratives	06	002	NotthefallintactStory	
cortex_SalVentAttn	34.57046186895418	121	narratives	06	002	NotthefallintactStory	
cortex_SomMot	33.61750999052271	194	narratives	06	002	NotthefallintactStory	
cortex_Vis	30.44605245721855	162	narratives	06	002	NotthefallintactStory	
subcortex_CAU	26.61823993567754	8	narratives	06	002	NotthefallintactStory	
subcortex_PUT	27.445658136033366	8	narratives	06	002	NotthefallintactStory	
subcortex_THA	27.13308382550082	14	narratives	06	002	NotthefallintactStory	
cerebellum	23.89619236728611	88	narratives	06	003	ForgotRecall	
cortex_Cont	30.023809432853376	128	narratives	06	003	ForgotRecall	
cortex_Default	29.73073211791775	209	narratives	06	003	ForgotRecall	
cortex_DorsAttn	32.95409423712816	122	narratives	06	003	ForgotRecall	
cortex_Limbic	13.406208840560703	60	narratives	06	003	ForgotRecall	
cortex_SalVentAttn	32.16234027555097	121	narratives	06	003	ForgotRecall	
cortex_SomMot	30.803656764259078	194	narratives	06	003	ForgotRecall	
cortex_Vis	25.80566921035155	162	narratives	06	003	ForgotRecall	
subcortex_CAU	25.193836509751232	8	narratives	06	003	ForgotRecall	
subcortex_PUT	26.023198560192945	8	narratives	06	003	ForgotRecall	
subcortex_THA	26.1119330199875	14	narratives	06	003	ForgotRecall	
cerebellum	30.91711242148256	88	narratives	06	003	ForgotRecency	
cortex_Cont	40.4794427657687	128	narratives	06	003	ForgotRecency	
cortex_Default	38.329594155768774	209	narratives	06	003	ForgotRecency	
cortex_DorsAttn	42.63729167767195	122	narratives	06	003	ForgotRecency	
cortex_Limbic	17.037635182697475	60	narratives	06	003	ForgotRecency	
cortex_SalVentAttn	39.848573429722265	121	narratives	06	003	ForgotRecency	
cortex_SomMot	39.982452437185465	194	narratives	06	003	ForgotRecency	
cortex_Vis	32.67386727206775	162	narratives	06	003	ForgotRecency	
subcortex_CAU	28.773477023639334	8	narratives	06	003	ForgotRecency	
subcortex_PUT	28.3108210455995	8	narratives	06	003	ForgotRecency	
subcortex_THA	28.033294709317783	14	narratives	06	003	ForgotRecency	
cerebellum	26.575696381721443	88	narratives	06	003	ForgotStory	
cortex_Cont	34.17091239896525	128	narratives	06	003	ForgotStory	
cortex_Default	33.29265730707604	209	narratives	06	003	ForgotStory	
cortex_DorsAttn	36.281998773755106	122	narratives	06	003	ForgotStory	
cortex_Limbic	16.285487533836985	60	narratives	06	003	ForgotStory	
cortex_SalVentAttn	35.317115051538664	121	narratives	06	003	ForgotStory	
cortex_SomMot	33.98909038917635	194	narratives	06	003	ForgotStory	
cortex_Vis	28.184627150062983	162	narratives	06	003	ForgotStory	
subcortex_CAU	29.510699201035386	8	narratives	06	003	ForgotStory	
subcortex_PUT	28.551579635601332	8	narratives	06	003	ForgotStory	
subcortex_THA	27.550097334756554	14	narratives	06	003	ForgotStory	
cerebellum	26.11216561309543	88	narratives	06	003	LucyRecall	
cortex_Cont	33.467831813052285	128	narratives	06	003	LucyRecall	
cortex_Default	32.39108970800298	209	narratives	06	003	LucyRecall	
cortex_DorsAttn	36.08239402151413	122	narratives	06	003	LucyRecall	
cortex_Limbic	15.062906222571826	60	narratives	06	003	LucyRecall	
cortex_SalVentAttn	34.58309709138899	121	narratives	06	003	LucyRecall	
cortex_SomMot	33.821855199723814	194	narratives	06	003	LucyRecall	
cortex_Vis	27.74658096861696	162	narratives	06	003	LucyRecall	
subcortex_CAU	26.475217999818454	8	narratives	06	003	LucyRecall	
subcortex_PUT	27.181736251707257	8	narratives	06	003	LucyRecall	
subcortex_THA	27.063097420744707	14	narratives	06	003	LucyRecall	
cerebellum	33.8257894833271	88	narratives	06	003	LucyRecency	
cortex_Cont	44.18283482771731	128	narratives	06	003	LucyRecency	
cortex_Default	41.90603928634061	209	narratives	06	003	LucyRecency	
cortex_DorsAttn	46.848937585410226	122	narratives	06	003	LucyRecency	
cortex_Limbic	18.593947396969988	60	narratives	06	003	LucyRecency	
cortex_SalVentAttn	42.51040073105161	121	narratives	06	003	LucyRecency	
cortex_SomMot	43.73365662842482	194	narratives	06	003	LucyRecency	
cortex_Vis	36.151003919336766	162	narratives	06	003	LucyRecency	
subcortex_CAU	30.163365327599436	8	narratives	06	003	LucyRecency	
subcortex_PUT	29.281180658723347	8	narratives	06	003	LucyRecency	
subcortex_THA	28.738199218634218	14	narratives	06	003	LucyRecency	
cerebellum	34.90206279190008	88	narratives	06	003	LucyStory	
cortex_Cont	41.150287543063364	128	narratives	06	003	LucyStory	
cortex_Default	40.32379652702571	209	narratives	06	003	LucyStory	
cortex_DorsAttn	45.869036022213244	122	narratives	06	003	LucyStory	
cortex_Limbic	18.37408246016137	60	narratives	06	003	LucyStory	
cortex_SalVentAttn	41.72154697481055	121	narratives	06	003	LucyStory	
cortex_SomMot	42.725608077675815	194	narratives	06	003	LucyStory	
cortex_Vis	35.643645213696956	162	narratives	06	003	LucyStory	
subcortex_CAU	30.779400763344675	8	narratives	06	003	LucyStory	
subcortex_PUT	30.11807293391155	8	narratives	06	003	LucyStory	
subcortex_THA	29.68219312278372	14	narratives	06	003	LucyStory	
cerebellum	26.246136284870598	88	narratives	06	004	BlackRecall	
cortex_Cont	33.28795622640501	128	narratives	06	004	BlackRecall	
cortex_Default	32.154538856513675	209	narratives	06	004	BlackRecall	
cortex_DorsAttn	35.928616433912154	122	narratives	06	004	BlackRecall	
cortex_Limbic	14.557458146723866	60	narratives	06	004	BlackRecall	
cortex_SalVentAttn	34.24418211898547	121	narratives	06	004	BlackRecall	
cortex_SomMot	33.602765416741335	194	narratives	06	004	BlackRecall	
cortex_Vis	27.825820629985486	162	narratives	06	004	BlackRecall	
subcortex_CAU	25.636388293158866	8	narratives	06	004	BlackRecall	
subcortex_PUT	26.607111264316984	8	narratives	06	004	BlackRecall	
subcortex_THA	26.328297954311154	14	narratives	06	004	BlackRecall	
cerebellum	32.365214755874376	88	narratives	06	004	BlackRecency	
cortex_Cont	44.66377328764778	128	narratives	06	004	BlackRecency	
cortex_Default	41.96190927910137	209	narratives	06	004	BlackRecency	
cortex_DorsAttn	46.72713152815065	122	narratives	06	004	BlackRecency	
cortex_Limbic	18.916231748898486	60	narratives	06	004	BlackRecency	
cortex_SalVentAttn	42.91935421440801	121	narratives	06	004	BlackRecency	
cortex_SomMot	43.47553939815267	194	narratives	06	004	BlackRecency	
cortex_Vis	36.128736980732796	162	narratives	06	004	BlackRecency	
subcortex_CAU	29.545557071663804	8	narratives	06	004	BlackRecency	
subcortex_PUT	29.340125599966964	8	narratives	06	004	BlackRecency	
subcortex_THA	28.193141593584947	14	narratives	06	004	BlackRecency	
cerebellum	33.512594850942435	88	narratives	06	004	BlackStory	
cortex_Cont	40.95560707017167	128	narratives	06	004	BlackStory	
cortex_Default	39.658452744700284	209	narratives	06	004	BlackStory	
cortex_DorsAttn	45.771083753327524	122	narratives	06	004	BlackStory	
cortex_Limbic	17.77376091849251	60	narratives	06	004	BlackStory	
cortex_SalVentAttn	41.32236693846123	121	narratives	06	004	BlackStory	
cortex_SomMot	42.22012228597728	194	narratives	06	004	BlackStory	
cortex_Vis	35.436606172883955	162	narratives	06	004	BlackStory	
subcortex_CAU	29.11340913277814	8	narratives	06	004	BlackStory	
subcortex_PUT	28.937208540535643	8	narratives	06	004	BlackStory	
subcortex_THA	28.64782616217493	14	narratives	06	004	BlackStory	
cerebellum	25.020089771396137	88	narratives	06	004	NotthefallintactRecall	
cortex_Cont	29.058738692790193	128	narratives	06	004	NotthefallintactRecall	
cortex_Default	28.72673362990425	209	narratives	06	004	NotthefallintactRecall	
cortex_DorsAttn	32.59434393922196	122	narratives	06	004	NotthefallintactRecall	
cortex_Limbic	12.78030224724234	60	narratives	06	004	NotthefallintactRecall	
cortex_SalVentAttn	30.358586699573113	121	narratives	06	004	NotthefallintactRecall	
cortex_SomMot	28.98801547728034	194	narratives	06	004	NotthefallintactRecall	
cortex_Vis	27.235339606255383	162	narratives	06	004	NotthefallintactRecall	
subcortex_CAU	24.104926078704562	8	narratives	06	004	NotthefallintactRecall	
subcortex_PUT	25.233391635474767	8	narratives	06	004	NotthefallintactRecall	
subcortex_THA	25.222620533472753	14	narratives	06	004	NotthefallintactRecall	
cerebellum	30.172067846386884	88	narratives	06	004	NotthefallintactRecency	
cortex_Cont	38.118862598035335	128	narratives	06	004	NotthefallintactRecency	
cortex_Default	37.45081088512369	209	narratives	06	004	NotthefallintactRecency	
cortex_DorsAttn	40.12382742240231	122	narratives	06	004	NotthefallintactRecency	
cortex_Limbic	17.464096172497765	60	narratives	06	004	NotthefallintactRecency	
cortex_SalVentAttn	38.748399894510754	121	narratives	06	004	NotthefallintactRecency	
cortex_SomMot	37.29559780850681	194	narratives	06	004	NotthefallintactRecency	
cortex_Vis	31.83868944779664	162	narratives	06	004	NotthefallintactRecency	
subcortex_CAU	28.058776929407856	8	narratives	06	004	NotthefallintactRecency	
subcortex_PUT	28.50452946400346	8	narratives	06	004	NotthefallintactRecency	
subcortex_THA	27.95768132787504	14	narratives	06	004	NotthefallintactRecency	
cerebellum	29.588403336501923	88	narratives	06	004	NotthefallintactStory	
cortex_Cont	35.13345989983205	128	narratives	06	004	NotthefallintactStory	
cortex_Default	34.361027531679824	209	narratives	06	004	NotthefallintactStory	
cortex_DorsAttn	40.23820144733746	122	narratives	06	004	NotthefallintactStory	
cortex_Limbic	15.776081410632697	60	narratives	06	004	NotthefallintactStory	
cortex_SalVentAttn	35.807096640572496	121	narratives	06	004	NotthefallintactStory	
cortex_SomMot	35.14484663134999	194	narratives	06	004	NotthefallintactStory	
cortex_Vis	32.61085933984734	162	narratives	06	004	NotthefallintactStory	
subcortex_CAU	26.717687760979384	8	narratives	06	004	NotthefallintactStory	
subcortex_PUT	27.53867419864877	8	narratives	06	004	NotthefallintactStory	
subcortex_THA	27.2077771400178	14	narratives	06	004	NotthefallintactStory	
cerebellum	23.518432488417364	88	narratives	06	005	ForgotRecall	
cortex_Cont	28.31389079291506	128	narratives	06	005	ForgotRecall	
cortex_Default	28.077182571963892	209	narratives	06	005	ForgotRecall	
cortex_DorsAttn	31.10986687678071	122	narratives	06	005	ForgotRecall	
cortex_Limbic	13.148172733307913	60	narratives	06	005	ForgotRecall	
cortex_SalVentAttn	29.8640975382479	121	narratives	06	005	ForgotRecall	
cortex_SomMot	28.07774350547633	194	narratives	06	005	ForgotRecall	
cortex_Vis	25.38774886800727	162	narratives	06	005	ForgotRecall	
subcortex_CAU	23.38576743860166	8	narratives	06	005	ForgotRecall	
subcortex_PUT	24.856933240760387	8	narratives	06	005	ForgotRecall	
subcortex_THA	24.94613518929034	14	narratives	06	005	ForgotRecall	
cerebellum	32.80445913747545	88	narratives	06	005	ForgotRecency	
cortex_Cont	41.47255566800608	128	narratives	06	005	ForgotRecency	
cortex_Default	39.175777183120786	209	narratives	06	005	ForgotRecency	
cortex_DorsAttn	43.91079254550188	122	narratives	06	005	ForgotRecency	
cortex_Limbic	17.831801519290558	60	narratives	06	005	ForgotRecency	
cortex_SalVentAttn	40.2383744376298	121	narratives	06	005	ForgotRecency	
cortex_SomMot	40.072603628749405	194	narratives	06	005	ForgotRecency	
cortex_Vis	35.29137881255825	162	narratives	06	005	ForgotRecency	
subcortex_CAU	28.874540562177195	8	narratives	06	005	ForgotRecency	
subcortex_PUT	28.84108162202849	8	narratives	06	005	ForgotRecency	
subcortex_THA	28.24185212922818	14	narratives	06	005	ForgotRecency	
cerebellum	24.895370979179834	88	narratives	06	005	ForgotStory	
cortex_Cont	30.885295247385525	128	narratives	06	005	ForgotStory	
cortex_Default	30.191772657139673	209	narratives	06	005	ForgotStory	
cortex_DorsAttn	33.92806043892829	122	narratives	06	005	ForgotStory	
cortex_Limbic	13.615211204284853	60	narratives	06	005	ForgotStory	
cortex_SalVentAttn	32.03934144519529	121	narratives	06	005	ForgotStory	
cortex_SomMot	30.390054434030212	194	narratives	06	005	ForgotStory	
cortex_Vis	27.184816330633645	162	narratives	06	005	ForgotStory	
subcortex_CAU	24.535239465228404	8	narratives	06	005	ForgotStory	
subcortex_PUT	26.03554320125485	8	narratives	06	005	ForgotStory	
subcortex_THA	25.607618753136848	14	narratives	06	005	ForgotStory	
cerebellum	24.860769446322134	88	narratives	06	005	LucyRecall	
cortex_Cont	29.936139667726433	128	narratives	06	005	LucyRecall	
cortex_Default	29.95405416654309	209	narratives	06	005	LucyRecall	
cortex_DorsAttn	33.15483637294008	122	narratives	06	005	LucyRecall	
cortex_Limbic	13.573693335905494	60	narratives	06	005	LucyRecall	
cortex_SalVentAttn	31.43709542496542	121	narratives	06	005	LucyRecall	
cortex_SomMot	29.503322826635376	194	narratives	06	005	LucyRecall	
cortex_Vis	26.991503948645796	162	narratives	06	005	LucyRecall	
subcortex_CAU	23.79788265966102	8	narratives	06	005	LucyRecall	
subcortex_PUT	25.59193833783541	8	narratives	06	005	LucyRecall	
subcortex_THA	25.536183904587375	14	narratives	06	005	LucyRecall	
cerebellum	30.011617782206528	88	narratives	06	005	LucyRecency	
cortex_Cont	41.65656878208966	128	narratives	06	005	LucyRecency	
cortex_Default	39.43212398632058	209	narratives	06	005	LucyRecency	
cortex_DorsAttn	42.6641393060243	122	narratives	06	005	LucyRecency	
cortex_Limbic	18.05483163855395	60	narratives	06	005	LucyRecency	
cortex_SalVentAttn	40.81602789497512	121	narratives	06	005	LucyRecency	
cortex_SomMot	40.67633360381398	194	narratives	06	005	LucyRecency	
cortex_Vis	32.8182462410497	162	narratives	06	005	LucyRecency	
subcortex_CAU	28.96796350455402	8	narratives	06	005	LucyRecency	
subcortex_PUT	28.700804951692238	8	narratives	06	005	LucyRecency	
subcortex_THA	27.90797950770395	14	narratives	06	005	LucyRecency	
cerebellum	34.48885515044455	88	narratives	06	005	LucyStory	
cortex_Cont	40.64180414791441	128	narratives	06	005	LucyStory	
cortex_Default	39.19014049348546	209	narratives	06	005	LucyStory	
cortex_DorsAttn	45.74420702337465	122	narratives	06	005	LucyStory	
cortex_Limbic	17.701379181873858	60	narratives	06	005	LucyStory	
cortex_SalVentAttn	40.22175953443836	121	narratives	06	005	LucyStory	
cortex_SomMot	41.077024383261694	194	narratives	06	005	LucyStory	
cortex_Vis	35.39650012810392	162	narratives	06	005	LucyStory	
subcortex_CAU	28.63922913190431	8	narratives	06	005	LucyStory	
subcortex_PUT	28.525364030271746	8	narratives	06	005	LucyStory	
subcortex_THA	28.607103920592266	14	narratives	06	005	LucyStory	
cerebellum	23.351530155073043	88	narratives	06	006	BlackRecall	
cortex_Cont	29.23941977954746	128	narratives	06	006	BlackRecall	
cortex_Default	28.631247879055408	209	narratives	06	006	BlackRecall	
cortex_DorsAttn	30.848419326590196	122	narratives	06	006	BlackRecall	
cortex_Limbic	13.693634902588965	60	narratives	06	006	BlackRecall	
cortex_SalVentAttn	30.699610605785228	121	narratives	06	006	BlackRecall	
cortex_SomMot	28.948767033396713	194	narratives	06	006	BlackRecall	
cortex_Vis	24.33097876907287	162	narratives	06	006	BlackRecall	
subcortex_CAU	24.118185870485924	8	narratives	06	006	BlackRecall	
subcortex_PUT	25.738620788540874	8	narratives	06	006	BlackRecall	
subcortex_THA	25.092542991187837	14	narratives	06	006	BlackRecall	
cerebellum	32.8772909480806	88	narratives	06	006	BlackRecency	
cortex_Cont	41.47880513476477	128	narratives	06	006	BlackRecency	
cortex_Default	39.40943657621167	209	narratives	06	006	BlackRecency	
cortex_DorsAttn	44.74239468572189	122	narratives	06	006	BlackRecency	
cortex_Limbic	18.410997488853912	60	narratives	06	006	BlackRecency	
cortex_SalVentAttn	40.97401238824036	121	narratives	06	006	BlackRecency	
cortex_SomMot	40.329435097404804	194	narratives	06	006	BlackRecency	
cortex_Vis	36.79829438961297	162	narratives	06	006	BlackRecency	
subcortex_CAU	28.578189439047947	8	narratives	06	006	BlackRecency	
subcortex_PUT	28.554671495739314	8	narratives	06	006	BlackRecency	
subcortex_THA	27.959715376258604	14	narratives	06	006	BlackRecency	
cerebellum	29.023785321829795	88	narratives	06	006	BlackStory	
cortex_Cont	35.488481912216116	128	narratives	06	006	BlackStory	
cortex_Default	34.49244112555267	209	narratives	06	006	BlackStory	
cortex_DorsAttn	38.47300885933841	122	narratives	06	006	BlackStory	
cortex_Limbic	16.649178984057674	60	narratives	06	006	BlackStory	
cortex_SalVentAttn	37.43491240513998	121	narratives	06	006	BlackStory	
cortex_SomMot	36.25496651259885	194	narratives	06	006	BlackStory	
cortex_Vis	30.562428708609605	162	narratives	06	006	BlackStory	
subcortex_CAU	27.642896759271512	8	narratives	06	006	BlackStory	
subcortex_PUT	28.003166230258362	8	narratives	06	006	BlackStory	
subcortex_THA	27.753802923397068	14	narratives	06	006	BlackStory	
cerebellum	31.707256925569197	88	narratives	06	006	NotthefallintactRecency	
cortex_Cont	38.74118814748285	128	narratives	06	006	NotthefallintactRecency	
cortex_Default	37.266532386686926	209	narratives	06	006	NotthefallintactRecency	
cortex_DorsAttn	42.7190297572491	122	narratives	06	006	NotthefallintactRecency	
cortex_Limbic	17.255670294782025	60	narratives	06	006	NotthefallintactRecency	
cortex_SalVentAttn	38.99685668935054	121	narratives	06	006	NotthefallintactRecency	
cortex_SomMot	38.894318217613	194	narratives	06	006	NotthefallintactRecency	
cortex_Vis	34.200034672453654	162	narratives	06	006	NotthefallintactRecency	
subcortex_CAU	27.343171746769123	8	narratives	06	006	NotthefallintactRecency	
subcortex_PUT	27.460807698791832	8	narratives	06	006	NotthefallintactRecency	
subcortex_THA	27.304624947555677	14	narratives	06	006	NotthefallintactRecency	
cerebellum	28.270387091236888	88	narratives	06	006	NotthefallintactStory	
cortex_Cont	34.52113378950656	128	narratives	06	006	NotthefallintactStory	
cortex_Default	33.38459420703946	209	narratives	06	006	NotthefallintactStory	
cortex_DorsAttn	37.8306173595962	122	narratives	06	006	NotthefallintactStory	
cortex_Limbic	15.841956573314253	60	narratives	06	006	NotthefallintactStory	
cortex_SalVentAttn	35.85936011933519	121	narratives	06	006	NotthefallintactStory	
cortex_SomMot	34.91633957439314	194	narratives	06	006	NotthefallintactStory	
cortex_Vis	29.978959490929174	162	narratives	06	006	NotthefallintactStory	
subcortex_CAU	26.66099601822624	8	narratives	06	006	NotthefallintactStory	
subcortex_PUT	27.018947181773903	8	narratives	06	006	NotthefallintactStory	
subcortex_THA	26.74103058785696	14	narratives	06	006	NotthefallintactStory	
cerebellum	28.40373329349649	88	narratives	06	007	PiemanRecall	
cortex_Cont	32.9929060603909	128	narratives	06	007	PiemanRecall	
cortex_Default	32.72763812989218	209	narratives	06	007	PiemanRecall	
cortex_DorsAttn	37.47663785615652	122	narratives	06	007	PiemanRecall	
cortex_Limbic	15.641152801351573	60	narratives	06	007	PiemanRecall	
cortex_SalVentAttn	34.358212525232595	121	narratives	06	007	PiemanRecall	
cortex_SomMot	33.684594669426154	194	narratives	06	007	PiemanRecall	
cortex_Vis	30.05110477130257	162	narratives	06	007	PiemanRecall	
subcortex_CAU	26.996077944046473	8	narratives	06	007	PiemanRecall	
subcortex_PUT	26.999910852826808	8	narratives	06	007	PiemanRecall	
subcortex_THA	26.783583972220296	14	narratives	06	007	PiemanRecall	
cerebellum	30.451551942549052	88	narratives	06	007	PiemanRecency	
cortex_Cont	37.564068033863684	128	narratives	06	007	PiemanRecency	
cortex_Default	36.18536943059793	209	narratives	06	007	PiemanRecency	
cortex_DorsAttn	40.1867739439428	122	narratives	06	007	PiemanRecency	
cortex_Limbic	17.286534393987267	60	narratives	06	007	PiemanRecency	
cortex_SalVentAttn	37.895756873055824	121	narratives	06	007	PiemanRecency	
cortex_SomMot	37.152588773489455	194	narratives	06	007	PiemanRecency	
cortex_Vis	31.725198236011664	162	narratives	06	007	PiemanRecency	
subcortex_CAU	27.344048767445816	8	narratives	06	007	PiemanRecency	
subcortex_PUT	27.83426347935122	8	narratives	06	007	PiemanRecency	
subcortex_THA	27.179193660070162	14	narratives	06	007	PiemanRecency	
cerebellum	32.170432430253555	88	narratives	06	007	PiemanStory	
cortex_Cont	37.337893287383665	128	narratives	06	007	PiemanStory	
cortex_Default	36.437818159761854	209	narratives	06	007	PiemanStory	
cortex_DorsAttn	40.888302465000265	122	narratives	06	007	PiemanStory	
cortex_Limbic	17.51448552301613	60	narratives	06	007	PiemanStory	
cortex_SalVentAttn	37.595589818449206	121	narratives	06	007	PiemanStory	
cortex_SomMot	37.18473058787208	194	narratives	06	007	PiemanStory	
cortex_Vis	32.481810281237145	162	narratives	06	007	PiemanStory	
subcortex_CAU	27.686268123637742	8	narratives	06	007	PiemanStory	
subcortex_PUT	27.766957693240972	8	narratives	06	007	PiemanStory	
subcortex_THA	27.568298234141416	14	narratives	06	007	PiemanStory	
cerebellum	24.986379357424177	88	narratives	06	007	SlumlordRecall	
cortex_Cont	27.946696696628358	128	narratives	06	007	SlumlordRecall	
cortex_Default	28.613454485679874	209	narratives	06	007	SlumlordRecall	
cortex_DorsAttn	30.312216049584876	122	narratives	06	007	SlumlordRecall	
cortex_Limbic	13.978842635278394	60	narratives	06	007	SlumlordRecall	
cortex_SalVentAttn	29.394376666638202	121	narratives	06	007	SlumlordRecall	
cortex_SomMot	27.698884024958307	194	narratives	06	007	SlumlordRecall	
cortex_Vis	26.0387072520987	162	narratives	06	007	SlumlordRecall	
subcortex_CAU	23.422695234587863	8	narratives	06	007	SlumlordRecall	
subcortex_PUT	25.311975183555784	8	narratives	06	007	SlumlordRecall	
subcortex_THA	24.652733882123705	14	narratives	06	007	SlumlordRecall	
cerebellum	27.146465898449744	88	narratives	06	007	SlumlordRecency	
cortex_Cont	30.429059773049172	128	narratives	06	007	SlumlordRecency	
cortex_Default	30.515792854475336	209	narratives	06	007	SlumlordRecency	
cortex_DorsAttn	32.13656708263089	122	narratives	06	007	SlumlordRecency	
cortex_Limbic	15.559017404979468	60	narratives	06	007	SlumlordRecency	
cortex_SalVentAttn	31.624690528056334	121	narratives	06	007	SlumlordRecency	
cortex_SomMot	29.395745883860442	194	narratives	06	007	SlumlordRecency	
cortex_Vis	26.933795431448726	162	narratives	06	007	SlumlordRecency	
subcortex_CAU	26.609104595615804	8	narratives	06	007	SlumlordRecency	
subcortex_PUT	27.139906316170148	8	narratives	06	007	SlumlordRecency	
subcortex_THA	25.590693640804766	14	narratives	06	007	SlumlordRecency	
cerebellum	32.600297073379174	88	narratives	06	007	SlumlordStory	
cortex_Cont	36.67816099503536	128	narratives	06	007	SlumlordStory	
cortex_Default	36.43862288298843	209	narratives	06	007	SlumlordStory	
cortex_DorsAttn	42.440528504377085	122	narratives	06	007	SlumlordStory	
cortex_Limbic	17.227396639272566	60	narratives	06	007	SlumlordStory	
cortex_SalVentAttn	37.7709710318693	121	narratives	06	007	SlumlordStory	
cortex_SomMot	38.031588335187976	194	narratives	06	007	SlumlordStory	
cortex_Vis	34.15257157211957	162	narratives	06	007	SlumlordStory	
subcortex_CAU	27.789850215598396	8	narratives	06	007	SlumlordStory	
subcortex_PUT	28.246152780638706	8	narratives	06	007	SlumlordStory	
subcortex_THA	28.259209285926083	14	narratives	06	007	SlumlordStory	
cerebellum	34.4553968027914	88	narratives	06	008	PrettymouthRecency	
cortex_Cont	42.73543577768773	128	narratives	06	008	PrettymouthRecency	
cortex_Default	40.845451195496636	209	narratives	06	008	PrettymouthRecency	
cortex_DorsAttn	46.06875973969038	122	narratives	06	008	PrettymouthRecency	
cortex_Limbic	19.10903767919388	60	narratives	06	008	PrettymouthRecency	
cortex_SalVentAttn	41.42037156526412	121	narratives	06	008	PrettymouthRecency	
cortex_SomMot	41.44073824133174	194	narratives	06	008	PrettymouthRecency	
cortex_Vis	37.407117876962545	162	narratives	06	008	PrettymouthRecency	
subcortex_CAU	29.635666252565187	8	narratives	06	008	PrettymouthRecency	
subcortex_PUT	28.967997545381973	8	narratives	06	008	PrettymouthRecency	
subcortex_THA	28.647100448696428	14	narratives	06	008	PrettymouthRecency	
cerebellum	34.07297739441921	88	narratives	06	008	PrettymouthStory	
cortex_Cont	40.49647680225702	128	narratives	06	008	PrettymouthStory	
cortex_Default	39.2725157746483	209	narratives	06	008	PrettymouthStory	
cortex_DorsAttn	44.868154855327546	122	narratives	06	008	PrettymouthStory	
cortex_Limbic	17.95450069321966	60	narratives	06	008	PrettymouthStory	
cortex_SalVentAttn	40.987328754600895	121	narratives	06	008	PrettymouthStory	
cortex_SomMot	41.930558028168164	194	narratives	06	008	PrettymouthStory	
cortex_Vis	34.7899227086318	162	narratives	06	008	PrettymouthStory	
subcortex_CAU	29.35808363166932	8	narratives	06	008	PrettymouthStory	
subcortex_PUT	29.02582127884806	8	narratives	06	008	PrettymouthStory	
subcortex_THA	28.855584128816684	14	narratives	06	008	PrettymouthStory	
cerebellum	33.82810712238486	88	narratives	06	008	TunnelRecency	
cortex_Cont	42.568276179063645	128	narratives	06	008	TunnelRecency	
cortex_Default	40.82915524339516	209	narratives	06	008	TunnelRecency	
cortex_DorsAttn	45.03426926402475	122	narratives	06	008	TunnelRecency	
cortex_Limbic	19.365640040745692	60	narratives	06	008	TunnelRecency	
cortex_SalVentAttn	41.01555839806101	121	narratives	06	008	TunnelRecency	
cortex_SomMot	41.64941661190157	194	narratives	06	008	TunnelRecency	
cortex_Vis	35.56426484514983	162	narratives	06	008	TunnelRecency	
subcortex_CAU	30.162936358138005	8	narratives	06	008	TunnelRecency	
subcortex_PUT	28.576467952971754	8	narratives	06	008	TunnelRecency	
subcortex_THA	28.703440987234945	14	narratives	06	008	TunnelRecency	
cerebellum	26.336275892871356	88	narratives	06	008	Tunnelpart1Recall	
cortex_Cont	30.113580564342307	128	narratives	06	008	Tunnelpart1Recall	
cortex_Default	29.906364591155967	209	narratives	06	008	Tunnelpart1Recall	
cortex_DorsAttn	33.13484191840324	122	narratives	06	008	Tunnelpart1Recall	
cortex_Limbic	14.37108521681427	60	narratives	06	008	Tunnelpart1Recall	
cortex_SalVentAttn	31.624632535250637	121	narratives	06	008	Tunnelpart1Recall	
cortex_SomMot	30.428788796147042	194	narratives	06	008	Tunnelpart1Recall	
cortex_Vis	26.955197324885997	162	narratives	06	008	Tunnelpart1Recall	
subcortex_CAU	25.112118401834795	8	narratives	06	008	Tunnelpart1Recall	
subcortex_PUT	25.85339176386337	8	narratives	06	008	Tunnelpart1Recall	
subcortex_THA	25.640428072734714	14	narratives	06	008	Tunnelpart1Recall	
cerebellum	28.376689016262105	88	narratives	06	008	Tunnelpart2Recall	
cortex_Cont	30.665304333248933	128	narratives	06	008	Tunnelpart2Recall	
cortex_Default	30.849478312465482	209	narratives	06	008	Tunnelpart2Recall	
cortex_DorsAttn	34.91942230865646	122	narratives	06	008	Tunnelpart2Recall	
cortex_Limbic	14.655633649542564	60	narratives	06	008	Tunnelpart2Recall	
cortex_SalVentAttn	32.3632463069845	121	narratives	06	008	Tunnelpart2Recall	
cortex_SomMot	31.177960875335742	194	narratives	06	008	Tunnelpart2Recall	
cortex_Vis	28.979118238159725	162	narratives	06	008	Tunnelpart2Recall	
subcortex_CAU	24.363377537008425	8	narratives	06	008	Tunnelpart2Recall	
subcortex_PUT	25.55302676516301	8	narratives	06	008	Tunnelpart2Recall	
subcortex_THA	25.95674847000783	14	narratives	06	008	Tunnelpart2Recall	
cerebellum	25.756637828330113	88	narratives	06	008	Tunnelpart2Story	
cortex_Cont	30.129546370630184	128	narratives	06	008	Tunnelpart2Story	
cortex_Default	30.193626108850797	209	narratives	06	008	Tunnelpart2Story	
cortex_DorsAttn	32.998331264972585	122	narratives	06	008	Tunnelpart2Story	
cortex_Limbic	14.726756944852376	60	narratives	06	008	Tunnelpart2Story	
cortex_SalVentAttn	32.352925770624715	121	narratives	06	008	Tunnelpart2Story	
cortex_SomMot	30.48942986895467	194	narratives	06	008	Tunnelpart2Story	
cortex_Vis	26.045579751520805	162	narratives	06	008	Tunnelpart2Story	
subcortex_CAU	26.105414330202652	8	narratives	06	008	Tunnelpart2Story	
subcortex_PUT	26.390534087677917	8	narratives	06	008	Tunnelpart2Story	
subcortex_THA	26.51607411507369	14	narratives	06	008	Tunnelpart2Story	
cerebellum	26.359634671362198	88	narratives	06	009	PiemanRecall	
cortex_Cont	31.57986844294581	128	narratives	06	009	PiemanRecall	
cortex_Default	31.030388005536192	209	narratives	06	009	PiemanRecall	
cortex_DorsAttn	35.27821013704649	122	narratives	06	009	PiemanRecall	
cortex_Limbic	14.35459008715967	60	narratives	06	009	PiemanRecall	
cortex_SalVentAttn	33.14800486207081	121	narratives	06	009	PiemanRecall	
cortex_SomMot	32.75113285189022	194	narratives	06	009	PiemanRecall	
cortex_Vis	27.418368098566503	162	narratives	06	009	PiemanRecall	
subcortex_CAU	25.548670243537504	8	narratives	06	009	PiemanRecall	
subcortex_PUT	26.234493066083875	8	narratives	06	009	PiemanRecall	
subcortex_THA	25.92302350233503	14	narratives	06	009	PiemanRecall	
cerebellum	34.048302971895495	88	narratives	06	009	PiemanRecency	
cortex_Cont	43.88831775109955	128	narratives	06	009	PiemanRecency	
cortex_Default	41.397817732560014	209	narratives	06	009	PiemanRecency	
cortex_DorsAttn	47.50985357165576	122	narratives	06	009	PiemanRecency	
cortex_Limbic	19.149274462639926	60	narratives	06	009	PiemanRecency	
cortex_SalVentAttn	42.1412631283837	121	narratives	06	009	PiemanRecency	
cortex_SomMot	43.1631369525903	194	narratives	06	009	PiemanRecency	
cortex_Vis	36.4557263260834	162	narratives	06	009	PiemanRecency	
subcortex_CAU	29.91229731306834	8	narratives	06	009	PiemanRecency	
subcortex_PUT	29.00015424724127	8	narratives	06	009	PiemanRecency	
subcortex_THA	28.258637891114347	14	narratives	06	009	PiemanRecency	
cerebellum	26.882873812643137	88	narratives	06	009	SlumlordRecency	
cortex_Cont	36.2115589043481	128	narratives	06	009	SlumlordRecency	
cortex_Default	34.54734519129387	209	narratives	06	009	SlumlordRecency	
cortex_DorsAttn	38.11563466753884	122	narratives	06	009	SlumlordRecency	
cortex_Limbic	16.026129809110238	60	narratives	06	009	SlumlordRecency	
cortex_SalVentAttn	36.50609807566435	121	narratives	06	009	SlumlordRecency	
cortex_SomMot	35.90029178852801	194	narratives	06	009	SlumlordRecency	
cortex_Vis	28.741158712566058	162	narratives	06	009	SlumlordRecency	
subcortex_CAU	28.080144737374262	8	narratives	06	009	SlumlordRecency	
subcortex_PUT	27.89348572587704	8	narratives	06	009	SlumlordRecency	
subcortex_THA	26.68067573729586	14	narratives	06	009	SlumlordRecency	
cerebellum	29.166401910694045	88	narratives	06	009	SlumlordStory	
cortex_Cont	35.85400149244976	128	narratives	06	009	SlumlordStory	
cortex_Default	35.05849726938304	209	narratives	06	009	SlumlordStory	
cortex_DorsAttn	37.230091468940415	122	narratives	06	009	SlumlordStory	
cortex_Limbic	16.79760927830099	60	narratives	06	009	SlumlordStory	
cortex_SalVentAttn	36.504974499129624	121	narratives	06	009	SlumlordStory	
cortex_SomMot	35.05938000452642	194	narratives	06	009	SlumlordStory	
cortex_Vis	29.252745282470844	162	narratives	06	009	SlumlordStory	
subcortex_CAU	28.47620054402104	8	narratives	06	009	SlumlordStory	
subcortex_PUT	28.710540076846527	8	narratives	06	009	SlumlordStory	
subcortex_THA	27.456419002679876	14	narratives	06	009	SlumlordStory	
cerebellum	30.607118902122455	88	narratives	06	010	PrettymouthRecall	
cortex_Cont	36.655420141066884	128	narratives	06	010	PrettymouthRecall	
cortex_Default	35.78480972391369	209	narratives	06	010	PrettymouthRecall	
cortex_DorsAttn	40.979262676303584	122	narratives	06	010	PrettymouthRecall	
cortex_Limbic	16.12449029378972	60	narratives	06	010	PrettymouthRecall	
cortex_SalVentAttn	37.36157261884075	121	narratives	06	010	PrettymouthRecall	
cortex_SomMot	36.682997122161225	194	narratives	06	010	PrettymouthRecall	
cortex_Vis	33.34157237082876	162	narratives	06	010	PrettymouthRecall	
subcortex_CAU	27.21459977043699	8	narratives	06	010	PrettymouthRecall	
subcortex_PUT	27.75617252520552	8	narratives	06	010	PrettymouthRecall	
subcortex_THA	27.63366881805075	14	narratives	06	010	PrettymouthRecall	
cerebellum	31.008844763160266	88	narratives	06	010	PrettymouthRecency	
cortex_Cont	39.829383569403014	128	narratives	06	010	PrettymouthRecency	
cortex_Default	38.46137072762529	209	narratives	06	010	PrettymouthRecency	
cortex_DorsAttn	41.74904667757868	122	narratives	06	010	PrettymouthRecency	
cortex_Limbic	17.68074072653304	60	narratives	06	010	PrettymouthRecency	
cortex_SalVentAttn	39.91692664787432	121	narratives	06	010	PrettymouthRecency	
cortex_SomMot	39.12522664835324	194	narratives	06	010	PrettymouthRecency	
cortex_Vis	32.81854047536189	162	narratives	06	010	PrettymouthRecency	
subcortex_CAU	28.359646966797747	8	narratives	06	010	PrettymouthRecency	
subcortex_PUT	28.522810776298982	8	narratives	06	010	PrettymouthRecency	
subcortex_THA	27.783280207879436	14	narratives	06	010	PrettymouthRecency	
cerebellum	31.250813484870175	88	narratives	06	010	PrettymouthStory	
cortex_Cont	35.32321365050819	128	narratives	06	010	PrettymouthStory	
cortex_Default	35.120924602347635	209	narratives	06	010	PrettymouthStory	
cortex_DorsAttn	40.4347743368404	122	narratives	06	010	PrettymouthStory	
cortex_Limbic	16.2527425456636	60	narratives	06	010	PrettymouthStory	
cortex_SalVentAttn	36.459563718239764	121	narratives	06	010	PrettymouthStory	
cortex_SomMot	35.876661828383924	194	narratives	06	010	PrettymouthStory	
cortex_Vis	32.86484791029074	162	narratives	06	010	PrettymouthStory	
subcortex_CAU	27.176265902529714	8	narratives	06	010	PrettymouthStory	
subcortex_PUT	27.80761311335476	8	narratives	06	010	PrettymouthStory	
subcortex_THA	27.328825810257175	14	narratives	06	010	PrettymouthStory	
cerebellum	32.81757212237327	88	narratives	06	010	TunnelRecency	
cortex_Cont	41.92997918143476	128	narratives	06	010	TunnelRecency	
cortex_Default	39.89755811867178	209	narratives	06	010	TunnelRecency	
cortex_DorsAttn	45.43510278404775	122	narratives	06	010	TunnelRecency	
cortex_Limbic	18.21832093808148	60	narratives	06	010	TunnelRecency	
cortex_SalVentAttn	40.70886846225008	121	narratives	06	010	TunnelRecency	
cortex_SomMot	41.253408974623824	194	narratives	06	010	TunnelRecency	
cortex_Vis	35.2283889957293	162	narratives	06	010	TunnelRecency	
subcortex_CAU	28.486301251780613	8	narratives	06	010	TunnelRecency	
subcortex_PUT	28.17073223648651	8	narratives	06	010	TunnelRecency	
subcortex_THA	27.6876625862302	14	narratives	06	010	TunnelRecency	
cerebellum	26.20603383468946	88	narratives	06	010	Tunnelpart1Recall	
cortex_Cont	32.839225441143206	128	narratives	06	010	Tunnelpart1Recall	
cortex_Default	32.268422782534536	209	narratives	06	010	Tunnelpart1Recall	
cortex_DorsAttn	35.30132213679108	122	narratives	06	010	Tunnelpart1Recall	
cortex_Limbic	14.584594501467764	60	narratives	06	010	Tunnelpart1Recall	
cortex_SalVentAttn	34.90220144076082	121	narratives	06	010	Tunnelpart1Recall	
cortex_SomMot	33.74448680247205	194	narratives	06	010	Tunnelpart1Recall	
cortex_Vis	27.50611771323525	162	narratives	06	010	Tunnelpart1Recall	
subcortex_CAU	26.6590064444201	8	narratives	06	010	Tunnelpart1Recall	
subcortex_PUT	26.86301745033729	8	narratives	06	010	Tunnelpart1Recall	
subcortex_THA	27.112160138676707	14	narratives	06	010	Tunnelpart1Recall	
cerebellum	27.39600441079543	88	narratives	06	010	Tunnelpart1Story	
cortex_Cont	33.3757220563375	128	narratives	06	010	Tunnelpart1Story	
cortex_Default	33.000165466993124	209	narratives	06	010	Tunnelpart1Story	
cortex_DorsAttn	36.44979998908451	122	narratives	06	010	Tunnelpart1Story	
cortex_Limbic	15.05320578956456	60	narratives	06	010	Tunnelpart1Story	
cortex_SalVentAttn	34.82610183399072	121	narratives	06	010	Tunnelpart1Story	
cortex_SomMot	33.34465904505099	194	narratives	06	010	Tunnelpart1Story	
cortex_Vis	28.883125882403206	162	narratives	06	010	Tunnelpart1Story	
subcortex_CAU	26.473890065781525	8	narratives	06	010	Tunnelpart1Story	
subcortex_PUT	27.21303044950695	8	narratives	06	010	Tunnelpart1Story	
subcortex_THA	26.72846773895901	14	narratives	06	010	Tunnelpart1Story	
cerebellum	24.937019051342794	88	narratives	06	010	Tunnelpart2Recall	
cortex_Cont	31.188155178742324	128	narratives	06	010	Tunnelpart2Recall	
cortex_Default	30.941639100902123	209	narratives	06	010	Tunnelpart2Recall	
cortex_DorsAttn	33.76589989524425	122	narratives	06	010	Tunnelpart2Recall	
cortex_Limbic	14.166458589258793	60	narratives	06	010	Tunnelpart2Recall	
cortex_SalVentAttn	33.17191849294555	121	narratives	06	010	Tunnelpart2Recall	
cortex_SomMot	31.626999193144762	194	narratives	06	010	Tunnelpart2Recall	
cortex_Vis	25.841300211157172	162	narratives	06	010	Tunnelpart2Recall	
subcortex_CAU	25.093052941492246	8	narratives	06	010	Tunnelpart2Recall	
subcortex_PUT	26.080778008755047	8	narratives	06	010	Tunnelpart2Recall	
subcortex_THA	26.316024413685756	14	narratives	06	010	Tunnelpart2Recall	
cerebellum	23.088481681683053	88	narratives	06	010	Tunnelpart2Story	
cortex_Cont	29.42973949240116	128	narratives	06	010	Tunnelpart2Story	
cortex_Default	29.24075354850576	209	narratives	06	010	Tunnelpart2Story	
cortex_DorsAttn	31.79627779496326	122	narratives	06	010	Tunnelpart2Story	
cortex_Limbic	13.092437644785461	60	narratives	06	010	Tunnelpart2Story	
cortex_SalVentAttn	31.402960525336372	121	narratives	06	010	Tunnelpart2Story	
cortex_SomMot	29.08088940597236	194	narratives	06	010	Tunnelpart2Story	
cortex_Vis	25.275629736945664	162	narratives	06	010	Tunnelpart2Story	
subcortex_CAU	24.723298477377295	8	narratives	06	010	Tunnelpart2Story	
subcortex_PUT	25.8562410956735	8	narratives	06	010	Tunnelpart2Story	
subcortex_THA	25.604431444658044	14	narratives	06	010	Tunnelpart2Story	
cerebellum	26.936057469000197	88	narratives	06	011	PiemanRecall	
cortex_Cont	31.96309234331426	128	narratives	06	011	PiemanRecall	
cortex_Default	31.547068714791035	209	narratives	06	011	PiemanRecall	
cortex_DorsAttn	35.32050000894385	122	narratives	06	011	PiemanRecall	
cortex_Limbic	14.297091576091203	60	narratives	06	011	PiemanRecall	
cortex_SalVentAttn	33.46834280178671	121	narratives	06	011	PiemanRecall	
cortex_SomMot	32.44752857788865	194	narratives	06	011	PiemanRecall	
cortex_Vis	28.368566067178058	162	narratives	06	011	PiemanRecall	
subcortex_CAU	26.813883910871056	8	narratives	06	011	PiemanRecall	
subcortex_PUT	26.84346724754488	8	narratives	06	011	PiemanRecall	
subcortex_THA	27.003527093810156	14	narratives	06	011	PiemanRecall	
cerebellum	34.0251475933452	88	narratives	06	011	PiemanRecency	
cortex_Cont	42.17292446439794	128	narratives	06	011	PiemanRecency	
cortex_Default	40.48908127366087	209	narratives	06	011	PiemanRecency	
cortex_DorsAttn	45.10303656728104	122	narratives	06	011	PiemanRecency	
cortex_Limbic	18.973568688123425	60	narratives	06	011	PiemanRecency	
cortex_SalVentAttn	41.47589736660364	121	narratives	06	011	PiemanRecency	
cortex_SomMot	41.350790598306475	194	narratives	06	011	PiemanRecency	
cortex_Vis	36.054565707991806	162	narratives	06	011	PiemanRecency	
subcortex_CAU	29.094947615261248	8	narratives	06	011	PiemanRecency	
subcortex_PUT	28.994235882427798	8	narratives	06	011	PiemanRecency	
subcortex_THA	28.679346376363494	14	narratives	06	011	PiemanRecency	
cerebellum	32.07214222220043	88	narratives	06	011	PiemanStory	
cortex_Cont	37.82911919250428	128	narratives	06	011	PiemanStory	
cortex_Default	37.037112108082646	209	narratives	06	011	PiemanStory	
cortex_DorsAttn	40.71075085920199	122	narratives	06	011	PiemanStory	
cortex_Limbic	18.007144539429465	60	narratives	06	011	PiemanStory	
cortex_SalVentAttn	38.01115817126328	121	narratives	06	011	PiemanStory	
cortex_SomMot	36.929352064642984	194	narratives	06	011	PiemanStory	
cortex_Vis	33.18194582691544	162	narratives	06	011	PiemanStory	
subcortex_CAU	28.23765127371557	8	narratives	06	011	PiemanStory	
subcortex_PUT	28.089352059303508	8	narratives	06	011	PiemanStory	
subcortex_THA	28.006236956759786	14	narratives	06	011	PiemanStory	
cerebellum	26.704175603351345	88	narratives	06	011	SlumlordRecall	
cortex_Cont	30.95404284913368	128	narratives	06	011	SlumlordRecall	
cortex_Default	30.823976575713093	209	narratives	06	011	SlumlordRecall	
cortex_DorsAttn	34.531004917332986	122	narratives	06	011	SlumlordRecall	
cortex_Limbic	14.605168076457552	60	narratives	06	011	SlumlordRecall	
cortex_SalVentAttn	32.88118126481712	121	narratives	06	011	SlumlordRecall	
cortex_SomMot	31.588838685449275	194	narratives	06	011	SlumlordRecall	
cortex_Vis	27.972234634010196	162	narratives	06	011	SlumlordRecall	
subcortex_CAU	25.405346757552515	8	narratives	06	011	SlumlordRecall	
subcortex_PUT	26.79452328382702	8	narratives	06	011	SlumlordRecall	
subcortex_THA	26.923832407038017	14	narratives	06	011	SlumlordRecall	
cerebellum	31.240542490733116	88	narratives	06	011	SlumlordRecency	
cortex_Cont	38.46449611645428	128	narratives	06	011	SlumlordRecency	
cortex_Default	37.398420419833286	209	narratives	06	011	SlumlordRecency	
cortex_DorsAttn	40.86248693528036	122	narratives	06	011	SlumlordRecency	
cortex_Limbic	17.993079369708994	60	narratives	06	011	SlumlordRecency	
cortex_SalVentAttn	38.21946107139925	121	narratives	06	011	SlumlordRecency	
cortex_SomMot	36.775212138180045	194	narratives	06	011	SlumlordRecency	
cortex_Vis	32.89529608596633	162	narratives	06	011	SlumlordRecency	
subcortex_CAU	28.331196008874947	8	narratives	06	011	SlumlordRecency	
subcortex_PUT	28.396978008550143	8	narratives	06	011	SlumlordRecency	
subcortex_THA	27.311704173062548	14	narratives	06	011	SlumlordRecency	
cerebellum	30.752444887409215	88	narratives	06	011	SlumlordStory	
cortex_Cont	35.325373467314286	128	narratives	06	011	SlumlordStory	
cortex_Default	34.60231380676337	209	narratives	06	011	SlumlordStory	
cortex_DorsAttn	38.86853234968639	122	narratives	06	011	SlumlordStory	
cortex_Limbic	16.333689826329767	60	narratives	06	011	SlumlordStory	
cortex_SalVentAttn	36.31754336700753	121	narratives	06	011	SlumlordStory	
cortex_SomMot	35.33656214292925	194	narratives	06	011	SlumlordStory	
cortex_Vis	31.765494823472697	162	narratives	06	011	SlumlordStory	
subcortex_CAU	27.40802595150331	8	narratives	06	011	SlumlordStory	
subcortex_PUT	28.16851178022285	8	narratives	06	011	SlumlordStory	
subcortex_THA	27.787282699284436	14	narratives	06	011	SlumlordStory	
cerebellum	29.187243988891996	88	narratives	06	012	PrettymouthRecall	
cortex_Cont	36.582873569708475	128	narratives	06	012	PrettymouthRecall	
cortex_Default	35.1218488383016	209	narratives	06	012	PrettymouthRecall	
cortex_DorsAttn	40.21226041004454	122	narratives	06	012	PrettymouthRecall	
cortex_Limbic	15.742313249520404	60	narratives	06	012	PrettymouthRecall	
cortex_SalVentAttn	37.2898475833119	121	narratives	06	012	PrettymouthRecall	
cortex_SomMot	37.402606510163864	194	narratives	06	012	PrettymouthRecall	
cortex_Vis	30.8272790429243	162	narratives	06	012	PrettymouthRecall	
subcortex_CAU	27.503959002513316	8	narratives	06	012	PrettymouthRecall	
subcortex_PUT	27.341059711428294	8	narratives	06	012	PrettymouthRecall	
subcortex_THA	27.478352239529947	14	narratives	06	012	PrettymouthRecall	
cerebellum	33.153248269125676	88	narratives	06	012	PrettymouthRecency	
cortex_Cont	40.35334062574736	128	narratives	06	012	PrettymouthRecency	
cortex_Default	38.97292268675859	209	narratives	06	012	PrettymouthRecency	
cortex_DorsAttn	43.688913868753446	122	narratives	06	012	PrettymouthRecency	
cortex_Limbic	17.460307561311247	60	narratives	06	012	PrettymouthRecency	
cortex_SalVentAttn	39.84650838073703	121	narratives	06	012	PrettymouthRecency	
cortex_SomMot	40.041074253616664	194	narratives	06	012	PrettymouthRecency	
cortex_Vis	34.79623990889147	162	narratives	06	012	PrettymouthRecency	
subcortex_CAU	28.374769819811785	8	narratives	06	012	PrettymouthRecency	
subcortex_PUT	27.994793784857606	8	narratives	06	012	PrettymouthRecency	
subcortex_THA	27.737734093608573	14	narratives	06	012	PrettymouthRecency	
cerebellum	30.805176088539202	88	narratives	06	012	PrettymouthStory	
cortex_Cont	38.130715055548364	128	narratives	06	012	PrettymouthStory	
cortex_Default	36.992775242340194	209	narratives	06	012	PrettymouthStory	
cortex_DorsAttn	40.79914058249707	122	narratives	06	012	PrettymouthStory	
cortex_Limbic	17.49441581571852	60	narratives	06	012	PrettymouthStory	
cortex_SalVentAttn	38.56244402609352	121	narratives	06	012	PrettymouthStory	
cortex_SomMot	37.84300178505042	194	narratives	06	012	PrettymouthStory	
cortex_Vis	31.85610891354316	162	narratives	06	012	PrettymouthStory	
subcortex_CAU	28.450817740372415	8	narratives	06	012	PrettymouthStory	
subcortex_PUT	28.181266242525197	8	narratives	06	012	PrettymouthStory	
subcortex_THA	27.64879069175017	14	narratives	06	012	PrettymouthStory	
cerebellum	27.674052747778852	88	narratives	06	012	Tunnelpart1Recall	
cortex_Cont	33.47075947693504	128	narratives	06	012	Tunnelpart1Recall	
cortex_Default	32.58969966777923	209	narratives	06	012	Tunnelpart1Recall	
cortex_DorsAttn	37.05303705354333	122	narratives	06	012	Tunnelpart1Recall	
cortex_Limbic	14.636999587790017	60	narratives	06	012	Tunnelpart1Recall	
cortex_SalVentAttn	34.85012117179907	121	narratives	06	012	Tunnelpart1Recall	
cortex_SomMot	34.279073555300904	194	narratives	06	012	Tunnelpart1Recall	
cortex_Vis	29.08888215418899	162	narratives	06	012	Tunnelpart1Recall	
subcortex_CAU	26.567151041634517	8	narratives	06	012	Tunnelpart1Recall	
subcortex_PUT	26.704767869653146	8	narratives	06	012	Tunnelpart1Recall	
subcortex_THA	26.709227725206727	14	narratives	06	012	Tunnelpart1Recall	
cerebellum	26.99367259886078	88	narratives	06	012	Tunnelpart1Story	
cortex_Cont	32.43695852958428	128	narratives	06	012	Tunnelpart1Story	
cortex_Default	32.08268773364122	209	narratives	06	012	Tunnelpart1Story	
cortex_DorsAttn	35.04205302478013	122	narratives	06	012	Tunnelpart1Story	
cortex_Limbic	15.716866555054606	60	narratives	06	012	Tunnelpart1Story	
cortex_SalVentAttn	33.85794736305346	121	narratives	06	012	Tunnelpart1Story	
cortex_SomMot	31.875941827678723	194	narratives	06	012	Tunnelpart1Story	
cortex_Vis	28.31206576160311	162	narratives	06	012	Tunnelpart1Story	
subcortex_CAU	28.952904819580045	8	narratives	06	012	Tunnelpart1Story	
subcortex_PUT	27.772316958033883	8	narratives	06	012	Tunnelpart1Story	
subcortex_THA	27.007697546314212	14	narratives	06	012	Tunnelpart1Story	
cerebellum	30.891876789570507	88	narratives	06	012	Tunnelpart2Recall	
cortex_Cont	34.22015651524803	128	narratives	06	012	Tunnelpart2Recall	
cortex_Default	33.50118278227729	209	narratives	06	012	Tunnelpart2Recall	
cortex_DorsAttn	38.74895069477533	122	narratives	06	012	Tunnelpart2Recall	
cortex_Limbic	15.25771010685882	60	narratives	06	012	Tunnelpart2Recall	
cortex_SalVentAttn	35.73996344343307	121	narratives	06	012	Tunnelpart2Recall	
cortex_SomMot	35.1710398456026	194	narratives	06	012	Tunnelpart2Recall	
cortex_Vis	32.28126544258314	162	narratives	06	012	Tunnelpart2Recall	
subcortex_CAU	25.949212567644174	8	narratives	06	012	Tunnelpart2Recall	
subcortex_PUT	26.519748169150095	8	narratives	06	012	Tunnelpart2Recall	
subcortex_THA	26.86916696401935	14	narratives	06	012	Tunnelpart2Recall	
cerebellum	24.495819616135694	88	narratives	06	012	Tunnelpart2Story	
cortex_Cont	29.039162167370673	128	narratives	06	012	Tunnelpart2Story	
cortex_Default	28.956604633777484	209	narratives	06	012	Tunnelpart2Story	
cortex_DorsAttn	32.46550990509973	122	narratives	06	012	Tunnelpart2Story	
cortex_Limbic	13.27820796065829	60	narratives	06	012	Tunnelpart2Story	
cortex_SalVentAttn	30.467675949174623	121	narratives	06	012	Tunnelpart2Story	
cortex_SomMot	28.5759608807727	194	narratives	06	012	Tunnelpart2Story	
cortex_Vis	26.022544380240117	162	narratives	06	012	Tunnelpart2Story	
subcortex_CAU	24.657648581278412	8	narratives	06	012	Tunnelpart2Story	
subcortex_PUT	25.539472681855038	8	narratives	06	012	Tunnelpart2Story	
subcortex_THA	25.500498752012454	14	narratives	06	012	Tunnelpart2Story	
