group	tsnr_mean	n_parcels	dataset	subject	session	task	run
cerebellum	31.10567035475675	88	things	01	01	things	1
cortex_Cont	42.08310874535054	128	things	01	01	things	1
cortex_Default	40.777260312989526	209	things	01	01	things	1
cortex_DorsAttn	45.61471230057228	122	things	01	01	things	1
cortex_Limbic	17.384251999827622	60	things	01	01	things	1
cortex_SalVentAttn	43.220645248345484	121	things	01	01	things	1
cortex_SomMot	44.49078969614786	194	things	01	01	things	1
cortex_Vis	36.757680646462326	162	things	01	01	things	1
subcortex_CAU	26.605323099661558	8	things	01	01	things	1
subcortex_PUT	27.060737358435524	8	things	01	01	things	1
subcortex_THA	27.437525451156606	14	things	01	01	things	1
cerebellum	32.89646026026063	88	things	01	01	things	2
cortex_Cont	43.35138315509463	128	things	01	01	things	2
cortex_Default	41.729065220250114	209	things	01	01	things	2
cortex_DorsAttn	47.59203967883246	122	things	01	01	things	2
cortex_Limbic	17.17821805504362	60	things	01	01	things	2
cortex_SalVentAttn	43.39617029448411	121	things	01	01	things	2
cortex_SomMot	44.37016331552193	194	things	01	01	things	2
cortex_Vis	38.192956291785386	162	things	01	01	things	2
subcortex_CAU	26.2403241970472	8	things	01	01	things	2
subcortex_PUT	27.100851946330845	8	things	01	01	things	2
subcortex_THA	27.137260861517213	14	things	01	01	things	2
cerebellum	34.91867413197173	88	things	01	01	things	3
cortex_Cont	44.20577115026574	128	things	01	01	things	3
cortex_Default	42.18472787418038	209	things	01	01	things	3
cortex_DorsAttn	49.51139686918478	122	things	01	01	things	3
cortex_Limbic	17.246369421757358	60	things	01	01	things	3
cortex_SalVentAttn	44.258102850191776	121	things	01	01	things	3
cortex_SomMot	45.18452260453106	194	things	01	01	things	3
cortex_Vis	40.21322251342147	162	things	01	01	things	3
subcortex_CAU	26.135237074984797	8	things	01	01	things	3
subcortex_PUT	26.135618402945106	8	things	01	01	things	3
subcortex_THA	27.305401856971653	14	things	01	01	things	3
cerebellum	32.49485911045587	88	things	01	02	things	1
cortex_Cont	45.27195979688244	128	things	01	02	things	1
cortex_Default	43.13727399655347	209	things	01	02	things	1
cortex_DorsAttn	48.517226916656384	122	things	01	02	things	1
cortex_Limbic	17.610906561515733	60	things	01	02	things	1
cortex_SalVentAttn	44.44125501575892	121	things	01	02	things	1
cortex_SomMot	46.22319632473113	194	things	01	02	things	1
cortex_Vis	39.977440666466094	162	things	01	02	things	1
subcortex_CAU	27.530821709005373	8	things	01	02	things	1
subcortex_PUT	28.1374713128611	8	things	01	02	things	1
subcortex_THA	27.825274376911995	14	things	01	02	things	1
cerebellum	35.4281832309323	88	things	01	02	things	2
cortex_Cont	49.0860928169488	128	things	01	02	things	2
cortex_Default	45.681705186378444	209	things	01	02	things	2
cortex_DorsAttn	52.65296511664502	122	things	01	02	things	2
cortex_Limbic	18.590899011601913	60	things	01	02	things	2
cortex_SalVentAttn	47.18704175631751	121	things	01	02	things	2
cortex_SomMot	49.35613478785488	194	things	01	02	things	2
cortex_Vis	42.81652479868373	162	things	01	02	things	2
subcortex_CAU	27.646753914709514	8	things	01	02	things	2
subcortex_PUT	28.187359689676896	8	things	01	02	things	2
subcortex_THA	28.078972732664717	14	things	01	02	things	2
cerebellum	36.54698060146682	88	things	01	02	things	3
cortex_Cont	50.00272965884393	128	things	01	02	things	3
cortex_Default	46.73814151078339	209	things	01	02	things	3
cortex_DorsAttn	53.6262219167158	122	things	01	02	things	3
cortex_Limbic	18.346487805082607	60	things	01	02	things	3
cortex_SalVentAttn	48.78420809759909	121	things	01	02	things	3
cortex_SomMot	50.734355780499016	194	things	01	02	things	3
cortex_Vis	42.38736806906104	162	things	01	02	things	3
subcortex_CAU	29.00873753581685	8	things	01	02	things	3
subcortex_PUT	27.885019355945083	8	things	01	02	things	3
subcortex_THA	28.331098589711594	14	things	01	02	things	3
cerebellum	35.288257282240686	88	things	01	02	things	4
cortex_Cont	49.17335482457755	128	things	01	02	things	4
cortex_Default	45.63946954652755	209	things	01	02	things	4
cortex_DorsAttn	53.18853887975946	122	things	01	02	things	4
cortex_Limbic	18.138621863868778	60	things	01	02	things	4
cortex_SalVentAttn	47.28031530651775	121	things	01	02	things	4
cortex_SomMot	48.96983708495889	194	things	01	02	things	4
cortex_Vis	42.31596270474351	162	things	01	02	things	4
subcortex_CAU	28.132752323828992	8	things	01	02	things	4
subcortex_PUT	27.824690855732303	8	things	01	02	things	4
subcortex_THA	28.069377221263228	14	things	01	02	things	4
cerebellum	34.29390416523143	88	things	01	02	things	5
cortex_Cont	44.58886799463815	128	things	01	02	things	5
cortex_Default	42.280957751616405	209	things	01	02	things	5
cortex_DorsAttn	49.76242698445424	122	things	01	02	things	5
cortex_Limbic	16.623537328777626	60	things	01	02	things	5
cortex_SalVentAttn	44.536022879561564	121	things	01	02	things	5
cortex_SomMot	45.91747513293768	194	things	01	02	things	5
cortex_Vis	39.561517093612665	162	things	01	02	things	5
subcortex_CAU	27.01884989091658	8	things	01	02	things	5
subcortex_PUT	27.470334436511756	8	things	01	02	things	5
subcortex_THA	27.773403882168623	14	things	01	02	things	5
cerebellum	36.236150577067725	88	things	01	02	things	6
cortex_Cont	50.401497575940645	128	things	01	02	things	6
cortex_Default	47.1479885165819	209	things	01	02	things	6
cortex_DorsAttn	53.72459935658785	122	things	01	02	things	6
cortex_Limbic	18.624734866850737	60	things	01	02	things	6
cortex_SalVentAttn	48.811443208715225	121	things	01	02	things	6
cortex_SomMot	50.57073773070767	194	things	01	02	things	6
cortex_Vis	42.53277968385416	162	things	01	02	things	6
subcortex_CAU	29.029607925519816	8	things	01	02	things	6
subcortex_PUT	28.54111238628252	8	things	01	02	things	6
subcortex_THA	28.247788788353414	14	things	01	02	things	6
cerebellum	27.492292929861527	88	things	01	03	things	1
cortex_Cont	42.161892070663356	128	things	01	03	things	1
cortex_Default	39.70980685322977	209	things	01	03	things	1
cortex_DorsAttn	43.10361864891481	122	things	01	03	things	1
cortex_Limbic	17.120338290514276	60	things	01	03	things	1
cortex_SalVentAttn	42.82630947668774	121	things	01	03	things	1
cortex_SomMot	42.95052902809362	194	things	01	03	things	1
cortex_Vis	33.70812989537891	162	things	01	03	things	1
subcortex_CAU	27.272473389854536	8	things	01	03	things	1
subcortex_PUT	28.401365086639096	8	things	01	03	things	1
subcortex_THA	27.750067018630123	14	things	01	03	things	1
cerebellum	32.6716088938758	88	things	01	03	things	2
cortex_Cont	46.97323578665485	128	things	01	03	things	2
cortex_Default	43.69749888435282	209	things	01	03	things	2
cortex_DorsAttn	50.58660111806841	122	things	01	03	things	2
cortex_Limbic	17.85317052870029	60	things	01	03	things	2
cortex_SalVentAttn	45.40478936019167	121	things	01	03	things	2
cortex_SomMot	46.17697819438671	194	things	01	03	things	2
cortex_Vis	40.46976359592889	162	things	01	03	things	2
subcortex_CAU	27.493648697231073	8	things	01	03	things	2
subcortex_PUT	28.34567407628259	8	things	01	03	things	2
subcortex_THA	28.2557438592527	14	things	01	03	things	2
cerebellum	29.713269787885885	88	things	01	03	things	3
cortex_Cont	43.924786366482365	128	things	01	03	things	3
cortex_Default	41.26080896428318	209	things	01	03	things	3
cortex_DorsAttn	45.87465903639338	122	things	01	03	things	3
cortex_Limbic	17.00983383194069	60	things	01	03	things	3
cortex_SalVentAttn	43.72012976698632	121	things	01	03	things	3
cortex_SomMot	44.293240534669636	194	things	01	03	things	3
cortex_Vis	35.7126153460617	162	things	01	03	things	3
subcortex_CAU	26.808516356938256	8	things	01	03	things	3
subcortex_PUT	28.46466963207665	8	things	01	03	things	3
subcortex_THA	27.903037411709686	14	things	01	03	things	3
cerebellum	27.366119545776325	88	things	01	03	things	4
cortex_Cont	37.80248992514431	128	things	01	03	things	4
cortex_Default	36.13126241301922	209	things	01	03	things	4
cortex_DorsAttn	40.90749433169033	122	things	01	03	things	4
cortex_Limbic	15.668295516713387	60	things	01	03	things	4
cortex_SalVentAttn	39.84689219123367	121	things	01	03	things	4
cortex_SomMot	38.5273055480522	194	things	01	03	things	4
cortex_Vis	33.4682268517833	162	things	01	03	things	4
subcortex_CAU	25.49672528177235	8	things	01	03	things	4
subcortex_PUT	26.688288072561168	8	things	01	03	things	4
subcortex_THA	27.473173440036582	14	things	01	03	things	4
cerebellum	28.5046795672513	88	things	01	03	things	5
cortex_Cont	40.38576107676909	128	things	01	03	things	5
cortex_Default	38.47666952195038	209	things	01	03	things	5
cortex_DorsAttn	42.02170430883726	122	things	01	03	things	5
cortex_Limbic	16.910488406134334	60	things	01	03	things	5
cortex_SalVentAttn	42.45720192367442	121	things	01	03	things	5
cortex_SomMot	41.29755218619905	194	things	01	03	things	5
cortex_Vis	34.06958808893434	162	things	01	03	things	5
subcortex_CAU	27.281119912014262	8	things	01	03	things	5
subcortex_PUT	27.313396344507268	8	things	01	03	things	5
subcortex_THA	27.53253276507603	14	things	01	03	things	5
cerebellum	24.178218882788155	88	things	01	03	things	6
cortex_Cont	35.719661990589074	128	things	01	03	things	6
cortex_Default	33.619527811026856	209	things	01	03	things	6
cortex_DorsAttn	38.35938366645665	122	things	01	03	things	6
cortex_Limbic	14.198317555215764	60	things	01	03	things	6
cortex_SalVentAttn	36.78641281536821	121	things	01	03	things	6
cortex_SomMot	35.913668676775934	194	things	01	03	things	6
cortex_Vis	29.053087905055662	162	things	01	03	things	6
subcortex_CAU	23.401245411874957	8	things	01	03	things	6
subcortex_PUT	24.41230298609973	8	things	01	03	things	6
subcortex_THA	25.660496536911086	14	things	01	03	things	6
cerebellum	33.14861937354369	88	things	01	04	things	1
cortex_Cont	46.49505525529543	128	things	01	04	things	1
cortex_Default	43.66814079801612	209	things	01	04	things	1
cortex_DorsAttn	51.038243934783374	122	things	01	04	things	1
cortex_Limbic	16.848837197982984	60	things	01	04	things	1
cortex_SalVentAttn	45.444232587097375	121	things	01	04	things	1
cortex_SomMot	47.368157888895155	194	things	01	04	things	1
cortex_Vis	41.41559874056097	162	things	01	04	things	1
subcortex_CAU	26.738775291956834	8	things	01	04	things	1
subcortex_PUT	28.780052739110513	8	things	01	04	things	1
subcortex_THA	27.458120181282197	14	things	01	04	things	1
cerebellum	32.425532426386475	88	things	01	04	things	2
cortex_Cont	44.308981582131885	128	things	01	04	things	2
cortex_Default	41.53634490537457	209	things	01	04	things	2
cortex_DorsAttn	49.0101755474986	122	things	01	04	things	2
cortex_Limbic	16.373187945188757	60	things	01	04	things	2
cortex_SalVentAttn	44.759037091496396	121	things	01	04	things	2
cortex_SomMot	46.51474626568044	194	things	01	04	things	2
cortex_Vis	38.470874947854696	162	things	01	04	things	2
subcortex_CAU	27.306125222653115	8	things	01	04	things	2
subcortex_PUT	28.344232548390973	8	things	01	04	things	2
subcortex_THA	28.07478136844652	14	things	01	04	things	2
cerebellum	32.65629253858979	88	things	01	04	things	3
cortex_Cont	44.84093154317042	128	things	01	04	things	3
cortex_Default	41.440677817712384	209	things	01	04	things	3
cortex_DorsAttn	48.57470303763185	122	things	01	04	things	3
cortex_Limbic	16.246754681649655	60	things	01	04	things	3
cortex_SalVentAttn	44.60175173111747	121	things	01	04	things	3
cortex_SomMot	45.94407908923821	194	things	01	04	things	3
cortex_Vis	38.18519662321014	162	things	01	04	things	3
subcortex_CAU	27.37039357606794	8	things	01	04	things	3
subcortex_PUT	27.88021435720578	8	things	01	04	things	3
subcortex_THA	28.041353695072264	14	things	01	04	things	3
cerebellum	33.88932781837705	88	things	01	04	things	4
cortex_Cont	47.20686904133512	128	things	01	04	things	4
cortex_Default	44.27343467955364	209	things	01	04	things	4
cortex_DorsAttn	50.78373117363801	122	things	01	04	things	4
cortex_Limbic	17.682593229493992	60	things	01	04	things	4
cortex_SalVentAttn	46.84688124220627	121	things	01	04	things	4
cortex_SomMot	48.429384300890064	194	things	01	04	things	4
cortex_Vis	39.94426028684797	162	things	01	04	things	4
subcortex_CAU	28.257356200499846	8	things	01	04	things	4
subcortex_PUT	29.095905939509585	8	things	01	04	things	4
subcortex_THA	28.19584839836524	14	things	01	04	things	4
cerebellum	29.936661308396378	88	things	01	04	things	5
cortex_Cont	39.359856566755425	128	things	01	04	things	5
cortex_Default	37.88720455775641	209	things	01	04	things	5
cortex_DorsAttn	42.27165623050495	122	things	01	04	things	5
cortex_Limbic	15.77216892152992	60	things	01	04	things	5
cortex_SalVentAttn	42.00000689226367	121	things	01	04	things	5
cortex_SomMot	41.826287998688066	194	things	01	04	things	5
cortex_Vis	33.959090908587335	162	things	01	04	things	5
subcortex_CAU	27.244737140612184	8	things	01	04	things	5
subcortex_PUT	26.95857870520427	8	things	01	04	things	5
subcortex_THA	27.373877946362168	14	things	01	04	things	5
cerebellum	28.34381467533352	88	things	01	04	things	6
cortex_Cont	38.93652416252968	128	things	01	04	things	6
cortex_Default	37.87129749455334	209	things	01	04	things	6
cortex_DorsAttn	42.545681298519725	122	things	01	04	things	6
cortex_Limbic	15.848475970707861	60	things	01	04	things	6
cortex_SalVentAttn	41.70787526091155	121	things	01	04	things	6
cortex_SomMot	41.93938658093413	194	things	01	04	things	6
cortex_Vis	33.48888900460301	162	things	01	04	things	6
subcortex_CAU	26.786143542587904	8	things	01	04	things	6
subcortex_PUT	27.382664623806043	8	things	01	04	things	6
subcortex_THA	27.14542450930461	14	things	01	04	things	6
cerebellum	32.68131185052659	88	things	01	05	things	1
cortex_Cont	45.8098113062911	128	things	01	05	things	1
cortex_Default	43.338069572619595	209	things	01	05	things	1
cortex_DorsAttn	49.52467189466312	122	things	01	05	things	1
cortex_Limbic	17.39696012637269	60	things	01	05	things	1
cortex_SalVentAttn	45.846569932702685	121	things	01	05	things	1
cortex_SomMot	47.669918456874825	194	things	01	05	things	1
cortex_Vis	40.165046237106324	162	things	01	05	things	1
subcortex_CAU	26.741860236931863	8	things	01	05	things	1
subcortex_PUT	28.420510974004358	8	things	01	05	things	1
subcortex_THA	27.784578129475296	14	things	01	05	things	1
cerebellum	27.296640901523414	88	things	01	05	things	2
cortex_Cont	39.02522730161847	128	things	01	05	things	2
cortex_Default	37.47786257547456	209	things	01	05	things	2
cortex_DorsAttn	41.6276434367292	122	things	01	05	things	2
cortex_Limbic	16.04394140723397	60	things	01	05	things	2
cortex_SalVentAttn	41.87726706221392	121	things	01	05	things	2
cortex_SomMot	41.828384162103724	194	things	01	05	things	2
cortex_Vis	33.175450661997274	162	things	01	05	things	2
subcortex_CAU	26.21331559163242	8	things	01	05	things	2
subcortex_PUT	27.013272014967924	8	things	01	05	things	2
subcortex_THA	26.807906373806038	14	things	01	05	things	2
cerebellum	33.08731870427521	88	things	01	05	things	3
cortex_Cont	45.46706729166507	128	things	01	05	things	3
cortex_Default	42.45284548527228	209	things	01	05	things	3
cortex_DorsAttn	49.045214458343345	122	things	01	05	things	3
cortex_Limbic	17.89205606396563	60	things	01	05	things	3
cortex_SalVentAttn	45.37830422097951	121	things	01	05	things	3
cortex_SomMot	45.971471101546264	194	things	01	05	things	3
cortex_Vis	39.66834809915962	162	things	01	05	things	3
subcortex_CAU	28.017614343981585	8	things	01	05	things	3
subcortex_PUT	27.894372059253605	8	things	01	05	things	3
subcortex_THA	27.324716390749934	14	things	01	05	things	3
cerebellum	31.547989415707118	88	things	01	05	things	4
cortex_Cont	45.04846595790048	128	things	01	05	things	4
cortex_Default	42.46629990548997	209	things	01	05	things	4
cortex_DorsAttn	48.043858242907305	122	things	01	05	things	4
cortex_Limbic	16.965490353765325	60	things	01	05	things	4
cortex_SalVentAttn	45.75721350089966	121	things	01	05	things	4
cortex_SomMot	46.860081557721024	194	things	01	05	things	4
cortex_Vis	37.71016510727669	162	things	01	05	things	4
subcortex_CAU	28.282347122945563	8	things	01	05	things	4
subcortex_PUT	29.081103405979448	8	things	01	05	things	4
subcortex_THA	27.585085148381303	14	things	01	05	things	4
cerebellum	32.9626061629517	88	things	01	05	things	5
cortex_Cont	45.76886075599094	128	things	01	05	things	5
cortex_Default	42.471767727945824	209	things	01	05	things	5
cortex_DorsAttn	49.84464412354829	122	things	01	05	things	5
cortex_Limbic	17.132890278671535	60	things	01	05	things	5
cortex_SalVentAttn	44.8646033030275	121	things	01	05	things	5
cortex_SomMot	45.85377847321554	194	things	01	05	things	5
cortex_Vis	40.14902701305464	162	things	01	05	things	5
subcortex_CAU	27.42244812780193	8	things	01	05	things	5
subcortex_PUT	28.48441809909573	8	things	01	05	things	5
subcortex_THA	27.141747141104673	14	things	01	05	things	5
cerebellum	30.018956939222566	88	things	01	05	things	6
cortex_Cont	41.117399336105535	128	things	01	05	things	6
cortex_Default	39.57003332905434	209	things	01	05	things	6
cortex_DorsAttn	45.03286517301647	122	things	01	05	things	6
cortex_Limbic	16.094007476822114	60	things	01	05	things	6
cortex_SalVentAttn	42.77174073944073	121	things	01	05	things	6
cortex_SomMot	42.9518515517774	194	things	01	05	things	6
cortex_Vis	36.10440212072514	162	things	01	05	things	6
subcortex_CAU	26.797416527984023	8	things	01	05	things	6
subcortex_PUT	28.16148880019429	8	things	01	05	things	6
subcortex_THA	27.202191954762686	14	things	01	05	things	6
cerebellum	27.480545803877305	88	things	01	06	things	1
cortex_Cont	36.07375854653848	128	things	01	06	things	1
cortex_Default	34.51089653208048	209	things	01	06	things	1
cortex_DorsAttn	37.87286484855313	122	things	01	06	things	1
cortex_Limbic	15.089956275967035	60	things	01	06	things	1
cortex_SalVentAttn	38.510808159082465	121	things	01	06	things	1
cortex_SomMot	38.74949957718923	194	things	01	06	things	1
cortex_Vis	30.057424956963352	162	things	01	06	things	1
subcortex_CAU	25.003253114624037	8	things	01	06	things	1
subcortex_PUT	25.42239104851368	8	things	01	06	things	1
subcortex_THA	26.30397757055247	14	things	01	06	things	1
cerebellum	30.225984448527836	88	things	01	06	things	2
cortex_Cont	42.146565322462884	128	things	01	06	things	2
cortex_Default	39.29038692382879	209	things	01	06	things	2
cortex_DorsAttn	44.12946309831961	122	things	01	06	things	2
cortex_Limbic	16.83279498306138	60	things	01	06	things	2
cortex_SalVentAttn	43.33909777071093	121	things	01	06	things	2
cortex_SomMot	43.43717355430093	194	things	01	06	things	2
cortex_Vis	34.92832787428914	162	things	01	06	things	2
subcortex_CAU	27.88285160949531	8	things	01	06	things	2
subcortex_PUT	27.269261534005658	8	things	01	06	things	2
subcortex_THA	26.816491912074632	14	things	01	06	things	2
cerebellum	26.952402253044554	88	things	01	06	things	3
cortex_Cont	38.93443776881228	128	things	01	06	things	3
cortex_Default	36.9303487767954	209	things	01	06	things	3
cortex_DorsAttn	40.17815938654224	122	things	01	06	things	3
cortex_Limbic	16.40341458731773	60	things	01	06	things	3
cortex_SalVentAttn	41.06611958750229	121	things	01	06	things	3
cortex_SomMot	40.52655575273036	194	things	01	06	things	3
cortex_Vis	31.354658277712847	162	things	01	06	things	3
subcortex_CAU	27.220485163504026	8	things	01	06	things	3
subcortex_PUT	27.548793589336043	8	things	01	06	things	3
subcortex_THA	26.77644022222578	14	things	01	06	things	3
cerebellum	28.279329304601877	88	things	01	06	things	4
cortex_Cont	38.24609275884772	128	things	01	06	things	4
cortex_Default	36.11316870749036	209	things	01	06	things	4
cortex_DorsAttn	40.65596315963895	122	things	01	06	things	4
cortex_Limbic	16.324759304739967	60	things	01	06	things	4
cortex_SalVentAttn	39.23433619182451	121	things	01	06	things	4
cortex_SomMot	37.89128566988957	194	things	01	06	things	4
cortex_Vis	32.81743657736887	162	things	01	06	things	4
subcortex_CAU	25.484312129046295	8	things	01	06	things	4
subcortex_PUT	25.50750322767921	8	things	01	06	things	4
subcortex_THA	26.175600749799738	14	things	01	06	things	4
cerebellum	30.33883701393419	88	things	01	06	things	5
cortex_Cont	41.97624929503173	128	things	01	06	things	5
cortex_Default	40.15208830998896	209	things	01	06	things	5
cortex_DorsAttn	43.12631068751438	122	things	01	06	things	5
cortex_Limbic	17.749836270193892	60	things	01	06	things	5
cortex_SalVentAttn	43.18547787701785	121	things	01	06	things	5
cortex_SomMot	42.398063058765196	194	things	01	06	things	5
cortex_Vis	34.515550964251894	162	things	01	06	things	5
subcortex_CAU	28.7370824936565	8	things	01	06	things	5
subcortex_PUT	27.293795165197864	8	things	01	06	things	5
subcortex_THA	26.93981453129993	14	things	01	06	things	5
cerebellum	27.987661914799563	88	things	01	06	things	6
cortex_Cont	38.953868244647836	128	things	01	06	things	6
cortex_Default	36.757415872937734	209	things	01	06	things	6
cortex_DorsAttn	41.01930525200729	122	things	01	06	things	6
cortex_Limbic	16.590344456356522	60	things	01	06	things	6
cortex_SalVentAttn	40.63609089258755	121	things	01	06	things	6
cortex_SomMot	40.40128137668634	194	things	01	06	things	6
cortex_Vis	32.11276243899659	162	things	01	06	things	6
subcortex_CAU	26.585194540675744	8	things	01	06	things	6
subcortex_PUT	26.550192157968013	8	things	01	06	things	6
subcortex_THA	26.41893710605527	14	things	01	06	things	6
cerebellum	29.49870898417678	88	things	01	07	things	1
cortex_Cont	40.47794122834785	128	things	01	07	things	1
cortex_Default	38.820590551236904	209	things	01	07	things	1
cortex_DorsAttn	43.67308826376664	122	things	01	07	things	1
cortex_Limbic	16.473857400867452	60	things	01	07	things	1
cortex_SalVentAttn	42.63824918335848	121	things	01	07	things	1
cortex_SomMot	42.12830038325266	194	things	01	07	things	1
cortex_Vis	33.824990537883004	162	things	01	07	things	1
subcortex_CAU	27.46281409822152	8	things	01	07	things	1
subcortex_PUT	27.81157173755973	8	things	01	07	things	1
subcortex_THA	27.274690297693827	14	things	01	07	things	1
cerebellum	34.70526757403797	88	things	01	07	things	2
cortex_Cont	51.322084089500265	128	things	01	07	things	2
cortex_Default	46.85939008553757	209	things	01	07	things	2
cortex_DorsAttn	53.9735368140913	122	things	01	07	things	2
cortex_Limbic	18.06783567309828	60	things	01	07	things	2
cortex_SalVentAttn	49.118673761027964	121	things	01	07	things	2
cortex_SomMot	51.45113669449352	194	things	01	07	things	2
cortex_Vis	41.689192566982726	162	things	01	07	things	2
subcortex_CAU	29.044232097851044	8	things	01	07	things	2
subcortex_PUT	29.036251351261146	8	things	01	07	things	2
subcortex_THA	28.113259055440288	14	things	01	07	things	2
cerebellum	31.89261470211121	88	things	01	07	things	3
cortex_Cont	45.14305941984183	128	things	01	07	things	3
cortex_Default	41.636730460623255	209	things	01	07	things	3
cortex_DorsAttn	49.09656514325092	122	things	01	07	things	3
cortex_Limbic	17.02140076255998	60	things	01	07	things	3
cortex_SalVentAttn	44.470852928718664	121	things	01	07	things	3
cortex_SomMot	45.09572788475042	194	things	01	07	things	3
cortex_Vis	38.615442851147264	162	things	01	07	things	3
subcortex_CAU	27.16380065100347	8	things	01	07	things	3
subcortex_PUT	26.78357743292846	8	things	01	07	things	3
subcortex_THA	27.19548198399528	14	things	01	07	things	3
cerebellum	30.701268190786948	88	things	01	07	things	4
cortex_Cont	43.50451480903133	128	things	01	07	things	4
cortex_Default	40.94803286691208	209	things	01	07	things	4
cortex_DorsAttn	45.53444025556889	122	things	01	07	things	4
cortex_Limbic	16.865894619320997	60	things	01	07	things	4
cortex_SalVentAttn	43.84804083209829	121	things	01	07	things	4
cortex_SomMot	43.021260112958295	194	things	01	07	things	4
cortex_Vis	36.56600932906567	162	things	01	07	things	4
subcortex_CAU	27.3560715885405	8	things	01	07	things	4
subcortex_PUT	27.365593291910944	8	things	01	07	things	4
subcortex_THA	27.119030345875522	14	things	01	07	things	4
cerebellum	29.448362462412618	88	things	01	07	things	5
cortex_Cont	41.59378666316062	128	things	01	07	things	5
cortex_Default	38.411760447683896	209	things	01	07	things	5
cortex_DorsAttn	43.20874423563952	122	things	01	07	things	5
cortex_Limbic	15.361148823991789	60	things	01	07	things	5
cortex_SalVentAttn	41.48829330367628	121	things	01	07	things	5
cortex_SomMot	40.9407949496485	194	things	01	07	things	5
cortex_Vis	34.65657086150301	162	things	01	07	things	5
subcortex_CAU	26.117789855517845	8	things	01	07	things	5
subcortex_PUT	25.697809178068994	8	things	01	07	things	5
subcortex_THA	25.787165519887633	14	things	01	07	things	5
cerebellum	28.122264842187395	88	things	01	07	things	6
cortex_Cont	39.91676444561179	128	things	01	07	things	6
cortex_Default	36.97367232104285	209	things	01	07	things	6
cortex_DorsAttn	42.01811445643601	122	things	01	07	things	6
cortex_Limbic	14.535775420128266	60	things	01	07	things	6
cortex_SalVentAttn	41.12201960703331	121	things	01	07	things	6
cortex_SomMot	40.316839113529575	194	things	01	07	things	6
cortex_Vis	33.56490187976093	162	things	01	07	things	6
subcortex_CAU	25.443913912739617	8	things	01	07	things	6
subcortex_PUT	25.084916585698835	8	things	01	07	things	6
subcortex_THA	25.74790901148783	14	things	01	07	things	6
cerebellum	27.27349928395777	88	things	01	08	things	1
cortex_Cont	38.51545421707075	128	things	01	08	things	1
cortex_Default	36.1579305910496	209	things	01	08	things	1
cortex_DorsAttn	40.6910398400046	122	things	01	08	things	1
cortex_Limbic	15.600565081341289	60	things	01	08	things	1
cortex_SalVentAttn	41.57211189583138	121	things	01	08	things	1
cortex_SomMot	39.74726242408176	194	things	01	08	things	1
cortex_Vis	31.44081184653999	162	things	01	08	things	1
subcortex_CAU	26.339779423329603	8	things	01	08	things	1
subcortex_PUT	26.591204120811216	8	things	01	08	things	1
subcortex_THA	26.91121126659387	14	things	01	08	things	1
cerebellum	28.09541151504835	88	things	01	08	things	2
cortex_Cont	38.26890745448124	128	things	01	08	things	2
cortex_Default	35.80966371172382	209	things	01	08	things	2
cortex_DorsAttn	39.29743835520223	122	things	01	08	things	2
cortex_Limbic	15.492577665489984	60	things	01	08	things	2
cortex_SalVentAttn	39.91626666590075	121	things	01	08	things	2
cortex_SomMot	38.49508404588137	194	things	01	08	things	2
cortex_Vis	31.484844894034396	162	things	01	08	things	2
subcortex_CAU	26.6695468527295	8	things	01	08	things	2
subcortex_PUT	25.495125179022228	8	things	01	08	things	2
subcortex_THA	26.439536704237486	14	things	01	08	things	2
cerebellum	27.984948354337334	88	things	01	08	things	3
cortex_Cont	39.8689905477267	128	things	01	08	things	3
cortex_Default	37.65565858134866	209	things	01	08	things	3
cortex_DorsAttn	40.74905940350488	122	things	01	08	things	3
cortex_Limbic	16.652444973839806	60	things	01	08	things	3
cortex_SalVentAttn	41.4747387672766	121	things	01	08	things	3
cortex_SomMot	39.80387857934399	194	things	01	08	things	3
cortex_Vis	32.29739158866504	162	things	01	08	things	3
subcortex_CAU	28.292086611449015	8	things	01	08	things	3
subcortex_PUT	26.904928446737046	8	things	01	08	things	3
subcortex_THA	27.319395880887452	14	things	01	08	things	3
cerebellum	28.444504812208688	88	things	01	08	things	4
cortex_Cont	41.52356007490816	128	things	01	08	things	4
cortex_Default	38.33514529026001	209	things	01	08	things	4
cortex_DorsAttn	44.00640947431808	122	things	01	08	things	4
cortex_Limbic	16.076641250583098	60	things	01	08	things	4
cortex_SalVentAttn	42.56809085487905	121	things	01	08	things	4
cortex_SomMot	41.9589004357582	194	things	01	08	things	4
cortex_Vis	34.17402233151059	162	things	01	08	things	4
subcortex_CAU	26.86306464586476	8	things	01	08	things	4
subcortex_PUT	26.507862419344733	8	things	01	08	things	4
subcortex_THA	27.142512732934243	14	things	01	08	things	4
cerebellum	27.62630349377378	88	things	01	08	things	5
cortex_Cont	39.32680025038094	128	things	01	08	things	5
cortex_Default	36.72255952225724	209	things	01	08	things	5
cortex_DorsAttn	42.08348807034129	122	things	01	08	things	5
cortex_Limbic	14.52445480028285	60	things	01	08	things	5
cortex_SalVentAttn	40.40210121785974	121	things	01	08	things	5
cortex_SomMot	40.235358359092096	194	things	01	08	things	5
cortex_Vis	32.438839224513806	162	things	01	08	things	5
subcortex_CAU	24.926643141526906	8	things	01	08	things	5
subcortex_PUT	25.141039723017453	8	things	01	08	things	5
subcortex_THA	25.56871501336881	14	things	01	08	things	5
cerebellum	27.93341288909932	88	things	01	08	things	6
cortex_Cont	39.73887108887881	128	things	01	08	things	6
cortex_Default	36.632205077647654	209	things	01	08	things	6
cortex_DorsAttn	40.97621080061345	122	things	01	08	things	6
cortex_Limbic	14.097452001872723	60	things	01	08	things	6
cortex_SalVentAttn	39.94507383908177	121	things	01	08	things	6
cortex_SomMot	38.55662348497046	194	things	01	08	things	6
cortex_Vis	33.19792246497634	162	things	01	08	things	6
subcortex_CAU	24.82523547105805	8	things	01	08	things	6
subcortex_PUT	25.593977284291007	8	things	01	08	things	6
subcortex_THA	25.45511670836092	14	things	01	08	things	6
cerebellum	25.409844274700575	88	things	01	09	things	1
cortex_Cont	35.900126148417996	128	things	01	09	things	1
cortex_Default	33.363986449664935	209	things	01	09	things	1
cortex_DorsAttn	37.83924876835194	122	things	01	09	things	1
cortex_Limbic	14.234972812207326	60	things	01	09	things	1
cortex_SalVentAttn	37.87709810932596	121	things	01	09	things	1
cortex_SomMot	36.97655116808121	194	things	01	09	things	1
cortex_Vis	28.673872863107192	162	things	01	09	things	1
subcortex_CAU	24.256534482148197	8	things	01	09	things	1
subcortex_PUT	25.293124664974382	8	things	01	09	things	1
subcortex_THA	26.066734291997296	14	things	01	09	things	1
cerebellum	23.603873347434856	88	things	01	09	things	2
cortex_Cont	33.008082313036695	128	things	01	09	things	2
cortex_Default	30.597240977712506	209	things	01	09	things	2
cortex_DorsAttn	33.7335500821474	122	things	01	09	things	2
cortex_Limbic	13.820268605401173	60	things	01	09	things	2
cortex_SalVentAttn	35.67982513400581	121	things	01	09	things	2
cortex_SomMot	34.34028032225007	194	things	01	09	things	2
cortex_Vis	26.32708449081235	162	things	01	09	things	2
subcortex_CAU	23.722611039992263	8	things	01	09	things	2
subcortex_PUT	24.702466582477957	8	things	01	09	things	2
subcortex_THA	24.323087386007842	14	things	01	09	things	2
cerebellum	27.56993082301452	88	things	01	09	things	3
cortex_Cont	40.954831755332705	128	things	01	09	things	3
cortex_Default	37.18538801635583	209	things	01	09	things	3
cortex_DorsAttn	43.07718453494807	122	things	01	09	things	3
cortex_Limbic	14.31381594926351	60	things	01	09	things	3
cortex_SalVentAttn	41.12231825285467	121	things	01	09	things	3
cortex_SomMot	40.78802742491338	194	things	01	09	things	3
cortex_Vis	33.39711198912925	162	things	01	09	things	3
subcortex_CAU	24.767097378080543	8	things	01	09	things	3
subcortex_PUT	26.180494033628232	8	things	01	09	things	3
subcortex_THA	25.66835194311007	14	things	01	09	things	3
cerebellum	23.276005698848724	88	things	01	09	things	4
cortex_Cont	31.647268207229907	128	things	01	09	things	4
cortex_Default	29.09750102099396	209	things	01	09	things	4
cortex_DorsAttn	33.14505920529281	122	things	01	09	things	4
cortex_Limbic	13.226149568345265	60	things	01	09	things	4
cortex_SalVentAttn	33.21214018469289	121	things	01	09	things	4
cortex_SomMot	31.478117543730853	194	things	01	09	things	4
cortex_Vis	24.60374603129892	162	things	01	09	things	4
subcortex_CAU	22.10302608480846	8	things	01	09	things	4
subcortex_PUT	23.44103037748637	8	things	01	09	things	4
subcortex_THA	22.914548763370078	14	things	01	09	things	4
cerebellum	22.868874157256613	88	things	01	09	things	5
cortex_Cont	32.57193858316593	128	things	01	09	things	5
cortex_Default	30.709433736719063	209	things	01	09	things	5
cortex_DorsAttn	33.853491109846786	122	things	01	09	things	5
cortex_Limbic	13.549446608097274	60	things	01	09	things	5
cortex_SalVentAttn	34.72871308843231	121	things	01	09	things	5
cortex_SomMot	32.315134959438254	194	things	01	09	things	5
cortex_Vis	26.25252543729605	162	things	01	09	things	5
subcortex_CAU	23.2001297745518	8	things	01	09	things	5
subcortex_PUT	24.814674139249856	8	things	01	09	things	5
subcortex_THA	24.098475197576843	14	things	01	09	things	5
cerebellum	24.964216867321376	88	things	01	09	things	6
cortex_Cont	36.10079950468949	128	things	01	09	things	6
cortex_Default	33.568005103138034	209	things	01	09	things	6
cortex_DorsAttn	37.571028342248326	122	things	01	09	things	6
cortex_Limbic	13.2568278494302	60	things	01	09	things	6
cortex_SalVentAttn	37.32475804356484	121	things	01	09	things	6
cortex_SomMot	36.11100631873726	194	things	01	09	things	6
cortex_Vis	29.680214716720563	162	things	01	09	things	6
subcortex_CAU	23.83970863055415	8	things	01	09	things	6
subcortex_PUT	24.723731030055895	8	things	01	09	things	6
subcortex_THA	24.44785921504868	14	things	01	09	things	6
cerebellum	30.798554864715676	88	things	01	10	things	1
cortex_Cont	45.85489570244586	128	things	01	10	things	1
cortex_Default	42.724607736332246	209	things	01	10	things	1
cortex_DorsAttn	47.4894173593418	122	things	01	10	things	1
cortex_Limbic	17.457880790168026	60	things	01	10	things	1
cortex_SalVentAttn	45.90241993776321	121	things	01	10	things	1
cortex_SomMot	47.050519630015664	194	things	01	10	things	1
cortex_Vis	38.217923985812085	162	things	01	10	things	1
subcortex_CAU	27.17811029518727	8	things	01	10	things	1
subcortex_PUT	28.187814910583164	8	things	01	10	things	1
subcortex_THA	27.61836508013718	14	things	01	10	things	1
cerebellum	29.486778015503248	88	things	01	10	things	2
cortex_Cont	43.103893620710146	128	things	01	10	things	2
cortex_Default	40.12255023547453	209	things	01	10	things	2
cortex_DorsAttn	45.062806349938306	122	things	01	10	things	2
cortex_Limbic	16.40699904974681	60	things	01	10	things	2
cortex_SalVentAttn	42.12282816581845	121	things	01	10	things	2
cortex_SomMot	42.300046650341336	194	things	01	10	things	2
cortex_Vis	36.42839834383026	162	things	01	10	things	2
subcortex_CAU	26.68300302272073	8	things	01	10	things	2
subcortex_PUT	26.52825787217412	8	things	01	10	things	2
subcortex_THA	26.732730229272203	14	things	01	10	things	2
cerebellum	25.481285775563148	88	things	01	10	things	3
cortex_Cont	37.33054205819294	128	things	01	10	things	3
cortex_Default	34.38211940089401	209	things	01	10	things	3
cortex_DorsAttn	39.0287370568597	122	things	01	10	things	3
cortex_Limbic	13.69989315267328	60	things	01	10	things	3
cortex_SalVentAttn	38.94314531963191	121	things	01	10	things	3
cortex_SomMot	38.677910941948824	194	things	01	10	things	3
cortex_Vis	30.67012777669884	162	things	01	10	things	3
subcortex_CAU	24.643921248343528	8	things	01	10	things	3
subcortex_PUT	25.447411708037734	8	things	01	10	things	3
subcortex_THA	25.46291881196722	14	things	01	10	things	3
cerebellum	22.404962918012448	88	things	01	10	things	4
cortex_Cont	31.098437299213227	128	things	01	10	things	4
cortex_Default	29.04289726653686	209	things	01	10	things	4
cortex_DorsAttn	32.10552893178086	122	things	01	10	things	4
cortex_Limbic	13.314596799735362	60	things	01	10	things	4
cortex_SalVentAttn	34.04908952820007	121	things	01	10	things	4
cortex_SomMot	33.47289588453892	194	things	01	10	things	4
cortex_Vis	24.974532580955753	162	things	01	10	things	4
subcortex_CAU	23.304598333017093	8	things	01	10	things	4
subcortex_PUT	23.693828376913146	8	things	01	10	things	4
subcortex_THA	23.325597816155835	14	things	01	10	things	4
cerebellum	20.94502462061814	88	things	01	10	things	5
cortex_Cont	30.809874740140778	128	things	01	10	things	5
cortex_Default	29.117947742463357	209	things	01	10	things	5
cortex_DorsAttn	31.754219024603874	122	things	01	10	things	5
cortex_Limbic	13.598619799580147	60	things	01	10	things	5
cortex_SalVentAttn	33.61605438768615	121	things	01	10	things	5
cortex_SomMot	31.45734683696641	194	things	01	10	things	5
cortex_Vis	24.576168092193203	162	things	01	10	things	5
subcortex_CAU	23.645843511000297	8	things	01	10	things	5
subcortex_PUT	23.73847662677707	8	things	01	10	things	5
subcortex_THA	22.799048694031708	14	things	01	10	things	5
cerebellum	24.43261907446987	88	things	01	10	things	6
cortex_Cont	35.62261078446541	128	things	01	10	things	6
cortex_Default	33.32180747971916	209	things	01	10	things	6
cortex_DorsAttn	36.16766001049104	122	things	01	10	things	6
cortex_Limbic	15.246665817001487	60	things	01	10	things	6
cortex_SalVentAttn	37.89936025132756	121	things	01	10	things	6
cortex_SomMot	36.59037501310579	194	things	01	10	things	6
cortex_Vis	27.77653165114072	162	things	01	10	things	6
subcortex_CAU	26.602549703080168	8	things	01	10	things	6
subcortex_PUT	25.898490384985024	8	things	01	10	things	6
subcortex_THA	25.067130671829776	14	things	01	10	things	6
cerebellum	30.837640039072085	88	things	01	11	things	1
cortex_Cont	42.932512416021694	128	things	01	11	things	1
cortex_Default	40.664505472698934	209	things	01	11	things	1
cortex_DorsAttn	46.91150534556538	122	things	01	11	things	1
cortex_Limbic	16.673879186835244	60	things	01	11	things	1
cortex_SalVentAttn	45.22688610122726	121	things	01	11	things	1
cortex_SomMot	45.889909154106334	194	things	01	11	things	1
cortex_Vis	37.34393279759192	162	things	01	11	things	1
subcortex_CAU	27.983468469825745	8	things	01	11	things	1
subcortex_PUT	28.308675458807983	8	things	01	11	things	1
subcortex_THA	27.92852850728737	14	things	01	11	things	1
cerebellum	29.47402748508838	88	things	01	11	things	2
cortex_Cont	41.862398968803326	128	things	01	11	things	2
cortex_Default	38.763299205482745	209	things	01	11	things	2
cortex_DorsAttn	43.80478981439562	122	things	01	11	things	2
cortex_Limbic	15.832229135034463	60	things	01	11	things	2
cortex_SalVentAttn	42.370419036035265	121	things	01	11	things	2
cortex_SomMot	42.177320413877204	194	things	01	11	things	2
cortex_Vis	35.24613302593374	162	things	01	11	things	2
subcortex_CAU	26.389866610382185	8	things	01	11	things	2
subcortex_PUT	26.40110168805366	8	things	01	11	things	2
subcortex_THA	26.673580795836244	14	things	01	11	things	2
cerebellum	30.05301249734467	88	things	01	11	things	3
cortex_Cont	42.0977743048579	128	things	01	11	things	3
cortex_Default	39.09009207731686	209	things	01	11	things	3
cortex_DorsAttn	45.95276629324577	122	things	01	11	things	3
cortex_Limbic	15.630951263515874	60	things	01	11	things	3
cortex_SalVentAttn	42.41082455146493	121	things	01	11	things	3
cortex_SomMot	42.782943179321826	194	things	01	11	things	3
cortex_Vis	36.589608807191254	162	things	01	11	things	3
subcortex_CAU	26.381024436668017	8	things	01	11	things	3
subcortex_PUT	25.828894416071797	8	things	01	11	things	3
subcortex_THA	27.03798386398271	14	things	01	11	things	3
cerebellum	23.96257164823878	88	things	01	11	things	4
cortex_Cont	36.3964864185445	128	things	01	11	things	4
cortex_Default	33.21370766048597	209	things	01	11	things	4
cortex_DorsAttn	38.13044568121618	122	things	01	11	things	4
cortex_Limbic	12.891426941647277	60	things	01	11	things	4
cortex_SalVentAttn	37.7232205092187	121	things	01	11	things	4
cortex_SomMot	37.25479162408602	194	things	01	11	things	4
cortex_Vis	28.796235367198182	162	things	01	11	things	4
subcortex_CAU	24.11146706893045	8	things	01	11	things	4
subcortex_PUT	25.16776930992737	8	things	01	11	things	4
subcortex_THA	24.621892862195	14	things	01	11	things	4
cerebellum	27.763487629217924	88	things	01	11	things	5
cortex_Cont	40.33574573869383	128	things	01	11	things	5
cortex_Default	36.67305278411003	209	things	01	11	things	5
cortex_DorsAttn	42.77197970046459	122	things	01	11	things	5
cortex_Limbic	14.049251516929882	60	things	01	11	things	5
cortex_SalVentAttn	40.423777602870835	121	things	01	11	things	5
cortex_SomMot	40.52972136840294	194	things	01	11	things	5
cortex_Vis	33.50495141347174	162	things	01	11	things	5
subcortex_CAU	25.18246085493632	8	things	01	11	things	5
subcortex_PUT	25.645144623366114	8	things	01	11	things	5
subcortex_THA	25.48321303625908	14	things	01	11	things	5
cerebellum	25.153570425344604	88	things	01	11	things	6
cortex_Cont	36.69588307860011	128	things	01	11	things	6
cortex_Default	33.75037248052538	209	things	01	11	things	6
cortex_DorsAttn	38.11977951779258	122	things	01	11	things	6
cortex_Limbic	14.013075885035134	60	things	01	11	things	6
cortex_SalVentAttn	38.264792729910646	121	things	01	11	things	6
cortex_SomMot	37.46340083178732	194	things	01	11	things	6
cortex_Vis	28.878055770586684	162	things	01	11	things	6
subcortex_CAU	24.909697584185267	8	things	01	11	things	6
subcortex_PUT	24.59817843480028	8	things	01	11	things	6
subcortex_THA	25.123193614241096	14	things	01	11	things	6
cerebellum	26.252997947068607	88	things	01	12	things	1
cortex_Cont	38.08515738000868	128	things	01	12	things	1
cortex_Default	34.79633124905509	209	things	01	12	things	1
cortex_DorsAttn	41.141540426643346	122	things	01	12	things	1
cortex_Limbic	13.543437808861366	60	things	01	12	things	1
cortex_SalVentAttn	38.24760268278362	121	things	01	12	things	1
cortex_SomMot	38.55699674147738	194	things	01	12	things	1
cortex_Vis	31.360707892552455	162	things	01	12	things	1
subcortex_CAU	24.29350176544244	8	things	01	12	things	1
subcortex_PUT	24.88472840260933	8	things	01	12	things	1
subcortex_THA	25.116565246771977	14	things	01	12	things	1
cerebellum	26.01852914796883	88	things	01	12	things	2
cortex_Cont	36.89447859565528	128	things	01	12	things	2
cortex_Default	33.95794401607698	209	things	01	12	things	2
cortex_DorsAttn	40.37509496637686	122	things	01	12	things	2
cortex_Limbic	14.285327674197696	60	things	01	12	things	2
cortex_SalVentAttn	38.022987207554756	121	things	01	12	things	2
cortex_SomMot	38.24553425001315	194	things	01	12	things	2
cortex_Vis	31.455459401296398	162	things	01	12	things	2
subcortex_CAU	24.45988690590702	8	things	01	12	things	2
subcortex_PUT	25.408173172995397	8	things	01	12	things	2
subcortex_THA	26.065990709692162	14	things	01	12	things	2
cerebellum	24.48217900333349	88	things	01	12	things	3
cortex_Cont	35.25802098442325	128	things	01	12	things	3
cortex_Default	32.21859528613144	209	things	01	12	things	3
cortex_DorsAttn	37.4079922847219	122	things	01	12	things	3
cortex_Limbic	13.116816780474233	60	things	01	12	things	3
cortex_SalVentAttn	35.65574444033888	121	things	01	12	things	3
cortex_SomMot	34.698473552258385	194	things	01	12	things	3
cortex_Vis	29.501759609560278	162	things	01	12	things	3
subcortex_CAU	23.28446619155271	8	things	01	12	things	3
subcortex_PUT	23.86014805298055	8	things	01	12	things	3
subcortex_THA	24.14125184229636	14	things	01	12	things	3
cerebellum	23.646139759671858	88	things	01	12	things	4
cortex_Cont	33.16987005497924	128	things	01	12	things	4
cortex_Default	30.621912193330047	209	things	01	12	things	4
cortex_DorsAttn	35.207708277234524	122	things	01	12	things	4
cortex_Limbic	13.018734866494807	60	things	01	12	things	4
cortex_SalVentAttn	33.85189594482963	121	things	01	12	things	4
cortex_SomMot	32.929200230039775	194	things	01	12	things	4
cortex_Vis	27.71604353372471	162	things	01	12	things	4
subcortex_CAU	22.25740251370376	8	things	01	12	things	4
subcortex_PUT	23.14061880838308	8	things	01	12	things	4
subcortex_THA	23.648271175351475	14	things	01	12	things	4
cerebellum	22.47771540669589	88	things	01	12	things	5
cortex_Cont	30.968080659239344	128	things	01	12	things	5
cortex_Default	28.61690031192872	209	things	01	12	things	5
cortex_DorsAttn	32.98125850385093	122	things	01	12	things	5
cortex_Limbic	12.155501324150823	60	things	01	12	things	5
cortex_SalVentAttn	32.55871635591154	121	things	01	12	things	5
cortex_SomMot	30.944260721957814	194	things	01	12	things	5
cortex_Vis	26.386319399987315	162	things	01	12	things	5
subcortex_CAU	21.363165636394672	8	things	01	12	things	5
subcortex_PUT	23.189027519271	8	things	01	12	things	5
subcortex_THA	22.688737069902448	14	things	01	12	things	5
cerebellum	23.9400271243192	88	things	01	12	things	6
cortex_Cont	31.58138372511965	128	things	01	12	things	6
cortex_Default	29.764458349866263	209	things	01	12	things	6
cortex_DorsAttn	34.017129990139296	122	things	01	12	things	6
cortex_Limbic	13.930965484547555	60	things	01	12	things	6
cortex_SalVentAttn	33.47787961955403	121	things	01	12	things	6
cortex_SomMot	31.582538804140736	194	things	01	12	things	6
cortex_Vis	26.49893195154236	162	things	01	12	things	6
subcortex_CAU	22.82616739925605	8	things	01	12	things	6
subcortex_PUT	23.53090544394677	8	things	01	12	things	6
subcortex_THA	24.25284062948385	14	things	01	12	things	6
cerebellum	28.502733810637846	88	things	01	13	things	1
cortex_Cont	40.88541195001416	128	things	01	13	things	1
cortex_Default	38.05733776269366	209	things	01	13	things	1
cortex_DorsAttn	44.063415979619684	122	things	01	13	things	1
cortex_Limbic	15.287245428995002	60	things	01	13	things	1
cortex_SalVentAttn	41.34826268020044	121	things	01	13	things	1
cortex_SomMot	42.16723966386133	194	things	01	13	things	1
cortex_Vis	33.45179708059326	162	things	01	13	things	1
subcortex_CAU	24.66055311777729	8	things	01	13	things	1
subcortex_PUT	26.611402302766496	8	things	01	13	things	1
subcortex_THA	26.041880992266393	14	things	01	13	things	1
cerebellum	25.596434500417583	88	things	01	13	things	2
cortex_Cont	35.941996153798925	128	things	01	13	things	2
cortex_Default	34.24353184849395	209	things	01	13	things	2
cortex_DorsAttn	38.77542014139141	122	things	01	13	things	2
cortex_Limbic	14.324511831622212	60	things	01	13	things	2
cortex_SalVentAttn	38.277469408635106	121	things	01	13	things	2
cortex_SomMot	37.43986543474606	194	things	01	13	things	2
cortex_Vis	29.406712416997948	162	things	01	13	things	2
subcortex_CAU	24.52203158427904	8	things	01	13	things	2
subcortex_PUT	25.262134953054492	8	things	01	13	things	2
subcortex_THA	25.45048046196889	14	things	01	13	things	2
cerebellum	28.522346789052303	88	things	01	13	things	3
cortex_Cont	40.36654737199334	128	things	01	13	things	3
cortex_Default	37.454390767458605	209	things	01	13	things	3
cortex_DorsAttn	43.66204707659612	122	things	01	13	things	3
cortex_Limbic	14.407109748481918	60	things	01	13	things	3
cortex_SalVentAttn	41.03718799225796	121	things	01	13	things	3
cortex_SomMot	41.00197350953711	194	things	01	13	things	3
cortex_Vis	34.739308686746526	162	things	01	13	things	3
subcortex_CAU	24.837162806003683	8	things	01	13	things	3
subcortex_PUT	25.09536393320597	8	things	01	13	things	3
subcortex_THA	25.557005267350124	14	things	01	13	things	3
cerebellum	24.351943513566344	88	things	01	13	things	4
cortex_Cont	34.90811886672783	128	things	01	13	things	4
cortex_Default	32.7175726527517	209	things	01	13	things	4
cortex_DorsAttn	37.657954890735446	122	things	01	13	things	4
cortex_Limbic	13.597270937717658	60	things	01	13	things	4
cortex_SalVentAttn	37.244090241241295	121	things	01	13	things	4
cortex_SomMot	35.309919777634775	194	things	01	13	things	4
cortex_Vis	29.843760293633874	162	things	01	13	things	4
subcortex_CAU	23.52911218540409	8	things	01	13	things	4
subcortex_PUT	24.544788231555607	8	things	01	13	things	4
subcortex_THA	24.92274352052433	14	things	01	13	things	4
cerebellum	28.687057713793443	88	things	01	13	things	5
cortex_Cont	39.975742524121664	128	things	01	13	things	5
cortex_Default	37.64983773114198	209	things	01	13	things	5
cortex_DorsAttn	44.286280302113894	122	things	01	13	things	5
cortex_Limbic	14.823737246461512	60	things	01	13	things	5
cortex_SalVentAttn	40.84032211610646	121	things	01	13	things	5
cortex_SomMot	41.13123549173635	194	things	01	13	things	5
cortex_Vis	34.36692031108728	162	things	01	13	things	5
subcortex_CAU	24.852097311585286	8	things	01	13	things	5
subcortex_PUT	25.504000509718114	8	things	01	13	things	5
subcortex_THA	25.96973141061949	14	things	01	13	things	5
cerebellum	30.260134599490392	88	things	01	13	things	6
cortex_Cont	43.804786524235176	128	things	01	13	things	6
cortex_Default	40.72167487442139	209	things	01	13	things	6
cortex_DorsAttn	45.602499849360136	122	things	01	13	things	6
cortex_Limbic	16.543750311128175	60	things	01	13	things	6
cortex_SalVentAttn	43.79184318242262	121	things	01	13	things	6
cortex_SomMot	43.73186809111479	194	things	01	13	things	6
cortex_Vis	36.1469415656462	162	things	01	13	things	6
subcortex_CAU	26.938884457871133	8	things	01	13	things	6
subcortex_PUT	25.873135028939057	8	things	01	13	things	6
subcortex_THA	26.591620944939525	14	things	01	13	things	6
cerebellum	33.60701457758904	88	things	01	14	things	1
cortex_Cont	44.404071810499325	128	things	01	14	things	1
cortex_Default	41.88562178075493	209	things	01	14	things	1
cortex_DorsAttn	47.461104156302625	122	things	01	14	things	1
cortex_Limbic	17.25698107110311	60	things	01	14	things	1
cortex_SalVentAttn	45.82752338183502	121	things	01	14	things	1
cortex_SomMot	45.18823934208053	194	things	01	14	things	1
cortex_Vis	38.982509456750165	162	things	01	14	things	1
subcortex_CAU	28.891272668876717	8	things	01	14	things	1
subcortex_PUT	26.849195303513042	8	things	01	14	things	1
subcortex_THA	28.558945190518777	14	things	01	14	things	1
cerebellum	25.24029646510271	88	things	01	14	things	2
cortex_Cont	34.06187568667695	128	things	01	14	things	2
cortex_Default	32.24671066897016	209	things	01	14	things	2
cortex_DorsAttn	36.239634123052284	122	things	01	14	things	2
cortex_Limbic	13.70348558992461	60	things	01	14	things	2
cortex_SalVentAttn	37.03090393985181	121	things	01	14	things	2
cortex_SomMot	35.544853353844864	194	things	01	14	things	2
cortex_Vis	29.42817732105948	162	things	01	14	things	2
subcortex_CAU	24.438577860481335	8	things	01	14	things	2
subcortex_PUT	24.205490316450607	8	things	01	14	things	2
subcortex_THA	25.618815510060756	14	things	01	14	things	2
cerebellum	25.850824718457798	88	things	01	14	things	3
cortex_Cont	33.070196394146805	128	things	01	14	things	3
cortex_Default	31.677740413629095	209	things	01	14	things	3
cortex_DorsAttn	34.00893469881816	122	things	01	14	things	3
cortex_Limbic	14.49531148875071	60	things	01	14	things	3
cortex_SalVentAttn	36.20675260707584	121	things	01	14	things	3
cortex_SomMot	33.96510710815294	194	things	01	14	things	3
cortex_Vis	28.344440703844533	162	things	01	14	things	3
subcortex_CAU	24.794085429817823	8	things	01	14	things	3
subcortex_PUT	24.65159227785254	8	things	01	14	things	3
subcortex_THA	26.218956653533784	14	things	01	14	things	3
cerebellum	27.37335331054085	88	things	01	14	things	4
cortex_Cont	36.492914836649405	128	things	01	14	things	4
cortex_Default	34.28928887658943	209	things	01	14	things	4
cortex_DorsAttn	38.709956672871336	122	things	01	14	things	4
cortex_Limbic	13.960415458511811	60	things	01	14	things	4
cortex_SalVentAttn	37.77792539070974	121	things	01	14	things	4
cortex_SomMot	36.05121660001307	194	things	01	14	things	4
cortex_Vis	31.852632936779074	162	things	01	14	things	4
subcortex_CAU	24.5739938471009	8	things	01	14	things	4
subcortex_PUT	24.192383464030385	8	things	01	14	things	4
subcortex_THA	25.886364206139433	14	things	01	14	things	4
cerebellum	30.631967632484567	88	things	01	14	things	5
cortex_Cont	40.202483037269104	128	things	01	14	things	5
cortex_Default	37.90091975067153	209	things	01	14	things	5
cortex_DorsAttn	45.398431351745714	122	things	01	14	things	5
cortex_Limbic	15.839531400343127	60	things	01	14	things	5
cortex_SalVentAttn	41.414410181942564	121	things	01	14	things	5
cortex_SomMot	41.19714093381778	194	things	01	14	things	5
cortex_Vis	35.76490154868302	162	things	01	14	things	5
subcortex_CAU	26.235500201272234	8	things	01	14	things	5
subcortex_PUT	25.238851884529428	8	things	01	14	things	5
subcortex_THA	27.15842472858489	14	things	01	14	things	5
cerebellum	28.91514915459891	88	things	01	14	things	6
cortex_Cont	37.58433953099051	128	things	01	14	things	6
cortex_Default	36.09510163067491	209	things	01	14	things	6
cortex_DorsAttn	40.01622840463918	122	things	01	14	things	6
cortex_Limbic	14.615518370373742	60	things	01	14	things	6
cortex_SalVentAttn	39.00045349415542	121	things	01	14	things	6
cortex_SomMot	36.60677361165735	194	things	01	14	things	6
cortex_Vis	34.47843473800472	162	things	01	14	things	6
subcortex_CAU	26.150740894609864	8	things	01	14	things	6
subcortex_PUT	25.813978270190375	8	things	01	14	things	6
subcortex_THA	26.635254346011866	14	things	01	14	things	6
cerebellum	24.59208214504197	88	things	01	15	things	1
cortex_Cont	32.48428364429043	128	things	01	15	things	1
cortex_Default	31.627282743755853	209	things	01	15	things	1
cortex_DorsAttn	35.463988677662435	122	things	01	15	things	1
cortex_Limbic	13.440348055023458	60	things	01	15	things	1
cortex_SalVentAttn	36.5362289089196	121	things	01	15	things	1
cortex_SomMot	34.89385356983963	194	things	01	15	things	1
cortex_Vis	28.365313363993955	162	things	01	15	things	1
subcortex_CAU	24.22526691485684	8	things	01	15	things	1
subcortex_PUT	24.901101827298504	8	things	01	15	things	1
subcortex_THA	25.967850265744733	14	things	01	15	things	1
cerebellum	28.352773764468466	88	things	01	15	things	2
cortex_Cont	38.18199436247284	128	things	01	15	things	2
cortex_Default	35.459681347656044	209	things	01	15	things	2
cortex_DorsAttn	40.72578148978154	122	things	01	15	things	2
cortex_Limbic	14.55989467674622	60	things	01	15	things	2
cortex_SalVentAttn	40.027675053040014	121	things	01	15	things	2
cortex_SomMot	39.326732220647614	194	things	01	15	things	2
cortex_Vis	31.674084069289563	162	things	01	15	things	2
subcortex_CAU	25.51245608089918	8	things	01	15	things	2
subcortex_PUT	24.90466702276683	8	things	01	15	things	2
subcortex_THA	26.44491563947667	14	things	01	15	things	2
cerebellum	30.147768898116432	88	things	01	15	things	3
cortex_Cont	39.860742157142816	128	things	01	15	things	3
cortex_Default	37.57865588491653	209	things	01	15	things	3
cortex_DorsAttn	43.79253730004733	122	things	01	15	things	3
cortex_Limbic	15.03259289273467	60	things	01	15	things	3
cortex_SalVentAttn	41.21356651357182	121	things	01	15	things	3
cortex_SomMot	40.31661880804791	194	things	01	15	things	3
cortex_Vis	34.47026720156837	162	things	01	15	things	3
subcortex_CAU	26.56393727012886	8	things	01	15	things	3
subcortex_PUT	25.66858152338855	8	things	01	15	things	3
subcortex_THA	27.094004617982502	14	things	01	15	things	3
cerebellum	26.320556983641847	88	things	01	15	things	4
cortex_Cont	35.377000084956485	128	things	01	15	things	4
cortex_Default	33.564017975100526	209	things	01	15	things	4
cortex_DorsAttn	37.1158274348863	122	things	01	15	things	4
cortex_Limbic	13.742232888763926	60	things	01	15	things	4
cortex_SalVentAttn	37.80638101882306	121	things	01	15	things	4
cortex_SomMot	36.05643717632542	194	things	01	15	things	4
cortex_Vis	29.957468839493426	162	things	01	15	things	4
subcortex_CAU	24.599635462738682	8	things	01	15	things	4
subcortex_PUT	24.10610991953549	8	things	01	15	things	4
subcortex_THA	25.937922782094027	14	things	01	15	things	4
cerebellum	28.557902407272547	88	things	01	15	things	5
cortex_Cont	37.44542058580841	128	things	01	15	things	5
cortex_Default	35.858424333204866	209	things	01	15	things	5
cortex_DorsAttn	41.653429323282666	122	things	01	15	things	5
cortex_Limbic	14.204568514500371	60	things	01	15	things	5
cortex_SalVentAttn	39.3714045241379	121	things	01	15	things	5
cortex_SomMot	38.75646739116089	194	things	01	15	things	5
cortex_Vis	33.21500085531855	162	things	01	15	things	5
subcortex_CAU	25.621547795858664	8	things	01	15	things	5
subcortex_PUT	25.284201962574592	8	things	01	15	things	5
subcortex_THA	26.777815091925838	14	things	01	15	things	5
cerebellum	25.51051491989639	88	things	01	15	things	6
cortex_Cont	36.70399444510729	128	things	01	15	things	6
cortex_Default	34.3980776122325	209	things	01	15	things	6
cortex_DorsAttn	39.10552553440185	122	things	01	15	things	6
cortex_Limbic	13.48201143860304	60	things	01	15	things	6
cortex_SalVentAttn	39.19209575129748	121	things	01	15	things	6
cortex_SomMot	38.209802904027605	194	things	01	15	things	6
cortex_Vis	31.08272418033596	162	things	01	15	things	6
subcortex_CAU	24.59929300672	8	things	01	15	things	6
subcortex_PUT	24.632290178541897	8	things	01	15	things	6
subcortex_THA	25.94769328609231	14	things	01	15	things	6
cerebellum	24.170685858145227	88	things	01	16	things	1
cortex_Cont	33.289402174187515	128	things	01	16	things	1
cortex_Default	31.75498750482884	209	things	01	16	things	1
cortex_DorsAttn	34.38518012785574	122	things	01	16	things	1
cortex_Limbic	15.020005327317005	60	things	01	16	things	1
cortex_SalVentAttn	36.10723557253636	121	things	01	16	things	1
cortex_SomMot	35.00412043715763	194	things	01	16	things	1
cortex_Vis	27.175328673204582	162	things	01	16	things	1
subcortex_CAU	26.07446231201288	8	things	01	16	things	1
subcortex_PUT	26.2528864523325	8	things	01	16	things	1
subcortex_THA	25.37751114738172	14	things	01	16	things	1
cerebellum	29.400583223385706	88	things	01	16	things	2
cortex_Cont	43.91972034971097	128	things	01	16	things	2
cortex_Default	39.86868555175825	209	things	01	16	things	2
cortex_DorsAttn	45.337912393664304	122	things	01	16	things	2
cortex_Limbic	17.302906922579563	60	things	01	16	things	2
cortex_SalVentAttn	43.33144599799554	121	things	01	16	things	2
cortex_SomMot	42.70776053501026	194	things	01	16	things	2
cortex_Vis	35.8483121473448	162	things	01	16	things	2
subcortex_CAU	26.78749398699134	8	things	01	16	things	2
subcortex_PUT	26.974688757774974	8	things	01	16	things	2
subcortex_THA	26.49903905128179	14	things	01	16	things	2
cerebellum	30.61432042523015	88	things	01	16	things	3
cortex_Cont	43.02749964669898	128	things	01	16	things	3
cortex_Default	39.8398950018505	209	things	01	16	things	3
cortex_DorsAttn	47.47641102858363	122	things	01	16	things	3
cortex_Limbic	16.41270611533431	60	things	01	16	things	3
cortex_SalVentAttn	42.05700462026938	121	things	01	16	things	3
cortex_SomMot	42.08788673529244	194	things	01	16	things	3
cortex_Vis	37.979858354043365	162	things	01	16	things	3
subcortex_CAU	25.467004843360083	8	things	01	16	things	3
subcortex_PUT	26.06600629632544	8	things	01	16	things	3
subcortex_THA	26.687335319798613	14	things	01	16	things	3
cerebellum	29.555704094718315	88	things	01	16	things	4
cortex_Cont	40.21832545431145	128	things	01	16	things	4
cortex_Default	38.129122508284766	209	things	01	16	things	4
cortex_DorsAttn	43.74473334645073	122	things	01	16	things	4
cortex_Limbic	15.955878476961079	60	things	01	16	things	4
cortex_SalVentAttn	41.247801523264386	121	things	01	16	things	4
cortex_SomMot	41.47669625977324	194	things	01	16	things	4
cortex_Vis	35.545482206334334	162	things	01	16	things	4
subcortex_CAU	25.9583534131474	8	things	01	16	things	4
subcortex_PUT	26.137143021084917	8	things	01	16	things	4
subcortex_THA	26.213325773022177	14	things	01	16	things	4
cerebellum	28.708319089182826	88	things	01	16	things	5
cortex_Cont	42.12060439612565	128	things	01	16	things	5
cortex_Default	38.970383437051034	209	things	01	16	things	5
cortex_DorsAttn	42.317809360015204	122	things	01	16	things	5
cortex_Limbic	16.381630064112258	60	things	01	16	things	5
cortex_SalVentAttn	42.327985243851465	121	things	01	16	things	5
cortex_SomMot	41.23766376475329	194	things	01	16	things	5
cortex_Vis	34.282369925261484	162	things	01	16	things	5
subcortex_CAU	25.73440643306617	8	things	01	16	things	5
subcortex_PUT	27.489169140441383	8	things	01	16	things	5
subcortex_THA	26.74892455990056	14	things	01	16	things	5
cerebellum	28.659424878333333	88	things	01	16	things	6
cortex_Cont	41.61600856045431	128	things	01	16	things	6
cortex_Default	38.0170890206488	209	things	01	16	things	6
cortex_DorsAttn	43.03472761640257	122	things	01	16	things	6
cortex_Limbic	15.322747731028747	60	things	01	16	things	6
cortex_SalVentAttn	41.01828628663007	121	things	01	16	things	6
cortex_SomMot	40.42520247078428	194	things	01	16	things	6
cortex_Vis	35.05361994473076	162	things	01	16	things	6
subcortex_CAU	25.527356693078822	8	things	01	16	things	6
subcortex_PUT	25.472211229693812	8	things	01	16	things	6
subcortex_THA	25.675055748308928	14	things	01	16	things	6
cerebellum	23.294471704466858	88	things	01	17	things	1
cortex_Cont	31.361237692878618	128	things	01	17	things	1
cortex_Default	29.63878868999081	209	things	01	17	things	1
cortex_DorsAttn	32.80437220269608	122	things	01	17	things	1
cortex_Limbic	13.389258911472982	60	things	01	17	things	1
cortex_SalVentAttn	33.91115761887712	121	things	01	17	things	1
cortex_SomMot	32.09927298213567	194	things	01	17	things	1
cortex_Vis	25.94148503373675	162	things	01	17	things	1
subcortex_CAU	24.89670200649992	8	things	01	17	things	1
subcortex_PUT	24.244763394741764	8	things	01	17	things	1
subcortex_THA	23.934160183919467	14	things	01	17	things	1
cerebellum	29.233391213696247	88	things	01	17	things	2
cortex_Cont	37.16402871517671	128	things	01	17	things	2
cortex_Default	35.51005284842808	209	things	01	17	things	2
cortex_DorsAttn	41.558455303960315	122	things	01	17	things	2
cortex_Limbic	14.712015608971061	60	things	01	17	things	2
cortex_SalVentAttn	38.199573214309346	121	things	01	17	things	2
cortex_SomMot	37.14966575502322	194	things	01	17	things	2
cortex_Vis	33.70879236917299	162	things	01	17	things	2
subcortex_CAU	26.363557047504546	8	things	01	17	things	2
subcortex_PUT	25.720947890812624	8	things	01	17	things	2
subcortex_THA	26.017338734615493	14	things	01	17	things	2
cerebellum	23.72750419401044	88	things	01	17	things	3
cortex_Cont	30.926859801994162	128	things	01	17	things	3
cortex_Default	30.439533922566742	209	things	01	17	things	3
cortex_DorsAttn	33.126688838572775	122	things	01	17	things	3
cortex_Limbic	13.639487597262471	60	things	01	17	things	3
cortex_SalVentAttn	34.05806396103409	121	things	01	17	things	3
cortex_SomMot	31.737776588418804	194	things	01	17	things	3
cortex_Vis	26.996719732012703	162	things	01	17	things	3
subcortex_CAU	24.543798000920034	8	things	01	17	things	3
subcortex_PUT	24.482890336575203	8	things	01	17	things	3
subcortex_THA	24.864020564402402	14	things	01	17	things	3
cerebellum	24.41846751212182	88	things	01	17	things	4
cortex_Cont	31.09348941812667	128	things	01	17	things	4
cortex_Default	30.272392115789323	209	things	01	17	things	4
cortex_DorsAttn	34.273901248202435	122	things	01	17	things	4
cortex_Limbic	13.336213280666202	60	things	01	17	things	4
cortex_SalVentAttn	33.61183405400339	121	things	01	17	things	4
cortex_SomMot	31.204134468116052	194	things	01	17	things	4
cortex_Vis	27.35810068494368	162	things	01	17	things	4
subcortex_CAU	24.053816408361406	8	things	01	17	things	4
subcortex_PUT	24.044537171778764	8	things	01	17	things	4
subcortex_THA	24.389979630013112	14	things	01	17	things	4
cerebellum	29.067465686241555	88	things	01	17	things	5
cortex_Cont	35.48412467762293	128	things	01	17	things	5
cortex_Default	34.462259196586956	209	things	01	17	things	5
cortex_DorsAttn	39.15418630302904	122	things	01	17	things	5
cortex_Limbic	14.825258579242355	60	things	01	17	things	5
cortex_SalVentAttn	37.6217134506175	121	things	01	17	things	5
cortex_SomMot	35.54435651889501	194	things	01	17	things	5
cortex_Vis	31.92290637118521	162	things	01	17	things	5
subcortex_CAU	26.004935909055337	8	things	01	17	things	5
subcortex_PUT	24.9808190301573	8	things	01	17	things	5
subcortex_THA	25.761597593525533	14	things	01	17	things	5
cerebellum	30.48559051691474	88	things	01	17	things	6
cortex_Cont	39.64948539703809	128	things	01	17	things	6
cortex_Default	37.85555282436905	209	things	01	17	things	6
cortex_DorsAttn	43.497349604142116	122	things	01	17	things	6
cortex_Limbic	15.62679648565442	60	things	01	17	things	6
cortex_SalVentAttn	41.680972162999105	121	things	01	17	things	6
cortex_SomMot	41.02084877480546	194	things	01	17	things	6
cortex_Vis	34.996797193824065	162	things	01	17	things	6
subcortex_CAU	26.829707666679774	8	things	01	17	things	6
subcortex_PUT	26.460707410100166	8	things	01	17	things	6
subcortex_THA	26.600709126525885	14	things	01	17	things	6
cerebellum	37.78425071014754	88	things	01	18	things	1
cortex_Cont	50.199041167319216	128	things	01	18	things	1
cortex_Default	47.183844827821936	209	things	01	18	things	1
cortex_DorsAttn	55.302665746503536	122	things	01	18	things	1
cortex_Limbic	18.418607033645106	60	things	01	18	things	1
cortex_SalVentAttn	48.90463870239661	121	things	01	18	things	1
cortex_SomMot	52.7005128334781	194	things	01	18	things	1
cortex_Vis	44.907988955457505	162	things	01	18	things	1
subcortex_CAU	28.14641035082937	8	things	01	18	things	1
subcortex_PUT	29.150041458540997	8	things	01	18	things	1
subcortex_THA	27.940539962085534	14	things	01	18	things	1
cerebellum	37.06327035093378	88	things	01	18	things	2
cortex_Cont	51.52017222470903	128	things	01	18	things	2
cortex_Default	48.2897940887195	209	things	01	18	things	2
cortex_DorsAttn	55.24091837833741	122	things	01	18	things	2
cortex_Limbic	19.595499726933195	60	things	01	18	things	2
cortex_SalVentAttn	49.74549384944321	121	things	01	18	things	2
cortex_SomMot	52.52045811187851	194	things	01	18	things	2
cortex_Vis	44.25393121536705	162	things	01	18	things	2
subcortex_CAU	28.920764540227403	8	things	01	18	things	2
subcortex_PUT	29.49854537700771	8	things	01	18	things	2
subcortex_THA	28.41401119513791	14	things	01	18	things	2
cerebellum	37.1945872526275	88	things	01	18	things	3
cortex_Cont	50.89520148147935	128	things	01	18	things	3
cortex_Default	47.66006232523858	209	things	01	18	things	3
cortex_DorsAttn	54.88418797574808	122	things	01	18	things	3
cortex_Limbic	19.032702536178114	60	things	01	18	things	3
cortex_SalVentAttn	49.683220725973065	121	things	01	18	things	3
cortex_SomMot	52.116111496533264	194	things	01	18	things	3
cortex_Vis	44.24160354371421	162	things	01	18	things	3
subcortex_CAU	28.896632909848456	8	things	01	18	things	3
subcortex_PUT	29.297596576073083	8	things	01	18	things	3
subcortex_THA	28.358324307437453	14	things	01	18	things	3
cerebellum	35.21435474395887	88	things	01	18	things	4
cortex_Cont	48.600846641666635	128	things	01	18	things	4
cortex_Default	45.45319463204246	209	things	01	18	things	4
cortex_DorsAttn	51.44762007034495	122	things	01	18	things	4
cortex_Limbic	18.18462678009734	60	things	01	18	things	4
cortex_SalVentAttn	47.451339720199414	121	things	01	18	things	4
cortex_SomMot	48.56894241649565	194	things	01	18	things	4
cortex_Vis	41.344156131633675	162	things	01	18	things	4
subcortex_CAU	28.082342522654898	8	things	01	18	things	4
subcortex_PUT	28.665489025111793	8	things	01	18	things	4
subcortex_THA	27.588439849627438	14	things	01	18	things	4
cerebellum	33.29252619858756	88	things	01	18	things	5
cortex_Cont	46.078663098626315	128	things	01	18	things	5
cortex_Default	43.30993561316338	209	things	01	18	things	5
cortex_DorsAttn	48.3850002777046	122	things	01	18	things	5
cortex_Limbic	17.382085379198244	60	things	01	18	things	5
cortex_SalVentAttn	45.374136418313505	121	things	01	18	things	5
cortex_SomMot	45.529359512092725	194	things	01	18	things	5
cortex_Vis	39.11124841846939	162	things	01	18	things	5
subcortex_CAU	27.603880556238757	8	things	01	18	things	5
subcortex_PUT	28.239102241452656	8	things	01	18	things	5
subcortex_THA	27.056637751389243	14	things	01	18	things	5
cerebellum	28.799067502462254	88	things	01	18	things	6
cortex_Cont	40.827940819699876	128	things	01	18	things	6
cortex_Default	37.99850281494201	209	things	01	18	things	6
cortex_DorsAttn	44.78725808942368	122	things	01	18	things	6
cortex_Limbic	14.882814690310346	60	things	01	18	things	6
cortex_SalVentAttn	42.47975524054189	121	things	01	18	things	6
cortex_SomMot	42.90333227608538	194	things	01	18	things	6
cortex_Vis	35.2259386968074	162	things	01	18	things	6
subcortex_CAU	26.15441779749557	8	things	01	18	things	6
subcortex_PUT	27.083841199870427	8	things	01	18	things	6
subcortex_THA	26.388885199813807	14	things	01	18	things	6
cerebellum	27.81395329910407	88	things	01	19	things	1
cortex_Cont	36.30649334234543	128	things	01	19	things	1
cortex_Default	34.886189381797664	209	things	01	19	things	1
cortex_DorsAttn	38.776792075804835	122	things	01	19	things	1
cortex_Limbic	15.356200453052121	60	things	01	19	things	1
cortex_SalVentAttn	39.980903537494406	121	things	01	19	things	1
cortex_SomMot	39.07853068072404	194	things	01	19	things	1
cortex_Vis	31.661223980497855	162	things	01	19	things	1
subcortex_CAU	25.348794321232692	8	things	01	19	things	1
subcortex_PUT	26.506439145337044	8	things	01	19	things	1
subcortex_THA	26.30825974595618	14	things	01	19	things	1
cerebellum	25.710106448333104	88	things	01	19	things	2
cortex_Cont	35.74932109746663	128	things	01	19	things	2
cortex_Default	33.72065768009193	209	things	01	19	things	2
cortex_DorsAttn	37.89496743813859	122	things	01	19	things	2
cortex_Limbic	14.504643942861758	60	things	01	19	things	2
cortex_SalVentAttn	38.0430803560126	121	things	01	19	things	2
cortex_SomMot	36.92619155312281	194	things	01	19	things	2
cortex_Vis	29.79186337068481	162	things	01	19	things	2
subcortex_CAU	26.012763906161748	8	things	01	19	things	2
subcortex_PUT	27.217197395038802	8	things	01	19	things	2
subcortex_THA	25.525868454742994	14	things	01	19	things	2
cerebellum	29.756928501077446	88	things	01	19	things	3
cortex_Cont	38.946612246603955	128	things	01	19	things	3
cortex_Default	37.632811453962596	209	things	01	19	things	3
cortex_DorsAttn	42.95376127438124	122	things	01	19	things	3
cortex_Limbic	15.496212294933839	60	things	01	19	things	3
cortex_SalVentAttn	40.26663118878608	121	things	01	19	things	3
cortex_SomMot	38.93847202398439	194	things	01	19	things	3
cortex_Vis	35.30033237687716	162	things	01	19	things	3
subcortex_CAU	26.37713165480026	8	things	01	19	things	3
subcortex_PUT	27.075906790914182	8	things	01	19	things	3
subcortex_THA	26.326988505116926	14	things	01	19	things	3
cerebellum	32.53985880643546	88	things	01	19	things	4
cortex_Cont	44.04945628351076	128	things	01	19	things	4
cortex_Default	41.656123730720104	209	things	01	19	things	4
cortex_DorsAttn	48.19474412931601	122	things	01	19	things	4
cortex_Limbic	17.222904167911004	60	things	01	19	things	4
cortex_SalVentAttn	44.60911439195198	121	things	01	19	things	4
cortex_SomMot	45.88616169969361	194	things	01	19	things	4
cortex_Vis	38.71986033067507	162	things	01	19	things	4
subcortex_CAU	27.424427023942602	8	things	01	19	things	4
subcortex_PUT	27.453794568023806	8	things	01	19	things	4
subcortex_THA	27.651409108012974	14	things	01	19	things	4
cerebellum	33.78434593219471	88	things	01	19	things	5
cortex_Cont	46.00754752554441	128	things	01	19	things	5
cortex_Default	43.33804919922163	209	things	01	19	things	5
cortex_DorsAttn	49.93510860305214	122	things	01	19	things	5
cortex_Limbic	17.642367645048036	60	things	01	19	things	5
cortex_SalVentAttn	46.72012976786283	121	things	01	19	things	5
cortex_SomMot	48.345563635565114	194	things	01	19	things	5
cortex_Vis	39.76545458115044	162	things	01	19	things	5
subcortex_CAU	27.96084956622366	8	things	01	19	things	5
subcortex_PUT	27.991027515045342	8	things	01	19	things	5
subcortex_THA	27.79451651880402	14	things	01	19	things	5
cerebellum	29.791254178473796	88	things	01	19	things	6
cortex_Cont	40.921679271679906	128	things	01	19	things	6
cortex_Default	38.47077052301164	209	things	01	19	things	6
cortex_DorsAttn	43.72591495989006	122	things	01	19	things	6
cortex_Limbic	15.17605452338866	60	things	01	19	things	6
cortex_SalVentAttn	41.450939043738074	121	things	01	19	things	6
cortex_SomMot	41.57073484907931	194	things	01	19	things	6
cortex_Vis	34.893787141313105	162	things	01	19	things	6
subcortex_CAU	25.656306570402943	8	things	01	19	things	6
subcortex_PUT	26.62324755999079	8	things	01	19	things	6
subcortex_THA	25.923317979238725	14	things	01	19	things	6
cerebellum	34.858976162392075	88	things	01	20	things	1
cortex_Cont	49.194684352243456	128	things	01	20	things	1
cortex_Default	45.516247046222254	209	things	01	20	things	1
cortex_DorsAttn	53.25320618988781	122	things	01	20	things	1
cortex_Limbic	17.608607345607556	60	things	01	20	things	1
cortex_SalVentAttn	47.89699117943903	121	things	01	20	things	1
cortex_SomMot	51.03930489577863	194	things	01	20	things	1
cortex_Vis	41.853362105903706	162	things	01	20	things	1
subcortex_CAU	27.09638730881407	8	things	01	20	things	1
subcortex_PUT	28.535750734781733	8	things	01	20	things	1
subcortex_THA	27.79153400080256	14	things	01	20	things	1
cerebellum	36.854045658446616	88	things	01	20	things	2
cortex_Cont	51.732596328752344	128	things	01	20	things	2
cortex_Default	47.84722743537932	209	things	01	20	things	2
cortex_DorsAttn	56.62331161674179	122	things	01	20	things	2
cortex_Limbic	18.891918324066296	60	things	01	20	things	2
cortex_SalVentAttn	50.17325478028999	121	things	01	20	things	2
cortex_SomMot	53.93818412613065	194	things	01	20	things	2
cortex_Vis	44.79268872830993	162	things	01	20	things	2
subcortex_CAU	28.965681579767125	8	things	01	20	things	2
subcortex_PUT	29.373631994732428	8	things	01	20	things	2
subcortex_THA	28.244168521968497	14	things	01	20	things	2
cerebellum	33.34597284865248	88	things	01	20	things	3
cortex_Cont	46.08605139033196	128	things	01	20	things	3
cortex_Default	42.84675518996374	209	things	01	20	things	3
cortex_DorsAttn	47.681265628526425	122	things	01	20	things	3
cortex_Limbic	17.374405293073032	60	things	01	20	things	3
cortex_SalVentAttn	45.41503068872816	121	things	01	20	things	3
cortex_SomMot	45.939231020995365	194	things	01	20	things	3
cortex_Vis	38.01206150931806	162	things	01	20	things	3
subcortex_CAU	27.752931516116874	8	things	01	20	things	3
subcortex_PUT	27.93835601956572	8	things	01	20	things	3
subcortex_THA	27.39977268828218	14	things	01	20	things	3
cerebellum	26.676965515442316	88	things	01	20	things	4
cortex_Cont	35.54685135620232	128	things	01	20	things	4
cortex_Default	33.55346026266734	209	things	01	20	things	4
cortex_DorsAttn	37.4931077623855	122	things	01	20	things	4
cortex_Limbic	14.67303329772358	60	things	01	20	things	4
cortex_SalVentAttn	37.84245352688594	121	things	01	20	things	4
cortex_SomMot	36.95084712188057	194	things	01	20	things	4
cortex_Vis	29.995827403019653	162	things	01	20	things	4
subcortex_CAU	25.666573556865497	8	things	01	20	things	4
subcortex_PUT	25.670897640476756	8	things	01	20	things	4
subcortex_THA	25.645125992978713	14	things	01	20	things	4
cerebellum	23.71261507379074	88	things	01	20	things	5
cortex_Cont	32.64953200201192	128	things	01	20	things	5
cortex_Default	30.357003268093102	209	things	01	20	things	5
cortex_DorsAttn	33.76645040064725	122	things	01	20	things	5
cortex_Limbic	13.414665312899983	60	things	01	20	things	5
cortex_SalVentAttn	35.015663132392795	121	things	01	20	things	5
cortex_SomMot	33.78181630072584	194	things	01	20	things	5
cortex_Vis	26.4841262360199	162	things	01	20	things	5
subcortex_CAU	23.326611436954586	8	things	01	20	things	5
subcortex_PUT	24.265279988447155	8	things	01	20	things	5
subcortex_THA	24.28661571555702	14	things	01	20	things	5
cerebellum	27.11453210632386	88	things	01	20	things	6
cortex_Cont	36.18273594283945	128	things	01	20	things	6
cortex_Default	34.75477581508269	209	things	01	20	things	6
cortex_DorsAttn	38.97439042135101	122	things	01	20	things	6
cortex_Limbic	14.888907669702375	60	things	01	20	things	6
cortex_SalVentAttn	37.97860652413625	121	things	01	20	things	6
cortex_SomMot	36.549497337815794	194	things	01	20	things	6
cortex_Vis	31.577871987537993	162	things	01	20	things	6
subcortex_CAU	25.240361651853217	8	things	01	20	things	6
subcortex_PUT	25.96188003731774	8	things	01	20	things	6
subcortex_THA	25.786552282771062	14	things	01	20	things	6
cerebellum	32.64685462238495	88	things	01	21	things	1
cortex_Cont	46.76163912912642	128	things	01	21	things	1
cortex_Default	43.4505513521751	209	things	01	21	things	1
cortex_DorsAttn	49.23724457366962	122	things	01	21	things	1
cortex_Limbic	17.08792658847042	60	things	01	21	things	1
cortex_SalVentAttn	45.822446270719375	121	things	01	21	things	1
cortex_SomMot	47.60753039273838	194	things	01	21	things	1
cortex_Vis	38.97698929598599	162	things	01	21	things	1
subcortex_CAU	26.884661568297204	8	things	01	21	things	1
subcortex_PUT	27.53585269562494	8	things	01	21	things	1
subcortex_THA	27.330995018040152	14	things	01	21	things	1
cerebellum	26.846884153427357	88	things	01	21	things	2
cortex_Cont	37.34337195064472	128	things	01	21	things	2
cortex_Default	34.86796278703841	209	things	01	21	things	2
cortex_DorsAttn	39.78106923361936	122	things	01	21	things	2
cortex_Limbic	14.310550104988481	60	things	01	21	things	2
cortex_SalVentAttn	38.633542584352135	121	things	01	21	things	2
cortex_SomMot	37.62761810470246	194	things	01	21	things	2
cortex_Vis	31.906358467468742	162	things	01	21	things	2
subcortex_CAU	24.386512827570535	8	things	01	21	things	2
subcortex_PUT	24.82676532316738	8	things	01	21	things	2
subcortex_THA	25.74204990701106	14	things	01	21	things	2
cerebellum	24.212361277098147	88	things	01	21	things	3
cortex_Cont	33.08903058492705	128	things	01	21	things	3
cortex_Default	31.5465785308618	209	things	01	21	things	3
cortex_DorsAttn	35.810740445062294	122	things	01	21	things	3
cortex_Limbic	13.955712989447699	60	things	01	21	things	3
cortex_SalVentAttn	36.459630516757166	121	things	01	21	things	3
cortex_SomMot	35.55515085091446	194	things	01	21	things	3
cortex_Vis	26.905037341373124	162	things	01	21	things	3
subcortex_CAU	24.60653315677122	8	things	01	21	things	3
subcortex_PUT	24.505985006259415	8	things	01	21	things	3
subcortex_THA	25.245621689244096	14	things	01	21	things	3
cerebellum	32.753139950601934	88	things	01	21	things	4
cortex_Cont	45.53513794262358	128	things	01	21	things	4
cortex_Default	43.04468651304744	209	things	01	21	things	4
cortex_DorsAttn	49.45750852051729	122	things	01	21	things	4
cortex_Limbic	17.506705245519342	60	things	01	21	things	4
cortex_SalVentAttn	44.81641181016659	121	things	01	21	things	4
cortex_SomMot	45.763896468880134	194	things	01	21	things	4
cortex_Vis	39.335649041079954	162	things	01	21	things	4
subcortex_CAU	26.65436113760779	8	things	01	21	things	4
subcortex_PUT	27.46236470143776	8	things	01	21	things	4
subcortex_THA	27.790347305344046	14	things	01	21	things	4
cerebellum	34.54290502635044	88	things	01	21	things	5
cortex_Cont	49.359649384266696	128	things	01	21	things	5
cortex_Default	45.73899085925351	209	things	01	21	things	5
cortex_DorsAttn	53.19012545224386	122	things	01	21	things	5
cortex_Limbic	17.84626438253783	60	things	01	21	things	5
cortex_SalVentAttn	48.177231039153064	121	things	01	21	things	5
cortex_SomMot	50.28588123440782	194	things	01	21	things	5
cortex_Vis	42.868277972369754	162	things	01	21	things	5
subcortex_CAU	27.940577634767443	8	things	01	21	things	5
subcortex_PUT	27.47445821132552	8	things	01	21	things	5
subcortex_THA	28.061500326683205	14	things	01	21	things	5
cerebellum	30.928287755213834	88	things	01	21	things	6
cortex_Cont	42.68366564553513	128	things	01	21	things	6
cortex_Default	39.77471880228555	209	things	01	21	things	6
cortex_DorsAttn	45.47342551948841	122	things	01	21	things	6
cortex_Limbic	15.648979905246215	60	things	01	21	things	6
cortex_SalVentAttn	42.92754220242974	121	things	01	21	things	6
cortex_SomMot	43.16921268644546	194	things	01	21	things	6
cortex_Vis	36.683674236585965	162	things	01	21	things	6
subcortex_CAU	25.660618245313017	8	things	01	21	things	6
subcortex_PUT	26.653990650524634	8	things	01	21	things	6
subcortex_THA	26.68171767215472	14	things	01	21	things	6
cerebellum	28.069155499267477	88	things	01	22	things	1
cortex_Cont	37.15272484274599	128	things	01	22	things	1
cortex_Default	35.496567010832585	209	things	01	22	things	1
cortex_DorsAttn	40.21660645922354	122	things	01	22	things	1
cortex_Limbic	15.0646663207721	60	things	01	22	things	1
cortex_SalVentAttn	40.45937622384739	121	things	01	22	things	1
cortex_SomMot	38.53859235360556	194	things	01	22	things	1
cortex_Vis	33.01004241306042	162	things	01	22	things	1
subcortex_CAU	26.443955908750123	8	things	01	22	things	1
subcortex_PUT	26.5897668115304	8	things	01	22	things	1
subcortex_THA	27.129647111639464	14	things	01	22	things	1
cerebellum	32.10620023114117	88	things	01	22	things	2
cortex_Cont	43.19978294192596	128	things	01	22	things	2
cortex_Default	40.39686487950456	209	things	01	22	things	2
cortex_DorsAttn	47.69793948286854	122	things	01	22	things	2
cortex_Limbic	17.07443511885514	60	things	01	22	things	2
cortex_SalVentAttn	44.947410296211714	121	things	01	22	things	2
cortex_SomMot	44.610597369615036	194	things	01	22	things	2
cortex_Vis	37.2151563357014	162	things	01	22	things	2
subcortex_CAU	28.557315152780625	8	things	01	22	things	2
subcortex_PUT	27.362024732544942	8	things	01	22	things	2
subcortex_THA	28.436088841019	14	things	01	22	things	2
cerebellum	29.927277132870255	88	things	01	22	things	3
cortex_Cont	40.741501552728806	128	things	01	22	things	3
cortex_Default	38.26511822662225	209	things	01	22	things	3
cortex_DorsAttn	44.17693795476885	122	things	01	22	things	3
cortex_Limbic	16.24280758393683	60	things	01	22	things	3
cortex_SalVentAttn	42.39955562157804	121	things	01	22	things	3
cortex_SomMot	42.42686338567805	194	things	01	22	things	3
cortex_Vis	34.49345079726997	162	things	01	22	things	3
subcortex_CAU	28.090354599451484	8	things	01	22	things	3
subcortex_PUT	27.087525785899686	8	things	01	22	things	3
subcortex_THA	28.212140011495965	14	things	01	22	things	3
cerebellum	27.331046117832194	88	things	01	22	things	4
cortex_Cont	36.01600959192224	128	things	01	22	things	4
cortex_Default	33.64346101776746	209	things	01	22	things	4
cortex_DorsAttn	38.79412534467435	122	things	01	22	things	4
cortex_Limbic	14.457535236864759	60	things	01	22	things	4
cortex_SalVentAttn	38.05231566325638	121	things	01	22	things	4
cortex_SomMot	37.32962556296751	194	things	01	22	things	4
cortex_Vis	30.48064714796395	162	things	01	22	things	4
subcortex_CAU	25.286674068572278	8	things	01	22	things	4
subcortex_PUT	24.73340290772155	8	things	01	22	things	4
subcortex_THA	26.19013754836919	14	things	01	22	things	4
cerebellum	25.180613645775182	88	things	01	22	things	5
cortex_Cont	33.754004816671056	128	things	01	22	things	5
cortex_Default	31.97851453188402	209	things	01	22	things	5
cortex_DorsAttn	37.45179950191939	122	things	01	22	things	5
cortex_Limbic	13.558487885545185	60	things	01	22	things	5
cortex_SalVentAttn	37.01536076961091	121	things	01	22	things	5
cortex_SomMot	36.17080776152021	194	things	01	22	things	5
cortex_Vis	28.743606139712366	162	things	01	22	things	5
subcortex_CAU	24.194604167395156	8	things	01	22	things	5
subcortex_PUT	23.761032461622058	8	things	01	22	things	5
subcortex_THA	25.20594377540894	14	things	01	22	things	5
cerebellum	27.036994126508283	88	things	01	22	things	6
cortex_Cont	39.60955452644719	128	things	01	22	things	6
cortex_Default	36.275098805020235	209	things	01	22	things	6
cortex_DorsAttn	41.482584784222695	122	things	01	22	things	6
cortex_Limbic	14.827180326809955	60	things	01	22	things	6
cortex_SalVentAttn	41.581074752302975	121	things	01	22	things	6
cortex_SomMot	40.81084673934792	194	things	01	22	things	6
cortex_Vis	31.923687003520566	162	things	01	22	things	6
subcortex_CAU	25.793389331204228	8	things	01	22	things	6
subcortex_PUT	26.21988660467976	8	things	01	22	things	6
subcortex_THA	26.088893397739813	14	things	01	22	things	6
cerebellum	26.36854752443749	88	things	01	23	things	1
cortex_Cont	34.959376354835456	128	things	01	23	things	1
cortex_Default	33.53679075391382	209	things	01	23	things	1
cortex_DorsAttn	38.3088485423737	122	things	01	23	things	1
cortex_Limbic	14.637497694217116	60	things	01	23	things	1
cortex_SalVentAttn	38.83324003116431	121	things	01	23	things	1
cortex_SomMot	37.83254145478509	194	things	01	23	things	1
cortex_Vis	30.34219314503901	162	things	01	23	things	1
subcortex_CAU	23.999338794288466	8	things	01	23	things	1
subcortex_PUT	24.684604557745452	8	things	01	23	things	1
subcortex_THA	26.094737528018072	14	things	01	23	things	1
cerebellum	25.6755386509192	88	things	01	23	things	2
cortex_Cont	33.93062725369247	128	things	01	23	things	2
cortex_Default	32.27752141377613	209	things	01	23	things	2
cortex_DorsAttn	36.37753123816355	122	things	01	23	things	2
cortex_Limbic	13.84217902608623	60	things	01	23	things	2
cortex_SalVentAttn	37.54825296497496	121	things	01	23	things	2
cortex_SomMot	37.192561455243265	194	things	01	23	things	2
cortex_Vis	28.518004586716984	162	things	01	23	things	2
subcortex_CAU	25.163540557384408	8	things	01	23	things	2
subcortex_PUT	25.369661844683474	8	things	01	23	things	2
subcortex_THA	25.059700100481788	14	things	01	23	things	2
cerebellum	32.998085334297414	88	things	01	23	things	3
cortex_Cont	41.41910110065046	128	things	01	23	things	3
cortex_Default	39.00599702215345	209	things	01	23	things	3
cortex_DorsAttn	47.243286274389476	122	things	01	23	things	3
cortex_Limbic	15.714424326184936	60	things	01	23	things	3
cortex_SalVentAttn	41.8089052000485	121	things	01	23	things	3
cortex_SomMot	41.88379760059675	194	things	01	23	things	3
cortex_Vis	38.897358597941	162	things	01	23	things	3
subcortex_CAU	27.608188252566254	8	things	01	23	things	3
subcortex_PUT	26.16134550878266	8	things	01	23	things	3
subcortex_THA	26.358082061063296	14	things	01	23	things	3
cerebellum	31.285254599294603	88	things	01	23	things	4
cortex_Cont	37.42365225441112	128	things	01	23	things	4
cortex_Default	35.889351057325484	209	things	01	23	things	4
cortex_DorsAttn	42.56620293103802	122	things	01	23	things	4
cortex_Limbic	15.510251135862365	60	things	01	23	things	4
cortex_SalVentAttn	38.689166708514456	121	things	01	23	things	4
cortex_SomMot	37.73791915915437	194	things	01	23	things	4
cortex_Vis	35.319157089009934	162	things	01	23	things	4
subcortex_CAU	26.064448936172717	8	things	01	23	things	4
subcortex_PUT	25.091406181043745	8	things	01	23	things	4
subcortex_THA	25.880317565524297	14	things	01	23	things	4
cerebellum	30.92105551756975	88	things	01	23	things	5
cortex_Cont	42.319553477490494	128	things	01	23	things	5
cortex_Default	39.2704048675927	209	things	01	23	things	5
cortex_DorsAttn	45.764114002837864	122	things	01	23	things	5
cortex_Limbic	16.439435891654245	60	things	01	23	things	5
cortex_SalVentAttn	43.15376318453558	121	things	01	23	things	5
cortex_SomMot	43.993655443074566	194	things	01	23	things	5
cortex_Vis	35.87876114953826	162	things	01	23	things	5
subcortex_CAU	26.837422989510593	8	things	01	23	things	5
subcortex_PUT	26.628218980112486	8	things	01	23	things	5
subcortex_THA	26.71677898713721	14	things	01	23	things	5
cerebellum	26.5333690418493	88	things	01	23	things	6
cortex_Cont	35.31947922185533	128	things	01	23	things	6
cortex_Default	33.541512895038764	209	things	01	23	things	6
cortex_DorsAttn	37.485054740955064	122	things	01	23	things	6
cortex_Limbic	14.166980519838392	60	things	01	23	things	6
cortex_SalVentAttn	36.84494468163	121	things	01	23	things	6
cortex_SomMot	35.2321317383889	194	things	01	23	things	6
cortex_Vis	31.057292553305114	162	things	01	23	things	6
subcortex_CAU	24.893113459535204	8	things	01	23	things	6
subcortex_PUT	24.508985369325632	8	things	01	23	things	6
subcortex_THA	24.34542448159572	14	things	01	23	things	6
cerebellum	33.21758262147003	88	things	01	24	things	1
cortex_Cont	46.375847399244726	128	things	01	24	things	1
cortex_Default	43.70964273914697	209	things	01	24	things	1
cortex_DorsAttn	48.27605738863123	122	things	01	24	things	1
cortex_Limbic	17.890969246643163	60	things	01	24	things	1
cortex_SalVentAttn	46.450803713937496	121	things	01	24	things	1
cortex_SomMot	47.540951353426884	194	things	01	24	things	1
cortex_Vis	39.3872079653533	162	things	01	24	things	1
subcortex_CAU	27.32564874712475	8	things	01	24	things	1
subcortex_PUT	27.94217807404256	8	things	01	24	things	1
subcortex_THA	27.726349270482892	14	things	01	24	things	1
cerebellum	33.450890905562616	88	things	01	24	things	2
cortex_Cont	45.42978088310884	128	things	01	24	things	2
cortex_Default	42.748462128129184	209	things	01	24	things	2
cortex_DorsAttn	47.87354470345172	122	things	01	24	things	2
cortex_Limbic	16.603302163853282	60	things	01	24	things	2
cortex_SalVentAttn	45.25504946726246	121	things	01	24	things	2
cortex_SomMot	46.06380562958665	194	things	01	24	things	2
cortex_Vis	39.282918425931896	162	things	01	24	things	2
subcortex_CAU	27.08453829430857	8	things	01	24	things	2
subcortex_PUT	26.976874326995222	8	things	01	24	things	2
subcortex_THA	27.15665830908177	14	things	01	24	things	2
cerebellum	34.814336650600836	88	things	01	24	things	3
cortex_Cont	50.680619339001495	128	things	01	24	things	3
cortex_Default	46.57104585426694	209	things	01	24	things	3
cortex_DorsAttn	51.519558491539186	122	things	01	24	things	3
cortex_Limbic	18.687328469856098	60	things	01	24	things	3
cortex_SalVentAttn	48.50569134866391	121	things	01	24	things	3
cortex_SomMot	49.96876064960956	194	things	01	24	things	3
cortex_Vis	41.478772935854565	162	things	01	24	things	3
subcortex_CAU	27.948622106594147	8	things	01	24	things	3
subcortex_PUT	27.9366472378052	8	things	01	24	things	3
subcortex_THA	27.5880948345329	14	things	01	24	things	3
cerebellum	35.74404296967622	88	things	01	24	things	4
cortex_Cont	51.02010023762439	128	things	01	24	things	4
cortex_Default	47.3362772760062	209	things	01	24	things	4
cortex_DorsAttn	53.421476377897946	122	things	01	24	things	4
cortex_Limbic	18.891041615203605	60	things	01	24	things	4
cortex_SalVentAttn	48.902655705217306	121	things	01	24	things	4
cortex_SomMot	51.106929956287146	194	things	01	24	things	4
cortex_Vis	42.67164010272262	162	things	01	24	things	4
subcortex_CAU	28.310613425509843	8	things	01	24	things	4
subcortex_PUT	27.90759396621741	8	things	01	24	things	4
subcortex_THA	27.790184185747794	14	things	01	24	things	4
cerebellum	28.365588918222933	88	things	01	24	things	5
cortex_Cont	40.47703461451537	128	things	01	24	things	5
cortex_Default	37.99916672411123	209	things	01	24	things	5
cortex_DorsAttn	43.448809043365635	122	things	01	24	things	5
cortex_Limbic	15.25652693557996	60	things	01	24	things	5
cortex_SalVentAttn	42.671675655347855	121	things	01	24	things	5
cortex_SomMot	42.7856812979431	194	things	01	24	things	5
cortex_Vis	34.603573105305564	162	things	01	24	things	5
subcortex_CAU	25.536382330583667	8	things	01	24	things	5
subcortex_PUT	27.294345431170484	8	things	01	24	things	5
subcortex_THA	26.294829776778247	14	things	01	24	things	5
cerebellum	26.08293927834742	88	things	01	24	things	6
cortex_Cont	35.71884163673272	128	things	01	24	things	6
cortex_Default	33.957509242988515	209	things	01	24	things	6
cortex_DorsAttn	38.39922815576962	122	things	01	24	things	6
cortex_Limbic	14.506655550555768	60	things	01	24	things	6
cortex_SalVentAttn	38.889346858272305	121	things	01	24	things	6
cortex_SomMot	37.82466769143775	194	things	01	24	things	6
cortex_Vis	30.595341937573714	162	things	01	24	things	6
subcortex_CAU	24.97910101774421	8	things	01	24	things	6
subcortex_PUT	25.26239924966281	8	things	01	24	things	6
subcortex_THA	25.495234222946603	14	things	01	24	things	6
cerebellum	34.93538712688409	88	things	01	25	things	1
cortex_Cont	47.745918910637585	128	things	01	25	things	1
cortex_Default	45.101253775537465	209	things	01	25	things	1
cortex_DorsAttn	50.61975515770088	122	things	01	25	things	1
cortex_Limbic	17.830151530630225	60	things	01	25	things	1
cortex_SalVentAttn	46.7582550607064	121	things	01	25	things	1
cortex_SomMot	49.046388082585096	194	things	01	25	things	1
cortex_Vis	41.24616582031887	162	things	01	25	things	1
subcortex_CAU	27.741968230955088	8	things	01	25	things	1
subcortex_PUT	28.45492914436225	8	things	01	25	things	1
subcortex_THA	27.796741709449723	14	things	01	25	things	1
cerebellum	29.731170655395545	88	things	01	25	things	2
cortex_Cont	46.5067650990096	128	things	01	25	things	2
cortex_Default	43.06902254134481	209	things	01	25	things	2
cortex_DorsAttn	50.94506155505061	122	things	01	25	things	2
cortex_Limbic	16.944331333576642	60	things	01	25	things	2
cortex_SalVentAttn	45.9697070867462	121	things	01	25	things	2
cortex_SomMot	48.280214646546426	194	things	01	25	things	2
cortex_Vis	38.90911032452982	162	things	01	25	things	2
subcortex_CAU	27.397660015971766	8	things	01	25	things	2
subcortex_PUT	28.1983156746064	8	things	01	25	things	2
subcortex_THA	27.149553511628028	14	things	01	25	things	2
cerebellum	28.707753207021348	88	things	01	25	things	3
cortex_Cont	38.80171361634002	128	things	01	25	things	3
cortex_Default	37.150195152594385	209	things	01	25	things	3
cortex_DorsAttn	41.15821012441808	122	things	01	25	things	3
cortex_Limbic	16.10027608382839	60	things	01	25	things	3
cortex_SalVentAttn	40.295297315503966	121	things	01	25	things	3
cortex_SomMot	38.71341358474889	194	things	01	25	things	3
cortex_Vis	34.62189113359684	162	things	01	25	things	3
subcortex_CAU	25.483787955556977	8	things	01	25	things	3
subcortex_PUT	27.475763728546642	8	things	01	25	things	3
subcortex_THA	26.82237982364154	14	things	01	25	things	3
cerebellum	28.483490795411832	88	things	01	25	things	4
cortex_Cont	38.276425036084234	128	things	01	25	things	4
cortex_Default	36.20280930715168	209	things	01	25	things	4
cortex_DorsAttn	40.064788092256904	122	things	01	25	things	4
cortex_Limbic	15.760692153049812	60	things	01	25	things	4
cortex_SalVentAttn	39.791539320762546	121	things	01	25	things	4
cortex_SomMot	38.664073945617	194	things	01	25	things	4
cortex_Vis	33.11362343587926	162	things	01	25	things	4
subcortex_CAU	25.082258095258087	8	things	01	25	things	4
subcortex_PUT	26.313619033964713	8	things	01	25	things	4
subcortex_THA	26.148899728082352	14	things	01	25	things	4
cerebellum	25.632485316173742	88	things	01	25	things	5
cortex_Cont	34.682591621078856	128	things	01	25	things	5
cortex_Default	32.64478913526738	209	things	01	25	things	5
cortex_DorsAttn	35.512972983471315	122	things	01	25	things	5
cortex_Limbic	14.716409304384364	60	things	01	25	things	5
cortex_SalVentAttn	36.97073163352002	121	things	01	25	things	5
cortex_SomMot	35.524148398703126	194	things	01	25	things	5
cortex_Vis	28.739044453105574	162	things	01	25	things	5
subcortex_CAU	24.57734839983248	8	things	01	25	things	5
subcortex_PUT	26.28332657280059	8	things	01	25	things	5
subcortex_THA	25.21105154570149	14	things	01	25	things	5
cerebellum	24.91770160954883	88	things	01	25	things	6
cortex_Cont	33.2255670610491	128	things	01	25	things	6
cortex_Default	31.153647842313163	209	things	01	25	things	6
cortex_DorsAttn	35.50374907792389	122	things	01	25	things	6
cortex_Limbic	13.589546633134336	60	things	01	25	things	6
cortex_SalVentAttn	34.61100076347867	121	things	01	25	things	6
cortex_SomMot	33.51246366760263	194	things	01	25	things	6
cortex_Vis	28.341923622146094	162	things	01	25	things	6
subcortex_CAU	22.497688352623324	8	things	01	25	things	6
subcortex_PUT	24.144369530258594	8	things	01	25	things	6
subcortex_THA	24.457541890054394	14	things	01	25	things	6
cerebellum	35.95661735396187	88	things	01	26	things	1
cortex_Cont	49.24172660344758	128	things	01	26	things	1
cortex_Default	45.927401789383836	209	things	01	26	things	1
cortex_DorsAttn	52.61031228437853	122	things	01	26	things	1
cortex_Limbic	18.404170787455612	60	things	01	26	things	1
cortex_SalVentAttn	47.70858705172696	121	things	01	26	things	1
cortex_SomMot	50.98784092245835	194	things	01	26	things	1
cortex_Vis	42.3056732531313	162	things	01	26	things	1
subcortex_CAU	27.45659705439968	8	things	01	26	things	1
subcortex_PUT	27.983781047622013	8	things	01	26	things	1
subcortex_THA	27.859520748494358	14	things	01	26	things	1
cerebellum	31.950297432908712	88	things	01	26	things	2
cortex_Cont	45.65847905227229	128	things	01	26	things	2
cortex_Default	42.57179343344457	209	things	01	26	things	2
cortex_DorsAttn	45.963354331664895	122	things	01	26	things	2
cortex_Limbic	17.768396133007837	60	things	01	26	things	2
cortex_SalVentAttn	46.302568758335674	121	things	01	26	things	2
cortex_SomMot	46.62306088032947	194	things	01	26	things	2
cortex_Vis	37.7548166390656	162	things	01	26	things	2
subcortex_CAU	28.02618927072674	8	things	01	26	things	2
subcortex_PUT	28.236959765881736	8	things	01	26	things	2
subcortex_THA	27.43879910502585	14	things	01	26	things	2
cerebellum	36.21091965406395	88	things	01	26	things	3
cortex_Cont	48.3440322100701	128	things	01	26	things	3
cortex_Default	44.952832419840526	209	things	01	26	things	3
cortex_DorsAttn	52.42506836562006	122	things	01	26	things	3
cortex_Limbic	17.813825309085512	60	things	01	26	things	3
cortex_SalVentAttn	46.77646312018845	121	things	01	26	things	3
cortex_SomMot	49.038864842319256	194	things	01	26	things	3
cortex_Vis	43.09505486976286	162	things	01	26	things	3
subcortex_CAU	27.475558781380997	8	things	01	26	things	3
subcortex_PUT	27.12937540326166	8	things	01	26	things	3
subcortex_THA	27.594005462950626	14	things	01	26	things	3
cerebellum	29.89492033137733	88	things	01	26	things	4
cortex_Cont	40.777813581088836	128	things	01	26	things	4
cortex_Default	38.045181976977	209	things	01	26	things	4
cortex_DorsAttn	44.80534401342011	122	things	01	26	things	4
cortex_Limbic	15.150454875575292	60	things	01	26	things	4
cortex_SalVentAttn	41.94989273350952	121	things	01	26	things	4
cortex_SomMot	42.14763110791631	194	things	01	26	things	4
cortex_Vis	36.03822791962497	162	things	01	26	things	4
subcortex_CAU	25.32487241755065	8	things	01	26	things	4
subcortex_PUT	25.88761855152522	8	things	01	26	things	4
subcortex_THA	26.37225783967994	14	things	01	26	things	4
cerebellum	28.87211166764715	88	things	01	26	things	5
cortex_Cont	40.90099130984646	128	things	01	26	things	5
cortex_Default	37.84827131425205	209	things	01	26	things	5
cortex_DorsAttn	45.05694313798156	122	things	01	26	things	5
cortex_Limbic	14.765883000354744	60	things	01	26	things	5
cortex_SalVentAttn	41.45337491162492	121	things	01	26	things	5
cortex_SomMot	41.854069741620386	194	things	01	26	things	5
cortex_Vis	35.94730171454954	162	things	01	26	things	5
subcortex_CAU	24.995336150881705	8	things	01	26	things	5
subcortex_PUT	26.220225970450954	8	things	01	26	things	5
subcortex_THA	25.684515784176458	14	things	01	26	things	5
cerebellum	28.811575088486578	88	things	01	26	things	6
cortex_Cont	39.939407298485435	128	things	01	26	things	6
cortex_Default	37.08594562899297	209	things	01	26	things	6
cortex_DorsAttn	44.24757366896629	122	things	01	26	things	6
cortex_Limbic	14.472825713330208	60	things	01	26	things	6
cortex_SalVentAttn	40.5587279542218	121	things	01	26	things	6
cortex_SomMot	40.490969943076784	194	things	01	26	things	6
cortex_Vis	35.6677351044675	162	things	01	26	things	6
subcortex_CAU	24.274347195246634	8	things	01	26	things	6
subcortex_PUT	25.210720169730333	8	things	01	26	things	6
subcortex_THA	25.934855013406928	14	things	01	26	things	6
cerebellum	35.93287569883697	88	things	01	27	things	1
cortex_Cont	51.08587250448987	128	things	01	27	things	1
cortex_Default	47.81903991651842	209	things	01	27	things	1
cortex_DorsAttn	54.183599805903036	122	things	01	27	things	1
cortex_Limbic	19.138119443307307	60	things	01	27	things	1
cortex_SalVentAttn	49.368797526975	121	things	01	27	things	1
cortex_SomMot	52.460259766922945	194	things	01	27	things	1
cortex_Vis	43.54846376532146	162	things	01	27	things	1
subcortex_CAU	29.28318337412603	8	things	01	27	things	1
subcortex_PUT	28.77693285067459	8	things	01	27	things	1
subcortex_THA	28.65998510957962	14	things	01	27	things	1
cerebellum	35.55277622379654	88	things	01	27	things	2
cortex_Cont	49.85207339989671	128	things	01	27	things	2
cortex_Default	46.854811726640435	209	things	01	27	things	2
cortex_DorsAttn	53.07709679445032	122	things	01	27	things	2
cortex_Limbic	18.79054296236359	60	things	01	27	things	2
cortex_SalVentAttn	48.02805563261647	121	things	01	27	things	2
cortex_SomMot	49.846976010466925	194	things	01	27	things	2
cortex_Vis	42.63994563348685	162	things	01	27	things	2
subcortex_CAU	28.842773058542946	8	things	01	27	things	2
subcortex_PUT	28.202729631827943	8	things	01	27	things	2
subcortex_THA	28.632189406738327	14	things	01	27	things	2
cerebellum	30.70883911372746	88	things	01	27	things	3
cortex_Cont	41.42255269795402	128	things	01	27	things	3
cortex_Default	38.84552280445732	209	things	01	27	things	3
cortex_DorsAttn	45.645217486517495	122	things	01	27	things	3
cortex_Limbic	15.673007721306812	60	things	01	27	things	3
cortex_SalVentAttn	42.323837229462775	121	things	01	27	things	3
cortex_SomMot	42.59749495860606	194	things	01	27	things	3
cortex_Vis	37.17723574952926	162	things	01	27	things	3
subcortex_CAU	26.417523097992486	8	things	01	27	things	3
subcortex_PUT	25.717898942193035	8	things	01	27	things	3
subcortex_THA	26.902082298674284	14	things	01	27	things	3
cerebellum	34.44570228491067	88	things	01	27	things	4
cortex_Cont	46.76788819390421	128	things	01	27	things	4
cortex_Default	43.09802796794208	209	things	01	27	things	4
cortex_DorsAttn	50.971319746860466	122	things	01	27	things	4
cortex_Limbic	17.87008644891404	60	things	01	27	things	4
cortex_SalVentAttn	46.383392363168504	121	things	01	27	things	4
cortex_SomMot	47.76138701898798	194	things	01	27	things	4
cortex_Vis	40.983812001097846	162	things	01	27	things	4
subcortex_CAU	27.748211737281004	8	things	01	27	things	4
subcortex_PUT	26.689939195075908	8	things	01	27	things	4
subcortex_THA	27.68488570356966	14	things	01	27	things	4
cerebellum	32.8299937050354	88	things	01	27	things	5
cortex_Cont	43.30451221471933	128	things	01	27	things	5
cortex_Default	40.52583932509837	209	things	01	27	things	5
cortex_DorsAttn	47.066496326236596	122	things	01	27	things	5
cortex_Limbic	16.41380684892033	60	things	01	27	things	5
cortex_SalVentAttn	43.99356232849716	121	things	01	27	things	5
cortex_SomMot	44.51824267979677	194	things	01	27	things	5
cortex_Vis	37.9514961086764	162	things	01	27	things	5
subcortex_CAU	27.11671123622192	8	things	01	27	things	5
subcortex_PUT	25.991898555053044	8	things	01	27	things	5
subcortex_THA	27.293604624234074	14	things	01	27	things	5
cerebellum	30.98961397072528	88	things	01	27	things	6
cortex_Cont	40.54476697174525	128	things	01	27	things	6
cortex_Default	38.114498500901696	209	things	01	27	things	6
cortex_DorsAttn	44.14419688952857	122	things	01	27	things	6
cortex_Limbic	15.455897533591441	60	things	01	27	things	6
cortex_SalVentAttn	42.749164413139844	121	things	01	27	things	6
cortex_SomMot	43.20500118724199	194	things	01	27	things	6
cortex_Vis	36.08655705575805	162	things	01	27	things	6
subcortex_CAU	25.685465639159567	8	things	01	27	things	6
subcortex_PUT	25.6098527058145	8	things	01	27	things	6
subcortex_THA	26.366530030552692	14	things	01	27	things	6
cerebellum	33.55384821634797	88	things	01	28	things	1
cortex_Cont	46.56082695586833	128	things	01	28	things	1
cortex_Default	43.56693611178325	209	things	01	28	things	1
cortex_DorsAttn	49.50207274702498	122	things	01	28	things	1
cortex_Limbic	17.670134940104422	60	things	01	28	things	1
cortex_SalVentAttn	44.918502487530276	121	things	01	28	things	1
cortex_SomMot	46.16450002062689	194	things	01	28	things	1
cortex_Vis	40.48368651197204	162	things	01	28	things	1
subcortex_CAU	26.93474926583242	8	things	01	28	things	1
subcortex_PUT	27.187661502791993	8	things	01	28	things	1
subcortex_THA	26.88482917218616	14	things	01	28	things	1
cerebellum	33.42545283138428	88	things	01	28	things	2
cortex_Cont	45.61752402918928	128	things	01	28	things	2
cortex_Default	43.143673796148626	209	things	01	28	things	2
cortex_DorsAttn	49.852933417904985	122	things	01	28	things	2
cortex_Limbic	17.93884160511104	60	things	01	28	things	2
cortex_SalVentAttn	44.75768996791977	121	things	01	28	things	2
cortex_SomMot	46.490607412155185	194	things	01	28	things	2
cortex_Vis	40.698325696706846	162	things	01	28	things	2
subcortex_CAU	26.709909831511943	8	things	01	28	things	2
subcortex_PUT	26.97567600122298	8	things	01	28	things	2
subcortex_THA	27.11350060745782	14	things	01	28	things	2
cerebellum	34.076151431013	88	things	01	28	things	3
cortex_Cont	46.48982149031382	128	things	01	28	things	3
cortex_Default	43.657467655326506	209	things	01	28	things	3
cortex_DorsAttn	49.79776649180625	122	things	01	28	things	3
cortex_Limbic	17.694436060685074	60	things	01	28	things	3
cortex_SalVentAttn	44.918691545460135	121	things	01	28	things	3
cortex_SomMot	45.77872491944319	194	things	01	28	things	3
cortex_Vis	41.12130872779585	162	things	01	28	things	3
subcortex_CAU	26.922502988350054	8	things	01	28	things	3
subcortex_PUT	27.171470152629645	8	things	01	28	things	3
subcortex_THA	26.666049682444164	14	things	01	28	things	3
cerebellum	31.693495911056825	88	things	01	28	things	4
cortex_Cont	43.86404775226529	128	things	01	28	things	4
cortex_Default	41.89225930415056	209	things	01	28	things	4
cortex_DorsAttn	45.28442249201829	122	things	01	28	things	4
cortex_Limbic	17.688399733121102	60	things	01	28	things	4
cortex_SalVentAttn	44.09234910698208	121	things	01	28	things	4
cortex_SomMot	43.504200620087644	194	things	01	28	things	4
cortex_Vis	37.55781038354191	162	things	01	28	things	4
subcortex_CAU	26.5226042259824	8	things	01	28	things	4
subcortex_PUT	26.48043021687809	8	things	01	28	things	4
subcortex_THA	26.710913322412463	14	things	01	28	things	4
cerebellum	33.22696870160705	88	things	01	28	things	5
cortex_Cont	46.37310387617697	128	things	01	28	things	5
cortex_Default	43.67370727382608	209	things	01	28	things	5
cortex_DorsAttn	47.67720141146562	122	things	01	28	things	5
cortex_Limbic	18.48208793046226	60	things	01	28	things	5
cortex_SalVentAttn	45.48874046321631	121	things	01	28	things	5
cortex_SomMot	46.44053681046028	194	things	01	28	things	5
cortex_Vis	39.20814317267309	162	things	01	28	things	5
subcortex_CAU	27.46085646084429	8	things	01	28	things	5
subcortex_PUT	26.49775726817738	8	things	01	28	things	5
subcortex_THA	27.08619643292985	14	things	01	28	things	5
cerebellum	36.37429976955592	88	things	01	28	things	6
cortex_Cont	49.4373972087569	128	things	01	28	things	6
cortex_Default	46.56275478432728	209	things	01	28	things	6
cortex_DorsAttn	52.739149751165705	122	things	01	28	things	6
cortex_Limbic	18.96037100355223	60	things	01	28	things	6
cortex_SalVentAttn	47.69159220560314	121	things	01	28	things	6
cortex_SomMot	49.11230269440656	194	things	01	28	things	6
cortex_Vis	43.89751293058681	162	things	01	28	things	6
subcortex_CAU	27.986261089411755	8	things	01	28	things	6
subcortex_PUT	27.346532217050907	8	things	01	28	things	6
subcortex_THA	27.267190139107697	14	things	01	28	things	6
cerebellum	33.318580376484675	88	things	01	29	things	1
cortex_Cont	44.354092497408175	128	things	01	29	things	1
cortex_Default	41.50827173624915	209	things	01	29	things	1
cortex_DorsAttn	48.36448774794603	122	things	01	29	things	1
cortex_Limbic	17.57477685347839	60	things	01	29	things	1
cortex_SalVentAttn	42.7114792376778	121	things	01	29	things	1
cortex_SomMot	43.87299733041507	194	things	01	29	things	1
cortex_Vis	40.88579855077326	162	things	01	29	things	1
subcortex_CAU	26.139255662476366	8	things	01	29	things	1
subcortex_PUT	26.804677580509154	8	things	01	29	things	1
subcortex_THA	26.576312980565564	14	things	01	29	things	1
cerebellum	35.05458001487412	88	things	01	29	things	2
cortex_Cont	49.063022370826005	128	things	01	29	things	2
cortex_Default	45.46909388252563	209	things	01	29	things	2
cortex_DorsAttn	52.237072934770715	122	things	01	29	things	2
cortex_Limbic	18.518195293274843	60	things	01	29	things	2
cortex_SalVentAttn	46.77794928099043	121	things	01	29	things	2
cortex_SomMot	49.04353454170697	194	things	01	29	things	2
cortex_Vis	42.68197538043562	162	things	01	29	things	2
subcortex_CAU	27.74836840874779	8	things	01	29	things	2
subcortex_PUT	26.955313810018662	8	things	01	29	things	2
subcortex_THA	27.508833694197886	14	things	01	29	things	2
cerebellum	31.825283323666042	88	things	01	29	things	3
cortex_Cont	41.35520877651793	128	things	01	29	things	3
cortex_Default	38.91213815147351	209	things	01	29	things	3
cortex_DorsAttn	45.62050836553806	122	things	01	29	things	3
cortex_Limbic	16.101160790302384	60	things	01	29	things	3
cortex_SalVentAttn	41.96469974319623	121	things	01	29	things	3
cortex_SomMot	41.65883979537782	194	things	01	29	things	3
cortex_Vis	37.56849300000205	162	things	01	29	things	3
subcortex_CAU	26.11967155744922	8	things	01	29	things	3
subcortex_PUT	25.373999760507676	8	things	01	29	things	3
subcortex_THA	26.59864914656446	14	things	01	29	things	3
cerebellum	23.2922761801334	88	things	01	29	things	4
cortex_Cont	31.563602510829423	128	things	01	29	things	4
cortex_Default	29.481549772769192	209	things	01	29	things	4
cortex_DorsAttn	34.69638763015258	122	things	01	29	things	4
cortex_Limbic	12.553368455592185	60	things	01	29	things	4
cortex_SalVentAttn	33.864209576285496	121	things	01	29	things	4
cortex_SomMot	32.6070610271921	194	things	01	29	things	4
cortex_Vis	27.438472886449627	162	things	01	29	things	4
subcortex_CAU	21.670052486670162	8	things	01	29	things	4
subcortex_PUT	22.315364347266993	8	things	01	29	things	4
subcortex_THA	24.01822496468581	14	things	01	29	things	4
cerebellum	24.00455349126447	88	things	01	29	things	5
cortex_Cont	30.770706828672594	128	things	01	29	things	5
cortex_Default	29.51129116159268	209	things	01	29	things	5
cortex_DorsAttn	33.34931173091367	122	things	01	29	things	5
cortex_Limbic	13.1590971964657	60	things	01	29	things	5
cortex_SalVentAttn	34.16775122911251	121	things	01	29	things	5
cortex_SomMot	32.491196590225385	194	things	01	29	things	5
cortex_Vis	26.949961543981377	162	things	01	29	things	5
subcortex_CAU	22.298590794083108	8	things	01	29	things	5
subcortex_PUT	23.584649745404004	8	things	01	29	things	5
subcortex_THA	24.464083326102184	14	things	01	29	things	5
cerebellum	24.153180833814826	88	things	01	29	things	6
cortex_Cont	30.158537418096678	128	things	01	29	things	6
cortex_Default	29.246184600282426	209	things	01	29	things	6
cortex_DorsAttn	32.72271043396164	122	things	01	29	things	6
cortex_Limbic	13.152084255918489	60	things	01	29	things	6
cortex_SalVentAttn	32.60502788218558	121	things	01	29	things	6
cortex_SomMot	30.376513745758956	194	things	01	29	things	6
cortex_Vis	26.921533200666456	162	things	01	29	things	6
subcortex_CAU	22.48558194215628	8	things	01	29	things	6
subcortex_PUT	24.067868046508885	8	things	01	29	things	6
subcortex_THA	23.56197889119889	14	things	01	29	things	6
cerebellum	34.48672753433596	88	things	01	30	things	1
cortex_Cont	47.96399228513132	128	things	01	30	things	1
cortex_Default	45.17570579572627	209	things	01	30	things	1
cortex_DorsAttn	50.834036640749765	122	things	01	30	things	1
cortex_Limbic	18.423550617770292	60	things	01	30	things	1
cortex_SalVentAttn	47.424608755205554	121	things	01	30	things	1
cortex_SomMot	48.130553777878205	194	things	01	30	things	1
cortex_Vis	41.45272871404986	162	things	01	30	things	1
subcortex_CAU	27.79099263723137	8	things	01	30	things	1
subcortex_PUT	27.341247272966065	8	things	01	30	things	1
subcortex_THA	27.539076684339648	14	things	01	30	things	1
cerebellum	27.067012808892287	88	things	01	30	things	2
cortex_Cont	35.59557629915619	128	things	01	30	things	2
cortex_Default	34.71960231256571	209	things	01	30	things	2
cortex_DorsAttn	39.15024668059665	122	things	01	30	things	2
cortex_Limbic	15.204662566696902	60	things	01	30	things	2
cortex_SalVentAttn	39.52884279817422	121	things	01	30	things	2
cortex_SomMot	38.77495836159152	194	things	01	30	things	2
cortex_Vis	31.961795083042546	162	things	01	30	things	2
subcortex_CAU	24.964661203770966	8	things	01	30	things	2
subcortex_PUT	25.888558541213605	8	things	01	30	things	2
subcortex_THA	26.261250331418374	14	things	01	30	things	2
cerebellum	24.959356045774086	88	things	01	30	things	3
cortex_Cont	34.2032023698715	128	things	01	30	things	3
cortex_Default	32.24567454848584	209	things	01	30	things	3
cortex_DorsAttn	36.88715812815939	122	things	01	30	things	3
cortex_Limbic	14.529630878200884	60	things	01	30	things	3
cortex_SalVentAttn	37.77706797597972	121	things	01	30	things	3
cortex_SomMot	37.551144888446366	194	things	01	30	things	3
cortex_Vis	28.42340681212504	162	things	01	30	things	3
subcortex_CAU	24.584996038445194	8	things	01	30	things	3
subcortex_PUT	24.842770617703092	8	things	01	30	things	3
subcortex_THA	25.982016864769584	14	things	01	30	things	3
cerebellum	33.85316858232988	88	things	01	30	things	4
cortex_Cont	47.07339793621578	128	things	01	30	things	4
cortex_Default	43.79385601343418	209	things	01	30	things	4
cortex_DorsAttn	50.12266848684073	122	things	01	30	things	4
cortex_Limbic	17.517966031677012	60	things	01	30	things	4
cortex_SalVentAttn	46.30255445741127	121	things	01	30	things	4
cortex_SomMot	47.215706571813385	194	things	01	30	things	4
cortex_Vis	40.378457918200816	162	things	01	30	things	4
subcortex_CAU	27.40544898371248	8	things	01	30	things	4
subcortex_PUT	27.41585843138413	8	things	01	30	things	4
subcortex_THA	27.251961651436485	14	things	01	30	things	4
cerebellum	32.186852975053455	88	things	01	30	things	5
cortex_Cont	43.52177843671811	128	things	01	30	things	5
cortex_Default	40.627074705881746	209	things	01	30	things	5
cortex_DorsAttn	46.58334486926484	122	things	01	30	things	5
cortex_Limbic	16.623963663778753	60	things	01	30	things	5
cortex_SalVentAttn	43.501899177996954	121	things	01	30	things	5
cortex_SomMot	42.69680837525174	194	things	01	30	things	5
cortex_Vis	38.362436544291796	162	things	01	30	things	5
subcortex_CAU	26.00654842615956	8	things	01	30	things	5
subcortex_PUT	27.491197748121923	8	things	01	30	things	5
subcortex_THA	26.600870400370354	14	things	01	30	things	5
cerebellum	31.792362182357838	88	things	01	30	things	6
cortex_Cont	41.12680984529502	128	things	01	30	things	6
cortex_Default	38.620217799282386	209	things	01	30	things	6
cortex_DorsAttn	42.92460543907415	122	things	01	30	things	6
cortex_Limbic	16.522805301568507	60	things	01	30	things	6
cortex_SalVentAttn	42.4163595242352	121	things	01	30	things	6
cortex_SomMot	41.60507287876586	194	things	01	30	things	6
cortex_Vis	35.71460698794896	162	things	01	30	things	6
subcortex_CAU	26.319258222449175	8	things	01	30	things	6
subcortex_PUT	25.66571654445056	8	things	01	30	things	6
subcortex_THA	26.653004983653346	14	things	01	30	things	6
cerebellum	36.07526223983391	88	things	01	31	things	1
cortex_Cont	51.05270741685113	128	things	01	31	things	1
cortex_Default	47.18897493534238	209	things	01	31	things	1
cortex_DorsAttn	52.93458931250387	122	things	01	31	things	1
cortex_Limbic	18.769594826443026	60	things	01	31	things	1
cortex_SalVentAttn	48.27097983835524	121	things	01	31	things	1
cortex_SomMot	50.597499887944295	194	things	01	31	things	1
cortex_Vis	42.673591661115644	162	things	01	31	things	1
subcortex_CAU	27.945176341457113	8	things	01	31	things	1
subcortex_PUT	28.123942549301308	8	things	01	31	things	1
subcortex_THA	27.91766207528101	14	things	01	31	things	1
cerebellum	34.35322021465026	88	things	01	31	things	2
cortex_Cont	46.98586591133908	128	things	01	31	things	2
cortex_Default	43.61377899175803	209	things	01	31	things	2
cortex_DorsAttn	50.15706477237098	122	things	01	31	things	2
cortex_Limbic	18.13135497761487	60	things	01	31	things	2
cortex_SalVentAttn	46.45711867137082	121	things	01	31	things	2
cortex_SomMot	47.55914162668327	194	things	01	31	things	2
cortex_Vis	40.65449573943952	162	things	01	31	things	2
subcortex_CAU	27.810214195576307	8	things	01	31	things	2
subcortex_PUT	27.00899703333512	8	things	01	31	things	2
subcortex_THA	27.63958846828015	14	things	01	31	things	2
cerebellum	36.09276102989523	88	things	01	31	things	3
cortex_Cont	51.15711537942532	128	things	01	31	things	3
cortex_Default	47.41015568398241	209	things	01	31	things	3
cortex_DorsAttn	54.10033794656158	122	things	01	31	things	3
cortex_Limbic	19.44325171574558	60	things	01	31	things	3
cortex_SalVentAttn	49.30010302005435	121	things	01	31	things	3
cortex_SomMot	52.194728611237274	194	things	01	31	things	3
cortex_Vis	43.298837894109475	162	things	01	31	things	3
subcortex_CAU	28.19126776437161	8	things	01	31	things	3
subcortex_PUT	27.685107142437065	8	things	01	31	things	3
subcortex_THA	27.798821439068053	14	things	01	31	things	3
cerebellum	35.2357976724095	88	things	01	31	things	4
cortex_Cont	48.569595189066746	128	things	01	31	things	4
cortex_Default	45.5731164490627	209	things	01	31	things	4
cortex_DorsAttn	51.6560381835645	122	things	01	31	things	4
cortex_Limbic	19.4606963667553	60	things	01	31	things	4
cortex_SalVentAttn	47.58045008701768	121	things	01	31	things	4
cortex_SomMot	49.42566947235182	194	things	01	31	things	4
cortex_Vis	42.4395986863724	162	things	01	31	things	4
subcortex_CAU	27.560391559366817	8	things	01	31	things	4
subcortex_PUT	28.652918513407375	8	things	01	31	things	4
subcortex_THA	27.8600746712279	14	things	01	31	things	4
cerebellum	30.09566802705493	88	things	01	31	things	5
cortex_Cont	42.516034289654705	128	things	01	31	things	5
cortex_Default	38.96591996891527	209	things	01	31	things	5
cortex_DorsAttn	46.49912441539104	122	things	01	31	things	5
cortex_Limbic	16.03114628891502	60	things	01	31	things	5
cortex_SalVentAttn	42.35646924407995	121	things	01	31	things	5
cortex_SomMot	42.54775953467939	194	things	01	31	things	5
cortex_Vis	37.151695380404234	162	things	01	31	things	5
subcortex_CAU	25.257745909511566	8	things	01	31	things	5
subcortex_PUT	27.152844419206964	8	things	01	31	things	5
subcortex_THA	26.479608517425394	14	things	01	31	things	5
cerebellum	27.705090242289415	88	things	01	31	things	6
cortex_Cont	39.11818510733188	128	things	01	31	things	6
cortex_Default	36.70540977489381	209	things	01	31	things	6
cortex_DorsAttn	41.70554278117435	122	things	01	31	things	6
cortex_Limbic	15.85076680153661	60	things	01	31	things	6
cortex_SalVentAttn	41.35284202678709	121	things	01	31	things	6
cortex_SomMot	40.74082703293663	194	things	01	31	things	6
cortex_Vis	33.674433663590854	162	things	01	31	things	6
subcortex_CAU	25.151793317658342	8	things	01	31	things	6
subcortex_PUT	26.648271624172445	8	things	01	31	things	6
subcortex_THA	26.095530430154344	14	things	01	31	things	6
cerebellum	30.056481891695338	88	things	01	32	things	1
cortex_Cont	39.79358595498516	128	things	01	32	things	1
cortex_Default	37.88911656063261	209	things	01	32	things	1
cortex_DorsAttn	43.648848646294816	122	things	01	32	things	1
cortex_Limbic	16.13551579926156	60	things	01	32	things	1
cortex_SalVentAttn	41.092628882277296	121	things	01	32	things	1
cortex_SomMot	40.807055539565894	194	things	01	32	things	1
cortex_Vis	35.76884476007284	162	things	01	32	things	1
subcortex_CAU	24.867904816666858	8	things	01	32	things	1
subcortex_PUT	26.48750487054525	8	things	01	32	things	1
subcortex_THA	26.49407408670581	14	things	01	32	things	1
cerebellum	24.829202449996796	88	things	01	32	things	2
cortex_Cont	34.19083351757964	128	things	01	32	things	2
cortex_Default	32.368665741076754	209	things	01	32	things	2
cortex_DorsAttn	35.70682096865526	122	things	01	32	things	2
cortex_Limbic	14.561922321537917	60	things	01	32	things	2
cortex_SalVentAttn	36.07273719459057	121	things	01	32	things	2
cortex_SomMot	34.237257027930504	194	things	01	32	things	2
cortex_Vis	28.125870940589653	162	things	01	32	things	2
subcortex_CAU	25.141295015124694	8	things	01	32	things	2
subcortex_PUT	25.359230067317025	8	things	01	32	things	2
subcortex_THA	24.752043816317048	14	things	01	32	things	2
cerebellum	30.56684978143403	88	things	01	32	things	3
cortex_Cont	39.817668854453494	128	things	01	32	things	3
cortex_Default	37.34088409756565	209	things	01	32	things	3
cortex_DorsAttn	45.92781142409875	122	things	01	32	things	3
cortex_Limbic	14.619188741829532	60	things	01	32	things	3
cortex_SalVentAttn	39.4142653575633	121	things	01	32	things	3
cortex_SomMot	39.64188131800891	194	things	01	32	things	3
cortex_Vis	38.69193855084181	162	things	01	32	things	3
subcortex_CAU	24.525968596531815	8	things	01	32	things	3
subcortex_PUT	24.943836351189994	8	things	01	32	things	3
subcortex_THA	25.481842347079038	14	things	01	32	things	3
cerebellum	30.611488506615988	88	things	01	32	things	4
cortex_Cont	41.60587651903255	128	things	01	32	things	4
cortex_Default	38.40203415134301	209	things	01	32	things	4
cortex_DorsAttn	45.34518256531273	122	things	01	32	things	4
cortex_Limbic	15.362631303329403	60	things	01	32	things	4
cortex_SalVentAttn	41.4206195714137	121	things	01	32	things	4
cortex_SomMot	41.16523057253245	194	things	01	32	things	4
cortex_Vis	37.23462531675318	162	things	01	32	things	4
subcortex_CAU	25.680785031621514	8	things	01	32	things	4
subcortex_PUT	26.66115242533361	8	things	01	32	things	4
subcortex_THA	25.819065077553226	14	things	01	32	things	4
cerebellum	28.077641818920252	88	things	01	32	things	5
cortex_Cont	38.690303295258744	128	things	01	32	things	5
cortex_Default	36.1641018028024	209	things	01	32	things	5
cortex_DorsAttn	42.71409260871557	122	things	01	32	things	5
cortex_Limbic	14.397228072608302	60	things	01	32	things	5
cortex_SalVentAttn	39.29959049326326	121	things	01	32	things	5
cortex_SomMot	38.69811867730844	194	things	01	32	things	5
cortex_Vis	34.642397845131285	162	things	01	32	things	5
subcortex_CAU	24.502429015980717	8	things	01	32	things	5
subcortex_PUT	24.962876481480478	8	things	01	32	things	5
subcortex_THA	25.178239724825556	14	things	01	32	things	5
cerebellum	27.153816264696868	88	things	01	32	things	6
cortex_Cont	36.369209411280494	128	things	01	32	things	6
cortex_Default	33.84176757457952	209	things	01	32	things	6
cortex_DorsAttn	38.23091658461239	122	things	01	32	things	6
cortex_Limbic	14.361761752659339	60	things	01	32	things	6
cortex_SalVentAttn	36.9140948233587	121	things	01	32	things	6
cortex_SomMot	36.005365138781315	194	things	01	32	things	6
cortex_Vis	31.107050050739105	162	things	01	32	things	6
subcortex_CAU	23.42676692344363	8	things	01	32	things	6
subcortex_PUT	23.715829683255084	8	things	01	32	things	6
subcortex_THA	24.865177043938534	14	things	01	32	things	6
cerebellum	29.841420542010994	88	things	01	33	things	1
cortex_Cont	39.69195210578443	128	things	01	33	things	1
cortex_Default	37.97959799274345	209	things	01	33	things	1
cortex_DorsAttn	42.67429342367251	122	things	01	33	things	1
cortex_Limbic	16.079190950254528	60	things	01	33	things	1
cortex_SalVentAttn	41.26702986563949	121	things	01	33	things	1
cortex_SomMot	40.43224150905683	194	things	01	33	things	1
cortex_Vis	35.036871004852664	162	things	01	33	things	1
subcortex_CAU	26.84560891103922	8	things	01	33	things	1
subcortex_PUT	27.064044810139663	8	things	01	33	things	1
subcortex_THA	26.242409324613586	14	things	01	33	things	1
cerebellum	27.507805178937318	88	things	01	33	things	2
cortex_Cont	33.79971015416011	128	things	01	33	things	2
cortex_Default	33.17304672183601	209	things	01	33	things	2
cortex_DorsAttn	36.54302275908416	122	things	01	33	things	2
cortex_Limbic	14.641132390285723	60	things	01	33	things	2
cortex_SalVentAttn	35.72649590820698	121	things	01	33	things	2
cortex_SomMot	33.74973734577586	194	things	01	33	things	2
cortex_Vis	30.515942175970665	162	things	01	33	things	2
subcortex_CAU	25.073527848907453	8	things	01	33	things	2
subcortex_PUT	25.332557843881705	8	things	01	33	things	2
subcortex_THA	25.497430684268004	14	things	01	33	things	2
cerebellum	32.25185524428875	88	things	01	33	things	3
cortex_Cont	43.49697111675661	128	things	01	33	things	3
cortex_Default	40.84321581060638	209	things	01	33	things	3
cortex_DorsAttn	48.9016550588988	122	things	01	33	things	3
cortex_Limbic	16.387855036719255	60	things	01	33	things	3
cortex_SalVentAttn	43.543775851826894	121	things	01	33	things	3
cortex_SomMot	45.10781575314366	194	things	01	33	things	3
cortex_Vis	38.36388837552927	162	things	01	33	things	3
subcortex_CAU	26.56185271138676	8	things	01	33	things	3
subcortex_PUT	25.85503048300113	8	things	01	33	things	3
subcortex_THA	26.84575663736182	14	things	01	33	things	3
cerebellum	31.766151457691944	88	things	01	33	things	4
cortex_Cont	42.94637737636314	128	things	01	33	things	4
cortex_Default	40.69624113662646	209	things	01	33	things	4
cortex_DorsAttn	44.64088914846145	122	things	01	33	things	4
cortex_Limbic	17.030578929695228	60	things	01	33	things	4
cortex_SalVentAttn	44.14336112674014	121	things	01	33	things	4
cortex_SomMot	44.01750593201694	194	things	01	33	things	4
cortex_Vis	36.51379129335556	162	things	01	33	things	4
subcortex_CAU	27.381744073742855	8	things	01	33	things	4
subcortex_PUT	26.401805952413675	8	things	01	33	things	4
subcortex_THA	26.657138273299182	14	things	01	33	things	4
cerebellum	30.650547382725755	88	things	01	33	things	5
cortex_Cont	41.495019092809585	128	things	01	33	things	5
cortex_Default	39.20558302628738	209	things	01	33	things	5
cortex_DorsAttn	42.806646461745274	122	things	01	33	things	5
cortex_Limbic	16.124466048460533	60	things	01	33	things	5
cortex_SalVentAttn	42.891094562232716	121	things	01	33	things	5
cortex_SomMot	42.619705001838675	194	things	01	33	things	5
cortex_Vis	35.19163520105451	162	things	01	33	things	5
subcortex_CAU	27.015397455950435	8	things	01	33	things	5
subcortex_PUT	25.994406406225725	8	things	01	33	things	5
subcortex_THA	26.34194158682192	14	things	01	33	things	5
cerebellum	28.91511054790769	88	things	01	33	things	6
cortex_Cont	41.18508615097333	128	things	01	33	things	6
cortex_Default	38.353545663356094	209	things	01	33	things	6
cortex_DorsAttn	43.20659166454863	122	things	01	33	things	6
cortex_Limbic	15.580060886666917	60	things	01	33	things	6
cortex_SalVentAttn	41.90798693459597	121	things	01	33	things	6
cortex_SomMot	41.7081474698942	194	things	01	33	things	6
cortex_Vis	35.04200927004968	162	things	01	33	things	6
subcortex_CAU	26.0655252909118	8	things	01	33	things	6
subcortex_PUT	26.099815211891503	8	things	01	33	things	6
subcortex_THA	25.898543020664697	14	things	01	33	things	6
cerebellum	31.274475690287503	88	things	01	34	things	1
cortex_Cont	40.42771554837544	128	things	01	34	things	1
cortex_Default	38.32731948223768	209	things	01	34	things	1
cortex_DorsAttn	43.92186792139165	122	things	01	34	things	1
cortex_Limbic	16.45932919803205	60	things	01	34	things	1
cortex_SalVentAttn	41.882541510031984	121	things	01	34	things	1
cortex_SomMot	41.22576318914905	194	things	01	34	things	1
cortex_Vis	36.13543439921529	162	things	01	34	things	1
subcortex_CAU	25.865770885983828	8	things	01	34	things	1
subcortex_PUT	26.863591296912297	8	things	01	34	things	1
subcortex_THA	26.928091012862406	14	things	01	34	things	1
cerebellum	29.491513207488424	88	things	01	34	things	2
cortex_Cont	40.692987405923226	128	things	01	34	things	2
cortex_Default	37.98352416842562	209	things	01	34	things	2
cortex_DorsAttn	43.236753400974315	122	things	01	34	things	2
cortex_Limbic	15.300874110788193	60	things	01	34	things	2
cortex_SalVentAttn	40.67677546277731	121	things	01	34	things	2
cortex_SomMot	39.970347177976265	194	things	01	34	things	2
cortex_Vis	35.18121931063703	162	things	01	34	things	2
subcortex_CAU	26.038174792982577	8	things	01	34	things	2
subcortex_PUT	26.29689420939228	8	things	01	34	things	2
subcortex_THA	26.158213955567724	14	things	01	34	things	2
cerebellum	33.69391385179355	88	things	01	34	things	3
cortex_Cont	40.50637310001352	128	things	01	34	things	3
cortex_Default	38.449410257689784	209	things	01	34	things	3
cortex_DorsAttn	47.50366198169706	122	things	01	34	things	3
cortex_Limbic	15.859873288973136	60	things	01	34	things	3
cortex_SalVentAttn	40.75031698578748	121	things	01	34	things	3
cortex_SomMot	41.78476583561949	194	things	01	34	things	3
cortex_Vis	39.54162346093221	162	things	01	34	things	3
subcortex_CAU	25.387718931869337	8	things	01	34	things	3
subcortex_PUT	26.278306193296082	8	things	01	34	things	3
subcortex_THA	26.620250072076576	14	things	01	34	things	3
cerebellum	27.880978682616945	88	things	01	34	things	4
cortex_Cont	38.88190668230294	128	things	01	34	things	4
cortex_Default	36.68946311939908	209	things	01	34	things	4
cortex_DorsAttn	43.11504556040839	122	things	01	34	things	4
cortex_Limbic	14.765364408103641	60	things	01	34	things	4
cortex_SalVentAttn	40.346255745183065	121	things	01	34	things	4
cortex_SomMot	39.949063086026015	194	things	01	34	things	4
cortex_Vis	35.1452490074172	162	things	01	34	things	4
subcortex_CAU	25.165145690927528	8	things	01	34	things	4
subcortex_PUT	26.038485534060058	8	things	01	34	things	4
subcortex_THA	26.38478133107509	14	things	01	34	things	4
cerebellum	24.42579776095009	88	things	01	34	things	5
cortex_Cont	32.360274933658395	128	things	01	34	things	5
cortex_Default	30.465552939911408	209	things	01	34	things	5
cortex_DorsAttn	34.94925498293821	122	things	01	34	things	5
cortex_Limbic	13.205053030659677	60	things	01	34	things	5
cortex_SalVentAttn	33.71026362901419	121	things	01	34	things	5
cortex_SomMot	31.898266215922547	194	things	01	34	things	5
cortex_Vis	29.122102886692854	162	things	01	34	things	5
subcortex_CAU	22.244596925858687	8	things	01	34	things	5
subcortex_PUT	24.945337797709907	8	things	01	34	things	5
subcortex_THA	23.595977022740865	14	things	01	34	things	5
cerebellum	24.704282315979288	88	things	01	34	things	6
cortex_Cont	31.429496175669072	128	things	01	34	things	6
cortex_Default	30.337333282491198	209	things	01	34	things	6
cortex_DorsAttn	34.72139780386456	122	things	01	34	things	6
cortex_Limbic	13.253032430931144	60	things	01	34	things	6
cortex_SalVentAttn	33.03216732327487	121	things	01	34	things	6
cortex_SomMot	30.59802803132412	194	things	01	34	things	6
cortex_Vis	28.32054461676296	162	things	01	34	things	6
subcortex_CAU	21.556347377210468	8	things	01	34	things	6
subcortex_PUT	23.838815577462057	8	things	01	34	things	6
subcortex_THA	23.949683046565237	14	things	01	34	things	6
cerebellum	29.404790025401095	88	things	01	35	things	1
cortex_Cont	42.17258586244837	128	things	01	35	things	1
cortex_Default	39.12835355557304	209	things	01	35	things	1
cortex_DorsAttn	45.91705452244535	122	things	01	35	things	1
cortex_Limbic	17.611648992011506	60	things	01	35	things	1
cortex_SalVentAttn	43.20666026948951	121	things	01	35	things	1
cortex_SomMot	44.0597457178267	194	things	01	35	things	1
cortex_Vis	37.43633052651202	162	things	01	35	things	1
subcortex_CAU	25.674240903653114	8	things	01	35	things	1
subcortex_PUT	27.297263610620046	8	things	01	35	things	1
subcortex_THA	27.68360313805928	14	things	01	35	things	1
cerebellum	32.19303596294368	88	things	01	35	things	2
cortex_Cont	45.463630123518016	128	things	01	35	things	2
cortex_Default	41.49558769961654	209	things	01	35	things	2
cortex_DorsAttn	48.28935957879887	122	things	01	35	things	2
cortex_Limbic	18.630901624666414	60	things	01	35	things	2
cortex_SalVentAttn	44.61807991990889	121	things	01	35	things	2
cortex_SomMot	44.97946600849631	194	things	01	35	things	2
cortex_Vis	40.556035454806384	162	things	01	35	things	2
subcortex_CAU	25.89964806711096	8	things	01	35	things	2
subcortex_PUT	27.60791672148608	8	things	01	35	things	2
subcortex_THA	27.868688032588913	14	things	01	35	things	2
cerebellum	30.928755899587056	88	things	01	35	things	3
cortex_Cont	42.68471827174773	128	things	01	35	things	3
cortex_Default	39.23711136708988	209	things	01	35	things	3
cortex_DorsAttn	45.601613434370975	122	things	01	35	things	3
cortex_Limbic	16.917595541639386	60	things	01	35	things	3
cortex_SalVentAttn	42.40214756334163	121	things	01	35	things	3
cortex_SomMot	42.04842903505066	194	things	01	35	things	3
cortex_Vis	39.14348054968065	162	things	01	35	things	3
subcortex_CAU	24.724209877151374	8	things	01	35	things	3
subcortex_PUT	26.484379152145976	8	things	01	35	things	3
subcortex_THA	26.51622074595028	14	things	01	35	things	3
cerebellum	30.494491872798235	88	things	01	35	things	4
cortex_Cont	41.56579800206282	128	things	01	35	things	4
cortex_Default	39.038191200252314	209	things	01	35	things	4
cortex_DorsAttn	46.205133184034324	122	things	01	35	things	4
cortex_Limbic	15.516527062882687	60	things	01	35	things	4
cortex_SalVentAttn	41.58859230385224	121	things	01	35	things	4
cortex_SomMot	41.71989036972599	194	things	01	35	things	4
cortex_Vis	36.21265126739184	162	things	01	35	things	4
subcortex_CAU	25.625252819487635	8	things	01	35	things	4
subcortex_PUT	26.84714608423134	8	things	01	35	things	4
subcortex_THA	26.24020014982256	14	things	01	35	things	4
cerebellum	28.451041358885565	88	things	01	35	things	5
cortex_Cont	39.77735161686906	128	things	01	35	things	5
cortex_Default	36.60641022146163	209	things	01	35	things	5
cortex_DorsAttn	42.034755232821816	122	things	01	35	things	5
cortex_Limbic	15.15832052058975	60	things	01	35	things	5
cortex_SalVentAttn	39.53160428433324	121	things	01	35	things	5
cortex_SomMot	38.658273108883314	194	things	01	35	things	5
cortex_Vis	34.088164849929036	162	things	01	35	things	5
subcortex_CAU	25.197009274001562	8	things	01	35	things	5
subcortex_PUT	25.9675089572323	8	things	01	35	things	5
subcortex_THA	25.549111872488055	14	things	01	35	things	5
cerebellum	24.36492518463306	88	things	01	35	things	6
cortex_Cont	33.13156444370282	128	things	01	35	things	6
cortex_Default	30.981553239855234	209	things	01	35	things	6
cortex_DorsAttn	35.77915549792908	122	things	01	35	things	6
cortex_Limbic	13.111502167090348	60	things	01	35	things	6
cortex_SalVentAttn	34.756576364805895	121	things	01	35	things	6
cortex_SomMot	33.13137171429431	194	things	01	35	things	6
cortex_Vis	27.821442898000463	162	things	01	35	things	6
subcortex_CAU	22.883497564586772	8	things	01	35	things	6
subcortex_PUT	24.505256736889987	8	things	01	35	things	6
subcortex_THA	24.040902612154305	14	things	01	35	things	6
cerebellum	22.51665128562107	88	things	01	36	things	1
cortex_Cont	29.749625240086008	128	things	01	36	things	1
cortex_Default	28.149551807648695	209	things	01	36	things	1
cortex_DorsAttn	32.124730936804475	122	things	01	36	things	1
cortex_Limbic	12.607248952928638	60	things	01	36	things	1
cortex_SalVentAttn	32.852014163486494	121	things	01	36	things	1
cortex_SomMot	32.371147630522174	194	things	01	36	things	1
cortex_Vis	24.918407600821055	162	things	01	36	things	1
subcortex_CAU	21.51437477852458	8	things	01	36	things	1
subcortex_PUT	22.93798963788233	8	things	01	36	things	1
subcortex_THA	23.73331109679707	14	things	01	36	things	1
cerebellum	25.391664508213942	88	things	01	36	things	2
cortex_Cont	34.848422300867924	128	things	01	36	things	2
cortex_Default	33.09130504029201	209	things	01	36	things	2
cortex_DorsAttn	37.72969757334492	122	things	01	36	things	2
cortex_Limbic	14.58210056274828	60	things	01	36	things	2
cortex_SalVentAttn	36.905559858969646	121	things	01	36	things	2
cortex_SomMot	35.702076768672704	194	things	01	36	things	2
cortex_Vis	29.339191569903168	162	things	01	36	things	2
subcortex_CAU	25.282001592060393	8	things	01	36	things	2
subcortex_PUT	26.655400311595596	8	things	01	36	things	2
subcortex_THA	26.101182056231334	14	things	01	36	things	2
cerebellum	31.945946074648806	88	things	01	36	things	3
cortex_Cont	41.04973519350887	128	things	01	36	things	3
cortex_Default	38.597377829218196	209	things	01	36	things	3
cortex_DorsAttn	46.11212665700183	122	things	01	36	things	3
cortex_Limbic	16.278213512612766	60	things	01	36	things	3
cortex_SalVentAttn	41.734489612415366	121	things	01	36	things	3
cortex_SomMot	42.01924532683031	194	things	01	36	things	3
cortex_Vis	36.61557069860509	162	things	01	36	things	3
subcortex_CAU	25.891458313443195	8	things	01	36	things	3
subcortex_PUT	26.69906098739758	8	things	01	36	things	3
subcortex_THA	26.726928201069427	14	things	01	36	things	3
cerebellum	24.30226125947504	88	things	01	36	things	4
cortex_Cont	32.984682727343	128	things	01	36	things	4
cortex_Default	31.515913971042746	209	things	01	36	things	4
cortex_DorsAttn	36.27777031641221	122	things	01	36	things	4
cortex_Limbic	13.628854868331327	60	things	01	36	things	4
cortex_SalVentAttn	35.25900223019664	121	things	01	36	things	4
cortex_SomMot	33.176448521459044	194	things	01	36	things	4
cortex_Vis	28.438952779787765	162	things	01	36	things	4
subcortex_CAU	22.27425741760856	8	things	01	36	things	4
subcortex_PUT	24.81336619782789	8	things	01	36	things	4
subcortex_THA	25.34031614683615	14	things	01	36	things	4
cerebellum	31.839817108343023	88	things	01	36	things	5
cortex_Cont	43.497669475405985	128	things	01	36	things	5
cortex_Default	40.31952447080384	209	things	01	36	things	5
cortex_DorsAttn	47.63440342253003	122	things	01	36	things	5
cortex_Limbic	17.14779803275139	60	things	01	36	things	5
cortex_SalVentAttn	43.77169157630337	121	things	01	36	things	5
cortex_SomMot	44.237870636816474	194	things	01	36	things	5
cortex_Vis	37.92366914228824	162	things	01	36	things	5
subcortex_CAU	26.50414465448257	8	things	01	36	things	5
subcortex_PUT	27.14258570329601	8	things	01	36	things	5
subcortex_THA	27.0912868413855	14	things	01	36	things	5
cerebellum	29.876062044464675	88	things	01	36	things	6
cortex_Cont	41.280760826313035	128	things	01	36	things	6
cortex_Default	38.53718998630462	209	things	01	36	things	6
cortex_DorsAttn	45.00303040541102	122	things	01	36	things	6
cortex_Limbic	16.50482132115785	60	things	01	36	things	6
cortex_SalVentAttn	42.37477027548439	121	things	01	36	things	6
cortex_SomMot	41.904417221440106	194	things	01	36	things	6
cortex_Vis	35.890681067106996	162	things	01	36	things	6
subcortex_CAU	26.0171839440574	8	things	01	36	things	6
subcortex_PUT	27.46034663182232	8	things	01	36	things	6
subcortex_THA	26.827271548502807	14	things	01	36	things	6
cerebellum	34.0151950156944	88	things	02	01	things	1
cortex_Cont	50.312025941241096	128	things	02	01	things	1
cortex_Default	45.049446285775694	209	things	02	01	things	1
cortex_DorsAttn	56.003261855137055	122	things	02	01	things	1
cortex_Limbic	20.682425332355766	60	things	02	01	things	1
cortex_SalVentAttn	46.859424523334276	121	things	02	01	things	1
cortex_SomMot	49.56792646057362	194	things	02	01	things	1
cortex_Vis	43.6022879556799	162	things	02	01	things	1
subcortex_CAU	32.95375896855291	8	things	02	01	things	1
subcortex_PUT	30.788905652885497	8	things	02	01	things	1
subcortex_THA	27.36054672807669	14	things	02	01	things	1
cerebellum	34.42137806490564	88	things	02	01	things	2
cortex_Cont	52.1016546305949	128	things	02	01	things	2
cortex_Default	46.549015992773604	209	things	02	01	things	2
cortex_DorsAttn	55.16234670652501	122	things	02	01	things	2
cortex_Limbic	20.48715142994132	60	things	02	01	things	2
cortex_SalVentAttn	47.94367884744129	121	things	02	01	things	2
cortex_SomMot	49.96772319691174	194	things	02	01	things	2
cortex_Vis	42.542432203063825	162	things	02	01	things	2
subcortex_CAU	32.66271561508831	8	things	02	01	things	2
subcortex_PUT	31.110591194439017	8	things	02	01	things	2
subcortex_THA	27.568180834021156	14	things	02	01	things	2
cerebellum	34.56244353270062	88	things	02	01	things	3
cortex_Cont	51.59831690064914	128	things	02	01	things	3
cortex_Default	46.20652764936439	209	things	02	01	things	3
cortex_DorsAttn	54.9278512264445	122	things	02	01	things	3
cortex_Limbic	20.726016980141605	60	things	02	01	things	3
cortex_SalVentAttn	46.753806848460826	121	things	02	01	things	3
cortex_SomMot	48.65480681695001	194	things	02	01	things	3
cortex_Vis	42.4972647004824	162	things	02	01	things	3
subcortex_CAU	32.27161899042333	8	things	02	01	things	3
subcortex_PUT	30.52540617034923	8	things	02	01	things	3
subcortex_THA	27.372961101823275	14	things	02	01	things	3
cerebellum	32.843657554760384	88	things	02	02	things	1
cortex_Cont	49.94044310621276	128	things	02	02	things	1
cortex_Default	44.61472700720065	209	things	02	02	things	1
cortex_DorsAttn	51.7833004388854	122	things	02	02	things	1
cortex_Limbic	20.140242498574437	60	things	02	02	things	1
cortex_SalVentAttn	46.55059916696072	121	things	02	02	things	1
cortex_SomMot	47.32846738945585	194	things	02	02	things	1
cortex_Vis	40.707894976188	162	things	02	02	things	1
subcortex_CAU	33.36753002431574	8	things	02	02	things	1
subcortex_PUT	30.982342236252226	8	things	02	02	things	1
subcortex_THA	27.302236762255713	14	things	02	02	things	1
cerebellum	29.67596214163497	88	things	02	02	things	2
cortex_Cont	45.18479377111895	128	things	02	02	things	2
cortex_Default	40.82173187293701	209	things	02	02	things	2
cortex_DorsAttn	45.001350288877504	122	things	02	02	things	2
cortex_Limbic	19.374029451666093	60	things	02	02	things	2
cortex_SalVentAttn	43.49847811383292	121	things	02	02	things	2
cortex_SomMot	43.31297369449552	194	things	02	02	things	2
cortex_Vis	35.01999545783647	162	things	02	02	things	2
subcortex_CAU	32.97594880290481	8	things	02	02	things	2
subcortex_PUT	30.99382274238826	8	things	02	02	things	2
subcortex_THA	26.9901148671025	14	things	02	02	things	2
cerebellum	32.508474553036535	88	things	02	02	things	3
cortex_Cont	50.278972206217915	128	things	02	02	things	3
cortex_Default	44.71233211046122	209	things	02	02	things	3
cortex_DorsAttn	51.94583973209071	122	things	02	02	things	3
cortex_Limbic	20.348910799745568	60	things	02	02	things	3
cortex_SalVentAttn	46.634883458358395	121	things	02	02	things	3
cortex_SomMot	48.11756265086671	194	things	02	02	things	3
cortex_Vis	40.14894850262625	162	things	02	02	things	3
subcortex_CAU	33.04827239708035	8	things	02	02	things	3
subcortex_PUT	31.141804420402604	8	things	02	02	things	3
subcortex_THA	27.324125176000333	14	things	02	02	things	3
cerebellum	32.52899126849163	88	things	02	02	things	4
cortex_Cont	49.97257823513309	128	things	02	02	things	4
cortex_Default	44.900865249326834	209	things	02	02	things	4
cortex_DorsAttn	52.95230575021904	122	things	02	02	things	4
cortex_Limbic	20.081463403965945	60	things	02	02	things	4
cortex_SalVentAttn	45.99986155967765	121	things	02	02	things	4
cortex_SomMot	47.15814598099907	194	things	02	02	things	4
cortex_Vis	41.630908650735755	162	things	02	02	things	4
subcortex_CAU	32.792616931336404	8	things	02	02	things	4
subcortex_PUT	31.049039699053253	8	things	02	02	things	4
subcortex_THA	27.665578802383248	14	things	02	02	things	4
cerebellum	32.314909434180386	88	things	02	02	things	5
cortex_Cont	49.60835910001024	128	things	02	02	things	5
cortex_Default	44.73314403140771	209	things	02	02	things	5
cortex_DorsAttn	52.08058769091249	122	things	02	02	things	5
cortex_Limbic	20.288878404101226	60	things	02	02	things	5
cortex_SalVentAttn	45.662930429104065	121	things	02	02	things	5
cortex_SomMot	46.69246000173828	194	things	02	02	things	5
cortex_Vis	40.737575545256824	162	things	02	02	things	5
subcortex_CAU	32.56214799498115	8	things	02	02	things	5
subcortex_PUT	30.71435325247399	8	things	02	02	things	5
subcortex_THA	26.998231898697757	14	things	02	02	things	5
cerebellum	29.251459423856616	88	things	02	02	things	6
cortex_Cont	46.3314758536904	128	things	02	02	things	6
cortex_Default	41.79842687049775	209	things	02	02	things	6
cortex_DorsAttn	47.563064846862765	122	things	02	02	things	6
cortex_Limbic	19.598809597434567	60	things	02	02	things	6
cortex_SalVentAttn	43.970344080873815	121	things	02	02	things	6
cortex_SomMot	43.91973599191928	194	things	02	02	things	6
cortex_Vis	37.27692169116495	162	things	02	02	things	6
subcortex_CAU	32.72662151095837	8	things	02	02	things	6
subcortex_PUT	30.48107015210129	8	things	02	02	things	6
subcortex_THA	26.621679426091607	14	things	02	02	things	6
cerebellum	29.709106078709762	88	things	02	03	things	1
cortex_Cont	44.14823627674198	128	things	02	03	things	1
cortex_Default	40.87980735739099	209	things	02	03	things	1
cortex_DorsAttn	45.64509559633488	122	things	02	03	things	1
cortex_Limbic	19.550111815794853	60	things	02	03	things	1
cortex_SalVentAttn	41.97824249185412	121	things	02	03	things	1
cortex_SomMot	42.47710158707356	194	things	02	03	things	1
cortex_Vis	34.903999800394786	162	things	02	03	things	1
subcortex_CAU	31.336438362156695	8	things	02	03	things	1
subcortex_PUT	30.27971117464001	8	things	02	03	things	1
subcortex_THA	26.74434470774639	14	things	02	03	things	1
cerebellum	31.080473450626652	88	things	02	03	things	2
cortex_Cont	46.62080064620503	128	things	02	03	things	2
cortex_Default	42.32861779344339	209	things	02	03	things	2
cortex_DorsAttn	47.477920508127745	122	things	02	03	things	2
cortex_Limbic	19.791611536557543	60	things	02	03	things	2
cortex_SalVentAttn	43.997086799057136	121	things	02	03	things	2
cortex_SomMot	44.0107667329671	194	things	02	03	things	2
cortex_Vis	37.4977674983554	162	things	02	03	things	2
subcortex_CAU	31.807963504071992	8	things	02	03	things	2
subcortex_PUT	30.509031355006428	8	things	02	03	things	2
subcortex_THA	27.228817729573304	14	things	02	03	things	2
cerebellum	31.457080679702724	88	things	02	03	things	3
cortex_Cont	46.052241170812984	128	things	02	03	things	3
cortex_Default	41.88689425874196	209	things	02	03	things	3
cortex_DorsAttn	48.53101727328309	122	things	02	03	things	3
cortex_Limbic	19.47671643130545	60	things	02	03	things	3
cortex_SalVentAttn	42.979781611678966	121	things	02	03	things	3
cortex_SomMot	44.023703493290135	194	things	02	03	things	3
cortex_Vis	37.70053213964406	162	things	02	03	things	3
subcortex_CAU	31.472250639015126	8	things	02	03	things	3
subcortex_PUT	30.383053808994617	8	things	02	03	things	3
subcortex_THA	27.06546342826393	14	things	02	03	things	3
cerebellum	30.060617640533994	88	things	02	03	things	4
cortex_Cont	44.143511197653936	128	things	02	03	things	4
cortex_Default	40.28391862221249	209	things	02	03	things	4
cortex_DorsAttn	45.68691737300846	122	things	02	03	things	4
cortex_Limbic	19.17902221584773	60	things	02	03	things	4
cortex_SalVentAttn	41.75864469087617	121	things	02	03	things	4
cortex_SomMot	41.6529542703239	194	things	02	03	things	4
cortex_Vis	35.99230921991659	162	things	02	03	things	4
subcortex_CAU	31.050843557385694	8	things	02	03	things	4
subcortex_PUT	30.09358688908291	8	things	02	03	things	4
subcortex_THA	26.467808151305878	14	things	02	03	things	4
cerebellum	28.86672387870409	88	things	02	03	things	5
cortex_Cont	43.873816547731685	128	things	02	03	things	5
cortex_Default	39.95382531403462	209	things	02	03	things	5
cortex_DorsAttn	43.89472464667359	122	things	02	03	things	5
cortex_Limbic	19.75463471174543	60	things	02	03	things	5
cortex_SalVentAttn	40.948384213558406	121	things	02	03	things	5
cortex_SomMot	40.22650597362104	194	things	02	03	things	5
cortex_Vis	34.839258120889966	162	things	02	03	things	5
subcortex_CAU	31.129155075013458	8	things	02	03	things	5
subcortex_PUT	29.854825215138803	8	things	02	03	things	5
subcortex_THA	26.370672365048932	14	things	02	03	things	5
cerebellum	28.450247267908324	88	things	02	03	things	6
cortex_Cont	44.132080632523426	128	things	02	03	things	6
cortex_Default	39.8292308363861	209	things	02	03	things	6
cortex_DorsAttn	43.79774081855146	122	things	02	03	things	6
cortex_Limbic	18.938694327603777	60	things	02	03	things	6
cortex_SalVentAttn	41.73715313192212	121	things	02	03	things	6
cortex_SomMot	41.12517527241031	194	things	02	03	things	6
cortex_Vis	33.88598607282811	162	things	02	03	things	6
subcortex_CAU	31.653617659759195	8	things	02	03	things	6
subcortex_PUT	29.99859377488152	8	things	02	03	things	6
subcortex_THA	26.37042668792879	14	things	02	03	things	6
cerebellum	32.655075806070094	88	things	02	04	things	1
cortex_Cont	47.915327394395966	128	things	02	04	things	1
cortex_Default	43.59218136738859	209	things	02	04	things	1
cortex_DorsAttn	51.87196484190193	122	things	02	04	things	1
cortex_Limbic	20.174519897542826	60	things	02	04	things	1
cortex_SalVentAttn	44.678028286351946	121	things	02	04	things	1
cortex_SomMot	46.29124296606754	194	things	02	04	things	1
cortex_Vis	40.39067277960037	162	things	02	04	things	1
subcortex_CAU	31.50317281912253	8	things	02	04	things	1
subcortex_PUT	29.83409757703635	8	things	02	04	things	1
subcortex_THA	26.54877807037281	14	things	02	04	things	1
cerebellum	32.17654711000338	88	things	02	04	things	2
cortex_Cont	47.98324416073733	128	things	02	04	things	2
cortex_Default	43.285405318260786	209	things	02	04	things	2
cortex_DorsAttn	51.425458720432786	122	things	02	04	things	2
cortex_Limbic	20.175348228836963	60	things	02	04	things	2
cortex_SalVentAttn	44.65842268327686	121	things	02	04	things	2
cortex_SomMot	46.1817741604376	194	things	02	04	things	2
cortex_Vis	40.38639962409387	162	things	02	04	things	2
subcortex_CAU	31.292654791155893	8	things	02	04	things	2
subcortex_PUT	29.81937645863517	8	things	02	04	things	2
subcortex_THA	26.322793423431452	14	things	02	04	things	2
cerebellum	31.549824816635407	88	things	02	04	things	3
cortex_Cont	47.4410216217423	128	things	02	04	things	3
cortex_Default	42.56691949427689	209	things	02	04	things	3
cortex_DorsAttn	49.233580733489724	122	things	02	04	things	3
cortex_Limbic	19.463426091400404	60	things	02	04	things	3
cortex_SalVentAttn	43.57749604814064	121	things	02	04	things	3
cortex_SomMot	44.044521936098306	194	things	02	04	things	3
cortex_Vis	39.41827728360974	162	things	02	04	things	3
subcortex_CAU	31.310897478383218	8	things	02	04	things	3
subcortex_PUT	29.588242091737282	8	things	02	04	things	3
subcortex_THA	26.280640045524517	14	things	02	04	things	3
cerebellum	29.572555367504016	88	things	02	04	things	4
cortex_Cont	46.164329076227794	128	things	02	04	things	4
cortex_Default	41.979325421437444	209	things	02	04	things	4
cortex_DorsAttn	46.764451460940414	122	things	02	04	things	4
cortex_Limbic	19.550837330601908	60	things	02	04	things	4
cortex_SalVentAttn	42.8495327294873	121	things	02	04	things	4
cortex_SomMot	43.27010839868642	194	things	02	04	things	4
cortex_Vis	36.57160895936051	162	things	02	04	things	4
subcortex_CAU	31.533275184518423	8	things	02	04	things	4
subcortex_PUT	29.847133134742396	8	things	02	04	things	4
subcortex_THA	26.115649018531375	14	things	02	04	things	4
cerebellum	29.9026723616951	88	things	02	04	things	5
cortex_Cont	48.05338716501302	128	things	02	04	things	5
cortex_Default	42.98837711230326	209	things	02	04	things	5
cortex_DorsAttn	49.53706122641946	122	things	02	04	things	5
cortex_Limbic	20.158418961462267	60	things	02	04	things	5
cortex_SalVentAttn	43.41720402113901	121	things	02	04	things	5
cortex_SomMot	44.88742355702518	194	things	02	04	things	5
cortex_Vis	38.13531755913708	162	things	02	04	things	5
subcortex_CAU	31.291480607769802	8	things	02	04	things	5
subcortex_PUT	29.32019932955993	8	things	02	04	things	5
subcortex_THA	25.974418229523575	14	things	02	04	things	5
cerebellum	28.441294518895983	88	things	02	04	things	6
cortex_Cont	46.350194409149665	128	things	02	04	things	6
cortex_Default	41.59405881343735	209	things	02	04	things	6
cortex_DorsAttn	48.55349380253495	122	things	02	04	things	6
cortex_Limbic	18.95129845628048	60	things	02	04	things	6
cortex_SalVentAttn	42.58251295435046	121	things	02	04	things	6
cortex_SomMot	44.26252748124375	194	things	02	04	things	6
cortex_Vis	37.07743769178675	162	things	02	04	things	6
subcortex_CAU	30.824375878074928	8	things	02	04	things	6
subcortex_PUT	29.222212700021426	8	things	02	04	things	6
subcortex_THA	25.69493905211297	14	things	02	04	things	6
cerebellum	33.23933170281719	88	things	02	05	things	1
cortex_Cont	47.08139978391626	128	things	02	05	things	1
cortex_Default	42.726491370462014	209	things	02	05	things	1
cortex_DorsAttn	52.52241413386821	122	things	02	05	things	1
cortex_Limbic	19.86334738402535	60	things	02	05	things	1
cortex_SalVentAttn	44.599667173186916	121	things	02	05	things	1
cortex_SomMot	46.314981487382404	194	things	02	05	things	1
cortex_Vis	41.39534733759744	162	things	02	05	things	1
subcortex_CAU	31.729566550002097	8	things	02	05	things	1
subcortex_PUT	30.488565127527032	8	things	02	05	things	1
subcortex_THA	27.15501464619094	14	things	02	05	things	1
cerebellum	31.250986712780914	88	things	02	05	things	2
cortex_Cont	45.879405629930226	128	things	02	05	things	2
cortex_Default	41.41816861090888	209	things	02	05	things	2
cortex_DorsAttn	45.730495687158225	122	things	02	05	things	2
cortex_Limbic	19.75407982342841	60	things	02	05	things	2
cortex_SalVentAttn	42.29640710228532	121	things	02	05	things	2
cortex_SomMot	42.01913434120852	194	things	02	05	things	2
cortex_Vis	37.549643348042366	162	things	02	05	things	2
subcortex_CAU	31.747590927643074	8	things	02	05	things	2
subcortex_PUT	30.351019028622584	8	things	02	05	things	2
subcortex_THA	26.69899418493563	14	things	02	05	things	2
cerebellum	30.98253848827831	88	things	02	05	things	3
cortex_Cont	46.37033172195625	128	things	02	05	things	3
cortex_Default	42.23425165498342	209	things	02	05	things	3
cortex_DorsAttn	47.88950525432035	122	things	02	05	things	3
cortex_Limbic	19.52800799588397	60	things	02	05	things	3
cortex_SalVentAttn	43.73667390241678	121	things	02	05	things	3
cortex_SomMot	44.280729433888496	194	things	02	05	things	3
cortex_Vis	38.018244104106024	162	things	02	05	things	3
subcortex_CAU	32.08171159203122	8	things	02	05	things	3
subcortex_PUT	30.127107355081094	8	things	02	05	things	3
subcortex_THA	26.918656951749085	14	things	02	05	things	3
cerebellum	30.323013393480583	88	things	02	05	things	4
cortex_Cont	47.07749787979987	128	things	02	05	things	4
cortex_Default	42.489180901257846	209	things	02	05	things	4
cortex_DorsAttn	48.47802638152758	122	things	02	05	things	4
cortex_Limbic	19.48373178572507	60	things	02	05	things	4
cortex_SalVentAttn	43.83839984280226	121	things	02	05	things	4
cortex_SomMot	44.2176376427062	194	things	02	05	things	4
cortex_Vis	38.53763613378036	162	things	02	05	things	4
subcortex_CAU	31.845761274689778	8	things	02	05	things	4
subcortex_PUT	29.98528558267389	8	things	02	05	things	4
subcortex_THA	26.573239013247107	14	things	02	05	things	4
cerebellum	30.215911036453637	88	things	02	05	things	5
cortex_Cont	45.88073104100815	128	things	02	05	things	5
cortex_Default	41.15981315988576	209	things	02	05	things	5
cortex_DorsAttn	48.36070695130003	122	things	02	05	things	5
cortex_Limbic	19.252603162741377	60	things	02	05	things	5
cortex_SalVentAttn	42.856345349098945	121	things	02	05	things	5
cortex_SomMot	43.72262394118503	194	things	02	05	things	5
cortex_Vis	38.0074582070738	162	things	02	05	things	5
subcortex_CAU	31.487613743531405	8	things	02	05	things	5
subcortex_PUT	29.739419945862426	8	things	02	05	things	5
subcortex_THA	26.42182279655671	14	things	02	05	things	5
cerebellum	28.864245104022814	88	things	02	05	things	6
cortex_Cont	44.133032628503564	128	things	02	05	things	6
cortex_Default	39.90391035359359	209	things	02	05	things	6
cortex_DorsAttn	44.97892060159751	122	things	02	05	things	6
cortex_Limbic	18.78767681315047	60	things	02	05	things	6
cortex_SalVentAttn	41.42811859012621	121	things	02	05	things	6
cortex_SomMot	41.85778360673145	194	things	02	05	things	6
cortex_Vis	35.422013125310365	162	things	02	05	things	6
subcortex_CAU	31.37531535570928	8	things	02	05	things	6
subcortex_PUT	29.62598571677875	8	things	02	05	things	6
subcortex_THA	26.02336161419573	14	things	02	05	things	6
cerebellum	32.84796742412272	88	things	02	06	things	1
cortex_Cont	47.040973148655496	128	things	02	06	things	1
cortex_Default	43.34258857458996	209	things	02	06	things	1
cortex_DorsAttn	50.045727270766534	122	things	02	06	things	1
cortex_Limbic	20.391480851217647	60	things	02	06	things	1
cortex_SalVentAttn	44.33616780808678	121	things	02	06	things	1
cortex_SomMot	45.39746176684874	194	things	02	06	things	1
cortex_Vis	39.93247999792303	162	things	02	06	things	1
subcortex_CAU	31.766338103833093	8	things	02	06	things	1
subcortex_PUT	30.37067416135292	8	things	02	06	things	1
subcortex_THA	26.975897012265737	14	things	02	06	things	1
cerebellum	32.69498832643117	88	things	02	06	things	2
cortex_Cont	47.90214440888785	128	things	02	06	things	2
cortex_Default	43.33560438618976	209	things	02	06	things	2
cortex_DorsAttn	49.76026960212039	122	things	02	06	things	2
cortex_Limbic	20.0495698804659	60	things	02	06	things	2
cortex_SalVentAttn	44.0417770788519	121	things	02	06	things	2
cortex_SomMot	44.914653368813504	194	things	02	06	things	2
cortex_Vis	40.048760828861596	162	things	02	06	things	2
subcortex_CAU	31.583427740215026	8	things	02	06	things	2
subcortex_PUT	30.2192193992663	8	things	02	06	things	2
subcortex_THA	26.96371810381822	14	things	02	06	things	2
cerebellum	32.61862164311077	88	things	02	06	things	3
cortex_Cont	46.066768224183186	128	things	02	06	things	3
cortex_Default	42.2108808324013	209	things	02	06	things	3
cortex_DorsAttn	48.03266230264092	122	things	02	06	things	3
cortex_Limbic	20.264376899753223	60	things	02	06	things	3
cortex_SalVentAttn	43.13814396700011	121	things	02	06	things	3
cortex_SomMot	43.548168329150755	194	things	02	06	things	3
cortex_Vis	39.28698466907887	162	things	02	06	things	3
subcortex_CAU	31.375103045507974	8	things	02	06	things	3
subcortex_PUT	30.0145741342493	8	things	02	06	things	3
subcortex_THA	26.758560614635908	14	things	02	06	things	3
cerebellum	30.236366861031527	88	things	02	06	things	4
cortex_Cont	45.50201059091647	128	things	02	06	things	4
cortex_Default	41.80961631412569	209	things	02	06	things	4
cortex_DorsAttn	46.760251679700154	122	things	02	06	things	4
cortex_Limbic	19.541867796308004	60	things	02	06	things	4
cortex_SalVentAttn	42.2768577283004	121	things	02	06	things	4
cortex_SomMot	42.71895864794316	194	things	02	06	things	4
cortex_Vis	37.128391221479	162	things	02	06	things	4
subcortex_CAU	31.405362600675506	8	things	02	06	things	4
subcortex_PUT	29.735016870922728	8	things	02	06	things	4
subcortex_THA	26.257826842271914	14	things	02	06	things	4
cerebellum	29.612832815747627	88	things	02	06	things	5
cortex_Cont	42.845180767085914	128	things	02	06	things	5
cortex_Default	39.55939485793014	209	things	02	06	things	5
cortex_DorsAttn	44.416088719830185	122	things	02	06	things	5
cortex_Limbic	18.49373415459403	60	things	02	06	things	5
cortex_SalVentAttn	41.08727333498752	121	things	02	06	things	5
cortex_SomMot	41.02536513172277	194	things	02	06	things	5
cortex_Vis	36.025924841207015	162	things	02	06	things	5
subcortex_CAU	30.9312197399655	8	things	02	06	things	5
subcortex_PUT	29.49701302732003	8	things	02	06	things	5
subcortex_THA	26.120560953716478	14	things	02	06	things	5
cerebellum	25.933871810134125	88	things	02	06	things	6
cortex_Cont	37.29942099621297	128	things	02	06	things	6
cortex_Default	35.0046393977699	209	things	02	06	things	6
cortex_DorsAttn	38.62784707850348	122	things	02	06	things	6
cortex_Limbic	17.58255333549401	60	things	02	06	things	6
cortex_SalVentAttn	37.503015102536516	121	things	02	06	things	6
cortex_SomMot	36.91323811288516	194	things	02	06	things	6
cortex_Vis	30.870241828048346	162	things	02	06	things	6
subcortex_CAU	30.488972762889667	8	things	02	06	things	6
subcortex_PUT	29.473187574047394	8	things	02	06	things	6
subcortex_THA	25.7112368451269	14	things	02	06	things	6
cerebellum	30.638277380256035	88	things	02	07	things	1
cortex_Cont	46.32273657210712	128	things	02	07	things	1
cortex_Default	42.55910226166093	209	things	02	07	things	1
cortex_DorsAttn	49.2776575059766	122	things	02	07	things	1
cortex_Limbic	20.20658228695584	60	things	02	07	things	1
cortex_SalVentAttn	43.211645961947596	121	things	02	07	things	1
cortex_SomMot	44.255715665224585	194	things	02	07	things	1
cortex_Vis	39.04484863522085	162	things	02	07	things	1
subcortex_CAU	31.57105713159423	8	things	02	07	things	1
subcortex_PUT	29.835741483650406	8	things	02	07	things	1
subcortex_THA	26.84593038826436	14	things	02	07	things	1
cerebellum	28.752943113021967	88	things	02	07	things	2
cortex_Cont	41.75329622960132	128	things	02	07	things	2
cortex_Default	38.8542278298544	209	things	02	07	things	2
cortex_DorsAttn	43.735062225425935	122	things	02	07	things	2
cortex_Limbic	18.72508270706328	60	things	02	07	things	2
cortex_SalVentAttn	40.550321480413885	121	things	02	07	things	2
cortex_SomMot	41.2572307149497	194	things	02	07	things	2
cortex_Vis	35.24663876272324	162	things	02	07	things	2
subcortex_CAU	30.81840626654188	8	things	02	07	things	2
subcortex_PUT	29.557207457510405	8	things	02	07	things	2
subcortex_THA	26.42238793855574	14	things	02	07	things	2
cerebellum	28.93129169522537	88	things	02	07	things	3
cortex_Cont	42.586553466832186	128	things	02	07	things	3
cortex_Default	39.372221651266145	209	things	02	07	things	3
cortex_DorsAttn	44.05380643304491	122	things	02	07	things	3
cortex_Limbic	19.40680532755964	60	things	02	07	things	3
cortex_SalVentAttn	40.93822108017929	121	things	02	07	things	3
cortex_SomMot	40.802415234774756	194	things	02	07	things	3
cortex_Vis	36.22235542581177	162	things	02	07	things	3
subcortex_CAU	30.54449624765181	8	things	02	07	things	3
subcortex_PUT	29.62824629384233	8	things	02	07	things	3
subcortex_THA	26.57334151181928	14	things	02	07	things	3
cerebellum	30.12642314953848	88	things	02	07	things	4
cortex_Cont	46.124548937870244	128	things	02	07	things	4
cortex_Default	42.47863522180522	209	things	02	07	things	4
cortex_DorsAttn	48.60917365964962	122	things	02	07	things	4
cortex_Limbic	20.17901862686815	60	things	02	07	things	4
cortex_SalVentAttn	42.919257010681534	121	things	02	07	things	4
cortex_SomMot	44.27049063124468	194	things	02	07	things	4
cortex_Vis	38.63128968158838	162	things	02	07	things	4
subcortex_CAU	31.26505050983316	8	things	02	07	things	4
subcortex_PUT	29.651280985967414	8	things	02	07	things	4
subcortex_THA	26.802773238486644	14	things	02	07	things	4
cerebellum	26.92738263679213	88	things	02	07	things	5
cortex_Cont	41.14364866127763	128	things	02	07	things	5
cortex_Default	38.32423481785056	209	things	02	07	things	5
cortex_DorsAttn	41.774804153527725	122	things	02	07	things	5
cortex_Limbic	19.255897073654793	60	things	02	07	things	5
cortex_SalVentAttn	39.11319795923571	121	things	02	07	things	5
cortex_SomMot	39.373762124569254	194	things	02	07	things	5
cortex_Vis	33.73831158645444	162	things	02	07	things	5
subcortex_CAU	30.391276040155645	8	things	02	07	things	5
subcortex_PUT	29.156012383816552	8	things	02	07	things	5
subcortex_THA	25.76822272571179	14	things	02	07	things	5
cerebellum	26.936498244220704	88	things	02	07	things	6
cortex_Cont	40.04927135186552	128	things	02	07	things	6
cortex_Default	37.394946818601795	209	things	02	07	things	6
cortex_DorsAttn	42.06455801152279	122	things	02	07	things	6
cortex_Limbic	18.511035394975114	60	things	02	07	things	6
cortex_SalVentAttn	38.56135448267541	121	things	02	07	things	6
cortex_SomMot	39.02848778205123	194	things	02	07	things	6
cortex_Vis	33.523000622285004	162	things	02	07	things	6
subcortex_CAU	29.71760290750812	8	things	02	07	things	6
subcortex_PUT	28.83587273251666	8	things	02	07	things	6
subcortex_THA	25.61608175765772	14	things	02	07	things	6
cerebellum	31.29427672296309	88	things	02	08	things	1
cortex_Cont	47.66958440050632	128	things	02	08	things	1
cortex_Default	43.044294610215196	209	things	02	08	things	1
cortex_DorsAttn	49.34318932076802	122	things	02	08	things	1
cortex_Limbic	20.213527381650685	60	things	02	08	things	1
cortex_SalVentAttn	44.971453803325815	121	things	02	08	things	1
cortex_SomMot	46.40335369233221	194	things	02	08	things	1
cortex_Vis	38.29067672120497	162	things	02	08	things	1
subcortex_CAU	32.58948862563275	8	things	02	08	things	1
subcortex_PUT	30.74133257911806	8	things	02	08	things	1
subcortex_THA	27.573355843246855	14	things	02	08	things	1
cerebellum	30.47020094659937	88	things	02	08	things	2
cortex_Cont	48.261230501979796	128	things	02	08	things	2
cortex_Default	43.531407985653985	209	things	02	08	things	2
cortex_DorsAttn	49.04816066617851	122	things	02	08	things	2
cortex_Limbic	20.732984334226067	60	things	02	08	things	2
cortex_SalVentAttn	44.40680073340416	121	things	02	08	things	2
cortex_SomMot	45.02848513119114	194	things	02	08	things	2
cortex_Vis	38.16667728311157	162	things	02	08	things	2
subcortex_CAU	32.89547208023952	8	things	02	08	things	2
subcortex_PUT	30.768196844234083	8	things	02	08	things	2
subcortex_THA	27.27433159217521	14	things	02	08	things	2
cerebellum	31.812093672601794	88	things	02	08	things	3
cortex_Cont	48.4164878328388	128	things	02	08	things	3
cortex_Default	43.754092465629654	209	things	02	08	things	3
cortex_DorsAttn	50.73108589703234	122	things	02	08	things	3
cortex_Limbic	20.68084381792645	60	things	02	08	things	3
cortex_SalVentAttn	44.98616887256682	121	things	02	08	things	3
cortex_SomMot	45.81404783129174	194	things	02	08	things	3
cortex_Vis	39.000970571636266	162	things	02	08	things	3
subcortex_CAU	33.82758994179409	8	things	02	08	things	3
subcortex_PUT	31.192192120871564	8	things	02	08	things	3
subcortex_THA	28.0388197786554	14	things	02	08	things	3
cerebellum	31.53867583799824	88	things	02	08	things	4
cortex_Cont	48.074235476186495	128	things	02	08	things	4
cortex_Default	43.800443452639236	209	things	02	08	things	4
cortex_DorsAttn	50.72163307422887	122	things	02	08	things	4
cortex_Limbic	20.883652212986895	60	things	02	08	things	4
cortex_SalVentAttn	44.80799716049271	121	things	02	08	things	4
cortex_SomMot	46.009238633915345	194	things	02	08	things	4
cortex_Vis	39.20208293144786	162	things	02	08	things	4
subcortex_CAU	33.11714079839329	8	things	02	08	things	4
subcortex_PUT	30.81863998728695	8	things	02	08	things	4
subcortex_THA	27.88669634691746	14	things	02	08	things	4
cerebellum	30.500367589696296	88	things	02	08	things	5
cortex_Cont	46.147860913420025	128	things	02	08	things	5
cortex_Default	41.742700911596444	209	things	02	08	things	5
cortex_DorsAttn	49.47790880641908	122	things	02	08	things	5
cortex_Limbic	19.90582145910903	60	things	02	08	things	5
cortex_SalVentAttn	43.67015154980604	121	things	02	08	things	5
cortex_SomMot	45.160451599903816	194	things	02	08	things	5
cortex_Vis	38.818722625453724	162	things	02	08	things	5
subcortex_CAU	31.964626132021987	8	things	02	08	things	5
subcortex_PUT	30.36551607566111	8	things	02	08	things	5
subcortex_THA	27.19523937209483	14	things	02	08	things	5
cerebellum	31.176884590232138	88	things	02	08	things	6
cortex_Cont	48.89763492656547	128	things	02	08	things	6
cortex_Default	43.89626389165781	209	things	02	08	things	6
cortex_DorsAttn	50.6647218561487	122	things	02	08	things	6
cortex_Limbic	20.43828569548897	60	things	02	08	things	6
cortex_SalVentAttn	45.25254705246359	121	things	02	08	things	6
cortex_SomMot	46.7722299768403	194	things	02	08	things	6
cortex_Vis	39.26146246654774	162	things	02	08	things	6
subcortex_CAU	32.22991182022572	8	things	02	08	things	6
subcortex_PUT	30.30020005952379	8	things	02	08	things	6
subcortex_THA	27.27829822674524	14	things	02	08	things	6
cerebellum	31.19377789063751	88	things	02	09	things	1
cortex_Cont	46.26673196563259	128	things	02	09	things	1
cortex_Default	42.13628913818858	209	things	02	09	things	1
cortex_DorsAttn	48.37498728928251	122	things	02	09	things	1
cortex_Limbic	19.41227613962076	60	things	02	09	things	1
cortex_SalVentAttn	44.29213762906446	121	things	02	09	things	1
cortex_SomMot	45.350403695560026	194	things	02	09	things	1
cortex_Vis	37.21529071880878	162	things	02	09	things	1
subcortex_CAU	32.18791487545226	8	things	02	09	things	1
subcortex_PUT	30.444315171467657	8	things	02	09	things	1
subcortex_THA	27.215609468293007	14	things	02	09	things	1
cerebellum	33.19340219693876	88	things	02	09	things	2
cortex_Cont	48.80311197920488	128	things	02	09	things	2
cortex_Default	43.73007343791098	209	things	02	09	things	2
cortex_DorsAttn	52.03456741233893	122	things	02	09	things	2
cortex_Limbic	20.131425347719347	60	things	02	09	things	2
cortex_SalVentAttn	45.14524927810528	121	things	02	09	things	2
cortex_SomMot	46.17713893476305	194	things	02	09	things	2
cortex_Vis	41.43867057298831	162	things	02	09	things	2
subcortex_CAU	32.07192189137891	8	things	02	09	things	2
subcortex_PUT	30.371608980166013	8	things	02	09	things	2
subcortex_THA	27.422403080600905	14	things	02	09	things	2
cerebellum	32.94888271657216	88	things	02	09	things	3
cortex_Cont	49.31651018642445	128	things	02	09	things	3
cortex_Default	44.37764881914265	209	things	02	09	things	3
cortex_DorsAttn	52.16686276993111	122	things	02	09	things	3
cortex_Limbic	19.903757885851427	60	things	02	09	things	3
cortex_SalVentAttn	45.403819086542654	121	things	02	09	things	3
cortex_SomMot	46.39441511302656	194	things	02	09	things	3
cortex_Vis	41.373465983862616	162	things	02	09	things	3
subcortex_CAU	32.520132309616926	8	things	02	09	things	3
subcortex_PUT	30.469743429480296	8	things	02	09	things	3
subcortex_THA	27.43092477939258	14	things	02	09	things	3
cerebellum	29.994770153121237	88	things	02	09	things	4
cortex_Cont	44.26481751388916	128	things	02	09	things	4
cortex_Default	40.08760391862752	209	things	02	09	things	4
cortex_DorsAttn	46.16350778305583	122	things	02	09	things	4
cortex_Limbic	18.95761348561511	60	things	02	09	things	4
cortex_SalVentAttn	42.161796509585386	121	things	02	09	things	4
cortex_SomMot	42.43028270127626	194	things	02	09	things	4
cortex_Vis	36.654920402654916	162	things	02	09	things	4
subcortex_CAU	31.36297100161971	8	things	02	09	things	4
subcortex_PUT	29.650817672432346	8	things	02	09	things	4
subcortex_THA	26.687555792242815	14	things	02	09	things	4
cerebellum	31.464790762219774	88	things	02	09	things	5
cortex_Cont	45.96538311772048	128	things	02	09	things	5
cortex_Default	41.42863612312337	209	things	02	09	things	5
cortex_DorsAttn	49.29470113928238	122	things	02	09	things	5
cortex_Limbic	19.25536227595579	60	things	02	09	things	5
cortex_SalVentAttn	43.1413411935512	121	things	02	09	things	5
cortex_SomMot	44.58455795410705	194	things	02	09	things	5
cortex_Vis	39.15022814167586	162	things	02	09	things	5
subcortex_CAU	31.708316501991852	8	things	02	09	things	5
subcortex_PUT	29.94104440840924	8	things	02	09	things	5
subcortex_THA	26.972426021162654	14	things	02	09	things	5
cerebellum	30.075764582561735	88	things	02	09	things	6
cortex_Cont	44.409365177087736	128	things	02	09	things	6
cortex_Default	40.20146698943323	209	things	02	09	things	6
cortex_DorsAttn	46.61566779998956	122	things	02	09	things	6
cortex_Limbic	19.097867068448625	60	things	02	09	things	6
cortex_SalVentAttn	41.52937243670271	121	things	02	09	things	6
cortex_SomMot	42.6396923692939	194	things	02	09	things	6
cortex_Vis	36.753196569298474	162	things	02	09	things	6
subcortex_CAU	31.20444044896568	8	things	02	09	things	6
subcortex_PUT	29.59474237664079	8	things	02	09	things	6
subcortex_THA	26.42893777132513	14	things	02	09	things	6
cerebellum	28.246625517212294	88	things	02	10	things	1
cortex_Cont	42.50804809363493	128	things	02	10	things	1
cortex_Default	38.80544860339638	209	things	02	10	things	1
cortex_DorsAttn	44.48480185675534	122	things	02	10	things	1
cortex_Limbic	18.690491689324997	60	things	02	10	things	1
cortex_SalVentAttn	42.20426491837696	121	things	02	10	things	1
cortex_SomMot	42.48422840570065	194	things	02	10	things	1
cortex_Vis	34.405385389054025	162	things	02	10	things	1
subcortex_CAU	32.25542840900342	8	things	02	10	things	1
subcortex_PUT	31.14191486082782	8	things	02	10	things	1
subcortex_THA	27.41558553446168	14	things	02	10	things	1
cerebellum	32.102219407257564	88	things	02	10	things	2
cortex_Cont	46.53806920199956	128	things	02	10	things	2
cortex_Default	42.62625766298388	209	things	02	10	things	2
cortex_DorsAttn	48.993945676501355	122	things	02	10	things	2
cortex_Limbic	19.634065227386092	60	things	02	10	things	2
cortex_SalVentAttn	43.94630090062191	121	things	02	10	things	2
cortex_SomMot	44.93577585396853	194	things	02	10	things	2
cortex_Vis	38.99058023596045	162	things	02	10	things	2
subcortex_CAU	32.18796526169047	8	things	02	10	things	2
subcortex_PUT	31.24153508349952	8	things	02	10	things	2
subcortex_THA	27.301911696604826	14	things	02	10	things	2
cerebellum	31.824498843729213	88	things	02	10	things	3
cortex_Cont	44.89921549619643	128	things	02	10	things	3
cortex_Default	40.83600884291705	209	things	02	10	things	3
cortex_DorsAttn	47.66131599457736	122	things	02	10	things	3
cortex_Limbic	19.657788539772064	60	things	02	10	things	3
cortex_SalVentAttn	42.91564153596383	121	things	02	10	things	3
cortex_SomMot	43.39784899962809	194	things	02	10	things	3
cortex_Vis	38.5584851171255	162	things	02	10	things	3
subcortex_CAU	31.07462434087424	8	things	02	10	things	3
subcortex_PUT	30.58488611560735	8	things	02	10	things	3
subcortex_THA	26.91445260725387	14	things	02	10	things	3
cerebellum	31.27171485787325	88	things	02	10	things	4
cortex_Cont	46.09421541415279	128	things	02	10	things	4
cortex_Default	41.891218088929925	209	things	02	10	things	4
cortex_DorsAttn	48.50898648308743	122	things	02	10	things	4
cortex_Limbic	19.96577482950406	60	things	02	10	things	4
cortex_SalVentAttn	43.109671538862955	121	things	02	10	things	4
cortex_SomMot	43.97598085698952	194	things	02	10	things	4
cortex_Vis	38.60657566436083	162	things	02	10	things	4
subcortex_CAU	31.067936080133258	8	things	02	10	things	4
subcortex_PUT	30.081495689610655	8	things	02	10	things	4
subcortex_THA	26.746937618628614	14	things	02	10	things	4
cerebellum	32.30262050242605	88	things	02	10	things	5
cortex_Cont	46.90125928883109	128	things	02	10	things	5
cortex_Default	42.07139896982857	209	things	02	10	things	5
cortex_DorsAttn	51.66217246039503	122	things	02	10	things	5
cortex_Limbic	19.08625304951693	60	things	02	10	things	5
cortex_SalVentAttn	43.35588139314031	121	things	02	10	things	5
cortex_SomMot	45.17745453081174	194	things	02	10	things	5
cortex_Vis	41.25669833050221	162	things	02	10	things	5
subcortex_CAU	31.635248288353996	8	things	02	10	things	5
subcortex_PUT	30.30611314079991	8	things	02	10	things	5
subcortex_THA	26.82169043894655	14	things	02	10	things	5
cerebellum	29.388895063064886	88	things	02	10	things	6
cortex_Cont	43.41710597443283	128	things	02	10	things	6
cortex_Default	39.76294953416691	209	things	02	10	things	6
cortex_DorsAttn	46.41618229085208	122	things	02	10	things	6
cortex_Limbic	18.473601267716695	60	things	02	10	things	6
cortex_SalVentAttn	41.44738213393009	121	things	02	10	things	6
cortex_SomMot	42.025187412696894	194	things	02	10	things	6
cortex_Vis	37.25724925505321	162	things	02	10	things	6
subcortex_CAU	30.530215128900284	8	things	02	10	things	6
subcortex_PUT	29.87742006960621	8	things	02	10	things	6
subcortex_THA	26.162401440772793	14	things	02	10	things	6
cerebellum	32.29172854716117	88	things	02	11	things	1
cortex_Cont	48.35286658150228	128	things	02	11	things	1
cortex_Default	43.287699148329224	209	things	02	11	things	1
cortex_DorsAttn	51.23405120680978	122	things	02	11	things	1
cortex_Limbic	20.71616481866084	60	things	02	11	things	1
cortex_SalVentAttn	45.03360908512647	121	things	02	11	things	1
cortex_SomMot	46.73405636728753	194	things	02	11	things	1
cortex_Vis	39.27415423391859	162	things	02	11	things	1
subcortex_CAU	33.03330257585166	8	things	02	11	things	1
subcortex_PUT	31.11898681734612	8	things	02	11	things	1
subcortex_THA	27.728025979420234	14	things	02	11	things	1
cerebellum	31.006876851284915	88	things	02	11	things	2
cortex_Cont	45.74596703976606	128	things	02	11	things	2
cortex_Default	41.00111124154005	209	things	02	11	things	2
cortex_DorsAttn	45.75032982635695	122	things	02	11	things	2
cortex_Limbic	19.37747514351762	60	things	02	11	things	2
cortex_SalVentAttn	43.49291577585436	121	things	02	11	things	2
cortex_SomMot	43.118449944988136	194	things	02	11	things	2
cortex_Vis	36.13084418992799	162	things	02	11	things	2
subcortex_CAU	32.56992456016926	8	things	02	11	things	2
subcortex_PUT	30.69907373892178	8	things	02	11	things	2
subcortex_THA	27.254933435605558	14	things	02	11	things	2
cerebellum	32.16519030469662	88	things	02	11	things	3
cortex_Cont	48.34051450236343	128	things	02	11	things	3
cortex_Default	43.12445162641469	209	things	02	11	things	3
cortex_DorsAttn	49.85256406728715	122	things	02	11	things	3
cortex_Limbic	19.05698448542239	60	things	02	11	things	3
cortex_SalVentAttn	44.37369967179948	121	things	02	11	things	3
cortex_SomMot	44.81347948009181	194	things	02	11	things	3
cortex_Vis	39.28611659564036	162	things	02	11	things	3
subcortex_CAU	32.29969939183831	8	things	02	11	things	3
subcortex_PUT	30.24578110338971	8	things	02	11	things	3
subcortex_THA	27.097909845032408	14	things	02	11	things	3
cerebellum	32.426720890214966	88	things	02	11	things	4
cortex_Cont	47.657068071264426	128	things	02	11	things	4
cortex_Default	42.53092216043249	209	things	02	11	things	4
cortex_DorsAttn	50.021182784349286	122	things	02	11	things	4
cortex_Limbic	20.09199662108869	60	things	02	11	things	4
cortex_SalVentAttn	44.31999418523921	121	things	02	11	things	4
cortex_SomMot	44.93178435988034	194	things	02	11	things	4
cortex_Vis	39.60994995266456	162	things	02	11	things	4
subcortex_CAU	32.647273840509726	8	things	02	11	things	4
subcortex_PUT	30.673531088162463	8	things	02	11	things	4
subcortex_THA	27.169625627891058	14	things	02	11	things	4
cerebellum	29.16098552934161	88	things	02	11	things	5
cortex_Cont	41.54553671790723	128	things	02	11	things	5
cortex_Default	37.9146438096638	209	things	02	11	things	5
cortex_DorsAttn	43.77808622244422	122	things	02	11	things	5
cortex_Limbic	18.169435861578688	60	things	02	11	things	5
cortex_SalVentAttn	41.29836175352736	121	things	02	11	things	5
cortex_SomMot	41.26118563284927	194	things	02	11	things	5
cortex_Vis	34.76079535444623	162	things	02	11	things	5
subcortex_CAU	31.510918243308396	8	things	02	11	things	5
subcortex_PUT	29.82966556971879	8	things	02	11	things	5
subcortex_THA	26.480646124814548	14	things	02	11	things	5
cerebellum	28.077553696099063	88	things	02	11	things	6
cortex_Cont	40.23982871733631	128	things	02	11	things	6
cortex_Default	36.58900517214383	209	things	02	11	things	6
cortex_DorsAttn	41.84017436737108	122	things	02	11	things	6
cortex_Limbic	17.75606819640726	60	things	02	11	things	6
cortex_SalVentAttn	39.419744157780045	121	things	02	11	things	6
cortex_SomMot	38.768356341678206	194	things	02	11	things	6
cortex_Vis	33.15320012936909	162	things	02	11	things	6
subcortex_CAU	31.171545842591154	8	things	02	11	things	6
subcortex_PUT	29.372358723681995	8	things	02	11	things	6
subcortex_THA	25.87677544954852	14	things	02	11	things	6
cerebellum	33.041257089960794	88	things	02	12	things	1
cortex_Cont	51.45387786889791	128	things	02	12	things	1
cortex_Default	45.569556583798914	209	things	02	12	things	1
cortex_DorsAttn	54.61994145023592	122	things	02	12	things	1
cortex_Limbic	20.81084561164794	60	things	02	12	things	1
cortex_SalVentAttn	47.85711537773097	121	things	02	12	things	1
cortex_SomMot	50.18902543326218	194	things	02	12	things	1
cortex_Vis	41.835249303223016	162	things	02	12	things	1
subcortex_CAU	33.9373421160746	8	things	02	12	things	1
subcortex_PUT	31.516599569241883	8	things	02	12	things	1
subcortex_THA	28.14781375754789	14	things	02	12	things	1
cerebellum	27.023976962211886	88	things	02	12	things	2
cortex_Cont	41.81834406179581	128	things	02	12	things	2
cortex_Default	37.92234342416201	209	things	02	12	things	2
cortex_DorsAttn	41.228377907924965	122	things	02	12	things	2
cortex_Limbic	18.815117111667977	60	things	02	12	things	2
cortex_SalVentAttn	41.9601058048475	121	things	02	12	things	2
cortex_SomMot	40.697553813058114	194	things	02	12	things	2
cortex_Vis	32.88103064013204	162	things	02	12	things	2
subcortex_CAU	33.08189516839561	8	things	02	12	things	2
subcortex_PUT	30.879591357331055	8	things	02	12	things	2
subcortex_THA	27.047950209618477	14	things	02	12	things	2
cerebellum	30.06772818503357	88	things	02	12	things	3
cortex_Cont	47.271274731999064	128	things	02	12	things	3
cortex_Default	41.757069046272335	209	things	02	12	things	3
cortex_DorsAttn	47.93863290887493	122	things	02	12	things	3
cortex_Limbic	20.07661529509247	60	things	02	12	things	3
cortex_SalVentAttn	44.79443624571753	121	things	02	12	things	3
cortex_SomMot	44.802039435522275	194	things	02	12	things	3
cortex_Vis	37.8381002724598	162	things	02	12	things	3
subcortex_CAU	33.60783069780423	8	things	02	12	things	3
subcortex_PUT	31.144144344537132	8	things	02	12	things	3
subcortex_THA	27.405485533722242	14	things	02	12	things	3
cerebellum	30.468470548794325	88	things	02	12	things	4
cortex_Cont	49.48401486092123	128	things	02	12	things	4
cortex_Default	44.261466526210455	209	things	02	12	things	4
cortex_DorsAttn	50.92345438714892	122	things	02	12	things	4
cortex_Limbic	20.82567231144874	60	things	02	12	things	4
cortex_SalVentAttn	45.80691399511675	121	things	02	12	things	4
cortex_SomMot	46.983734526881555	194	things	02	12	things	4
cortex_Vis	39.325555706165346	162	things	02	12	things	4
subcortex_CAU	33.84087351036427	8	things	02	12	things	4
subcortex_PUT	31.217408171130483	8	things	02	12	things	4
subcortex_THA	27.58833490733358	14	things	02	12	things	4
cerebellum	26.50412995152202	88	things	02	12	things	5
cortex_Cont	43.93859261445303	128	things	02	12	things	5
cortex_Default	39.29307715338257	209	things	02	12	things	5
cortex_DorsAttn	44.33191289095464	122	things	02	12	things	5
cortex_Limbic	19.044279869854684	60	things	02	12	things	5
cortex_SalVentAttn	42.46013970339842	121	things	02	12	things	5
cortex_SomMot	43.01369446736513	194	things	02	12	things	5
cortex_Vis	33.33580537379091	162	things	02	12	things	5
subcortex_CAU	32.98868234616545	8	things	02	12	things	5
subcortex_PUT	30.510742730080427	8	things	02	12	things	5
subcortex_THA	26.757161833118555	14	things	02	12	things	5
cerebellum	26.16324929514551	88	things	02	12	things	6
cortex_Cont	42.17056553532012	128	things	02	12	things	6
cortex_Default	37.77446974709808	209	things	02	12	things	6
cortex_DorsAttn	42.998110837439015	122	things	02	12	things	6
cortex_Limbic	18.41425130494304	60	things	02	12	things	6
cortex_SalVentAttn	40.83096033393412	121	things	02	12	things	6
cortex_SomMot	40.98399487971783	194	things	02	12	things	6
cortex_Vis	33.0302325918122	162	things	02	12	things	6
subcortex_CAU	32.27242307509739	8	things	02	12	things	6
subcortex_PUT	30.174861151124574	8	things	02	12	things	6
subcortex_THA	26.165925465651917	14	things	02	12	things	6
cerebellum	29.52324647671563	88	things	02	13	things	1
cortex_Cont	39.01872732622498	128	things	02	13	things	1
cortex_Default	36.47786206893519	209	things	02	13	things	1
cortex_DorsAttn	43.130375287787295	122	things	02	13	things	1
cortex_Limbic	17.388961192773017	60	things	02	13	things	1
cortex_SalVentAttn	38.494083205173744	121	things	02	13	things	1
cortex_SomMot	38.95659930584671	194	things	02	13	things	1
cortex_Vis	35.75777702208805	162	things	02	13	things	1
subcortex_CAU	30.46298946054246	8	things	02	13	things	1
subcortex_PUT	29.805063786365206	8	things	02	13	things	1
subcortex_THA	26.232397901979873	14	things	02	13	things	1
cerebellum	29.94481005948701	88	things	02	13	things	2
cortex_Cont	43.8653309044766	128	things	02	13	things	2
cortex_Default	40.38901896110448	209	things	02	13	things	2
cortex_DorsAttn	45.06876314331599	122	things	02	13	things	2
cortex_Limbic	19.252679294208512	60	things	02	13	things	2
cortex_SalVentAttn	42.686551520081494	121	things	02	13	things	2
cortex_SomMot	41.34538550344111	194	things	02	13	things	2
cortex_Vis	36.908146446761336	162	things	02	13	things	2
subcortex_CAU	32.275817361550686	8	things	02	13	things	2
subcortex_PUT	30.646521692905164	8	things	02	13	things	2
subcortex_THA	27.27192506662734	14	things	02	13	things	2
cerebellum	29.328620851277492	88	things	02	13	things	3
cortex_Cont	43.52916577774068	128	things	02	13	things	3
cortex_Default	40.25629133660473	209	things	02	13	things	3
cortex_DorsAttn	45.230691763545025	122	things	02	13	things	3
cortex_Limbic	18.693575464968998	60	things	02	13	things	3
cortex_SalVentAttn	42.16834501665494	121	things	02	13	things	3
cortex_SomMot	41.51956173789612	194	things	02	13	things	3
cortex_Vis	35.89421180190335	162	things	02	13	things	3
subcortex_CAU	31.929404084787517	8	things	02	13	things	3
subcortex_PUT	30.426951190540922	8	things	02	13	things	3
subcortex_THA	27.136664140081127	14	things	02	13	things	3
cerebellum	28.249469727847032	88	things	02	13	things	4
cortex_Cont	44.100930186839214	128	things	02	13	things	4
cortex_Default	40.101055832073236	209	things	02	13	things	4
cortex_DorsAttn	46.17857358684692	122	things	02	13	things	4
cortex_Limbic	18.795136885383737	60	things	02	13	things	4
cortex_SalVentAttn	41.975885197547484	121	things	02	13	things	4
cortex_SomMot	41.80247987830376	194	things	02	13	things	4
cortex_Vis	35.69449098714765	162	things	02	13	things	4
subcortex_CAU	31.80089545478112	8	things	02	13	things	4
subcortex_PUT	30.0534312506135	8	things	02	13	things	4
subcortex_THA	26.741522278921895	14	things	02	13	things	4
cerebellum	21.978347115000997	88	things	02	13	things	5
cortex_Cont	35.72488510611414	128	things	02	13	things	5
cortex_Default	32.91517005358281	209	things	02	13	things	5
cortex_DorsAttn	35.08035134087668	122	things	02	13	things	5
cortex_Limbic	16.813464312719546	60	things	02	13	things	5
cortex_SalVentAttn	35.879766091342624	121	things	02	13	things	5
cortex_SomMot	34.46705756172778	194	things	02	13	things	5
cortex_Vis	27.29969398292579	162	things	02	13	things	5
subcortex_CAU	30.187586766430975	8	things	02	13	things	5
subcortex_PUT	29.110579727074168	8	things	02	13	things	5
subcortex_THA	24.91254550001784	14	things	02	13	things	5
cerebellum	25.704450677921212	88	things	02	13	things	6
cortex_Cont	41.27884299436015	128	things	02	13	things	6
cortex_Default	37.710338841489445	209	things	02	13	things	6
cortex_DorsAttn	42.426156729169286	122	things	02	13	things	6
cortex_Limbic	18.46120099927883	60	things	02	13	things	6
cortex_SalVentAttn	39.70474455193825	121	things	02	13	things	6
cortex_SomMot	39.23295265356775	194	things	02	13	things	6
cortex_Vis	33.12775444561592	162	things	02	13	things	6
subcortex_CAU	30.729651172985537	8	things	02	13	things	6
subcortex_PUT	29.101679948974265	8	things	02	13	things	6
subcortex_THA	25.701097132002072	14	things	02	13	things	6
cerebellum	29.472679578740017	88	things	02	14	things	1
cortex_Cont	46.34140426552083	128	things	02	14	things	1
cortex_Default	41.65716749843791	209	things	02	14	things	1
cortex_DorsAttn	46.08627560301388	122	things	02	14	things	1
cortex_Limbic	19.62135153107255	60	things	02	14	things	1
cortex_SalVentAttn	43.94460019986281	121	things	02	14	things	1
cortex_SomMot	44.045781058610146	194	things	02	14	things	1
cortex_Vis	35.33827217727563	162	things	02	14	things	1
subcortex_CAU	32.815802330414414	8	things	02	14	things	1
subcortex_PUT	31.421466990754347	8	things	02	14	things	1
subcortex_THA	27.503963366302383	14	things	02	14	things	1
cerebellum	28.327262831600596	88	things	02	14	things	2
cortex_Cont	43.83056151174804	128	things	02	14	things	2
cortex_Default	39.53749458261513	209	things	02	14	things	2
cortex_DorsAttn	43.594127490395735	122	things	02	14	things	2
cortex_Limbic	18.585773088980613	60	things	02	14	things	2
cortex_SalVentAttn	42.37700007842149	121	things	02	14	things	2
cortex_SomMot	41.67582707905279	194	things	02	14	things	2
cortex_Vis	33.74905328153745	162	things	02	14	things	2
subcortex_CAU	32.40137388808706	8	things	02	14	things	2
subcortex_PUT	30.991169893274648	8	things	02	14	things	2
subcortex_THA	27.260490108388858	14	things	02	14	things	2
cerebellum	29.50519005032348	88	things	02	14	things	3
cortex_Cont	45.995569964976944	128	things	02	14	things	3
cortex_Default	41.42122653880809	209	things	02	14	things	3
cortex_DorsAttn	46.55538082433482	122	things	02	14	things	3
cortex_Limbic	19.072412481460724	60	things	02	14	things	3
cortex_SalVentAttn	44.16777086960625	121	things	02	14	things	3
cortex_SomMot	44.10336303286326	194	things	02	14	things	3
cortex_Vis	35.78153382261453	162	things	02	14	things	3
subcortex_CAU	32.71239928747003	8	things	02	14	things	3
subcortex_PUT	30.875539058843707	8	things	02	14	things	3
subcortex_THA	27.513785146359535	14	things	02	14	things	3
cerebellum	24.119282083214827	88	things	02	14	things	4
cortex_Cont	39.313980231766585	128	things	02	14	things	4
cortex_Default	35.878356896440025	209	things	02	14	things	4
cortex_DorsAttn	38.36563566572693	122	things	02	14	things	4
cortex_Limbic	17.783133938065493	60	things	02	14	things	4
cortex_SalVentAttn	38.43443770099096	121	things	02	14	things	4
cortex_SomMot	37.54153072216413	194	things	02	14	things	4
cortex_Vis	29.49102396175788	162	things	02	14	things	4
subcortex_CAU	31.286434894478067	8	things	02	14	things	4
subcortex_PUT	30.039212145366697	8	things	02	14	things	4
subcortex_THA	25.82920763317915	14	things	02	14	things	4
cerebellum	28.120001033914296	88	things	02	14	things	5
cortex_Cont	46.54112340899056	128	things	02	14	things	5
cortex_Default	41.532110780526764	209	things	02	14	things	5
cortex_DorsAttn	46.8843981051612	122	things	02	14	things	5
cortex_Limbic	19.084918205220724	60	things	02	14	things	5
cortex_SalVentAttn	43.39295802195581	121	things	02	14	things	5
cortex_SomMot	43.55362541136934	194	things	02	14	things	5
cortex_Vis	36.02838351145829	162	things	02	14	things	5
subcortex_CAU	32.456055528363315	8	things	02	14	things	5
subcortex_PUT	30.701265146599162	8	things	02	14	things	5
subcortex_THA	26.95448610455687	14	things	02	14	things	5
cerebellum	27.373679447350163	88	things	02	14	things	6
cortex_Cont	44.47866521771234	128	things	02	14	things	6
cortex_Default	40.02590805180845	209	things	02	14	things	6
cortex_DorsAttn	44.75186690258599	122	things	02	14	things	6
cortex_Limbic	18.75024421548965	60	things	02	14	things	6
cortex_SalVentAttn	42.25371413630342	121	things	02	14	things	6
cortex_SomMot	41.874653648636546	194	things	02	14	things	6
cortex_Vis	34.582040115558584	162	things	02	14	things	6
subcortex_CAU	32.09902285851527	8	things	02	14	things	6
subcortex_PUT	30.588300155005676	8	things	02	14	things	6
subcortex_THA	26.739753133351538	14	things	02	14	things	6
cerebellum	30.37230951507174	88	things	02	15	things	1
cortex_Cont	45.57874625731094	128	things	02	15	things	1
cortex_Default	41.03825815852971	209	things	02	15	things	1
cortex_DorsAttn	45.76018684011344	122	things	02	15	things	1
cortex_Limbic	19.326362453931363	60	things	02	15	things	1
cortex_SalVentAttn	42.66048860881815	121	things	02	15	things	1
cortex_SomMot	43.51535173386276	194	things	02	15	things	1
cortex_Vis	36.03169047320959	162	things	02	15	things	1
subcortex_CAU	32.51601807680119	8	things	02	15	things	1
subcortex_PUT	31.199383140913035	8	things	02	15	things	1
subcortex_THA	27.248775485123026	14	things	02	15	things	1
cerebellum	30.18534524935251	88	things	02	15	things	2
cortex_Cont	45.35873306737647	128	things	02	15	things	2
cortex_Default	40.668044558326436	209	things	02	15	things	2
cortex_DorsAttn	45.815947324787885	122	things	02	15	things	2
cortex_Limbic	19.66438956830652	60	things	02	15	things	2
cortex_SalVentAttn	43.137950604241894	121	things	02	15	things	2
cortex_SomMot	43.19581254521211	194	things	02	15	things	2
cortex_Vis	35.66753713253729	162	things	02	15	things	2
subcortex_CAU	32.89510622969932	8	things	02	15	things	2
subcortex_PUT	31.271639200809986	8	things	02	15	things	2
subcortex_THA	27.609468443404705	14	things	02	15	things	2
cerebellum	28.208351422583156	88	things	02	15	things	3
cortex_Cont	43.88133726801382	128	things	02	15	things	3
cortex_Default	39.481990021658966	209	things	02	15	things	3
cortex_DorsAttn	43.650617116988194	122	things	02	15	things	3
cortex_Limbic	19.410371667278415	60	things	02	15	things	3
cortex_SalVentAttn	41.65500074040792	121	things	02	15	things	3
cortex_SomMot	41.20152548691493	194	things	02	15	things	3
cortex_Vis	34.31233195560352	162	things	02	15	things	3
subcortex_CAU	32.40856309615728	8	things	02	15	things	3
subcortex_PUT	31.014337958668904	8	things	02	15	things	3
subcortex_THA	27.209241681226963	14	things	02	15	things	3
cerebellum	30.570745536528772	88	things	02	15	things	4
cortex_Cont	47.41121913381812	128	things	02	15	things	4
cortex_Default	42.65741995289473	209	things	02	15	things	4
cortex_DorsAttn	51.015005350941706	122	things	02	15	things	4
cortex_Limbic	19.774404236221248	60	things	02	15	things	4
cortex_SalVentAttn	44.334763070532055	121	things	02	15	things	4
cortex_SomMot	45.67589931141858	194	things	02	15	things	4
cortex_Vis	39.47862733372737	162	things	02	15	things	4
subcortex_CAU	32.48980582078942	8	things	02	15	things	4
subcortex_PUT	31.138986233669353	8	things	02	15	things	4
subcortex_THA	27.893654771597195	14	things	02	15	things	4
cerebellum	29.33753306502122	88	things	02	15	things	5
cortex_Cont	46.099390790369974	128	things	02	15	things	5
cortex_Default	41.664098887543695	209	things	02	15	things	5
cortex_DorsAttn	48.510620563709786	122	things	02	15	things	5
cortex_Limbic	19.823248196032544	60	things	02	15	things	5
cortex_SalVentAttn	43.3375319408346	121	things	02	15	things	5
cortex_SomMot	44.487934590282926	194	things	02	15	things	5
cortex_Vis	37.630398335789124	162	things	02	15	things	5
subcortex_CAU	32.22657185557165	8	things	02	15	things	5
subcortex_PUT	30.987575144946767	8	things	02	15	things	5
subcortex_THA	27.486324914097512	14	things	02	15	things	5
cerebellum	27.31540588083551	88	things	02	15	things	6
cortex_Cont	43.73814056080509	128	things	02	15	things	6
cortex_Default	39.64849724878012	209	things	02	15	things	6
cortex_DorsAttn	44.90495082230517	122	things	02	15	things	6
cortex_Limbic	18.833176499655682	60	things	02	15	things	6
cortex_SalVentAttn	41.53640089712421	121	things	02	15	things	6
cortex_SomMot	41.86903151896205	194	things	02	15	things	6
cortex_Vis	35.23440475726251	162	things	02	15	things	6
subcortex_CAU	31.905800794040715	8	things	02	15	things	6
subcortex_PUT	30.76344797709123	8	things	02	15	things	6
subcortex_THA	27.352051149685757	14	things	02	15	things	6
cerebellum	30.60916723833484	88	things	02	16	things	1
cortex_Cont	46.27499333219739	128	things	02	16	things	1
cortex_Default	41.51274488867356	209	things	02	16	things	1
cortex_DorsAttn	47.69967423580433	122	things	02	16	things	1
cortex_Limbic	20.073583288293932	60	things	02	16	things	1
cortex_SalVentAttn	43.917941969494166	121	things	02	16	things	1
cortex_SomMot	44.27642062903123	194	things	02	16	things	1
cortex_Vis	38.259603977718115	162	things	02	16	things	1
subcortex_CAU	32.00357127787829	8	things	02	16	things	1
subcortex_PUT	31.18663605245031	8	things	02	16	things	1
subcortex_THA	27.262369235406684	14	things	02	16	things	1
cerebellum	27.40003182763887	88	things	02	16	things	2
cortex_Cont	42.44655289395941	128	things	02	16	things	2
cortex_Default	38.55820565774695	209	things	02	16	things	2
cortex_DorsAttn	42.10225015097969	122	things	02	16	things	2
cortex_Limbic	18.611908553994223	60	things	02	16	things	2
cortex_SalVentAttn	41.4034607158286	121	things	02	16	things	2
cortex_SomMot	40.19759585856882	194	things	02	16	things	2
cortex_Vis	33.743258984541534	162	things	02	16	things	2
subcortex_CAU	31.643581657719203	8	things	02	16	things	2
subcortex_PUT	30.54444544305007	8	things	02	16	things	2
subcortex_THA	26.443339550682047	14	things	02	16	things	2
cerebellum	30.826988014502067	88	things	02	16	things	3
cortex_Cont	47.717313372221994	128	things	02	16	things	3
cortex_Default	42.88354828371429	209	things	02	16	things	3
cortex_DorsAttn	49.93072030827742	122	things	02	16	things	3
cortex_Limbic	19.54449418336252	60	things	02	16	things	3
cortex_SalVentAttn	44.303720537864706	121	things	02	16	things	3
cortex_SomMot	45.07385504222035	194	things	02	16	things	3
cortex_Vis	40.117606849846055	162	things	02	16	things	3
subcortex_CAU	31.878333744916617	8	things	02	16	things	3
subcortex_PUT	30.518867808535965	8	things	02	16	things	3
subcortex_THA	26.656879584055634	14	things	02	16	things	3
cerebellum	29.59946135756815	88	things	02	16	things	4
cortex_Cont	47.18410178252271	128	things	02	16	things	4
cortex_Default	42.50302908167381	209	things	02	16	things	4
cortex_DorsAttn	48.85043799035	122	things	02	16	things	4
cortex_Limbic	19.625078365204196	60	things	02	16	things	4
cortex_SalVentAttn	43.87026248088192	121	things	02	16	things	4
cortex_SomMot	44.691092309405285	194	things	02	16	things	4
cortex_Vis	38.68023919816327	162	things	02	16	things	4
subcortex_CAU	31.849308641615433	8	things	02	16	things	4
subcortex_PUT	30.25643899419954	8	things	02	16	things	4
subcortex_THA	26.333074397349467	14	things	02	16	things	4
cerebellum	28.06733620587979	88	things	02	16	things	5
cortex_Cont	44.71793776412001	128	things	02	16	things	5
cortex_Default	40.32406805272982	209	things	02	16	things	5
cortex_DorsAttn	46.50941456105128	122	things	02	16	things	5
cortex_Limbic	18.881082653708486	60	things	02	16	things	5
cortex_SalVentAttn	42.45354595943546	121	things	02	16	things	5
cortex_SomMot	42.474594573465716	194	things	02	16	things	5
cortex_Vis	36.86865852528304	162	things	02	16	things	5
subcortex_CAU	31.82711182076284	8	things	02	16	things	5
subcortex_PUT	29.99268199714188	8	things	02	16	things	5
subcortex_THA	26.1149677831742	14	things	02	16	things	5
cerebellum	28.128226278793942	88	things	02	16	things	6
cortex_Cont	44.323837349033056	128	things	02	16	things	6
cortex_Default	40.34594068098479	209	things	02	16	things	6
cortex_DorsAttn	45.366958511014204	122	things	02	16	things	6
cortex_Limbic	18.95025315883102	60	things	02	16	things	6
cortex_SalVentAttn	41.956270244321345	121	things	02	16	things	6
cortex_SomMot	42.110623886363165	194	things	02	16	things	6
cortex_Vis	35.70648819927701	162	things	02	16	things	6
subcortex_CAU	31.35838183479406	8	things	02	16	things	6
subcortex_PUT	29.791357081506376	8	things	02	16	things	6
subcortex_THA	25.840783553387705	14	things	02	16	things	6
cerebellum	27.73641397520432	88	things	02	17	things	1
cortex_Cont	41.390246373218446	128	things	02	17	things	1
cortex_Default	37.50763037435763	209	things	02	17	things	1
cortex_DorsAttn	43.08444411245186	122	things	02	17	things	1
cortex_Limbic	18.41829576209038	60	things	02	17	things	1
cortex_SalVentAttn	39.65481866336808	121	things	02	17	things	1
cortex_SomMot	40.50124748683501	194	things	02	17	things	1
cortex_Vis	33.87082239069242	162	things	02	17	things	1
subcortex_CAU	30.61781624226267	8	things	02	17	things	1
subcortex_PUT	30.05457002471938	8	things	02	17	things	1
subcortex_THA	26.3237703725039	14	things	02	17	things	1
cerebellum	26.195465844780106	88	things	02	17	things	2
cortex_Cont	39.976677498755144	128	things	02	17	things	2
cortex_Default	36.584362574111054	209	things	02	17	things	2
cortex_DorsAttn	39.68059314843971	122	things	02	17	things	2
cortex_Limbic	18.193348468670738	60	things	02	17	things	2
cortex_SalVentAttn	38.564637708270126	121	things	02	17	things	2
cortex_SomMot	37.50878907598686	194	things	02	17	things	2
cortex_Vis	32.247387655574755	162	things	02	17	things	2
subcortex_CAU	29.94877613880362	8	things	02	17	things	2
subcortex_PUT	29.84001770718055	8	things	02	17	things	2
subcortex_THA	25.49022661528838	14	things	02	17	things	2
cerebellum	25.564599512795454	88	things	02	17	things	3
cortex_Cont	41.10305482295346	128	things	02	17	things	3
cortex_Default	37.83078341079662	209	things	02	17	things	3
cortex_DorsAttn	40.18789473344463	122	things	02	17	things	3
cortex_Limbic	18.987416067994314	60	things	02	17	things	3
cortex_SalVentAttn	39.09744983587452	121	things	02	17	things	3
cortex_SomMot	37.94999482878002	194	things	02	17	things	3
cortex_Vis	32.47106912034763	162	things	02	17	things	3
subcortex_CAU	30.795490890769496	8	things	02	17	things	3
subcortex_PUT	30.173035109089913	8	things	02	17	things	3
subcortex_THA	25.80415779089622	14	things	02	17	things	3
cerebellum	27.392318593183532	88	things	02	17	things	4
cortex_Cont	44.58962564953943	128	things	02	17	things	4
cortex_Default	40.75377784111346	209	things	02	17	things	4
cortex_DorsAttn	47.27636472870643	122	things	02	17	things	4
cortex_Limbic	19.470344625020395	60	things	02	17	things	4
cortex_SalVentAttn	42.530315162722005	121	things	02	17	things	4
cortex_SomMot	43.7580518792307	194	things	02	17	things	4
cortex_Vis	36.72681394935174	162	things	02	17	things	4
subcortex_CAU	31.484666999663606	8	things	02	17	things	4
subcortex_PUT	30.10298892720054	8	things	02	17	things	4
subcortex_THA	26.361200025968852	14	things	02	17	things	4
cerebellum	23.81550829360165	88	things	02	17	things	5
cortex_Cont	39.35642629605968	128	things	02	17	things	5
cortex_Default	36.05724991818002	209	things	02	17	things	5
cortex_DorsAttn	39.70742262599387	122	things	02	17	things	5
cortex_Limbic	18.50086665666964	60	things	02	17	things	5
cortex_SalVentAttn	37.797736228286205	121	things	02	17	things	5
cortex_SomMot	37.79346583077694	194	things	02	17	things	5
cortex_Vis	31.777810554902192	162	things	02	17	things	5
subcortex_CAU	30.42673487934301	8	things	02	17	things	5
subcortex_PUT	29.71632100002949	8	things	02	17	things	5
subcortex_THA	25.280428857583157	14	things	02	17	things	5
cerebellum	26.033647920585157	88	things	02	17	things	6
cortex_Cont	43.697912671374596	128	things	02	17	things	6
cortex_Default	39.65151177131079	209	things	02	17	things	6
cortex_DorsAttn	45.21522134170857	122	things	02	17	things	6
cortex_Limbic	19.155336060647205	60	things	02	17	things	6
cortex_SalVentAttn	41.03488648853283	121	things	02	17	things	6
cortex_SomMot	41.687419772087274	194	things	02	17	things	6
cortex_Vis	35.950258223411886	162	things	02	17	things	6
subcortex_CAU	31.405345043204335	8	things	02	17	things	6
subcortex_PUT	29.938230097583247	8	things	02	17	things	6
subcortex_THA	26.28626458377667	14	things	02	17	things	6
cerebellum	32.102579607096715	88	things	02	18	things	1
cortex_Cont	45.25643613475728	128	things	02	18	things	1
cortex_Default	42.03469730317804	209	things	02	18	things	1
cortex_DorsAttn	47.63625715406275	122	things	02	18	things	1
cortex_Limbic	19.489912729365926	60	things	02	18	things	1
cortex_SalVentAttn	43.286740378575075	121	things	02	18	things	1
cortex_SomMot	43.89430642252563	194	things	02	18	things	1
cortex_Vis	38.09956594126942	162	things	02	18	things	1
subcortex_CAU	31.712774581407682	8	things	02	18	things	1
subcortex_PUT	30.276001424007667	8	things	02	18	things	1
subcortex_THA	27.255234601528798	14	things	02	18	things	1
cerebellum	32.18775528700002	88	things	02	18	things	2
cortex_Cont	46.096135196962784	128	things	02	18	things	2
cortex_Default	42.35374179539709	209	things	02	18	things	2
cortex_DorsAttn	49.229826606911836	122	things	02	18	things	2
cortex_Limbic	19.411345820862316	60	things	02	18	things	2
cortex_SalVentAttn	43.517071599498536	121	things	02	18	things	2
cortex_SomMot	44.314288134899414	194	things	02	18	things	2
cortex_Vis	39.252258579792304	162	things	02	18	things	2
subcortex_CAU	31.578902253402735	8	things	02	18	things	2
subcortex_PUT	30.46156745803041	8	things	02	18	things	2
subcortex_THA	27.336287266597683	14	things	02	18	things	2
cerebellum	31.47296786466849	88	things	02	18	things	3
cortex_Cont	45.9148561586236	128	things	02	18	things	3
cortex_Default	41.709125987474216	209	things	02	18	things	3
cortex_DorsAttn	48.3919784888448	122	things	02	18	things	3
cortex_Limbic	19.376174439512095	60	things	02	18	things	3
cortex_SalVentAttn	42.656338387241064	121	things	02	18	things	3
cortex_SomMot	43.5795265992876	194	things	02	18	things	3
cortex_Vis	38.61784029616983	162	things	02	18	things	3
subcortex_CAU	31.47852929796459	8	things	02	18	things	3
subcortex_PUT	30.220000820851727	8	things	02	18	things	3
subcortex_THA	27.02448511689273	14	things	02	18	things	3
cerebellum	26.970419798265343	88	things	02	18	things	4
cortex_Cont	40.372134557326916	128	things	02	18	things	4
cortex_Default	37.49292167515785	209	things	02	18	things	4
cortex_DorsAttn	41.42904569094219	122	things	02	18	things	4
cortex_Limbic	18.141256916846636	60	things	02	18	things	4
cortex_SalVentAttn	39.003116306567414	121	things	02	18	things	4
cortex_SomMot	38.37686268633579	194	things	02	18	things	4
cortex_Vis	32.74475174500007	162	things	02	18	things	4
subcortex_CAU	30.596887715728304	8	things	02	18	things	4
subcortex_PUT	29.45789857568548	8	things	02	18	things	4
subcortex_THA	25.897178007953592	14	things	02	18	things	4
cerebellum	25.53250337322156	88	things	02	18	things	5
cortex_Cont	39.98250667562504	128	things	02	18	things	5
cortex_Default	36.993327305269005	209	things	02	18	things	5
cortex_DorsAttn	41.66382841062387	122	things	02	18	things	5
cortex_Limbic	17.886786087026845	60	things	02	18	things	5
cortex_SalVentAttn	38.94517408312933	121	things	02	18	things	5
cortex_SomMot	38.64796937325409	194	things	02	18	things	5
cortex_Vis	32.08035774461886	162	things	02	18	things	5
subcortex_CAU	30.18487916905345	8	things	02	18	things	5
subcortex_PUT	29.22675804879151	8	things	02	18	things	5
subcortex_THA	25.52972570894021	14	things	02	18	things	5
cerebellum	28.428677812545025	88	things	02	18	things	6
cortex_Cont	42.56348466057635	128	things	02	18	things	6
cortex_Default	39.48390750889097	209	things	02	18	things	6
cortex_DorsAttn	44.65272559382774	122	things	02	18	things	6
cortex_Limbic	18.880743424223038	60	things	02	18	things	6
cortex_SalVentAttn	40.814312417192085	121	things	02	18	things	6
cortex_SomMot	40.824365697703904	194	things	02	18	things	6
cortex_Vis	34.79586547896108	162	things	02	18	things	6
subcortex_CAU	31.0509328577241	8	things	02	18	things	6
subcortex_PUT	29.769385637319736	8	things	02	18	things	6
subcortex_THA	26.553940444850724	14	things	02	18	things	6
cerebellum	31.304370258745617	88	things	02	19	things	1
cortex_Cont	44.95052192183108	128	things	02	19	things	1
cortex_Default	40.8643893732156	209	things	02	19	things	1
cortex_DorsAttn	47.926902764149546	122	things	02	19	things	1
cortex_Limbic	18.98291599503219	60	things	02	19	things	1
cortex_SalVentAttn	43.58743138312103	121	things	02	19	things	1
cortex_SomMot	44.4316743264004	194	things	02	19	things	1
cortex_Vis	37.314569793092865	162	things	02	19	things	1
subcortex_CAU	32.10210757244698	8	things	02	19	things	1
subcortex_PUT	30.51870248276441	8	things	02	19	things	1
subcortex_THA	27.13073626875165	14	things	02	19	things	1
cerebellum	31.69874859653811	88	things	02	19	things	2
cortex_Cont	44.629755854539574	128	things	02	19	things	2
cortex_Default	40.60200210635208	209	things	02	19	things	2
cortex_DorsAttn	47.35415142984143	122	things	02	19	things	2
cortex_Limbic	18.834145322052517	60	things	02	19	things	2
cortex_SalVentAttn	42.41477546037134	121	things	02	19	things	2
cortex_SomMot	43.44852080389061	194	things	02	19	things	2
cortex_Vis	37.73571522443438	162	things	02	19	things	2
subcortex_CAU	31.51451709451552	8	things	02	19	things	2
subcortex_PUT	30.3878748287878	8	things	02	19	things	2
subcortex_THA	26.62377054205519	14	things	02	19	things	2
cerebellum	26.060139087864254	88	things	02	19	things	3
cortex_Cont	38.531813794330034	128	things	02	19	things	3
cortex_Default	35.11354856382427	209	things	02	19	things	3
cortex_DorsAttn	38.73766071404874	122	things	02	19	things	3
cortex_Limbic	17.97494054518165	60	things	02	19	things	3
cortex_SalVentAttn	39.139486804710344	121	things	02	19	things	3
cortex_SomMot	38.081876698423294	194	things	02	19	things	3
cortex_Vis	31.370564221549603	162	things	02	19	things	3
subcortex_CAU	30.726258473808038	8	things	02	19	things	3
subcortex_PUT	29.506513297948487	8	things	02	19	things	3
subcortex_THA	26.21048819412133	14	things	02	19	things	3
cerebellum	31.69904986989186	88	things	02	19	things	4
cortex_Cont	48.034061664706314	128	things	02	19	things	4
cortex_Default	43.60244521980139	209	things	02	19	things	4
cortex_DorsAttn	49.941160642235445	122	things	02	19	things	4
cortex_Limbic	20.029634434551706	60	things	02	19	things	4
cortex_SalVentAttn	44.236266916528706	121	things	02	19	things	4
cortex_SomMot	44.85798283209128	194	things	02	19	things	4
cortex_Vis	39.71708781719969	162	things	02	19	things	4
subcortex_CAU	32.35842609710745	8	things	02	19	things	4
subcortex_PUT	30.48840055606574	8	things	02	19	things	4
subcortex_THA	27.386776959655162	14	things	02	19	things	4
cerebellum	29.490366666823196	88	things	02	19	things	5
cortex_Cont	44.931089790493864	128	things	02	19	things	5
cortex_Default	40.322807466161464	209	things	02	19	things	5
cortex_DorsAttn	45.87421446004097	122	things	02	19	things	5
cortex_Limbic	19.956167355652827	60	things	02	19	things	5
cortex_SalVentAttn	41.829721040617116	121	things	02	19	things	5
cortex_SomMot	41.97775082861727	194	things	02	19	things	5
cortex_Vis	36.33542190715302	162	things	02	19	things	5
subcortex_CAU	31.887343594531515	8	things	02	19	things	5
subcortex_PUT	30.14979137281641	8	things	02	19	things	5
subcortex_THA	26.870516147295014	14	things	02	19	things	5
cerebellum	29.658134914008563	88	things	02	19	things	6
cortex_Cont	45.6019173269081	128	things	02	19	things	6
cortex_Default	41.095434736638445	209	things	02	19	things	6
cortex_DorsAttn	47.612082550446715	122	things	02	19	things	6
cortex_Limbic	20.02923274419843	60	things	02	19	things	6
cortex_SalVentAttn	42.876076705505824	121	things	02	19	things	6
cortex_SomMot	43.26015186088943	194	things	02	19	things	6
cortex_Vis	37.66912366441149	162	things	02	19	things	6
subcortex_CAU	31.718472194040196	8	things	02	19	things	6
subcortex_PUT	29.95802473812292	8	things	02	19	things	6
subcortex_THA	26.877890187710943	14	things	02	19	things	6
cerebellum	30.801295368741172	88	things	02	20	things	1
cortex_Cont	43.043550650020244	128	things	02	20	things	1
cortex_Default	39.965410383420874	209	things	02	20	things	1
cortex_DorsAttn	44.22734357472655	122	things	02	20	things	1
cortex_Limbic	19.366487834999887	60	things	02	20	things	1
cortex_SalVentAttn	42.24581923249177	121	things	02	20	things	1
cortex_SomMot	41.723321462231546	194	things	02	20	things	1
cortex_Vis	36.17340576582645	162	things	02	20	things	1
subcortex_CAU	31.788942854710154	8	things	02	20	things	1
subcortex_PUT	30.335877212425533	8	things	02	20	things	1
subcortex_THA	26.8458537095093	14	things	02	20	things	1
cerebellum	31.934478163502096	88	things	02	20	things	2
cortex_Cont	46.57013666595317	128	things	02	20	things	2
cortex_Default	42.114007946476214	209	things	02	20	things	2
cortex_DorsAttn	47.9733286825199	122	things	02	20	things	2
cortex_Limbic	19.625034919261054	60	things	02	20	things	2
cortex_SalVentAttn	44.62024706812292	121	things	02	20	things	2
cortex_SomMot	43.91970009805846	194	things	02	20	things	2
cortex_Vis	38.570593598072975	162	things	02	20	things	2
subcortex_CAU	32.290332423571456	8	things	02	20	things	2
subcortex_PUT	30.631423265318656	8	things	02	20	things	2
subcortex_THA	27.125032489746427	14	things	02	20	things	2
cerebellum	30.811848930667313	88	things	02	20	things	3
cortex_Cont	47.437078250135755	128	things	02	20	things	3
cortex_Default	42.75122794732309	209	things	02	20	things	3
cortex_DorsAttn	48.47811720285823	122	things	02	20	things	3
cortex_Limbic	19.62215999394451	60	things	02	20	things	3
cortex_SalVentAttn	43.8386279091731	121	things	02	20	things	3
cortex_SomMot	43.98384831962659	194	things	02	20	things	3
cortex_Vis	38.297311777166726	162	things	02	20	things	3
subcortex_CAU	31.81565409258342	8	things	02	20	things	3
subcortex_PUT	30.27156074528716	8	things	02	20	things	3
subcortex_THA	26.711316906605237	14	things	02	20	things	3
cerebellum	29.87479213947643	88	things	02	20	things	4
cortex_Cont	46.4861524985747	128	things	02	20	things	4
cortex_Default	41.86615868266453	209	things	02	20	things	4
cortex_DorsAttn	46.796498090652605	122	things	02	20	things	4
cortex_Limbic	20.3525167637838	60	things	02	20	things	4
cortex_SalVentAttn	42.86940957539454	121	things	02	20	things	4
cortex_SomMot	42.902423628207494	194	things	02	20	things	4
cortex_Vis	36.64616606192191	162	things	02	20	things	4
subcortex_CAU	31.796722999102325	8	things	02	20	things	4
subcortex_PUT	29.859917323362072	8	things	02	20	things	4
subcortex_THA	26.251612608071962	14	things	02	20	things	4
cerebellum	30.386661499152755	88	things	02	20	things	5
cortex_Cont	45.56513902596866	128	things	02	20	things	5
cortex_Default	41.45565785754355	209	things	02	20	things	5
cortex_DorsAttn	46.39015242363948	122	things	02	20	things	5
cortex_Limbic	19.89242813450517	60	things	02	20	things	5
cortex_SalVentAttn	42.790774045714215	121	things	02	20	things	5
cortex_SomMot	42.60081419197691	194	things	02	20	things	5
cortex_Vis	36.71460800495688	162	things	02	20	things	5
subcortex_CAU	31.699020577904943	8	things	02	20	things	5
subcortex_PUT	29.893411459420935	8	things	02	20	things	5
subcortex_THA	26.46738967788272	14	things	02	20	things	5
cerebellum	28.897135041454245	88	things	02	20	things	6
cortex_Cont	43.54846631092748	128	things	02	20	things	6
cortex_Default	39.68311497175285	209	things	02	20	things	6
cortex_DorsAttn	45.1164413175486	122	things	02	20	things	6
cortex_Limbic	18.932069052752674	60	things	02	20	things	6
cortex_SalVentAttn	41.19658358289087	121	things	02	20	things	6
cortex_SomMot	41.425819825196236	194	things	02	20	things	6
cortex_Vis	35.52922214649238	162	things	02	20	things	6
subcortex_CAU	31.260264157622537	8	things	02	20	things	6
subcortex_PUT	29.5090193072675	8	things	02	20	things	6
subcortex_THA	25.820967264597815	14	things	02	20	things	6
cerebellum	30.91061434943454	88	things	02	21	things	1
cortex_Cont	44.782823372235725	128	things	02	21	things	1
cortex_Default	40.59634993507678	209	things	02	21	things	1
cortex_DorsAttn	45.94068346197728	122	things	02	21	things	1
cortex_Limbic	19.506090362397554	60	things	02	21	things	1
cortex_SalVentAttn	43.09640926631349	121	things	02	21	things	1
cortex_SomMot	43.679678950520355	194	things	02	21	things	1
cortex_Vis	36.11419273060397	162	things	02	21	things	1
subcortex_CAU	31.48101968589999	8	things	02	21	things	1
subcortex_PUT	30.18738489617908	8	things	02	21	things	1
subcortex_THA	26.678724183652434	14	things	02	21	things	1
cerebellum	33.04566522807419	88	things	02	21	things	2
cortex_Cont	47.72682789297333	128	things	02	21	things	2
cortex_Default	43.49227864288288	209	things	02	21	things	2
cortex_DorsAttn	50.64464534517997	122	things	02	21	things	2
cortex_Limbic	19.838142174874566	60	things	02	21	things	2
cortex_SalVentAttn	44.87295665573725	121	things	02	21	things	2
cortex_SomMot	46.04376967954988	194	things	02	21	things	2
cortex_Vis	40.25011232148382	162	things	02	21	things	2
subcortex_CAU	31.902440047502385	8	things	02	21	things	2
subcortex_PUT	29.943075849479428	8	things	02	21	things	2
subcortex_THA	26.631929847919	14	things	02	21	things	2
cerebellum	30.40144182227702	88	things	02	21	things	3
cortex_Cont	45.1246271317865	128	things	02	21	things	3
cortex_Default	41.10828230808914	209	things	02	21	things	3
cortex_DorsAttn	47.01051026374702	122	things	02	21	things	3
cortex_Limbic	19.483711383518894	60	things	02	21	things	3
cortex_SalVentAttn	42.275865966632374	121	things	02	21	things	3
cortex_SomMot	42.941846931534144	194	things	02	21	things	3
cortex_Vis	36.892654339917144	162	things	02	21	things	3
subcortex_CAU	31.588223351512188	8	things	02	21	things	3
subcortex_PUT	29.574425015175414	8	things	02	21	things	3
subcortex_THA	26.140554119219093	14	things	02	21	things	3
cerebellum	29.381740320431735	88	things	02	21	things	4
cortex_Cont	42.521582677711955	128	things	02	21	things	4
cortex_Default	39.25323166824566	209	things	02	21	things	4
cortex_DorsAttn	44.25197259707649	122	things	02	21	things	4
cortex_Limbic	18.63670775922235	60	things	02	21	things	4
cortex_SalVentAttn	40.65138286270197	121	things	02	21	things	4
cortex_SomMot	40.59634442594835	194	things	02	21	things	4
cortex_Vis	35.705811772586735	162	things	02	21	things	4
subcortex_CAU	30.852707727489502	8	things	02	21	things	4
subcortex_PUT	29.330410307525497	8	things	02	21	things	4
subcortex_THA	25.88224740943996	14	things	02	21	things	4
cerebellum	29.496212807647588	88	things	02	21	things	5
cortex_Cont	43.720276449327145	128	things	02	21	things	5
cortex_Default	39.89734391198234	209	things	02	21	things	5
cortex_DorsAttn	44.63126006376398	122	things	02	21	things	5
cortex_Limbic	19.23084360849283	60	things	02	21	things	5
cortex_SalVentAttn	40.912937269680064	121	things	02	21	things	5
cortex_SomMot	41.327992890906195	194	things	02	21	things	5
cortex_Vis	35.57515025384261	162	things	02	21	things	5
subcortex_CAU	30.98266630735193	8	things	02	21	things	5
subcortex_PUT	29.38134745784283	8	things	02	21	things	5
subcortex_THA	25.874342507517778	14	things	02	21	things	5
cerebellum	27.78886536863256	88	things	02	21	things	6
cortex_Cont	40.51789995520946	128	things	02	21	things	6
cortex_Default	37.30860804956234	209	things	02	21	things	6
cortex_DorsAttn	41.22431567343846	122	things	02	21	things	6
cortex_Limbic	18.24898967414069	60	things	02	21	things	6
cortex_SalVentAttn	39.45269017510112	121	things	02	21	things	6
cortex_SomMot	39.31533953936639	194	things	02	21	things	6
cortex_Vis	32.66036801380595	162	things	02	21	things	6
subcortex_CAU	30.543046719140758	8	things	02	21	things	6
subcortex_PUT	28.91475771198389	8	things	02	21	things	6
subcortex_THA	25.371650337019027	14	things	02	21	things	6
cerebellum	32.69498555349737	88	things	02	22	things	1
cortex_Cont	45.52658414431739	128	things	02	22	things	1
cortex_Default	41.47532077218735	209	things	02	22	things	1
cortex_DorsAttn	49.318509268434546	122	things	02	22	things	1
cortex_Limbic	19.352045230178028	60	things	02	22	things	1
cortex_SalVentAttn	43.56855776578991	121	things	02	22	things	1
cortex_SomMot	44.129364382524386	194	things	02	22	things	1
cortex_Vis	39.26660241055713	162	things	02	22	things	1
subcortex_CAU	32.22913051902319	8	things	02	22	things	1
subcortex_PUT	30.57775178965301	8	things	02	22	things	1
subcortex_THA	27.239721345098012	14	things	02	22	things	1
cerebellum	31.623069083843824	88	things	02	22	things	2
cortex_Cont	46.035149551507686	128	things	02	22	things	2
cortex_Default	41.852530942449754	209	things	02	22	things	2
cortex_DorsAttn	46.791458467189024	122	things	02	22	things	2
cortex_Limbic	19.631326894177178	60	things	02	22	things	2
cortex_SalVentAttn	43.910189067371114	121	things	02	22	things	2
cortex_SomMot	43.3081908619545	194	things	02	22	things	2
cortex_Vis	37.733612236816214	162	things	02	22	things	2
subcortex_CAU	32.720001500261205	8	things	02	22	things	2
subcortex_PUT	30.57196931715371	8	things	02	22	things	2
subcortex_THA	27.26888989154482	14	things	02	22	things	2
cerebellum	32.38953119893628	88	things	02	22	things	3
cortex_Cont	49.027991915990974	128	things	02	22	things	3
cortex_Default	44.08664924588909	209	things	02	22	things	3
cortex_DorsAttn	49.422183892283066	122	things	02	22	things	3
cortex_Limbic	20.136705706373284	60	things	02	22	things	3
cortex_SalVentAttn	44.921699701790565	121	things	02	22	things	3
cortex_SomMot	45.20547425092962	194	things	02	22	things	3
cortex_Vis	39.50030963417402	162	things	02	22	things	3
subcortex_CAU	32.85962112077237	8	things	02	22	things	3
subcortex_PUT	30.60540610995854	8	things	02	22	things	3
subcortex_THA	27.275525917977554	14	things	02	22	things	3
cerebellum	31.724079501734924	88	things	02	22	things	4
cortex_Cont	49.41153714513963	128	things	02	22	things	4
cortex_Default	44.66639816084121	209	things	02	22	things	4
cortex_DorsAttn	53.100649420995005	122	things	02	22	things	4
cortex_Limbic	19.645150834635015	60	things	02	22	things	4
cortex_SalVentAttn	45.64850960311656	121	things	02	22	things	4
cortex_SomMot	47.69839753382858	194	things	02	22	things	4
cortex_Vis	40.44320915743695	162	things	02	22	things	4
subcortex_CAU	32.939338820171486	8	things	02	22	things	4
subcortex_PUT	30.752333347493447	8	things	02	22	things	4
subcortex_THA	27.210517305010743	14	things	02	22	things	4
cerebellum	31.55912871518914	88	things	02	22	things	5
cortex_Cont	47.63208677273811	128	things	02	22	things	5
cortex_Default	42.945675688338994	209	things	02	22	things	5
cortex_DorsAttn	50.752271117664755	122	things	02	22	things	5
cortex_Limbic	19.49826569733591	60	things	02	22	things	5
cortex_SalVentAttn	44.451853170021195	121	things	02	22	things	5
cortex_SomMot	45.47338605316901	194	things	02	22	things	5
cortex_Vis	39.89308348704071	162	things	02	22	things	5
subcortex_CAU	32.849344022049564	8	things	02	22	things	5
subcortex_PUT	30.817842943753867	8	things	02	22	things	5
subcortex_THA	27.220187928007153	14	things	02	22	things	5
cerebellum	25.79296348095803	88	things	02	22	things	6
cortex_Cont	38.628632270502706	128	things	02	22	things	6
cortex_Default	35.80749439669404	209	things	02	22	things	6
cortex_DorsAttn	39.833927509479096	122	things	02	22	things	6
cortex_Limbic	16.939774291736235	60	things	02	22	things	6
cortex_SalVentAttn	38.50252276528695	121	things	02	22	things	6
cortex_SomMot	38.2695007368719	194	things	02	22	things	6
cortex_Vis	31.222325707159598	162	things	02	22	things	6
subcortex_CAU	31.480274846786504	8	things	02	22	things	6
subcortex_PUT	29.705579364517348	8	things	02	22	things	6
subcortex_THA	25.856659945672444	14	things	02	22	things	6
cerebellum	31.23877179072667	88	things	02	23	things	1
cortex_Cont	46.32272160185318	128	things	02	23	things	1
cortex_Default	41.76621117013392	209	things	02	23	things	1
cortex_DorsAttn	48.44909438805145	122	things	02	23	things	1
cortex_Limbic	19.929519280440854	60	things	02	23	things	1
cortex_SalVentAttn	44.58172453111894	121	things	02	23	things	1
cortex_SomMot	45.66403297991365	194	things	02	23	things	1
cortex_Vis	37.28650978223433	162	things	02	23	things	1
subcortex_CAU	32.710417255053024	8	things	02	23	things	1
subcortex_PUT	31.26295474594668	8	things	02	23	things	1
subcortex_THA	27.999544539016835	14	things	02	23	things	1
cerebellum	32.537541744933826	88	things	02	23	things	2
cortex_Cont	47.02316182376856	128	things	02	23	things	2
cortex_Default	42.241032396060476	209	things	02	23	things	2
cortex_DorsAttn	50.06230778557033	122	things	02	23	things	2
cortex_Limbic	19.975209372209438	60	things	02	23	things	2
cortex_SalVentAttn	44.27436643364461	121	things	02	23	things	2
cortex_SomMot	45.14407025265711	194	things	02	23	things	2
cortex_Vis	39.911158733904976	162	things	02	23	things	2
subcortex_CAU	33.10433695723327	8	things	02	23	things	2
subcortex_PUT	31.466918096535228	8	things	02	23	things	2
subcortex_THA	28.041468878923833	14	things	02	23	things	2
cerebellum	30.670327114212352	88	things	02	23	things	3
cortex_Cont	46.14447562099521	128	things	02	23	things	3
cortex_Default	41.634000186290216	209	things	02	23	things	3
cortex_DorsAttn	49.324728401638176	122	things	02	23	things	3
cortex_Limbic	19.42058357165794	60	things	02	23	things	3
cortex_SalVentAttn	44.34787647081262	121	things	02	23	things	3
cortex_SomMot	45.01427578626522	194	things	02	23	things	3
cortex_Vis	38.425766857882444	162	things	02	23	things	3
subcortex_CAU	32.024370104815546	8	things	02	23	things	3
subcortex_PUT	30.82894436802684	8	things	02	23	things	3
subcortex_THA	27.674910918528866	14	things	02	23	things	3
cerebellum	31.784578891638365	88	things	02	23	things	4
cortex_Cont	48.73385982285243	128	things	02	23	things	4
cortex_Default	43.786928154409715	209	things	02	23	things	4
cortex_DorsAttn	52.11946722320221	122	things	02	23	things	4
cortex_Limbic	19.66028093633175	60	things	02	23	things	4
cortex_SalVentAttn	45.50048044448086	121	things	02	23	things	4
cortex_SomMot	46.987548214454755	194	things	02	23	things	4
cortex_Vis	40.76506065865685	162	things	02	23	things	4
subcortex_CAU	32.22420048368453	8	things	02	23	things	4
subcortex_PUT	30.814258335989948	8	things	02	23	things	4
subcortex_THA	27.712347467770904	14	things	02	23	things	4
cerebellum	31.933034226096776	88	things	02	23	things	5
cortex_Cont	48.542557491160586	128	things	02	23	things	5
cortex_Default	43.48046481766881	209	things	02	23	things	5
cortex_DorsAttn	50.911073472567665	122	things	02	23	things	5
cortex_Limbic	19.907628887409658	60	things	02	23	things	5
cortex_SalVentAttn	45.02699912357753	121	things	02	23	things	5
cortex_SomMot	45.90228296054225	194	things	02	23	things	5
cortex_Vis	39.38724207586664	162	things	02	23	things	5
subcortex_CAU	32.192329595461516	8	things	02	23	things	5
subcortex_PUT	30.987498407672636	8	things	02	23	things	5
subcortex_THA	27.636033721835783	14	things	02	23	things	5
cerebellum	30.251062689118157	88	things	02	23	things	6
cortex_Cont	44.481409931425645	128	things	02	23	things	6
cortex_Default	40.553920332952714	209	things	02	23	things	6
cortex_DorsAttn	47.25854188675622	122	things	02	23	things	6
cortex_Limbic	19.41143783853026	60	things	02	23	things	6
cortex_SalVentAttn	42.28699045416305	121	things	02	23	things	6
cortex_SomMot	42.53232113167128	194	things	02	23	things	6
cortex_Vis	37.271383837022974	162	things	02	23	things	6
subcortex_CAU	31.793523132261736	8	things	02	23	things	6
subcortex_PUT	30.297655290726162	8	things	02	23	things	6
subcortex_THA	27.151368852269457	14	things	02	23	things	6
cerebellum	29.96682173230845	88	things	02	24	things	1
cortex_Cont	43.299423162957204	128	things	02	24	things	1
cortex_Default	39.82570406865899	209	things	02	24	things	1
cortex_DorsAttn	43.55506855674621	122	things	02	24	things	1
cortex_Limbic	19.55784553672679	60	things	02	24	things	1
cortex_SalVentAttn	42.44308453612064	121	things	02	24	things	1
cortex_SomMot	40.80181007416671	194	things	02	24	things	1
cortex_Vis	35.89618615593045	162	things	02	24	things	1
subcortex_CAU	31.854733912905665	8	things	02	24	things	1
subcortex_PUT	30.436155037993572	8	things	02	24	things	1
subcortex_THA	26.856333249052494	14	things	02	24	things	1
cerebellum	29.95700413401172	88	things	02	24	things	2
cortex_Cont	46.22522281042666	128	things	02	24	things	2
cortex_Default	41.347057165194265	209	things	02	24	things	2
cortex_DorsAttn	46.29345266927475	122	things	02	24	things	2
cortex_Limbic	19.478378627378344	60	things	02	24	things	2
cortex_SalVentAttn	42.95595615702152	121	things	02	24	things	2
cortex_SomMot	42.505150561397905	194	things	02	24	things	2
cortex_Vis	36.55955568577633	162	things	02	24	things	2
subcortex_CAU	33.02960233757587	8	things	02	24	things	2
subcortex_PUT	30.628789540443567	8	things	02	24	things	2
subcortex_THA	27.062122313849237	14	things	02	24	things	2
cerebellum	31.12189602895035	88	things	02	24	things	3
cortex_Cont	47.57824363634375	128	things	02	24	things	3
cortex_Default	42.68336447960994	209	things	02	24	things	3
cortex_DorsAttn	48.79475210065041	122	things	02	24	things	3
cortex_Limbic	19.40885965746597	60	things	02	24	things	3
cortex_SalVentAttn	44.66681608752508	121	things	02	24	things	3
cortex_SomMot	45.04605724045645	194	things	02	24	things	3
cortex_Vis	38.76380886580853	162	things	02	24	things	3
subcortex_CAU	32.25787224004823	8	things	02	24	things	3
subcortex_PUT	30.496951342643392	8	things	02	24	things	3
subcortex_THA	27.00849907790002	14	things	02	24	things	3
cerebellum	32.09953365373537	88	things	02	24	things	4
cortex_Cont	49.57808512381427	128	things	02	24	things	4
cortex_Default	44.56028410907417	209	things	02	24	things	4
cortex_DorsAttn	52.31271262382145	122	things	02	24	things	4
cortex_Limbic	20.099102080453697	60	things	02	24	things	4
cortex_SalVentAttn	45.782827897085895	121	things	02	24	things	4
cortex_SomMot	47.31724722443035	194	things	02	24	things	4
cortex_Vis	40.85705649919664	162	things	02	24	things	4
subcortex_CAU	32.753171821047246	8	things	02	24	things	4
subcortex_PUT	30.539404713457763	8	things	02	24	things	4
subcortex_THA	27.215022671669235	14	things	02	24	things	4
cerebellum	31.86515473402559	88	things	02	24	things	5
cortex_Cont	48.47331559926941	128	things	02	24	things	5
cortex_Default	43.76021222372707	209	things	02	24	things	5
cortex_DorsAttn	51.648219285983956	122	things	02	24	things	5
cortex_Limbic	20.415446096747882	60	things	02	24	things	5
cortex_SalVentAttn	44.9810295830807	121	things	02	24	things	5
cortex_SomMot	46.495805782492724	194	things	02	24	things	5
cortex_Vis	40.49502800754436	162	things	02	24	things	5
subcortex_CAU	32.3042995087822	8	things	02	24	things	5
subcortex_PUT	30.467444546868872	8	things	02	24	things	5
subcortex_THA	27.35467871016919	14	things	02	24	things	5
cerebellum	30.373351375570806	88	things	02	24	things	6
cortex_Cont	46.273899571569864	128	things	02	24	things	6
cortex_Default	41.76268715031487	209	things	02	24	things	6
cortex_DorsAttn	48.18994607378727	122	things	02	24	things	6
cortex_Limbic	19.50003376556007	60	things	02	24	things	6
cortex_SalVentAttn	43.17941198420099	121	things	02	24	things	6
cortex_SomMot	43.87389283664755	194	things	02	24	things	6
cortex_Vis	37.8382142938109	162	things	02	24	things	6
subcortex_CAU	31.880691143817305	8	things	02	24	things	6
subcortex_PUT	29.805444776221716	8	things	02	24	things	6
subcortex_THA	26.44886664869426	14	things	02	24	things	6
cerebellum	30.217806907514078	88	things	02	25	things	1
cortex_Cont	41.364102856017	128	things	02	25	things	1
cortex_Default	38.86164607314348	209	things	02	25	things	1
cortex_DorsAttn	43.38243749319558	122	things	02	25	things	1
cortex_Limbic	18.70182141632323	60	things	02	25	things	1
cortex_SalVentAttn	39.84576329333872	121	things	02	25	things	1
cortex_SomMot	39.67294274598983	194	things	02	25	things	1
cortex_Vis	35.75320516038359	162	things	02	25	things	1
subcortex_CAU	30.54566730236935	8	things	02	25	things	1
subcortex_PUT	29.400833517979667	8	things	02	25	things	1
subcortex_THA	26.397449740490064	14	things	02	25	things	1
cerebellum	31.211048435483402	88	things	02	25	things	2
cortex_Cont	45.47216659116754	128	things	02	25	things	2
cortex_Default	41.95710514611246	209	things	02	25	things	2
cortex_DorsAttn	47.962032369416484	122	things	02	25	things	2
cortex_Limbic	19.293688744674512	60	things	02	25	things	2
cortex_SalVentAttn	42.84710807201027	121	things	02	25	things	2
cortex_SomMot	43.44038600851695	194	things	02	25	things	2
cortex_Vis	38.6069647525053	162	things	02	25	things	2
subcortex_CAU	30.973686243704005	8	things	02	25	things	2
subcortex_PUT	29.604214206854497	8	things	02	25	things	2
subcortex_THA	26.68527148485693	14	things	02	25	things	2
cerebellum	30.955591217793458	88	things	02	25	things	3
cortex_Cont	45.54129897785849	128	things	02	25	things	3
cortex_Default	41.43505195627691	209	things	02	25	things	3
cortex_DorsAttn	47.24080902612371	122	things	02	25	things	3
cortex_Limbic	20.435201441135803	60	things	02	25	things	3
cortex_SalVentAttn	42.188114748262244	121	things	02	25	things	3
cortex_SomMot	43.3012528396961	194	things	02	25	things	3
cortex_Vis	38.19826911699422	162	things	02	25	things	3
subcortex_CAU	30.997771225984117	8	things	02	25	things	3
subcortex_PUT	29.53688358874133	8	things	02	25	things	3
subcortex_THA	26.489295997429533	14	things	02	25	things	3
cerebellum	29.699432676159084	88	things	02	25	things	4
cortex_Cont	43.9479894214806	128	things	02	25	things	4
cortex_Default	40.705954359770665	209	things	02	25	things	4
cortex_DorsAttn	46.00361887609475	122	things	02	25	things	4
cortex_Limbic	19.010357425628193	60	things	02	25	things	4
cortex_SalVentAttn	41.45571238358788	121	things	02	25	things	4
cortex_SomMot	41.74608115274965	194	things	02	25	things	4
cortex_Vis	37.084228514425234	162	things	02	25	things	4
subcortex_CAU	30.70453565053327	8	things	02	25	things	4
subcortex_PUT	29.576304214948713	8	things	02	25	things	4
subcortex_THA	26.000025507234263	14	things	02	25	things	4
cerebellum	29.59485840198291	88	things	02	25	things	5
cortex_Cont	43.17372589869687	128	things	02	25	things	5
cortex_Default	39.927495346424074	209	things	02	25	things	5
cortex_DorsAttn	44.6895735157681	122	things	02	25	things	5
cortex_Limbic	18.88413216089655	60	things	02	25	things	5
cortex_SalVentAttn	40.98985359351747	121	things	02	25	things	5
cortex_SomMot	41.06255914658543	194	things	02	25	things	5
cortex_Vis	36.43111534236667	162	things	02	25	things	5
subcortex_CAU	30.795666832901656	8	things	02	25	things	5
subcortex_PUT	29.37744735220053	8	things	02	25	things	5
subcortex_THA	26.33933784050198	14	things	02	25	things	5
cerebellum	29.687343343201018	88	things	02	25	things	6
cortex_Cont	42.21242477571845	128	things	02	25	things	6
cortex_Default	39.51831728749694	209	things	02	25	things	6
cortex_DorsAttn	44.821985806496755	122	things	02	25	things	6
cortex_Limbic	18.670868948125676	60	things	02	25	things	6
cortex_SalVentAttn	40.20029146870921	121	things	02	25	things	6
cortex_SomMot	40.17675061711256	194	things	02	25	things	6
cortex_Vis	36.51902744581392	162	things	02	25	things	6
subcortex_CAU	30.550500095111243	8	things	02	25	things	6
subcortex_PUT	29.29015953993668	8	things	02	25	things	6
subcortex_THA	25.879051019481512	14	things	02	25	things	6
cerebellum	31.782180159225586	88	things	02	26	things	1
cortex_Cont	44.908692259381425	128	things	02	26	things	1
cortex_Default	41.06562073109224	209	things	02	26	things	1
cortex_DorsAttn	47.7420401762036	122	things	02	26	things	1
cortex_Limbic	19.156795254913202	60	things	02	26	things	1
cortex_SalVentAttn	42.86383131190375	121	things	02	26	things	1
cortex_SomMot	43.81050008429641	194	things	02	26	things	1
cortex_Vis	38.270865035114056	162	things	02	26	things	1
subcortex_CAU	31.93424640336558	8	things	02	26	things	1
subcortex_PUT	30.443550133236858	8	things	02	26	things	1
subcortex_THA	27.009606392097243	14	things	02	26	things	1
cerebellum	26.55602119301801	88	things	02	26	things	2
cortex_Cont	41.94963661842664	128	things	02	26	things	2
cortex_Default	38.37164544198217	209	things	02	26	things	2
cortex_DorsAttn	41.560408940281334	122	things	02	26	things	2
cortex_Limbic	18.156629674427897	60	things	02	26	things	2
cortex_SalVentAttn	39.58980071630791	121	things	02	26	things	2
cortex_SomMot	39.256803731691456	194	things	02	26	things	2
cortex_Vis	32.24417316704611	162	things	02	26	things	2
subcortex_CAU	30.856759756541354	8	things	02	26	things	2
subcortex_PUT	29.614932607849255	8	things	02	26	things	2
subcortex_THA	25.495981257524505	14	things	02	26	things	2
cerebellum	27.408826873398926	88	things	02	26	things	3
cortex_Cont	42.602960921249085	128	things	02	26	things	3
cortex_Default	39.07724826105709	209	things	02	26	things	3
cortex_DorsAttn	43.19466769971052	122	things	02	26	things	3
cortex_Limbic	18.20605474120666	60	things	02	26	things	3
cortex_SalVentAttn	40.66674710341896	121	things	02	26	things	3
cortex_SomMot	40.56316381566045	194	things	02	26	things	3
cortex_Vis	33.611422498609834	162	things	02	26	things	3
subcortex_CAU	31.800420535520175	8	things	02	26	things	3
subcortex_PUT	29.916751670140677	8	things	02	26	things	3
subcortex_THA	26.03496174559309	14	things	02	26	things	3
cerebellum	29.475868780400322	88	things	02	26	things	4
cortex_Cont	44.75683070138	128	things	02	26	things	4
cortex_Default	40.78297257125575	209	things	02	26	things	4
cortex_DorsAttn	46.22602439854353	122	things	02	26	things	4
cortex_Limbic	18.92688214920735	60	things	02	26	things	4
cortex_SalVentAttn	42.06720185297929	121	things	02	26	things	4
cortex_SomMot	42.08168589005721	194	things	02	26	things	4
cortex_Vis	36.033308387008	162	things	02	26	things	4
subcortex_CAU	31.776251725175776	8	things	02	26	things	4
subcortex_PUT	30.1397691341732	8	things	02	26	things	4
subcortex_THA	26.667622653942363	14	things	02	26	things	4
cerebellum	26.603349767995145	88	things	02	26	things	5
cortex_Cont	39.840334872593864	128	things	02	26	things	5
cortex_Default	36.65992769291533	209	things	02	26	things	5
cortex_DorsAttn	41.098840887471034	122	things	02	26	things	5
cortex_Limbic	17.90967953723844	60	things	02	26	things	5
cortex_SalVentAttn	38.319530272662725	121	things	02	26	things	5
cortex_SomMot	37.82212704659399	194	things	02	26	things	5
cortex_Vis	32.58218558346701	162	things	02	26	things	5
subcortex_CAU	30.237791842025366	8	things	02	26	things	5
subcortex_PUT	29.015876031778852	8	things	02	26	things	5
subcortex_THA	25.300788357302906	14	things	02	26	things	5
cerebellum	27.468850705997717	88	things	02	26	things	6
cortex_Cont	40.816551837714044	128	things	02	26	things	6
cortex_Default	37.423411039215694	209	things	02	26	things	6
cortex_DorsAttn	42.395126719288754	122	things	02	26	things	6
cortex_Limbic	17.52121447617018	60	things	02	26	things	6
cortex_SalVentAttn	38.59899218447019	121	things	02	26	things	6
cortex_SomMot	38.557646963265135	194	things	02	26	things	6
cortex_Vis	33.456572256519074	162	things	02	26	things	6
subcortex_CAU	30.282273680086455	8	things	02	26	things	6
subcortex_PUT	29.309256876361413	8	things	02	26	things	6
subcortex_THA	25.32403976764594	14	things	02	26	things	6
cerebellum	32.54923814827943	88	things	02	27	things	1
cortex_Cont	47.88875523229028	128	things	02	27	things	1
cortex_Default	43.42034026010549	209	things	02	27	things	1
cortex_DorsAttn	51.97671028465085	122	things	02	27	things	1
cortex_Limbic	20.165415956277077	60	things	02	27	things	1
cortex_SalVentAttn	45.93808781544358	121	things	02	27	things	1
cortex_SomMot	46.93961775009408	194	things	02	27	things	1
cortex_Vis	40.17601390595322	162	things	02	27	things	1
subcortex_CAU	32.8470261414909	8	things	02	27	things	1
subcortex_PUT	30.40300287559221	8	things	02	27	things	1
subcortex_THA	27.549462740774736	14	things	02	27	things	1
cerebellum	26.404934642965273	88	things	02	27	things	2
cortex_Cont	35.430072686408835	128	things	02	27	things	2
cortex_Default	33.201803904268424	209	things	02	27	things	2
cortex_DorsAttn	36.536511818864916	122	things	02	27	things	2
cortex_Limbic	17.047745470116062	60	things	02	27	things	2
cortex_SalVentAttn	35.58729824457545	121	things	02	27	things	2
cortex_SomMot	34.207885995684904	194	things	02	27	things	2
cortex_Vis	30.648144259198776	162	things	02	27	things	2
subcortex_CAU	30.57380380695716	8	things	02	27	things	2
subcortex_PUT	29.003368544735196	8	things	02	27	things	2
subcortex_THA	26.115703946212417	14	things	02	27	things	2
cerebellum	25.529032956754865	88	things	02	27	things	3
cortex_Cont	36.75314075656263	128	things	02	27	things	3
cortex_Default	34.07456128781379	209	things	02	27	things	3
cortex_DorsAttn	35.661119043901984	122	things	02	27	things	3
cortex_Limbic	17.328020156142557	60	things	02	27	things	3
cortex_SalVentAttn	37.42440965998763	121	things	02	27	things	3
cortex_SomMot	35.60259114573974	194	things	02	27	things	3
cortex_Vis	28.532185573097443	162	things	02	27	things	3
subcortex_CAU	30.696372831067986	8	things	02	27	things	3
subcortex_PUT	29.181846206782883	8	things	02	27	things	3
subcortex_THA	25.326574411448522	14	things	02	27	things	3
cerebellum	28.61538288938565	88	things	02	27	things	4
cortex_Cont	41.893822351068025	128	things	02	27	things	4
cortex_Default	38.32869711283409	209	things	02	27	things	4
cortex_DorsAttn	44.47738721572033	122	things	02	27	things	4
cortex_Limbic	17.642838440513135	60	things	02	27	things	4
cortex_SalVentAttn	40.63325224324561	121	things	02	27	things	4
cortex_SomMot	40.84718056014955	194	things	02	27	things	4
cortex_Vis	35.21548482632645	162	things	02	27	things	4
subcortex_CAU	30.973250392674355	8	things	02	27	things	4
subcortex_PUT	29.331628155524008	8	things	02	27	things	4
subcortex_THA	26.15279258125728	14	things	02	27	things	4
cerebellum	27.777696708079542	88	things	02	27	things	5
cortex_Cont	38.089875002385696	128	things	02	27	things	5
cortex_Default	35.677099384504984	209	things	02	27	things	5
cortex_DorsAttn	40.42198397290413	122	things	02	27	things	5
cortex_Limbic	16.970321677456297	60	things	02	27	things	5
cortex_SalVentAttn	37.91789808331775	121	things	02	27	things	5
cortex_SomMot	37.26284703832382	194	things	02	27	things	5
cortex_Vis	33.19149888974749	162	things	02	27	things	5
subcortex_CAU	29.931462041213155	8	things	02	27	things	5
subcortex_PUT	28.92932689654247	8	things	02	27	things	5
subcortex_THA	25.707587836323874	14	things	02	27	things	5
cerebellum	26.42146155195245	88	things	02	27	things	6
cortex_Cont	37.72019608386487	128	things	02	27	things	6
cortex_Default	35.62217738731442	209	things	02	27	things	6
cortex_DorsAttn	39.369093222424254	122	things	02	27	things	6
cortex_Limbic	17.38800789180856	60	things	02	27	things	6
cortex_SalVentAttn	38.01622562818866	121	things	02	27	things	6
cortex_SomMot	36.92773921767398	194	things	02	27	things	6
cortex_Vis	32.06947003675861	162	things	02	27	things	6
subcortex_CAU	30.869444033757336	8	things	02	27	things	6
subcortex_PUT	28.98986752025338	8	things	02	27	things	6
subcortex_THA	25.945506638975456	14	things	02	27	things	6
cerebellum	26.834518983832297	88	things	02	28	things	1
cortex_Cont	39.58502318055273	128	things	02	28	things	1
cortex_Default	36.71349082278737	209	things	02	28	things	1
cortex_DorsAttn	39.461437335534555	122	things	02	28	things	1
cortex_Limbic	18.320710278753655	60	things	02	28	things	1
cortex_SalVentAttn	39.83938676698557	121	things	02	28	things	1
cortex_SomMot	38.34061791539989	194	things	02	28	things	1
cortex_Vis	31.695183278444084	162	things	02	28	things	1
subcortex_CAU	31.069551662120343	8	things	02	28	things	1
subcortex_PUT	29.81281823107864	8	things	02	28	things	1
subcortex_THA	26.188044854120797	14	things	02	28	things	1
cerebellum	28.866001782692944	88	things	02	28	things	2
cortex_Cont	43.50042446757484	128	things	02	28	things	2
cortex_Default	39.43361632934232	209	things	02	28	things	2
cortex_DorsAttn	45.11684459668746	122	things	02	28	things	2
cortex_Limbic	18.589321309267607	60	things	02	28	things	2
cortex_SalVentAttn	41.686562207335896	121	things	02	28	things	2
cortex_SomMot	41.7016372663325	194	things	02	28	things	2
cortex_Vis	36.3007836309284	162	things	02	28	things	2
subcortex_CAU	31.123096989736865	8	things	02	28	things	2
subcortex_PUT	29.917663874657162	8	things	02	28	things	2
subcortex_THA	26.394738897590578	14	things	02	28	things	2
cerebellum	26.385217346525405	88	things	02	28	things	3
cortex_Cont	39.00130253887553	128	things	02	28	things	3
cortex_Default	35.82974933982861	209	things	02	28	things	3
cortex_DorsAttn	38.612891821327814	122	things	02	28	things	3
cortex_Limbic	18.10593155685099	60	things	02	28	things	3
cortex_SalVentAttn	38.58994058433242	121	things	02	28	things	3
cortex_SomMot	37.55676362868342	194	things	02	28	things	3
cortex_Vis	30.76265870313802	162	things	02	28	things	3
subcortex_CAU	31.027596903750993	8	things	02	28	things	3
subcortex_PUT	29.846864341056857	8	things	02	28	things	3
subcortex_THA	25.844756215289124	14	things	02	28	things	3
cerebellum	27.920110948254237	88	things	02	28	things	4
cortex_Cont	43.14858875693142	128	things	02	28	things	4
cortex_Default	38.745185336658594	209	things	02	28	things	4
cortex_DorsAttn	44.11974451358353	122	things	02	28	things	4
cortex_Limbic	18.407659324260262	60	things	02	28	things	4
cortex_SalVentAttn	41.011761537252795	121	things	02	28	things	4
cortex_SomMot	40.870909257995656	194	things	02	28	things	4
cortex_Vis	34.64662170488053	162	things	02	28	things	4
subcortex_CAU	31.213625838658608	8	things	02	28	things	4
subcortex_PUT	29.53832236354387	8	things	02	28	things	4
subcortex_THA	26.15670064963447	14	things	02	28	things	4
cerebellum	29.07779707977376	88	things	02	28	things	5
cortex_Cont	44.172206302446455	128	things	02	28	things	5
cortex_Default	40.55131196381263	209	things	02	28	things	5
cortex_DorsAttn	46.26482784585321	122	things	02	28	things	5
cortex_Limbic	18.86957941672255	60	things	02	28	things	5
cortex_SalVentAttn	42.11045454163516	121	things	02	28	things	5
cortex_SomMot	42.752265527417904	194	things	02	28	things	5
cortex_Vis	36.18746047761741	162	things	02	28	things	5
subcortex_CAU	31.003371990291814	8	things	02	28	things	5
subcortex_PUT	29.459546236449846	8	things	02	28	things	5
subcortex_THA	26.06631379623035	14	things	02	28	things	5
cerebellum	28.435720699245394	88	things	02	28	things	6
cortex_Cont	41.43697148492928	128	things	02	28	things	6
cortex_Default	38.07775424698656	209	things	02	28	things	6
cortex_DorsAttn	43.91202134604446	122	things	02	28	things	6
cortex_Limbic	18.269906698298858	60	things	02	28	things	6
cortex_SalVentAttn	40.720126377087595	121	things	02	28	things	6
cortex_SomMot	40.4659615736275	194	things	02	28	things	6
cortex_Vis	35.10820119941565	162	things	02	28	things	6
subcortex_CAU	30.556007048166872	8	things	02	28	things	6
subcortex_PUT	29.243173564916	8	things	02	28	things	6
subcortex_THA	25.935037066105973	14	things	02	28	things	6
cerebellum	31.071264093807702	88	things	02	29	things	1
cortex_Cont	45.767966202878355	128	things	02	29	things	1
cortex_Default	41.86822350798289	209	things	02	29	things	1
cortex_DorsAttn	48.50390339655375	122	things	02	29	things	1
cortex_Limbic	19.717386636756032	60	things	02	29	things	1
cortex_SalVentAttn	43.038270904984	121	things	02	29	things	1
cortex_SomMot	44.11643799500749	194	things	02	29	things	1
cortex_Vis	38.334970421796704	162	things	02	29	things	1
subcortex_CAU	31.555278578353374	8	things	02	29	things	1
subcortex_PUT	30.714524985173032	8	things	02	29	things	1
subcortex_THA	27.127020561996606	14	things	02	29	things	1
cerebellum	30.100614010172652	88	things	02	29	things	2
cortex_Cont	44.404089921956405	128	things	02	29	things	2
cortex_Default	40.562675770640595	209	things	02	29	things	2
cortex_DorsAttn	46.121153115280634	122	things	02	29	things	2
cortex_Limbic	20.09145380861479	60	things	02	29	things	2
cortex_SalVentAttn	42.30329110499879	121	things	02	29	things	2
cortex_SomMot	42.29507445953168	194	things	02	29	things	2
cortex_Vis	36.925100618982	162	things	02	29	things	2
subcortex_CAU	31.508658516869886	8	things	02	29	things	2
subcortex_PUT	30.602759136105753	8	things	02	29	things	2
subcortex_THA	27.14820520615183	14	things	02	29	things	2
cerebellum	30.011314842981054	88	things	02	29	things	3
cortex_Cont	47.07077115714916	128	things	02	29	things	3
cortex_Default	42.21480182378539	209	things	02	29	things	3
cortex_DorsAttn	49.26340598530321	122	things	02	29	things	3
cortex_Limbic	20.224381063262033	60	things	02	29	things	3
cortex_SalVentAttn	42.907419111993796	121	things	02	29	things	3
cortex_SomMot	43.8844312835771	194	things	02	29	things	3
cortex_Vis	38.14582553189063	162	things	02	29	things	3
subcortex_CAU	31.659030053271167	8	things	02	29	things	3
subcortex_PUT	30.520537167932805	8	things	02	29	things	3
subcortex_THA	26.912699098067748	14	things	02	29	things	3
cerebellum	29.22353044471993	88	things	02	29	things	4
cortex_Cont	44.257221406779024	128	things	02	29	things	4
cortex_Default	40.699927435940175	209	things	02	29	things	4
cortex_DorsAttn	45.42786308947704	122	things	02	29	things	4
cortex_Limbic	19.585302948716922	60	things	02	29	things	4
cortex_SalVentAttn	41.5941579124061	121	things	02	29	things	4
cortex_SomMot	41.74094042623263	194	things	02	29	things	4
cortex_Vis	36.096218001528484	162	things	02	29	things	4
subcortex_CAU	31.122833121133468	8	things	02	29	things	4
subcortex_PUT	30.350977464616157	8	things	02	29	things	4
subcortex_THA	26.594360586384322	14	things	02	29	things	4
cerebellum	31.165082459594775	88	things	02	29	things	5
cortex_Cont	47.21589031769369	128	things	02	29	things	5
cortex_Default	42.64829298168066	209	things	02	29	things	5
cortex_DorsAttn	50.21385754197925	122	things	02	29	things	5
cortex_Limbic	20.692048564363706	60	things	02	29	things	5
cortex_SalVentAttn	43.75907450196882	121	things	02	29	things	5
cortex_SomMot	44.85700055993238	194	things	02	29	things	5
cortex_Vis	39.4362713066564	162	things	02	29	things	5
subcortex_CAU	31.52293249585163	8	things	02	29	things	5
subcortex_PUT	30.54706344607587	8	things	02	29	things	5
subcortex_THA	26.96641169692807	14	things	02	29	things	5
cerebellum	28.50658495692035	88	things	02	29	things	6
cortex_Cont	43.49558004988584	128	things	02	29	things	6
cortex_Default	39.914493832168105	209	things	02	29	things	6
cortex_DorsAttn	44.233963096189406	122	things	02	29	things	6
cortex_Limbic	19.420869912679688	60	things	02	29	things	6
cortex_SalVentAttn	41.11434961910923	121	things	02	29	things	6
cortex_SomMot	40.91432347951432	194	things	02	29	things	6
cortex_Vis	35.00690244882506	162	things	02	29	things	6
subcortex_CAU	31.410679995324	8	things	02	29	things	6
subcortex_PUT	30.159876080724285	8	things	02	29	things	6
subcortex_THA	26.372347161472824	14	things	02	29	things	6
cerebellum	31.45349195202526	88	things	02	30	things	1
cortex_Cont	48.454102612275314	128	things	02	30	things	1
cortex_Default	43.62575526734845	209	things	02	30	things	1
cortex_DorsAttn	51.45020054827508	122	things	02	30	things	1
cortex_Limbic	20.231142333327032	60	things	02	30	things	1
cortex_SalVentAttn	45.07828248726431	121	things	02	30	things	1
cortex_SomMot	45.76380529404163	194	things	02	30	things	1
cortex_Vis	40.370672274430895	162	things	02	30	things	1
subcortex_CAU	31.94949505931486	8	things	02	30	things	1
subcortex_PUT	30.661612086564503	8	things	02	30	things	1
subcortex_THA	27.410130637577407	14	things	02	30	things	1
cerebellum	31.260004932860998	88	things	02	30	things	2
cortex_Cont	47.521432532140565	128	things	02	30	things	2
cortex_Default	42.762209866469924	209	things	02	30	things	2
cortex_DorsAttn	49.87449638650065	122	things	02	30	things	2
cortex_Limbic	20.01974094581157	60	things	02	30	things	2
cortex_SalVentAttn	44.28765361888492	121	things	02	30	things	2
cortex_SomMot	44.81860518788801	194	things	02	30	things	2
cortex_Vis	39.63724204041098	162	things	02	30	things	2
subcortex_CAU	31.998101036252333	8	things	02	30	things	2
subcortex_PUT	30.57393106657985	8	things	02	30	things	2
subcortex_THA	27.41449134671048	14	things	02	30	things	2
cerebellum	31.134964208972054	88	things	02	30	things	3
cortex_Cont	47.8796701194914	128	things	02	30	things	3
cortex_Default	42.82833853445351	209	things	02	30	things	3
cortex_DorsAttn	50.115710573028245	122	things	02	30	things	3
cortex_Limbic	19.791731640370504	60	things	02	30	things	3
cortex_SalVentAttn	43.74157904908603	121	things	02	30	things	3
cortex_SomMot	44.53686136116069	194	things	02	30	things	3
cortex_Vis	40.04024631615597	162	things	02	30	things	3
subcortex_CAU	31.75850789966488	8	things	02	30	things	3
subcortex_PUT	30.17517310343599	8	things	02	30	things	3
subcortex_THA	27.048654957944006	14	things	02	30	things	3
cerebellum	30.956625111727874	88	things	02	30	things	4
cortex_Cont	46.62722365533175	128	things	02	30	things	4
cortex_Default	41.96172040280759	209	things	02	30	things	4
cortex_DorsAttn	48.82370925762716	122	things	02	30	things	4
cortex_Limbic	20.02595719690471	60	things	02	30	things	4
cortex_SalVentAttn	43.135619021412246	121	things	02	30	things	4
cortex_SomMot	43.92666039415966	194	things	02	30	things	4
cortex_Vis	38.71242039645373	162	things	02	30	things	4
subcortex_CAU	32.0256755027414	8	things	02	30	things	4
subcortex_PUT	30.20069751099544	8	things	02	30	things	4
subcortex_THA	27.13798807159724	14	things	02	30	things	4
cerebellum	28.370674064961282	88	things	02	30	things	5
cortex_Cont	42.909917183925614	128	things	02	30	things	5
cortex_Default	39.483747453186155	209	things	02	30	things	5
cortex_DorsAttn	43.326334027667436	122	things	02	30	things	5
cortex_Limbic	19.105239829950463	60	things	02	30	things	5
cortex_SalVentAttn	40.66716807554977	121	things	02	30	things	5
cortex_SomMot	39.74813606977217	194	things	02	30	things	5
cortex_Vis	34.733854353417165	162	things	02	30	things	5
subcortex_CAU	31.23173868571217	8	things	02	30	things	5
subcortex_PUT	29.837152580327068	8	things	02	30	things	5
subcortex_THA	26.211524642573192	14	things	02	30	things	5
cerebellum	29.640536216230842	88	things	02	30	things	6
cortex_Cont	45.75126395360924	128	things	02	30	things	6
cortex_Default	41.37581877488633	209	things	02	30	things	6
cortex_DorsAttn	48.0784874543332	122	things	02	30	things	6
cortex_Limbic	19.371121549579794	60	things	02	30	things	6
cortex_SalVentAttn	42.560901052588974	121	things	02	30	things	6
cortex_SomMot	43.02350421825735	194	things	02	30	things	6
cortex_Vis	38.0205290412289	162	things	02	30	things	6
subcortex_CAU	31.746950286911932	8	things	02	30	things	6
subcortex_PUT	30.322302350797415	8	things	02	30	things	6
subcortex_THA	26.740021513033295	14	things	02	30	things	6
cerebellum	29.34986011880334	88	things	02	31	things	1
cortex_Cont	42.94828755890381	128	things	02	31	things	1
cortex_Default	39.23384118412918	209	things	02	31	things	1
cortex_DorsAttn	44.69367121766031	122	things	02	31	things	1
cortex_Limbic	18.9145071490487	60	things	02	31	things	1
cortex_SalVentAttn	41.203257860460745	121	things	02	31	things	1
cortex_SomMot	41.45490187865203	194	things	02	31	things	1
cortex_Vis	35.29485955109119	162	things	02	31	things	1
subcortex_CAU	31.20558563651473	8	things	02	31	things	1
subcortex_PUT	29.81851199443315	8	things	02	31	things	1
subcortex_THA	26.51881549882205	14	things	02	31	things	1
cerebellum	29.919229028336478	88	things	02	31	things	2
cortex_Cont	43.81615494864279	128	things	02	31	things	2
cortex_Default	39.76748824179773	209	things	02	31	things	2
cortex_DorsAttn	44.335744506040996	122	things	02	31	things	2
cortex_Limbic	19.797551316271992	60	things	02	31	things	2
cortex_SalVentAttn	41.141740675130286	121	things	02	31	things	2
cortex_SomMot	40.570147283532805	194	things	02	31	things	2
cortex_Vis	36.00363898455578	162	things	02	31	things	2
subcortex_CAU	31.483123341029305	8	things	02	31	things	2
subcortex_PUT	29.825634290792934	8	things	02	31	things	2
subcortex_THA	26.60402974307512	14	things	02	31	things	2
cerebellum	29.820590897409105	88	things	02	31	things	3
cortex_Cont	45.69672644188865	128	things	02	31	things	3
cortex_Default	41.381260424225864	209	things	02	31	things	3
cortex_DorsAttn	46.80590242825341	122	things	02	31	things	3
cortex_Limbic	19.52339958327339	60	things	02	31	things	3
cortex_SalVentAttn	42.289470138298775	121	things	02	31	things	3
cortex_SomMot	42.88556866978381	194	things	02	31	things	3
cortex_Vis	37.047566322980146	162	things	02	31	things	3
subcortex_CAU	31.528013615258423	8	things	02	31	things	3
subcortex_PUT	29.65089487034292	8	things	02	31	things	3
subcortex_THA	26.739730407842025	14	things	02	31	things	3
cerebellum	31.959522282881167	88	things	02	31	things	4
cortex_Cont	45.742744721713706	128	things	02	31	things	4
cortex_Default	41.87944618786713	209	things	02	31	things	4
cortex_DorsAttn	49.81577661662764	122	things	02	31	things	4
cortex_Limbic	19.632052520359956	60	things	02	31	things	4
cortex_SalVentAttn	42.94144411325811	121	things	02	31	things	4
cortex_SomMot	43.98964834299753	194	things	02	31	things	4
cortex_Vis	40.30433199460384	162	things	02	31	things	4
subcortex_CAU	31.500481210102983	8	things	02	31	things	4
subcortex_PUT	29.876449206336137	8	things	02	31	things	4
subcortex_THA	26.88170530637105	14	things	02	31	things	4
cerebellum	28.129301836628272	88	things	02	31	things	5
cortex_Cont	42.26433146135519	128	things	02	31	things	5
cortex_Default	38.883175892035865	209	things	02	31	things	5
cortex_DorsAttn	43.60138039218998	122	things	02	31	things	5
cortex_Limbic	18.971098906623638	60	things	02	31	things	5
cortex_SalVentAttn	39.85282794727296	121	things	02	31	things	5
cortex_SomMot	39.884325571147926	194	things	02	31	things	5
cortex_Vis	34.75842951442878	162	things	02	31	things	5
subcortex_CAU	31.25634271772479	8	things	02	31	things	5
subcortex_PUT	29.27489992735489	8	things	02	31	things	5
subcortex_THA	26.0894444674114	14	things	02	31	things	5
cerebellum	29.415493042848343	88	things	02	31	things	6
cortex_Cont	43.87848104000192	128	things	02	31	things	6
cortex_Default	40.045366180464434	209	things	02	31	things	6
cortex_DorsAttn	45.92521985150757	122	things	02	31	things	6
cortex_Limbic	19.240130819928744	60	things	02	31	things	6
cortex_SalVentAttn	41.149365651066475	121	things	02	31	things	6
cortex_SomMot	41.96666623708774	194	things	02	31	things	6
cortex_Vis	36.41745812736067	162	things	02	31	things	6
subcortex_CAU	30.820095387600013	8	things	02	31	things	6
subcortex_PUT	29.212294252023217	8	things	02	31	things	6
subcortex_THA	26.47516262079672	14	things	02	31	things	6
cerebellum	31.314761823353216	88	things	02	32	things	1
cortex_Cont	45.86543374438355	128	things	02	32	things	1
cortex_Default	41.132260988412476	209	things	02	32	things	1
cortex_DorsAttn	49.90238167339882	122	things	02	32	things	1
cortex_Limbic	19.694901702257543	60	things	02	32	things	1
cortex_SalVentAttn	43.5725101807606	121	things	02	32	things	1
cortex_SomMot	44.878796010026804	194	things	02	32	things	1
cortex_Vis	39.36474037763438	162	things	02	32	things	1
subcortex_CAU	30.91228895727843	8	things	02	32	things	1
subcortex_PUT	29.83051864587639	8	things	02	32	things	1
subcortex_THA	26.750296399694182	14	things	02	32	things	1
cerebellum	31.416418794535716	88	things	02	32	things	2
cortex_Cont	49.1525727623769	128	things	02	32	things	2
cortex_Default	43.559259727788934	209	things	02	32	things	2
cortex_DorsAttn	51.15281248955245	122	things	02	32	things	2
cortex_Limbic	19.74518983608106	60	things	02	32	things	2
cortex_SalVentAttn	45.03236178679586	121	things	02	32	things	2
cortex_SomMot	45.82847623345677	194	things	02	32	things	2
cortex_Vis	39.53855182896377	162	things	02	32	things	2
subcortex_CAU	32.32370605598536	8	things	02	32	things	2
subcortex_PUT	30.469149236689464	8	things	02	32	things	2
subcortex_THA	27.62088509053971	14	things	02	32	things	2
cerebellum	29.204020318170876	88	things	02	32	things	3
cortex_Cont	44.466179045805355	128	things	02	32	things	3
cortex_Default	39.891943684159806	209	things	02	32	things	3
cortex_DorsAttn	44.982862303321006	122	things	02	32	things	3
cortex_Limbic	19.94484061099176	60	things	02	32	things	3
cortex_SalVentAttn	41.46936461457053	121	things	02	32	things	3
cortex_SomMot	41.27606292051746	194	things	02	32	things	3
cortex_Vis	36.54178842893206	162	things	02	32	things	3
subcortex_CAU	31.340439107708747	8	things	02	32	things	3
subcortex_PUT	29.78149046172988	8	things	02	32	things	3
subcortex_THA	26.316376616896942	14	things	02	32	things	3
cerebellum	24.807950043790903	88	things	02	32	things	4
cortex_Cont	38.98551509134957	128	things	02	32	things	4
cortex_Default	35.42100521796746	209	things	02	32	things	4
cortex_DorsAttn	39.309007425141864	122	things	02	32	things	4
cortex_Limbic	17.804901503200657	60	things	02	32	things	4
cortex_SalVentAttn	37.22045466480306	121	things	02	32	things	4
cortex_SomMot	36.30909485279462	194	things	02	32	things	4
cortex_Vis	30.24341063412201	162	things	02	32	things	4
subcortex_CAU	29.87651421332412	8	things	02	32	things	4
subcortex_PUT	28.702979087612785	8	things	02	32	things	4
subcortex_THA	24.775482185933857	14	things	02	32	things	4
cerebellum	25.331088914085477	88	things	02	32	things	5
cortex_Cont	39.32830381627238	128	things	02	32	things	5
cortex_Default	36.064644846226216	209	things	02	32	things	5
cortex_DorsAttn	39.8268069790461	122	things	02	32	things	5
cortex_Limbic	17.72124907690002	60	things	02	32	things	5
cortex_SalVentAttn	37.556679471912375	121	things	02	32	things	5
cortex_SomMot	36.61209643870189	194	things	02	32	things	5
cortex_Vis	31.217683782264945	162	things	02	32	things	5
subcortex_CAU	30.2990685388838	8	things	02	32	things	5
subcortex_PUT	29.0744272004917	8	things	02	32	things	5
subcortex_THA	25.022668851871693	14	things	02	32	things	5
cerebellum	24.926527612026998	88	things	02	32	things	6
cortex_Cont	38.99933789877275	128	things	02	32	things	6
cortex_Default	35.753714159500525	209	things	02	32	things	6
cortex_DorsAttn	39.49388701340436	122	things	02	32	things	6
cortex_Limbic	17.85290411708164	60	things	02	32	things	6
cortex_SalVentAttn	37.31490276643673	121	things	02	32	things	6
cortex_SomMot	36.30558099418668	194	things	02	32	things	6
cortex_Vis	31.287073484963624	162	things	02	32	things	6
subcortex_CAU	30.24425101837161	8	things	02	32	things	6
subcortex_PUT	28.89178911233926	8	things	02	32	things	6
subcortex_THA	24.919717835488125	14	things	02	32	things	6
cerebellum	30.099485709502957	88	things	02	33	things	1
cortex_Cont	43.59845819563703	128	things	02	33	things	1
cortex_Default	39.65204609762692	209	things	02	33	things	1
cortex_DorsAttn	44.95593773599104	122	things	02	33	things	1
cortex_Limbic	19.428936911420852	60	things	02	33	things	1
cortex_SalVentAttn	41.807309509805506	121	things	02	33	things	1
cortex_SomMot	41.82539202422366	194	things	02	33	things	1
cortex_Vis	36.36154115046696	162	things	02	33	things	1
subcortex_CAU	31.345313357860636	8	things	02	33	things	1
subcortex_PUT	30.447318661879926	8	things	02	33	things	1
subcortex_THA	27.232754739919994	14	things	02	33	things	1
cerebellum	32.15239023583186	88	things	02	33	things	2
cortex_Cont	47.97164794070389	128	things	02	33	things	2
cortex_Default	42.91310545167613	209	things	02	33	things	2
cortex_DorsAttn	49.98415144161313	122	things	02	33	things	2
cortex_Limbic	19.432357501453783	60	things	02	33	things	2
cortex_SalVentAttn	44.16835627788888	121	things	02	33	things	2
cortex_SomMot	44.897252454134545	194	things	02	33	things	2
cortex_Vis	40.228479115916215	162	things	02	33	things	2
subcortex_CAU	31.918291811356877	8	things	02	33	things	2
subcortex_PUT	30.754280533847133	8	things	02	33	things	2
subcortex_THA	27.283390523443874	14	things	02	33	things	2
cerebellum	31.47000044408284	88	things	02	33	things	3
cortex_Cont	45.65983514200855	128	things	02	33	things	3
cortex_Default	41.35387273071395	209	things	02	33	things	3
cortex_DorsAttn	48.45449046809288	122	things	02	33	things	3
cortex_Limbic	19.71120450368403	60	things	02	33	things	3
cortex_SalVentAttn	43.00787553119516	121	things	02	33	things	3
cortex_SomMot	43.15285247090004	194	things	02	33	things	3
cortex_Vis	39.20800808867328	162	things	02	33	things	3
subcortex_CAU	31.700602942688953	8	things	02	33	things	3
subcortex_PUT	30.46081867691786	8	things	02	33	things	3
subcortex_THA	27.16977004415181	14	things	02	33	things	3
cerebellum	28.99443846926655	88	things	02	33	things	4
cortex_Cont	44.41071488459078	128	things	02	33	things	4
cortex_Default	39.83859491689857	209	things	02	33	things	4
cortex_DorsAttn	45.91228593237053	122	things	02	33	things	4
cortex_Limbic	19.11756133814384	60	things	02	33	things	4
cortex_SalVentAttn	42.1690055903212	121	things	02	33	things	4
cortex_SomMot	41.95922642507998	194	things	02	33	things	4
cortex_Vis	36.29125358871323	162	things	02	33	things	4
subcortex_CAU	31.533936260652933	8	things	02	33	things	4
subcortex_PUT	30.356411577746435	8	things	02	33	things	4
subcortex_THA	27.047320297929556	14	things	02	33	things	4
cerebellum	30.374636557747202	88	things	02	33	things	5
cortex_Cont	44.925530997981035	128	things	02	33	things	5
cortex_Default	40.701715629084184	209	things	02	33	things	5
cortex_DorsAttn	47.257657844296965	122	things	02	33	things	5
cortex_Limbic	18.972212443053635	60	things	02	33	things	5
cortex_SalVentAttn	42.354843114313624	121	things	02	33	things	5
cortex_SomMot	42.75620985541317	194	things	02	33	things	5
cortex_Vis	37.71910026160599	162	things	02	33	things	5
subcortex_CAU	31.327954868552006	8	things	02	33	things	5
subcortex_PUT	29.845358560564797	8	things	02	33	things	5
subcortex_THA	26.55473369401424	14	things	02	33	things	5
cerebellum	31.36105122398379	88	things	02	33	things	6
cortex_Cont	44.15664103932474	128	things	02	33	things	6
cortex_Default	40.28089076296283	209	things	02	33	things	6
cortex_DorsAttn	47.25717719598318	122	things	02	33	things	6
cortex_Limbic	19.604109544799183	60	things	02	33	things	6
cortex_SalVentAttn	41.50526884614843	121	things	02	33	things	6
cortex_SomMot	41.779099933323536	194	things	02	33	things	6
cortex_Vis	39.12182698702099	162	things	02	33	things	6
subcortex_CAU	31.045983003575692	8	things	02	33	things	6
subcortex_PUT	30.418929246791024	8	things	02	33	things	6
subcortex_THA	26.739781564555877	14	things	02	33	things	6
cerebellum	30.181842423062186	88	things	02	34	things	1
cortex_Cont	44.52092634196058	128	things	02	34	things	1
cortex_Default	41.67909883681002	209	things	02	34	things	1
cortex_DorsAttn	46.244137776133506	122	things	02	34	things	1
cortex_Limbic	19.995268714476317	60	things	02	34	things	1
cortex_SalVentAttn	42.48032136027696	121	things	02	34	things	1
cortex_SomMot	42.36268592237466	194	things	02	34	things	1
cortex_Vis	37.73218330911987	162	things	02	34	things	1
subcortex_CAU	31.04958453589405	8	things	02	34	things	1
subcortex_PUT	30.20808746111934	8	things	02	34	things	1
subcortex_THA	26.936975687769408	14	things	02	34	things	1
cerebellum	31.50762944232558	88	things	02	34	things	2
cortex_Cont	46.91972220946356	128	things	02	34	things	2
cortex_Default	43.18300809366447	209	things	02	34	things	2
cortex_DorsAttn	49.93627003177069	122	things	02	34	things	2
cortex_Limbic	20.406635191542833	60	things	02	34	things	2
cortex_SalVentAttn	44.1002979767138	121	things	02	34	things	2
cortex_SomMot	44.720820774185846	194	things	02	34	things	2
cortex_Vis	40.28197253667998	162	things	02	34	things	2
subcortex_CAU	30.94916462788639	8	things	02	34	things	2
subcortex_PUT	30.1372864715683	8	things	02	34	things	2
subcortex_THA	27.093444399157097	14	things	02	34	things	2
cerebellum	31.850457642302864	88	things	02	34	things	3
cortex_Cont	46.61727748376385	128	things	02	34	things	3
cortex_Default	43.01306872834647	209	things	02	34	things	3
cortex_DorsAttn	50.862044634651006	122	things	02	34	things	3
cortex_Limbic	20.3470575798018	60	things	02	34	things	3
cortex_SalVentAttn	44.11184281524847	121	things	02	34	things	3
cortex_SomMot	44.91202043343422	194	things	02	34	things	3
cortex_Vis	40.93774422069546	162	things	02	34	things	3
subcortex_CAU	30.68376741562731	8	things	02	34	things	3
subcortex_PUT	30.229363678627415	8	things	02	34	things	3
subcortex_THA	27.145519031229178	14	things	02	34	things	3
cerebellum	30.089191714709706	88	things	02	34	things	4
cortex_Cont	45.59979880312592	128	things	02	34	things	4
cortex_Default	41.8475552968198	209	things	02	34	things	4
cortex_DorsAttn	48.991618241840065	122	things	02	34	things	4
cortex_Limbic	19.68170515643083	60	things	02	34	things	4
cortex_SalVentAttn	42.48844146657264	121	things	02	34	things	4
cortex_SomMot	43.29120432241757	194	things	02	34	things	4
cortex_Vis	39.157325664618874	162	things	02	34	things	4
subcortex_CAU	30.540764711962066	8	things	02	34	things	4
subcortex_PUT	29.812274310047115	8	things	02	34	things	4
subcortex_THA	26.567384066277462	14	things	02	34	things	4
cerebellum	29.645382756145718	88	things	02	34	things	5
cortex_Cont	43.54458104606661	128	things	02	34	things	5
cortex_Default	40.93757056699961	209	things	02	34	things	5
cortex_DorsAttn	46.09749761727762	122	things	02	34	things	5
cortex_Limbic	20.065498494252264	60	things	02	34	things	5
cortex_SalVentAttn	41.74920429788694	121	things	02	34	things	5
cortex_SomMot	41.757331163143846	194	things	02	34	things	5
cortex_Vis	37.267407957814974	162	things	02	34	things	5
subcortex_CAU	31.152731482518586	8	things	02	34	things	5
subcortex_PUT	30.12672055004051	8	things	02	34	things	5
subcortex_THA	27.14994377561316	14	things	02	34	things	5
cerebellum	25.991323032171923	88	things	02	34	things	6
cortex_Cont	36.33030430421342	128	things	02	34	things	6
cortex_Default	34.68948549672794	209	things	02	34	things	6
cortex_DorsAttn	37.47617158982539	122	things	02	34	things	6
cortex_Limbic	18.07533999528372	60	things	02	34	things	6
cortex_SalVentAttn	35.88350433905872	121	things	02	34	things	6
cortex_SomMot	34.74471925577129	194	things	02	34	things	6
cortex_Vis	31.45878064431521	162	things	02	34	things	6
subcortex_CAU	28.87785141819661	8	things	02	34	things	6
subcortex_PUT	28.411150783298744	8	things	02	34	things	6
subcortex_THA	25.026638502070263	14	things	02	34	things	6
cerebellum	28.870249839433747	88	things	02	35	things	1
cortex_Cont	39.546581559250846	128	things	02	35	things	1
cortex_Default	36.72403892477336	209	things	02	35	things	1
cortex_DorsAttn	42.62047104183246	122	things	02	35	things	1
cortex_Limbic	17.713607611615828	60	things	02	35	things	1
cortex_SalVentAttn	38.95965877602084	121	things	02	35	things	1
cortex_SomMot	38.97316002775615	194	things	02	35	things	1
cortex_Vis	35.24341856429653	162	things	02	35	things	1
subcortex_CAU	29.634107245666947	8	things	02	35	things	1
subcortex_PUT	28.787207769836506	8	things	02	35	things	1
subcortex_THA	25.326703860330902	14	things	02	35	things	1
cerebellum	29.09599904642664	88	things	02	35	things	2
cortex_Cont	43.14224321336144	128	things	02	35	things	2
cortex_Default	39.709603395718666	209	things	02	35	things	2
cortex_DorsAttn	45.00344165090354	122	things	02	35	things	2
cortex_Limbic	19.59505668407264	60	things	02	35	things	2
cortex_SalVentAttn	40.74234409661667	121	things	02	35	things	2
cortex_SomMot	40.83384923261738	194	things	02	35	things	2
cortex_Vis	36.69100906571447	162	things	02	35	things	2
subcortex_CAU	31.571657762089043	8	things	02	35	things	2
subcortex_PUT	29.489968138429756	8	things	02	35	things	2
subcortex_THA	26.151655281782094	14	things	02	35	things	2
cerebellum	29.618211970899686	88	things	02	35	things	3
cortex_Cont	40.22700626773438	128	things	02	35	things	3
cortex_Default	37.30258833221859	209	things	02	35	things	3
cortex_DorsAttn	44.15733462695691	122	things	02	35	things	3
cortex_Limbic	17.882582819387018	60	things	02	35	things	3
cortex_SalVentAttn	38.885555026182345	121	things	02	35	things	3
cortex_SomMot	39.44140694950541	194	things	02	35	things	3
cortex_Vis	36.99952209196175	162	things	02	35	things	3
subcortex_CAU	30.186877301233995	8	things	02	35	things	3
subcortex_PUT	29.042200998379407	8	things	02	35	things	3
subcortex_THA	25.60937445586658	14	things	02	35	things	3
cerebellum	25.91534975356778	88	things	02	35	things	4
cortex_Cont	41.42883396159291	128	things	02	35	things	4
cortex_Default	38.10105164612101	209	things	02	35	things	4
cortex_DorsAttn	41.3664780829442	122	things	02	35	things	4
cortex_Limbic	19.199206477230437	60	things	02	35	things	4
cortex_SalVentAttn	39.62529478440094	121	things	02	35	things	4
cortex_SomMot	38.88755378697991	194	things	02	35	things	4
cortex_Vis	32.91597014798102	162	things	02	35	things	4
subcortex_CAU	30.959393779378356	8	things	02	35	things	4
subcortex_PUT	29.038931487860864	8	things	02	35	things	4
subcortex_THA	25.567514882436672	14	things	02	35	things	4
cerebellum	27.11205207530692	88	things	02	35	things	5
cortex_Cont	42.53887788923144	128	things	02	35	things	5
cortex_Default	38.96154122636082	209	things	02	35	things	5
cortex_DorsAttn	42.318237034560624	122	things	02	35	things	5
cortex_Limbic	19.02747423064849	60	things	02	35	things	5
cortex_SalVentAttn	39.726128442610516	121	things	02	35	things	5
cortex_SomMot	39.650012788694525	194	things	02	35	things	5
cortex_Vis	33.94123441102729	162	things	02	35	things	5
subcortex_CAU	31.046304552325417	8	things	02	35	things	5
subcortex_PUT	29.23115885697697	8	things	02	35	things	5
subcortex_THA	25.662282441416462	14	things	02	35	things	5
cerebellum	26.917441283450145	88	things	02	35	things	6
cortex_Cont	40.36606866934411	128	things	02	35	things	6
cortex_Default	38.05539368387105	209	things	02	35	things	6
cortex_DorsAttn	42.29687528450287	122	things	02	35	things	6
cortex_Limbic	19.12007405724248	60	things	02	35	things	6
cortex_SalVentAttn	39.12308864842584	121	things	02	35	things	6
cortex_SomMot	38.76532736541048	194	things	02	35	things	6
cortex_Vis	34.69074031710179	162	things	02	35	things	6
subcortex_CAU	30.622356083173983	8	things	02	35	things	6
subcortex_PUT	28.881593018938894	8	things	02	35	things	6
subcortex_THA	25.245816127382334	14	things	02	35	things	6
cerebellum	28.203994652214124	88	things	02	36	things	1
cortex_Cont	41.338815861599784	128	things	02	36	things	1
cortex_Default	38.627958335377244	209	things	02	36	things	1
cortex_DorsAttn	42.006270022005076	122	things	02	36	things	1
cortex_Limbic	19.498786567110862	60	things	02	36	things	1
cortex_SalVentAttn	40.14910980474506	121	things	02	36	things	1
cortex_SomMot	39.30230382955431	194	things	02	36	things	1
cortex_Vis	34.09371798316687	162	things	02	36	things	1
subcortex_CAU	30.85772308472187	8	things	02	36	things	1
subcortex_PUT	29.73653841876633	8	things	02	36	things	1
subcortex_THA	26.323633280184218	14	things	02	36	things	1
cerebellum	25.60626632744629	88	things	02	36	things	2
cortex_Cont	40.8197283660623	128	things	02	36	things	2
cortex_Default	38.071724076971016	209	things	02	36	things	2
cortex_DorsAttn	39.84917252838198	122	things	02	36	things	2
cortex_Limbic	19.68397833926939	60	things	02	36	things	2
cortex_SalVentAttn	39.51865039905954	121	things	02	36	things	2
cortex_SomMot	38.09955977696851	194	things	02	36	things	2
cortex_Vis	32.75939058155427	162	things	02	36	things	2
subcortex_CAU	31.063001868680285	8	things	02	36	things	2
subcortex_PUT	29.7853388212216	8	things	02	36	things	2
subcortex_THA	25.872561153858708	14	things	02	36	things	2
cerebellum	28.163367890328754	88	things	02	36	things	3
cortex_Cont	45.575048608109185	128	things	02	36	things	3
cortex_Default	41.451908763534014	209	things	02	36	things	3
cortex_DorsAttn	47.29126943469867	122	things	02	36	things	3
cortex_Limbic	20.43414580290675	60	things	02	36	things	3
cortex_SalVentAttn	42.416029735807214	121	things	02	36	things	3
cortex_SomMot	42.914017766781136	194	things	02	36	things	3
cortex_Vis	38.455816964265146	162	things	02	36	things	3
subcortex_CAU	31.13574694805969	8	things	02	36	things	3
subcortex_PUT	29.792808732076157	8	things	02	36	things	3
subcortex_THA	26.33415941366481	14	things	02	36	things	3
cerebellum	28.212891762416675	88	things	02	36	things	4
cortex_Cont	44.83764600380491	128	things	02	36	things	4
cortex_Default	40.7221476672333	209	things	02	36	things	4
cortex_DorsAttn	47.29685496093698	122	things	02	36	things	4
cortex_Limbic	20.500005981168012	60	things	02	36	things	4
cortex_SalVentAttn	41.82366802842893	121	things	02	36	things	4
cortex_SomMot	42.57914906343479	194	things	02	36	things	4
cortex_Vis	38.36901585988633	162	things	02	36	things	4
subcortex_CAU	30.815579934129307	8	things	02	36	things	4
subcortex_PUT	29.493640588436996	8	things	02	36	things	4
subcortex_THA	26.235353267439162	14	things	02	36	things	4
cerebellum	28.25307954838266	88	things	02	36	things	5
cortex_Cont	45.890006471382506	128	things	02	36	things	5
cortex_Default	41.83384538958094	209	things	02	36	things	5
cortex_DorsAttn	48.70968789324652	122	things	02	36	things	5
cortex_Limbic	20.868897363091488	60	things	02	36	things	5
cortex_SalVentAttn	42.81158944692721	121	things	02	36	things	5
cortex_SomMot	43.47513891489232	194	things	02	36	things	5
cortex_Vis	39.729754694033296	162	things	02	36	things	5
subcortex_CAU	31.19318931924292	8	things	02	36	things	5
subcortex_PUT	29.91029731622239	8	things	02	36	things	5
subcortex_THA	26.462454990797596	14	things	02	36	things	5
cerebellum	26.5581422078924	88	things	02	36	things	6
cortex_Cont	43.43957630489962	128	things	02	36	things	6
cortex_Default	40.26536153364462	209	things	02	36	things	6
cortex_DorsAttn	45.26463917331308	122	things	02	36	things	6
cortex_Limbic	20.059741849615	60	things	02	36	things	6
cortex_SalVentAttn	40.8694035895009	121	things	02	36	things	6
cortex_SomMot	41.07715662449987	194	things	02	36	things	6
cortex_Vis	36.35608833756193	162	things	02	36	things	6
subcortex_CAU	30.59286162415973	8	things	02	36	things	6
subcortex_PUT	29.272848471641474	8	things	02	36	things	6
subcortex_THA	25.627152023850897	14	things	02	36	things	6
cerebellum	37.782530243689365	88	things	03	01	things	1
cortex_Cont	53.10245052554682	128	things	03	01	things	1
cortex_Default	49.762533059278624	209	things	03	01	things	1
cortex_DorsAttn	57.54871814683405	122	things	03	01	things	1
cortex_Limbic	23.224211703827674	60	things	03	01	things	1
cortex_SalVentAttn	49.38189241819599	121	things	03	01	things	1
cortex_SomMot	52.49231023471701	194	things	03	01	things	1
cortex_Vis	47.52023144168881	162	things	03	01	things	1
subcortex_CAU	27.668505056655036	8	things	03	01	things	1
subcortex_PUT	29.821221142556666	8	things	03	01	things	1
subcortex_THA	28.911991192414114	14	things	03	01	things	1
cerebellum	38.83258227928457	88	things	03	01	things	2
cortex_Cont	52.73524409352988	128	things	03	01	things	2
cortex_Default	49.68293731177743	209	things	03	01	things	2
cortex_DorsAttn	57.28581835377581	122	things	03	01	things	2
cortex_Limbic	23.79683724584235	60	things	03	01	things	2
cortex_SalVentAttn	49.26835004512978	121	things	03	01	things	2
cortex_SomMot	52.6117718197654	194	things	03	01	things	2
cortex_Vis	46.68632942422647	162	things	03	01	things	2
subcortex_CAU	27.82657856662945	8	things	03	01	things	2
subcortex_PUT	29.80238661031979	8	things	03	01	things	2
subcortex_THA	28.81456066397493	14	things	03	01	things	2
cerebellum	39.2198265338387	88	things	03	01	things	3
cortex_Cont	53.53879789279254	128	things	03	01	things	3
cortex_Default	50.4276563404717	209	things	03	01	things	3
cortex_DorsAttn	59.330928741239404	122	things	03	01	things	3
cortex_Limbic	22.746178333446913	60	things	03	01	things	3
cortex_SalVentAttn	50.018632959244776	121	things	03	01	things	3
cortex_SomMot	53.8165378720828	194	things	03	01	things	3
cortex_Vis	48.701688144042045	162	things	03	01	things	3
subcortex_CAU	27.829016828991787	8	things	03	01	things	3
subcortex_PUT	29.79657826441007	8	things	03	01	things	3
subcortex_THA	29.041361043137393	14	things	03	01	things	3
cerebellum	37.22129000123514	88	things	03	02	things	1
cortex_Cont	47.11654094023305	128	things	03	02	things	1
cortex_Default	45.633998664967514	209	things	03	02	things	1
cortex_DorsAttn	52.135031739772685	122	things	03	02	things	1
cortex_Limbic	22.114611405692173	60	things	03	02	things	1
cortex_SalVentAttn	45.7850476642267	121	things	03	02	things	1
cortex_SomMot	47.62206571104265	194	things	03	02	things	1
cortex_Vis	44.459468842304844	162	things	03	02	things	1
subcortex_CAU	27.88779681323956	8	things	03	02	things	1
subcortex_PUT	29.663728245448684	8	things	03	02	things	1
subcortex_THA	29.63171340759643	14	things	03	02	things	1
cerebellum	37.092658863994046	88	things	03	02	things	2
cortex_Cont	49.49318251165495	128	things	03	02	things	2
cortex_Default	46.73087917865386	209	things	03	02	things	2
cortex_DorsAttn	54.73579918080813	122	things	03	02	things	2
cortex_Limbic	21.786819329863526	60	things	03	02	things	2
cortex_SalVentAttn	46.88185933030155	121	things	03	02	things	2
cortex_SomMot	49.81747027388012	194	things	03	02	things	2
cortex_Vis	45.437398060341636	162	things	03	02	things	2
subcortex_CAU	27.497474081788404	8	things	03	02	things	2
subcortex_PUT	29.618696576587126	8	things	03	02	things	2
subcortex_THA	29.51626882515867	14	things	03	02	things	2
cerebellum	32.627858591818374	88	things	03	02	things	3
cortex_Cont	45.456468449902275	128	things	03	02	things	3
cortex_Default	43.54627935039633	209	things	03	02	things	3
cortex_DorsAttn	48.31943433040053	122	things	03	02	things	3
cortex_Limbic	20.417104981314456	60	things	03	02	things	3
cortex_SalVentAttn	43.80122658401928	121	things	03	02	things	3
cortex_SomMot	44.248079473417974	194	things	03	02	things	3
cortex_Vis	40.24339611370983	162	things	03	02	things	3
subcortex_CAU	26.886397671046954	8	things	03	02	things	3
subcortex_PUT	29.358637969047415	8	things	03	02	things	3
subcortex_THA	28.92206518289879	14	things	03	02	things	3
cerebellum	29.555233367084984	88	things	03	02	things	4
cortex_Cont	40.363601062643156	128	things	03	02	things	4
cortex_Default	39.35478227743466	209	things	03	02	things	4
cortex_DorsAttn	42.38232337735001	122	things	03	02	things	4
cortex_Limbic	19.14798178537493	60	things	03	02	things	4
cortex_SalVentAttn	39.667375635355484	121	things	03	02	things	4
cortex_SomMot	38.67941288704546	194	things	03	02	things	4
cortex_Vis	35.996601885427026	162	things	03	02	things	4
subcortex_CAU	25.617704874360147	8	things	03	02	things	4
subcortex_PUT	28.64305589537871	8	things	03	02	things	4
subcortex_THA	27.667460616590343	14	things	03	02	things	4
cerebellum	30.092640450991425	88	things	03	02	things	5
cortex_Cont	41.630025162981354	128	things	03	02	things	5
cortex_Default	40.14490655077943	209	things	03	02	things	5
cortex_DorsAttn	41.757487130656564	122	things	03	02	things	5
cortex_Limbic	19.90210083253096	60	things	03	02	things	5
cortex_SalVentAttn	40.896262096952775	121	things	03	02	things	5
cortex_SomMot	39.35549002965629	194	things	03	02	things	5
cortex_Vis	34.236577477744866	162	things	03	02	things	5
subcortex_CAU	26.60099930364572	8	things	03	02	things	5
subcortex_PUT	28.780369209050956	8	things	03	02	things	5
subcortex_THA	27.894526322321667	14	things	03	02	things	5
cerebellum	28.114054741875023	88	things	03	02	things	6
cortex_Cont	38.733541951740904	128	things	03	02	things	6
cortex_Default	37.56251824117451	209	things	03	02	things	6
cortex_DorsAttn	39.4829658573864	122	things	03	02	things	6
cortex_Limbic	19.266422338904917	60	things	03	02	things	6
cortex_SalVentAttn	39.454257779027905	121	things	03	02	things	6
cortex_SomMot	37.23467736071781	194	things	03	02	things	6
cortex_Vis	32.213906670926164	162	things	03	02	things	6
subcortex_CAU	25.817197476050367	8	things	03	02	things	6
subcortex_PUT	27.928522640867218	8	things	03	02	things	6
subcortex_THA	27.242647389703905	14	things	03	02	things	6
cerebellum	39.72259950247779	88	things	03	03	things	1
cortex_Cont	54.4232847979572	128	things	03	03	things	1
cortex_Default	50.89466668577353	209	things	03	03	things	1
cortex_DorsAttn	59.55152845757116	122	things	03	03	things	1
cortex_Limbic	23.49338580090166	60	things	03	03	things	1
cortex_SalVentAttn	50.381369089000515	121	things	03	03	things	1
cortex_SomMot	54.134705934791846	194	things	03	03	things	1
cortex_Vis	49.29376969188771	162	things	03	03	things	1
subcortex_CAU	28.41214344658161	8	things	03	03	things	1
subcortex_PUT	29.977058437016137	8	things	03	03	things	1
subcortex_THA	29.607383596274243	14	things	03	03	things	1
cerebellum	39.546332634961075	88	things	03	03	things	2
cortex_Cont	52.936479514823255	128	things	03	03	things	2
cortex_Default	50.077894458985504	209	things	03	03	things	2
cortex_DorsAttn	59.13145426319113	122	things	03	03	things	2
cortex_Limbic	23.12273144043885	60	things	03	03	things	2
cortex_SalVentAttn	49.979608190026724	121	things	03	03	things	2
cortex_SomMot	53.65992372753919	194	things	03	03	things	2
cortex_Vis	48.7694393713835	162	things	03	03	things	2
subcortex_CAU	28.33970983069907	8	things	03	03	things	2
subcortex_PUT	29.66154796975023	8	things	03	03	things	2
subcortex_THA	29.44891419878879	14	things	03	03	things	2
cerebellum	40.224491764735355	88	things	03	03	things	3
cortex_Cont	55.474965418895984	128	things	03	03	things	3
cortex_Default	51.91389537656071	209	things	03	03	things	3
cortex_DorsAttn	61.28372040036711	122	things	03	03	things	3
cortex_Limbic	23.277952367292762	60	things	03	03	things	3
cortex_SalVentAttn	51.25237279999173	121	things	03	03	things	3
cortex_SomMot	55.21882263150559	194	things	03	03	things	3
cortex_Vis	50.174952507835705	162	things	03	03	things	3
subcortex_CAU	28.12830929743445	8	things	03	03	things	3
subcortex_PUT	29.660582624152894	8	things	03	03	things	3
subcortex_THA	29.326934361195047	14	things	03	03	things	3
cerebellum	39.00820022426006	88	things	03	03	things	4
cortex_Cont	52.79155430392007	128	things	03	03	things	4
cortex_Default	50.4796419254934	209	things	03	03	things	4
cortex_DorsAttn	57.22042934919857	122	things	03	03	things	4
cortex_Limbic	23.35919902117365	60	things	03	03	things	4
cortex_SalVentAttn	49.32814914842973	121	things	03	03	things	4
cortex_SomMot	52.24171449985097	194	things	03	03	things	4
cortex_Vis	46.82504450947959	162	things	03	03	things	4
subcortex_CAU	28.680688962205423	8	things	03	03	things	4
subcortex_PUT	29.596482884374815	8	things	03	03	things	4
subcortex_THA	29.415205702993777	14	things	03	03	things	4
cerebellum	40.342862954273755	88	things	03	03	things	5
cortex_Cont	54.88992961231961	128	things	03	03	things	5
cortex_Default	51.78399086577747	209	things	03	03	things	5
cortex_DorsAttn	60.42439419940208	122	things	03	03	things	5
cortex_Limbic	23.712196036105816	60	things	03	03	things	5
cortex_SalVentAttn	50.605074312237555	121	things	03	03	things	5
cortex_SomMot	54.87579055147151	194	things	03	03	things	5
cortex_Vis	49.55920452396731	162	things	03	03	things	5
subcortex_CAU	27.925609742203847	8	things	03	03	things	5
subcortex_PUT	29.360003285581996	8	things	03	03	things	5
subcortex_THA	29.466073241149587	14	things	03	03	things	5
cerebellum	40.48624895303115	88	things	03	03	things	6
cortex_Cont	55.051948375479796	128	things	03	03	things	6
cortex_Default	51.81279179453741	209	things	03	03	things	6
cortex_DorsAttn	60.57138377666392	122	things	03	03	things	6
cortex_Limbic	23.236109931418373	60	things	03	03	things	6
cortex_SalVentAttn	50.49461004522402	121	things	03	03	things	6
cortex_SomMot	54.44198636038229	194	things	03	03	things	6
cortex_Vis	49.99726544948066	162	things	03	03	things	6
subcortex_CAU	27.8786238250522	8	things	03	03	things	6
subcortex_PUT	29.579507838227382	8	things	03	03	things	6
subcortex_THA	29.26292869970924	14	things	03	03	things	6
cerebellum	39.21638326623256	88	things	03	04	things	1
cortex_Cont	49.3850046250969	128	things	03	04	things	1
cortex_Default	46.957592047590225	209	things	03	04	things	1
cortex_DorsAttn	53.820021545703014	122	things	03	04	things	1
cortex_Limbic	22.369772060076897	60	things	03	04	things	1
cortex_SalVentAttn	46.60815884896495	121	things	03	04	things	1
cortex_SomMot	49.2284263781069	194	things	03	04	things	1
cortex_Vis	46.25807303986818	162	things	03	04	things	1
subcortex_CAU	28.415930159719057	8	things	03	04	things	1
subcortex_PUT	29.334190275075017	8	things	03	04	things	1
subcortex_THA	29.349010897115214	14	things	03	04	things	1
cerebellum	39.995556079858574	88	things	03	04	things	2
cortex_Cont	51.98217244177159	128	things	03	04	things	2
cortex_Default	49.010068264318534	209	things	03	04	things	2
cortex_DorsAttn	57.76806419506948	122	things	03	04	things	2
cortex_Limbic	22.933607934759813	60	things	03	04	things	2
cortex_SalVentAttn	48.301624725998316	121	things	03	04	things	2
cortex_SomMot	50.96305391084844	194	things	03	04	things	2
cortex_Vis	48.77438310379635	162	things	03	04	things	2
subcortex_CAU	28.496046822919453	8	things	03	04	things	2
subcortex_PUT	29.771530747151196	8	things	03	04	things	2
subcortex_THA	29.515900774254824	14	things	03	04	things	2
cerebellum	38.97997887939496	88	things	03	04	things	3
cortex_Cont	49.615373103618296	128	things	03	04	things	3
cortex_Default	47.440896377677305	209	things	03	04	things	3
cortex_DorsAttn	54.83208767050082	122	things	03	04	things	3
cortex_Limbic	22.39441098941365	60	things	03	04	things	3
cortex_SalVentAttn	46.86088633424522	121	things	03	04	things	3
cortex_SomMot	48.866387223822834	194	things	03	04	things	3
cortex_Vis	47.06805989279972	162	things	03	04	things	3
subcortex_CAU	27.9769963860291	8	things	03	04	things	3
subcortex_PUT	29.447582398375747	8	things	03	04	things	3
subcortex_THA	29.153422608468528	14	things	03	04	things	3
cerebellum	33.88220958459108	88	things	03	04	things	4
cortex_Cont	45.55644833936019	128	things	03	04	things	4
cortex_Default	43.64871906441384	209	things	03	04	things	4
cortex_DorsAttn	47.20892290155411	122	things	03	04	things	4
cortex_Limbic	20.573972569787042	60	things	03	04	things	4
cortex_SalVentAttn	44.38980085180927	121	things	03	04	things	4
cortex_SomMot	44.76864959109483	194	things	03	04	things	4
cortex_Vis	38.72961511736705	162	things	03	04	things	4
subcortex_CAU	27.014022658823936	8	things	03	04	things	4
subcortex_PUT	28.87265501132441	8	things	03	04	things	4
subcortex_THA	28.48442428052985	14	things	03	04	things	4
cerebellum	36.26149263338089	88	things	03	04	things	5
cortex_Cont	48.654193941890014	128	things	03	04	things	5
cortex_Default	46.44283908746691	209	things	03	04	things	5
cortex_DorsAttn	52.16050245403145	122	things	03	04	things	5
cortex_Limbic	22.0441918014559	60	things	03	04	things	5
cortex_SalVentAttn	46.28613408254903	121	things	03	04	things	5
cortex_SomMot	47.36168990585666	194	things	03	04	things	5
cortex_Vis	44.35562239539329	162	things	03	04	things	5
subcortex_CAU	26.91352633515212	8	things	03	04	things	5
subcortex_PUT	28.850362192807218	8	things	03	04	things	5
subcortex_THA	28.86142957902913	14	things	03	04	things	5
cerebellum	36.41015183890078	88	things	03	04	things	6
cortex_Cont	48.520833903589164	128	things	03	04	things	6
cortex_Default	46.408982233197946	209	things	03	04	things	6
cortex_DorsAttn	51.50266964570581	122	things	03	04	things	6
cortex_Limbic	22.462596528069344	60	things	03	04	things	6
cortex_SalVentAttn	45.85751379030912	121	things	03	04	things	6
cortex_SomMot	46.716516575487354	194	things	03	04	things	6
cortex_Vis	43.04931277071189	162	things	03	04	things	6
subcortex_CAU	27.332406431674016	8	things	03	04	things	6
subcortex_PUT	28.960390700594385	8	things	03	04	things	6
subcortex_THA	28.827044409743472	14	things	03	04	things	6
cerebellum	35.431231227274104	88	things	03	05	things	1
cortex_Cont	46.83635215763653	128	things	03	05	things	1
cortex_Default	44.18046083621987	209	things	03	05	things	1
cortex_DorsAttn	52.188951563606885	122	things	03	05	things	1
cortex_Limbic	20.752463831337035	60	things	03	05	things	1
cortex_SalVentAttn	44.51685818958651	121	things	03	05	things	1
cortex_SomMot	46.33377780586093	194	things	03	05	things	1
cortex_Vis	44.31352042221327	162	things	03	05	things	1
subcortex_CAU	27.555200731815216	8	things	03	05	things	1
subcortex_PUT	28.8494685128343	8	things	03	05	things	1
subcortex_THA	28.494421965916164	14	things	03	05	things	1
cerebellum	37.30677004066834	88	things	03	05	things	2
cortex_Cont	47.69360168036501	128	things	03	05	things	2
cortex_Default	44.97373205193223	209	things	03	05	things	2
cortex_DorsAttn	52.167230308226664	122	things	03	05	things	2
cortex_Limbic	21.55639636277526	60	things	03	05	things	2
cortex_SalVentAttn	45.10321375128047	121	things	03	05	things	2
cortex_SomMot	46.05777826066758	194	things	03	05	things	2
cortex_Vis	45.733306961689976	162	things	03	05	things	2
subcortex_CAU	27.83459493934411	8	things	03	05	things	2
subcortex_PUT	29.28835314326308	8	things	03	05	things	2
subcortex_THA	29.120643760943473	14	things	03	05	things	2
cerebellum	38.64634515029274	88	things	03	05	things	3
cortex_Cont	50.46338370865265	128	things	03	05	things	3
cortex_Default	47.97329766259074	209	things	03	05	things	3
cortex_DorsAttn	55.17847122293931	122	things	03	05	things	3
cortex_Limbic	22.41753165947715	60	things	03	05	things	3
cortex_SalVentAttn	47.59038460002542	121	things	03	05	things	3
cortex_SomMot	49.579234064817655	194	things	03	05	things	3
cortex_Vis	47.292817447673485	162	things	03	05	things	3
subcortex_CAU	28.78949837848866	8	things	03	05	things	3
subcortex_PUT	29.763757740924802	8	things	03	05	things	3
subcortex_THA	29.244980895656	14	things	03	05	things	3
cerebellum	37.80551111837598	88	things	03	05	things	4
cortex_Cont	49.04257081354001	128	things	03	05	things	4
cortex_Default	46.530356615683715	209	things	03	05	things	4
cortex_DorsAttn	54.127030641733256	122	things	03	05	things	4
cortex_Limbic	22.13714137785741	60	things	03	05	things	4
cortex_SalVentAttn	46.86188262371356	121	things	03	05	things	4
cortex_SomMot	48.5845920379551	194	things	03	05	things	4
cortex_Vis	46.185839399509554	162	things	03	05	things	4
subcortex_CAU	28.335152529721274	8	things	03	05	things	4
subcortex_PUT	29.571068242933677	8	things	03	05	things	4
subcortex_THA	29.38928235109402	14	things	03	05	things	4
cerebellum	38.701124946214684	88	things	03	05	things	5
cortex_Cont	53.35213543116613	128	things	03	05	things	5
cortex_Default	50.08566319137687	209	things	03	05	things	5
cortex_DorsAttn	59.26897304215835	122	things	03	05	things	5
cortex_Limbic	23.53708675314073	60	things	03	05	things	5
cortex_SalVentAttn	49.14279090403601	121	things	03	05	things	5
cortex_SomMot	52.880309148384974	194	things	03	05	things	5
cortex_Vis	49.40663882863221	162	things	03	05	things	5
subcortex_CAU	28.531708728258437	8	things	03	05	things	5
subcortex_PUT	29.85143600584627	8	things	03	05	things	5
subcortex_THA	29.424335790037215	14	things	03	05	things	5
cerebellum	40.27501527829734	88	things	03	05	things	6
cortex_Cont	54.20867536004577	128	things	03	05	things	6
cortex_Default	50.59452620042361	209	things	03	05	things	6
cortex_DorsAttn	60.24931764742057	122	things	03	05	things	6
cortex_Limbic	23.323771970789092	60	things	03	05	things	6
cortex_SalVentAttn	49.80617428119278	121	things	03	05	things	6
cortex_SomMot	53.91729366834703	194	things	03	05	things	6
cortex_Vis	50.00604461904929	162	things	03	05	things	6
subcortex_CAU	28.301681264165747	8	things	03	05	things	6
subcortex_PUT	29.747474954440374	8	things	03	05	things	6
subcortex_THA	29.225364423207356	14	things	03	05	things	6
cerebellum	37.144881252509364	88	things	03	06	things	1
cortex_Cont	51.13843077498744	128	things	03	06	things	1
cortex_Default	48.53585425488255	209	things	03	06	things	1
cortex_DorsAttn	56.208166596084475	122	things	03	06	things	1
cortex_Limbic	21.591516655471825	60	things	03	06	things	1
cortex_SalVentAttn	48.5665396834793	121	things	03	06	things	1
cortex_SomMot	50.532104634027014	194	things	03	06	things	1
cortex_Vis	46.488498855414704	162	things	03	06	things	1
subcortex_CAU	28.97312449888293	8	things	03	06	things	1
subcortex_PUT	29.9974080938363	8	things	03	06	things	1
subcortex_THA	29.228846351535775	14	things	03	06	things	1
cerebellum	36.82698608444426	88	things	03	06	things	2
cortex_Cont	48.205526324354636	128	things	03	06	things	2
cortex_Default	46.38963608522116	209	things	03	06	things	2
cortex_DorsAttn	54.22348860562036	122	things	03	06	things	2
cortex_Limbic	20.566153382351256	60	things	03	06	things	2
cortex_SalVentAttn	46.21051179251886	121	things	03	06	things	2
cortex_SomMot	47.69586049061405	194	things	03	06	things	2
cortex_Vis	45.43959960439026	162	things	03	06	things	2
subcortex_CAU	28.206191155537354	8	things	03	06	things	2
subcortex_PUT	29.52776614200895	8	things	03	06	things	2
subcortex_THA	28.73591092275739	14	things	03	06	things	2
cerebellum	37.7167674435596	88	things	03	06	things	3
cortex_Cont	51.51572135630282	128	things	03	06	things	3
cortex_Default	48.69226814402364	209	things	03	06	things	3
cortex_DorsAttn	55.92026378358521	122	things	03	06	things	3
cortex_Limbic	21.848621813648894	60	things	03	06	things	3
cortex_SalVentAttn	47.83257942665867	121	things	03	06	things	3
cortex_SomMot	49.63033420175626	194	things	03	06	things	3
cortex_Vis	45.52609204203865	162	things	03	06	things	3
subcortex_CAU	28.4780875598761	8	things	03	06	things	3
subcortex_PUT	29.665447604312885	8	things	03	06	things	3
subcortex_THA	28.886189201217995	14	things	03	06	things	3
cerebellum	38.43985444482864	88	things	03	06	things	4
cortex_Cont	52.899627010657234	128	things	03	06	things	4
cortex_Default	49.66094814844441	209	things	03	06	things	4
cortex_DorsAttn	57.625226380367366	122	things	03	06	things	4
cortex_Limbic	22.57707761994106	60	things	03	06	things	4
cortex_SalVentAttn	48.62418640052199	121	things	03	06	things	4
cortex_SomMot	51.019222137090004	194	things	03	06	things	4
cortex_Vis	46.96155375668099	162	things	03	06	things	4
subcortex_CAU	28.91689139420827	8	things	03	06	things	4
subcortex_PUT	29.59796860374579	8	things	03	06	things	4
subcortex_THA	28.85813430412774	14	things	03	06	things	4
cerebellum	36.15260485294674	88	things	03	06	things	5
cortex_Cont	50.15844100812653	128	things	03	06	things	5
cortex_Default	47.64767688613253	209	things	03	06	things	5
cortex_DorsAttn	55.722190844245226	122	things	03	06	things	5
cortex_Limbic	21.232455846573668	60	things	03	06	things	5
cortex_SalVentAttn	46.83123275825243	121	things	03	06	things	5
cortex_SomMot	49.85738718257538	194	things	03	06	things	5
cortex_Vis	45.70568120006558	162	things	03	06	things	5
subcortex_CAU	28.35156359897505	8	things	03	06	things	5
subcortex_PUT	29.48528236841691	8	things	03	06	things	5
subcortex_THA	28.6336959154933	14	things	03	06	things	5
cerebellum	37.623577097817254	88	things	03	06	things	6
cortex_Cont	52.45873056182445	128	things	03	06	things	6
cortex_Default	49.699047717212224	209	things	03	06	things	6
cortex_DorsAttn	56.71464807783751	122	things	03	06	things	6
cortex_Limbic	22.589471718677558	60	things	03	06	things	6
cortex_SalVentAttn	48.297602239521495	121	things	03	06	things	6
cortex_SomMot	51.32155327060114	194	things	03	06	things	6
cortex_Vis	46.16559089997243	162	things	03	06	things	6
subcortex_CAU	28.627708244398725	8	things	03	06	things	6
subcortex_PUT	29.822784136300076	8	things	03	06	things	6
subcortex_THA	29.052623334826666	14	things	03	06	things	6
cerebellum	35.24034669552353	88	things	03	07	things	1
cortex_Cont	46.967030047167285	128	things	03	07	things	1
cortex_Default	44.8637567477258	209	things	03	07	things	1
cortex_DorsAttn	52.32931300786483	122	things	03	07	things	1
cortex_Limbic	21.997085150171085	60	things	03	07	things	1
cortex_SalVentAttn	45.63840245622219	121	things	03	07	things	1
cortex_SomMot	46.709399543316714	194	things	03	07	things	1
cortex_Vis	43.19502853253537	162	things	03	07	things	1
subcortex_CAU	27.860513899693842	8	things	03	07	things	1
subcortex_PUT	29.304881497748223	8	things	03	07	things	1
subcortex_THA	28.643022245168414	14	things	03	07	things	1
cerebellum	35.36204153704456	88	things	03	07	things	2
cortex_Cont	48.081134676023154	128	things	03	07	things	2
cortex_Default	45.21356997388192	209	things	03	07	things	2
cortex_DorsAttn	51.706464393632075	122	things	03	07	things	2
cortex_Limbic	21.342985352448547	60	things	03	07	things	2
cortex_SalVentAttn	46.40705035288863	121	things	03	07	things	2
cortex_SomMot	47.39811607949041	194	things	03	07	things	2
cortex_Vis	42.429990568678136	162	things	03	07	things	2
subcortex_CAU	26.78712183571413	8	things	03	07	things	2
subcortex_PUT	28.747887584242925	8	things	03	07	things	2
subcortex_THA	28.532493532770864	14	things	03	07	things	2
cerebellum	34.56809972819341	88	things	03	07	things	3
cortex_Cont	46.40039150426749	128	things	03	07	things	3
cortex_Default	44.15065822114122	209	things	03	07	things	3
cortex_DorsAttn	49.931711635073356	122	things	03	07	things	3
cortex_Limbic	22.24764376196344	60	things	03	07	things	3
cortex_SalVentAttn	44.78112520247074	121	things	03	07	things	3
cortex_SomMot	45.80732296902606	194	things	03	07	things	3
cortex_Vis	41.39266452767613	162	things	03	07	things	3
subcortex_CAU	27.16281482398661	8	things	03	07	things	3
subcortex_PUT	28.594103725230195	8	things	03	07	things	3
subcortex_THA	28.341459691084758	14	things	03	07	things	3
cerebellum	34.84147053155173	88	things	03	07	things	4
cortex_Cont	46.90058195880937	128	things	03	07	things	4
cortex_Default	44.41632290366382	209	things	03	07	things	4
cortex_DorsAttn	51.54140352941837	122	things	03	07	things	4
cortex_Limbic	21.960676773156273	60	things	03	07	things	4
cortex_SalVentAttn	45.016689416195184	121	things	03	07	things	4
cortex_SomMot	46.512236770118726	194	things	03	07	things	4
cortex_Vis	41.879110108364344	162	things	03	07	things	4
subcortex_CAU	27.002946066624474	8	things	03	07	things	4
subcortex_PUT	28.541389789612577	8	things	03	07	things	4
subcortex_THA	28.324867187900516	14	things	03	07	things	4
cerebellum	37.551377919359126	88	things	03	07	things	5
cortex_Cont	51.16768482045351	128	things	03	07	things	5
cortex_Default	48.16769843447799	209	things	03	07	things	5
cortex_DorsAttn	56.317849495286126	122	things	03	07	things	5
cortex_Limbic	22.906665749419542	60	things	03	07	things	5
cortex_SalVentAttn	48.61610429849214	121	things	03	07	things	5
cortex_SomMot	51.36338678140182	194	things	03	07	things	5
cortex_Vis	46.406186108553875	162	things	03	07	things	5
subcortex_CAU	27.22801340670372	8	things	03	07	things	5
subcortex_PUT	28.75874319114928	8	things	03	07	things	5
subcortex_THA	28.665287010536094	14	things	03	07	things	5
cerebellum	34.23926603788089	88	things	03	07	things	6
cortex_Cont	48.62052052904324	128	things	03	07	things	6
cortex_Default	45.556928725606774	209	things	03	07	things	6
cortex_DorsAttn	51.95528923823234	122	things	03	07	things	6
cortex_Limbic	22.267870905255936	60	things	03	07	things	6
cortex_SalVentAttn	45.883133406014835	121	things	03	07	things	6
cortex_SomMot	47.53056053413582	194	things	03	07	things	6
cortex_Vis	42.3571384220369	162	things	03	07	things	6
subcortex_CAU	27.135566691841905	8	things	03	07	things	6
subcortex_PUT	28.65710638248388	8	things	03	07	things	6
subcortex_THA	28.297682609052146	14	things	03	07	things	6
cerebellum	35.60768099673545	88	things	03	08	things	1
cortex_Cont	49.63406307848351	128	things	03	08	things	1
cortex_Default	47.207331296054704	209	things	03	08	things	1
cortex_DorsAttn	54.585762395767404	122	things	03	08	things	1
cortex_Limbic	21.446629936725227	60	things	03	08	things	1
cortex_SalVentAttn	46.612302571459374	121	things	03	08	things	1
cortex_SomMot	48.71641698812522	194	things	03	08	things	1
cortex_Vis	45.893768862155696	162	things	03	08	things	1
subcortex_CAU	28.86474580015209	8	things	03	08	things	1
subcortex_PUT	29.693589701632725	8	things	03	08	things	1
subcortex_THA	29.182516103842737	14	things	03	08	things	1
cerebellum	36.53022642952755	88	things	03	08	things	2
cortex_Cont	51.782836591128515	128	things	03	08	things	2
cortex_Default	49.243943816039504	209	things	03	08	things	2
cortex_DorsAttn	55.08001721800169	122	things	03	08	things	2
cortex_Limbic	22.47373457981199	60	things	03	08	things	2
cortex_SalVentAttn	48.53291423453366	121	things	03	08	things	2
cortex_SomMot	50.87340547015584	194	things	03	08	things	2
cortex_Vis	45.575552876890015	162	things	03	08	things	2
subcortex_CAU	29.90789492477905	8	things	03	08	things	2
subcortex_PUT	30.49790629649812	8	things	03	08	things	2
subcortex_THA	29.444312585693517	14	things	03	08	things	2
cerebellum	38.023919006471125	88	things	03	08	things	3
cortex_Cont	50.63718241827405	128	things	03	08	things	3
cortex_Default	48.56077452548205	209	things	03	08	things	3
cortex_DorsAttn	56.83047448798798	122	things	03	08	things	3
cortex_Limbic	22.23802023657478	60	things	03	08	things	3
cortex_SalVentAttn	48.24892968641118	121	things	03	08	things	3
cortex_SomMot	50.59955060336917	194	things	03	08	things	3
cortex_Vis	47.71505812370178	162	things	03	08	things	3
subcortex_CAU	28.989273135072857	8	things	03	08	things	3
subcortex_PUT	29.822014818202383	8	things	03	08	things	3
subcortex_THA	29.237407638695938	14	things	03	08	things	3
cerebellum	38.40061611466135	88	things	03	08	things	4
cortex_Cont	51.511849144271935	128	things	03	08	things	4
cortex_Default	48.901900444648156	209	things	03	08	things	4
cortex_DorsAttn	58.273157217756975	122	things	03	08	things	4
cortex_Limbic	22.246120800620997	60	things	03	08	things	4
cortex_SalVentAttn	48.67246794713564	121	things	03	08	things	4
cortex_SomMot	51.88010226797098	194	things	03	08	things	4
cortex_Vis	48.55529737739605	162	things	03	08	things	4
subcortex_CAU	28.570631473958624	8	things	03	08	things	4
subcortex_PUT	29.853568723850422	8	things	03	08	things	4
subcortex_THA	29.205417484468587	14	things	03	08	things	4
cerebellum	38.63722118614188	88	things	03	08	things	5
cortex_Cont	53.132916042645576	128	things	03	08	things	5
cortex_Default	49.91106022396576	209	things	03	08	things	5
cortex_DorsAttn	58.729673586149175	122	things	03	08	things	5
cortex_Limbic	23.397659819650002	60	things	03	08	things	5
cortex_SalVentAttn	49.282902772400405	121	things	03	08	things	5
cortex_SomMot	52.98275906442969	194	things	03	08	things	5
cortex_Vis	48.20008984496192	162	things	03	08	things	5
subcortex_CAU	28.78350355189533	8	things	03	08	things	5
subcortex_PUT	29.893892671681797	8	things	03	08	things	5
subcortex_THA	29.376678956109853	14	things	03	08	things	5
cerebellum	38.45646612377618	88	things	03	08	things	6
cortex_Cont	51.89183598041258	128	things	03	08	things	6
cortex_Default	48.967395191214585	209	things	03	08	things	6
cortex_DorsAttn	57.33459448854724	122	things	03	08	things	6
cortex_Limbic	22.83944515686624	60	things	03	08	things	6
cortex_SalVentAttn	48.556927728374134	121	things	03	08	things	6
cortex_SomMot	51.040062483882146	194	things	03	08	things	6
cortex_Vis	48.24841075008	162	things	03	08	things	6
subcortex_CAU	28.832397017755177	8	things	03	08	things	6
subcortex_PUT	29.6069219712454	8	things	03	08	things	6
subcortex_THA	29.313698427573737	14	things	03	08	things	6
cerebellum	38.28494685171469	88	things	03	09	things	1
cortex_Cont	53.094698927131105	128	things	03	09	things	1
cortex_Default	49.6560525813941	209	things	03	09	things	1
cortex_DorsAttn	58.074606163406266	122	things	03	09	things	1
cortex_Limbic	22.45529330940334	60	things	03	09	things	1
cortex_SalVentAttn	48.754054421830325	121	things	03	09	things	1
cortex_SomMot	52.00647790519254	194	things	03	09	things	1
cortex_Vis	49.213038178896504	162	things	03	09	things	1
subcortex_CAU	27.331384554302062	8	things	03	09	things	1
subcortex_PUT	29.03276380846877	8	things	03	09	things	1
subcortex_THA	29.141417821746558	14	things	03	09	things	1
cerebellum	39.864858293026636	88	things	03	09	things	2
cortex_Cont	54.27765506757574	128	things	03	09	things	2
cortex_Default	51.173932420668926	209	things	03	09	things	2
cortex_DorsAttn	60.301313893164554	122	things	03	09	things	2
cortex_Limbic	22.98837206426259	60	things	03	09	things	2
cortex_SalVentAttn	49.99979061537188	121	things	03	09	things	2
cortex_SomMot	53.13461370897959	194	things	03	09	things	2
cortex_Vis	50.23617008653304	162	things	03	09	things	2
subcortex_CAU	27.555345640294846	8	things	03	09	things	2
subcortex_PUT	29.191229132870127	8	things	03	09	things	2
subcortex_THA	29.15835654940514	14	things	03	09	things	2
cerebellum	39.91655724239872	88	things	03	09	things	3
cortex_Cont	53.712564894086995	128	things	03	09	things	3
cortex_Default	50.61521654683329	209	things	03	09	things	3
cortex_DorsAttn	58.99547472259235	122	things	03	09	things	3
cortex_Limbic	22.498882708746805	60	things	03	09	things	3
cortex_SalVentAttn	49.542422781212466	121	things	03	09	things	3
cortex_SomMot	51.959489921096065	194	things	03	09	things	3
cortex_Vis	49.336082570488294	162	things	03	09	things	3
subcortex_CAU	27.27599257680162	8	things	03	09	things	3
subcortex_PUT	28.78257355353756	8	things	03	09	things	3
subcortex_THA	29.145735112126683	14	things	03	09	things	3
cerebellum	39.11554730925251	88	things	03	09	things	4
cortex_Cont	52.38435559255314	128	things	03	09	things	4
cortex_Default	49.41938520586827	209	things	03	09	things	4
cortex_DorsAttn	57.88053136935182	122	things	03	09	things	4
cortex_Limbic	21.524754780349888	60	things	03	09	things	4
cortex_SalVentAttn	48.442366123529496	121	things	03	09	things	4
cortex_SomMot	50.69410308832923	194	things	03	09	things	4
cortex_Vis	48.59189790848708	162	things	03	09	things	4
subcortex_CAU	27.229547566111528	8	things	03	09	things	4
subcortex_PUT	29.549413057779656	8	things	03	09	things	4
subcortex_THA	29.001147476784684	14	things	03	09	things	4
cerebellum	38.713535927264665	88	things	03	09	things	5
cortex_Cont	52.01178411018122	128	things	03	09	things	5
cortex_Default	48.74741775436322	209	things	03	09	things	5
cortex_DorsAttn	57.583482927429486	122	things	03	09	things	5
cortex_Limbic	21.062336987168628	60	things	03	09	things	5
cortex_SalVentAttn	48.43641301271449	121	things	03	09	things	5
cortex_SomMot	50.478708612312346	194	things	03	09	things	5
cortex_Vis	47.223237496572295	162	things	03	09	things	5
subcortex_CAU	27.31206413206539	8	things	03	09	things	5
subcortex_PUT	29.22535678281698	8	things	03	09	things	5
subcortex_THA	28.839962062151386	14	things	03	09	things	5
cerebellum	39.066771904400426	88	things	03	09	things	6
cortex_Cont	52.54818354304592	128	things	03	09	things	6
cortex_Default	49.4748203633542	209	things	03	09	things	6
cortex_DorsAttn	57.970627526109325	122	things	03	09	things	6
cortex_Limbic	21.904683493995	60	things	03	09	things	6
cortex_SalVentAttn	48.63566385124903	121	things	03	09	things	6
cortex_SomMot	50.573737918372714	194	things	03	09	things	6
cortex_Vis	48.0434820619173	162	things	03	09	things	6
subcortex_CAU	27.249661649720917	8	things	03	09	things	6
subcortex_PUT	29.248360345787045	8	things	03	09	things	6
subcortex_THA	28.82030438506069	14	things	03	09	things	6
cerebellum	35.44335841927649	88	things	03	10	things	1
cortex_Cont	48.147498264940964	128	things	03	10	things	1
cortex_Default	46.1070177335016	209	things	03	10	things	1
cortex_DorsAttn	52.081399726189964	122	things	03	10	things	1
cortex_Limbic	21.07815244577792	60	things	03	10	things	1
cortex_SalVentAttn	45.39595556979898	121	things	03	10	things	1
cortex_SomMot	45.293883246854676	194	things	03	10	things	1
cortex_Vis	44.233672922457274	162	things	03	10	things	1
subcortex_CAU	27.43489877652027	8	things	03	10	things	1
subcortex_PUT	29.161999374787296	8	things	03	10	things	1
subcortex_THA	28.880215794477703	14	things	03	10	things	1
cerebellum	33.762467025662346	88	things	03	10	things	2
cortex_Cont	45.54949885152153	128	things	03	10	things	2
cortex_Default	43.925731855204575	209	things	03	10	things	2
cortex_DorsAttn	48.77910041656198	122	things	03	10	things	2
cortex_Limbic	20.274747699807893	60	things	03	10	things	2
cortex_SalVentAttn	44.1500847014812	121	things	03	10	things	2
cortex_SomMot	42.903030786062175	194	things	03	10	things	2
cortex_Vis	40.46400375429828	162	things	03	10	things	2
subcortex_CAU	27.39741628229242	8	things	03	10	things	2
subcortex_PUT	28.9218659706795	8	things	03	10	things	2
subcortex_THA	28.410520942567494	14	things	03	10	things	2
cerebellum	37.925787251638525	88	things	03	10	things	3
cortex_Cont	54.044175843278396	128	things	03	10	things	3
cortex_Default	50.620489802079575	209	things	03	10	things	3
cortex_DorsAttn	59.70259457112134	122	things	03	10	things	3
cortex_Limbic	22.39214055203356	60	things	03	10	things	3
cortex_SalVentAttn	49.9297803198084	121	things	03	10	things	3
cortex_SomMot	52.726562290389545	194	things	03	10	things	3
cortex_Vis	48.57135549338062	162	things	03	10	things	3
subcortex_CAU	27.74571528600812	8	things	03	10	things	3
subcortex_PUT	29.067945629874227	8	things	03	10	things	3
subcortex_THA	29.12539427561436	14	things	03	10	things	3
cerebellum	36.14605878942236	88	things	03	10	things	4
cortex_Cont	49.13890044239317	128	things	03	10	things	4
cortex_Default	46.46206872150191	209	things	03	10	things	4
cortex_DorsAttn	54.08942792679803	122	things	03	10	things	4
cortex_Limbic	19.952561856797963	60	things	03	10	things	4
cortex_SalVentAttn	47.034066385007726	121	things	03	10	things	4
cortex_SomMot	48.1793706507395	194	things	03	10	things	4
cortex_Vis	43.901880354117836	162	things	03	10	things	4
subcortex_CAU	27.975184347224864	8	things	03	10	things	4
subcortex_PUT	29.52016235735716	8	things	03	10	things	4
subcortex_THA	28.99802727732003	14	things	03	10	things	4
cerebellum	34.81703145638889	88	things	03	10	things	5
cortex_Cont	48.669257502516615	128	things	03	10	things	5
cortex_Default	45.76130565912573	209	things	03	10	things	5
cortex_DorsAttn	51.988200372973964	122	things	03	10	things	5
cortex_Limbic	20.627473130631454	60	things	03	10	things	5
cortex_SalVentAttn	45.55215165046077	121	things	03	10	things	5
cortex_SomMot	45.770728570346506	194	things	03	10	things	5
cortex_Vis	42.392806899190255	162	things	03	10	things	5
subcortex_CAU	28.102025741701276	8	things	03	10	things	5
subcortex_PUT	29.186182131416242	8	things	03	10	things	5
subcortex_THA	28.58698072117704	14	things	03	10	things	5
cerebellum	35.85621461114657	88	things	03	10	things	6
cortex_Cont	50.28283481385088	128	things	03	10	things	6
cortex_Default	47.417633160840325	209	things	03	10	things	6
cortex_DorsAttn	53.458684736699176	122	things	03	10	things	6
cortex_Limbic	21.632028073701502	60	things	03	10	things	6
cortex_SalVentAttn	46.11896096430063	121	things	03	10	things	6
cortex_SomMot	46.95192746546352	194	things	03	10	things	6
cortex_Vis	43.64184500313482	162	things	03	10	things	6
subcortex_CAU	27.52247956173048	8	things	03	10	things	6
subcortex_PUT	28.18284032817319	8	things	03	10	things	6
subcortex_THA	28.295267110712548	14	things	03	10	things	6
cerebellum	36.66651628302733	88	things	03	11	things	1
cortex_Cont	50.81139483404723	128	things	03	11	things	1
cortex_Default	48.372539856157935	209	things	03	11	things	1
cortex_DorsAttn	54.670669463931375	122	things	03	11	things	1
cortex_Limbic	21.60694805765877	60	things	03	11	things	1
cortex_SalVentAttn	48.04669300599952	121	things	03	11	things	1
cortex_SomMot	49.934022111930624	194	things	03	11	things	1
cortex_Vis	45.59861201393561	162	things	03	11	things	1
subcortex_CAU	27.887872829914716	8	things	03	11	things	1
subcortex_PUT	29.403793911935388	8	things	03	11	things	1
subcortex_THA	29.07657284857791	14	things	03	11	things	1
cerebellum	38.68569599389304	88	things	03	11	things	2
cortex_Cont	53.37816380991109	128	things	03	11	things	2
cortex_Default	50.26697455177884	209	things	03	11	things	2
cortex_DorsAttn	58.509806411854065	122	things	03	11	things	2
cortex_Limbic	22.72149863008464	60	things	03	11	things	2
cortex_SalVentAttn	49.588009006077804	121	things	03	11	things	2
cortex_SomMot	52.30572261194152	194	things	03	11	things	2
cortex_Vis	48.400015404584266	162	things	03	11	things	2
subcortex_CAU	28.453356381333002	8	things	03	11	things	2
subcortex_PUT	30.24688929750783	8	things	03	11	things	2
subcortex_THA	29.24525784576094	14	things	03	11	things	2
cerebellum	37.12109347725608	88	things	03	11	things	3
cortex_Cont	52.52710515278555	128	things	03	11	things	3
cortex_Default	49.22358987915091	209	things	03	11	things	3
cortex_DorsAttn	57.27015076360745	122	things	03	11	things	3
cortex_Limbic	22.713643521344785	60	things	03	11	things	3
cortex_SalVentAttn	48.769541925406806	121	things	03	11	things	3
cortex_SomMot	51.543043401005264	194	things	03	11	things	3
cortex_Vis	46.96130075295154	162	things	03	11	things	3
subcortex_CAU	27.66026949521754	8	things	03	11	things	3
subcortex_PUT	29.121872494816586	8	things	03	11	things	3
subcortex_THA	28.811405795827447	14	things	03	11	things	3
cerebellum	37.3214605762064	88	things	03	11	things	4
cortex_Cont	50.07570382760107	128	things	03	11	things	4
cortex_Default	47.37804130963226	209	things	03	11	things	4
cortex_DorsAttn	54.77187959502901	122	things	03	11	things	4
cortex_Limbic	22.003350498712837	60	things	03	11	things	4
cortex_SalVentAttn	46.87098328207625	121	things	03	11	things	4
cortex_SomMot	48.26316261435019	194	things	03	11	things	4
cortex_Vis	45.602154963863235	162	things	03	11	things	4
subcortex_CAU	27.83379796720822	8	things	03	11	things	4
subcortex_PUT	29.62679182573243	8	things	03	11	things	4
subcortex_THA	28.94720812216415	14	things	03	11	things	4
cerebellum	35.9729137849811	88	things	03	11	things	5
cortex_Cont	49.309221814261946	128	things	03	11	things	5
cortex_Default	46.671250007897655	209	things	03	11	things	5
cortex_DorsAttn	52.56945954972669	122	things	03	11	things	5
cortex_Limbic	21.45586484319201	60	things	03	11	things	5
cortex_SalVentAttn	45.70125109835472	121	things	03	11	things	5
cortex_SomMot	45.88764481270087	194	things	03	11	things	5
cortex_Vis	43.50579615776265	162	things	03	11	things	5
subcortex_CAU	27.44746327215927	8	things	03	11	things	5
subcortex_PUT	29.14853082590202	8	things	03	11	things	5
subcortex_THA	28.555893701753302	14	things	03	11	things	5
cerebellum	38.19863769487947	88	things	03	11	things	6
cortex_Cont	53.12203052108215	128	things	03	11	things	6
cortex_Default	49.73120668591482	209	things	03	11	things	6
cortex_DorsAttn	58.2415108546667	122	things	03	11	things	6
cortex_Limbic	21.941038539383328	60	things	03	11	things	6
cortex_SalVentAttn	48.81290088015307	121	things	03	11	things	6
cortex_SomMot	51.33121980657962	194	things	03	11	things	6
cortex_Vis	47.80258090210506	162	things	03	11	things	6
subcortex_CAU	28.55321534731121	8	things	03	11	things	6
subcortex_PUT	29.854943748098442	8	things	03	11	things	6
subcortex_THA	29.079369086617923	14	things	03	11	things	6
cerebellum	38.36295444428598	88	things	03	12	things	1
cortex_Cont	53.06863518760219	128	things	03	12	things	1
cortex_Default	49.897890175582056	209	things	03	12	things	1
cortex_DorsAttn	58.00004124209591	122	things	03	12	things	1
cortex_Limbic	21.9966363810776	60	things	03	12	things	1
cortex_SalVentAttn	49.13563855655912	121	things	03	12	things	1
cortex_SomMot	52.13807622380535	194	things	03	12	things	1
cortex_Vis	48.64618636064082	162	things	03	12	things	1
subcortex_CAU	28.217167679442735	8	things	03	12	things	1
subcortex_PUT	29.65962095178055	8	things	03	12	things	1
subcortex_THA	29.25699535548686	14	things	03	12	things	1
cerebellum	38.24286774996596	88	things	03	12	things	2
cortex_Cont	53.683624141518685	128	things	03	12	things	2
cortex_Default	50.19914864953433	209	things	03	12	things	2
cortex_DorsAttn	58.055822751424856	122	things	03	12	things	2
cortex_Limbic	23.3562452214555	60	things	03	12	things	2
cortex_SalVentAttn	48.492528542878134	121	things	03	12	things	2
cortex_SomMot	51.802107902084956	194	things	03	12	things	2
cortex_Vis	47.30388167373917	162	things	03	12	things	2
subcortex_CAU	28.00854503839309	8	things	03	12	things	2
subcortex_PUT	28.96329141337522	8	things	03	12	things	2
subcortex_THA	29.020517725907585	14	things	03	12	things	2
cerebellum	38.59914080918443	88	things	03	12	things	3
cortex_Cont	52.995659692418734	128	things	03	12	things	3
cortex_Default	49.64531137362722	209	things	03	12	things	3
cortex_DorsAttn	58.98549186631339	122	things	03	12	things	3
cortex_Limbic	22.08711733499945	60	things	03	12	things	3
cortex_SalVentAttn	48.97096098609952	121	things	03	12	things	3
cortex_SomMot	51.7529504196214	194	things	03	12	things	3
cortex_Vis	48.75283757648361	162	things	03	12	things	3
subcortex_CAU	28.097536984732965	8	things	03	12	things	3
subcortex_PUT	29.1739360744064	8	things	03	12	things	3
subcortex_THA	29.117986393925396	14	things	03	12	things	3
cerebellum	39.11888795116399	88	things	03	12	things	4
cortex_Cont	54.05228645661752	128	things	03	12	things	4
cortex_Default	50.54215684322484	209	things	03	12	things	4
cortex_DorsAttn	59.75951752320798	122	things	03	12	things	4
cortex_Limbic	21.773036081015324	60	things	03	12	things	4
cortex_SalVentAttn	48.66965467779631	121	things	03	12	things	4
cortex_SomMot	51.6076029055953	194	things	03	12	things	4
cortex_Vis	48.43777349676254	162	things	03	12	things	4
subcortex_CAU	28.30158954157458	8	things	03	12	things	4
subcortex_PUT	29.74701857265228	8	things	03	12	things	4
subcortex_THA	29.154911593404442	14	things	03	12	things	4
cerebellum	38.66125260273521	88	things	03	12	things	5
cortex_Cont	53.378604185493806	128	things	03	12	things	5
cortex_Default	49.83329362783617	209	things	03	12	things	5
cortex_DorsAttn	58.63637323708305	122	things	03	12	things	5
cortex_Limbic	22.156339278503292	60	things	03	12	things	5
cortex_SalVentAttn	48.562942665984906	121	things	03	12	things	5
cortex_SomMot	51.19236076675235	194	things	03	12	things	5
cortex_Vis	48.82434428369993	162	things	03	12	things	5
subcortex_CAU	28.11358307217463	8	things	03	12	things	5
subcortex_PUT	29.13735044254749	8	things	03	12	things	5
subcortex_THA	29.030005311664578	14	things	03	12	things	5
cerebellum	37.73273170804506	88	things	03	12	things	6
cortex_Cont	52.074462797395924	128	things	03	12	things	6
cortex_Default	48.093375795763606	209	things	03	12	things	6
cortex_DorsAttn	58.42266413334327	122	things	03	12	things	6
cortex_Limbic	20.3930284779172	60	things	03	12	things	6
cortex_SalVentAttn	48.10644225188198	121	things	03	12	things	6
cortex_SomMot	51.03962648628312	194	things	03	12	things	6
cortex_Vis	47.761366587771796	162	things	03	12	things	6
subcortex_CAU	27.847556159795325	8	things	03	12	things	6
subcortex_PUT	29.557114479792688	8	things	03	12	things	6
subcortex_THA	28.827386644805188	14	things	03	12	things	6
cerebellum	37.32369172971955	88	things	03	13	things	1
cortex_Cont	50.769468402505304	128	things	03	13	things	1
cortex_Default	48.26803160405401	209	things	03	13	things	1
cortex_DorsAttn	55.17381851921576	122	things	03	13	things	1
cortex_Limbic	21.94430611764565	60	things	03	13	things	1
cortex_SalVentAttn	48.52067454589556	121	things	03	13	things	1
cortex_SomMot	51.57792177757916	194	things	03	13	things	1
cortex_Vis	46.24983199308432	162	things	03	13	things	1
subcortex_CAU	27.898373017747243	8	things	03	13	things	1
subcortex_PUT	29.47421276129285	8	things	03	13	things	1
subcortex_THA	28.746487697208646	14	things	03	13	things	1
cerebellum	37.5333685609233	88	things	03	13	things	2
cortex_Cont	50.07470223589463	128	things	03	13	things	2
cortex_Default	47.815673777338	209	things	03	13	things	2
cortex_DorsAttn	55.14148502573957	122	things	03	13	things	2
cortex_Limbic	21.938722987761928	60	things	03	13	things	2
cortex_SalVentAttn	47.7959933305497	121	things	03	13	things	2
cortex_SomMot	49.92021197637129	194	things	03	13	things	2
cortex_Vis	45.67180466250958	162	things	03	13	things	2
subcortex_CAU	27.685958438548194	8	things	03	13	things	2
subcortex_PUT	29.691657331537588	8	things	03	13	things	2
subcortex_THA	28.73737573830248	14	things	03	13	things	2
cerebellum	37.10721456148522	88	things	03	13	things	3
cortex_Cont	49.75347010167883	128	things	03	13	things	3
cortex_Default	46.86289850179174	209	things	03	13	things	3
cortex_DorsAttn	54.9748841756553	122	things	03	13	things	3
cortex_Limbic	21.995746831477796	60	things	03	13	things	3
cortex_SalVentAttn	47.37216279328298	121	things	03	13	things	3
cortex_SomMot	49.283839697216536	194	things	03	13	things	3
cortex_Vis	44.6980947099297	162	things	03	13	things	3
subcortex_CAU	27.85207676876007	8	things	03	13	things	3
subcortex_PUT	28.994223956652483	8	things	03	13	things	3
subcortex_THA	28.633455795032912	14	things	03	13	things	3
cerebellum	36.712356250781596	88	things	03	13	things	4
cortex_Cont	47.750906503825924	128	things	03	13	things	4
cortex_Default	45.35694784952847	209	things	03	13	things	4
cortex_DorsAttn	54.220617701796705	122	things	03	13	things	4
cortex_Limbic	20.366584801204567	60	things	03	13	things	4
cortex_SalVentAttn	45.9428900501372	121	things	03	13	things	4
cortex_SomMot	47.76530323486541	194	things	03	13	things	4
cortex_Vis	44.746821040723816	162	things	03	13	things	4
subcortex_CAU	27.24249508221152	8	things	03	13	things	4
subcortex_PUT	29.178618346942088	8	things	03	13	things	4
subcortex_THA	28.63618934968925	14	things	03	13	things	4
cerebellum	37.21948821158395	88	things	03	13	things	5
cortex_Cont	48.571751172578544	128	things	03	13	things	5
cortex_Default	45.80959809713211	209	things	03	13	things	5
cortex_DorsAttn	54.48380819996737	122	things	03	13	things	5
cortex_Limbic	20.929377897895694	60	things	03	13	things	5
cortex_SalVentAttn	46.603587565855015	121	things	03	13	things	5
cortex_SomMot	47.91736968356855	194	things	03	13	things	5
cortex_Vis	44.60415306731852	162	things	03	13	things	5
subcortex_CAU	27.34103018053299	8	things	03	13	things	5
subcortex_PUT	29.103337618795642	8	things	03	13	things	5
subcortex_THA	28.727385249590913	14	things	03	13	things	5
cerebellum	38.403593153838585	88	things	03	13	things	6
cortex_Cont	53.04047010411693	128	things	03	13	things	6
cortex_Default	50.156556561671984	209	things	03	13	things	6
cortex_DorsAttn	57.9577096295302	122	things	03	13	things	6
cortex_Limbic	22.98366577582939	60	things	03	13	things	6
cortex_SalVentAttn	49.11422398145402	121	things	03	13	things	6
cortex_SomMot	51.88971929033185	194	things	03	13	things	6
cortex_Vis	47.44609455454562	162	things	03	13	things	6
subcortex_CAU	27.78638992316782	8	things	03	13	things	6
subcortex_PUT	29.721534602585418	8	things	03	13	things	6
subcortex_THA	28.927674903872155	14	things	03	13	things	6
cerebellum	37.651853941751945	88	things	03	14	things	1
cortex_Cont	49.833178436213956	128	things	03	14	things	1
cortex_Default	47.611025717992014	209	things	03	14	things	1
cortex_DorsAttn	55.187914172255454	122	things	03	14	things	1
cortex_Limbic	22.28833099752994	60	things	03	14	things	1
cortex_SalVentAttn	47.46569939866919	121	things	03	14	things	1
cortex_SomMot	49.6032059488504	194	things	03	14	things	1
cortex_Vis	45.558839309985444	162	things	03	14	things	1
subcortex_CAU	27.561285929172378	8	things	03	14	things	1
subcortex_PUT	29.26249898102108	8	things	03	14	things	1
subcortex_THA	28.51194469035051	14	things	03	14	things	1
cerebellum	35.64389174418665	88	things	03	14	things	2
cortex_Cont	45.92066486893241	128	things	03	14	things	2
cortex_Default	44.3168752614221	209	things	03	14	things	2
cortex_DorsAttn	50.949047098682904	122	things	03	14	things	2
cortex_Limbic	20.72152076961408	60	things	03	14	things	2
cortex_SalVentAttn	44.663816291394134	121	things	03	14	things	2
cortex_SomMot	45.232538602544	194	things	03	14	things	2
cortex_Vis	42.24237022707365	162	things	03	14	things	2
subcortex_CAU	27.498297516014553	8	things	03	14	things	2
subcortex_PUT	28.808598320444474	8	things	03	14	things	2
subcortex_THA	28.23981872792007	14	things	03	14	things	2
cerebellum	37.022368251659756	88	things	03	14	things	3
cortex_Cont	48.50587192304062	128	things	03	14	things	3
cortex_Default	45.86832440183064	209	things	03	14	things	3
cortex_DorsAttn	54.08028152476812	122	things	03	14	things	3
cortex_Limbic	21.03284955642285	60	things	03	14	things	3
cortex_SalVentAttn	46.055293456287025	121	things	03	14	things	3
cortex_SomMot	47.75764304003801	194	things	03	14	things	3
cortex_Vis	44.38934637290428	162	things	03	14	things	3
subcortex_CAU	28.152321231171218	8	things	03	14	things	3
subcortex_PUT	29.161938302578218	8	things	03	14	things	3
subcortex_THA	28.227562144860595	14	things	03	14	things	3
cerebellum	34.99379209575831	88	things	03	14	things	4
cortex_Cont	45.40941509054944	128	things	03	14	things	4
cortex_Default	43.07422324598609	209	things	03	14	things	4
cortex_DorsAttn	48.21415076190287	122	things	03	14	things	4
cortex_Limbic	20.672204685895334	60	things	03	14	things	4
cortex_SalVentAttn	43.48380241290605	121	things	03	14	things	4
cortex_SomMot	42.886944683763545	194	things	03	14	things	4
cortex_Vis	39.89299351725185	162	things	03	14	things	4
subcortex_CAU	27.997619780834512	8	things	03	14	things	4
subcortex_PUT	28.81828328511074	8	things	03	14	things	4
subcortex_THA	28.04256442957581	14	things	03	14	things	4
cerebellum	37.39418809821796	88	things	03	14	things	5
cortex_Cont	51.09524431642919	128	things	03	14	things	5
cortex_Default	47.59265764420218	209	things	03	14	things	5
cortex_DorsAttn	56.498996374914206	122	things	03	14	things	5
cortex_Limbic	22.08311145567071	60	things	03	14	things	5
cortex_SalVentAttn	47.11553864863173	121	things	03	14	things	5
cortex_SomMot	49.515531662548014	194	things	03	14	things	5
cortex_Vis	46.35843899881121	162	things	03	14	things	5
subcortex_CAU	28.209725648044394	8	things	03	14	things	5
subcortex_PUT	29.186661815022333	8	things	03	14	things	5
subcortex_THA	28.29032637024867	14	things	03	14	things	5
cerebellum	37.416968640386216	88	things	03	14	things	6
cortex_Cont	49.87680515209205	128	things	03	14	things	6
cortex_Default	46.829247855365466	209	things	03	14	things	6
cortex_DorsAttn	54.817268631457935	122	things	03	14	things	6
cortex_Limbic	21.45224048548969	60	things	03	14	things	6
cortex_SalVentAttn	46.4955343650438	121	things	03	14	things	6
cortex_SomMot	48.565715723863185	194	things	03	14	things	6
cortex_Vis	44.78062071272279	162	things	03	14	things	6
subcortex_CAU	28.092601675671556	8	things	03	14	things	6
subcortex_PUT	29.032842866590393	8	things	03	14	things	6
subcortex_THA	28.110327566824683	14	things	03	14	things	6
cerebellum	37.83890398587526	88	things	03	15	things	1
cortex_Cont	50.11310517646554	128	things	03	15	things	1
cortex_Default	47.74845862455706	209	things	03	15	things	1
cortex_DorsAttn	54.99066415456299	122	things	03	15	things	1
cortex_Limbic	21.774490367162187	60	things	03	15	things	1
cortex_SalVentAttn	46.80865131526329	121	things	03	15	things	1
cortex_SomMot	49.31618786180152	194	things	03	15	things	1
cortex_Vis	47.78255286696047	162	things	03	15	things	1
subcortex_CAU	27.20452271120663	8	things	03	15	things	1
subcortex_PUT	28.911472814294484	8	things	03	15	things	1
subcortex_THA	29.122950211923953	14	things	03	15	things	1
cerebellum	37.60872351996455	88	things	03	15	things	2
cortex_Cont	48.34576447221943	128	things	03	15	things	2
cortex_Default	46.57867354910684	209	things	03	15	things	2
cortex_DorsAttn	54.63648031804826	122	things	03	15	things	2
cortex_Limbic	20.7820101400977	60	things	03	15	things	2
cortex_SalVentAttn	47.34686184618155	121	things	03	15	things	2
cortex_SomMot	49.52656192813116	194	things	03	15	things	2
cortex_Vis	46.158647048924756	162	things	03	15	things	2
subcortex_CAU	27.17207251532398	8	things	03	15	things	2
subcortex_PUT	29.090621801828938	8	things	03	15	things	2
subcortex_THA	29.10667400881237	14	things	03	15	things	2
cerebellum	38.653442185720344	88	things	03	15	things	3
cortex_Cont	51.53327096620305	128	things	03	15	things	3
cortex_Default	49.24711897914195	209	things	03	15	things	3
cortex_DorsAttn	57.2689581327059	122	things	03	15	things	3
cortex_Limbic	21.919857437100617	60	things	03	15	things	3
cortex_SalVentAttn	48.29978514105312	121	things	03	15	things	3
cortex_SomMot	50.602277695844556	194	things	03	15	things	3
cortex_Vis	48.00619198624349	162	things	03	15	things	3
subcortex_CAU	27.213039678935097	8	things	03	15	things	3
subcortex_PUT	28.76884050040779	8	things	03	15	things	3
subcortex_THA	28.97642214117344	14	things	03	15	things	3
cerebellum	37.563250659438644	88	things	03	15	things	4
cortex_Cont	49.071214803617714	128	things	03	15	things	4
cortex_Default	47.04018538270284	209	things	03	15	things	4
cortex_DorsAttn	53.777637170638485	122	things	03	15	things	4
cortex_Limbic	21.909215748862923	60	things	03	15	things	4
cortex_SalVentAttn	46.28463781057506	121	things	03	15	things	4
cortex_SomMot	47.46122459346354	194	things	03	15	things	4
cortex_Vis	45.92240336105342	162	things	03	15	things	4
subcortex_CAU	27.0289355712666	8	things	03	15	things	4
subcortex_PUT	28.504740063891955	8	things	03	15	things	4
subcortex_THA	28.87733214987397	14	things	03	15	things	4
cerebellum	38.365340337056985	88	things	03	15	things	5
cortex_Cont	49.927576161101534	128	things	03	15	things	5
cortex_Default	47.653653141904705	209	things	03	15	things	5
cortex_DorsAttn	55.38440597598863	122	things	03	15	things	5
cortex_Limbic	21.909858012436057	60	things	03	15	things	5
cortex_SalVentAttn	48.007078257955435	121	things	03	15	things	5
cortex_SomMot	50.12926204254727	194	things	03	15	things	5
cortex_Vis	46.06527192668641	162	things	03	15	things	5
subcortex_CAU	27.0641121204292	8	things	03	15	things	5
subcortex_PUT	28.961078755989817	8	things	03	15	things	5
subcortex_THA	29.15908217213294	14	things	03	15	things	5
cerebellum	36.81016008223029	88	things	03	15	things	6
cortex_Cont	48.038639401074335	128	things	03	15	things	6
cortex_Default	46.661462702026384	209	things	03	15	things	6
cortex_DorsAttn	52.38070510684654	122	things	03	15	things	6
cortex_Limbic	21.08265446136422	60	things	03	15	things	6
cortex_SalVentAttn	45.97712485273748	121	things	03	15	things	6
cortex_SomMot	47.44729382462787	194	things	03	15	things	6
cortex_Vis	44.58394476846587	162	things	03	15	things	6
subcortex_CAU	26.964679575917508	8	things	03	15	things	6
subcortex_PUT	28.604630963989678	8	things	03	15	things	6
subcortex_THA	28.89699761773061	14	things	03	15	things	6
cerebellum	36.88450689800848	88	things	03	16	things	1
cortex_Cont	47.9889263658641	128	things	03	16	things	1
cortex_Default	45.26656100488071	209	things	03	16	things	1
cortex_DorsAttn	53.072777755999844	122	things	03	16	things	1
cortex_Limbic	20.362591786137738	60	things	03	16	things	1
cortex_SalVentAttn	45.19250704659975	121	things	03	16	things	1
cortex_SomMot	47.271743423260894	194	things	03	16	things	1
cortex_Vis	44.65135332228014	162	things	03	16	things	1
subcortex_CAU	27.78235334704879	8	things	03	16	things	1
subcortex_PUT	29.174644539295407	8	things	03	16	things	1
subcortex_THA	28.66791152653705	14	things	03	16	things	1
cerebellum	39.29188035694438	88	things	03	16	things	2
cortex_Cont	52.35629900162178	128	things	03	16	things	2
cortex_Default	49.431698880191874	209	things	03	16	things	2
cortex_DorsAttn	56.69913839547769	122	things	03	16	things	2
cortex_Limbic	23.560102711417123	60	things	03	16	things	2
cortex_SalVentAttn	48.416836893527986	121	things	03	16	things	2
cortex_SomMot	51.37949983126002	194	things	03	16	things	2
cortex_Vis	47.03564019010766	162	things	03	16	things	2
subcortex_CAU	28.59043357705781	8	things	03	16	things	2
subcortex_PUT	29.587905778547427	8	things	03	16	things	2
subcortex_THA	28.943480679384816	14	things	03	16	things	2
cerebellum	36.11643660940379	88	things	03	16	things	3
cortex_Cont	48.37984036516595	128	things	03	16	things	3
cortex_Default	46.3689586253878	209	things	03	16	things	3
cortex_DorsAttn	52.17887899390215	122	things	03	16	things	3
cortex_Limbic	22.182273363565702	60	things	03	16	things	3
cortex_SalVentAttn	46.694257990037585	121	things	03	16	things	3
cortex_SomMot	47.54509671790776	194	things	03	16	things	3
cortex_Vis	43.29552166796163	162	things	03	16	things	3
subcortex_CAU	28.915434564671852	8	things	03	16	things	3
subcortex_PUT	29.71657696651712	8	things	03	16	things	3
subcortex_THA	28.85382874391461	14	things	03	16	things	3
cerebellum	35.95732154666971	88	things	03	16	things	4
cortex_Cont	47.52783781664092	128	things	03	16	things	4
cortex_Default	45.310712170390964	209	things	03	16	things	4
cortex_DorsAttn	52.104677177442106	122	things	03	16	things	4
cortex_Limbic	21.372964362898482	60	things	03	16	things	4
cortex_SalVentAttn	46.47212520740568	121	things	03	16	things	4
cortex_SomMot	47.80470571370108	194	things	03	16	things	4
cortex_Vis	42.89527209758621	162	things	03	16	things	4
subcortex_CAU	27.927789571882286	8	things	03	16	things	4
subcortex_PUT	28.950420605199135	8	things	03	16	things	4
subcortex_THA	28.60610219390976	14	things	03	16	things	4
cerebellum	34.96098459236245	88	things	03	16	things	5
cortex_Cont	46.35327507842692	128	things	03	16	things	5
cortex_Default	44.04415203028506	209	things	03	16	things	5
cortex_DorsAttn	49.60284543594815	122	things	03	16	things	5
cortex_Limbic	20.746428592995922	60	things	03	16	things	5
cortex_SalVentAttn	44.283476168048985	121	things	03	16	things	5
cortex_SomMot	44.19482469856404	194	things	03	16	things	5
cortex_Vis	41.63027842772936	162	things	03	16	things	5
subcortex_CAU	27.923953794450604	8	things	03	16	things	5
subcortex_PUT	29.21123073213602	8	things	03	16	things	5
subcortex_THA	28.52824396932861	14	things	03	16	things	5
cerebellum	36.081344327509505	88	things	03	16	things	6
cortex_Cont	48.91936563559974	128	things	03	16	things	6
cortex_Default	46.56503848954094	209	things	03	16	things	6
cortex_DorsAttn	52.16459912248875	122	things	03	16	things	6
cortex_Limbic	22.73567180757377	60	things	03	16	things	6
cortex_SalVentAttn	45.96670658081979	121	things	03	16	things	6
cortex_SomMot	46.7441188096408	194	things	03	16	things	6
cortex_Vis	43.062471301272765	162	things	03	16	things	6
subcortex_CAU	28.52761704612582	8	things	03	16	things	6
subcortex_PUT	29.092759552233726	8	things	03	16	things	6
subcortex_THA	28.48726971598295	14	things	03	16	things	6
cerebellum	34.9111823878078	88	things	03	17	things	1
cortex_Cont	46.56033992717754	128	things	03	17	things	1
cortex_Default	44.81263226834432	209	things	03	17	things	1
cortex_DorsAttn	49.66277478781473	122	things	03	17	things	1
cortex_Limbic	21.001401819300305	60	things	03	17	things	1
cortex_SalVentAttn	44.89094940729103	121	things	03	17	things	1
cortex_SomMot	45.89325509042176	194	things	03	17	things	1
cortex_Vis	42.26894183484612	162	things	03	17	things	1
subcortex_CAU	27.301306885980644	8	things	03	17	things	1
subcortex_PUT	29.023114804558563	8	things	03	17	things	1
subcortex_THA	28.363409249049507	14	things	03	17	things	1
cerebellum	39.147365112147504	88	things	03	17	things	2
cortex_Cont	49.68462856037453	128	things	03	17	things	2
cortex_Default	46.51653160813975	209	things	03	17	things	2
cortex_DorsAttn	55.11950745122418	122	things	03	17	things	2
cortex_Limbic	22.275237235766436	60	things	03	17	things	2
cortex_SalVentAttn	47.55768014873921	121	things	03	17	things	2
cortex_SomMot	50.02421852886361	194	things	03	17	things	2
cortex_Vis	47.05331194059541	162	things	03	17	things	2
subcortex_CAU	27.803366612145723	8	things	03	17	things	2
subcortex_PUT	29.51904309951934	8	things	03	17	things	2
subcortex_THA	28.800324772114013	14	things	03	17	things	2
cerebellum	39.16067042326859	88	things	03	17	things	3
cortex_Cont	50.20717456791143	128	things	03	17	things	3
cortex_Default	47.77611159064806	209	things	03	17	things	3
cortex_DorsAttn	54.805942289124665	122	things	03	17	things	3
cortex_Limbic	22.237852528078182	60	things	03	17	things	3
cortex_SalVentAttn	47.20157921708931	121	things	03	17	things	3
cortex_SomMot	49.64797069116973	194	things	03	17	things	3
cortex_Vis	46.60977488010511	162	things	03	17	things	3
subcortex_CAU	28.11245874802896	8	things	03	17	things	3
subcortex_PUT	29.504800978867227	8	things	03	17	things	3
subcortex_THA	28.948030028035753	14	things	03	17	things	3
cerebellum	39.72157362043241	88	things	03	17	things	4
cortex_Cont	51.67680641378122	128	things	03	17	things	4
cortex_Default	48.61347475135594	209	things	03	17	things	4
cortex_DorsAttn	57.374817750679455	122	things	03	17	things	4
cortex_Limbic	22.74157884577005	60	things	03	17	things	4
cortex_SalVentAttn	48.48709243944687	121	things	03	17	things	4
cortex_SomMot	52.140847030353385	194	things	03	17	things	4
cortex_Vis	48.31914458582741	162	things	03	17	things	4
subcortex_CAU	27.839035302203403	8	things	03	17	things	4
subcortex_PUT	29.411702757492023	8	things	03	17	things	4
subcortex_THA	28.875716283751387	14	things	03	17	things	4
cerebellum	39.06084477716099	88	things	03	17	things	5
cortex_Cont	49.71139823586787	128	things	03	17	things	5
cortex_Default	46.828965148546516	209	things	03	17	things	5
cortex_DorsAttn	54.81291862781049	122	things	03	17	things	5
cortex_Limbic	21.986807670410315	60	things	03	17	things	5
cortex_SalVentAttn	46.82815661186186	121	things	03	17	things	5
cortex_SomMot	48.15161790928285	194	things	03	17	things	5
cortex_Vis	47.078004711375854	162	things	03	17	things	5
subcortex_CAU	27.727699258062977	8	things	03	17	things	5
subcortex_PUT	29.514002957093684	8	things	03	17	things	5
subcortex_THA	28.505401500981463	14	things	03	17	things	5
cerebellum	37.767793077813856	88	things	03	17	things	6
cortex_Cont	47.56041867818313	128	things	03	17	things	6
cortex_Default	45.30360847280198	209	things	03	17	things	6
cortex_DorsAttn	51.997788592598674	122	things	03	17	things	6
cortex_Limbic	21.812302351623764	60	things	03	17	things	6
cortex_SalVentAttn	45.477741359986126	121	things	03	17	things	6
cortex_SomMot	46.025769704869255	194	things	03	17	things	6
cortex_Vis	43.93961179936878	162	things	03	17	things	6
subcortex_CAU	27.757782051864048	8	things	03	17	things	6
subcortex_PUT	29.23702692460102	8	things	03	17	things	6
subcortex_THA	28.485716851224286	14	things	03	17	things	6
cerebellum	38.68030806467218	88	things	03	18	things	1
cortex_Cont	52.33799031104754	128	things	03	18	things	1
cortex_Default	49.15196246639857	209	things	03	18	things	1
cortex_DorsAttn	58.28988009295865	122	things	03	18	things	1
cortex_Limbic	22.21979030065571	60	things	03	18	things	1
cortex_SalVentAttn	48.61018219298349	121	things	03	18	things	1
cortex_SomMot	52.105453369020886	194	things	03	18	things	1
cortex_Vis	48.76858665955284	162	things	03	18	things	1
subcortex_CAU	27.379503815138754	8	things	03	18	things	1
subcortex_PUT	29.325577632060682	8	things	03	18	things	1
subcortex_THA	28.72868424201649	14	things	03	18	things	1
cerebellum	39.39519142777845	88	things	03	18	things	2
cortex_Cont	53.76243791175208	128	things	03	18	things	2
cortex_Default	50.228218211180014	209	things	03	18	things	2
cortex_DorsAttn	59.33843015574034	122	things	03	18	things	2
cortex_Limbic	22.54479412821255	60	things	03	18	things	2
cortex_SalVentAttn	49.145885098130854	121	things	03	18	things	2
cortex_SomMot	52.967185406408184	194	things	03	18	things	2
cortex_Vis	49.573877827879	162	things	03	18	things	2
subcortex_CAU	28.719545932648046	8	things	03	18	things	2
subcortex_PUT	30.14255330408749	8	things	03	18	things	2
subcortex_THA	28.981676486236697	14	things	03	18	things	2
cerebellum	38.609204268652825	88	things	03	18	things	3
cortex_Cont	51.90911010543221	128	things	03	18	things	3
cortex_Default	49.17048783186954	209	things	03	18	things	3
cortex_DorsAttn	58.07673941814098	122	things	03	18	things	3
cortex_Limbic	21.55788809591369	60	things	03	18	things	3
cortex_SalVentAttn	48.36426778277945	121	things	03	18	things	3
cortex_SomMot	51.32118734068227	194	things	03	18	things	3
cortex_Vis	48.733712850417184	162	things	03	18	things	3
subcortex_CAU	27.578205085232096	8	things	03	18	things	3
subcortex_PUT	29.223415631383173	8	things	03	18	things	3
subcortex_THA	28.653902489081275	14	things	03	18	things	3
cerebellum	38.154451472986565	88	things	03	18	things	4
cortex_Cont	49.88470052574958	128	things	03	18	things	4
cortex_Default	46.50320669005411	209	things	03	18	things	4
cortex_DorsAttn	55.952476270255644	122	things	03	18	things	4
cortex_Limbic	21.010115054173095	60	things	03	18	things	4
cortex_SalVentAttn	46.903971964610065	121	things	03	18	things	4
cortex_SomMot	48.74909105304459	194	things	03	18	things	4
cortex_Vis	46.93885712393476	162	things	03	18	things	4
subcortex_CAU	27.446599919734247	8	things	03	18	things	4
subcortex_PUT	28.927455796666905	8	things	03	18	things	4
subcortex_THA	28.604824929578264	14	things	03	18	things	4
cerebellum	35.70651270779707	88	things	03	18	things	5
cortex_Cont	46.71723218636281	128	things	03	18	things	5
cortex_Default	44.39226379897594	209	things	03	18	things	5
cortex_DorsAttn	51.084773512734046	122	things	03	18	things	5
cortex_Limbic	20.089418799554917	60	things	03	18	things	5
cortex_SalVentAttn	45.04924486118543	121	things	03	18	things	5
cortex_SomMot	45.39460369318392	194	things	03	18	things	5
cortex_Vis	42.968367650223804	162	things	03	18	things	5
subcortex_CAU	27.065128627690594	8	things	03	18	things	5
subcortex_PUT	28.528931395944063	8	things	03	18	things	5
subcortex_THA	28.30126286671923	14	things	03	18	things	5
cerebellum	34.83315939886782	88	things	03	18	things	6
cortex_Cont	47.1070870068194	128	things	03	18	things	6
cortex_Default	44.882915659577264	209	things	03	18	things	6
cortex_DorsAttn	49.797942443099025	122	things	03	18	things	6
cortex_Limbic	21.06498372489099	60	things	03	18	things	6
cortex_SalVentAttn	45.10069506134167	121	things	03	18	things	6
cortex_SomMot	45.49188215814011	194	things	03	18	things	6
cortex_Vis	42.076421837064345	162	things	03	18	things	6
subcortex_CAU	27.256520482790613	8	things	03	18	things	6
subcortex_PUT	29.06196229106609	8	things	03	18	things	6
subcortex_THA	28.406928598958075	14	things	03	18	things	6
cerebellum	38.89783851497688	88	things	03	19	things	1
cortex_Cont	48.45712476761689	128	things	03	19	things	1
cortex_Default	46.665816342738175	209	things	03	19	things	1
cortex_DorsAttn	55.04622729058628	122	things	03	19	things	1
cortex_Limbic	21.26622599438632	60	things	03	19	things	1
cortex_SalVentAttn	47.38984858925194	121	things	03	19	things	1
cortex_SomMot	49.86308110664918	194	things	03	19	things	1
cortex_Vis	45.74562343562866	162	things	03	19	things	1
subcortex_CAU	28.66448590780363	8	things	03	19	things	1
subcortex_PUT	29.84396689068741	8	things	03	19	things	1
subcortex_THA	29.32162862510996	14	things	03	19	things	1
cerebellum	37.97188617964375	88	things	03	19	things	2
cortex_Cont	48.34493473604982	128	things	03	19	things	2
cortex_Default	46.698858078516274	209	things	03	19	things	2
cortex_DorsAttn	53.00716264050318	122	things	03	19	things	2
cortex_Limbic	21.568738539657325	60	things	03	19	things	2
cortex_SalVentAttn	46.88807939704992	121	things	03	19	things	2
cortex_SomMot	48.168140362483655	194	things	03	19	things	2
cortex_Vis	44.192126247244275	162	things	03	19	things	2
subcortex_CAU	28.714920337924813	8	things	03	19	things	2
subcortex_PUT	29.907204328486234	8	things	03	19	things	2
subcortex_THA	29.133858340626695	14	things	03	19	things	2
cerebellum	38.0703611697631	88	things	03	19	things	3
cortex_Cont	48.46379042261515	128	things	03	19	things	3
cortex_Default	45.86446121422025	209	things	03	19	things	3
cortex_DorsAttn	53.88291054928566	122	things	03	19	things	3
cortex_Limbic	21.636486225169453	60	things	03	19	things	3
cortex_SalVentAttn	46.780284499853	121	things	03	19	things	3
cortex_SomMot	48.057891736856746	194	things	03	19	things	3
cortex_Vis	45.0304797366747	162	things	03	19	things	3
subcortex_CAU	28.557547723721125	8	things	03	19	things	3
subcortex_PUT	29.297127067970152	8	things	03	19	things	3
subcortex_THA	29.13253537844061	14	things	03	19	things	3
cerebellum	38.27155410152748	88	things	03	19	things	4
cortex_Cont	50.16076016239532	128	things	03	19	things	4
cortex_Default	47.114196091966825	209	things	03	19	things	4
cortex_DorsAttn	54.95557397621214	122	things	03	19	things	4
cortex_Limbic	21.96036902083754	60	things	03	19	things	4
cortex_SalVentAttn	47.03414274315765	121	things	03	19	things	4
cortex_SomMot	48.60212762114372	194	things	03	19	things	4
cortex_Vis	45.363872392895686	162	things	03	19	things	4
subcortex_CAU	28.736345385183164	8	things	03	19	things	4
subcortex_PUT	29.48363262691426	8	things	03	19	things	4
subcortex_THA	28.789428948153613	14	things	03	19	things	4
cerebellum	38.06247114791921	88	things	03	19	things	5
cortex_Cont	50.85489233558123	128	things	03	19	things	5
cortex_Default	47.2470461300231	209	things	03	19	things	5
cortex_DorsAttn	55.04601395974477	122	things	03	19	things	5
cortex_Limbic	22.416897682301965	60	things	03	19	things	5
cortex_SalVentAttn	47.24987319889946	121	things	03	19	things	5
cortex_SomMot	48.571187071292734	194	things	03	19	things	5
cortex_Vis	45.63017771664826	162	things	03	19	things	5
subcortex_CAU	28.521605003278808	8	things	03	19	things	5
subcortex_PUT	29.012225544132463	8	things	03	19	things	5
subcortex_THA	28.782469102175842	14	things	03	19	things	5
cerebellum	39.84191819221242	88	things	03	19	things	6
cortex_Cont	53.03545025527291	128	things	03	19	things	6
cortex_Default	49.604509450863	209	things	03	19	things	6
cortex_DorsAttn	58.08988085576539	122	things	03	19	things	6
cortex_Limbic	22.645617051276364	60	things	03	19	things	6
cortex_SalVentAttn	49.13462345344516	121	things	03	19	things	6
cortex_SomMot	51.98858311535546	194	things	03	19	things	6
cortex_Vis	47.57655571464325	162	things	03	19	things	6
subcortex_CAU	29.642420455217213	8	things	03	19	things	6
subcortex_PUT	30.288191584419863	8	things	03	19	things	6
subcortex_THA	29.348938316098277	14	things	03	19	things	6
cerebellum	37.590809425077765	88	things	03	20	things	1
cortex_Cont	47.754978169010876	128	things	03	20	things	1
cortex_Default	46.11760488119274	209	things	03	20	things	1
cortex_DorsAttn	51.427894728703535	122	things	03	20	things	1
cortex_Limbic	20.718091825952055	60	things	03	20	things	1
cortex_SalVentAttn	45.53124577565647	121	things	03	20	things	1
cortex_SomMot	47.19394643211027	194	things	03	20	things	1
cortex_Vis	45.65003401869044	162	things	03	20	things	1
subcortex_CAU	27.768801867968506	8	things	03	20	things	1
subcortex_PUT	29.224311751958403	8	things	03	20	things	1
subcortex_THA	28.75782244336735	14	things	03	20	things	1
cerebellum	36.90238363113695	88	things	03	20	things	2
cortex_Cont	46.93559952932469	128	things	03	20	things	2
cortex_Default	45.170711669049346	209	things	03	20	things	2
cortex_DorsAttn	50.45679478083215	122	things	03	20	things	2
cortex_Limbic	21.064317428262882	60	things	03	20	things	2
cortex_SalVentAttn	44.49217942975152	121	things	03	20	things	2
cortex_SomMot	45.06745167508575	194	things	03	20	things	2
cortex_Vis	44.92934719373236	162	things	03	20	things	2
subcortex_CAU	27.43339856560761	8	things	03	20	things	2
subcortex_PUT	28.589507714058847	8	things	03	20	things	2
subcortex_THA	28.757305300631693	14	things	03	20	things	2
cerebellum	33.6198952133636	88	things	03	20	things	3
cortex_Cont	43.73345975081118	128	things	03	20	things	3
cortex_Default	42.41700297458009	209	things	03	20	things	3
cortex_DorsAttn	46.426528147943365	122	things	03	20	things	3
cortex_Limbic	20.68525809764088	60	things	03	20	things	3
cortex_SalVentAttn	42.314671454411354	121	things	03	20	things	3
cortex_SomMot	41.77340727634514	194	things	03	20	things	3
cortex_Vis	39.981303341397144	162	things	03	20	things	3
subcortex_CAU	26.77369752815593	8	things	03	20	things	3
subcortex_PUT	28.441351001239177	8	things	03	20	things	3
subcortex_THA	28.079681122119638	14	things	03	20	things	3
cerebellum	35.75821830466732	88	things	03	20	things	4
cortex_Cont	45.92182226039417	128	things	03	20	things	4
cortex_Default	44.22000013148034	209	things	03	20	things	4
cortex_DorsAttn	49.373942525962846	122	things	03	20	things	4
cortex_Limbic	21.433964149509126	60	things	03	20	things	4
cortex_SalVentAttn	44.28584427430226	121	things	03	20	things	4
cortex_SomMot	44.47707851775857	194	things	03	20	things	4
cortex_Vis	43.07157501124555	162	things	03	20	things	4
subcortex_CAU	27.46736376731792	8	things	03	20	things	4
subcortex_PUT	28.606942628120663	8	things	03	20	things	4
subcortex_THA	28.72914202635301	14	things	03	20	things	4
cerebellum	33.18765655504219	88	things	03	20	things	5
cortex_Cont	44.72703424981525	128	things	03	20	things	5
cortex_Default	43.17189930807775	209	things	03	20	things	5
cortex_DorsAttn	46.90287159352773	122	things	03	20	things	5
cortex_Limbic	20.603091112323533	60	things	03	20	things	5
cortex_SalVentAttn	43.71178743571496	121	things	03	20	things	5
cortex_SomMot	43.6765815445411	194	things	03	20	things	5
cortex_Vis	38.87434009487265	162	things	03	20	things	5
subcortex_CAU	27.051187219653507	8	things	03	20	things	5
subcortex_PUT	28.064866638262544	8	things	03	20	things	5
subcortex_THA	27.92857780040519	14	things	03	20	things	5
cerebellum	38.299031971774006	88	things	03	20	things	6
cortex_Cont	47.731953624219585	128	things	03	20	things	6
cortex_Default	45.4483912676007	209	things	03	20	things	6
cortex_DorsAttn	53.28767217773159	122	things	03	20	things	6
cortex_Limbic	20.622722458069937	60	things	03	20	things	6
cortex_SalVentAttn	45.84827404473381	121	things	03	20	things	6
cortex_SomMot	47.34211817810527	194	things	03	20	things	6
cortex_Vis	45.48116815069705	162	things	03	20	things	6
subcortex_CAU	27.137521161919334	8	things	03	20	things	6
subcortex_PUT	29.05281255490486	8	things	03	20	things	6
subcortex_THA	28.538138470643684	14	things	03	20	things	6
cerebellum	38.240862615917656	88	things	03	21	things	1
cortex_Cont	50.68451352062337	128	things	03	21	things	1
cortex_Default	48.59224179315059	209	things	03	21	things	1
cortex_DorsAttn	55.03235644418566	122	things	03	21	things	1
cortex_Limbic	22.67319189310392	60	things	03	21	things	1
cortex_SalVentAttn	48.605132069655404	121	things	03	21	things	1
cortex_SomMot	51.203957617801926	194	things	03	21	things	1
cortex_Vis	46.01847902562726	162	things	03	21	things	1
subcortex_CAU	28.683021721717118	8	things	03	21	things	1
subcortex_PUT	29.562280484757824	8	things	03	21	things	1
subcortex_THA	29.140238567719898	14	things	03	21	things	1
cerebellum	38.10549719888925	88	things	03	21	things	2
cortex_Cont	50.06956223560906	128	things	03	21	things	2
cortex_Default	46.76960775631059	209	things	03	21	things	2
cortex_DorsAttn	55.196085136844005	122	things	03	21	things	2
cortex_Limbic	22.130270833016603	60	things	03	21	things	2
cortex_SalVentAttn	47.68695848232924	121	things	03	21	things	2
cortex_SomMot	50.11888018909045	194	things	03	21	things	2
cortex_Vis	46.370470571649	162	things	03	21	things	2
subcortex_CAU	29.088520437186695	8	things	03	21	things	2
subcortex_PUT	29.78394409871616	8	things	03	21	things	2
subcortex_THA	28.855079436952053	14	things	03	21	things	2
cerebellum	39.19499163945279	88	things	03	21	things	3
cortex_Cont	51.60635553901567	128	things	03	21	things	3
cortex_Default	48.4479064233857	209	things	03	21	things	3
cortex_DorsAttn	56.285476905928505	122	things	03	21	things	3
cortex_Limbic	22.43508818575166	60	things	03	21	things	3
cortex_SalVentAttn	48.139688150715976	121	things	03	21	things	3
cortex_SomMot	50.98393028742661	194	things	03	21	things	3
cortex_Vis	47.4539334837427	162	things	03	21	things	3
subcortex_CAU	28.193267702086498	8	things	03	21	things	3
subcortex_PUT	29.288412258672654	8	things	03	21	things	3
subcortex_THA	28.880051267082994	14	things	03	21	things	3
cerebellum	35.58226155395128	88	things	03	21	things	4
cortex_Cont	44.512219114726605	128	things	03	21	things	4
cortex_Default	42.63054952924773	209	things	03	21	things	4
cortex_DorsAttn	49.4399911817979	122	things	03	21	things	4
cortex_Limbic	20.03477004891947	60	things	03	21	things	4
cortex_SalVentAttn	44.78225976160874	121	things	03	21	things	4
cortex_SomMot	45.53244974939843	194	things	03	21	things	4
cortex_Vis	42.013124497175085	162	things	03	21	things	4
subcortex_CAU	27.595477378189873	8	things	03	21	things	4
subcortex_PUT	28.92683106925729	8	things	03	21	things	4
subcortex_THA	28.703692189224295	14	things	03	21	things	4
cerebellum	39.455701186470236	88	things	03	21	things	5
cortex_Cont	50.983301808454826	128	things	03	21	things	5
cortex_Default	47.731839804069864	209	things	03	21	things	5
cortex_DorsAttn	56.973561580353554	122	things	03	21	things	5
cortex_Limbic	22.392751788763363	60	things	03	21	things	5
cortex_SalVentAttn	48.54303305333264	121	things	03	21	things	5
cortex_SomMot	51.291382892506114	194	things	03	21	things	5
cortex_Vis	48.050795274766145	162	things	03	21	things	5
subcortex_CAU	27.967355934631385	8	things	03	21	things	5
subcortex_PUT	29.36792967563104	8	things	03	21	things	5
subcortex_THA	28.968945217768788	14	things	03	21	things	5
cerebellum	38.9545405147945	88	things	03	21	things	6
cortex_Cont	50.709578520574	128	things	03	21	things	6
cortex_Default	48.19286988344607	209	things	03	21	things	6
cortex_DorsAttn	55.43531927431182	122	things	03	21	things	6
cortex_Limbic	22.451298861424686	60	things	03	21	things	6
cortex_SalVentAttn	47.382140996443404	121	things	03	21	things	6
cortex_SomMot	49.71283371277296	194	things	03	21	things	6
cortex_Vis	47.29613821775625	162	things	03	21	things	6
subcortex_CAU	27.94277108454321	8	things	03	21	things	6
subcortex_PUT	29.20113734454931	8	things	03	21	things	6
subcortex_THA	28.9884671393715	14	things	03	21	things	6
cerebellum	38.070571479877444	88	things	03	22	things	1
cortex_Cont	48.822954162859034	128	things	03	22	things	1
cortex_Default	46.79101102837419	209	things	03	22	things	1
cortex_DorsAttn	54.06398193546575	122	things	03	22	things	1
cortex_Limbic	21.976004012220276	60	things	03	22	things	1
cortex_SalVentAttn	46.98504497426803	121	things	03	22	things	1
cortex_SomMot	48.61144510200269	194	things	03	22	things	1
cortex_Vis	45.430437452723375	162	things	03	22	things	1
subcortex_CAU	27.961179886652552	8	things	03	22	things	1
subcortex_PUT	29.63668564172477	8	things	03	22	things	1
subcortex_THA	28.909237820048084	14	things	03	22	things	1
cerebellum	35.02280688252245	88	things	03	22	things	2
cortex_Cont	43.91984211254935	128	things	03	22	things	2
cortex_Default	42.89603270742781	209	things	03	22	things	2
cortex_DorsAttn	49.00433271463631	122	things	03	22	things	2
cortex_Limbic	19.756023615735916	60	things	03	22	things	2
cortex_SalVentAttn	44.060824893412075	121	things	03	22	things	2
cortex_SomMot	45.13806244955168	194	things	03	22	things	2
cortex_Vis	41.318102093975874	162	things	03	22	things	2
subcortex_CAU	27.744263246132164	8	things	03	22	things	2
subcortex_PUT	28.763812590063772	8	things	03	22	things	2
subcortex_THA	28.494722875449433	14	things	03	22	things	2
cerebellum	37.75566372544727	88	things	03	22	things	3
cortex_Cont	48.97747550581286	128	things	03	22	things	3
cortex_Default	46.801420107651936	209	things	03	22	things	3
cortex_DorsAttn	53.11318460148886	122	things	03	22	things	3
cortex_Limbic	22.471227673186696	60	things	03	22	things	3
cortex_SalVentAttn	46.34601268256645	121	things	03	22	things	3
cortex_SomMot	47.842249124739865	194	things	03	22	things	3
cortex_Vis	44.77486392399803	162	things	03	22	things	3
subcortex_CAU	28.7190987174611	8	things	03	22	things	3
subcortex_PUT	29.264210978978426	8	things	03	22	things	3
subcortex_THA	28.66880106527922	14	things	03	22	things	3
cerebellum	38.770658468688815	88	things	03	22	things	4
cortex_Cont	48.799219098782224	128	things	03	22	things	4
cortex_Default	46.41568543006811	209	things	03	22	things	4
cortex_DorsAttn	54.19871422472512	122	things	03	22	things	4
cortex_Limbic	20.731242422180625	60	things	03	22	things	4
cortex_SalVentAttn	45.878131308207244	121	things	03	22	things	4
cortex_SomMot	47.855490173022154	194	things	03	22	things	4
cortex_Vis	45.910166535265965	162	things	03	22	things	4
subcortex_CAU	28.390559088227096	8	things	03	22	things	4
subcortex_PUT	29.086776478091757	8	things	03	22	things	4
subcortex_THA	28.85982542358152	14	things	03	22	things	4
cerebellum	38.817377571108445	88	things	03	22	things	5
cortex_Cont	49.69192349590938	128	things	03	22	things	5
cortex_Default	47.346190261680825	209	things	03	22	things	5
cortex_DorsAttn	54.4040243278176	122	things	03	22	things	5
cortex_Limbic	22.99582361639504	60	things	03	22	things	5
cortex_SalVentAttn	46.22999874547151	121	things	03	22	things	5
cortex_SomMot	47.61695368434706	194	things	03	22	things	5
cortex_Vis	46.53963330445772	162	things	03	22	things	5
subcortex_CAU	28.553319255778757	8	things	03	22	things	5
subcortex_PUT	29.193488250025673	8	things	03	22	things	5
subcortex_THA	28.832544293411967	14	things	03	22	things	5
cerebellum	39.00214938911143	88	things	03	22	things	6
cortex_Cont	51.01824746014393	128	things	03	22	things	6
cortex_Default	47.525668110456756	209	things	03	22	things	6
cortex_DorsAttn	54.86897710958437	122	things	03	22	things	6
cortex_Limbic	23.083751854089424	60	things	03	22	things	6
cortex_SalVentAttn	46.953604011487535	121	things	03	22	things	6
cortex_SomMot	48.316585865764004	194	things	03	22	things	6
cortex_Vis	44.908954194622126	162	things	03	22	things	6
subcortex_CAU	28.372174525474513	8	things	03	22	things	6
subcortex_PUT	29.090932655974438	8	things	03	22	things	6
subcortex_THA	28.927425942862406	14	things	03	22	things	6
cerebellum	38.64297844499144	88	things	03	23	things	1
cortex_Cont	51.0819397011331	128	things	03	23	things	1
cortex_Default	48.253956033422114	209	things	03	23	things	1
cortex_DorsAttn	58.18456430988726	122	things	03	23	things	1
cortex_Limbic	21.618885773681466	60	things	03	23	things	1
cortex_SalVentAttn	48.10623000783625	121	things	03	23	things	1
cortex_SomMot	51.69212787447445	194	things	03	23	things	1
cortex_Vis	47.76779526508165	162	things	03	23	things	1
subcortex_CAU	27.78707473047142	8	things	03	23	things	1
subcortex_PUT	29.255217433066136	8	things	03	23	things	1
subcortex_THA	28.60834602265962	14	things	03	23	things	1
cerebellum	38.39480916474765	88	things	03	23	things	2
cortex_Cont	50.794398467650986	128	things	03	23	things	2
cortex_Default	47.530967463262435	209	things	03	23	things	2
cortex_DorsAttn	55.75685343057014	122	things	03	23	things	2
cortex_Limbic	22.74721389300379	60	things	03	23	things	2
cortex_SalVentAttn	47.1169605966165	121	things	03	23	things	2
cortex_SomMot	48.798466358993444	194	things	03	23	things	2
cortex_Vis	46.92604726236488	162	things	03	23	things	2
subcortex_CAU	28.198835355206718	8	things	03	23	things	2
subcortex_PUT	28.977112205706113	8	things	03	23	things	2
subcortex_THA	28.40733586970303	14	things	03	23	things	2
cerebellum	37.337924266054166	88	things	03	23	things	3
cortex_Cont	50.06768532842606	128	things	03	23	things	3
cortex_Default	47.623292898296754	209	things	03	23	things	3
cortex_DorsAttn	53.43848048113832	122	things	03	23	things	3
cortex_Limbic	21.99640306034835	60	things	03	23	things	3
cortex_SalVentAttn	46.269521540592024	121	things	03	23	things	3
cortex_SomMot	47.369807635447174	194	things	03	23	things	3
cortex_Vis	44.641820404008094	162	things	03	23	things	3
subcortex_CAU	28.243717889215873	8	things	03	23	things	3
subcortex_PUT	29.330953438287125	8	things	03	23	things	3
subcortex_THA	28.372825789364548	14	things	03	23	things	3
cerebellum	38.945142942798455	88	things	03	23	things	4
cortex_Cont	51.99997482531714	128	things	03	23	things	4
cortex_Default	48.76306060233429	209	things	03	23	things	4
cortex_DorsAttn	56.7808004484824	122	things	03	23	things	4
cortex_Limbic	22.689014276033976	60	things	03	23	things	4
cortex_SalVentAttn	47.68241529735225	121	things	03	23	things	4
cortex_SomMot	49.998916604574035	194	things	03	23	things	4
cortex_Vis	46.9552479955582	162	things	03	23	things	4
subcortex_CAU	28.532997955298306	8	things	03	23	things	4
subcortex_PUT	29.055103649970675	8	things	03	23	things	4
subcortex_THA	28.344987656520225	14	things	03	23	things	4
cerebellum	39.094881682228134	88	things	03	23	things	5
cortex_Cont	53.02804361440371	128	things	03	23	things	5
cortex_Default	49.72621160673422	209	things	03	23	things	5
cortex_DorsAttn	57.72861480061439	122	things	03	23	things	5
cortex_Limbic	22.268480719120582	60	things	03	23	things	5
cortex_SalVentAttn	48.18157412623562	121	things	03	23	things	5
cortex_SomMot	51.19904554793278	194	things	03	23	things	5
cortex_Vis	47.156045134354	162	things	03	23	things	5
subcortex_CAU	28.21905521999565	8	things	03	23	things	5
subcortex_PUT	29.18004855996425	8	things	03	23	things	5
subcortex_THA	28.409865898246885	14	things	03	23	things	5
cerebellum	38.32654988759838	88	things	03	23	things	6
cortex_Cont	51.92114159128291	128	things	03	23	things	6
cortex_Default	49.53146507183837	209	things	03	23	things	6
cortex_DorsAttn	56.37291735614711	122	things	03	23	things	6
cortex_Limbic	22.965210936824818	60	things	03	23	things	6
cortex_SalVentAttn	47.74274731140672	121	things	03	23	things	6
cortex_SomMot	50.58314014336634	194	things	03	23	things	6
cortex_Vis	46.91088471637683	162	things	03	23	things	6
subcortex_CAU	28.668175147704396	8	things	03	23	things	6
subcortex_PUT	29.342618776290184	8	things	03	23	things	6
subcortex_THA	28.527374538362842	14	things	03	23	things	6
cerebellum	37.90192333344399	88	things	03	24	things	1
cortex_Cont	51.20286833076435	128	things	03	24	things	1
cortex_Default	49.06942258296306	209	things	03	24	things	1
cortex_DorsAttn	55.65084105930686	122	things	03	24	things	1
cortex_Limbic	22.13363310916575	60	things	03	24	things	1
cortex_SalVentAttn	47.876366335769745	121	things	03	24	things	1
cortex_SomMot	50.02212350055297	194	things	03	24	things	1
cortex_Vis	47.34992735097912	162	things	03	24	things	1
subcortex_CAU	27.87422092080612	8	things	03	24	things	1
subcortex_PUT	29.464326710527466	8	things	03	24	things	1
subcortex_THA	28.845137432180945	14	things	03	24	things	1
cerebellum	39.01150670300083	88	things	03	24	things	2
cortex_Cont	52.51754842457255	128	things	03	24	things	2
cortex_Default	49.26063489879794	209	things	03	24	things	2
cortex_DorsAttn	57.318969588879305	122	things	03	24	things	2
cortex_Limbic	21.971381635474348	60	things	03	24	things	2
cortex_SalVentAttn	48.35808939390527	121	things	03	24	things	2
cortex_SomMot	50.22451574354836	194	things	03	24	things	2
cortex_Vis	48.459883536038596	162	things	03	24	things	2
subcortex_CAU	27.157867440778375	8	things	03	24	things	2
subcortex_PUT	29.627797615010966	8	things	03	24	things	2
subcortex_THA	28.557867347678723	14	things	03	24	things	2
cerebellum	38.65975590483169	88	things	03	24	things	3
cortex_Cont	51.755110257371115	128	things	03	24	things	3
cortex_Default	48.72115386746977	209	things	03	24	things	3
cortex_DorsAttn	56.84790800265416	122	things	03	24	things	3
cortex_Limbic	22.322721945915195	60	things	03	24	things	3
cortex_SalVentAttn	47.75412999528571	121	things	03	24	things	3
cortex_SomMot	49.316934376422005	194	things	03	24	things	3
cortex_Vis	47.72986463699861	162	things	03	24	things	3
subcortex_CAU	28.946253101378655	8	things	03	24	things	3
subcortex_PUT	30.03252492190994	8	things	03	24	things	3
subcortex_THA	28.773285388315788	14	things	03	24	things	3
cerebellum	38.999180096172616	88	things	03	24	things	4
cortex_Cont	52.95504011999471	128	things	03	24	things	4
cortex_Default	49.544752727969154	209	things	03	24	things	4
cortex_DorsAttn	57.9358544481275	122	things	03	24	things	4
cortex_Limbic	21.732052906857696	60	things	03	24	things	4
cortex_SalVentAttn	47.98575222751592	121	things	03	24	things	4
cortex_SomMot	50.518951136241974	194	things	03	24	things	4
cortex_Vis	48.36907922246501	162	things	03	24	things	4
subcortex_CAU	27.28779390140853	8	things	03	24	things	4
subcortex_PUT	29.358924850614237	8	things	03	24	things	4
subcortex_THA	28.35820122042107	14	things	03	24	things	4
cerebellum	39.47216396174939	88	things	03	24	things	5
cortex_Cont	52.45317196754322	128	things	03	24	things	5
cortex_Default	49.38489046230685	209	things	03	24	things	5
cortex_DorsAttn	57.348182601639074	122	things	03	24	things	5
cortex_Limbic	22.328697846891412	60	things	03	24	things	5
cortex_SalVentAttn	48.16192022500002	121	things	03	24	things	5
cortex_SomMot	50.32287856355506	194	things	03	24	things	5
cortex_Vis	47.28867407016813	162	things	03	24	things	5
subcortex_CAU	27.865971923656677	8	things	03	24	things	5
subcortex_PUT	29.09576930197608	8	things	03	24	things	5
subcortex_THA	28.588815498220633	14	things	03	24	things	5
cerebellum	39.61039063249972	88	things	03	24	things	6
cortex_Cont	52.439305608478115	128	things	03	24	things	6
cortex_Default	49.437055821295715	209	things	03	24	things	6
cortex_DorsAttn	58.47647497778382	122	things	03	24	things	6
cortex_Limbic	22.076267666374868	60	things	03	24	things	6
cortex_SalVentAttn	48.042418267792556	121	things	03	24	things	6
cortex_SomMot	51.16379594473051	194	things	03	24	things	6
cortex_Vis	48.38701595136624	162	things	03	24	things	6
subcortex_CAU	27.53916181911375	8	things	03	24	things	6
subcortex_PUT	29.16241437257831	8	things	03	24	things	6
subcortex_THA	28.591021631388053	14	things	03	24	things	6
cerebellum	37.106580501230454	88	things	03	25	things	1
cortex_Cont	47.83203680452501	128	things	03	25	things	1
cortex_Default	45.56935837793658	209	things	03	25	things	1
cortex_DorsAttn	53.55755355490266	122	things	03	25	things	1
cortex_Limbic	19.842109397482457	60	things	03	25	things	1
cortex_SalVentAttn	46.046625423232385	121	things	03	25	things	1
cortex_SomMot	48.535105132586516	194	things	03	25	things	1
cortex_Vis	46.29922906317922	162	things	03	25	things	1
subcortex_CAU	26.87631940110587	8	things	03	25	things	1
subcortex_PUT	28.572665857180315	8	things	03	25	things	1
subcortex_THA	28.612247071051822	14	things	03	25	things	1
cerebellum	37.49659742651119	88	things	03	25	things	2
cortex_Cont	50.84084349456215	128	things	03	25	things	2
cortex_Default	47.74026178442504	209	things	03	25	things	2
cortex_DorsAttn	55.636935491171684	122	things	03	25	things	2
cortex_Limbic	21.877186930513385	60	things	03	25	things	2
cortex_SalVentAttn	47.190433512380395	121	things	03	25	things	2
cortex_SomMot	49.627469590872714	194	things	03	25	things	2
cortex_Vis	46.60993259258874	162	things	03	25	things	2
subcortex_CAU	27.126068593935912	8	things	03	25	things	2
subcortex_PUT	28.927156568042644	8	things	03	25	things	2
subcortex_THA	28.38854460987139	14	things	03	25	things	2
cerebellum	35.84187971231391	88	things	03	25	things	3
cortex_Cont	46.27575313268053	128	things	03	25	things	3
cortex_Default	44.33078286325045	209	things	03	25	things	3
cortex_DorsAttn	52.14174997244271	122	things	03	25	things	3
cortex_Limbic	20.074652985167372	60	things	03	25	things	3
cortex_SalVentAttn	45.21450736607997	121	things	03	25	things	3
cortex_SomMot	46.77924993342944	194	things	03	25	things	3
cortex_Vis	44.271098137085	162	things	03	25	things	3
subcortex_CAU	26.71179816443451	8	things	03	25	things	3
subcortex_PUT	28.414992982951752	8	things	03	25	things	3
subcortex_THA	28.224006729721392	14	things	03	25	things	3
cerebellum	35.57528628745367	88	things	03	25	things	4
cortex_Cont	45.95926825242921	128	things	03	25	things	4
cortex_Default	43.7163334839824	209	things	03	25	things	4
cortex_DorsAttn	51.33405299352491	122	things	03	25	things	4
cortex_Limbic	19.873363937756007	60	things	03	25	things	4
cortex_SalVentAttn	43.87227980204144	121	things	03	25	things	4
cortex_SomMot	45.17034579447596	194	things	03	25	things	4
cortex_Vis	43.603382332947774	162	things	03	25	things	4
subcortex_CAU	27.16084648820491	8	things	03	25	things	4
subcortex_PUT	28.92787604122859	8	things	03	25	things	4
subcortex_THA	28.400754296717253	14	things	03	25	things	4
cerebellum	38.40040116131334	88	things	03	25	things	5
cortex_Cont	51.09186029413707	128	things	03	25	things	5
cortex_Default	47.8922287521731	209	things	03	25	things	5
cortex_DorsAttn	57.441741606727696	122	things	03	25	things	5
cortex_Limbic	21.269532430565555	60	things	03	25	things	5
cortex_SalVentAttn	47.81755324123183	121	things	03	25	things	5
cortex_SomMot	50.294411145883586	194	things	03	25	things	5
cortex_Vis	48.994473081288994	162	things	03	25	things	5
subcortex_CAU	27.047375030479508	8	things	03	25	things	5
subcortex_PUT	28.801437957687874	8	things	03	25	things	5
subcortex_THA	28.54292798837042	14	things	03	25	things	5
cerebellum	38.281838202843076	88	things	03	25	things	6
cortex_Cont	50.260392646047706	128	things	03	25	things	6
cortex_Default	47.583670736391724	209	things	03	25	things	6
cortex_DorsAttn	55.82535018707132	122	things	03	25	things	6
cortex_Limbic	21.59377232833214	60	things	03	25	things	6
cortex_SalVentAttn	47.06820226136352	121	things	03	25	things	6
cortex_SomMot	49.816326847464346	194	things	03	25	things	6
cortex_Vis	46.83234121704153	162	things	03	25	things	6
subcortex_CAU	26.998163497972794	8	things	03	25	things	6
subcortex_PUT	28.664361751794065	8	things	03	25	things	6
subcortex_THA	28.604330494528522	14	things	03	25	things	6
cerebellum	39.27301303830591	88	things	03	26	things	1
cortex_Cont	52.62784624452424	128	things	03	26	things	1
cortex_Default	49.836235362398085	209	things	03	26	things	1
cortex_DorsAttn	58.58179033587291	122	things	03	26	things	1
cortex_Limbic	22.8339920000901	60	things	03	26	things	1
cortex_SalVentAttn	48.57255781509133	121	things	03	26	things	1
cortex_SomMot	52.45370102880193	194	things	03	26	things	1
cortex_Vis	49.23840901915346	162	things	03	26	things	1
subcortex_CAU	28.110837050569344	8	things	03	26	things	1
subcortex_PUT	29.952875024129547	8	things	03	26	things	1
subcortex_THA	29.164774615981205	14	things	03	26	things	1
cerebellum	37.93549040893826	88	things	03	26	things	2
cortex_Cont	51.1591478399603	128	things	03	26	things	2
cortex_Default	48.024840294758604	209	things	03	26	things	2
cortex_DorsAttn	57.364761206630696	122	things	03	26	things	2
cortex_Limbic	21.655987020289363	60	things	03	26	things	2
cortex_SalVentAttn	47.93930523790864	121	things	03	26	things	2
cortex_SomMot	50.16410536950688	194	things	03	26	things	2
cortex_Vis	47.72741959650967	162	things	03	26	things	2
subcortex_CAU	27.721136035400686	8	things	03	26	things	2
subcortex_PUT	29.426039438868578	8	things	03	26	things	2
subcortex_THA	28.599884113197618	14	things	03	26	things	2
cerebellum	38.442769414969455	88	things	03	26	things	3
cortex_Cont	51.4211592645181	128	things	03	26	things	3
cortex_Default	48.01315557357598	209	things	03	26	things	3
cortex_DorsAttn	56.533646298761276	122	things	03	26	things	3
cortex_Limbic	22.097031823420448	60	things	03	26	things	3
cortex_SalVentAttn	47.02385190227656	121	things	03	26	things	3
cortex_SomMot	49.22278919228266	194	things	03	26	things	3
cortex_Vis	47.830243555812466	162	things	03	26	things	3
subcortex_CAU	27.70927104923811	8	things	03	26	things	3
subcortex_PUT	29.65682991929776	8	things	03	26	things	3
subcortex_THA	28.936355642521487	14	things	03	26	things	3
cerebellum	38.40698227416512	88	things	03	26	things	4
cortex_Cont	52.695049022462186	128	things	03	26	things	4
cortex_Default	49.1223661455173	209	things	03	26	things	4
cortex_DorsAttn	57.92415623467911	122	things	03	26	things	4
cortex_Limbic	21.3536099278472	60	things	03	26	things	4
cortex_SalVentAttn	47.789159853061804	121	things	03	26	things	4
cortex_SomMot	50.81976656917414	194	things	03	26	things	4
cortex_Vis	47.81662647173058	162	things	03	26	things	4
subcortex_CAU	27.914001869310187	8	things	03	26	things	4
subcortex_PUT	29.42637884909119	8	things	03	26	things	4
subcortex_THA	28.748179080404633	14	things	03	26	things	4
cerebellum	39.314679898305215	88	things	03	26	things	5
cortex_Cont	52.83701347088674	128	things	03	26	things	5
cortex_Default	49.12526297165249	209	things	03	26	things	5
cortex_DorsAttn	58.17188915149026	122	things	03	26	things	5
cortex_Limbic	22.150546809080723	60	things	03	26	things	5
cortex_SalVentAttn	47.78015123263491	121	things	03	26	things	5
cortex_SomMot	50.686743469480994	194	things	03	26	things	5
cortex_Vis	48.50798268948723	162	things	03	26	things	5
subcortex_CAU	28.187882125386682	8	things	03	26	things	5
subcortex_PUT	29.48229092079834	8	things	03	26	things	5
subcortex_THA	28.705595192619967	14	things	03	26	things	5
cerebellum	38.48279501012146	88	things	03	26	things	6
cortex_Cont	52.97261255943875	128	things	03	26	things	6
cortex_Default	49.28101106323052	209	things	03	26	things	6
cortex_DorsAttn	58.44036258819977	122	things	03	26	things	6
cortex_Limbic	22.17381563242513	60	things	03	26	things	6
cortex_SalVentAttn	48.16255060461127	121	things	03	26	things	6
cortex_SomMot	51.64926606757551	194	things	03	26	things	6
cortex_Vis	48.290173664522	162	things	03	26	things	6
subcortex_CAU	28.11789860778926	8	things	03	26	things	6
subcortex_PUT	29.342412384950705	8	things	03	26	things	6
subcortex_THA	28.720294447071762	14	things	03	26	things	6
cerebellum	38.05084410913682	88	things	03	27	things	1
cortex_Cont	49.53587428871424	128	things	03	27	things	1
cortex_Default	46.89250995828844	209	things	03	27	things	1
cortex_DorsAttn	55.42898024646841	122	things	03	27	things	1
cortex_Limbic	21.451362018723543	60	things	03	27	things	1
cortex_SalVentAttn	46.23964053138365	121	things	03	27	things	1
cortex_SomMot	48.757875224329716	194	things	03	27	things	1
cortex_Vis	48.29782385224956	162	things	03	27	things	1
subcortex_CAU	27.20004452239424	8	things	03	27	things	1
subcortex_PUT	28.993474883898205	8	things	03	27	things	1
subcortex_THA	28.77371746129402	14	things	03	27	things	1
cerebellum	38.14762601571329	88	things	03	27	things	2
cortex_Cont	51.324765737823675	128	things	03	27	things	2
cortex_Default	48.29944145833958	209	things	03	27	things	2
cortex_DorsAttn	57.10118015271368	122	things	03	27	things	2
cortex_Limbic	22.04028835458928	60	things	03	27	things	2
cortex_SalVentAttn	47.809411323088156	121	things	03	27	things	2
cortex_SomMot	50.699372848570164	194	things	03	27	things	2
cortex_Vis	48.73297159529545	162	things	03	27	things	2
subcortex_CAU	27.482550998305364	8	things	03	27	things	2
subcortex_PUT	29.287933229121627	8	things	03	27	things	2
subcortex_THA	28.80346639100301	14	things	03	27	things	2
cerebellum	39.03458361878941	88	things	03	27	things	3
cortex_Cont	51.81340834660649	128	things	03	27	things	3
cortex_Default	48.946796543250834	209	things	03	27	things	3
cortex_DorsAttn	58.80460691508826	122	things	03	27	things	3
cortex_Limbic	21.69053240880366	60	things	03	27	things	3
cortex_SalVentAttn	48.384754672112	121	things	03	27	things	3
cortex_SomMot	51.781363808292966	194	things	03	27	things	3
cortex_Vis	49.64617716278422	162	things	03	27	things	3
subcortex_CAU	27.27746667397526	8	things	03	27	things	3
subcortex_PUT	29.54292975817013	8	things	03	27	things	3
subcortex_THA	28.772063292212163	14	things	03	27	things	3
cerebellum	37.86931054754106	88	things	03	27	things	4
cortex_Cont	51.118451768915584	128	things	03	27	things	4
cortex_Default	47.894401456005504	209	things	03	27	things	4
cortex_DorsAttn	57.33375298654152	122	things	03	27	things	4
cortex_Limbic	21.41980937665475	60	things	03	27	things	4
cortex_SalVentAttn	47.863487567471445	121	things	03	27	things	4
cortex_SomMot	50.61369509450336	194	things	03	27	things	4
cortex_Vis	48.30048294345972	162	things	03	27	things	4
subcortex_CAU	27.0021765974518	8	things	03	27	things	4
subcortex_PUT	28.997861221480402	8	things	03	27	things	4
subcortex_THA	28.536460167304906	14	things	03	27	things	4
cerebellum	38.70346430450892	88	things	03	27	things	5
cortex_Cont	51.40247183077665	128	things	03	27	things	5
cortex_Default	47.8675996801017	209	things	03	27	things	5
cortex_DorsAttn	58.452228008080574	122	things	03	27	things	5
cortex_Limbic	21.022372584525517	60	things	03	27	things	5
cortex_SalVentAttn	47.83790596619367	121	things	03	27	things	5
cortex_SomMot	50.76377879446565	194	things	03	27	things	5
cortex_Vis	49.42591467526637	162	things	03	27	things	5
subcortex_CAU	26.74796834739055	8	things	03	27	things	5
subcortex_PUT	29.184244710427258	8	things	03	27	things	5
subcortex_THA	28.498810173612803	14	things	03	27	things	5
cerebellum	38.23901705540488	88	things	03	27	things	6
cortex_Cont	51.05808376879291	128	things	03	27	things	6
cortex_Default	48.090089663537945	209	things	03	27	things	6
cortex_DorsAttn	57.426191553554766	122	things	03	27	things	6
cortex_Limbic	21.628630196825426	60	things	03	27	things	6
cortex_SalVentAttn	48.05879522281778	121	things	03	27	things	6
cortex_SomMot	51.71086540288601	194	things	03	27	things	6
cortex_Vis	47.948180764590944	162	things	03	27	things	6
subcortex_CAU	26.501927142572264	8	things	03	27	things	6
subcortex_PUT	28.61898784742974	8	things	03	27	things	6
subcortex_THA	28.72445132851641	14	things	03	27	things	6
cerebellum	38.738819316025904	88	things	03	28	things	1
cortex_Cont	52.71866485526575	128	things	03	28	things	1
cortex_Default	49.53189553362853	209	things	03	28	things	1
cortex_DorsAttn	58.32387082212443	122	things	03	28	things	1
cortex_Limbic	22.239996633646154	60	things	03	28	things	1
cortex_SalVentAttn	48.359188092235435	121	things	03	28	things	1
cortex_SomMot	52.30879128944787	194	things	03	28	things	1
cortex_Vis	49.320211713276514	162	things	03	28	things	1
subcortex_CAU	27.902822407867834	8	things	03	28	things	1
subcortex_PUT	29.90892624271796	8	things	03	28	things	1
subcortex_THA	28.85416545322075	14	things	03	28	things	1
cerebellum	37.26550839852971	88	things	03	28	things	2
cortex_Cont	50.48552106578102	128	things	03	28	things	2
cortex_Default	47.04669979690393	209	things	03	28	things	2
cortex_DorsAttn	55.819853231842785	122	things	03	28	things	2
cortex_Limbic	21.578392683033872	60	things	03	28	things	2
cortex_SalVentAttn	46.85202420471078	121	things	03	28	things	2
cortex_SomMot	49.21742914949365	194	things	03	28	things	2
cortex_Vis	47.34946370170662	162	things	03	28	things	2
subcortex_CAU	27.13920629624912	8	things	03	28	things	2
subcortex_PUT	29.667284255659904	8	things	03	28	things	2
subcortex_THA	28.442828457332524	14	things	03	28	things	2
cerebellum	38.43020043398016	88	things	03	28	things	3
cortex_Cont	50.424047839799506	128	things	03	28	things	3
cortex_Default	47.328737766128754	209	things	03	28	things	3
cortex_DorsAttn	56.13891075981308	122	things	03	28	things	3
cortex_Limbic	21.54435426929575	60	things	03	28	things	3
cortex_SalVentAttn	47.0527719284233	121	things	03	28	things	3
cortex_SomMot	48.99190231168127	194	things	03	28	things	3
cortex_Vis	47.25490580421318	162	things	03	28	things	3
subcortex_CAU	27.53073881432809	8	things	03	28	things	3
subcortex_PUT	29.62020459132811	8	things	03	28	things	3
subcortex_THA	28.579249673330594	14	things	03	28	things	3
cerebellum	38.750005223762365	88	things	03	28	things	4
cortex_Cont	52.219075290799026	128	things	03	28	things	4
cortex_Default	48.454277320461	209	things	03	28	things	4
cortex_DorsAttn	58.61676177335279	122	things	03	28	things	4
cortex_Limbic	21.309513020986	60	things	03	28	things	4
cortex_SalVentAttn	48.10360567255712	121	things	03	28	things	4
cortex_SomMot	50.56531398622704	194	things	03	28	things	4
cortex_Vis	49.60969240858495	162	things	03	28	things	4
subcortex_CAU	27.02401976818947	8	things	03	28	things	4
subcortex_PUT	28.86437738286073	8	things	03	28	things	4
subcortex_THA	28.46354977460238	14	things	03	28	things	4
cerebellum	38.003018497106616	88	things	03	28	things	5
cortex_Cont	50.55748974195834	128	things	03	28	things	5
cortex_Default	47.29556604497643	209	things	03	28	things	5
cortex_DorsAttn	56.30713997913286	122	things	03	28	things	5
cortex_Limbic	21.355997791895216	60	things	03	28	things	5
cortex_SalVentAttn	46.62567446249809	121	things	03	28	things	5
cortex_SomMot	49.12709622052429	194	things	03	28	things	5
cortex_Vis	47.78585054902601	162	things	03	28	things	5
subcortex_CAU	27.426649122253743	8	things	03	28	things	5
subcortex_PUT	29.334251389901244	8	things	03	28	things	5
subcortex_THA	28.343108577037107	14	things	03	28	things	5
cerebellum	38.09300898513367	88	things	03	28	things	6
cortex_Cont	52.133438866089264	128	things	03	28	things	6
cortex_Default	49.00340058878291	209	things	03	28	things	6
cortex_DorsAttn	56.93079641540932	122	things	03	28	things	6
cortex_Limbic	22.25292954202548	60	things	03	28	things	6
cortex_SalVentAttn	47.79344041500153	121	things	03	28	things	6
cortex_SomMot	50.77954339221414	194	things	03	28	things	6
cortex_Vis	47.34567786240729	162	things	03	28	things	6
subcortex_CAU	27.45207019273059	8	things	03	28	things	6
subcortex_PUT	29.597596616200907	8	things	03	28	things	6
subcortex_THA	28.47530014982612	14	things	03	28	things	6
cerebellum	38.52343698134768	88	things	03	29	things	1
cortex_Cont	51.85634297336436	128	things	03	29	things	1
cortex_Default	48.76174341295958	209	things	03	29	things	1
cortex_DorsAttn	57.665406019688426	122	things	03	29	things	1
cortex_Limbic	22.498165707266118	60	things	03	29	things	1
cortex_SalVentAttn	47.96402041988154	121	things	03	29	things	1
cortex_SomMot	51.84111591309601	194	things	03	29	things	1
cortex_Vis	48.58317896437285	162	things	03	29	things	1
subcortex_CAU	27.94582915239159	8	things	03	29	things	1
subcortex_PUT	29.64281028203852	8	things	03	29	things	1
subcortex_THA	28.525427210440828	14	things	03	29	things	1
cerebellum	37.94902870638101	88	things	03	29	things	2
cortex_Cont	49.82163815871721	128	things	03	29	things	2
cortex_Default	46.02738251754922	209	things	03	29	things	2
cortex_DorsAttn	56.40636110064926	122	things	03	29	things	2
cortex_Limbic	21.00045086439021	60	things	03	29	things	2
cortex_SalVentAttn	46.99578055844633	121	things	03	29	things	2
cortex_SomMot	49.88830527388059	194	things	03	29	things	2
cortex_Vis	46.805429767531024	162	things	03	29	things	2
subcortex_CAU	27.58500736139438	8	things	03	29	things	2
subcortex_PUT	29.608301629678657	8	things	03	29	things	2
subcortex_THA	28.394630405879678	14	things	03	29	things	2
cerebellum	37.96178736534907	88	things	03	29	things	3
cortex_Cont	49.12037017642505	128	things	03	29	things	3
cortex_Default	46.25520735967106	209	things	03	29	things	3
cortex_DorsAttn	55.21486262145688	122	things	03	29	things	3
cortex_Limbic	22.59769917132294	60	things	03	29	things	3
cortex_SalVentAttn	46.24717022094344	121	things	03	29	things	3
cortex_SomMot	48.843338748202335	194	things	03	29	things	3
cortex_Vis	46.415831736022646	162	things	03	29	things	3
subcortex_CAU	27.194883774331394	8	things	03	29	things	3
subcortex_PUT	29.213422015847257	8	things	03	29	things	3
subcortex_THA	28.47026154978732	14	things	03	29	things	3
cerebellum	38.307724749996005	88	things	03	29	things	4
cortex_Cont	50.02393226542736	128	things	03	29	things	4
cortex_Default	46.70316512367541	209	things	03	29	things	4
cortex_DorsAttn	56.08795846286437	122	things	03	29	things	4
cortex_Limbic	21.583174849877476	60	things	03	29	things	4
cortex_SalVentAttn	46.509132937713765	121	things	03	29	things	4
cortex_SomMot	48.38098186701594	194	things	03	29	things	4
cortex_Vis	47.39685227772593	162	things	03	29	things	4
subcortex_CAU	26.730671504665324	8	things	03	29	things	4
subcortex_PUT	28.988780666868827	8	things	03	29	things	4
subcortex_THA	28.246711758918874	14	things	03	29	things	4
cerebellum	36.15514451261967	88	things	03	29	things	5
cortex_Cont	45.66800146783089	128	things	03	29	things	5
cortex_Default	42.82879935590838	209	things	03	29	things	5
cortex_DorsAttn	51.31753216922223	122	things	03	29	things	5
cortex_Limbic	20.11726700279265	60	things	03	29	things	5
cortex_SalVentAttn	43.19182724176076	121	things	03	29	things	5
cortex_SomMot	43.56863961942364	194	things	03	29	things	5
cortex_Vis	44.1715722978709	162	things	03	29	things	5
subcortex_CAU	26.262991334323004	8	things	03	29	things	5
subcortex_PUT	28.68286987552281	8	things	03	29	things	5
subcortex_THA	28.17280729306795	14	things	03	29	things	5
cerebellum	37.82222568132941	88	things	03	29	things	6
cortex_Cont	49.68506152208931	128	things	03	29	things	6
cortex_Default	46.79997641312375	209	things	03	29	things	6
cortex_DorsAttn	55.63972239306057	122	things	03	29	things	6
cortex_Limbic	21.272204847096983	60	things	03	29	things	6
cortex_SalVentAttn	46.990865454804606	121	things	03	29	things	6
cortex_SomMot	49.36989439107227	194	things	03	29	things	6
cortex_Vis	46.29507437012206	162	things	03	29	things	6
subcortex_CAU	27.214230799367353	8	things	03	29	things	6
subcortex_PUT	29.017049456766532	8	things	03	29	things	6
subcortex_THA	28.310538541538982	14	things	03	29	things	6
cerebellum	38.685748545123495	88	things	03	30	things	1
cortex_Cont	50.30848848308702	128	things	03	30	things	1
cortex_Default	47.43619027908952	209	things	03	30	things	1
cortex_DorsAttn	55.79998666505368	122	things	03	30	things	1
cortex_Limbic	22.60426484105646	60	things	03	30	things	1
cortex_SalVentAttn	47.09052106096032	121	things	03	30	things	1
cortex_SomMot	50.147167450892915	194	things	03	30	things	1
cortex_Vis	47.7892455083885	162	things	03	30	things	1
subcortex_CAU	27.726296111742094	8	things	03	30	things	1
subcortex_PUT	29.900374990235726	8	things	03	30	things	1
subcortex_THA	29.078085779585784	14	things	03	30	things	1
cerebellum	38.799362489832724	88	things	03	30	things	2
cortex_Cont	52.16910217924447	128	things	03	30	things	2
cortex_Default	48.65046610424541	209	things	03	30	things	2
cortex_DorsAttn	58.22108055202222	122	things	03	30	things	2
cortex_Limbic	22.43761399401051	60	things	03	30	things	2
cortex_SalVentAttn	48.29277719820361	121	things	03	30	things	2
cortex_SomMot	52.06537837067119	194	things	03	30	things	2
cortex_Vis	48.549895297688174	162	things	03	30	things	2
subcortex_CAU	27.465873441450512	8	things	03	30	things	2
subcortex_PUT	30.08030037430622	8	things	03	30	things	2
subcortex_THA	29.06708735536206	14	things	03	30	things	2
cerebellum	39.084084179020394	88	things	03	30	things	3
cortex_Cont	50.7891361293294	128	things	03	30	things	3
cortex_Default	48.5347896258948	209	things	03	30	things	3
cortex_DorsAttn	57.121891196706656	122	things	03	30	things	3
cortex_Limbic	21.963993820153146	60	things	03	30	things	3
cortex_SalVentAttn	47.38920999716286	121	things	03	30	things	3
cortex_SomMot	51.10538518340789	194	things	03	30	things	3
cortex_Vis	47.88104601823646	162	things	03	30	things	3
subcortex_CAU	27.366241251647594	8	things	03	30	things	3
subcortex_PUT	29.438954522309295	8	things	03	30	things	3
subcortex_THA	28.771120335294462	14	things	03	30	things	3
cerebellum	39.25885681171583	88	things	03	30	things	4
cortex_Cont	51.38044033117109	128	things	03	30	things	4
cortex_Default	48.23238429883482	209	things	03	30	things	4
cortex_DorsAttn	57.040357775425726	122	things	03	30	things	4
cortex_Limbic	22.620492190339586	60	things	03	30	things	4
cortex_SalVentAttn	47.644929376793165	121	things	03	30	things	4
cortex_SomMot	51.26896587677789	194	things	03	30	things	4
cortex_Vis	47.42415486595225	162	things	03	30	things	4
subcortex_CAU	27.29253385183394	8	things	03	30	things	4
subcortex_PUT	29.49702336378405	8	things	03	30	things	4
subcortex_THA	28.779837113852277	14	things	03	30	things	4
cerebellum	39.054084845757764	88	things	03	30	things	5
cortex_Cont	51.573712898907125	128	things	03	30	things	5
cortex_Default	47.89808658696912	209	things	03	30	things	5
cortex_DorsAttn	56.32998928220865	122	things	03	30	things	5
cortex_Limbic	22.213629007463723	60	things	03	30	things	5
cortex_SalVentAttn	47.559680000884256	121	things	03	30	things	5
cortex_SomMot	50.09013180453023	194	things	03	30	things	5
cortex_Vis	47.30940329189891	162	things	03	30	things	5
subcortex_CAU	27.571303046658052	8	things	03	30	things	5
subcortex_PUT	29.5640251842832	8	things	03	30	things	5
subcortex_THA	28.82036614441253	14	things	03	30	things	5
cerebellum	39.59023955527741	88	things	03	30	things	6
cortex_Cont	51.780118725294166	128	things	03	30	things	6
cortex_Default	48.427012415655646	209	things	03	30	things	6
cortex_DorsAttn	57.09166599293494	122	things	03	30	things	6
cortex_Limbic	22.07209460270961	60	things	03	30	things	6
cortex_SalVentAttn	47.824505837624336	121	things	03	30	things	6
cortex_SomMot	50.708658878012095	194	things	03	30	things	6
cortex_Vis	47.5346876727416	162	things	03	30	things	6
subcortex_CAU	27.84684712834941	8	things	03	30	things	6
subcortex_PUT	29.672720282399027	8	things	03	30	things	6
subcortex_THA	28.79406321348324	14	things	03	30	things	6
cerebellum	36.70280248567633	88	things	03	31	things	1
cortex_Cont	48.940347546049736	128	things	03	31	things	1
cortex_Default	46.30936262796983	209	things	03	31	things	1
cortex_DorsAttn	54.298858617781384	122	things	03	31	things	1
cortex_Limbic	21.73178541728105	60	things	03	31	things	1
cortex_SalVentAttn	46.250198345069	121	things	03	31	things	1
cortex_SomMot	48.74416460053413	194	things	03	31	things	1
cortex_Vis	46.09932382542536	162	things	03	31	things	1
subcortex_CAU	26.69700020452873	8	things	03	31	things	1
subcortex_PUT	29.11486778050803	8	things	03	31	things	1
subcortex_THA	28.081510519324627	14	things	03	31	things	1
cerebellum	36.44762632817319	88	things	03	31	things	2
cortex_Cont	49.18302241992025	128	things	03	31	things	2
cortex_Default	46.451204594702205	209	things	03	31	things	2
cortex_DorsAttn	53.89552090763282	122	things	03	31	things	2
cortex_Limbic	22.15396683164963	60	things	03	31	things	2
cortex_SalVentAttn	46.36583764087482	121	things	03	31	things	2
cortex_SomMot	48.30943620104701	194	things	03	31	things	2
cortex_Vis	45.28612501972607	162	things	03	31	things	2
subcortex_CAU	27.157231574534578	8	things	03	31	things	2
subcortex_PUT	29.017488301779103	8	things	03	31	things	2
subcortex_THA	27.97064429611056	14	things	03	31	things	2
cerebellum	36.630350462208135	88	things	03	31	things	3
cortex_Cont	50.1732079113748	128	things	03	31	things	3
cortex_Default	46.6885934491586	209	things	03	31	things	3
cortex_DorsAttn	55.58540522739542	122	things	03	31	things	3
cortex_Limbic	21.433330871291634	60	things	03	31	things	3
cortex_SalVentAttn	46.75986488468583	121	things	03	31	things	3
cortex_SomMot	49.290773729036644	194	things	03	31	things	3
cortex_Vis	45.699550406249756	162	things	03	31	things	3
subcortex_CAU	26.741825673767142	8	things	03	31	things	3
subcortex_PUT	29.05163115118227	8	things	03	31	things	3
subcortex_THA	28.071652492276513	14	things	03	31	things	3
cerebellum	36.005328699672276	88	things	03	31	things	4
cortex_Cont	48.80721756709318	128	things	03	31	things	4
cortex_Default	45.24639617679889	209	things	03	31	things	4
cortex_DorsAttn	53.13279259885093	122	things	03	31	things	4
cortex_Limbic	21.304694295647753	60	things	03	31	things	4
cortex_SalVentAttn	46.43959277204496	121	things	03	31	things	4
cortex_SomMot	48.56061845111559	194	things	03	31	things	4
cortex_Vis	43.637538856156866	162	things	03	31	things	4
subcortex_CAU	26.58718788221234	8	things	03	31	things	4
subcortex_PUT	29.06045355278492	8	things	03	31	things	4
subcortex_THA	27.94293189094728	14	things	03	31	things	4
cerebellum	36.881508166934005	88	things	03	31	things	5
cortex_Cont	49.62515249379448	128	things	03	31	things	5
cortex_Default	46.846507942251115	209	things	03	31	things	5
cortex_DorsAttn	53.478655007280636	122	things	03	31	things	5
cortex_Limbic	22.712130432645186	60	things	03	31	things	5
cortex_SalVentAttn	46.707313057959915	121	things	03	31	things	5
cortex_SomMot	48.856310287268826	194	things	03	31	things	5
cortex_Vis	44.146481328817885	162	things	03	31	things	5
subcortex_CAU	27.449718512784177	8	things	03	31	things	5
subcortex_PUT	29.33165219379327	8	things	03	31	things	5
subcortex_THA	28.162683566874993	14	things	03	31	things	5
cerebellum	36.8754474698603	88	things	03	31	things	6
cortex_Cont	49.41085818107388	128	things	03	31	things	6
cortex_Default	46.32601580447798	209	things	03	31	things	6
cortex_DorsAttn	53.549391494869354	122	things	03	31	things	6
cortex_Limbic	22.539727885462728	60	things	03	31	things	6
cortex_SalVentAttn	46.6724255712053	121	things	03	31	things	6
cortex_SomMot	48.624602499579744	194	things	03	31	things	6
cortex_Vis	44.21487931397062	162	things	03	31	things	6
subcortex_CAU	26.45277539760863	8	things	03	31	things	6
subcortex_PUT	28.72860284302386	8	things	03	31	things	6
subcortex_THA	28.12927159638325	14	things	03	31	things	6
cerebellum	38.44245808424592	88	things	03	32	things	1
cortex_Cont	49.80466976141515	128	things	03	32	things	1
cortex_Default	47.760325704944655	209	things	03	32	things	1
cortex_DorsAttn	54.16826097184603	122	things	03	32	things	1
cortex_Limbic	21.93690687788853	60	things	03	32	things	1
cortex_SalVentAttn	47.66689370376165	121	things	03	32	things	1
cortex_SomMot	49.87328822345423	194	things	03	32	things	1
cortex_Vis	46.69023997916131	162	things	03	32	things	1
subcortex_CAU	27.813101718033916	8	things	03	32	things	1
subcortex_PUT	28.46849276573749	8	things	03	32	things	1
subcortex_THA	28.664119993432106	14	things	03	32	things	1
cerebellum	39.43817125787035	88	things	03	32	things	2
cortex_Cont	51.02641962684992	128	things	03	32	things	2
cortex_Default	48.381592825995206	209	things	03	32	things	2
cortex_DorsAttn	56.579130821861064	122	things	03	32	things	2
cortex_Limbic	21.26114257557164	60	things	03	32	things	2
cortex_SalVentAttn	47.860134769441316	121	things	03	32	things	2
cortex_SomMot	49.70439723654785	194	things	03	32	things	2
cortex_Vis	48.72487958524434	162	things	03	32	things	2
subcortex_CAU	26.796245231178485	8	things	03	32	things	2
subcortex_PUT	28.937582634467578	8	things	03	32	things	2
subcortex_THA	28.50110558930417	14	things	03	32	things	2
cerebellum	39.42067855303001	88	things	03	32	things	3
cortex_Cont	52.54957829028878	128	things	03	32	things	3
cortex_Default	49.02752201926365	209	things	03	32	things	3
cortex_DorsAttn	57.83384387840377	122	things	03	32	things	3
cortex_Limbic	21.954514734866716	60	things	03	32	things	3
cortex_SalVentAttn	48.355931410901256	121	things	03	32	things	3
cortex_SomMot	50.87639088070278	194	things	03	32	things	3
cortex_Vis	49.08723527228891	162	things	03	32	things	3
subcortex_CAU	27.62279043048195	8	things	03	32	things	3
subcortex_PUT	29.80590678782788	8	things	03	32	things	3
subcortex_THA	28.752219614037696	14	things	03	32	things	3
cerebellum	39.75756280083974	88	things	03	32	things	4
cortex_Cont	52.34490516644331	128	things	03	32	things	4
cortex_Default	49.151014117192396	209	things	03	32	things	4
cortex_DorsAttn	58.42718370506257	122	things	03	32	things	4
cortex_Limbic	22.125099026876477	60	things	03	32	things	4
cortex_SalVentAttn	48.440741595792346	121	things	03	32	things	4
cortex_SomMot	51.58061357077895	194	things	03	32	things	4
cortex_Vis	48.89758089903749	162	things	03	32	things	4
subcortex_CAU	27.811343117624236	8	things	03	32	things	4
subcortex_PUT	29.02729191867756	8	things	03	32	things	4
subcortex_THA	28.45445945327351	14	things	03	32	things	4
cerebellum	38.670336888375	88	things	03	32	things	5
cortex_Cont	50.67520958624401	128	things	03	32	things	5
cortex_Default	47.27249814804793	209	things	03	32	things	5
cortex_DorsAttn	56.20685152185919	122	things	03	32	things	5
cortex_Limbic	20.604584691249283	60	things	03	32	things	5
cortex_SalVentAttn	47.07267264174674	121	things	03	32	things	5
cortex_SomMot	49.35168143853975	194	things	03	32	things	5
cortex_Vis	47.96754099177408	162	things	03	32	things	5
subcortex_CAU	26.991921106378847	8	things	03	32	things	5
subcortex_PUT	28.9652627067704	8	things	03	32	things	5
subcortex_THA	27.98565026883701	14	things	03	32	things	5
cerebellum	38.686547822788306	88	things	03	32	things	6
cortex_Cont	51.118095628837544	128	things	03	32	things	6
cortex_Default	47.75837099731155	209	things	03	32	things	6
cortex_DorsAttn	56.848953772777165	122	things	03	32	things	6
cortex_Limbic	21.122385489377503	60	things	03	32	things	6
cortex_SalVentAttn	47.13982603439307	121	things	03	32	things	6
cortex_SomMot	49.51043902617886	194	things	03	32	things	6
cortex_Vis	48.135541133929685	162	things	03	32	things	6
subcortex_CAU	26.957784695487696	8	things	03	32	things	6
subcortex_PUT	29.10636759109643	8	things	03	32	things	6
subcortex_THA	28.037781400753648	14	things	03	32	things	6
cerebellum	37.739081950095915	88	things	03	33	things	1
cortex_Cont	48.82266448947624	128	things	03	33	things	1
cortex_Default	46.709478651819815	209	things	03	33	things	1
cortex_DorsAttn	53.879169610503304	122	things	03	33	things	1
cortex_Limbic	22.41625493074015	60	things	03	33	things	1
cortex_SalVentAttn	47.89235050782241	121	things	03	33	things	1
cortex_SomMot	50.21000636564522	194	things	03	33	things	1
cortex_Vis	44.90839845288259	162	things	03	33	things	1
subcortex_CAU	28.880580565663955	8	things	03	33	things	1
subcortex_PUT	30.33582458384029	8	things	03	33	things	1
subcortex_THA	29.060220773811583	14	things	03	33	things	1
cerebellum	34.90180609609081	88	things	03	33	things	2
cortex_Cont	44.324863947063896	128	things	03	33	things	2
cortex_Default	43.25933988116216	209	things	03	33	things	2
cortex_DorsAttn	48.10293985259188	122	things	03	33	things	2
cortex_Limbic	20.47264994762926	60	things	03	33	things	2
cortex_SalVentAttn	44.9207321968128	121	things	03	33	things	2
cortex_SomMot	45.11799201462342	194	things	03	33	things	2
cortex_Vis	40.30881145017468	162	things	03	33	things	2
subcortex_CAU	27.52295446729476	8	things	03	33	things	2
subcortex_PUT	29.256334256233675	8	things	03	33	things	2
subcortex_THA	28.684726210304856	14	things	03	33	things	2
cerebellum	34.61671595873004	88	things	03	33	things	3
cortex_Cont	46.11481807079757	128	things	03	33	things	3
cortex_Default	44.15339916909754	209	things	03	33	things	3
cortex_DorsAttn	50.275521836361044	122	things	03	33	things	3
cortex_Limbic	20.419354372859274	60	things	03	33	things	3
cortex_SalVentAttn	45.97347087557216	121	things	03	33	things	3
cortex_SomMot	47.2055080979661	194	things	03	33	things	3
cortex_Vis	40.67692851691864	162	things	03	33	things	3
subcortex_CAU	27.852383684042735	8	things	03	33	things	3
subcortex_PUT	29.366014957975473	8	things	03	33	things	3
subcortex_THA	28.58763653780473	14	things	03	33	things	3
cerebellum	38.07890526407422	88	things	03	33	things	4
cortex_Cont	50.26285311206422	128	things	03	33	things	4
cortex_Default	47.10744875621509	209	things	03	33	things	4
cortex_DorsAttn	55.400374023734145	122	things	03	33	things	4
cortex_Limbic	22.16582299180698	60	things	03	33	things	4
cortex_SalVentAttn	46.856647865573045	121	things	03	33	things	4
cortex_SomMot	48.57620796284716	194	things	03	33	things	4
cortex_Vis	46.437069395339634	162	things	03	33	things	4
subcortex_CAU	27.692316104770672	8	things	03	33	things	4
subcortex_PUT	29.36654546812946	8	things	03	33	things	4
subcortex_THA	28.594608904838815	14	things	03	33	things	4
cerebellum	38.679389591006505	88	things	03	33	things	5
cortex_Cont	51.49629892715721	128	things	03	33	things	5
cortex_Default	47.599236994404116	209	things	03	33	things	5
cortex_DorsAttn	57.137696588577846	122	things	03	33	things	5
cortex_Limbic	22.050695370215387	60	things	03	33	things	5
cortex_SalVentAttn	48.197879223755976	121	things	03	33	things	5
cortex_SomMot	50.505942641610055	194	things	03	33	things	5
cortex_Vis	47.10381091356769	162	things	03	33	things	5
subcortex_CAU	27.64897476716513	8	things	03	33	things	5
subcortex_PUT	29.366693909050177	8	things	03	33	things	5
subcortex_THA	28.6657126453647	14	things	03	33	things	5
cerebellum	37.7467914995483	88	things	03	33	things	6
cortex_Cont	49.1827659079812	128	things	03	33	things	6
cortex_Default	46.489950904154185	209	things	03	33	things	6
cortex_DorsAttn	54.943847645546455	122	things	03	33	things	6
cortex_Limbic	21.334653003037324	60	things	03	33	things	6
cortex_SalVentAttn	47.12021595754188	121	things	03	33	things	6
cortex_SomMot	49.122241157611505	194	things	03	33	things	6
cortex_Vis	45.354876485877305	162	things	03	33	things	6
subcortex_CAU	27.369831875308495	8	things	03	33	things	6
subcortex_PUT	29.200334233630777	8	things	03	33	things	6
subcortex_THA	28.79131696262933	14	things	03	33	things	6
cerebellum	38.562139836937796	88	things	03	34	things	1
cortex_Cont	51.395286212165004	128	things	03	34	things	1
cortex_Default	49.29610811599601	209	things	03	34	things	1
cortex_DorsAttn	56.19663182191195	122	things	03	34	things	1
cortex_Limbic	22.57504426662298	60	things	03	34	things	1
cortex_SalVentAttn	48.13181813088438	121	things	03	34	things	1
cortex_SomMot	50.56036637873281	194	things	03	34	things	1
cortex_Vis	48.75529146625112	162	things	03	34	things	1
subcortex_CAU	28.46661039919491	8	things	03	34	things	1
subcortex_PUT	29.989301457508212	8	things	03	34	things	1
subcortex_THA	29.344643611063645	14	things	03	34	things	1
cerebellum	38.91519530837178	88	things	03	34	things	2
cortex_Cont	51.6671887555781	128	things	03	34	things	2
cortex_Default	49.176883824694194	209	things	03	34	things	2
cortex_DorsAttn	57.813106232897745	122	things	03	34	things	2
cortex_Limbic	22.356510425339042	60	things	03	34	things	2
cortex_SalVentAttn	48.54923983189144	121	things	03	34	things	2
cortex_SomMot	51.59080245849899	194	things	03	34	things	2
cortex_Vis	48.40528480057269	162	things	03	34	things	2
subcortex_CAU	27.963176890394653	8	things	03	34	things	2
subcortex_PUT	29.542437632682084	8	things	03	34	things	2
subcortex_THA	29.175761715959357	14	things	03	34	things	2
cerebellum	38.839143392456485	88	things	03	34	things	3
cortex_Cont	51.66795911302453	128	things	03	34	things	3
cortex_Default	48.56186553912718	209	things	03	34	things	3
cortex_DorsAttn	57.86875526866607	122	things	03	34	things	3
cortex_Limbic	21.927776491495816	60	things	03	34	things	3
cortex_SalVentAttn	48.135683745972806	121	things	03	34	things	3
cortex_SomMot	50.903650287955756	194	things	03	34	things	3
cortex_Vis	49.34059601510271	162	things	03	34	things	3
subcortex_CAU	27.001919473827652	8	things	03	34	things	3
subcortex_PUT	28.873019292732344	8	things	03	34	things	3
subcortex_THA	28.829059712986666	14	things	03	34	things	3
cerebellum	38.53169398334937	88	things	03	34	things	4
cortex_Cont	50.91624468674759	128	things	03	34	things	4
cortex_Default	48.47865323965804	209	things	03	34	things	4
cortex_DorsAttn	56.65858487028531	122	things	03	34	things	4
cortex_Limbic	21.884540481384157	60	things	03	34	things	4
cortex_SalVentAttn	47.688419633159675	121	things	03	34	things	4
cortex_SomMot	49.73732032648803	194	things	03	34	things	4
cortex_Vis	47.0104672740896	162	things	03	34	things	4
subcortex_CAU	28.03716071787301	8	things	03	34	things	4
subcortex_PUT	29.52853904216101	8	things	03	34	things	4
subcortex_THA	28.886835299234292	14	things	03	34	things	4
cerebellum	39.0444631687431	88	things	03	34	things	5
cortex_Cont	52.92118970736375	128	things	03	34	things	5
cortex_Default	49.87189793094827	209	things	03	34	things	5
cortex_DorsAttn	58.90003865182783	122	things	03	34	things	5
cortex_Limbic	22.485117940725672	60	things	03	34	things	5
cortex_SalVentAttn	48.485402402574884	121	things	03	34	things	5
cortex_SomMot	51.74443794980107	194	things	03	34	things	5
cortex_Vis	48.98981581610399	162	things	03	34	things	5
subcortex_CAU	27.982974246624504	8	things	03	34	things	5
subcortex_PUT	29.286867482306207	8	things	03	34	things	5
subcortex_THA	29.02289230832386	14	things	03	34	things	5
cerebellum	38.82858953523811	88	things	03	34	things	6
cortex_Cont	51.19488059072236	128	things	03	34	things	6
cortex_Default	48.04933622425154	209	things	03	34	things	6
cortex_DorsAttn	58.30160941397876	122	things	03	34	things	6
cortex_Limbic	21.435502830966925	60	things	03	34	things	6
cortex_SalVentAttn	47.90431694148352	121	things	03	34	things	6
cortex_SomMot	50.55073835808391	194	things	03	34	things	6
cortex_Vis	48.185525759123294	162	things	03	34	things	6
subcortex_CAU	28.289776987903927	8	things	03	34	things	6
subcortex_PUT	29.554741840878975	8	things	03	34	things	6
subcortex_THA	29.074738130114646	14	things	03	34	things	6
cerebellum	38.47466305548048	88	things	03	35	things	1
cortex_Cont	51.407954172465594	128	things	03	35	things	1
cortex_Default	48.90265547812704	209	things	03	35	things	1
cortex_DorsAttn	56.63191939847323	122	things	03	35	things	1
cortex_Limbic	21.836366038499765	60	things	03	35	things	1
cortex_SalVentAttn	48.750050954896274	121	things	03	35	things	1
cortex_SomMot	51.3515348483566	194	things	03	35	things	1
cortex_Vis	48.88556137869769	162	things	03	35	things	1
subcortex_CAU	28.12312118730775	8	things	03	35	things	1
subcortex_PUT	29.88969562738064	8	things	03	35	things	1
subcortex_THA	29.17867892748304	14	things	03	35	things	1
cerebellum	39.078677405295814	88	things	03	35	things	2
cortex_Cont	52.70688499678365	128	things	03	35	things	2
cortex_Default	49.52185980309642	209	things	03	35	things	2
cortex_DorsAttn	58.95634378719291	122	things	03	35	things	2
cortex_Limbic	22.82376439286208	60	things	03	35	things	2
cortex_SalVentAttn	48.70897200868714	121	things	03	35	things	2
cortex_SomMot	51.563071857849586	194	things	03	35	things	2
cortex_Vis	49.49837229440775	162	things	03	35	things	2
subcortex_CAU	27.881635343821124	8	things	03	35	things	2
subcortex_PUT	29.440442283730007	8	things	03	35	things	2
subcortex_THA	29.098009868995977	14	things	03	35	things	2
cerebellum	38.51907412448659	88	things	03	35	things	3
cortex_Cont	49.91121567905562	128	things	03	35	things	3
cortex_Default	47.21106219347425	209	things	03	35	things	3
cortex_DorsAttn	56.39264593163531	122	things	03	35	things	3
cortex_Limbic	21.89023010563954	60	things	03	35	things	3
cortex_SalVentAttn	47.67032532315855	121	things	03	35	things	3
cortex_SomMot	49.38716457479698	194	things	03	35	things	3
cortex_Vis	47.9515024569432	162	things	03	35	things	3
subcortex_CAU	27.856076942758946	8	things	03	35	things	3
subcortex_PUT	29.286596936294185	8	things	03	35	things	3
subcortex_THA	29.032311752885864	14	things	03	35	things	3
cerebellum	38.76288922227388	88	things	03	35	things	4
cortex_Cont	52.69317276182472	128	things	03	35	things	4
cortex_Default	49.31231586887084	209	things	03	35	things	4
cortex_DorsAttn	59.55316117064669	122	things	03	35	things	4
cortex_Limbic	22.541546406553184	60	things	03	35	things	4
cortex_SalVentAttn	49.20024009129502	121	things	03	35	things	4
cortex_SomMot	53.00113179981563	194	things	03	35	things	4
cortex_Vis	49.87929313910804	162	things	03	35	things	4
subcortex_CAU	28.154112862605245	8	things	03	35	things	4
subcortex_PUT	29.49711634612178	8	things	03	35	things	4
subcortex_THA	29.137261958312983	14	things	03	35	things	4
cerebellum	38.99944288068924	88	things	03	35	things	5
cortex_Cont	52.013517676007055	128	things	03	35	things	5
cortex_Default	48.66263260962446	209	things	03	35	things	5
cortex_DorsAttn	57.61959443819505	122	things	03	35	things	5
cortex_Limbic	22.203574194235124	60	things	03	35	things	5
cortex_SalVentAttn	48.15104519157858	121	things	03	35	things	5
cortex_SomMot	50.993049687228165	194	things	03	35	things	5
cortex_Vis	48.38025917492262	162	things	03	35	things	5
subcortex_CAU	27.904186380359626	8	things	03	35	things	5
subcortex_PUT	29.39957271134089	8	things	03	35	things	5
subcortex_THA	28.99838932163068	14	things	03	35	things	5
cerebellum	38.80769423249307	88	things	03	35	things	6
cortex_Cont	52.928591870087985	128	things	03	35	things	6
cortex_Default	50.116067873370845	209	things	03	35	things	6
cortex_DorsAttn	57.71789304252179	122	things	03	35	things	6
cortex_Limbic	23.219311611398798	60	things	03	35	things	6
cortex_SalVentAttn	49.012179462739994	121	things	03	35	things	6
cortex_SomMot	52.054240875563195	194	things	03	35	things	6
cortex_Vis	48.27982244599982	162	things	03	35	things	6
subcortex_CAU	28.102299388017457	8	things	03	35	things	6
subcortex_PUT	29.47803233536544	8	things	03	35	things	6
subcortex_THA	29.140635125258516	14	things	03	35	things	6
cerebellum	34.94889935456925	88	things	03	36	things	1
cortex_Cont	47.636717762744304	128	things	03	36	things	1
cortex_Default	45.22995707933367	209	things	03	36	things	1
cortex_DorsAttn	51.59351947274359	122	things	03	36	things	1
cortex_Limbic	20.882135476995238	60	things	03	36	things	1
cortex_SalVentAttn	45.0277791487541	121	things	03	36	things	1
cortex_SomMot	46.75886287656375	194	things	03	36	things	1
cortex_Vis	43.85691754980656	162	things	03	36	things	1
subcortex_CAU	26.39224499877335	8	things	03	36	things	1
subcortex_PUT	28.138162021496335	8	things	03	36	things	1
subcortex_THA	28.005644862399116	14	things	03	36	things	1
cerebellum	37.326750683106226	88	things	03	36	things	2
cortex_Cont	49.75250825355213	128	things	03	36	things	2
cortex_Default	46.815858484954106	209	things	03	36	things	2
cortex_DorsAttn	55.37579484563058	122	things	03	36	things	2
cortex_Limbic	21.55455789218093	60	things	03	36	things	2
cortex_SalVentAttn	46.94931313919719	121	things	03	36	things	2
cortex_SomMot	49.3535761617763	194	things	03	36	things	2
cortex_Vis	46.87849044239209	162	things	03	36	things	2
subcortex_CAU	27.614486046846903	8	things	03	36	things	2
subcortex_PUT	29.17062699288469	8	things	03	36	things	2
subcortex_THA	28.538504363055864	14	things	03	36	things	2
cerebellum	38.50043355518306	88	things	03	36	things	3
cortex_Cont	51.24578526205341	128	things	03	36	things	3
cortex_Default	47.509220848110346	209	things	03	36	things	3
cortex_DorsAttn	57.8515041544497	122	things	03	36	things	3
cortex_Limbic	21.788468061009223	60	things	03	36	things	3
cortex_SalVentAttn	47.359660674988405	121	things	03	36	things	3
cortex_SomMot	50.70905034442315	194	things	03	36	things	3
cortex_Vis	48.96394874896375	162	things	03	36	things	3
subcortex_CAU	26.6064236989497	8	things	03	36	things	3
subcortex_PUT	28.044420132567552	8	things	03	36	things	3
subcortex_THA	28.109969652223914	14	things	03	36	things	3
cerebellum	38.117107084080374	88	things	03	36	things	4
cortex_Cont	51.5944035722518	128	things	03	36	things	4
cortex_Default	47.41776219671627	209	things	03	36	things	4
cortex_DorsAttn	57.03957366441151	122	things	03	36	things	4
cortex_Limbic	21.729574098750973	60	things	03	36	things	4
cortex_SalVentAttn	47.53165218751214	121	things	03	36	things	4
cortex_SomMot	50.34983158003554	194	things	03	36	things	4
cortex_Vis	49.070842546432516	162	things	03	36	things	4
subcortex_CAU	26.47081563464244	8	things	03	36	things	4
subcortex_PUT	28.66459342291037	8	things	03	36	things	4
subcortex_THA	28.267494633608237	14	things	03	36	things	4
cerebellum	37.88683752620554	88	things	03	36	things	5
cortex_Cont	51.098506306233126	128	things	03	36	things	5
cortex_Default	48.491356216868084	209	things	03	36	things	5
cortex_DorsAttn	56.9200970287018	122	things	03	36	things	5
cortex_Limbic	22.44694286911283	60	things	03	36	things	5
cortex_SalVentAttn	47.715626579532696	121	things	03	36	things	5
cortex_SomMot	50.65455284839398	194	things	03	36	things	5
cortex_Vis	47.615828052385716	162	things	03	36	things	5
subcortex_CAU	26.68194998807585	8	things	03	36	things	5
subcortex_PUT	28.576810890398697	8	things	03	36	things	5
subcortex_THA	28.11279328753181	14	things	03	36	things	5
cerebellum	36.9724508759865	88	things	03	36	things	6
cortex_Cont	49.78861908456089	128	things	03	36	things	6
cortex_Default	46.82292732813174	209	things	03	36	things	6
cortex_DorsAttn	55.10391739608563	122	things	03	36	things	6
cortex_Limbic	21.411841003522646	60	things	03	36	things	6
cortex_SalVentAttn	46.41709508414295	121	things	03	36	things	6
cortex_SomMot	49.36719017793662	194	things	03	36	things	6
cortex_Vis	46.119531675090954	162	things	03	36	things	6
subcortex_CAU	26.322413023728785	8	things	03	36	things	6
subcortex_PUT	28.049472634420987	8	things	03	36	things	6
subcortex_THA	28.061301572780454	14	things	03	36	things	6
cerebellum	37.60841902166573	88	things	06	01	things	1
cortex_Cont	45.082984210943	128	things	06	01	things	1
cortex_Default	43.98950802673769	209	things	06	01	things	1
cortex_DorsAttn	49.91675015892989	122	things	06	01	things	1
cortex_Limbic	19.96829308375881	60	things	06	01	things	1
cortex_SalVentAttn	45.1837925873994	121	things	06	01	things	1
cortex_SomMot	46.80279909649049	194	things	06	01	things	1
cortex_Vis	39.24542883562047	162	things	06	01	things	1
subcortex_CAU	30.69298990637076	8	things	06	01	things	1
subcortex_PUT	30.539292676910005	8	things	06	01	things	1
subcortex_THA	29.300313483630653	14	things	06	01	things	1
cerebellum	33.5687367894165	88	things	06	01	things	2
cortex_Cont	41.81738028792082	128	things	06	01	things	2
cortex_Default	40.964725846458215	209	things	06	01	things	2
cortex_DorsAttn	45.09464834195245	122	things	06	01	things	2
cortex_Limbic	18.94486053712448	60	things	06	01	things	2
cortex_SalVentAttn	42.83031991573059	121	things	06	01	things	2
cortex_SomMot	41.651799804985814	194	things	06	01	things	2
cortex_Vis	35.79323759568744	162	things	06	01	things	2
subcortex_CAU	30.439476075575012	8	things	06	01	things	2
subcortex_PUT	30.24548959006348	8	things	06	01	things	2
subcortex_THA	28.981681145830102	14	things	06	01	things	2
cerebellum	35.8861024889424	88	things	06	01	things	3
cortex_Cont	42.51443400699566	128	things	06	01	things	3
cortex_Default	41.43200767868083	209	things	06	01	things	3
cortex_DorsAttn	46.46408030118903	122	things	06	01	things	3
cortex_Limbic	18.532862573410135	60	things	06	01	things	3
cortex_SalVentAttn	42.717111984152375	121	things	06	01	things	3
cortex_SomMot	42.83703330887934	194	things	06	01	things	3
cortex_Vis	37.76402975750821	162	things	06	01	things	3
subcortex_CAU	31.61026187066034	8	things	06	01	things	3
subcortex_PUT	30.621943343850287	8	things	06	01	things	3
subcortex_THA	29.49298185720072	14	things	06	01	things	3
cerebellum	37.434241807761666	88	things	06	02	things	1
cortex_Cont	45.94490875847864	128	things	06	02	things	1
cortex_Default	43.916993719590046	209	things	06	02	things	1
cortex_DorsAttn	49.9226299098749	122	things	06	02	things	1
cortex_Limbic	19.52063605904937	60	things	06	02	things	1
cortex_SalVentAttn	45.11518627228875	121	things	06	02	things	1
cortex_SomMot	45.608289412731324	194	things	06	02	things	1
cortex_Vis	39.57647622348725	162	things	06	02	things	1
subcortex_CAU	30.299505960566048	8	things	06	02	things	1
subcortex_PUT	30.357940205841903	8	things	06	02	things	1
subcortex_THA	29.56722539889207	14	things	06	02	things	1
cerebellum	36.26760447096216	88	things	06	02	things	2
cortex_Cont	47.37132746846616	128	things	06	02	things	2
cortex_Default	44.931368866666126	209	things	06	02	things	2
cortex_DorsAttn	49.508306053642514	122	things	06	02	things	2
cortex_Limbic	20.509450197842686	60	things	06	02	things	2
cortex_SalVentAttn	46.504953774248094	121	things	06	02	things	2
cortex_SomMot	47.87979690209466	194	things	06	02	things	2
cortex_Vis	38.297297409696235	162	things	06	02	things	2
subcortex_CAU	31.033148788023304	8	things	06	02	things	2
subcortex_PUT	30.461009396346725	8	things	06	02	things	2
subcortex_THA	29.5506417515408	14	things	06	02	things	2
cerebellum	37.86387345457199	88	things	06	02	things	3
cortex_Cont	46.99939517916747	128	things	06	02	things	3
cortex_Default	44.64132093306301	209	things	06	02	things	3
cortex_DorsAttn	51.886117938204094	122	things	06	02	things	3
cortex_Limbic	19.623098330451587	60	things	06	02	things	3
cortex_SalVentAttn	46.13995562929004	121	things	06	02	things	3
cortex_SomMot	48.655431794638154	194	things	06	02	things	3
cortex_Vis	40.36371625201281	162	things	06	02	things	3
subcortex_CAU	31.7209282841737	8	things	06	02	things	3
subcortex_PUT	30.686508826106238	8	things	06	02	things	3
subcortex_THA	30.30116787109398	14	things	06	02	things	3
cerebellum	28.043511056086633	88	things	06	02	things	4
cortex_Cont	36.92617782532843	128	things	06	02	things	4
cortex_Default	36.01527868482623	209	things	06	02	things	4
cortex_DorsAttn	39.93402842580138	122	things	06	02	things	4
cortex_Limbic	16.1308856460986	60	things	06	02	things	4
cortex_SalVentAttn	38.72475195832136	121	things	06	02	things	4
cortex_SomMot	38.12196132555516	194	things	06	02	things	4
cortex_Vis	31.073506590837518	162	things	06	02	things	4
subcortex_CAU	28.256351218311003	8	things	06	02	things	4
subcortex_PUT	28.919858327000583	8	things	06	02	things	4
subcortex_THA	28.200158115255643	14	things	06	02	things	4
cerebellum	31.366261092667138	88	things	06	02	things	5
cortex_Cont	41.54392285268818	128	things	06	02	things	5
cortex_Default	39.208244484992086	209	things	06	02	things	5
cortex_DorsAttn	44.91247970582966	122	things	06	02	things	5
cortex_Limbic	17.465756242401188	60	things	06	02	things	5
cortex_SalVentAttn	41.37909977870126	121	things	06	02	things	5
cortex_SomMot	41.683369343934544	194	things	06	02	things	5
cortex_Vis	34.46424017483936	162	things	06	02	things	5
subcortex_CAU	29.359060980537514	8	things	06	02	things	5
subcortex_PUT	29.101087966672218	8	things	06	02	things	5
subcortex_THA	28.354935139022416	14	things	06	02	things	5
cerebellum	31.666903873555512	88	things	06	02	things	6
cortex_Cont	41.196756829625514	128	things	06	02	things	6
cortex_Default	39.55992800942447	209	things	06	02	things	6
cortex_DorsAttn	45.60778904637872	122	things	06	02	things	6
cortex_Limbic	17.586257852303405	60	things	06	02	things	6
cortex_SalVentAttn	41.888096194652626	121	things	06	02	things	6
cortex_SomMot	42.10028137961926	194	things	06	02	things	6
cortex_Vis	35.01126933842772	162	things	06	02	things	6
subcortex_CAU	29.405587074087595	8	things	06	02	things	6
subcortex_PUT	29.31368189316732	8	things	06	02	things	6
subcortex_THA	28.740861351700435	14	things	06	02	things	6
cerebellum	34.36131080018741	88	things	06	03	things	1
cortex_Cont	43.24449798153958	128	things	06	03	things	1
cortex_Default	42.305273558235186	209	things	06	03	things	1
cortex_DorsAttn	45.56002316897333	122	things	06	03	things	1
cortex_Limbic	19.603382693115588	60	things	06	03	things	1
cortex_SalVentAttn	44.66878453263274	121	things	06	03	things	1
cortex_SomMot	44.28515024084443	194	things	06	03	things	1
cortex_Vis	35.89554919580065	162	things	06	03	things	1
subcortex_CAU	30.39205851038039	8	things	06	03	things	1
subcortex_PUT	30.40307184414838	8	things	06	03	things	1
subcortex_THA	29.691449838854574	14	things	06	03	things	1
cerebellum	31.647062380943684	88	things	06	03	things	2
cortex_Cont	40.52726144389719	128	things	06	03	things	2
cortex_Default	39.86587893011016	209	things	06	03	things	2
cortex_DorsAttn	42.849069207827576	122	things	06	03	things	2
cortex_Limbic	18.132728659050393	60	things	06	03	things	2
cortex_SalVentAttn	42.176176488076116	121	things	06	03	things	2
cortex_SomMot	41.287091290278376	194	things	06	03	things	2
cortex_Vis	33.3750104969476	162	things	06	03	things	2
subcortex_CAU	30.30954549515688	8	things	06	03	things	2
subcortex_PUT	30.30123504951654	8	things	06	03	things	2
subcortex_THA	29.14784201949878	14	things	06	03	things	2
cerebellum	28.254369024535823	88	things	06	03	things	3
cortex_Cont	34.983918658367294	128	things	06	03	things	3
cortex_Default	35.13857246348938	209	things	06	03	things	3
cortex_DorsAttn	36.50696792864184	122	things	06	03	things	3
cortex_Limbic	16.6891952143323	60	things	06	03	things	3
cortex_SalVentAttn	38.34214705562132	121	things	06	03	things	3
cortex_SomMot	35.546166275985364	194	things	06	03	things	3
cortex_Vis	29.88205289998321	162	things	06	03	things	3
subcortex_CAU	28.639508408664863	8	things	06	03	things	3
subcortex_PUT	29.318984463637825	8	things	06	03	things	3
subcortex_THA	28.64052022113787	14	things	06	03	things	3
cerebellum	33.083076801108874	88	things	06	03	things	4
cortex_Cont	41.898857177475186	128	things	06	03	things	4
cortex_Default	40.678721901028496	209	things	06	03	things	4
cortex_DorsAttn	46.42567581762608	122	things	06	03	things	4
cortex_Limbic	17.771024162914916	60	things	06	03	things	4
cortex_SalVentAttn	42.00287123599787	121	things	06	03	things	4
cortex_SomMot	42.163246996805654	194	things	06	03	things	4
cortex_Vis	36.52901558494624	162	things	06	03	things	4
subcortex_CAU	29.507333470531925	8	things	06	03	things	4
subcortex_PUT	29.57897925783004	8	things	06	03	things	4
subcortex_THA	28.44170008090108	14	things	06	03	things	4
cerebellum	34.67007839604283	88	things	06	03	things	5
cortex_Cont	42.17416603890889	128	things	06	03	things	5
cortex_Default	40.80962254025358	209	things	06	03	things	5
cortex_DorsAttn	45.81101765117969	122	things	06	03	things	5
cortex_Limbic	18.325748000095313	60	things	06	03	things	5
cortex_SalVentAttn	42.31996490744195	121	things	06	03	things	5
cortex_SomMot	41.98126673595769	194	things	06	03	things	5
cortex_Vis	37.15878300195173	162	things	06	03	things	5
subcortex_CAU	29.598965775793577	8	things	06	03	things	5
subcortex_PUT	29.916542571612396	8	things	06	03	things	5
subcortex_THA	28.590853198478637	14	things	06	03	things	5
cerebellum	30.991408569458027	88	things	06	03	things	6
cortex_Cont	39.8477163474942	128	things	06	03	things	6
cortex_Default	38.58973629617945	209	things	06	03	things	6
cortex_DorsAttn	41.25903863374223	122	things	06	03	things	6
cortex_Limbic	18.264164716421217	60	things	06	03	things	6
cortex_SalVentAttn	41.024046848634555	121	things	06	03	things	6
cortex_SomMot	39.49616183713601	194	things	06	03	things	6
cortex_Vis	32.75095874297127	162	things	06	03	things	6
subcortex_CAU	29.4855011745126	8	things	06	03	things	6
subcortex_PUT	29.856872982639324	8	things	06	03	things	6
subcortex_THA	28.366650098466526	14	things	06	03	things	6
cerebellum	36.87117812009342	88	things	06	04	things	1
cortex_Cont	46.86792022748432	128	things	06	04	things	1
cortex_Default	44.68715905424176	209	things	06	04	things	1
cortex_DorsAttn	50.44792259394022	122	things	06	04	things	1
cortex_Limbic	20.12740650762553	60	things	06	04	things	1
cortex_SalVentAttn	45.90237914291848	121	things	06	04	things	1
cortex_SomMot	48.073546947134254	194	things	06	04	things	1
cortex_Vis	38.51790793928083	162	things	06	04	things	1
subcortex_CAU	30.763391163429574	8	things	06	04	things	1
subcortex_PUT	30.189171756867452	8	things	06	04	things	1
subcortex_THA	29.554611969456946	14	things	06	04	things	1
cerebellum	36.3974352676003	88	things	06	04	things	2
cortex_Cont	42.243610953420266	128	things	06	04	things	2
cortex_Default	40.96129921902487	209	things	06	04	things	2
cortex_DorsAttn	47.87463571828175	122	things	06	04	things	2
cortex_Limbic	17.713402791176794	60	things	06	04	things	2
cortex_SalVentAttn	43.07013942624667	121	things	06	04	things	2
cortex_SomMot	43.8207105967187	194	things	06	04	things	2
cortex_Vis	38.28640354704313	162	things	06	04	things	2
subcortex_CAU	29.210676276598463	8	things	06	04	things	2
subcortex_PUT	30.01648620759387	8	things	06	04	things	2
subcortex_THA	29.02740820654236	14	things	06	04	things	2
cerebellum	32.66101196410505	88	things	06	04	things	3
cortex_Cont	39.30289473536739	128	things	06	04	things	3
cortex_Default	38.77642022429794	209	things	06	04	things	3
cortex_DorsAttn	44.23602406237163	122	things	06	04	things	3
cortex_Limbic	16.782786053568415	60	things	06	04	things	3
cortex_SalVentAttn	41.56840244771646	121	things	06	04	things	3
cortex_SomMot	41.49102872687596	194	things	06	04	things	3
cortex_Vis	34.46259777596597	162	things	06	04	things	3
subcortex_CAU	28.83287625026505	8	things	06	04	things	3
subcortex_PUT	29.537909968131398	8	things	06	04	things	3
subcortex_THA	28.58201284225522	14	things	06	04	things	3
cerebellum	32.44315936265194	88	things	06	04	things	4
cortex_Cont	39.90752850208815	128	things	06	04	things	4
cortex_Default	38.996190595281846	209	things	06	04	things	4
cortex_DorsAttn	44.87860731116356	122	things	06	04	things	4
cortex_Limbic	17.192191269125026	60	things	06	04	things	4
cortex_SalVentAttn	41.6139146449703	121	things	06	04	things	4
cortex_SomMot	41.30984702089266	194	things	06	04	things	4
cortex_Vis	35.361069923785145	162	things	06	04	things	4
subcortex_CAU	29.039460264824868	8	things	06	04	things	4
subcortex_PUT	29.554836687307443	8	things	06	04	things	4
subcortex_THA	28.557419526177537	14	things	06	04	things	4
cerebellum	28.112209259702595	88	things	06	04	things	5
cortex_Cont	37.902444742236646	128	things	06	04	things	5
cortex_Default	36.532106641690156	209	things	06	04	things	5
cortex_DorsAttn	39.985833654618936	122	things	06	04	things	5
cortex_Limbic	16.431738688343362	60	things	06	04	things	5
cortex_SalVentAttn	39.90693929769763	121	things	06	04	things	5
cortex_SomMot	38.76669699882437	194	things	06	04	things	5
cortex_Vis	30.404460165284483	162	things	06	04	things	5
subcortex_CAU	29.243141638455864	8	things	06	04	things	5
subcortex_PUT	29.236251965674967	8	things	06	04	things	5
subcortex_THA	28.232520565035884	14	things	06	04	things	5
cerebellum	37.02529578718881	88	things	06	04	things	6
cortex_Cont	42.67361934232312	128	things	06	04	things	6
cortex_Default	41.92041082269692	209	things	06	04	things	6
cortex_DorsAttn	48.75415265870794	122	things	06	04	things	6
cortex_Limbic	18.399249193283524	60	things	06	04	things	6
cortex_SalVentAttn	43.51390597162702	121	things	06	04	things	6
cortex_SomMot	44.471725348076454	194	things	06	04	things	6
cortex_Vis	38.36797624915964	162	things	06	04	things	6
subcortex_CAU	30.064683273628525	8	things	06	04	things	6
subcortex_PUT	30.192671460143718	8	things	06	04	things	6
subcortex_THA	28.660829964511215	14	things	06	04	things	6
cerebellum	33.76011097816842	88	things	06	05	things	1
cortex_Cont	41.244475379110625	128	things	06	05	things	1
cortex_Default	40.33864510125011	209	things	06	05	things	1
cortex_DorsAttn	43.874304266280085	122	things	06	05	things	1
cortex_Limbic	18.400284001667863	60	things	06	05	things	1
cortex_SalVentAttn	42.20603798168261	121	things	06	05	things	1
cortex_SomMot	42.029469797033535	194	things	06	05	things	1
cortex_Vis	35.73640390721555	162	things	06	05	things	1
subcortex_CAU	30.60924377830253	8	things	06	05	things	1
subcortex_PUT	30.318715335092932	8	things	06	05	things	1
subcortex_THA	29.898864103983406	14	things	06	05	things	1
cerebellum	38.79443729576958	88	things	06	05	things	2
cortex_Cont	47.71179085915647	128	things	06	05	things	2
cortex_Default	45.546928041581566	209	things	06	05	things	2
cortex_DorsAttn	51.12256225363383	122	things	06	05	things	2
cortex_Limbic	20.558382864919086	60	things	06	05	things	2
cortex_SalVentAttn	46.24628776940734	121	things	06	05	things	2
cortex_SomMot	47.89245470202951	194	things	06	05	things	2
cortex_Vis	40.02847446639039	162	things	06	05	things	2
subcortex_CAU	33.68345981819945	8	things	06	05	things	2
subcortex_PUT	31.462498519858954	8	things	06	05	things	2
subcortex_THA	30.83331551008793	14	things	06	05	things	2
cerebellum	37.77962924120941	88	things	06	05	things	3
cortex_Cont	45.87535929513536	128	things	06	05	things	3
cortex_Default	43.9224910758953	209	things	06	05	things	3
cortex_DorsAttn	50.12925630426586	122	things	06	05	things	3
cortex_Limbic	19.505185455741636	60	things	06	05	things	3
cortex_SalVentAttn	44.996477043784246	121	things	06	05	things	3
cortex_SomMot	46.337798651114625	194	things	06	05	things	3
cortex_Vis	39.33843181221673	162	things	06	05	things	3
subcortex_CAU	31.515486475606565	8	things	06	05	things	3
subcortex_PUT	30.55062248903132	8	things	06	05	things	3
subcortex_THA	29.78176129980077	14	things	06	05	things	3
cerebellum	27.404421068412503	88	things	06	05	things	4
cortex_Cont	35.17968176763798	128	things	06	05	things	4
cortex_Default	34.66402305065503	209	things	06	05	things	4
cortex_DorsAttn	37.151106102733685	122	things	06	05	things	4
cortex_Limbic	16.092177487848378	60	things	06	05	things	4
cortex_SalVentAttn	38.122034965181	121	things	06	05	things	4
cortex_SomMot	37.16259808644964	194	things	06	05	things	4
cortex_Vis	28.929318671297214	162	things	06	05	things	4
subcortex_CAU	28.86229094596777	8	things	06	05	things	4
subcortex_PUT	29.17851342787353	8	things	06	05	things	4
subcortex_THA	28.385938432771905	14	things	06	05	things	4
cerebellum	32.24520397140801	88	things	06	05	things	5
cortex_Cont	40.95084709335556	128	things	06	05	things	5
cortex_Default	39.85842207256195	209	things	06	05	things	5
cortex_DorsAttn	44.297090426087514	122	things	06	05	things	5
cortex_Limbic	17.946719218732103	60	things	06	05	things	5
cortex_SalVentAttn	42.443537943235135	121	things	06	05	things	5
cortex_SomMot	42.15053566767634	194	things	06	05	things	5
cortex_Vis	34.38758576104436	162	things	06	05	things	5
subcortex_CAU	30.788622649312565	8	things	06	05	things	5
subcortex_PUT	29.99966590378543	8	things	06	05	things	5
subcortex_THA	29.733700898108104	14	things	06	05	things	5
cerebellum	34.527305430186054	88	things	06	05	things	6
cortex_Cont	42.86763354046118	128	things	06	05	things	6
cortex_Default	41.28639671918782	209	things	06	05	things	6
cortex_DorsAttn	48.62037008156178	122	things	06	05	things	6
cortex_Limbic	17.885955170117693	60	things	06	05	things	6
cortex_SalVentAttn	43.31744536502263	121	things	06	05	things	6
cortex_SomMot	44.17000769737624	194	things	06	05	things	6
cortex_Vis	37.37851535576362	162	things	06	05	things	6
subcortex_CAU	30.81666406941214	8	things	06	05	things	6
subcortex_PUT	30.325530880256526	8	things	06	05	things	6
subcortex_THA	29.340936817366515	14	things	06	05	things	6
cerebellum	38.12464351213901	88	things	06	06	things	1
cortex_Cont	47.30813089212302	128	things	06	06	things	1
cortex_Default	44.81053859924733	209	things	06	06	things	1
cortex_DorsAttn	51.43257509127143	122	things	06	06	things	1
cortex_Limbic	19.66916997175931	60	things	06	06	things	1
cortex_SalVentAttn	45.76549998502865	121	things	06	06	things	1
cortex_SomMot	47.131508548571745	194	things	06	06	things	1
cortex_Vis	40.60649413898332	162	things	06	06	things	1
subcortex_CAU	32.0406262752121	8	things	06	06	things	1
subcortex_PUT	31.207091522334007	8	things	06	06	things	1
subcortex_THA	30.015806277505117	14	things	06	06	things	1
cerebellum	36.63203177419417	88	things	06	06	things	2
cortex_Cont	44.179887771253625	128	things	06	06	things	2
cortex_Default	42.40412359265564	209	things	06	06	things	2
cortex_DorsAttn	49.8859345939454	122	things	06	06	things	2
cortex_Limbic	18.44310256572231	60	things	06	06	things	2
cortex_SalVentAttn	44.27719969010961	121	things	06	06	things	2
cortex_SomMot	45.32329080694537	194	things	06	06	things	2
cortex_Vis	39.273636935331645	162	things	06	06	things	2
subcortex_CAU	31.358314432128346	8	things	06	06	things	2
subcortex_PUT	30.819604851816447	8	things	06	06	things	2
subcortex_THA	29.781202501455834	14	things	06	06	things	2
cerebellum	37.384883107410495	88	things	06	06	things	3
cortex_Cont	44.40294088879713	128	things	06	06	things	3
cortex_Default	42.410789452082206	209	things	06	06	things	3
cortex_DorsAttn	50.57017350928275	122	things	06	06	things	3
cortex_Limbic	18.706834733316974	60	things	06	06	things	3
cortex_SalVentAttn	44.430294229635706	121	things	06	06	things	3
cortex_SomMot	45.763341531101894	194	things	06	06	things	3
cortex_Vis	39.26575265282991	162	things	06	06	things	3
subcortex_CAU	33.13446232683245	8	things	06	06	things	3
subcortex_PUT	31.501565361414155	8	things	06	06	things	3
subcortex_THA	30.25543517486621	14	things	06	06	things	3
cerebellum	34.575994966482	88	things	06	06	things	4
cortex_Cont	42.960536683617214	128	things	06	06	things	4
cortex_Default	41.24098705170898	209	things	06	06	things	4
cortex_DorsAttn	47.292141987440864	122	things	06	06	things	4
cortex_Limbic	18.46878320368352	60	things	06	06	things	4
cortex_SalVentAttn	43.0716305188473	121	things	06	06	things	4
cortex_SomMot	43.31085787603343	194	things	06	06	things	4
cortex_Vis	36.92790069141569	162	things	06	06	things	4
subcortex_CAU	31.066357557263757	8	things	06	06	things	4
subcortex_PUT	30.71393705632123	8	things	06	06	things	4
subcortex_THA	29.415293766991358	14	things	06	06	things	4
cerebellum	28.08098996084323	88	things	06	06	things	5
cortex_Cont	36.18636300234945	128	things	06	06	things	5
cortex_Default	35.90674503138375	209	things	06	06	things	5
cortex_DorsAttn	39.41257037449038	122	things	06	06	things	5
cortex_Limbic	16.471415378586403	60	things	06	06	things	5
cortex_SalVentAttn	38.6045744423375	121	things	06	06	things	5
cortex_SomMot	37.344380303800364	194	things	06	06	things	5
cortex_Vis	30.63847087589549	162	things	06	06	things	5
subcortex_CAU	30.549367962951678	8	things	06	06	things	5
subcortex_PUT	30.065693936987625	8	things	06	06	things	5
subcortex_THA	28.720093519365758	14	things	06	06	things	5
cerebellum	31.83434026282453	88	things	06	06	things	6
cortex_Cont	40.921462465639515	128	things	06	06	things	6
cortex_Default	38.93223418773746	209	things	06	06	things	6
cortex_DorsAttn	44.67712207026179	122	things	06	06	things	6
cortex_Limbic	17.42602419023782	60	things	06	06	things	6
cortex_SalVentAttn	40.9799131772611	121	things	06	06	things	6
cortex_SomMot	40.990769712783894	194	things	06	06	things	6
cortex_Vis	34.8947615985711	162	things	06	06	things	6
subcortex_CAU	30.574284772935695	8	things	06	06	things	6
subcortex_PUT	30.14753651532064	8	things	06	06	things	6
subcortex_THA	28.857234571878866	14	things	06	06	things	6
cerebellum	37.36695239891787	88	things	06	07	things	1
cortex_Cont	49.41607517735183	128	things	06	07	things	1
cortex_Default	46.49685074255017	209	things	06	07	things	1
cortex_DorsAttn	53.36052394764578	122	things	06	07	things	1
cortex_Limbic	20.063199995532113	60	things	06	07	things	1
cortex_SalVentAttn	47.70908090285704	121	things	06	07	things	1
cortex_SomMot	50.786385810308396	194	things	06	07	things	1
cortex_Vis	39.92868084428328	162	things	06	07	things	1
subcortex_CAU	31.96531450119634	8	things	06	07	things	1
subcortex_PUT	30.877013374094442	8	things	06	07	things	1
subcortex_THA	30.071571059445542	14	things	06	07	things	1
cerebellum	35.362499811472226	88	things	06	07	things	2
cortex_Cont	47.885437660666014	128	things	06	07	things	2
cortex_Default	44.845544850225345	209	things	06	07	things	2
cortex_DorsAttn	50.79574937532231	122	things	06	07	things	2
cortex_Limbic	19.761863414357663	60	things	06	07	things	2
cortex_SalVentAttn	46.586068657580824	121	things	06	07	things	2
cortex_SomMot	48.05235858243593	194	things	06	07	things	2
cortex_Vis	38.53896031162909	162	things	06	07	things	2
subcortex_CAU	32.01018593221373	8	things	06	07	things	2
subcortex_PUT	30.83639269904667	8	things	06	07	things	2
subcortex_THA	29.74739657967071	14	things	06	07	things	2
cerebellum	34.45203696901851	88	things	06	07	things	3
cortex_Cont	44.327550371912025	128	things	06	07	things	3
cortex_Default	41.91810378237291	209	things	06	07	things	3
cortex_DorsAttn	49.55524774954289	122	things	06	07	things	3
cortex_Limbic	18.16149419965955	60	things	06	07	things	3
cortex_SalVentAttn	43.654170763386304	121	things	06	07	things	3
cortex_SomMot	44.98396307408027	194	things	06	07	things	3
cortex_Vis	37.388924747617054	162	things	06	07	things	3
subcortex_CAU	30.937632124362118	8	things	06	07	things	3
subcortex_PUT	30.002090422174618	8	things	06	07	things	3
subcortex_THA	29.340232657175818	14	things	06	07	things	3
cerebellum	30.668407312864165	88	things	06	07	things	4
cortex_Cont	39.952036842753344	128	things	06	07	things	4
cortex_Default	38.71114280766491	209	things	06	07	things	4
cortex_DorsAttn	43.0016025059696	122	things	06	07	things	4
cortex_Limbic	17.330303869889523	60	things	06	07	things	4
cortex_SalVentAttn	41.34378624221934	121	things	06	07	things	4
cortex_SomMot	40.37501760228478	194	things	06	07	things	4
cortex_Vis	33.71392372149433	162	things	06	07	things	4
subcortex_CAU	30.533875566853958	8	things	06	07	things	4
subcortex_PUT	29.9358399682926	8	things	06	07	things	4
subcortex_THA	28.976751981044437	14	things	06	07	things	4
cerebellum	28.233246705570878	88	things	06	07	things	5
cortex_Cont	39.733184032500326	128	things	06	07	things	5
cortex_Default	37.91260484074799	209	things	06	07	things	5
cortex_DorsAttn	41.34925443893299	122	things	06	07	things	5
cortex_Limbic	17.49676452750645	60	things	06	07	things	5
cortex_SalVentAttn	40.6938373672587	121	things	06	07	things	5
cortex_SomMot	39.55554038889378	194	things	06	07	things	5
cortex_Vis	30.852620548766915	162	things	06	07	things	5
subcortex_CAU	31.86569751737742	8	things	06	07	things	5
subcortex_PUT	30.32312799254538	8	things	06	07	things	5
subcortex_THA	29.157263152166205	14	things	06	07	things	5
cerebellum	29.293183874584262	88	things	06	07	things	6
cortex_Cont	38.39705425796886	128	things	06	07	things	6
cortex_Default	36.74404940824124	209	things	06	07	things	6
cortex_DorsAttn	41.08725705105031	122	things	06	07	things	6
cortex_Limbic	16.55014650613971	60	things	06	07	things	6
cortex_SalVentAttn	39.29534090562894	121	things	06	07	things	6
cortex_SomMot	38.09862272560508	194	things	06	07	things	6
cortex_Vis	31.84488373024322	162	things	06	07	things	6
subcortex_CAU	30.690579667214646	8	things	06	07	things	6
subcortex_PUT	29.850389272449696	8	things	06	07	things	6
subcortex_THA	29.036675224825263	14	things	06	07	things	6
cerebellum	31.42671541315627	88	things	06	08	things	1
cortex_Cont	40.17276186309781	128	things	06	08	things	1
cortex_Default	39.116074480019776	209	things	06	08	things	1
cortex_DorsAttn	43.05691786593949	122	things	06	08	things	1
cortex_Limbic	17.782818357187246	60	things	06	08	things	1
cortex_SalVentAttn	42.13757718087195	121	things	06	08	things	1
cortex_SomMot	42.45293014987909	194	things	06	08	things	1
cortex_Vis	32.76996015699496	162	things	06	08	things	1
subcortex_CAU	30.79657405890486	8	things	06	08	things	1
subcortex_PUT	30.34890694370188	8	things	06	08	things	1
subcortex_THA	30.0518972678036	14	things	06	08	things	1
cerebellum	33.107443703012144	88	things	06	08	things	2
cortex_Cont	40.722811224935654	128	things	06	08	things	2
cortex_Default	39.93861038572379	209	things	06	08	things	2
cortex_DorsAttn	42.716202997919666	122	things	06	08	things	2
cortex_Limbic	18.47148147707434	60	things	06	08	things	2
cortex_SalVentAttn	41.93867484518395	121	things	06	08	things	2
cortex_SomMot	42.102353141196296	194	things	06	08	things	2
cortex_Vis	33.84854451108054	162	things	06	08	things	2
subcortex_CAU	30.258236763435598	8	things	06	08	things	2
subcortex_PUT	29.396503072659296	8	things	06	08	things	2
subcortex_THA	29.217698305581496	14	things	06	08	things	2
cerebellum	34.095881861442734	88	things	06	08	things	3
cortex_Cont	43.58229285094995	128	things	06	08	things	3
cortex_Default	41.71712779192316	209	things	06	08	things	3
cortex_DorsAttn	45.12539557397516	122	things	06	08	things	3
cortex_Limbic	19.574240974463475	60	things	06	08	things	3
cortex_SalVentAttn	43.35740967544169	121	things	06	08	things	3
cortex_SomMot	43.41123582424204	194	things	06	08	things	3
cortex_Vis	34.987258817959344	162	things	06	08	things	3
subcortex_CAU	31.246918231442844	8	things	06	08	things	3
subcortex_PUT	29.94530520125673	8	things	06	08	things	3
subcortex_THA	29.195945526072638	14	things	06	08	things	3
cerebellum	32.5528971272298	88	things	06	08	things	4
cortex_Cont	37.684080148256	128	things	06	08	things	4
cortex_Default	36.85998191193257	209	things	06	08	things	4
cortex_DorsAttn	42.36103197975823	122	things	06	08	things	4
cortex_Limbic	16.22368189325793	60	things	06	08	things	4
cortex_SalVentAttn	39.53071651058403	121	things	06	08	things	4
cortex_SomMot	39.19460866157599	194	things	06	08	things	4
cortex_Vis	33.21596296285711	162	things	06	08	things	4
subcortex_CAU	28.665299173410414	8	things	06	08	things	4
subcortex_PUT	28.78299879127576	8	things	06	08	things	4
subcortex_THA	28.189219154649894	14	things	06	08	things	4
cerebellum	31.416948529201512	88	things	06	08	things	5
cortex_Cont	36.764732866188055	128	things	06	08	things	5
cortex_Default	36.59260235701779	209	things	06	08	things	5
cortex_DorsAttn	40.0374756465523	122	things	06	08	things	5
cortex_Limbic	17.14733935673347	60	things	06	08	things	5
cortex_SalVentAttn	38.676793695812194	121	things	06	08	things	5
cortex_SomMot	37.57259087248752	194	things	06	08	things	5
cortex_Vis	31.8504247340662	162	things	06	08	things	5
subcortex_CAU	30.23329389021729	8	things	06	08	things	5
subcortex_PUT	29.63861737357058	8	things	06	08	things	5
subcortex_THA	28.77208264546957	14	things	06	08	things	5
cerebellum	29.784528535233086	88	things	06	09	things	1
cortex_Cont	36.78326747229385	128	things	06	09	things	1
cortex_Default	36.15401551053677	209	things	06	09	things	1
cortex_DorsAttn	39.503998699166125	122	things	06	09	things	1
cortex_Limbic	16.163181242804864	60	things	06	09	things	1
cortex_SalVentAttn	38.86736704690413	121	things	06	09	things	1
cortex_SomMot	37.03976654575262	194	things	06	09	things	1
cortex_Vis	31.517264069506254	162	things	06	09	things	1
subcortex_CAU	28.98022378256162	8	things	06	09	things	1
subcortex_PUT	29.85857310715698	8	things	06	09	things	1
subcortex_THA	28.98525211209978	14	things	06	09	things	1
cerebellum	30.80203334142948	88	things	06	09	things	2
cortex_Cont	39.61685012925849	128	things	06	09	things	2
cortex_Default	37.78993021666708	209	things	06	09	things	2
cortex_DorsAttn	43.48938241030928	122	things	06	09	things	2
cortex_Limbic	16.03475348038506	60	things	06	09	things	2
cortex_SalVentAttn	40.27280802520561	121	things	06	09	things	2
cortex_SomMot	39.885195944919666	194	things	06	09	things	2
cortex_Vis	33.09082691150189	162	things	06	09	things	2
subcortex_CAU	28.79877591546839	8	things	06	09	things	2
subcortex_PUT	29.038645283174407	8	things	06	09	things	2
subcortex_THA	28.31303830561605	14	things	06	09	things	2
cerebellum	31.39438340400933	88	things	06	09	things	3
cortex_Cont	37.35091536624535	128	things	06	09	things	3
cortex_Default	36.56985543769483	209	things	06	09	things	3
cortex_DorsAttn	42.01596857925913	122	things	06	09	things	3
cortex_Limbic	16.04058886462513	60	things	06	09	things	3
cortex_SalVentAttn	38.91316453748957	121	things	06	09	things	3
cortex_SomMot	37.9040575751468	194	things	06	09	things	3
cortex_Vis	33.72464796491242	162	things	06	09	things	3
subcortex_CAU	28.47721794483508	8	things	06	09	things	3
subcortex_PUT	29.403267141636597	8	things	06	09	things	3
subcortex_THA	28.36399206692281	14	things	06	09	things	3
cerebellum	27.095202010843305	88	things	06	09	things	4
cortex_Cont	34.53207359970483	128	things	06	09	things	4
cortex_Default	33.958844913448345	209	things	06	09	things	4
cortex_DorsAttn	36.606007345621194	122	things	06	09	things	4
cortex_Limbic	15.710338171876579	60	things	06	09	things	4
cortex_SalVentAttn	37.490137886576235	121	things	06	09	things	4
cortex_SomMot	35.58806467318932	194	things	06	09	things	4
cortex_Vis	28.630374306256698	162	things	06	09	things	4
subcortex_CAU	28.653482779719624	8	things	06	09	things	4
subcortex_PUT	29.19374262675876	8	things	06	09	things	4
subcortex_THA	28.235181877923463	14	things	06	09	things	4
cerebellum	29.44578627660993	88	things	06	09	things	5
cortex_Cont	37.2983073467254	128	things	06	09	things	5
cortex_Default	35.93746817792979	209	things	06	09	things	5
cortex_DorsAttn	40.54456074629454	122	things	06	09	things	5
cortex_Limbic	15.702833964961282	60	things	06	09	things	5
cortex_SalVentAttn	38.45509661905572	121	things	06	09	things	5
cortex_SomMot	37.43687766044119	194	things	06	09	things	5
cortex_Vis	32.444929505348966	162	things	06	09	things	5
subcortex_CAU	27.874277844358403	8	things	06	09	things	5
subcortex_PUT	28.59812241994741	8	things	06	09	things	5
subcortex_THA	28.00953945588618	14	things	06	09	things	5
cerebellum	30.94499351576346	88	things	06	09	things	6
cortex_Cont	38.979266051808715	128	things	06	09	things	6
cortex_Default	37.38343382826547	209	things	06	09	things	6
cortex_DorsAttn	41.8765970595107	122	things	06	09	things	6
cortex_Limbic	16.258005943528204	60	things	06	09	things	6
cortex_SalVentAttn	40.53074827532549	121	things	06	09	things	6
cortex_SomMot	39.13096569359902	194	things	06	09	things	6
cortex_Vis	33.40025773541218	162	things	06	09	things	6
subcortex_CAU	29.218701707326353	8	things	06	09	things	6
subcortex_PUT	29.79363929289942	8	things	06	09	things	6
subcortex_THA	28.528258163419718	14	things	06	09	things	6
cerebellum	31.672789901037074	88	things	06	10	things	1
cortex_Cont	39.29125053268444	128	things	06	10	things	1
cortex_Default	38.477727197274156	209	things	06	10	things	1
cortex_DorsAttn	42.673656687495736	122	things	06	10	things	1
cortex_Limbic	17.21178891803836	60	things	06	10	things	1
cortex_SalVentAttn	40.787134717537114	121	things	06	10	things	1
cortex_SomMot	39.52807920038887	194	things	06	10	things	1
cortex_Vis	33.69953877982745	162	things	06	10	things	1
subcortex_CAU	29.915094814120142	8	things	06	10	things	1
subcortex_PUT	29.770441307209015	8	things	06	10	things	1
subcortex_THA	29.06478202876091	14	things	06	10	things	1
cerebellum	28.604049342413624	88	things	06	10	things	2
cortex_Cont	35.20860410486478	128	things	06	10	things	2
cortex_Default	35.16532433853564	209	things	06	10	things	2
cortex_DorsAttn	38.85666735870088	122	things	06	10	things	2
cortex_Limbic	15.52297206221448	60	things	06	10	things	2
cortex_SalVentAttn	38.75415754007701	121	things	06	10	things	2
cortex_SomMot	37.440750646118346	194	things	06	10	things	2
cortex_Vis	30.475001194423267	162	things	06	10	things	2
subcortex_CAU	28.674690899120307	8	things	06	10	things	2
subcortex_PUT	28.775278796053417	8	things	06	10	things	2
subcortex_THA	28.30273811017329	14	things	06	10	things	2
cerebellum	28.32763944524356	88	things	06	10	things	3
cortex_Cont	35.513750807173295	128	things	06	10	things	3
cortex_Default	34.768531316920885	209	things	06	10	things	3
cortex_DorsAttn	38.624246702566076	122	things	06	10	things	3
cortex_Limbic	15.185701921777055	60	things	06	10	things	3
cortex_SalVentAttn	37.04373243380479	121	things	06	10	things	3
cortex_SomMot	35.50027700440429	194	things	06	10	things	3
cortex_Vis	30.61170552971921	162	things	06	10	things	3
subcortex_CAU	28.60002546119193	8	things	06	10	things	3
subcortex_PUT	28.64129033711602	8	things	06	10	things	3
subcortex_THA	27.765127636648383	14	things	06	10	things	3
cerebellum	30.49212863186	88	things	06	10	things	4
cortex_Cont	40.034869012124176	128	things	06	10	things	4
cortex_Default	38.585577713929766	209	things	06	10	things	4
cortex_DorsAttn	42.04747536927332	122	things	06	10	things	4
cortex_Limbic	17.601372978704227	60	things	06	10	things	4
cortex_SalVentAttn	40.68750830829053	121	things	06	10	things	4
cortex_SomMot	39.69868554988939	194	things	06	10	things	4
cortex_Vis	31.858274981708117	162	things	06	10	things	4
subcortex_CAU	29.320801323760737	8	things	06	10	things	4
subcortex_PUT	29.2151494354501	8	things	06	10	things	4
subcortex_THA	28.009360979400025	14	things	06	10	things	4
cerebellum	29.802321373782323	88	things	06	10	things	5
cortex_Cont	37.53801952109287	128	things	06	10	things	5
cortex_Default	36.135578055147604	209	things	06	10	things	5
cortex_DorsAttn	41.12959654163194	122	things	06	10	things	5
cortex_Limbic	16.29455181722398	60	things	06	10	things	5
cortex_SalVentAttn	38.625553105947915	121	things	06	10	things	5
cortex_SomMot	37.76026047078852	194	things	06	10	things	5
cortex_Vis	31.791284258598644	162	things	06	10	things	5
subcortex_CAU	28.19421037990559	8	things	06	10	things	5
subcortex_PUT	28.575172142883385	8	things	06	10	things	5
subcortex_THA	27.618934333931833	14	things	06	10	things	5
cerebellum	30.39096170145667	88	things	06	10	things	6
cortex_Cont	36.88124189590553	128	things	06	10	things	6
cortex_Default	35.81416878715399	209	things	06	10	things	6
cortex_DorsAttn	40.72788070885212	122	things	06	10	things	6
cortex_Limbic	15.99341946094445	60	things	06	10	things	6
cortex_SalVentAttn	37.666350529720205	121	things	06	10	things	6
cortex_SomMot	37.21273518544665	194	things	06	10	things	6
cortex_Vis	32.52466698492656	162	things	06	10	things	6
subcortex_CAU	28.182334461422826	8	things	06	10	things	6
subcortex_PUT	28.39928005454614	8	things	06	10	things	6
subcortex_THA	27.190262915918147	14	things	06	10	things	6
cerebellum	37.31003306167442	88	things	06	11	things	1
cortex_Cont	47.51085319605721	128	things	06	11	things	1
cortex_Default	45.006222400509216	209	things	06	11	things	1
cortex_DorsAttn	50.99267241890399	122	things	06	11	things	1
cortex_Limbic	19.951580520933017	60	things	06	11	things	1
cortex_SalVentAttn	45.92573424339526	121	things	06	11	things	1
cortex_SomMot	49.00238503735959	194	things	06	11	things	1
cortex_Vis	39.102127242203565	162	things	06	11	things	1
subcortex_CAU	31.675809533430925	8	things	06	11	things	1
subcortex_PUT	30.823605727494197	8	things	06	11	things	1
subcortex_THA	29.99982366002311	14	things	06	11	things	1
cerebellum	39.36143544061765	88	things	06	11	things	2
cortex_Cont	47.268888225886634	128	things	06	11	things	2
cortex_Default	44.89312434500374	209	things	06	11	things	2
cortex_DorsAttn	51.45809561729145	122	things	06	11	things	2
cortex_Limbic	20.005284984261905	60	things	06	11	things	2
cortex_SalVentAttn	46.572676718939356	121	things	06	11	things	2
cortex_SomMot	48.052921549889454	194	things	06	11	things	2
cortex_Vis	40.08098614063084	162	things	06	11	things	2
subcortex_CAU	31.91479720103701	8	things	06	11	things	2
subcortex_PUT	31.051029516812502	8	things	06	11	things	2
subcortex_THA	30.054628318829792	14	things	06	11	things	2
cerebellum	36.27851004900821	88	things	06	11	things	3
cortex_Cont	44.34238779483477	128	things	06	11	things	3
cortex_Default	42.15625550153287	209	things	06	11	things	3
cortex_DorsAttn	48.432370208396925	122	things	06	11	things	3
cortex_Limbic	19.10154229151833	60	things	06	11	things	3
cortex_SalVentAttn	44.60863683893775	121	things	06	11	things	3
cortex_SomMot	45.78116989152243	194	things	06	11	things	3
cortex_Vis	36.91322154993881	162	things	06	11	things	3
subcortex_CAU	31.225156899434523	8	things	06	11	things	3
subcortex_PUT	30.14332352494849	8	things	06	11	things	3
subcortex_THA	29.89958412836743	14	things	06	11	things	3
cerebellum	31.48346602349519	88	things	06	11	things	4
cortex_Cont	40.382922860677716	128	things	06	11	things	4
cortex_Default	38.5345806724811	209	things	06	11	things	4
cortex_DorsAttn	44.004887672664296	122	things	06	11	things	4
cortex_Limbic	16.825910477212037	60	things	06	11	things	4
cortex_SalVentAttn	40.091362157846284	121	things	06	11	things	4
cortex_SomMot	40.8772551951573	194	things	06	11	things	4
cortex_Vis	33.62605095149145	162	things	06	11	things	4
subcortex_CAU	29.592834794531484	8	things	06	11	things	4
subcortex_PUT	29.454621516147554	8	things	06	11	things	4
subcortex_THA	28.243359406883904	14	things	06	11	things	4
cerebellum	28.32502102443303	88	things	06	11	things	5
cortex_Cont	37.08109961679046	128	things	06	11	things	5
cortex_Default	35.502716044425156	209	things	06	11	things	5
cortex_DorsAttn	39.077128603270516	122	things	06	11	things	5
cortex_Limbic	16.407507810795575	60	things	06	11	things	5
cortex_SalVentAttn	38.310748941472575	121	things	06	11	things	5
cortex_SomMot	36.80319954261575	194	things	06	11	things	5
cortex_Vis	30.40300209170689	162	things	06	11	things	5
subcortex_CAU	30.272990666234353	8	things	06	11	things	5
subcortex_PUT	29.937677288700176	8	things	06	11	things	5
subcortex_THA	28.66611534504525	14	things	06	11	things	5
cerebellum	31.521148589769396	88	things	06	11	things	6
cortex_Cont	39.41818141868185	128	things	06	11	things	6
cortex_Default	38.355233668459924	209	things	06	11	things	6
cortex_DorsAttn	43.033013431932226	122	things	06	11	things	6
cortex_Limbic	16.942417471810185	60	things	06	11	things	6
cortex_SalVentAttn	40.44211511827047	121	things	06	11	things	6
cortex_SomMot	40.310622595762794	194	things	06	11	things	6
cortex_Vis	34.0669629861612	162	things	06	11	things	6
subcortex_CAU	31.652510266936705	8	things	06	11	things	6
subcortex_PUT	30.039370378253302	8	things	06	11	things	6
subcortex_THA	29.285082431161204	14	things	06	11	things	6
cerebellum	29.15324268043092	88	things	06	12	things	1
cortex_Cont	38.955283581594024	128	things	06	12	things	1
cortex_Default	37.18079805652571	209	things	06	12	things	1
cortex_DorsAttn	41.47747502106808	122	things	06	12	things	1
cortex_Limbic	16.654624898425666	60	things	06	12	things	1
cortex_SalVentAttn	40.03459319617822	121	things	06	12	things	1
cortex_SomMot	39.47756706386827	194	things	06	12	things	1
cortex_Vis	32.11583989343942	162	things	06	12	things	1
subcortex_CAU	31.472723265845573	8	things	06	12	things	1
subcortex_PUT	30.380227050769115	8	things	06	12	things	1
subcortex_THA	29.49917297300724	14	things	06	12	things	1
cerebellum	34.99326706546169	88	things	06	12	things	2
cortex_Cont	45.4582857457221	128	things	06	12	things	2
cortex_Default	42.75944100900407	209	things	06	12	things	2
cortex_DorsAttn	49.62769521331635	122	things	06	12	things	2
cortex_Limbic	18.254784120766228	60	things	06	12	things	2
cortex_SalVentAttn	44.85019185148413	121	things	06	12	things	2
cortex_SomMot	46.17260428972437	194	things	06	12	things	2
cortex_Vis	38.49895858005254	162	things	06	12	things	2
subcortex_CAU	31.375231444399457	8	things	06	12	things	2
subcortex_PUT	30.345814973621927	8	things	06	12	things	2
subcortex_THA	29.51551549282405	14	things	06	12	things	2
cerebellum	30.89582057464747	88	things	06	12	things	3
cortex_Cont	40.184186355291175	128	things	06	12	things	3
cortex_Default	38.08606021718802	209	things	06	12	things	3
cortex_DorsAttn	43.79245549739233	122	things	06	12	things	3
cortex_Limbic	16.838832003238362	60	things	06	12	things	3
cortex_SalVentAttn	40.8931754598706	121	things	06	12	things	3
cortex_SomMot	40.553840346025375	194	things	06	12	things	3
cortex_Vis	33.91293616021011	162	things	06	12	things	3
subcortex_CAU	29.448635991592923	8	things	06	12	things	3
subcortex_PUT	29.270039444918073	8	things	06	12	things	3
subcortex_THA	29.113719378766188	14	things	06	12	things	3
cerebellum	30.224742776936615	88	things	06	12	things	4
cortex_Cont	39.04825420333453	128	things	06	12	things	4
cortex_Default	38.006137949057226	209	things	06	12	things	4
cortex_DorsAttn	42.041698374748016	122	things	06	12	things	4
cortex_Limbic	16.812893208612106	60	things	06	12	things	4
cortex_SalVentAttn	40.95458126487765	121	things	06	12	things	4
cortex_SomMot	39.698025663282564	194	things	06	12	things	4
cortex_Vis	33.30681461001954	162	things	06	12	things	4
subcortex_CAU	29.789978848422656	8	things	06	12	things	4
subcortex_PUT	29.57612916410961	8	things	06	12	things	4
subcortex_THA	28.917374724209644	14	things	06	12	things	4
cerebellum	28.583971431714325	88	things	06	12	things	5
cortex_Cont	37.61405998934824	128	things	06	12	things	5
cortex_Default	36.599766344410604	209	things	06	12	things	5
cortex_DorsAttn	41.16729735757228	122	things	06	12	things	5
cortex_Limbic	16.208872773809592	60	things	06	12	things	5
cortex_SalVentAttn	39.97077996934582	121	things	06	12	things	5
cortex_SomMot	38.84093519157856	194	things	06	12	things	5
cortex_Vis	31.686587278160882	162	things	06	12	things	5
subcortex_CAU	29.45066091883326	8	things	06	12	things	5
subcortex_PUT	29.398533407033668	8	things	06	12	things	5
subcortex_THA	28.882586597255813	14	things	06	12	things	5
cerebellum	29.510393605714718	88	things	06	12	things	6
cortex_Cont	37.37489449388614	128	things	06	12	things	6
cortex_Default	36.145787828860286	209	things	06	12	things	6
cortex_DorsAttn	39.981577935469375	122	things	06	12	things	6
cortex_Limbic	16.58290076619083	60	things	06	12	things	6
cortex_SalVentAttn	38.330443377210685	121	things	06	12	things	6
cortex_SomMot	36.68139858042995	194	things	06	12	things	6
cortex_Vis	32.492969002758386	162	things	06	12	things	6
subcortex_CAU	28.956250154847364	8	things	06	12	things	6
subcortex_PUT	29.084520193515704	8	things	06	12	things	6
subcortex_THA	28.037497112550245	14	things	06	12	things	6
cerebellum	31.80450752739259	88	things	06	13	things	1
cortex_Cont	40.97924454752979	128	things	06	13	things	1
cortex_Default	40.33565325924174	209	things	06	13	things	1
cortex_DorsAttn	43.394807935262264	122	things	06	13	things	1
cortex_Limbic	18.443196567817555	60	things	06	13	things	1
cortex_SalVentAttn	42.90702887791202	121	things	06	13	things	1
cortex_SomMot	42.298977887165044	194	things	06	13	things	1
cortex_Vis	33.797683524255845	162	things	06	13	things	1
subcortex_CAU	31.4732394766474	8	things	06	13	things	1
subcortex_PUT	30.65177618726092	8	things	06	13	things	1
subcortex_THA	29.622606628677968	14	things	06	13	things	1
cerebellum	32.319946136662026	88	things	06	13	things	2
cortex_Cont	41.47392557595958	128	things	06	13	things	2
cortex_Default	40.15393477137332	209	things	06	13	things	2
cortex_DorsAttn	45.31124967936855	122	things	06	13	things	2
cortex_Limbic	17.91353783823485	60	things	06	13	things	2
cortex_SalVentAttn	42.3908645794736	121	things	06	13	things	2
cortex_SomMot	41.96549877628851	194	things	06	13	things	2
cortex_Vis	35.78860523194914	162	things	06	13	things	2
subcortex_CAU	30.94575627289573	8	things	06	13	things	2
subcortex_PUT	30.46238986556138	8	things	06	13	things	2
subcortex_THA	29.672863223328722	14	things	06	13	things	2
cerebellum	35.91212896877755	88	things	06	13	things	3
cortex_Cont	46.03516186399287	128	things	06	13	things	3
cortex_Default	43.65527437376497	209	things	06	13	things	3
cortex_DorsAttn	50.54680830928859	122	things	06	13	things	3
cortex_Limbic	19.177387748863982	60	things	06	13	things	3
cortex_SalVentAttn	45.29580214047902	121	things	06	13	things	3
cortex_SomMot	47.58599895219025	194	things	06	13	things	3
cortex_Vis	37.8782316479851	162	things	06	13	things	3
subcortex_CAU	31.681635977341504	8	things	06	13	things	3
subcortex_PUT	30.51426218412215	8	things	06	13	things	3
subcortex_THA	29.792594747528454	14	things	06	13	things	3
cerebellum	30.13488132321936	88	things	06	13	things	4
cortex_Cont	40.186660232278705	128	things	06	13	things	4
cortex_Default	38.706848216076395	209	things	06	13	things	4
cortex_DorsAttn	43.30153262841776	122	things	06	13	things	4
cortex_Limbic	17.69401460581127	60	things	06	13	things	4
cortex_SalVentAttn	40.64746583578202	121	things	06	13	things	4
cortex_SomMot	40.53985621720109	194	things	06	13	things	4
cortex_Vis	32.48751627205199	162	things	06	13	things	4
subcortex_CAU	31.463264303428833	8	things	06	13	things	4
subcortex_PUT	30.21366431827472	8	things	06	13	things	4
subcortex_THA	29.28289487810613	14	things	06	13	things	4
cerebellum	35.348080854562404	88	things	06	13	things	5
cortex_Cont	42.97688582550834	128	things	06	13	things	5
cortex_Default	41.875180334627814	209	things	06	13	things	5
cortex_DorsAttn	47.97036887288983	122	things	06	13	things	5
cortex_Limbic	19.091859317368392	60	things	06	13	things	5
cortex_SalVentAttn	44.01386105368107	121	things	06	13	things	5
cortex_SomMot	45.92307370933277	194	things	06	13	things	5
cortex_Vis	36.32105328362152	162	things	06	13	things	5
subcortex_CAU	30.908261275075212	8	things	06	13	things	5
subcortex_PUT	30.39123601841625	8	things	06	13	things	5
subcortex_THA	29.54628625614236	14	things	06	13	things	5
cerebellum	26.874971075748935	88	things	06	13	things	6
cortex_Cont	35.10595497101541	128	things	06	13	things	6
cortex_Default	34.65685856432208	209	things	06	13	things	6
cortex_DorsAttn	38.063217923013795	122	things	06	13	things	6
cortex_Limbic	15.838298027476524	60	things	06	13	things	6
cortex_SalVentAttn	37.52842789873612	121	things	06	13	things	6
cortex_SomMot	36.38640954676189	194	things	06	13	things	6
cortex_Vis	28.8054301941321	162	things	06	13	things	6
subcortex_CAU	28.639610722196856	8	things	06	13	things	6
subcortex_PUT	28.57011089807164	8	things	06	13	things	6
subcortex_THA	27.99132428443576	14	things	06	13	things	6
cerebellum	36.007596316698745	88	things	06	14	things	1
cortex_Cont	45.352014818514384	128	things	06	14	things	1
cortex_Default	43.20597982720366	209	things	06	14	things	1
cortex_DorsAttn	47.88559586153236	122	things	06	14	things	1
cortex_Limbic	19.82555209242054	60	things	06	14	things	1
cortex_SalVentAttn	44.44390593083606	121	things	06	14	things	1
cortex_SomMot	44.88530375349864	194	things	06	14	things	1
cortex_Vis	37.57276118500818	162	things	06	14	things	1
subcortex_CAU	29.87483065898481	8	things	06	14	things	1
subcortex_PUT	30.116024966007625	8	things	06	14	things	1
subcortex_THA	29.422143339840023	14	things	06	14	things	1
cerebellum	36.418745832321584	88	things	06	14	things	2
cortex_Cont	45.70680967779769	128	things	06	14	things	2
cortex_Default	44.12183608199951	209	things	06	14	things	2
cortex_DorsAttn	49.03762666500828	122	things	06	14	things	2
cortex_Limbic	19.77776662477918	60	things	06	14	things	2
cortex_SalVentAttn	45.503452180037655	121	things	06	14	things	2
cortex_SomMot	45.58582567354498	194	things	06	14	things	2
cortex_Vis	37.94818620980484	162	things	06	14	things	2
subcortex_CAU	30.581791623309933	8	things	06	14	things	2
subcortex_PUT	30.389129028501102	8	things	06	14	things	2
subcortex_THA	29.41419030754143	14	things	06	14	things	2
cerebellum	34.41435901346592	88	things	06	14	things	3
cortex_Cont	40.56149292200883	128	things	06	14	things	3
cortex_Default	39.183095265061894	209	things	06	14	things	3
cortex_DorsAttn	44.97030583614256	122	things	06	14	things	3
cortex_Limbic	17.5761646293722	60	things	06	14	things	3
cortex_SalVentAttn	41.18217235915748	121	things	06	14	things	3
cortex_SomMot	40.532663784576116	194	things	06	14	things	3
cortex_Vis	35.27483372485016	162	things	06	14	things	3
subcortex_CAU	29.770538361016083	8	things	06	14	things	3
subcortex_PUT	29.904796586532605	8	things	06	14	things	3
subcortex_THA	29.181568539901864	14	things	06	14	things	3
cerebellum	31.97581915018701	88	things	06	14	things	4
cortex_Cont	37.87396088926719	128	things	06	14	things	4
cortex_Default	37.1840228088725	209	things	06	14	things	4
cortex_DorsAttn	42.25084475796268	122	things	06	14	things	4
cortex_Limbic	16.94116701297562	60	things	06	14	things	4
cortex_SalVentAttn	39.954129526327534	121	things	06	14	things	4
cortex_SomMot	39.60754585603716	194	things	06	14	things	4
cortex_Vis	33.191724010635134	162	things	06	14	things	4
subcortex_CAU	29.052362322240384	8	things	06	14	things	4
subcortex_PUT	29.680062878328147	8	things	06	14	things	4
subcortex_THA	29.047906437524055	14	things	06	14	things	4
cerebellum	34.22017826497943	88	things	06	14	things	5
cortex_Cont	42.92928905551599	128	things	06	14	things	5
cortex_Default	41.10640957573665	209	things	06	14	things	5
cortex_DorsAttn	45.92429487817396	122	things	06	14	things	5
cortex_Limbic	18.502689542061027	60	things	06	14	things	5
cortex_SalVentAttn	43.0933185524202	121	things	06	14	things	5
cortex_SomMot	43.17099143052943	194	things	06	14	things	5
cortex_Vis	36.499682171448356	162	things	06	14	things	5
subcortex_CAU	30.004011602214014	8	things	06	14	things	5
subcortex_PUT	29.692514005536054	8	things	06	14	things	5
subcortex_THA	29.13735447142117	14	things	06	14	things	5
cerebellum	27.970200765998445	88	things	06	14	things	6
cortex_Cont	35.69688226117577	128	things	06	14	things	6
cortex_Default	34.891223172437286	209	things	06	14	things	6
cortex_DorsAttn	37.85985487236152	122	things	06	14	things	6
cortex_Limbic	16.16366703548277	60	things	06	14	things	6
cortex_SalVentAttn	37.458350072603274	121	things	06	14	things	6
cortex_SomMot	35.90009871016919	194	things	06	14	things	6
cortex_Vis	29.368381302809965	162	things	06	14	things	6
subcortex_CAU	28.433901444412687	8	things	06	14	things	6
subcortex_PUT	29.067329385630547	8	things	06	14	things	6
subcortex_THA	27.86442891384296	14	things	06	14	things	6
cerebellum	36.88024679245031	88	things	06	15	things	1
cortex_Cont	46.57338413583091	128	things	06	15	things	1
cortex_Default	44.165470558289755	209	things	06	15	things	1
cortex_DorsAttn	51.349781503133755	122	things	06	15	things	1
cortex_Limbic	19.024744292628387	60	things	06	15	things	1
cortex_SalVentAttn	45.41788125374286	121	things	06	15	things	1
cortex_SomMot	47.961749323360074	194	things	06	15	things	1
cortex_Vis	39.46219866255956	162	things	06	15	things	1
subcortex_CAU	31.78198302287734	8	things	06	15	things	1
subcortex_PUT	30.67145386856725	8	things	06	15	things	1
subcortex_THA	29.437112436915577	14	things	06	15	things	1
cerebellum	31.61923502504097	88	things	06	15	things	2
cortex_Cont	42.09843414836146	128	things	06	15	things	2
cortex_Default	40.51190659111456	209	things	06	15	things	2
cortex_DorsAttn	45.48486637284023	122	things	06	15	things	2
cortex_Limbic	17.736756759572355	60	things	06	15	things	2
cortex_SalVentAttn	42.89984766242001	121	things	06	15	things	2
cortex_SomMot	43.65912430861328	194	things	06	15	things	2
cortex_Vis	34.426275050836665	162	things	06	15	things	2
subcortex_CAU	31.63481962668967	8	things	06	15	things	2
subcortex_PUT	30.01012493922702	8	things	06	15	things	2
subcortex_THA	29.022613737932506	14	things	06	15	things	2
cerebellum	30.072049888283228	88	things	06	15	things	3
cortex_Cont	36.580218679540096	128	things	06	15	things	3
cortex_Default	35.46488855104002	209	things	06	15	things	3
cortex_DorsAttn	40.500440980206285	122	things	06	15	things	3
cortex_Limbic	15.919571021094852	60	things	06	15	things	3
cortex_SalVentAttn	37.679306590163705	121	things	06	15	things	3
cortex_SomMot	36.77103653371005	194	things	06	15	things	3
cortex_Vis	32.78631357626217	162	things	06	15	things	3
subcortex_CAU	28.65245359660767	8	things	06	15	things	3
subcortex_PUT	28.892964393667334	8	things	06	15	things	3
subcortex_THA	27.726439199123465	14	things	06	15	things	3
cerebellum	25.722494002797745	88	things	06	15	things	4
cortex_Cont	33.345471924915415	128	things	06	15	things	4
cortex_Default	32.37318397962312	209	things	06	15	things	4
cortex_DorsAttn	36.24618280870647	122	things	06	15	things	4
cortex_Limbic	14.757934069394755	60	things	06	15	things	4
cortex_SalVentAttn	35.040278760980094	121	things	06	15	things	4
cortex_SomMot	34.060662782001785	194	things	06	15	things	4
cortex_Vis	27.50991985128235	162	things	06	15	things	4
subcortex_CAU	28.142510502412566	8	things	06	15	things	4
subcortex_PUT	27.91383665167421	8	things	06	15	things	4
subcortex_THA	26.874596695460507	14	things	06	15	things	4
cerebellum	26.81127594772118	88	things	06	15	things	5
cortex_Cont	35.150964101321485	128	things	06	15	things	5
cortex_Default	34.16203764996447	209	things	06	15	things	5
cortex_DorsAttn	37.908183485426626	122	things	06	15	things	5
cortex_Limbic	15.547034663098113	60	things	06	15	things	5
cortex_SalVentAttn	36.640191217779694	121	things	06	15	things	5
cortex_SomMot	34.98805019517079	194	things	06	15	things	5
cortex_Vis	29.58918325889382	162	things	06	15	things	5
subcortex_CAU	29.19367865264714	8	things	06	15	things	5
subcortex_PUT	28.943825077809468	8	things	06	15	things	5
subcortex_THA	28.081046445766823	14	things	06	15	things	5
cerebellum	25.90043910829071	88	things	06	15	things	6
cortex_Cont	32.73338420970874	128	things	06	15	things	6
cortex_Default	31.962721501679788	209	things	06	15	things	6
cortex_DorsAttn	36.62749397980653	122	things	06	15	things	6
cortex_Limbic	14.104897473997918	60	things	06	15	things	6
cortex_SalVentAttn	33.677321261642355	121	things	06	15	things	6
cortex_SomMot	32.146789463814386	194	things	06	15	things	6
cortex_Vis	29.238300629564048	162	things	06	15	things	6
subcortex_CAU	26.483660246099195	8	things	06	15	things	6
subcortex_PUT	27.196805820367356	8	things	06	15	things	6
subcortex_THA	26.172674336529717	14	things	06	15	things	6
cerebellum	35.58060163099223	88	things	06	16	things	1
cortex_Cont	44.15776868351364	128	things	06	16	things	1
cortex_Default	42.220659149315956	209	things	06	16	things	1
cortex_DorsAttn	48.3575410928629	122	things	06	16	things	1
cortex_Limbic	18.463835403499804	60	things	06	16	things	1
cortex_SalVentAttn	43.73142618790493	121	things	06	16	things	1
cortex_SomMot	45.39664177462137	194	things	06	16	things	1
cortex_Vis	37.54989530593543	162	things	06	16	things	1
subcortex_CAU	30.927068159908142	8	things	06	16	things	1
subcortex_PUT	30.321855309070425	8	things	06	16	things	1
subcortex_THA	29.38234117014199	14	things	06	16	things	1
cerebellum	31.644308910395765	88	things	06	16	things	2
cortex_Cont	41.058173594016154	128	things	06	16	things	2
cortex_Default	39.862621430424866	209	things	06	16	things	2
cortex_DorsAttn	44.55334461159827	122	things	06	16	things	2
cortex_Limbic	18.206850896027586	60	things	06	16	things	2
cortex_SalVentAttn	41.62777961332941	121	things	06	16	things	2
cortex_SomMot	41.92474528474818	194	things	06	16	things	2
cortex_Vis	34.02342882525263	162	things	06	16	things	2
subcortex_CAU	30.252719702291195	8	things	06	16	things	2
subcortex_PUT	29.398920564516892	8	things	06	16	things	2
subcortex_THA	28.79702347622821	14	things	06	16	things	2
cerebellum	28.48684459125368	88	things	06	16	things	3
cortex_Cont	35.38352908202743	128	things	06	16	things	3
cortex_Default	35.00771794894914	209	things	06	16	things	3
cortex_DorsAttn	38.11152653389002	122	things	06	16	things	3
cortex_Limbic	16.28178833540696	60	things	06	16	things	3
cortex_SalVentAttn	38.1981880192759	121	things	06	16	things	3
cortex_SomMot	36.901441365528484	194	things	06	16	things	3
cortex_Vis	29.626261979108037	162	things	06	16	things	3
subcortex_CAU	29.124193260359522	8	things	06	16	things	3
subcortex_PUT	29.12243406760036	8	things	06	16	things	3
subcortex_THA	28.571616423654593	14	things	06	16	things	3
cerebellum	29.781165204299313	88	things	06	16	things	4
cortex_Cont	37.819245842265914	128	things	06	16	things	4
cortex_Default	36.42089344876648	209	things	06	16	things	4
cortex_DorsAttn	41.69282888907839	122	things	06	16	things	4
cortex_Limbic	15.592659201199561	60	things	06	16	things	4
cortex_SalVentAttn	38.771535854444565	121	things	06	16	things	4
cortex_SomMot	38.68211790517383	194	things	06	16	things	4
cortex_Vis	31.80891569169245	162	things	06	16	things	4
subcortex_CAU	28.067948243139906	8	things	06	16	things	4
subcortex_PUT	28.46828470397115	8	things	06	16	things	4
subcortex_THA	27.961916481289855	14	things	06	16	things	4
cerebellum	30.348617731634928	88	things	06	16	things	5
cortex_Cont	36.30107597427301	128	things	06	16	things	5
cortex_Default	35.88883317216966	209	things	06	16	things	5
cortex_DorsAttn	40.28280657947678	122	things	06	16	things	5
cortex_Limbic	16.054611012792854	60	things	06	16	things	5
cortex_SalVentAttn	38.35958163388623	121	things	06	16	things	5
cortex_SomMot	37.35591961422464	194	things	06	16	things	5
cortex_Vis	31.7403793516498	162	things	06	16	things	5
subcortex_CAU	28.49211905146072	8	things	06	16	things	5
subcortex_PUT	29.009872385948256	8	things	06	16	things	5
subcortex_THA	28.415024214811602	14	things	06	16	things	5
cerebellum	31.286836935200697	88	things	06	16	things	6
cortex_Cont	38.15024647793202	128	things	06	16	things	6
cortex_Default	36.88319046200368	209	things	06	16	things	6
cortex_DorsAttn	41.374075660079626	122	things	06	16	things	6
cortex_Limbic	16.413963324102703	60	things	06	16	things	6
cortex_SalVentAttn	39.30736252235333	121	things	06	16	things	6
cortex_SomMot	38.43574123089806	194	things	06	16	things	6
cortex_Vis	32.199781072050236	162	things	06	16	things	6
subcortex_CAU	29.081365240615177	8	things	06	16	things	6
subcortex_PUT	29.068545591196898	8	things	06	16	things	6
subcortex_THA	28.50673109233289	14	things	06	16	things	6
cerebellum	33.040954458480854	88	things	06	17	things	1
cortex_Cont	41.76246713210675	128	things	06	17	things	1
cortex_Default	40.363006027419836	209	things	06	17	things	1
cortex_DorsAttn	45.53554239390113	122	things	06	17	things	1
cortex_Limbic	17.8198143648137	60	things	06	17	things	1
cortex_SalVentAttn	42.94578887776703	121	things	06	17	things	1
cortex_SomMot	44.37094279788913	194	things	06	17	things	1
cortex_Vis	35.14692837336329	162	things	06	17	things	1
subcortex_CAU	29.43467181328244	8	things	06	17	things	1
subcortex_PUT	29.225101495957805	8	things	06	17	things	1
subcortex_THA	28.877919137342413	14	things	06	17	things	1
cerebellum	31.467525310767083	88	things	06	17	things	2
cortex_Cont	37.900583542260364	128	things	06	17	things	2
cortex_Default	37.06973081205639	209	things	06	17	things	2
cortex_DorsAttn	40.52111818929121	122	things	06	17	things	2
cortex_Limbic	16.838907559564188	60	things	06	17	things	2
cortex_SalVentAttn	38.85889780043925	121	things	06	17	things	2
cortex_SomMot	37.475814139975576	194	things	06	17	things	2
cortex_Vis	33.262056544800025	162	things	06	17	things	2
subcortex_CAU	28.66956531102613	8	things	06	17	things	2
subcortex_PUT	28.565799313833168	8	things	06	17	things	2
subcortex_THA	27.870273214996644	14	things	06	17	things	2
cerebellum	28.269411871344115	88	things	06	17	things	3
cortex_Cont	37.94992001862057	128	things	06	17	things	3
cortex_Default	36.658297600182514	209	things	06	17	things	3
cortex_DorsAttn	41.97176569898816	122	things	06	17	things	3
cortex_Limbic	16.260876659612578	60	things	06	17	things	3
cortex_SalVentAttn	38.449740551750494	121	things	06	17	things	3
cortex_SomMot	38.7508747488811	194	things	06	17	things	3
cortex_Vis	32.04497964067076	162	things	06	17	things	3
subcortex_CAU	28.044849146716654	8	things	06	17	things	3
subcortex_PUT	28.241943950801975	8	things	06	17	things	3
subcortex_THA	27.119193130238187	14	things	06	17	things	3
cerebellum	25.786443651861717	88	things	06	17	things	4
cortex_Cont	32.867564712945196	128	things	06	17	things	4
cortex_Default	31.99604571043349	209	things	06	17	things	4
cortex_DorsAttn	34.455468716158414	122	things	06	17	things	4
cortex_Limbic	15.128583663827174	60	things	06	17	things	4
cortex_SalVentAttn	34.34416799189652	121	things	06	17	things	4
cortex_SomMot	32.632422383018614	194	things	06	17	things	4
cortex_Vis	27.93185792043099	162	things	06	17	things	4
subcortex_CAU	26.609623931825315	8	things	06	17	things	4
subcortex_PUT	27.231393598756032	8	things	06	17	things	4
subcortex_THA	26.233812004008367	14	things	06	17	things	4
cerebellum	28.052931555859253	88	things	06	17	things	5
cortex_Cont	33.454137666203	128	things	06	17	things	5
cortex_Default	33.2179884800283	209	things	06	17	things	5
cortex_DorsAttn	38.182688811124706	122	things	06	17	things	5
cortex_Limbic	14.911217247995967	60	things	06	17	things	5
cortex_SalVentAttn	34.92024911569468	121	things	06	17	things	5
cortex_SomMot	34.51637649334023	194	things	06	17	things	5
cortex_Vis	30.547330879052172	162	things	06	17	things	5
subcortex_CAU	26.297852189008857	8	things	06	17	things	5
subcortex_PUT	27.21193098300482	8	things	06	17	things	5
subcortex_THA	26.5924735283756	14	things	06	17	things	5
cerebellum	25.742796363863604	88	things	06	17	things	6
cortex_Cont	31.427495247575113	128	things	06	17	things	6
cortex_Default	31.44824635591549	209	things	06	17	things	6
cortex_DorsAttn	34.707184579589715	122	things	06	17	things	6
cortex_Limbic	13.819138023495752	60	things	06	17	things	6
cortex_SalVentAttn	33.80937798136709	121	things	06	17	things	6
cortex_SomMot	32.35169871628023	194	things	06	17	things	6
cortex_Vis	27.63216613059468	162	things	06	17	things	6
subcortex_CAU	25.945538734231963	8	things	06	17	things	6
subcortex_PUT	26.838144380487044	8	things	06	17	things	6
subcortex_THA	26.53897224010396	14	things	06	17	things	6
cerebellum	34.24435486911713	88	things	06	18	things	1
cortex_Cont	41.32479967964454	128	things	06	18	things	1
cortex_Default	39.755141194383036	209	things	06	18	things	1
cortex_DorsAttn	45.15457847074076	122	things	06	18	things	1
cortex_Limbic	17.82356086886218	60	things	06	18	things	1
cortex_SalVentAttn	41.14240628392655	121	things	06	18	things	1
cortex_SomMot	41.30512958244491	194	things	06	18	things	1
cortex_Vis	35.00780941179296	162	things	06	18	things	1
subcortex_CAU	30.490962843939588	8	things	06	18	things	1
subcortex_PUT	30.019307582866162	8	things	06	18	things	1
subcortex_THA	28.917254482637457	14	things	06	18	things	1
cerebellum	29.02964499479057	88	things	06	18	things	2
cortex_Cont	34.34565154863716	128	things	06	18	things	2
cortex_Default	33.68047619079949	209	things	06	18	things	2
cortex_DorsAttn	38.23784945265984	122	things	06	18	things	2
cortex_Limbic	15.05450576062503	60	things	06	18	things	2
cortex_SalVentAttn	35.68841734976193	121	things	06	18	things	2
cortex_SomMot	34.40660440314582	194	things	06	18	things	2
cortex_Vis	30.307173003551735	162	things	06	18	things	2
subcortex_CAU	28.092285799958375	8	things	06	18	things	2
subcortex_PUT	28.650732361959204	8	things	06	18	things	2
subcortex_THA	27.281192704000784	14	things	06	18	things	2
cerebellum	27.18188227908699	88	things	06	18	things	3
cortex_Cont	33.17401208246019	128	things	06	18	things	3
cortex_Default	32.73959943278834	209	things	06	18	things	3
cortex_DorsAttn	34.50847955848085	122	things	06	18	things	3
cortex_Limbic	14.698689378133341	60	things	06	18	things	3
cortex_SalVentAttn	34.246200699439335	121	things	06	18	things	3
cortex_SomMot	31.66240146992116	194	things	06	18	things	3
cortex_Vis	29.1384835898014	162	things	06	18	things	3
subcortex_CAU	28.31291559594412	8	things	06	18	things	3
subcortex_PUT	28.729565173134546	8	things	06	18	things	3
subcortex_THA	26.920319898800212	14	things	06	18	things	3
cerebellum	29.316369910467003	88	things	06	18	things	4
cortex_Cont	36.081389516728095	128	things	06	18	things	4
cortex_Default	35.13363590337774	209	things	06	18	things	4
cortex_DorsAttn	39.5623669760309	122	things	06	18	things	4
cortex_Limbic	15.284367496175568	60	things	06	18	things	4
cortex_SalVentAttn	36.91512896614192	121	things	06	18	things	4
cortex_SomMot	35.98819119554319	194	things	06	18	things	4
cortex_Vis	31.42934899467345	162	things	06	18	things	4
subcortex_CAU	28.01543245326488	8	things	06	18	things	4
subcortex_PUT	28.361485726023353	8	things	06	18	things	4
subcortex_THA	27.178836801776725	14	things	06	18	things	4
cerebellum	27.168544599104926	88	things	06	18	things	5
cortex_Cont	33.26849777691441	128	things	06	18	things	5
cortex_Default	32.298021186849326	209	things	06	18	things	5
cortex_DorsAttn	36.80475771390746	122	things	06	18	things	5
cortex_Limbic	13.797103930999336	60	things	06	18	things	5
cortex_SalVentAttn	34.30326489703778	121	things	06	18	things	5
cortex_SomMot	33.2999739200637	194	things	06	18	things	5
cortex_Vis	28.80719871937563	162	things	06	18	things	5
subcortex_CAU	26.8291340785181	8	things	06	18	things	5
subcortex_PUT	27.3953992613678	8	things	06	18	things	5
subcortex_THA	26.140778387332357	14	things	06	18	things	5
cerebellum	29.166467424663313	88	things	06	18	things	6
cortex_Cont	35.428359420194454	128	things	06	18	things	6
cortex_Default	34.43960221874774	209	things	06	18	things	6
cortex_DorsAttn	39.08882244469522	122	things	06	18	things	6
cortex_Limbic	14.332776369076504	60	things	06	18	things	6
cortex_SalVentAttn	36.55027000020371	121	things	06	18	things	6
cortex_SomMot	35.96773906417206	194	things	06	18	things	6
cortex_Vis	30.773198555973153	162	things	06	18	things	6
subcortex_CAU	27.772388813189146	8	things	06	18	things	6
subcortex_PUT	27.991886585063025	8	things	06	18	things	6
subcortex_THA	26.935282986276338	14	things	06	18	things	6
cerebellum	29.178693437932143	88	things	06	19	things	1
cortex_Cont	36.31263167808972	128	things	06	19	things	1
cortex_Default	35.89044248259096	209	things	06	19	things	1
cortex_DorsAttn	39.819379877231185	122	things	06	19	things	1
cortex_Limbic	15.955105967900453	60	things	06	19	things	1
cortex_SalVentAttn	38.282809934408036	121	things	06	19	things	1
cortex_SomMot	36.99850213035373	194	things	06	19	things	1
cortex_Vis	30.617998155584758	162	things	06	19	things	1
subcortex_CAU	29.630481619372866	8	things	06	19	things	1
subcortex_PUT	29.450981896410273	8	things	06	19	things	1
subcortex_THA	28.976795287269756	14	things	06	19	things	1
cerebellum	34.78206150514988	88	things	06	19	things	2
cortex_Cont	40.726229200748634	128	things	06	19	things	2
cortex_Default	39.435400870559654	209	things	06	19	things	2
cortex_DorsAttn	45.49453471475853	122	things	06	19	things	2
cortex_Limbic	17.27353870679422	60	things	06	19	things	2
cortex_SalVentAttn	41.11025416721566	121	things	06	19	things	2
cortex_SomMot	41.429074398666444	194	things	06	19	things	2
cortex_Vis	35.37383886866164	162	things	06	19	things	2
subcortex_CAU	31.81494500049179	8	things	06	19	things	2
subcortex_PUT	30.090599479534003	8	things	06	19	things	2
subcortex_THA	29.23176516580755	14	things	06	19	things	2
cerebellum	26.87544475230178	88	things	06	19	things	3
cortex_Cont	34.53524077975612	128	things	06	19	things	3
cortex_Default	34.13644988850757	209	things	06	19	things	3
cortex_DorsAttn	37.50914487147386	122	things	06	19	things	3
cortex_Limbic	15.521596532864233	60	things	06	19	things	3
cortex_SalVentAttn	36.91605732129076	121	things	06	19	things	3
cortex_SomMot	35.3934832010934	194	things	06	19	things	3
cortex_Vis	28.58368424446045	162	things	06	19	things	3
subcortex_CAU	28.627652686896866	8	things	06	19	things	3
subcortex_PUT	28.873772389939017	8	things	06	19	things	3
subcortex_THA	28.18982394719946	14	things	06	19	things	3
cerebellum	32.67059763262816	88	things	06	19	things	4
cortex_Cont	40.789728436527135	128	things	06	19	things	4
cortex_Default	39.28748775644159	209	things	06	19	things	4
cortex_DorsAttn	43.69754846793811	122	things	06	19	things	4
cortex_Limbic	17.465652865998305	60	things	06	19	things	4
cortex_SalVentAttn	40.681486402653725	121	things	06	19	things	4
cortex_SomMot	40.72480724418765	194	things	06	19	things	4
cortex_Vis	34.44279068267973	162	things	06	19	things	4
subcortex_CAU	29.46077494537763	8	things	06	19	things	4
subcortex_PUT	29.31986186840645	8	things	06	19	things	4
subcortex_THA	28.73502171588853	14	things	06	19	things	4
cerebellum	28.259616594399038	88	things	06	19	things	5
cortex_Cont	36.574573128674885	128	things	06	19	things	5
cortex_Default	35.414727685719114	209	things	06	19	things	5
cortex_DorsAttn	38.66019792340754	122	things	06	19	things	5
cortex_Limbic	16.00462093342993	60	things	06	19	things	5
cortex_SalVentAttn	39.01214913631334	121	things	06	19	things	5
cortex_SomMot	37.452418354811286	194	things	06	19	things	5
cortex_Vis	30.20238878149977	162	things	06	19	things	5
subcortex_CAU	29.272963839781806	8	things	06	19	things	5
subcortex_PUT	29.200505862225672	8	things	06	19	things	5
subcortex_THA	28.459628789089976	14	things	06	19	things	5
cerebellum	28.174174195883385	88	things	06	19	things	6
cortex_Cont	36.18659646329906	128	things	06	19	things	6
cortex_Default	34.98178660914775	209	things	06	19	things	6
cortex_DorsAttn	39.17259306008804	122	things	06	19	things	6
cortex_Limbic	15.940653671885096	60	things	06	19	things	6
cortex_SalVentAttn	37.14304651892086	121	things	06	19	things	6
cortex_SomMot	35.80090476064591	194	things	06	19	things	6
cortex_Vis	31.18420855722074	162	things	06	19	things	6
subcortex_CAU	28.841110819212805	8	things	06	19	things	6
subcortex_PUT	28.734172880315466	8	things	06	19	things	6
subcortex_THA	28.182839767109492	14	things	06	19	things	6
cerebellum	32.545129590483775	88	things	06	20	things	1
cortex_Cont	40.346236297971025	128	things	06	20	things	1
cortex_Default	39.3957480499279	209	things	06	20	things	1
cortex_DorsAttn	42.82466297270667	122	things	06	20	things	1
cortex_Limbic	17.997590325572368	60	things	06	20	things	1
cortex_SalVentAttn	40.88212780398781	121	things	06	20	things	1
cortex_SomMot	39.669860331616064	194	things	06	20	things	1
cortex_Vis	33.80783884310553	162	things	06	20	things	1
subcortex_CAU	30.23962620823353	8	things	06	20	things	1
subcortex_PUT	29.947070509005425	8	things	06	20	things	1
subcortex_THA	28.936114103384835	14	things	06	20	things	1
cerebellum	27.07344059943963	88	things	06	20	things	2
cortex_Cont	33.347624420485936	128	things	06	20	things	2
cortex_Default	33.20222174488987	209	things	06	20	things	2
cortex_DorsAttn	37.11630162132245	122	things	06	20	things	2
cortex_Limbic	14.321139369939669	60	things	06	20	things	2
cortex_SalVentAttn	35.31413445763831	121	things	06	20	things	2
cortex_SomMot	33.599058881247956	194	things	06	20	things	2
cortex_Vis	29.459893111293095	162	things	06	20	things	2
subcortex_CAU	26.945847367616594	8	things	06	20	things	2
subcortex_PUT	27.931853164797474	8	things	06	20	things	2
subcortex_THA	27.540241528925836	14	things	06	20	things	2
cerebellum	30.48168465837473	88	things	06	20	things	3
cortex_Cont	38.387122021488935	128	things	06	20	things	3
cortex_Default	37.254028294054386	209	things	06	20	things	3
cortex_DorsAttn	41.77662062337553	122	things	06	20	things	3
cortex_Limbic	16.671770827498396	60	things	06	20	things	3
cortex_SalVentAttn	39.496005664561395	121	things	06	20	things	3
cortex_SomMot	39.08735732172274	194	things	06	20	things	3
cortex_Vis	31.863710154811816	162	things	06	20	things	3
subcortex_CAU	29.57085406870551	8	things	06	20	things	3
subcortex_PUT	29.02076370957083	8	things	06	20	things	3
subcortex_THA	28.788081863987493	14	things	06	20	things	3
cerebellum	26.454815515162124	88	things	06	20	things	4
cortex_Cont	33.808578630048295	128	things	06	20	things	4
cortex_Default	32.90831295091121	209	things	06	20	things	4
cortex_DorsAttn	37.364672135821635	122	things	06	20	things	4
cortex_Limbic	14.496502306879535	60	things	06	20	things	4
cortex_SalVentAttn	35.21913455741461	121	things	06	20	things	4
cortex_SomMot	34.23741203853323	194	things	06	20	things	4
cortex_Vis	29.055214195447412	162	things	06	20	things	4
subcortex_CAU	28.180789724145598	8	things	06	20	things	4
subcortex_PUT	27.800699485823596	8	things	06	20	things	4
subcortex_THA	27.489227395025022	14	things	06	20	things	4
cerebellum	24.835686526594245	88	things	06	20	things	5
cortex_Cont	31.50406591621819	128	things	06	20	things	5
cortex_Default	31.029050103816928	209	things	06	20	things	5
cortex_DorsAttn	34.904201889577116	122	things	06	20	things	5
cortex_Limbic	13.88460683436025	60	things	06	20	things	5
cortex_SalVentAttn	33.27435405761235	121	things	06	20	things	5
cortex_SomMot	31.697312100089004	194	things	06	20	things	5
cortex_Vis	27.36468470286714	162	things	06	20	things	5
subcortex_CAU	26.02460570812818	8	things	06	20	things	5
subcortex_PUT	26.830512190188333	8	things	06	20	things	5
subcortex_THA	26.227378812842165	14	things	06	20	things	5
cerebellum	28.8422732827569	88	things	06	20	things	6
cortex_Cont	35.052649949323644	128	things	06	20	things	6
cortex_Default	34.59612232755139	209	things	06	20	things	6
cortex_DorsAttn	39.06321119301284	122	things	06	20	things	6
cortex_Limbic	15.868922021764098	60	things	06	20	things	6
cortex_SalVentAttn	35.70500492477033	121	things	06	20	things	6
cortex_SomMot	34.695288245521226	194	things	06	20	things	6
cortex_Vis	31.568877053085835	162	things	06	20	things	6
subcortex_CAU	28.213847156281666	8	things	06	20	things	6
subcortex_PUT	28.305013491735014	8	things	06	20	things	6
subcortex_THA	27.146319636216145	14	things	06	20	things	6
cerebellum	25.952173807836473	88	things	06	21	things	1
cortex_Cont	34.772628569724425	128	things	06	21	things	1
cortex_Default	33.6818088415662	209	things	06	21	things	1
cortex_DorsAttn	36.02399610293531	122	things	06	21	things	1
cortex_Limbic	15.969967352213791	60	things	06	21	things	1
cortex_SalVentAttn	37.05642485220182	121	things	06	21	things	1
cortex_SomMot	35.019610448166816	194	things	06	21	things	1
cortex_Vis	27.441330084554377	162	things	06	21	things	1
subcortex_CAU	28.409118468376413	8	things	06	21	things	1
subcortex_PUT	28.96368865162032	8	things	06	21	things	1
subcortex_THA	27.99823434378012	14	things	06	21	things	1
cerebellum	23.523950013938745	88	things	06	21	things	2
cortex_Cont	33.04872117905687	128	things	06	21	things	2
cortex_Default	32.16297670259872	209	things	06	21	things	2
cortex_DorsAttn	33.966980350447514	122	things	06	21	things	2
cortex_Limbic	14.371642986444742	60	things	06	21	things	2
cortex_SalVentAttn	35.314358801345605	121	things	06	21	things	2
cortex_SomMot	33.793790639432565	194	things	06	21	things	2
cortex_Vis	25.869820896627505	162	things	06	21	things	2
subcortex_CAU	28.37194944559445	8	things	06	21	things	2
subcortex_PUT	28.620624215198287	8	things	06	21	things	2
subcortex_THA	27.53990248546827	14	things	06	21	things	2
cerebellum	26.351838366227845	88	things	06	21	things	3
cortex_Cont	36.39297413066874	128	things	06	21	things	3
cortex_Default	35.17156026032212	209	things	06	21	things	3
cortex_DorsAttn	39.374708504747716	122	things	06	21	things	3
cortex_Limbic	15.207330285799133	60	things	06	21	things	3
cortex_SalVentAttn	38.0007452287507	121	things	06	21	things	3
cortex_SomMot	36.33156767159772	194	things	06	21	things	3
cortex_Vis	29.791626319201004	162	things	06	21	things	3
subcortex_CAU	29.21444550226711	8	things	06	21	things	3
subcortex_PUT	29.139198237341713	8	things	06	21	things	3
subcortex_THA	28.377366679836992	14	things	06	21	things	3
cerebellum	23.255042744796047	88	things	06	21	things	4
cortex_Cont	32.12579859880564	128	things	06	21	things	4
cortex_Default	30.40734916405889	209	things	06	21	things	4
cortex_DorsAttn	33.97002390412284	122	things	06	21	things	4
cortex_Limbic	13.675450778909267	60	things	06	21	things	4
cortex_SalVentAttn	33.76052340884049	121	things	06	21	things	4
cortex_SomMot	32.05042451386273	194	things	06	21	things	4
cortex_Vis	25.523203258967808	162	things	06	21	things	4
subcortex_CAU	26.2575146187715	8	things	06	21	things	4
subcortex_PUT	27.33964375143485	8	things	06	21	things	4
subcortex_THA	26.13021367621431	14	things	06	21	things	4
cerebellum	28.90044256300249	88	things	06	21	things	5
cortex_Cont	39.87748415808829	128	things	06	21	things	5
cortex_Default	37.83614769629047	209	things	06	21	things	5
cortex_DorsAttn	44.11582510586652	122	things	06	21	things	5
cortex_Limbic	16.24441740983032	60	things	06	21	things	5
cortex_SalVentAttn	40.180777077987806	121	things	06	21	things	5
cortex_SomMot	39.2760571574299	194	things	06	21	things	5
cortex_Vis	34.153358981289024	162	things	06	21	things	5
subcortex_CAU	28.94625195751976	8	things	06	21	things	5
subcortex_PUT	29.06017036009824	8	things	06	21	things	5
subcortex_THA	28.274217741153652	14	things	06	21	things	5
cerebellum	29.18624354941372	88	things	06	21	things	6
cortex_Cont	39.18081931105743	128	things	06	21	things	6
cortex_Default	37.415262843212595	209	things	06	21	things	6
cortex_DorsAttn	43.00374090943559	122	things	06	21	things	6
cortex_Limbic	15.764813718148815	60	things	06	21	things	6
cortex_SalVentAttn	39.47130205166598	121	things	06	21	things	6
cortex_SomMot	38.892735858285754	194	things	06	21	things	6
cortex_Vis	33.05863328239795	162	things	06	21	things	6
subcortex_CAU	29.063639800946838	8	things	06	21	things	6
subcortex_PUT	29.291760823732197	8	things	06	21	things	6
subcortex_THA	28.5128781115849	14	things	06	21	things	6
cerebellum	36.384612888551075	88	things	06	22	things	1
cortex_Cont	45.25855898154996	128	things	06	22	things	1
cortex_Default	43.21809803047527	209	things	06	22	things	1
cortex_DorsAttn	48.41057424643822	122	things	06	22	things	1
cortex_Limbic	19.659695107471308	60	things	06	22	things	1
cortex_SalVentAttn	44.79265281565522	121	things	06	22	things	1
cortex_SomMot	45.26114834888766	194	things	06	22	things	1
cortex_Vis	38.076005720167466	162	things	06	22	things	1
subcortex_CAU	31.57613978439931	8	things	06	22	things	1
subcortex_PUT	30.93852183360651	8	things	06	22	things	1
subcortex_THA	29.688150613388935	14	things	06	22	things	1
cerebellum	26.869121480017508	88	things	06	22	things	2
cortex_Cont	33.2113876557584	128	things	06	22	things	2
cortex_Default	32.714570501887096	209	things	06	22	things	2
cortex_DorsAttn	34.03515519597824	122	things	06	22	things	2
cortex_Limbic	15.032918400926869	60	things	06	22	things	2
cortex_SalVentAttn	34.04151555046232	121	things	06	22	things	2
cortex_SomMot	31.71288028231662	194	things	06	22	things	2
cortex_Vis	27.351787828756137	162	things	06	22	things	2
subcortex_CAU	27.288514242464764	8	things	06	22	things	2
subcortex_PUT	28.44148181129737	8	things	06	22	things	2
subcortex_THA	26.305112072718412	14	things	06	22	things	2
cerebellum	20.25058524388917	88	things	06	22	things	3
cortex_Cont	26.96173742979358	128	things	06	22	things	3
cortex_Default	25.868270921415853	209	things	06	22	things	3
cortex_DorsAttn	26.720619361579434	122	things	06	22	things	3
cortex_Limbic	12.00049239648302	60	things	06	22	things	3
cortex_SalVentAttn	27.468694162942633	121	things	06	22	things	3
cortex_SomMot	24.962550424789853	194	things	06	22	things	3
cortex_Vis	21.589442152515556	162	things	06	22	things	3
subcortex_CAU	24.51104107778361	8	things	06	22	things	3
subcortex_PUT	26.2332803493307	8	things	06	22	things	3
subcortex_THA	23.90094913429106	14	things	06	22	things	3
cerebellum	25.00898407247463	88	things	06	22	things	4
cortex_Cont	35.015559523312724	128	things	06	22	things	4
cortex_Default	33.282594941041886	209	things	06	22	things	4
cortex_DorsAttn	36.17866530197151	122	things	06	22	things	4
cortex_Limbic	15.610227753778592	60	things	06	22	things	4
cortex_SalVentAttn	35.9451249835164	121	things	06	22	things	4
cortex_SomMot	34.48222367808486	194	things	06	22	things	4
cortex_Vis	27.350740252549052	162	things	06	22	things	4
subcortex_CAU	30.058578165864304	8	things	06	22	things	4
subcortex_PUT	29.150484442572356	8	things	06	22	things	4
subcortex_THA	27.144986753371963	14	things	06	22	things	4
cerebellum	26.978497765473094	88	things	06	22	things	5
cortex_Cont	33.98791849893139	128	things	06	22	things	5
cortex_Default	32.52438784723224	209	things	06	22	things	5
cortex_DorsAttn	36.40539821852437	122	things	06	22	things	5
cortex_Limbic	14.950814883147252	60	things	06	22	things	5
cortex_SalVentAttn	34.62182389007985	121	things	06	22	things	5
cortex_SomMot	33.370836298941825	194	things	06	22	things	5
cortex_Vis	28.835924943751177	162	things	06	22	things	5
subcortex_CAU	27.37008442257037	8	things	06	22	things	5
subcortex_PUT	28.140363687378535	8	things	06	22	things	5
subcortex_THA	26.541237405617665	14	things	06	22	things	5
cerebellum	22.993715491561456	88	things	06	22	things	6
cortex_Cont	30.583117753189782	128	things	06	22	things	6
cortex_Default	29.287182171816422	209	things	06	22	things	6
cortex_DorsAttn	31.77419509533902	122	things	06	22	things	6
cortex_Limbic	13.750545988007977	60	things	06	22	things	6
cortex_SalVentAttn	31.71268178100435	121	things	06	22	things	6
cortex_SomMot	29.410929232711183	194	things	06	22	things	6
cortex_Vis	24.76266039976065	162	things	06	22	things	6
subcortex_CAU	25.781325010403247	8	things	06	22	things	6
subcortex_PUT	27.1717196816466	8	things	06	22	things	6
subcortex_THA	25.391219220887784	14	things	06	22	things	6
cerebellum	35.03435152862174	88	things	06	23	things	1
cortex_Cont	43.89430573375388	128	things	06	23	things	1
cortex_Default	42.43849896779082	209	things	06	23	things	1
cortex_DorsAttn	47.939976180373264	122	things	06	23	things	1
cortex_Limbic	19.027486159581837	60	things	06	23	things	1
cortex_SalVentAttn	44.6297514579813	121	things	06	23	things	1
cortex_SomMot	45.54437016799271	194	things	06	23	things	1
cortex_Vis	36.97642076177835	162	things	06	23	things	1
subcortex_CAU	32.08526106016894	8	things	06	23	things	1
subcortex_PUT	30.8275546674367	8	things	06	23	things	1
subcortex_THA	29.92554746119306	14	things	06	23	things	1
cerebellum	31.511918800783004	88	things	06	23	things	2
cortex_Cont	37.85346420515031	128	things	06	23	things	2
cortex_Default	37.113588138558406	209	things	06	23	things	2
cortex_DorsAttn	42.613714243245866	122	things	06	23	things	2
cortex_Limbic	16.316574198782238	60	things	06	23	things	2
cortex_SalVentAttn	38.77308805693671	121	things	06	23	things	2
cortex_SomMot	38.24184650465754	194	things	06	23	things	2
cortex_Vis	33.448522156434585	162	things	06	23	things	2
subcortex_CAU	30.762362995658204	8	things	06	23	things	2
subcortex_PUT	30.06559047878972	8	things	06	23	things	2
subcortex_THA	28.406044328515254	14	things	06	23	things	2
cerebellum	29.233745453511286	88	things	06	23	things	3
cortex_Cont	33.952552278493606	128	things	06	23	things	3
cortex_Default	34.0570600332535	209	things	06	23	things	3
cortex_DorsAttn	37.95072117401637	122	things	06	23	things	3
cortex_Limbic	15.11184582699286	60	things	06	23	things	3
cortex_SalVentAttn	35.80959058896052	121	things	06	23	things	3
cortex_SomMot	33.87717683215034	194	things	06	23	things	3
cortex_Vis	31.149777745906693	162	things	06	23	things	3
subcortex_CAU	29.053508544766178	8	things	06	23	things	3
subcortex_PUT	29.02936204007851	8	things	06	23	things	3
subcortex_THA	28.126829733405494	14	things	06	23	things	3
cerebellum	29.39191396612832	88	things	06	23	things	4
cortex_Cont	34.371849729315535	128	things	06	23	things	4
cortex_Default	34.27666369649231	209	things	06	23	things	4
cortex_DorsAttn	38.326535167149	122	things	06	23	things	4
cortex_Limbic	15.408756900590982	60	things	06	23	things	4
cortex_SalVentAttn	36.38013404243618	121	things	06	23	things	4
cortex_SomMot	34.39395063210126	194	things	06	23	things	4
cortex_Vis	31.553632303287785	162	things	06	23	things	4
subcortex_CAU	28.50460338263872	8	things	06	23	things	4
subcortex_PUT	28.71553395070237	8	things	06	23	things	4
subcortex_THA	28.09013744575891	14	things	06	23	things	4
cerebellum	26.605861669177695	88	things	06	23	things	5
cortex_Cont	33.668172362407425	128	things	06	23	things	5
cortex_Default	32.84823818004891	209	things	06	23	things	5
cortex_DorsAttn	35.641827472456356	122	things	06	23	things	5
cortex_Limbic	15.473121114840028	60	things	06	23	things	5
cortex_SalVentAttn	35.251407011385034	121	things	06	23	things	5
cortex_SomMot	33.4409837994112	194	things	06	23	things	5
cortex_Vis	27.90499007056612	162	things	06	23	things	5
subcortex_CAU	29.27046929311146	8	things	06	23	things	5
subcortex_PUT	28.93112536523923	8	things	06	23	things	5
subcortex_THA	27.210560640734418	14	things	06	23	things	5
cerebellum	28.045244373563694	88	things	06	23	things	6
cortex_Cont	34.88131839690641	128	things	06	23	things	6
cortex_Default	34.53108477465655	209	things	06	23	things	6
cortex_DorsAttn	38.361631989917086	122	things	06	23	things	6
cortex_Limbic	15.113144158661743	60	things	06	23	things	6
cortex_SalVentAttn	36.38334589477196	121	things	06	23	things	6
cortex_SomMot	34.663763040873725	194	things	06	23	things	6
cortex_Vis	30.031994243044558	162	things	06	23	things	6
subcortex_CAU	28.19314449759821	8	things	06	23	things	6
subcortex_PUT	28.538625430792255	8	things	06	23	things	6
subcortex_THA	27.531163282900007	14	things	06	23	things	6
cerebellum	32.73701120097713	88	things	06	24	things	1
cortex_Cont	42.03646030979601	128	things	06	24	things	1
cortex_Default	40.14632825653687	209	things	06	24	things	1
cortex_DorsAttn	44.62003341456215	122	things	06	24	things	1
cortex_Limbic	18.32920251136131	60	things	06	24	things	1
cortex_SalVentAttn	41.783495614238575	121	things	06	24	things	1
cortex_SomMot	42.50032167337952	194	things	06	24	things	1
cortex_Vis	34.39321176709554	162	things	06	24	things	1
subcortex_CAU	31.883237146050465	8	things	06	24	things	1
subcortex_PUT	30.404417068571735	8	things	06	24	things	1
subcortex_THA	29.72180075185622	14	things	06	24	things	1
cerebellum	35.42494849745808	88	things	06	24	things	2
cortex_Cont	45.97814503758737	128	things	06	24	things	2
cortex_Default	43.53412744620107	209	things	06	24	things	2
cortex_DorsAttn	49.36447913764421	122	things	06	24	things	2
cortex_Limbic	19.375626116697852	60	things	06	24	things	2
cortex_SalVentAttn	44.83317114683992	121	things	06	24	things	2
cortex_SomMot	46.37666979947322	194	things	06	24	things	2
cortex_Vis	37.444192532301045	162	things	06	24	things	2
subcortex_CAU	30.790287314217736	8	things	06	24	things	2
subcortex_PUT	30.467884083210095	8	things	06	24	things	2
subcortex_THA	29.345841869642378	14	things	06	24	things	2
cerebellum	36.53404551671762	88	things	06	24	things	3
cortex_Cont	45.87659783536367	128	things	06	24	things	3
cortex_Default	43.58242680777051	209	things	06	24	things	3
cortex_DorsAttn	50.06420802146076	122	things	06	24	things	3
cortex_Limbic	19.66049842375509	60	things	06	24	things	3
cortex_SalVentAttn	44.82630047596975	121	things	06	24	things	3
cortex_SomMot	47.00503299839677	194	things	06	24	things	3
cortex_Vis	38.12852284863084	162	things	06	24	things	3
subcortex_CAU	31.044906197488054	8	things	06	24	things	3
subcortex_PUT	30.562055160590397	8	things	06	24	things	3
subcortex_THA	29.452793869387108	14	things	06	24	things	3
cerebellum	36.884306913138836	88	things	06	24	things	4
cortex_Cont	46.06027409897929	128	things	06	24	things	4
cortex_Default	44.24163179887452	209	things	06	24	things	4
cortex_DorsAttn	49.51289254959007	122	things	06	24	things	4
cortex_Limbic	19.701981926374796	60	things	06	24	things	4
cortex_SalVentAttn	44.44371459152389	121	things	06	24	things	4
cortex_SomMot	45.948307638963584	194	things	06	24	things	4
cortex_Vis	38.85163111724081	162	things	06	24	things	4
subcortex_CAU	31.894061955533623	8	things	06	24	things	4
subcortex_PUT	30.592165902551226	8	things	06	24	things	4
subcortex_THA	29.415471766415557	14	things	06	24	things	4
cerebellum	32.77124103888924	88	things	06	24	things	5
cortex_Cont	41.02971359163385	128	things	06	24	things	5
cortex_Default	39.36517769790043	209	things	06	24	things	5
cortex_DorsAttn	45.28716447577487	122	things	06	24	things	5
cortex_Limbic	17.68354498028681	60	things	06	24	things	5
cortex_SalVentAttn	40.756689334101445	121	things	06	24	things	5
cortex_SomMot	41.38259005663009	194	things	06	24	things	5
cortex_Vis	34.63975511205082	162	things	06	24	things	5
subcortex_CAU	29.685197357968413	8	things	06	24	things	5
subcortex_PUT	29.468756552367914	8	things	06	24	things	5
subcortex_THA	28.430113080478087	14	things	06	24	things	5
cerebellum	28.161058267648777	88	things	06	24	things	6
cortex_Cont	35.018316543137	128	things	06	24	things	6
cortex_Default	34.996308965941516	209	things	06	24	things	6
cortex_DorsAttn	37.53183813336569	122	things	06	24	things	6
cortex_Limbic	15.760276868055497	60	things	06	24	things	6
cortex_SalVentAttn	36.582432408851744	121	things	06	24	things	6
cortex_SomMot	34.680601266208086	194	things	06	24	things	6
cortex_Vis	29.488770281706508	162	things	06	24	things	6
subcortex_CAU	28.05499564235764	8	things	06	24	things	6
subcortex_PUT	28.755366718898284	8	things	06	24	things	6
subcortex_THA	27.826968811874558	14	things	06	24	things	6
cerebellum	35.90402553671582	88	things	06	25	things	1
cortex_Cont	46.289556040869655	128	things	06	25	things	1
cortex_Default	44.155727549967494	209	things	06	25	things	1
cortex_DorsAttn	48.41396042076546	122	things	06	25	things	1
cortex_Limbic	20.026047714471993	60	things	06	25	things	1
cortex_SalVentAttn	45.16577816456196	121	things	06	25	things	1
cortex_SomMot	45.46858506881442	194	things	06	25	things	1
cortex_Vis	37.811737913465954	162	things	06	25	things	1
subcortex_CAU	31.716206431338318	8	things	06	25	things	1
subcortex_PUT	31.274600630188395	8	things	06	25	things	1
subcortex_THA	30.06351883179352	14	things	06	25	things	1
cerebellum	37.521761878067565	88	things	06	25	things	2
cortex_Cont	45.47834432662828	128	things	06	25	things	2
cortex_Default	43.642861694602075	209	things	06	25	things	2
cortex_DorsAttn	49.544834993453236	122	things	06	25	things	2
cortex_Limbic	19.381143801301494	60	things	06	25	things	2
cortex_SalVentAttn	45.2057396322762	121	things	06	25	things	2
cortex_SomMot	45.983357629652815	194	things	06	25	things	2
cortex_Vis	39.115992936586	162	things	06	25	things	2
subcortex_CAU	31.488939603216338	8	things	06	25	things	2
subcortex_PUT	30.945896606297268	8	things	06	25	things	2
subcortex_THA	29.73754474532218	14	things	06	25	things	2
cerebellum	33.70942193014924	88	things	06	25	things	3
cortex_Cont	41.50694001279302	128	things	06	25	things	3
cortex_Default	40.07563744633761	209	things	06	25	things	3
cortex_DorsAttn	44.85976196726912	122	things	06	25	things	3
cortex_Limbic	18.04159409089101	60	things	06	25	things	3
cortex_SalVentAttn	41.963322167488265	121	things	06	25	things	3
cortex_SomMot	40.97592400975642	194	things	06	25	things	3
cortex_Vis	35.47675280077104	162	things	06	25	things	3
subcortex_CAU	30.2815225107274	8	things	06	25	things	3
subcortex_PUT	29.988843008439503	8	things	06	25	things	3
subcortex_THA	29.208658760414554	14	things	06	25	things	3
cerebellum	31.03097514295317	88	things	06	25	things	4
cortex_Cont	38.634338681942175	128	things	06	25	things	4
cortex_Default	37.332368308554194	209	things	06	25	things	4
cortex_DorsAttn	40.76797562871983	122	things	06	25	things	4
cortex_Limbic	16.828283731784477	60	things	06	25	things	4
cortex_SalVentAttn	39.01985576021952	121	things	06	25	things	4
cortex_SomMot	37.50865469868509	194	things	06	25	things	4
cortex_Vis	32.32043935716468	162	things	06	25	things	4
subcortex_CAU	28.9769607485728	8	things	06	25	things	4
subcortex_PUT	29.316087672403256	8	things	06	25	things	4
subcortex_THA	28.150323053155194	14	things	06	25	things	4
cerebellum	30.210324376111064	88	things	06	25	things	5
cortex_Cont	37.48612585077898	128	things	06	25	things	5
cortex_Default	36.41730773821905	209	things	06	25	things	5
cortex_DorsAttn	40.435697669313676	122	things	06	25	things	5
cortex_Limbic	16.129050769401836	60	things	06	25	things	5
cortex_SalVentAttn	38.321898369034244	121	things	06	25	things	5
cortex_SomMot	37.211628784196385	194	things	06	25	things	5
cortex_Vis	32.097890779350315	162	things	06	25	things	5
subcortex_CAU	28.28147370427422	8	things	06	25	things	5
subcortex_PUT	29.13061641666788	8	things	06	25	things	5
subcortex_THA	27.84550369814216	14	things	06	25	things	5
cerebellum	25.826084758608452	88	things	06	25	things	6
cortex_Cont	33.38885175404795	128	things	06	25	things	6
cortex_Default	33.06643089803236	209	things	06	25	things	6
cortex_DorsAttn	35.406012990886325	122	things	06	25	things	6
cortex_Limbic	15.390526707016154	60	things	06	25	things	6
cortex_SalVentAttn	35.883864230414346	121	things	06	25	things	6
cortex_SomMot	33.87572313374077	194	things	06	25	things	6
cortex_Vis	27.65280430297644	162	things	06	25	things	6
subcortex_CAU	28.04193528869995	8	things	06	25	things	6
subcortex_PUT	28.873687245784247	8	things	06	25	things	6
subcortex_THA	27.45079301282164	14	things	06	25	things	6
cerebellum	34.87321146452467	88	things	06	26	things	1
cortex_Cont	43.954179200417194	128	things	06	26	things	1
cortex_Default	42.199368148138056	209	things	06	26	things	1
cortex_DorsAttn	46.190389065318364	122	things	06	26	things	1
cortex_Limbic	19.352245955768566	60	things	06	26	things	1
cortex_SalVentAttn	43.46722608200673	121	things	06	26	things	1
cortex_SomMot	43.19004468873359	194	things	06	26	things	1
cortex_Vis	36.290431192030724	162	things	06	26	things	1
subcortex_CAU	30.17123361371318	8	things	06	26	things	1
subcortex_PUT	29.780283338758117	8	things	06	26	things	1
subcortex_THA	28.9207151094643	14	things	06	26	things	1
cerebellum	32.65273464307696	88	things	06	26	things	2
cortex_Cont	38.05784472966342	128	things	06	26	things	2
cortex_Default	37.700330051171036	209	things	06	26	things	2
cortex_DorsAttn	42.886731793634944	122	things	06	26	things	2
cortex_Limbic	17.443060791971	60	things	06	26	things	2
cortex_SalVentAttn	39.43222488108235	121	things	06	26	things	2
cortex_SomMot	38.78248728221632	194	things	06	26	things	2
cortex_Vis	35.162805038160904	162	things	06	26	things	2
subcortex_CAU	28.790510838190876	8	things	06	26	things	2
subcortex_PUT	28.904579411667513	8	things	06	26	things	2
subcortex_THA	28.324456346845608	14	things	06	26	things	2
cerebellum	24.741636460225937	88	things	06	26	things	3
cortex_Cont	31.895245502063176	128	things	06	26	things	3
cortex_Default	30.76377758873466	209	things	06	26	things	3
cortex_DorsAttn	33.23295934153194	122	things	06	26	things	3
cortex_Limbic	14.590016566608401	60	things	06	26	things	3
cortex_SalVentAttn	33.91999223356737	121	things	06	26	things	3
cortex_SomMot	31.489574034137412	194	things	06	26	things	3
cortex_Vis	26.314440913667347	162	things	06	26	things	3
subcortex_CAU	26.668755128621928	8	things	06	26	things	3
subcortex_PUT	27.602842767271717	8	things	06	26	things	3
subcortex_THA	26.130345102023888	14	things	06	26	things	3
cerebellum	26.02096244268514	88	things	06	26	things	4
cortex_Cont	30.739939667667667	128	things	06	26	things	4
cortex_Default	30.041328588452267	209	things	06	26	things	4
cortex_DorsAttn	33.63325814595465	122	things	06	26	things	4
cortex_Limbic	13.258612669928956	60	things	06	26	things	4
cortex_SalVentAttn	31.88193228305249	121	things	06	26	things	4
cortex_SomMot	30.4257705441709	194	things	06	26	things	4
cortex_Vis	27.694575503475914	162	things	06	26	things	4
subcortex_CAU	24.113068223034826	8	things	06	26	things	4
subcortex_PUT	26.56492688253931	8	things	06	26	things	4
subcortex_THA	24.96832667814836	14	things	06	26	things	4
cerebellum	25.16488172138207	88	things	06	26	things	5
cortex_Cont	31.991641884403947	128	things	06	26	things	5
cortex_Default	30.70138352296479	209	things	06	26	things	5
cortex_DorsAttn	34.05090483962806	122	things	06	26	things	5
cortex_Limbic	13.908296000488384	60	things	06	26	things	5
cortex_SalVentAttn	33.11111317738773	121	things	06	26	things	5
cortex_SomMot	31.895940438387736	194	things	06	26	things	5
cortex_Vis	26.444004939017148	162	things	06	26	things	5
subcortex_CAU	25.486318865558378	8	things	06	26	things	5
subcortex_PUT	26.710217344822713	8	things	06	26	things	5
subcortex_THA	25.267399561499836	14	things	06	26	things	5
cerebellum	24.77527064360196	88	things	06	26	things	6
cortex_Cont	30.82152962593654	128	things	06	26	things	6
cortex_Default	30.323878531961277	209	things	06	26	things	6
cortex_DorsAttn	33.54040949272988	122	things	06	26	things	6
cortex_Limbic	13.311558813869032	60	things	06	26	things	6
cortex_SalVentAttn	32.46887683755938	121	things	06	26	things	6
cortex_SomMot	30.91760146306729	194	things	06	26	things	6
cortex_Vis	26.926842187432563	162	things	06	26	things	6
subcortex_CAU	25.672832451114452	8	things	06	26	things	6
subcortex_PUT	26.746307617140644	8	things	06	26	things	6
subcortex_THA	25.763921567859818	14	things	06	26	things	6
cerebellum	36.34191903738582	88	things	06	27	things	1
cortex_Cont	45.72994791581022	128	things	06	27	things	1
cortex_Default	43.63212086161644	209	things	06	27	things	1
cortex_DorsAttn	48.32990969787575	122	things	06	27	things	1
cortex_Limbic	19.367602155361382	60	things	06	27	things	1
cortex_SalVentAttn	44.92433625728714	121	things	06	27	things	1
cortex_SomMot	45.708803084236926	194	things	06	27	things	1
cortex_Vis	37.359633941142356	162	things	06	27	things	1
subcortex_CAU	30.874301808819066	8	things	06	27	things	1
subcortex_PUT	30.15457209320657	8	things	06	27	things	1
subcortex_THA	29.430062613082157	14	things	06	27	things	1
cerebellum	35.29288907842758	88	things	06	27	things	2
cortex_Cont	42.88392567606695	128	things	06	27	things	2
cortex_Default	41.76433397382128	209	things	06	27	things	2
cortex_DorsAttn	45.38852462796056	122	things	06	27	things	2
cortex_Limbic	19.137898074651044	60	things	06	27	things	2
cortex_SalVentAttn	43.2981201455488	121	things	06	27	things	2
cortex_SomMot	42.51944071304992	194	things	06	27	things	2
cortex_Vis	36.34486816743989	162	things	06	27	things	2
subcortex_CAU	32.16018646549831	8	things	06	27	things	2
subcortex_PUT	30.52772129041069	8	things	06	27	things	2
subcortex_THA	30.063937307471218	14	things	06	27	things	2
cerebellum	29.559295016193367	88	things	06	27	things	3
cortex_Cont	36.13870613803339	128	things	06	27	things	3
cortex_Default	36.09140681471556	209	things	06	27	things	3
cortex_DorsAttn	39.80944423116467	122	things	06	27	things	3
cortex_Limbic	16.353021895822025	60	things	06	27	things	3
cortex_SalVentAttn	37.90244125050257	121	things	06	27	things	3
cortex_SomMot	35.78554569043511	194	things	06	27	things	3
cortex_Vis	32.13759392261813	162	things	06	27	things	3
subcortex_CAU	29.75574457692359	8	things	06	27	things	3
subcortex_PUT	29.160481852663104	8	things	06	27	things	3
subcortex_THA	28.825013402329283	14	things	06	27	things	3
cerebellum	32.11483460325967	88	things	06	27	things	4
cortex_Cont	38.977407491024856	128	things	06	27	things	4
cortex_Default	37.8630698583646	209	things	06	27	things	4
cortex_DorsAttn	43.37582498645541	122	things	06	27	things	4
cortex_Limbic	16.931515738075813	60	things	06	27	things	4
cortex_SalVentAttn	39.50786025011885	121	things	06	27	things	4
cortex_SomMot	39.43084327346471	194	things	06	27	things	4
cortex_Vis	34.22623666193913	162	things	06	27	things	4
subcortex_CAU	30.26696341066833	8	things	06	27	things	4
subcortex_PUT	29.23453486252134	8	things	06	27	things	4
subcortex_THA	28.79423565265092	14	things	06	27	things	4
cerebellum	29.38225772501321	88	things	06	27	things	5
cortex_Cont	35.20379737336283	128	things	06	27	things	5
cortex_Default	34.9466478021756	209	things	06	27	things	5
cortex_DorsAttn	37.63080663684837	122	things	06	27	things	5
cortex_Limbic	16.08618022794648	60	things	06	27	things	5
cortex_SalVentAttn	35.936815429587895	121	things	06	27	things	5
cortex_SomMot	34.20411808331154	194	things	06	27	things	5
cortex_Vis	31.797287837265905	162	things	06	27	things	5
subcortex_CAU	29.40116313767932	8	things	06	27	things	5
subcortex_PUT	29.15845287166489	8	things	06	27	things	5
subcortex_THA	28.08200979367612	14	things	06	27	things	5
cerebellum	29.305728533167493	88	things	06	27	things	6
cortex_Cont	32.65221664081069	128	things	06	27	things	6
cortex_Default	32.301425240233264	209	things	06	27	things	6
cortex_DorsAttn	36.33710433578942	122	things	06	27	things	6
cortex_Limbic	14.378113214964824	60	things	06	27	things	6
cortex_SalVentAttn	34.08289549847077	121	things	06	27	things	6
cortex_SomMot	32.722662330449005	194	things	06	27	things	6
cortex_Vis	30.22711146170948	162	things	06	27	things	6
subcortex_CAU	25.78773697105342	8	things	06	27	things	6
subcortex_PUT	27.23540579465753	8	things	06	27	things	6
subcortex_THA	26.35637819042358	14	things	06	27	things	6
cerebellum	34.03810932426246	88	things	06	28	things	1
cortex_Cont	41.01832577459333	128	things	06	28	things	1
cortex_Default	40.33933358263607	209	things	06	28	things	1
cortex_DorsAttn	43.61760404126716	122	things	06	28	things	1
cortex_Limbic	19.284162225732548	60	things	06	28	things	1
cortex_SalVentAttn	41.53008891931067	121	things	06	28	things	1
cortex_SomMot	40.71168573692602	194	things	06	28	things	1
cortex_Vis	34.93691813383132	162	things	06	28	things	1
subcortex_CAU	30.249869969237388	8	things	06	28	things	1
subcortex_PUT	30.039334890715025	8	things	06	28	things	1
subcortex_THA	29.578061972602114	14	things	06	28	things	1
cerebellum	29.712618299217603	88	things	06	28	things	2
cortex_Cont	36.919776754332005	128	things	06	28	things	2
cortex_Default	36.10208167659867	209	things	06	28	things	2
cortex_DorsAttn	38.74740703398863	122	things	06	28	things	2
cortex_Limbic	17.036352039647298	60	things	06	28	things	2
cortex_SalVentAttn	38.70747186067171	121	things	06	28	things	2
cortex_SomMot	36.65075119671925	194	things	06	28	things	2
cortex_Vis	30.845501817022	162	things	06	28	things	2
subcortex_CAU	29.214973269406766	8	things	06	28	things	2
subcortex_PUT	29.471571666235917	8	things	06	28	things	2
subcortex_THA	28.34667083087429	14	things	06	28	things	2
cerebellum	27.0631922320109	88	things	06	28	things	3
cortex_Cont	35.23815492964257	128	things	06	28	things	3
cortex_Default	34.15939126112405	209	things	06	28	things	3
cortex_DorsAttn	37.17303233745842	122	things	06	28	things	3
cortex_Limbic	16.033687096410965	60	things	06	28	things	3
cortex_SalVentAttn	37.28274105986691	121	things	06	28	things	3
cortex_SomMot	35.26107421748833	194	things	06	28	things	3
cortex_Vis	28.412068118753627	162	things	06	28	things	3
subcortex_CAU	29.340050554567497	8	things	06	28	things	3
subcortex_PUT	28.950382434523767	8	things	06	28	things	3
subcortex_THA	27.70137466786088	14	things	06	28	things	3
cerebellum	26.105639989748287	88	things	06	28	things	4
cortex_Cont	32.552600912536896	128	things	06	28	things	4
cortex_Default	32.38069030125158	209	things	06	28	things	4
cortex_DorsAttn	35.48223717560166	122	things	06	28	things	4
cortex_Limbic	14.627047208238883	60	things	06	28	things	4
cortex_SalVentAttn	35.24578627883883	121	things	06	28	things	4
cortex_SomMot	33.577894330286796	194	things	06	28	things	4
cortex_Vis	27.563215394516906	162	things	06	28	things	4
subcortex_CAU	26.827271345523723	8	things	06	28	things	4
subcortex_PUT	28.007525259299673	8	things	06	28	things	4
subcortex_THA	27.16532774133149	14	things	06	28	things	4
cerebellum	30.855859737135038	88	things	06	28	things	5
cortex_Cont	35.921834415480085	128	things	06	28	things	5
cortex_Default	35.4670922234983	209	things	06	28	things	5
cortex_DorsAttn	39.62019627798084	122	things	06	28	things	5
cortex_Limbic	16.770764829473386	60	things	06	28	things	5
cortex_SalVentAttn	37.998977588137514	121	things	06	28	things	5
cortex_SomMot	36.046789387797595	194	things	06	28	things	5
cortex_Vis	32.46959131683167	162	things	06	28	things	5
subcortex_CAU	28.32088164644845	8	things	06	28	things	5
subcortex_PUT	28.85458214688429	8	things	06	28	things	5
subcortex_THA	28.12205985696824	14	things	06	28	things	5
cerebellum	28.798152191894896	88	things	06	28	things	6
cortex_Cont	34.22244468684505	128	things	06	28	things	6
cortex_Default	33.78097871263858	209	things	06	28	things	6
cortex_DorsAttn	37.71497319023914	122	things	06	28	things	6
cortex_Limbic	15.34009617828359	60	things	06	28	things	6
cortex_SalVentAttn	35.51560937140639	121	things	06	28	things	6
cortex_SomMot	34.791864504545536	194	things	06	28	things	6
cortex_Vis	30.4505513345711	162	things	06	28	things	6
subcortex_CAU	28.637325301149005	8	things	06	28	things	6
subcortex_PUT	28.3810866516473	8	things	06	28	things	6
subcortex_THA	27.169820602145844	14	things	06	28	things	6
cerebellum	35.79638231930307	88	things	06	29	things	1
cortex_Cont	45.6579036571512	128	things	06	29	things	1
cortex_Default	43.804358871269066	209	things	06	29	things	1
cortex_DorsAttn	48.98859224837063	122	things	06	29	things	1
cortex_Limbic	19.587449748740333	60	things	06	29	things	1
cortex_SalVentAttn	43.68784019304873	121	things	06	29	things	1
cortex_SomMot	44.9054396908451	194	things	06	29	things	1
cortex_Vis	38.17883298979289	162	things	06	29	things	1
subcortex_CAU	32.3030253795966	8	things	06	29	things	1
subcortex_PUT	31.397904391432295	8	things	06	29	things	1
subcortex_THA	30.580293220338174	14	things	06	29	things	1
cerebellum	35.66907158923809	88	things	06	29	things	2
cortex_Cont	43.94285092767392	128	things	06	29	things	2
cortex_Default	42.69202423428432	209	things	06	29	things	2
cortex_DorsAttn	47.32463415388446	122	things	06	29	things	2
cortex_Limbic	19.374361276187706	60	things	06	29	things	2
cortex_SalVentAttn	43.399241375513135	121	things	06	29	things	2
cortex_SomMot	43.08849378621962	194	things	06	29	things	2
cortex_Vis	37.74727773283101	162	things	06	29	things	2
subcortex_CAU	31.096706297592615	8	things	06	29	things	2
subcortex_PUT	30.93163035648198	8	things	06	29	things	2
subcortex_THA	30.119377258614044	14	things	06	29	things	2
cerebellum	25.98827130637658	88	things	06	29	things	3
cortex_Cont	35.08211475311628	128	things	06	29	things	3
cortex_Default	33.98128573928382	209	things	06	29	things	3
cortex_DorsAttn	37.05067040729181	122	things	06	29	things	3
cortex_Limbic	15.881640261044293	60	things	06	29	things	3
cortex_SalVentAttn	36.644403437623495	121	things	06	29	things	3
cortex_SomMot	34.99381677976939	194	things	06	29	things	3
cortex_Vis	28.150079936600743	162	things	06	29	things	3
subcortex_CAU	28.919311140125142	8	things	06	29	things	3
subcortex_PUT	29.361884934121797	8	things	06	29	things	3
subcortex_THA	27.950123934056894	14	things	06	29	things	3
cerebellum	30.52621985245471	88	things	06	29	things	4
cortex_Cont	39.120336050317746	128	things	06	29	things	4
cortex_Default	37.282163502629345	209	things	06	29	things	4
cortex_DorsAttn	42.78532116339849	122	things	06	29	things	4
cortex_Limbic	16.260767178449704	60	things	06	29	things	4
cortex_SalVentAttn	38.65733770757367	121	things	06	29	things	4
cortex_SomMot	38.27459227532211	194	things	06	29	things	4
cortex_Vis	33.40678658814067	162	things	06	29	things	4
subcortex_CAU	28.093687185366406	8	things	06	29	things	4
subcortex_PUT	29.11129697542117	8	things	06	29	things	4
subcortex_THA	28.28824210420741	14	things	06	29	things	4
cerebellum	29.30234301070271	88	things	06	29	things	5
cortex_Cont	37.02780552833842	128	things	06	29	things	5
cortex_Default	36.46017306481793	209	things	06	29	things	5
cortex_DorsAttn	39.612977680959474	122	things	06	29	things	5
cortex_Limbic	16.573769506264664	60	things	06	29	things	5
cortex_SalVentAttn	38.92120237714226	121	things	06	29	things	5
cortex_SomMot	37.14377187685377	194	things	06	29	things	5
cortex_Vis	30.29357885235719	162	things	06	29	things	5
subcortex_CAU	29.623963469090143	8	things	06	29	things	5
subcortex_PUT	29.747865003078598	8	things	06	29	things	5
subcortex_THA	28.523013135293475	14	things	06	29	things	5
cerebellum	31.682677436347387	88	things	06	29	things	6
cortex_Cont	38.66419725332964	128	things	06	29	things	6
cortex_Default	37.48103932188385	209	things	06	29	things	6
cortex_DorsAttn	43.000602866232455	122	things	06	29	things	6
cortex_Limbic	16.689719711846934	60	things	06	29	things	6
cortex_SalVentAttn	39.0717591038527	121	things	06	29	things	6
cortex_SomMot	38.725361567345	194	things	06	29	things	6
cortex_Vis	33.64236813807155	162	things	06	29	things	6
subcortex_CAU	28.407260115990553	8	things	06	29	things	6
subcortex_PUT	29.27272246289443	8	things	06	29	things	6
subcortex_THA	28.314561012284347	14	things	06	29	things	6
cerebellum	30.74609717118947	88	things	06	30	things	1
cortex_Cont	38.71525298100949	128	things	06	30	things	1
cortex_Default	37.54406937634535	209	things	06	30	things	1
cortex_DorsAttn	41.86874383457284	122	things	06	30	things	1
cortex_Limbic	17.507149584022173	60	things	06	30	things	1
cortex_SalVentAttn	38.66229407619402	121	things	06	30	things	1
cortex_SomMot	38.20030346064997	194	things	06	30	things	1
cortex_Vis	33.698280262922594	162	things	06	30	things	1
subcortex_CAU	28.492631262744133	8	things	06	30	things	1
subcortex_PUT	28.93938271389734	8	things	06	30	things	1
subcortex_THA	28.011869950436726	14	things	06	30	things	1
cerebellum	37.12435754501815	88	things	06	30	things	2
cortex_Cont	43.67364567490517	128	things	06	30	things	2
cortex_Default	41.931650083796384	209	things	06	30	things	2
cortex_DorsAttn	48.43509775680768	122	things	06	30	things	2
cortex_Limbic	19.164389439220226	60	things	06	30	things	2
cortex_SalVentAttn	43.42257376045643	121	things	06	30	things	2
cortex_SomMot	43.806775966006974	194	things	06	30	things	2
cortex_Vis	39.22606819454934	162	things	06	30	things	2
subcortex_CAU	29.174593014922944	8	things	06	30	things	2
subcortex_PUT	29.689397563319574	8	things	06	30	things	2
subcortex_THA	28.58486038485324	14	things	06	30	things	2
cerebellum	29.537499613270334	88	things	06	30	things	3
cortex_Cont	38.15319924171579	128	things	06	30	things	3
cortex_Default	37.163816828989084	209	things	06	30	things	3
cortex_DorsAttn	41.80431080316727	122	things	06	30	things	3
cortex_Limbic	16.857245211325665	60	things	06	30	things	3
cortex_SalVentAttn	39.19489562290828	121	things	06	30	things	3
cortex_SomMot	38.60753458551541	194	things	06	30	things	3
cortex_Vis	32.44691776248877	162	things	06	30	things	3
subcortex_CAU	29.512297250282785	8	things	06	30	things	3
subcortex_PUT	29.396539708953334	8	things	06	30	things	3
subcortex_THA	28.720928429535096	14	things	06	30	things	3
cerebellum	29.796726897144353	88	things	06	30	things	4
cortex_Cont	40.350900902628396	128	things	06	30	things	4
cortex_Default	38.33568988444831	209	things	06	30	things	4
cortex_DorsAttn	43.60725085868807	122	things	06	30	things	4
cortex_Limbic	17.717129762198322	60	things	06	30	things	4
cortex_SalVentAttn	40.488543572304984	121	things	06	30	things	4
cortex_SomMot	40.71077591023003	194	things	06	30	things	4
cortex_Vis	33.33378982004362	162	things	06	30	things	4
subcortex_CAU	31.809207664450906	8	things	06	30	things	4
subcortex_PUT	30.25665387682787	8	things	06	30	things	4
subcortex_THA	28.95303761848567	14	things	06	30	things	4
cerebellum	30.415018858329518	88	things	06	30	things	5
cortex_Cont	36.45052721907377	128	things	06	30	things	5
cortex_Default	35.93792530827382	209	things	06	30	things	5
cortex_DorsAttn	41.30380586867683	122	things	06	30	things	5
cortex_Limbic	16.075602129611354	60	things	06	30	things	5
cortex_SalVentAttn	37.41845631621067	121	things	06	30	things	5
cortex_SomMot	37.606813932128205	194	things	06	30	things	5
cortex_Vis	32.819077450032175	162	things	06	30	things	5
subcortex_CAU	28.828590618735127	8	things	06	30	things	5
subcortex_PUT	28.908398666084754	8	things	06	30	things	5
subcortex_THA	28.134888346961183	14	things	06	30	things	5
cerebellum	29.305922289894685	88	things	06	30	things	6
cortex_Cont	36.10874542543144	128	things	06	30	things	6
cortex_Default	35.6283492955533	209	things	06	30	things	6
cortex_DorsAttn	39.67193890486739	122	things	06	30	things	6
cortex_Limbic	16.087736127785995	60	things	06	30	things	6
cortex_SalVentAttn	37.397473811938355	121	things	06	30	things	6
cortex_SomMot	36.779586327820056	194	things	06	30	things	6
cortex_Vis	30.821539240297636	162	things	06	30	things	6
subcortex_CAU	27.38016682551919	8	things	06	30	things	6
subcortex_PUT	28.186412216689142	8	things	06	30	things	6
subcortex_THA	27.805073390986657	14	things	06	30	things	6
cerebellum	33.69276942459959	88	things	06	31	things	1
cortex_Cont	40.79891770621763	128	things	06	31	things	1
cortex_Default	38.958712137661365	209	things	06	31	things	1
cortex_DorsAttn	44.5757728398615	122	things	06	31	things	1
cortex_Limbic	18.28461986221416	60	things	06	31	things	1
cortex_SalVentAttn	40.382471811649026	121	things	06	31	things	1
cortex_SomMot	39.898693229922955	194	things	06	31	things	1
cortex_Vis	36.082884817145114	162	things	06	31	things	1
subcortex_CAU	28.82332821504442	8	things	06	31	things	1
subcortex_PUT	29.442796156764743	8	things	06	31	things	1
subcortex_THA	28.54723778709027	14	things	06	31	things	1
cerebellum	38.67227772476907	88	things	06	31	things	2
cortex_Cont	45.347096037116835	128	things	06	31	things	2
cortex_Default	43.369802573720015	209	things	06	31	things	2
cortex_DorsAttn	50.6984279553321	122	things	06	31	things	2
cortex_Limbic	19.36995196441682	60	things	06	31	things	2
cortex_SalVentAttn	44.618611417192895	121	things	06	31	things	2
cortex_SomMot	46.563682041395	194	things	06	31	things	2
cortex_Vis	40.167362262903126	162	things	06	31	things	2
subcortex_CAU	29.210369081886327	8	things	06	31	things	2
subcortex_PUT	30.196690327452703	8	things	06	31	things	2
subcortex_THA	29.218355867263035	14	things	06	31	things	2
cerebellum	31.605230737356678	88	things	06	31	things	3
cortex_Cont	38.97013568661796	128	things	06	31	things	3
cortex_Default	37.62445328962058	209	things	06	31	things	3
cortex_DorsAttn	43.6715366283442	122	things	06	31	things	3
cortex_Limbic	16.72519355669674	60	things	06	31	things	3
cortex_SalVentAttn	39.23372980571086	121	things	06	31	things	3
cortex_SomMot	39.64252248769626	194	things	06	31	things	3
cortex_Vis	33.86188659115087	162	things	06	31	things	3
subcortex_CAU	28.380689901184475	8	things	06	31	things	3
subcortex_PUT	28.922348398444598	8	things	06	31	things	3
subcortex_THA	28.177087478194544	14	things	06	31	things	3
cerebellum	31.72919489039517	88	things	06	31	things	4
cortex_Cont	40.17232079782877	128	things	06	31	things	4
cortex_Default	38.311510207525025	209	things	06	31	things	4
cortex_DorsAttn	43.2970138035436	122	things	06	31	things	4
cortex_Limbic	17.108777046239183	60	things	06	31	things	4
cortex_SalVentAttn	39.95433995689124	121	things	06	31	things	4
cortex_SomMot	40.09977078974369	194	things	06	31	things	4
cortex_Vis	32.9715676485732	162	things	06	31	things	4
subcortex_CAU	28.785920763604782	8	things	06	31	things	4
subcortex_PUT	29.5682967491831	8	things	06	31	things	4
subcortex_THA	28.450413574220367	14	things	06	31	things	4
cerebellum	33.75737489581027	88	things	06	31	things	5
cortex_Cont	42.02631470715294	128	things	06	31	things	5
cortex_Default	40.06189619735871	209	things	06	31	things	5
cortex_DorsAttn	46.68371095363333	122	things	06	31	things	5
cortex_Limbic	17.88917935298997	60	things	06	31	things	5
cortex_SalVentAttn	42.067531492233854	121	things	06	31	things	5
cortex_SomMot	42.673446935163504	194	things	06	31	things	5
cortex_Vis	36.17034693656727	162	things	06	31	things	5
subcortex_CAU	29.85310079747594	8	things	06	31	things	5
subcortex_PUT	30.18677300216135	8	things	06	31	things	5
subcortex_THA	28.924888846768166	14	things	06	31	things	5
cerebellum	31.379943518383286	88	things	06	31	things	6
cortex_Cont	36.86760054785858	128	things	06	31	things	6
cortex_Default	36.66581422015026	209	things	06	31	things	6
cortex_DorsAttn	41.35229484311115	122	things	06	31	things	6
cortex_Limbic	17.38059083719363	60	things	06	31	things	6
cortex_SalVentAttn	37.8894056365512	121	things	06	31	things	6
cortex_SomMot	36.82935271446916	194	things	06	31	things	6
cortex_Vis	33.197974511797824	162	things	06	31	things	6
subcortex_CAU	27.783057324268327	8	things	06	31	things	6
subcortex_PUT	29.010249891067716	8	things	06	31	things	6
subcortex_THA	27.71901086512076	14	things	06	31	things	6
cerebellum	29.542875658934577	88	things	06	32	things	1
cortex_Cont	36.88381904402536	128	things	06	32	things	1
cortex_Default	36.37404999756806	209	things	06	32	things	1
cortex_DorsAttn	41.12335376595386	122	things	06	32	things	1
cortex_Limbic	17.288393815216878	60	things	06	32	things	1
cortex_SalVentAttn	37.86288948468851	121	things	06	32	things	1
cortex_SomMot	36.48205970622633	194	things	06	32	things	1
cortex_Vis	33.33669397951271	162	things	06	32	things	1
subcortex_CAU	29.468403757973434	8	things	06	32	things	1
subcortex_PUT	29.856797925604134	8	things	06	32	things	1
subcortex_THA	29.312265849384264	14	things	06	32	things	1
cerebellum	33.553410433560934	88	things	06	32	things	2
cortex_Cont	42.43682969566011	128	things	06	32	things	2
cortex_Default	41.16318544664408	209	things	06	32	things	2
cortex_DorsAttn	45.16375905224495	122	things	06	32	things	2
cortex_Limbic	19.797301025002803	60	things	06	32	things	2
cortex_SalVentAttn	43.02598303598455	121	things	06	32	things	2
cortex_SomMot	42.011450470846995	194	things	06	32	things	2
cortex_Vis	35.96474696758982	162	things	06	32	things	2
subcortex_CAU	30.915410914871128	8	things	06	32	things	2
subcortex_PUT	30.407796405332764	8	things	06	32	things	2
subcortex_THA	29.60107801525734	14	things	06	32	things	2
cerebellum	32.16231866531127	88	things	06	32	things	3
cortex_Cont	43.05796735809814	128	things	06	32	things	3
cortex_Default	41.39462690782649	209	things	06	32	things	3
cortex_DorsAttn	45.80014184668238	122	things	06	32	things	3
cortex_Limbic	19.572084191751802	60	things	06	32	things	3
cortex_SalVentAttn	43.165183979252035	121	things	06	32	things	3
cortex_SomMot	42.86018468664227	194	things	06	32	things	3
cortex_Vis	34.80156238982734	162	things	06	32	things	3
subcortex_CAU	30.84895781699011	8	things	06	32	things	3
subcortex_PUT	30.834813260005557	8	things	06	32	things	3
subcortex_THA	29.572058105395406	14	things	06	32	things	3
cerebellum	31.83744950816307	88	things	06	32	things	4
cortex_Cont	38.089762258049795	128	things	06	32	things	4
cortex_Default	37.61389405354299	209	things	06	32	things	4
cortex_DorsAttn	42.79609122895277	122	things	06	32	things	4
cortex_Limbic	17.869401031477665	60	things	06	32	things	4
cortex_SalVentAttn	39.12749032647824	121	things	06	32	things	4
cortex_SomMot	38.13197507228568	194	things	06	32	things	4
cortex_Vis	34.77705449238043	162	things	06	32	things	4
subcortex_CAU	28.974266535177144	8	things	06	32	things	4
subcortex_PUT	29.85451937144755	8	things	06	32	things	4
subcortex_THA	29.272583341348785	14	things	06	32	things	4
cerebellum	27.37611270611781	88	things	06	32	things	5
cortex_Cont	34.80056955289715	128	things	06	32	things	5
cortex_Default	33.83079365590607	209	things	06	32	things	5
cortex_DorsAttn	37.52845801833837	122	things	06	32	things	5
cortex_Limbic	15.505060607186829	60	things	06	32	things	5
cortex_SalVentAttn	36.80433491124058	121	things	06	32	things	5
cortex_SomMot	34.90257244448823	194	things	06	32	things	5
cortex_Vis	29.707511912005806	162	things	06	32	things	5
subcortex_CAU	27.349678885310915	8	things	06	32	things	5
subcortex_PUT	28.580764912675235	8	things	06	32	things	5
subcortex_THA	28.057899346355253	14	things	06	32	things	5
cerebellum	36.20100202774351	88	things	06	32	things	6
cortex_Cont	44.395849340596115	128	things	06	32	things	6
cortex_Default	42.49934710328029	209	things	06	32	things	6
cortex_DorsAttn	47.65854952921084	122	things	06	32	things	6
cortex_Limbic	19.568091927225016	60	things	06	32	things	6
cortex_SalVentAttn	43.24216737143848	121	things	06	32	things	6
cortex_SomMot	42.53227118836962	194	things	06	32	things	6
cortex_Vis	38.24180895628707	162	things	06	32	things	6
subcortex_CAU	30.5611958949722	8	things	06	32	things	6
subcortex_PUT	30.864594512429935	8	things	06	32	things	6
subcortex_THA	29.525731764386983	14	things	06	32	things	6
cerebellum	35.08219305832875	88	things	06	33	things	1
cortex_Cont	43.76660622995454	128	things	06	33	things	1
cortex_Default	42.4676188280454	209	things	06	33	things	1
cortex_DorsAttn	47.040668041736936	122	things	06	33	things	1
cortex_Limbic	19.800406663352586	60	things	06	33	things	1
cortex_SalVentAttn	43.66381134650669	121	things	06	33	things	1
cortex_SomMot	43.103462430981274	194	things	06	33	things	1
cortex_Vis	36.32397762058383	162	things	06	33	things	1
subcortex_CAU	31.503339882545696	8	things	06	33	things	1
subcortex_PUT	30.87299825348265	8	things	06	33	things	1
subcortex_THA	29.65704951730414	14	things	06	33	things	1
cerebellum	31.498613643113607	88	things	06	33	things	2
cortex_Cont	38.12095098477908	128	things	06	33	things	2
cortex_Default	36.9219437488414	209	things	06	33	things	2
cortex_DorsAttn	42.265782754353474	122	things	06	33	things	2
cortex_Limbic	16.276360847673647	60	things	06	33	things	2
cortex_SalVentAttn	39.014002235311686	121	things	06	33	things	2
cortex_SomMot	38.637678458992106	194	things	06	33	things	2
cortex_Vis	32.691930783957886	162	things	06	33	things	2
subcortex_CAU	27.954252244491066	8	things	06	33	things	2
subcortex_PUT	28.81300642645589	8	things	06	33	things	2
subcortex_THA	27.7022108806464	14	things	06	33	things	2
cerebellum	30.851399272809854	88	things	06	33	things	3
cortex_Cont	34.583665797261446	128	things	06	33	things	3
cortex_Default	34.236957792855364	209	things	06	33	things	3
cortex_DorsAttn	40.031870895231286	122	things	06	33	things	3
cortex_Limbic	15.427780199880223	60	things	06	33	things	3
cortex_SalVentAttn	35.85105767215474	121	things	06	33	things	3
cortex_SomMot	36.05218189723941	194	things	06	33	things	3
cortex_Vis	31.52519500008449	162	things	06	33	things	3
subcortex_CAU	27.063872405602844	8	things	06	33	things	3
subcortex_PUT	28.048928259100713	8	things	06	33	things	3
subcortex_THA	27.543736374064	14	things	06	33	things	3
cerebellum	26.458885573744418	88	things	06	33	things	4
cortex_Cont	32.751825886626065	128	things	06	33	things	4
cortex_Default	32.05860421656926	209	things	06	33	things	4
cortex_DorsAttn	35.3296632602946	122	things	06	33	things	4
cortex_Limbic	14.982579093921917	60	things	06	33	things	4
cortex_SalVentAttn	34.54359963275334	121	things	06	33	things	4
cortex_SomMot	32.68291464041322	194	things	06	33	things	4
cortex_Vis	27.489588295231123	162	things	06	33	things	4
subcortex_CAU	27.43561927340174	8	things	06	33	things	4
subcortex_PUT	28.458930249356115	8	things	06	33	things	4
subcortex_THA	27.43619414475523	14	things	06	33	things	4
cerebellum	27.162718494667207	88	things	06	33	things	5
cortex_Cont	32.842931719787	128	things	06	33	things	5
cortex_Default	32.25871373834977	209	things	06	33	things	5
cortex_DorsAttn	35.52138401039339	122	things	06	33	things	5
cortex_Limbic	14.905434527547373	60	things	06	33	things	5
cortex_SalVentAttn	33.90299884934492	121	things	06	33	things	5
cortex_SomMot	32.11713997933692	194	things	06	33	things	5
cortex_Vis	28.910694501686404	162	things	06	33	things	5
subcortex_CAU	26.057280812962766	8	things	06	33	things	5
subcortex_PUT	27.821643953767726	8	things	06	33	things	5
subcortex_THA	26.217712356178186	14	things	06	33	things	5
cerebellum	30.985977552438236	88	things	06	33	things	6
cortex_Cont	38.87556342766312	128	things	06	33	things	6
cortex_Default	37.36040519486476	209	things	06	33	things	6
cortex_DorsAttn	41.17173844341996	122	things	06	33	things	6
cortex_Limbic	16.648214145283877	60	things	06	33	things	6
cortex_SalVentAttn	38.93358913433893	121	things	06	33	things	6
cortex_SomMot	38.5806076943683	194	things	06	33	things	6
cortex_Vis	31.697781155286947	162	things	06	33	things	6
subcortex_CAU	27.79081504857847	8	things	06	33	things	6
subcortex_PUT	28.659922724003547	8	things	06	33	things	6
subcortex_THA	27.289540027742	14	things	06	33	things	6
